Time Step,Simulation,0,2,4,6,8,10,12,14,16,18,20,22
0,0.7352184677839315,0.7352184677839315,0.7352184677839315,0.7252184677839315,0.7152184677839315,0.7152184677839315,0.7152184677839315,0.6952184677839315,0.7052184677839315,0.7052184677839315,0.7252184677839315,0.7352184677839315,0.7352184677839315
1,0.9301394183626238,0.9401394183626238,0.9501394183626238,0.9501394183626238,0.9601394183626238,0.9601394183626238,0.9701394183626239,0.9701394183626239,0.9651394183626238,0.9551394183626238,0.9651394183626238,0.9651394183626238,0.9551394183626238
2,0.8484640239066085,0.8384640239066085,0.8384640239066085,0.8384640239066085,0.8384640239066085,0.8384640239066085,0.8184640239066084,0.8084640239066084,0.8134640239066084,0.8234640239066084,0.8434640239066085,0.8334640239066085,0.8434640239066085
3,0.9112678797689968,0.9212678797689968,0.9112678797689968,0.9112678797689968,0.9112678797689968,0.9012678797689968,0.9212678797689968,0.9312678797689968,0.9062678797689968,0.9062678797689968,0.9062678797689968,0.9062678797689968,0.9062678797689968
4,0.7740237280234863,0.7740237280234863,0.7840237280234863,0.7840237280234863,0.8040237280234863,0.8040237280234863,0.8040237280234863,0.8140237280234863,0.8090237280234863,0.8090237280234863,0.8090237280234863,0.7990237280234863,0.7990237280234863
5,0.7707495847586067,0.7407495847586066,0.7557495847586067,0.7557495847586067,0.7557495847586067,0.7557495847586067,0.7357495847586066,0.7357495847586066,0.7457495847586066,0.7857495847586067,0.7957495847586067,0.7957495847586067,0.7757495847586067
6,0.8147995986503195,0.8147995986503195,0.8347995986503195,0.8347995986503195,0.8347995986503195,0.8447995986503195,0.8297995986503195,0.8297995986503195,0.8297995986503195,0.7997995986503195,0.7997995986503195,0.7997995986503195,0.7797995986503194
7,0.5716507245704219,0.5616507245704219,0.5516507245704219,0.5616507245704219,0.5516507245704219,0.5616507245704219,0.5616507245704219,0.5616507245704219,0.5616507245704219,0.5616507245704219,0.5416507245704218,0.5716507245704219,0.5616507245704219
8,0.8016710682538613,0.8016710682538613,0.8216710682538613,0.8116710682538613,0.8216710682538613,0.8416710682538613,0.8416710682538613,0.8366710682538613,0.8266710682538613,0.8266710682538613,0.8366710682538613,0.8366710682538613,0.8266710682538613
9,0.8840891749939679,0.8740891749939679,0.8540891749939679,0.8540891749939679,0.8440891749939679,0.8540891749939679,0.8540891749939679,0.8640891749939679,0.8640891749939679,0.8540891749939679,0.8740891749939679,0.9040891749939679,0.9040891749939679
10,0.8881388561648556,0.8981388561648556,0.8881388561648556,0.8981388561648556,0.9081388561648556,0.9181388561648556,0.9081388561648556,0.8881388561648556,0.8581388561648555,0.8681388561648555,0.8581388561648555,0.8581388561648555,0.8481388561648555
11,0.6756578594149577,0.6856578594149577,0.6856578594149577,0.7156578594149577,0.7156578594149577,0.7106578594149577,0.7006578594149577,0.7006578594149577,0.7006578594149577,0.7006578594149577,0.7006578594149577,0.6806578594149577,0.6806578594149577
12,0.9721477197139866,0.9821477197139866,0.9821477197139866,0.9821477197139866,0.9721477197139866,0.9721477197139866,0.9721477197139866,0.9821477197139866,0.9621477197139866,0.9521477197139866,0.9521477197139866,0.9721477197139866,0.9721477197139866
13,0.9896435214034172,0.9796435214034172,0.9696435214034171,0.9696435214034171,0.9796435214034172,0.9696435214034171,0.9696435214034171,0.9696435214034171,0.9696435214034171,0.9696435214034171,0.9896435214034172,0.9796435214034172,0.9796435214034172
14,0.7361636890134976,0.7361636890134976,0.7361636890134976,0.7161636890134976,0.7261636890134976,0.7361636890134976,0.7461636890134976,0.7361636890134976,0.7361636890134976,0.7061636890134976,0.7061636890134976,0.7061636890134976,0.7161636890134976
15,0.9050173143761608,0.9050173143761608,0.9050173143761608,0.8750173143761608,0.8750173143761608,0.8750173143761608,0.8950173143761608,0.8950173143761608,0.9050173143761608,0.9350173143761609,0.9350173143761609,0.9350173143761609,0.9350173143761609
16,0.9431874006237626,0.9731874006237626,0.9731874006237626,0.9731874006237626,0.9831874006237626,0.9831874006237626,0.9831874006237626,0.9731874006237626,0.9631874006237626,0.9831874006237626,0.9631874006237626,0.9631874006237626,0.9631874006237626
17,0.6492865521990244,0.6692865521990244,0.6692865521990244,0.6792865521990245,0.6892865521990245,0.6792865521990245,0.6592865521990244,0.6792865521990245,0.6692865521990244,0.6692865521990244,0.6692865521990244,0.6792865521990245,0.6792865521990245
18,0.9391782359296547,0.9391782359296547,0.9391782359296547,0.9491782359296547,0.9391782359296547,0.9191782359296546,0.9191782359296546,0.9191782359296546,0.8991782359296546,0.9091782359296546,0.9241782359296546,0.9041782359296546,0.9041782359296546
19,0.7026386057323633,0.7126386057323633,0.7226386057323633,0.7226386057323633,0.7226386057323633,0.7226386057323633,0.7126386057323633,0.7026386057323633,0.7026386057323633,0.6926386057323632,0.6826386057323632,0.6626386057323632,0.6926386057323632
20,0.9825005179913319,0.9825005179913319,0.9725005179913319,0.9725005179913319,0.9725005179913319,0.9725005179913319,0.9825005179913319,0.9825005179913319,0.9725005179913319,0.9725005179913319,0.9925005179913319,0.9825005179913319,0.9825005179913319
21,0.912287055089223,0.912287055089223,0.922287055089223,0.902287055089223,0.902287055089223,0.882287055089223,0.882287055089223,0.872287055089223,0.882287055089223,0.882287055089223,0.872287055089223,0.877287055089223,0.887287055089223
22,0.9639149369639682,0.9739149369639682,0.9639149369639682,0.9639149369639682,0.9539149369639682,0.9539149369639682,0.9639149369639682,0.9539149369639682,0.9639149369639682,0.9439149369639682,0.9439149369639682,0.9439149369639682,0.9339149369639682
23,0.8764249690753161,0.8764249690753161,0.8764249690753161,0.8664249690753161,0.8564249690753161,0.8564249690753161,0.8564249690753161,0.8464249690753161,0.8464249690753161,0.836424969075316,0.836424969075316,0.836424969075316,0.836424969075316
24,0.8881857729228194,0.8881857729228194,0.8881857729228194,0.8881857729228194,0.8981857729228194,0.9081857729228194,0.9081857729228194,0.8981857729228194,0.9081857729228194,0.9081857729228194,0.9081857729228194,0.8981857729228194,0.8881857729228194
25,0.8119309648302712,0.8119309648302712,0.8119309648302712,0.8119309648302712,0.8119309648302712,0.8219309648302712,0.8219309648302712,0.8219309648302712,0.8019309648302712,0.8019309648302712,0.7919309648302711,0.7919309648302711,0.8019309648302712
26,0.6501666615940751,0.6501666615940751,0.6501666615940751,0.6501666615940751,0.6601666615940751,0.6501666615940751,0.6501666615940751,0.6501666615940751,0.6501666615940751,0.6501666615940751,0.6301666615940751,0.6301666615940751,0.6201666615940751
27,0.5750949219482409,0.5750949219482409,0.5750949219482409,0.5750949219482409,0.5750949219482409,0.5750949219482409,0.5850949219482409,0.5850949219482409,0.5950949219482409,0.6150949219482409,0.6150949219482409,0.6150949219482409,0.6100949219482409
28,0.6118464387163912,0.6118464387163912,0.6118464387163912,0.6118464387163912,0.5918464387163912,0.6018464387163912,0.6368464387163912,0.6168464387163912,0.6168464387163912,0.6268464387163912,0.6468464387163912,0.6368464387163912,0.6368464387163912
29,0.701735650794518,0.7217356507945181,0.7217356507945181,0.7217356507945181,0.701735650794518,0.7117356507945181,0.7117356507945181,0.7317356507945181,0.7117356507945181,0.7117356507945181,0.7217356507945181,0.7217356507945181,0.701735650794518
30,0.9743372867180193,0.9343372867180193,0.9443372867180193,0.9443372867180193,0.9443372867180193,0.9343372867180193,0.9343372867180193,0.9393372867180193,0.9493372867180193,0.9493372867180193,0.9493372867180193,0.9593372867180193,0.9593372867180193
31,0.8036193521274508,0.8136193521274508,0.8036193521274508,0.8036193521274508,0.8336193521274509,0.8336193521274509,0.8336193521274509,0.8036193521274508,0.8136193521274508,0.8136193521274508,0.8036193521274508,0.8036193521274508,0.7836193521274508
32,0.745058174198087,0.755058174198087,0.755058174198087,0.765058174198087,0.765058174198087,0.765058174198087,0.765058174198087,0.755058174198087,0.755058174198087,0.755058174198087,0.755058174198087,0.755058174198087,0.765058174198087
33,0.7176368420966721,0.7176368420966721,0.7176368420966721,0.7276368420966721,0.7276368420966721,0.7276368420966721,0.7176368420966721,0.7176368420966721,0.7076368420966721,0.6776368420966721,0.6776368420966721,0.6876368420966721,0.6876368420966721
34,0.7582130054652862,0.7482130054652862,0.7682130054652863,0.7482130054652862,0.7682130054652863,0.7782130054652863,0.7882130054652863,0.7982130054652863,0.7882130054652863,0.7882130054652863,0.7882130054652863,0.7582130054652862,0.7582130054652862
35,0.8300186499028965,0.8300186499028965,0.8300186499028965,0.8100186499028965,0.7900186499028965,0.7900186499028965,0.8000186499028965,0.7900186499028965,0.7950186499028965,0.7950186499028965,0.7950186499028965,0.7950186499028965,0.8050186499028965
36,0.8293873825256782,0.8093873825256782,0.8093873825256782,0.8093873825256782,0.8093873825256782,0.7993873825256782,0.8143873825256782,0.8143873825256782,0.8343873825256782,0.8343873825256782,0.8543873825256783,0.8543873825256783,0.8543873825256783
37,0.9062730585366321,0.8862730585366321,0.8962730585366321,0.9062730585366321,0.9162730585366321,0.9162730585366321,0.9162730585366321,0.9162730585366321,0.9162730585366321,0.8962730585366321,0.9062730585366321,0.9162730585366321,0.9262730585366321
38,1.0,1.0,1.0,1.0,1.0,1.0,0.985,0.985,0.985,0.995,0.995,0.985,0.995
39,0.7754393527564304,0.7454393527564304,0.7854393527564304,0.7854393527564304,0.7854393527564304,0.7954393527564304,0.7954393527564304,0.8054393527564304,0.8054393527564304,0.8054393527564304,0.7954393527564304,0.7954393527564304,0.8054393527564304
40,0.5643203258681048,0.5443203258681047,0.5343203258681047,0.5343203258681047,0.5443203258681047,0.5343203258681047,0.5343203258681047,0.5243203258681047,0.5243203258681047,0.5243203258681047,0.5293203258681047,0.5393203258681047,0.5293203258681047
41,0.7918008916490912,0.7718008916490912,0.7618008916490911,0.7618008916490911,0.7618008916490911,0.7618008916490911,0.7718008916490912,0.7718008916490912,0.7968008916490912,0.7568008916490911,0.7668008916490912,0.7868008916490912,0.7768008916490912
42,0.6748859091056988,0.6748859091056988,0.6648859091056988,0.6748859091056988,0.6748859091056988,0.6648859091056988,0.6548859091056988,0.6648859091056988,0.6848859091056988,0.6648859091056988,0.6648859091056988,0.6648859091056988,0.6648859091056988
43,0.7408209031981955,0.7308209031981955,0.7408209031981955,0.7508209031981955,0.7408209031981955,0.7508209031981955,0.7508209031981955,0.7408209031981955,0.7308209031981955,0.7308209031981955,0.7608209031981955,0.7508209031981955,0.7508209031981955
44,0.7397728292406847,0.7397728292406847,0.7397728292406847,0.7497728292406847,0.7597728292406847,0.7497728292406847,0.7697728292406847,0.7797728292406847,0.7797728292406847,0.7747728292406847,0.7647728292406847,0.7747728292406847,0.7747728292406847
45,0.7017477546452361,0.7117477546452361,0.7117477546452361,0.7117477546452361,0.6917477546452361,0.7117477546452361,0.7217477546452361,0.7217477546452361,0.7217477546452361,0.7417477546452361,0.7417477546452361,0.7317477546452361,0.7417477546452361
46,0.7192734090291615,0.7192734090291615,0.7092734090291615,0.6892734090291615,0.7042734090291615,0.7042734090291615,0.7142734090291615,0.7442734090291615,0.7342734090291615,0.7442734090291615,0.7542734090291615,0.7442734090291615,0.7442734090291615
47,0.7656118716659497,0.7656118716659497,0.7656118716659497,0.7656118716659497,0.7656118716659497,0.7456118716659497,0.7456118716659497,0.7556118716659497,0.7656118716659497,0.7656118716659497,0.7656118716659497,0.7556118716659497,0.7556118716659497
48,0.7939975380798844,0.7939975380798844,0.7739975380798844,0.7539975380798843,0.7539975380798843,0.7589975380798843,0.7689975380798844,0.7689975380798844,0.7489975380798843,0.7489975380798843,0.7489975380798843,0.7489975380798843,0.7489975380798843
49,0.570611294482982,0.550611294482982,0.550611294482982,0.570611294482982,0.570611294482982,0.570611294482982,0.570611294482982,0.580611294482982,0.590611294482982,0.580611294482982,0.580611294482982,0.600611294482982,0.590611294482982
50,0.8503831810605109,0.8303831810605109,0.8403831810605109,0.8403831810605109,0.8603831810605109,0.8603831810605109,0.8603831810605109,0.8803831810605109,0.8703831810605109,0.8503831810605109,0.8503831810605109,0.8503831810605109,0.8503831810605109
51,0.9147182681056557,0.9147182681056557,0.9147182681056557,0.9147182681056557,0.9147182681056557,0.9247182681056557,0.9247182681056557,0.9347182681056557,0.9347182681056557,0.9347182681056557,0.9447182681056557,0.9547182681056557,0.9547182681056557
52,0.682031269498183,0.692031269498183,0.692031269498183,0.7020312694981831,0.7020312694981831,0.692031269498183,0.692031269498183,0.7020312694981831,0.677031269498183,0.657031269498183,0.657031269498183,0.657031269498183,0.657031269498183
53,0.6220151240449922,0.6320151240449922,0.6520151240449922,0.6520151240449922,0.6520151240449922,0.6620151240449922,0.6620151240449922,0.6520151240449922,0.6370151240449922,0.6070151240449921,0.6070151240449921,0.6070151240449921,0.6170151240449921
54,0.675789325943062,0.695789325943062,0.665789325943062,0.6557893259430619,0.6557893259430619,0.6557893259430619,0.6557893259430619,0.6457893259430619,0.6457893259430619,0.6357893259430619,0.6407893259430619,0.6507893259430619,0.6507893259430619
55,0.8561588854020823,0.8661588854020823,0.8861588854020823,0.8761588854020823,0.8761588854020823,0.8861588854020823,0.8861588854020823,0.8861588854020823,0.8961588854020823,0.8961588854020823,0.8911588854020823,0.8911588854020823,0.8811588854020823
56,0.8927906747362808,0.8927906747362808,0.8827906747362808,0.8627906747362808,0.8627906747362808,0.8727906747362808,0.8727906747362808,0.8827906747362808,0.8927906747362808,0.9027906747362808,0.9227906747362808,0.9227906747362808,0.9327906747362809
57,0.7398051381137705,0.7298051381137705,0.7398051381137705,0.7198051381137704,0.7198051381137704,0.7098051381137704,0.7098051381137704,0.7248051381137705,0.7348051381137705,0.7348051381137705,0.7448051381137705,0.7448051381137705,0.7448051381137705
58,0.8020224337111945,0.8020224337111945,0.8020224337111945,0.7820224337111945,0.7820224337111945,0.7820224337111945,0.7820224337111945,0.7820224337111945,0.7920224337111945,0.7920224337111945,0.7820224337111945,0.7820224337111945,0.7820224337111945
59,0.7706915115209183,0.7706915115209183,0.7606915115209183,0.7506915115209183,0.7806915115209183,0.7806915115209183,0.7806915115209183,0.7806915115209183,0.7806915115209183,0.7806915115209183,0.7906915115209183,0.7656915115209183,0.7556915115209183
60,0.778118774485394,0.778118774485394,0.748118774485394,0.748118774485394,0.748118774485394,0.738118774485394,0.738118774485394,0.748118774485394,0.738118774485394,0.748118774485394,0.758118774485394,0.758118774485394,0.783118774485394
61,0.7817428979607206,0.7617428979607206,0.7617428979607206,0.7517428979607206,0.7517428979607206,0.7517428979607206,0.7517428979607206,0.7517428979607206,0.7517428979607206,0.7517428979607206,0.7417428979607206,0.7417428979607206,0.7417428979607206
62,0.6963409130211,0.7063409130211,0.7063409130211,0.7163409130211,0.7063409130211,0.7063409130211,0.6963409130211,0.6963409130211,0.6763409130211,0.6763409130211,0.6763409130211,0.6763409130211,0.6763409130211
63,0.6894190214439236,0.6894190214439236,0.6894190214439236,0.6794190214439236,0.6794190214439236,0.6794190214439236,0.6694190214439236,0.6694190214439236,0.6694190214439236,0.6594190214439236,0.6594190214439236,0.6494190214439236,0.6594190214439236
64,0.813652962473134,0.823652962473134,0.823652962473134,0.813652962473134,0.813652962473134,0.813652962473134,0.803652962473134,0.803652962473134,0.813652962473134,0.803652962473134,0.813652962473134,0.843652962473134,0.843652962473134
65,0.7365204619882745,0.7265204619882745,0.7465204619882745,0.7465204619882745,0.7465204619882745,0.7565204619882745,0.7315204619882745,0.7315204619882745,0.7315204619882745,0.7515204619882745,0.7515204619882745,0.7515204619882745,0.7415204619882745
66,0.7082268909413028,0.7082268909413028,0.7082268909413028,0.7182268909413028,0.7082268909413028,0.7182268909413028,0.7182268909413028,0.7182268909413028,0.6982268909413027,0.6782268909413027,0.6682268909413027,0.6682268909413027,0.6682268909413027
67,0.6168643784188886,0.5968643784188886,0.5968643784188886,0.6168643784188886,0.6168643784188886,0.6168643784188886,0.6268643784188886,0.6268643784188886,0.6268643784188886,0.6068643784188886,0.5968643784188886,0.5768643784188886,0.5768643784188886
68,0.6850502509865224,0.6950502509865224,0.6950502509865224,0.6950502509865224,0.7150502509865224,0.6950502509865224,0.6950502509865224,0.6950502509865224,0.6950502509865224,0.6850502509865224,0.6850502509865224,0.6650502509865224,0.6750502509865224
69,0.7411467923304357,0.7311467923304357,0.7511467923304357,0.7511467923304357,0.7611467923304357,0.7711467923304357,0.7511467923304357,0.7411467923304357,0.7411467923304357,0.7411467923304357,0.7611467923304357,0.7611467923304357,0.7611467923304357
70,0.7286501427285128,0.7286501427285128,0.7186501427285128,0.7186501427285128,0.7186501427285128,0.6986501427285128,0.6986501427285128,0.6986501427285128,0.6986501427285128,0.7136501427285128,0.6936501427285128,0.7136501427285128,0.7136501427285128
71,0.7509539562008527,0.7609539562008527,0.7509539562008527,0.7809539562008527,0.7709539562008527,0.7709539562008527,0.7709539562008527,0.7609539562008527,0.7509539562008527,0.7509539562008527,0.7509539562008527,0.7509539562008527,0.7509539562008527
72,0.8158250757256987,0.8158250757256987,0.8058250757256987,0.8158250757256987,0.8458250757256988,0.8558250757256988,0.8558250757256988,0.8508250757256988,0.8508250757256988,0.8508250757256988,0.8408250757256988,0.8408250757256988,0.8508250757256988
73,0.7152569449552941,0.7152569449552941,0.7152569449552941,0.7152569449552941,0.7052569449552941,0.7052569449552941,0.7152569449552941,0.7152569449552941,0.6852569449552941,0.6852569449552941,0.6952569449552941,0.6952569449552941,0.7152569449552941
74,0.9122034434157261,0.9122034434157261,0.9322034434157261,0.9322034434157261,0.9422034434157261,0.9422034434157261,0.9422034434157261,0.9422034434157261,0.9422034434157261,0.9522034434157262,0.9472034434157262,0.9472034434157262,0.9272034434157261
75,0.8629664831791607,0.8629664831791607,0.8729664831791607,0.8929664831791607,0.8929664831791607,0.8929664831791607,0.8829664831791607,0.8829664831791607,0.8829664831791607,0.8529664831791607,0.8429664831791607,0.8329664831791607,0.8329664831791607
76,0.6406054112157453,0.6506054112157453,0.6506054112157453,0.6506054112157453,0.6506054112157453,0.6506054112157453,0.6606054112157453,0.6306054112157453,0.6306054112157453,0.6206054112157453,0.6206054112157453,0.6206054112157453,0.6206054112157453
77,0.6584123797813745,0.6584123797813745,0.6584123797813745,0.6684123797813745,0.6684123797813745,0.6484123797813744,0.6684123797813745,0.6584123797813745,0.6584123797813745,0.6784123797813745,0.6684123797813745,0.6684123797813745,0.6684123797813745
78,0.7857473309203251,0.8157473309203251,0.8157473309203251,0.8157473309203251,0.8157473309203251,0.8007473309203251,0.8007473309203251,0.8007473309203251,0.8107473309203251,0.8007473309203251,0.7907473309203251,0.7807473309203251,0.7807473309203251
79,0.7679292852514309,0.7779292852514309,0.7679292852514309,0.7679292852514309,0.7679292852514309,0.7679292852514309,0.7679292852514309,0.7679292852514309,0.7779292852514309,0.7879292852514309,0.7779292852514309,0.7679292852514309,0.7579292852514309
80,0.8253254405211594,0.8453254405211594,0.8453254405211594,0.8453254405211594,0.8353254405211594,0.8353254405211594,0.8353254405211594,0.8353254405211594,0.8353254405211594,0.8453254405211594,0.8353254405211594,0.8253254405211594,0.8353254405211594
81,0.7964391172352048,0.7964391172352048,0.7964391172352048,0.7964391172352048,0.7864391172352048,0.7764391172352048,0.7764391172352048,0.7764391172352048,0.7664391172352047,0.7564391172352047,0.7564391172352047,0.7564391172352047,0.7564391172352047
82,0.6520050200217407,0.6520050200217407,0.6420050200217406,0.6220050200217406,0.6220050200217406,0.6220050200217406,0.6320050200217406,0.6320050200217406,0.6420050200217406,0.6520050200217407,0.6520050200217407,0.6520050200217407,0.6820050200217407
83,0.85168020267494,0.85168020267494,0.85168020267494,0.85168020267494,0.86168020267494,0.8716802026749401,0.8716802026749401,0.86168020267494,0.86168020267494,0.86168020267494,0.86168020267494,0.86168020267494,0.8716802026749401
84,0.8500093103219558,0.8500093103219558,0.8400093103219558,0.8400093103219558,0.8400093103219558,0.8300093103219558,0.8400093103219558,0.8400093103219558,0.8400093103219558,0.8400093103219558,0.8300093103219558,0.8300093103219558,0.8300093103219558
85,0.8066585387692761,0.786658538769276,0.8166585387692761,0.8066585387692761,0.8066585387692761,0.8166585387692761,0.8066585387692761,0.8066585387692761,0.8166585387692761,0.8166585387692761,0.8066585387692761,0.8166585387692761,0.781658538769276
86,0.8498488129736237,0.8698488129736237,0.8498488129736237,0.8498488129736237,0.8498488129736237,0.8498488129736237,0.8498488129736237,0.8698488129736237,0.8498488129736237,0.8498488129736237,0.8398488129736237,0.8598488129736237,0.8498488129736237
87,1.0,1.0,0.975,1.0,1.0,1.0,1.0,0.99,1.0,0.99,0.99,1.0,1.0
88,0.9626570884199427,0.9626570884199427,0.9526570884199427,0.9526570884199427,0.9426570884199427,0.9426570884199427,0.9626570884199427,0.9626570884199427,0.9326570884199427,0.9476570884199427,0.9476570884199427,0.9476570884199427,0.9576570884199427
89,0.6224591909062539,0.6324591909062539,0.6524591909062539,0.6374591909062539,0.6274591909062539,0.6274591909062539,0.6274591909062539,0.6274591909062539,0.6274591909062539,0.6374591909062539,0.6374591909062539,0.6374591909062539,0.6274591909062539
90,0.7388981802457976,0.7588981802457976,0.7588981802457976,0.7588981802457976,0.7788981802457976,0.7788981802457976,0.7688981802457976,0.7788981802457976,0.7588981802457976,0.7788981802457976,0.7788981802457976,0.7738981802457976,0.7638981802457976
91,0.9250207507700113,0.9250207507700113,0.9050207507700113,0.9050207507700113,0.9150207507700113,0.8950207507700113,0.8950207507700113,0.8950207507700113,0.9050207507700113,0.9050207507700113,0.9350207507700113,0.9350207507700113,0.9250207507700113
92,0.8540819479837917,0.8540819479837917,0.8540819479837917,0.8640819479837917,0.8640819479837917,0.8540819479837917,0.8440819479837917,0.8340819479837916,0.8240819479837916,0.8240819479837916,0.8240819479837916,0.8240819479837916,0.8240819479837916
93,0.9425417942410261,0.9525417942410261,0.9525417942410261,0.9425417942410261,0.9125417942410261,0.9275417942410261,0.9575417942410261,0.9675417942410262,0.9475417942410261,0.9575417942410261,0.9575417942410261,0.9575417942410261,0.9575417942410261
94,0.5737233894409322,0.5737233894409322,0.6037233894409322,0.5937233894409322,0.6037233894409322,0.6137233894409322,0.6037233894409322,0.5837233894409322,0.6137233894409322,0.6037233894409322,0.5937233894409322,0.5837233894409322,0.5837233894409322
95,0.7185192491970386,0.7385192491970386,0.7485192491970386,0.7285192491970386,0.7285192491970386,0.7285192491970386,0.7285192491970386,0.7485192491970386,0.7485192491970386,0.7185192491970386,0.6785192491970385,0.6785192491970385,0.6985192491970386
96,0.6729000641770241,0.6729000641770241,0.6829000641770241,0.6929000641770241,0.6729000641770241,0.6929000641770241,0.6929000641770241,0.6829000641770241,0.6829000641770241,0.6829000641770241,0.6479000641770241,0.6679000641770241,0.6979000641770241
97,0.7420155315371854,0.7420155315371854,0.7420155315371854,0.7120155315371853,0.7120155315371853,0.7020155315371853,0.7220155315371853,0.7220155315371853,0.7020155315371853,0.7070155315371853,0.7170155315371853,0.7370155315371854,0.7370155315371854
98,0.657693987563597,0.647693987563597,0.667693987563597,0.657693987563597,0.657693987563597,0.657693987563597,0.667693987563597,0.657693987563597,0.657693987563597,0.697693987563597,0.697693987563597,0.697693987563597,0.697693987563597
99,0.7367689784474455,0.7467689784474455,0.7367689784474455,0.7167689784474455,0.7167689784474455,0.7417689784474455,0.7617689784474455,0.7617689784474455,0.7617689784474455,0.7617689784474455,0.7117689784474455,0.7117689784474455,0.7317689784474455
100,0.6927266573017116,0.6927266573017116,0.6927266573017116,0.6827266573017116,0.6827266573017116,0.6727266573017116,0.6727266573017116,0.6727266573017116,0.6627266573017115,0.6777266573017116,0.6577266573017115,0.6677266573017115,0.6677266573017115
101,0.7379737891516424,0.7379737891516424,0.7479737891516424,0.7679737891516424,0.7679737891516424,0.7679737891516424,0.7579737891516424,0.7679737891516424,0.7579737891516424,0.7379737891516424,0.7579737891516424,0.7479737891516424,0.7579737891516424
102,0.552017937807735,0.552017937807735,0.542017937807735,0.512017937807735,0.512017937807735,0.512017937807735,0.517017937807735,0.517017937807735,0.527017937807735,0.557017937807735,0.547017937807735,0.547017937807735,0.547017937807735
103,0.8069658628173927,0.8269658628173927,0.8269658628173927,0.8269658628173927,0.8369658628173927,0.8269658628173927,0.8169658628173927,0.8369658628173927,0.8269658628173927,0.8369658628173927,0.8269658628173927,0.8369658628173927,0.8369658628173927
104,0.9473008442866357,0.9373008442866357,0.9373008442866357,0.9373008442866357,0.9723008442866358,0.9523008442866358,0.9523008442866358,0.9423008442866357,0.9323008442866357,0.9323008442866357,0.9123008442866357,0.9223008442866357,0.9223008442866357
105,0.7002618277666613,0.6802618277666613,0.6902618277666613,0.7102618277666614,0.7002618277666613,0.7002618277666613,0.7002618277666613,0.7002618277666613,0.7002618277666613,0.7402618277666614,0.7402618277666614,0.7352618277666614,0.7352618277666614
106,0.6925555413374,0.7025555413374001,0.7225555413374001,0.7125555413374001,0.7325555413374001,0.7325555413374001,0.7325555413374001,0.7325555413374001,0.7225555413374001,0.7225555413374001,0.7225555413374001,0.7225555413374001,0.7225555413374001
107,0.676459685990732,0.686459685990732,0.686459685990732,0.686459685990732,0.696459685990732,0.686459685990732,0.686459685990732,0.686459685990732,0.676459685990732,0.696459685990732,0.686459685990732,0.676459685990732,0.666459685990732
108,0.7129543446758944,0.7129543446758944,0.7129543446758944,0.7229543446758944,0.7329543446758944,0.7229543446758944,0.7229543446758944,0.7429543446758944,0.7329543446758944,0.7329543446758944,0.7329543446758944,0.7329543446758944,0.7229543446758944
109,1.0,1.0,1.0,0.99,0.99,1.0,1.0,1.0,1.0,1.0,1.0,1.0,1.0
110,0.8673779199491636,0.8373779199491636,0.8473779199491636,0.8373779199491636,0.8273779199491635,0.8273779199491635,0.8373779199491636,0.8373779199491636,0.8573779199491636,0.8773779199491636,0.8673779199491636,0.8673779199491636,0.8573779199491636
111,0.7184891614677312,0.7284891614677312,0.7484891614677313,0.7484891614677313,0.7484891614677313,0.7584891614677313,0.7284891614677312,0.7384891614677312,0.7134891614677312,0.7134891614677312,0.7234891614677312,0.7434891614677313,0.7134891614677312
112,0.9434769086771786,0.9534769086771786,0.9534769086771786,0.9234769086771786,0.9434769086771786,0.9334769086771786,0.9434769086771786,0.9434769086771786,0.9234769086771786,0.9134769086771786,0.9034769086771786,0.9134769086771786,0.9134769086771786
113,0.6589859134524853,0.6589859134524853,0.6389859134524852,0.6389859134524852,0.6489859134524852,0.6589859134524853,0.6689859134524853,0.6689859134524853,0.6789859134524853,0.6889859134524853,0.6889859134524853,0.6689859134524853,0.6789859134524853
114,0.6013522728633608,0.6013522728633608,0.5913522728633608,0.6013522728633608,0.6013522728633608,0.6013522728633608,0.6013522728633608,0.6113522728633608,0.6413522728633608,0.6363522728633608,0.6063522728633608,0.5963522728633608,0.5963522728633608
115,0.5417578948073986,0.5417578948073986,0.5417578948073986,0.5217578948073985,0.5217578948073985,0.5217578948073985,0.5517578948073986,0.5517578948073986,0.5617578948073986,0.5617578948073986,0.5517578948073986,0.5517578948073986,0.5217578948073985
116,0.6617521153223204,0.6617521153223204,0.6817521153223204,0.6817521153223204,0.6817521153223204,0.6917521153223204,0.6917521153223204,0.6817521153223204,0.7017521153223204,0.7017521153223204,0.7017521153223204,0.7017521153223204,0.7017521153223204
117,0.8076073736799178,0.7976073736799177,0.7876073736799177,0.7876073736799177,0.7876073736799177,0.7876073736799177,0.7876073736799177,0.7876073736799177,0.8076073736799178,0.8076073736799178,0.8276073736799178,0.8276073736799178,0.8276073736799178
118,0.6310741525373841,0.6510741525373841,0.6510741525373841,0.6210741525373841,0.6310741525373841,0.6310741525373841,0.6310741525373841,0.6410741525373841,0.6410741525373841,0.6210741525373841,0.6210741525373841,0.6210741525373841,0.6110741525373841
119,0.7428331793849604,0.7428331793849604,0.7328331793849604,0.7428331793849604,0.7628331793849604,0.7728331793849604,0.7628331793849604,0.7528331793849604,0.7628331793849604,0.7528331793849604,0.7728331793849604,0.7528331793849604,0.7228331793849604
120,0.8395728503221027,0.8395728503221027,0.8595728503221027,0.8395728503221027,0.8395728503221027,0.8395728503221027,0.8395728503221027,0.8395728503221027,0.8495728503221027,0.8595728503221027,0.8395728503221027,0.8295728503221027,0.8395728503221027
121,0.6636403254261577,0.6836403254261577,0.6736403254261577,0.6736403254261577,0.6736403254261577,0.6736403254261577,0.6536403254261577,0.6636403254261577,0.6436403254261577,0.6436403254261577,0.6436403254261577,0.6936403254261577,0.6936403254261577
122,0.8451267373938384,0.8551267373938384,0.8551267373938384,0.8551267373938384,0.8551267373938384,0.8551267373938384,0.8751267373938384,0.8651267373938384,0.8651267373938384,0.8451267373938384,0.8551267373938384,0.8651267373938384,0.8651267373938384
123,0.5559798463405582,0.5559798463405582,0.5659798463405582,0.5759798463405582,0.5859798463405582,0.5959798463405582,0.5859798463405582,0.5859798463405582,0.5859798463405582,0.5709798463405582,0.5709798463405582,0.5709798463405582,0.5709798463405582
124,0.9880376973450095,0.9880376973450095,1.0,1.0,1.0,1.0,0.995,0.985,0.965,0.965,0.965,0.965,0.965
125,1.0,1.0,0.97,0.98,0.98,1.0,1.0,1.0,0.98,0.98,0.98,0.98,0.98
126,0.7350485358604163,0.7350485358604163,0.7150485358604163,0.7150485358604163,0.7150485358604163,0.7150485358604163,0.7150485358604163,0.7450485358604163,0.7450485358604163,0.7450485358604163,0.7450485358604163,0.7450485358604163,0.7450485358604163
127,0.9021387004484505,0.9121387004484505,0.9121387004484505,0.8921387004484505,0.8821387004484504,0.8821387004484504,0.9021387004484505,0.9021387004484505,0.8821387004484504,0.8821387004484504,0.8621387004484504,0.8671387004484504,0.8771387004484504
128,0.6822769840232222,0.7022769840232223,0.7122769840232223,0.7022769840232223,0.7022769840232223,0.7122769840232223,0.7122769840232223,0.7122769840232223,0.7122769840232223,0.7122769840232223,0.7022769840232223,0.7122769840232223,0.6922769840232222
129,0.7104850516130752,0.7104850516130752,0.7104850516130752,0.7104850516130752,0.7104850516130752,0.7004850516130752,0.7004850516130752,0.7004850516130752,0.6704850516130751,0.6754850516130751,0.6954850516130752,0.6754850516130751,0.6854850516130752
130,0.9215735586138585,0.9215735586138585,0.9115735586138585,0.9215735586138585,0.9215735586138585,0.9515735586138585,0.9365735586138585,0.9165735586138585,0.9165735586138585,0.9165735586138585,0.9165735586138585,0.9165735586138585,0.9165735586138585
131,0.6492933755724892,0.6392933755724892,0.6392933755724892,0.6492933755724892,0.6492933755724892,0.6492933755724892,0.6492933755724892,0.6492933755724892,0.6492933755724892,0.6492933755724892,0.6492933755724892,0.6492933755724892,0.6492933755724892
132,0.7937263928750247,0.8137263928750247,0.8137263928750247,0.8137263928750247,0.8037263928750247,0.8037263928750247,0.8137263928750247,0.8137263928750247,0.8237263928750247,0.8137263928750247,0.8037263928750247,0.7937263928750247,0.7937263928750247
133,0.9639719267509552,0.9539719267509552,0.9839719267509552,0.9839719267509552,0.9839719267509552,0.9839719267509552,0.9839719267509552,0.9839719267509552,0.9739719267509552,0.9439719267509552,0.9539719267509552,0.9539719267509552,0.9739719267509552
134,0.7968991807431708,0.7768991807431708,0.7668991807431708,0.7968991807431708,0.7968991807431708,0.8068991807431708,0.8068991807431708,0.8068991807431708,0.8168991807431708,0.8168991807431708,0.8168991807431708,0.8268991807431708,0.8368991807431708
135,0.6403646239713496,0.6603646239713497,0.6603646239713497,0.6603646239713497,0.6603646239713497,0.6703646239713497,0.6503646239713496,0.6503646239713496,0.6603646239713497,0.6603646239713497,0.6603646239713497,0.6603646239713497,0.6703646239713497
136,0.6116880872083491,0.6016880872083491,0.6116880872083491,0.6016880872083491,0.5916880872083491,0.5916880872083491,0.5916880872083491,0.5816880872083491,0.6016880872083491,0.6016880872083491,0.5916880872083491,0.5816880872083491,0.5966880872083491
137,0.8114382318196095,0.8114382318196095,0.8214382318196095,0.8114382318196095,0.8214382318196095,0.8314382318196095,0.8314382318196095,0.8114382318196095,0.8114382318196095,0.8114382318196095,0.8114382318196095,0.8214382318196095,0.8214382318196095
138,0.7993166820970351,0.8093166820970351,0.8093166820970351,0.8093166820970351,0.8293166820970351,0.8293166820970351,0.8393166820970351,0.8393166820970351,0.8343166820970351,0.8243166820970351,0.8143166820970351,0.8143166820970351,0.8243166820970351
139,0.8097330577330037,0.8097330577330037,0.8197330577330038,0.8197330577330038,0.8097330577330037,0.7997330577330037,0.7997330577330037,0.7997330577330037,0.7797330577330037,0.7797330577330037,0.7897330577330037,0.7997330577330037,0.8097330577330037
140,0.49688677969229916,0.49688677969229916,0.49688677969229916,0.48688677969229915,0.49688677969229916,0.49688677969229916,0.49688677969229916,0.5068867796922991,0.4968867796922991,0.4968867796922991,0.4968867796922991,0.5068867796922991,0.4968867796922991
141,0.6567953438494921,0.6367953438494921,0.6367953438494921,0.6267953438494921,0.6267953438494921,0.6467953438494921,0.6467953438494921,0.6467953438494921,0.6467953438494921,0.6667953438494921,0.6567953438494921,0.6467953438494921,0.6467953438494921
142,0.6388653963169514,0.6588653963169514,0.6788653963169514,0.6788653963169514,0.6738653963169514,0.6638653963169514,0.6638653963169514,0.6638653963169514,0.6738653963169514,0.6738653963169514,0.6638653963169514,0.6538653963169514,0.6438653963169514
143,0.5949396988133516,0.5749396988133516,0.5649396988133516,0.5649396988133516,0.5549396988133516,0.5599396988133516,0.5799396988133516,0.5799396988133516,0.5599396988133516,0.5699396988133516,0.5799396988133516,0.5799396988133516,0.5799396988133516
144,0.7413504715752673,0.7513504715752674,0.7613504715752674,0.7613504715752674,0.7613504715752674,0.7413504715752673,0.7513504715752674,0.7413504715752673,0.7413504715752673,0.7513504715752674,0.7513504715752674,0.7513504715752674,0.7313504715752673
145,0.9153367738518895,0.9053367738518895,0.8853367738518895,0.8853367738518895,0.8853367738518895,0.8953367738518895,0.9053367738518895,0.9053367738518895,0.9153367738518895,0.9153367738518895,0.9253367738518895,0.9153367738518895,0.9153367738518895
146,0.6374827757665832,0.6474827757665832,0.6574827757665832,0.6474827757665832,0.6474827757665832,0.6274827757665832,0.6274827757665832,0.6174827757665832,0.6274827757665832,0.6274827757665832,0.6174827757665832,0.6174827757665832,0.6274827757665832
147,0.8310104821226458,0.8410104821226458,0.8410104821226458,0.8710104821226459,0.8710104821226459,0.8510104821226459,0.8710104821226459,0.8510104821226459,0.8410104821226458,0.8510104821226459,0.8410104821226458,0.8410104821226458,0.8410104821226458
148,0.8094728744661521,0.7994728744661521,0.7894728744661521,0.7694728744661521,0.7794728744661521,0.7894728744661521,0.7894728744661521,0.8094728744661521,0.8294728744661521,0.8394728744661522,0.8394728744661522,0.8294728744661521,0.8044728744661521
149,0.6004291169767798,0.6104291169767798,0.6404291169767798,0.6354291169767798,0.6254291169767798,0.6254291169767798,0.6154291169767798,0.6154291169767798,0.6254291169767798,0.6254291169767798,0.6254291169767798,0.6254291169767798,0.6354291169767798
150,0.6295888516396453,0.6195888516396453,0.6095888516396453,0.6095888516396453,0.6095888516396453,0.5995888516396453,0.5995888516396453,0.6195888516396453,0.6195888516396453,0.6195888516396453,0.6195888516396453,0.5895888516396453,0.5995888516396453
151,0.8650601972289158,0.8650601972289158,0.8650601972289158,0.8650601972289158,0.8650601972289158,0.8750601972289158,0.8850601972289158,0.8850601972289158,0.8850601972289158,0.9050601972289158,0.9050601972289158,0.8950601972289158,0.8850601972289158
152,0.8179265936520033,0.8279265936520033,0.8179265936520033,0.8279265936520033,0.7979265936520032,0.7979265936520032,0.7979265936520032,0.8079265936520033,0.8079265936520033,0.8079265936520033,0.8279265936520033,0.8479265936520033,0.8479265936520033
153,0.7731045713057062,0.7731045713057062,0.7531045713057062,0.7831045713057062,0.7831045713057062,0.7831045713057062,0.7731045713057062,0.7631045713057062,0.7731045713057062,0.7731045713057062,0.7731045713057062,0.7631045713057062,0.7431045713057062
154,0.7392836599332506,0.7292836599332506,0.7292836599332506,0.7392836599332506,0.7492836599332506,0.7492836599332506,0.7292836599332506,0.7292836599332506,0.7192836599332506,0.7092836599332506,0.7092836599332506,0.7092836599332506,0.7092836599332506
155,0.7292235876177383,0.7292235876177383,0.7192235876177383,0.7192235876177383,0.7192235876177383,0.7192235876177383,0.7192235876177383,0.7192235876177383,0.7092235876177383,0.6992235876177383,0.6992235876177383,0.7192235876177383,0.7192235876177383
156,0.8518068716049941,0.8318068716049941,0.8318068716049941,0.8218068716049941,0.8318068716049941,0.8418068716049941,0.8418068716049941,0.8318068716049941,0.8418068716049941,0.8218068716049941,0.8368068716049941,0.8168068716049941,0.8268068716049941
157,0.9255960721990822,0.9255960721990822,0.9355960721990823,0.9255960721990822,0.9455960721990823,0.9455960721990823,0.9455960721990823,0.9355960721990823,0.9005960721990822,0.9005960721990822,0.8805960721990822,0.9005960721990822,0.9105960721990822
158,0.8248570438003932,0.8048570438003931,0.7848570438003931,0.7948570438003931,0.7848570438003931,0.7848570438003931,0.7848570438003931,0.7898570438003931,0.7998570438003931,0.8198570438003931,0.8198570438003931,0.8198570438003931,0.8198570438003931
159,0.7630247705238266,0.7730247705238266,0.7930247705238266,0.8030247705238266,0.7980247705238266,0.7880247705238266,0.7880247705238266,0.7980247705238266,0.7880247705238266,0.7880247705238266,0.7980247705238266,0.7980247705238266,0.7880247705238266
160,0.7335267664043814,0.7435267664043814,0.7435267664043814,0.7435267664043814,0.7435267664043814,0.7435267664043814,0.7435267664043814,0.7435267664043814,0.7635267664043814,0.7735267664043814,0.7735267664043814,0.7685267664043814,0.7585267664043814
161,0.4264198596524705,0.4364198596524705,0.4464198596524705,0.4464198596524705,0.4464198596524705,0.4364198596524705,0.4364198596524705,0.4264198596524705,0.4364198596524705,0.4464198596524705,0.4564198596524705,0.4364198596524705,0.4064198596524705
162,0.8183640343306899,0.8083640343306899,0.7883640343306899,0.7783640343306899,0.7883640343306899,0.8083640343306899,0.82836403433069,0.83836403433069,0.85836403433069,0.85336403433069,0.85336403433069,0.85336403433069,0.85336403433069
163,0.8234403394907279,0.8134403394907279,0.8234403394907279,0.8134403394907279,0.7934403394907279,0.7934403394907279,0.7934403394907279,0.7934403394907279,0.8084403394907279,0.8084403394907279,0.8084403394907279,0.8084403394907279,0.8084403394907279
164,0.7970770094114625,0.7870770094114625,0.7770770094114625,0.7970770094114625,0.7870770094114625,0.7970770094114625,0.7970770094114625,0.8070770094114625,0.8170770094114626,0.8370770094114626,0.8370770094114626,0.8370770094114626,0.8370770094114626
165,0.841545167955638,0.831545167955638,0.831545167955638,0.801545167955638,0.806545167955638,0.806545167955638,0.806545167955638,0.816545167955638,0.816545167955638,0.816545167955638,0.806545167955638,0.826545167955638,0.826545167955638
166,0.7824324617427021,0.7924324617427021,0.8024324617427021,0.8124324617427021,0.8124324617427021,0.8124324617427021,0.8224324617427021,0.8224324617427021,0.8224324617427021,0.8124324617427021,0.7824324617427021,0.7824324617427021,0.7724324617427021
167,0.5803533460183146,0.5903533460183146,0.5903533460183146,0.5703533460183146,0.5703533460183146,0.5803533460183146,0.5703533460183146,0.5903533460183146,0.5903533460183146,0.5803533460183146,0.5903533460183146,0.5903533460183146,0.5703533460183146
168,0.6282373618675301,0.6282373618675301,0.6282373618675301,0.6182373618675301,0.6182373618675301,0.6182373618675301,0.6182373618675301,0.6182373618675301,0.6182373618675301,0.6282373618675301,0.6282373618675301,0.6082373618675301,0.6082373618675301
169,0.5841769043506898,0.5741769043506898,0.5641769043506898,0.5441769043506898,0.5441769043506898,0.5641769043506898,0.5641769043506898,0.5641769043506898,0.5441769043506898,0.5641769043506898,0.5641769043506898,0.5541769043506898,0.5541769043506898
170,0.7090682380407126,0.7190682380407126,0.7190682380407126,0.7090682380407126,0.7290682380407126,0.7390682380407126,0.7490682380407127,0.7490682380407127,0.7490682380407127,0.7490682380407127,0.7490682380407127,0.7490682380407127,0.7290682380407126
171,0.5750494916550297,0.5850494916550297,0.5850494916550297,0.5750494916550297,0.5650494916550297,0.5650494916550297,0.5550494916550297,0.5550494916550297,0.5650494916550297,0.5650494916550297,0.5650494916550297,0.5650494916550297,0.5750494916550297
172,0.883954492519152,0.9139544925191521,0.9139544925191521,0.903954492519152,0.893954492519152,0.883954492519152,0.883954492519152,0.883954492519152,0.9139544925191521,0.9139544925191521,0.9139544925191521,0.9239544925191521,0.903954492519152
173,0.7664418429810421,0.7764418429810421,0.7764418429810421,0.7764418429810421,0.7764418429810421,0.7764418429810421,0.7464418429810421,0.7564418429810421,0.7564418429810421,0.7564418429810421,0.7464418429810421,0.7464418429810421,0.7364418429810421
174,0.5463742397675528,0.5463742397675528,0.5563742397675528,0.5363742397675528,0.5163742397675528,0.5163742397675528,0.5263742397675528,0.5263742397675528,0.5263742397675528,0.5463742397675528,0.5663742397675529,0.5663742397675529,0.5663742397675529
175,0.8911881237150753,0.8711881237150753,0.8711881237150753,0.8611881237150752,0.8611881237150752,0.8611881237150752,0.8611881237150752,0.8611881237150752,0.8511881237150752,0.8511881237150752,0.8511881237150752,0.8561881237150752,0.8561881237150752
176,0.656998249837371,0.666998249837371,0.676998249837371,0.676998249837371,0.676998249837371,0.676998249837371,0.696998249837371,0.691998249837371,0.681998249837371,0.691998249837371,0.691998249837371,0.651998249837371,0.651998249837371
177,0.8944479710864319,0.8944479710864319,0.8944479710864319,0.8944479710864319,0.8844479710864319,0.9044479710864319,0.9044479710864319,0.9044479710864319,0.9044479710864319,0.9144479710864319,0.9144479710864319,0.9144479710864319,0.9144479710864319
178,0.6312017195028725,0.6312017195028725,0.6212017195028725,0.6212017195028725,0.6312017195028725,0.6412017195028725,0.6312017195028725,0.6212017195028725,0.6312017195028725,0.6212017195028725,0.6112017195028725,0.6112017195028725,0.6012017195028725
179,0.6402893416323826,0.6402893416323826,0.6202893416323826,0.6202893416323826,0.6202893416323826,0.6502893416323826,0.6402893416323826,0.6402893416323826,0.6602893416323826,0.6702893416323826,0.6602893416323826,0.6502893416323826,0.6402893416323826
180,0.7278761896974555,0.7278761896974555,0.7278761896974555,0.7278761896974555,0.7278761896974555,0.7378761896974555,0.7378761896974555,0.7578761896974555,0.7378761896974555,0.7378761896974555,0.7278761896974555,0.7378761896974555,0.7578761896974555
181,0.6232261364042088,0.6332261364042088,0.6332261364042088,0.6332261364042088,0.6332261364042088,0.6432261364042088,0.6432261364042088,0.6232261364042088,0.6232261364042088,0.6432261364042088,0.6432261364042088,0.6432261364042088,0.6532261364042088
182,0.7643569260024221,0.7743569260024221,0.7743569260024221,0.7843569260024221,0.7843569260024221,0.7593569260024221,0.7693569260024221,0.7993569260024221,0.7793569260024221,0.7793569260024221,0.7793569260024221,0.7493569260024221,0.7693569260024221
183,0.7474499872507909,0.7574499872507909,0.7574499872507909,0.7574499872507909,0.7674499872507909,0.777449987250791,0.7674499872507909,0.7674499872507909,0.7574499872507909,0.7674499872507909,0.7574499872507909,0.7474499872507909,0.7474499872507909
184,0.7870985416358367,0.7970985416358367,0.7770985416358367,0.7670985416358367,0.7670985416358367,0.7770985416358367,0.7770985416358367,0.8170985416358367,0.8170985416358367,0.8170985416358367,0.8270985416358367,0.8220985416358367,0.8120985416358367
185,0.9830753191589193,0.9930753191589193,0.9930753191589193,0.9730753191589193,0.9730753191589193,0.9830753191589193,0.9830753191589193,0.9930753191589193,0.9930753191589193,0.9930753191589193,0.9930753191589193,1.0,0.99
186,0.8225051751698949,0.8425051751698949,0.8425051751698949,0.8325051751698949,0.8425051751698949,0.8525051751698949,0.8425051751698949,0.8525051751698949,0.8525051751698949,0.8325051751698949,0.8325051751698949,0.8325051751698949,0.8225051751698949
187,0.7807012004512655,0.7707012004512654,0.7907012004512655,0.8007012004512655,0.8007012004512655,0.7707012004512654,0.7707012004512654,0.7607012004512654,0.7507012004512654,0.7607012004512654,0.7607012004512654,0.7507012004512654,0.7507012004512654
188,0.8082331122772062,0.8082331122772062,0.8082331122772062,0.8082331122772062,0.7982331122772062,0.8282331122772062,0.8282331122772062,0.8282331122772062,0.8282331122772062,0.8182331122772062,0.8082331122772062,0.8082331122772062,0.7782331122772062
189,0.7846102634640585,0.7846102634640585,0.8146102634640585,0.8146102634640585,0.7996102634640585,0.7996102634640585,0.7996102634640585,0.7996102634640585,0.8096102634640585,0.8096102634640585,0.8096102634640585,0.8096102634640585,0.7996102634640585
190,0.7914308201886919,0.7914308201886919,0.7814308201886919,0.7814308201886919,0.7914308201886919,0.8014308201886919,0.8014308201886919,0.8014308201886919,0.821430820188692,0.831430820188692,0.811430820188692,0.821430820188692,0.821430820188692
191,0.7700132170422263,0.7700132170422263,0.7700132170422263,0.7700132170422263,0.7500132170422262,0.7600132170422262,0.7500132170422262,0.7500132170422262,0.7500132170422262,0.7500132170422262,0.7500132170422262,0.7500132170422262,0.7400132170422262
192,0.7273688154454548,0.7273688154454548,0.7273688154454548,0.7373688154454549,0.7373688154454549,0.7473688154454549,0.7373688154454549,0.7473688154454549,0.7473688154454549,0.7573688154454549,0.7673688154454549,0.7673688154454549,0.7573688154454549
193,0.7580243782150855,0.7480243782150855,0.7480243782150855,0.7580243782150855,0.7680243782150855,0.7580243782150855,0.7580243782150855,0.7380243782150855,0.7280243782150855,0.7280243782150855,0.7380243782150855,0.7480243782150855,0.7180243782150855
194,0.6665714877714262,0.6665714877714262,0.6565714877714262,0.6565714877714262,0.6565714877714262,0.6465714877714261,0.6565714877714262,0.6765714877714262,0.6765714877714262,0.6765714877714262,0.6865714877714262,0.6615714877714262,0.6615714877714262
195,1.0,1.0,1.0,0.97,0.99,0.99,0.99,0.99,0.99,0.99,0.99,0.99,1.0
196,0.6057044897875967,0.6057044897875967,0.6057044897875967,0.6057044897875967,0.6357044897875967,0.6357044897875967,0.6357044897875967,0.6207044897875967,0.6207044897875967,0.6207044897875967,0.6007044897875967,0.6107044897875967,0.6507044897875968
197,0.5512253043703554,0.5512253043703554,0.5412253043703554,0.5312253043703554,0.5112253043703554,0.5162253043703554,0.5262253043703554,0.5462253043703554,0.5462253043703554,0.5662253043703555,0.5562253043703554,0.5362253043703554,0.5462253043703554
198,0.9577077412084913,0.9577077412084913,0.9477077412084913,0.9377077412084913,0.9477077412084913,0.9577077412084913,0.9477077412084913,0.9277077412084913,0.9177077412084913,0.9277077412084913,0.9477077412084913,0.9477077412084913,0.9477077412084913
199,0.7372485881510759,0.7172485881510758,0.7172485881510758,0.7172485881510758,0.7272485881510758,0.7172485881510758,0.7272485881510758,0.7372485881510759,0.7272485881510758,0.7172485881510758,0.7172485881510758,0.7272485881510758,0.7272485881510758
200,0.4992002936277726,0.4992002936277726,0.5092002936277725,0.4792002936277725,0.4692002936277725,0.4592002936277725,0.4792002936277725,0.4892002936277725,0.4892002936277725,0.4792002936277725,0.4792002936277725,0.4792002936277725,0.4792002936277725
201,0.7676577024108238,0.7576577024108238,0.7776577024108238,0.7876577024108238,0.7876577024108238,0.7676577024108238,0.7676577024108238,0.7476577024108237,0.7476577024108237,0.7376577024108237,0.7376577024108237,0.7276577024108237,0.7276577024108237
202,0.8436185647266574,0.8536185647266574,0.8636185647266574,0.8636185647266574,0.8736185647266574,0.8736185647266574,0.8636185647266574,0.8636185647266574,0.8536185647266574,0.8436185647266574,0.8436185647266574,0.8236185647266574,0.8036185647266574
203,0.6708518031041655,0.6608518031041655,0.6408518031041655,0.6308518031041654,0.6308518031041654,0.6308518031041654,0.6358518031041654,0.6358518031041654,0.6458518031041655,0.6458518031041655,0.6658518031041655,0.6758518031041655,0.6758518031041655
204,0.8519538555716315,0.8519538555716315,0.8619538555716315,0.8619538555716315,0.8619538555716315,0.8519538555716315,0.8519538555716315,0.8719538555716315,0.8719538555716315,0.8919538555716315,0.8919538555716315,0.8869538555716315,0.8669538555716315
205,0.6396201762304948,0.6596201762304948,0.6496201762304948,0.6296201762304948,0.6396201762304948,0.6496201762304948,0.6496201762304948,0.6496201762304948,0.6496201762304948,0.6496201762304948,0.6496201762304948,0.6696201762304949,0.6496201762304948
206,0.6144456930159646,0.6144456930159646,0.6144456930159646,0.6244456930159646,0.6244456930159646,0.6244456930159646,0.6144456930159646,0.6244456930159646,0.6044456930159646,0.5944456930159646,0.5744456930159646,0.5744456930159646,0.5744456930159646
207,0.690596574531572,0.690596574531572,0.6505965745315719,0.6505965745315719,0.6555965745315719,0.6555965745315719,0.665596574531572,0.665596574531572,0.665596574531572,0.665596574531572,0.6555965745315719,0.6555965745315719,0.6555965745315719
208,0.7850770560521398,0.7850770560521398,0.8150770560521399,0.8150770560521399,0.8150770560521399,0.8250770560521399,0.8150770560521399,0.8050770560521399,0.8050770560521399,0.7750770560521398,0.7750770560521398,0.7550770560521398,0.7650770560521398
209,0.9839806444882642,0.9739806444882642,0.9739806444882642,0.9539806444882641,0.9639806444882641,0.9939806444882642,1.0,1.0,1.0,1.0,1.0,0.985,0.985
210,0.7073444077045661,0.6973444077045661,0.7073444077045661,0.7273444077045661,0.7273444077045661,0.7273444077045661,0.7073444077045661,0.7373444077045661,0.7373444077045661,0.7373444077045661,0.7373444077045661,0.7173444077045661,0.7173444077045661
211,0.9336264146649685,0.9436264146649685,0.9336264146649685,0.9336264146649685,0.9436264146649685,0.9436264146649685,0.9536264146649686,0.9536264146649686,0.9536264146649686,0.9736264146649686,0.9736264146649686,0.9736264146649686,0.9686264146649686
212,0.8337031047195232,0.8137031047195232,0.8237031047195232,0.8137031047195232,0.8137031047195232,0.8237031047195232,0.8137031047195232,0.8037031047195232,0.8037031047195232,0.8187031047195232,0.8287031047195232,0.8087031047195232,0.7987031047195232
213,0.8140017742115183,0.8140017742115183,0.8340017742115183,0.8090017742115183,0.8090017742115183,0.7990017742115183,0.7990017742115183,0.7990017742115183,0.7990017742115183,0.7990017742115183,0.8090017742115183,0.7990017742115183,0.8290017742115183
214,0.6841952065535059,0.6741952065535058,0.6741952065535058,0.6641952065535058,0.6741952065535058,0.6641952065535058,0.6641952065535058,0.6641952065535058,0.6441952065535058,0.6491952065535058,0.6491952065535058,0.6591952065535058,0.6791952065535058
215,0.5624341408387229,0.5524341408387229,0.5524341408387229,0.5424341408387229,0.5324341408387229,0.5624341408387229,0.5624341408387229,0.5624341408387229,0.5624341408387229,0.5524341408387229,0.5524341408387229,0.5524341408387229,0.5724341408387229
216,0.8202764721065166,0.8202764721065166,0.8202764721065166,0.8202764721065166,0.8102764721065165,0.8202764721065166,0.8302764721065166,0.8402764721065166,0.8302764721065166,0.8302764721065166,0.8302764721065166,0.8302764721065166,0.8002764721065165
217,0.6044031509312782,0.6044031509312782,0.6144031509312782,0.6144031509312782,0.6044031509312782,0.6144031509312782,0.5794031509312781,0.5894031509312782,0.5894031509312782,0.5694031509312781,0.5694031509312781,0.5894031509312782,0.5894031509312782
218,0.7924667221122392,0.7824667221122392,0.7824667221122392,0.7724667221122392,0.7724667221122392,0.7974667221122392,0.7974667221122392,0.7974667221122392,0.7974667221122392,0.7974667221122392,0.7974667221122392,0.7874667221122392,0.7674667221122392
219,0.6313159927816989,0.6313159927816989,0.6413159927816989,0.671315992781699,0.671315992781699,0.671315992781699,0.661315992781699,0.6513159927816989,0.661315992781699,0.661315992781699,0.6413159927816989,0.6413159927816989,0.6413159927816989
220,0.7500658149747621,0.7500658149747621,0.7500658149747621,0.7500658149747621,0.7600658149747621,0.7600658149747621,0.7600658149747621,0.7600658149747621,0.7600658149747621,0.7600658149747621,0.7500658149747621,0.7500658149747621,0.7500658149747621
221,0.503802423509718,0.503802423509718,0.503802423509718,0.49380242350971804,0.503802423509718,0.49380242350971804,0.503802423509718,0.503802423509718,0.5238024235097181,0.5238024235097181,0.5238024235097181,0.5238024235097181,0.5238024235097181
222,0.9132424109961437,0.9432424109961437,0.9532424109961437,0.9532424109961437,0.9432424109961437,0.9232424109961437,0.9132424109961437,0.9132424109961437,0.8932424109961437,0.8832424109961436,0.8932424109961437,0.8932424109961437,0.8932424109961437
223,0.7487454783639983,0.7387454783639983,0.7387454783639983,0.7287454783639983,0.7387454783639983,0.7587454783639983,0.7587454783639983,0.7487454783639983,0.7487454783639983,0.7587454783639983,0.7587454783639983,0.7487454783639983,0.7487454783639983
224,0.6688860797336386,0.6588860797336386,0.6388860797336385,0.6388860797336385,0.6288860797336385,0.6488860797336385,0.6588860797336386,0.6488860797336385,0.6488860797336385,0.6488860797336385,0.6588860797336386,0.6588860797336386,0.6488860797336385
225,0.8235368303065458,0.8535368303065458,0.8385368303065458,0.8285368303065458,0.8185368303065458,0.8085368303065458,0.8085368303065458,0.8085368303065458,0.8085368303065458,0.8185368303065458,0.8285368303065458,0.8285368303065458,0.8385368303065458
226,0.817929344845076,0.827929344845076,0.827929344845076,0.827929344845076,0.817929344845076,0.817929344845076,0.807929344845076,0.807929344845076,0.817929344845076,0.827929344845076,0.827929344845076,0.827929344845076,0.857929344845076
227,0.5717993580050742,0.5617993580050742,0.5617993580050742,0.5517993580050742,0.5517993580050742,0.5517993580050742,0.5517993580050742,0.5517993580050742,0.5717993580050742,0.5617993580050742,0.5617993580050742,0.5617993580050742,0.5717993580050742
228,0.593840372677496,0.603840372677496,0.613840372677496,0.613840372677496,0.613840372677496,0.588840372677496,0.568840372677496,0.558840372677496,0.548840372677496,0.548840372677496,0.548840372677496,0.558840372677496,0.558840372677496
229,0.6766390046241741,0.6866390046241742,0.6866390046241742,0.6766390046241741,0.6766390046241741,0.6766390046241741,0.6566390046241741,0.6666390046241741,0.6666390046241741,0.6766390046241741,0.6766390046241741,0.6766390046241741,0.6766390046241741
230,0.5843558043119447,0.5943558043119447,0.5843558043119447,0.5743558043119447,0.5743558043119447,0.5743558043119447,0.5643558043119447,0.5443558043119446,0.5643558043119447,0.5843558043119447,0.5643558043119447,0.5743558043119447,0.5743558043119447
231,0.7355538260460215,0.7355538260460215,0.7255538260460215,0.7255538260460215,0.7055538260460215,0.7155538260460215,0.7455538260460215,0.7555538260460215,0.7555538260460215,0.7555538260460215,0.7455538260460215,0.7455538260460215,0.7455538260460215
232,0.7727628112537247,0.7727628112537247,0.7627628112537247,0.7427628112537247,0.7577628112537247,0.7577628112537247,0.7977628112537247,0.7977628112537247,0.7877628112537247,0.7777628112537247,0.7877628112537247,0.7877628112537247,0.7877628112537247
233,0.5821080562357851,0.5921080562357851,0.6021080562357851,0.6021080562357851,0.6221080562357851,0.6021080562357851,0.6021080562357851,0.6121080562357851,0.6121080562357851,0.6121080562357851,0.6121080562357851,0.6221080562357851,0.6221080562357851
234,0.9106984110449439,0.9306984110449439,0.9006984110449439,0.8906984110449438,0.9006984110449439,0.9006984110449439,0.9006984110449439,0.8906984110449438,0.9006984110449439,0.9006984110449439,0.9106984110449439,0.9106984110449439,0.9106984110449439
235,0.9266821967486836,0.9166821967486836,0.9166821967486836,0.8966821967486835,0.9066821967486836,0.9066821967486836,0.9066821967486836,0.9466821967486836,0.9666821967486836,0.9616821967486836,0.9516821967486836,0.9616821967486836,0.9316821967486836
236,0.5613245709577032,0.5813245709577032,0.5813245709577032,0.5613245709577032,0.5713245709577032,0.5713245709577032,0.5813245709577032,0.5813245709577032,0.5613245709577032,0.5413245709577031,0.5663245709577032,0.5663245709577032,0.5563245709577032
237,0.7905323295448198,0.7905323295448198,0.7905323295448198,0.7905323295448198,0.7805323295448198,0.7905323295448198,0.8105323295448198,0.8105323295448198,0.8105323295448198,0.8105323295448198,0.8205323295448198,0.8305323295448198,0.8305323295448198
238,0.7958139989982567,0.7958139989982567,0.7958139989982567,0.7958139989982567,0.8058139989982567,0.8058139989982567,0.8058139989982567,0.8158139989982567,0.8158139989982567,0.8058139989982567,0.7858139989982567,0.7858139989982567,0.7958139989982567
239,0.7843623591598203,0.7943623591598203,0.7943623591598203,0.7943623591598203,0.8043623591598204,0.8043623591598204,0.8243623591598204,0.8193623591598204,0.8093623591598204,0.7993623591598203,0.7993623591598203,0.8093623591598204,0.7993623591598203
240,1.0,0.98,0.98,0.98,0.97,0.97,0.985,0.985,0.975,0.985,0.985,0.985,0.985
241,0.6255616255129322,0.6155616255129321,0.5955616255129321,0.6055616255129321,0.6155616255129321,0.6155616255129321,0.6155616255129321,0.6255616255129322,0.6055616255129321,0.6055616255129321,0.6055616255129321,0.6155616255129321,0.6155616255129321
242,0.7461307439921885,0.7461307439921885,0.7461307439921885,0.7361307439921885,0.7261307439921885,0.7261307439921885,0.7261307439921885,0.7361307439921885,0.7661307439921885,0.7661307439921885,0.7661307439921885,0.7661307439921885,0.7561307439921885
243,0.526730997200309,0.516730997200309,0.526730997200309,0.516730997200309,0.506730997200309,0.536730997200309,0.536730997200309,0.526730997200309,0.526730997200309,0.536730997200309,0.526730997200309,0.526730997200309,0.536730997200309
244,0.7480910540964172,0.7580910540964172,0.7780910540964172,0.7880910540964172,0.7880910540964172,0.7680910540964172,0.7080910540964171,0.7130910540964172,0.7030910540964171,0.7130910540964172,0.7130910540964172,0.7130910540964172,0.7130910540964172
245,0.7831587392723767,0.7531587392723766,0.7831587392723767,0.7731587392723767,0.7731587392723767,0.7731587392723767,0.7431587392723766,0.7431587392723766,0.7531587392723766,0.7531587392723766,0.7681587392723767,0.7681587392723767,0.7781587392723767
246,0.8192813970230047,0.8292813970230047,0.8292813970230047,0.7992813970230047,0.7992813970230047,0.7992813970230047,0.7992813970230047,0.7992813970230047,0.7992813970230047,0.8192813970230047,0.8592813970230048,0.8592813970230048,0.8492813970230048
247,0.7076047231545817,0.6976047231545817,0.6976047231545817,0.6976047231545817,0.6876047231545817,0.6676047231545816,0.6676047231545816,0.6776047231545816,0.6776047231545816,0.6976047231545817,0.6976047231545817,0.6876047231545817,0.6876047231545817
248,0.7105348245418307,0.6905348245418307,0.6805348245418307,0.6905348245418307,0.6905348245418307,0.6905348245418307,0.7005348245418307,0.7005348245418307,0.6805348245418307,0.6905348245418307,0.6805348245418307,0.6805348245418307,0.6905348245418307
249,0.7830967262678048,0.7830967262678048,0.7930967262678048,0.7930967262678048,0.7830967262678048,0.7730967262678048,0.7630967262678048,0.7530967262678048,0.7630967262678048,0.7530967262678048,0.7680967262678048,0.7680967262678048,0.7780967262678048
250,0.821316275126433,0.831316275126433,0.841316275126433,0.831316275126433,0.811316275126433,0.811316275126433,0.811316275126433,0.811316275126433,0.811316275126433,0.811316275126433,0.821316275126433,0.821316275126433,0.831316275126433
251,0.5406973533349602,0.5406973533349602,0.5406973533349602,0.5206973533349601,0.5306973533349602,0.5506973533349602,0.5606973533349602,0.5706973533349602,0.5556973533349602,0.5456973533349602,0.5356973533349602,0.5356973533349602,0.5456973533349602
252,0.7861471804556442,0.7761471804556442,0.7861471804556442,0.7861471804556442,0.7661471804556442,0.7911471804556442,0.7911471804556442,0.7811471804556442,0.7811471804556442,0.7911471804556442,0.8111471804556443,0.8111471804556443,0.8111471804556443
253,0.7753568782910779,0.7753568782910779,0.7653568782910779,0.7553568782910779,0.7453568782910779,0.7353568782910779,0.7553568782910779,0.7553568782910779,0.7653568782910779,0.7553568782910779,0.7653568782910779,0.7653568782910779,0.7753568782910779
254,0.8599707850693159,0.8599707850693159,0.8499707850693159,0.8499707850693159,0.8499707850693159,0.8799707850693159,0.8599707850693159,0.8599707850693159,0.8699707850693159,0.8699707850693159,0.8599707850693159,0.8599707850693159,0.8899707850693159
255,0.8760003534046372,0.8760003534046372,0.8860003534046372,0.8960003534046372,0.8960003534046372,0.8960003534046372,0.8960003534046372,0.8960003534046372,0.8960003534046372,0.9060003534046372,0.9060003534046372,0.9060003534046372,0.9060003534046372
256,0.8654595179812965,0.8654595179812965,0.8654595179812965,0.8854595179812965,0.8954595179812965,0.8854595179812965,0.8654595179812965,0.8654595179812965,0.8554595179812965,0.8554595179812965,0.8654595179812965,0.8654595179812965,0.8754595179812965
257,0.5422936949473661,0.5622936949473661,0.5422936949473661,0.5322936949473661,0.5322936949473661,0.5522936949473661,0.5422936949473661,0.5322936949473661,0.5222936949473661,0.5222936949473661,0.5222936949473661,0.5222936949473661,0.5022936949473661
258,0.8924540145807207,0.8924540145807207,0.8924540145807207,0.8724540145807207,0.9024540145807207,0.9024540145807207,0.8824540145807207,0.8824540145807207,0.8724540145807207,0.8924540145807207,0.9124540145807207,0.8924540145807207,0.8924540145807207
259,0.6864352115205954,0.6864352115205954,0.6864352115205954,0.6864352115205954,0.6864352115205954,0.6964352115205954,0.6864352115205954,0.6764352115205954,0.6764352115205954,0.6764352115205954,0.6964352115205954,0.6864352115205954,0.6964352115205954
260,0.7400406518319126,0.7400406518319126,0.7400406518319126,0.7400406518319126,0.7400406518319126,0.7200406518319126,0.7300406518319126,0.7100406518319126,0.7000406518319126,0.7100406518319126,0.7200406518319126,0.7300406518319126,0.7300406518319126
261,0.7945237650866334,0.7845237650866334,0.7945237650866334,0.7945237650866334,0.7945237650866334,0.8045237650866334,0.8045237650866334,0.7945237650866334,0.7945237650866334,0.8145237650866334,0.8245237650866334,0.8345237650866334,0.8345237650866334
262,0.6673331887226925,0.6673331887226925,0.6873331887226926,0.6873331887226926,0.6973331887226926,0.7073331887226926,0.7023331887226926,0.7023331887226926,0.7023331887226926,0.6923331887226926,0.6923331887226926,0.7123331887226926,0.6923331887226926
263,0.7351621090960827,0.7351621090960827,0.7551621090960827,0.7551621090960827,0.7451621090960827,0.7551621090960827,0.7551621090960827,0.7551621090960827,0.7651621090960827,0.7651621090960827,0.7751621090960827,0.7701621090960827,0.7601621090960827
264,0.6457061146661818,0.6357061146661818,0.6357061146661818,0.6357061146661818,0.6357061146661818,0.6057061146661817,0.6257061146661818,0.6357061146661818,0.6457061146661818,0.6557061146661818,0.6557061146661818,0.6557061146661818,0.6657061146661818
265,0.7153733166121341,0.7153733166121341,0.7053733166121341,0.7053733166121341,0.7153733166121341,0.6953733166121341,0.6953733166121341,0.6953733166121341,0.6953733166121341,0.7053733166121341,0.7153733166121341,0.7253733166121341,0.7253733166121341
266,0.9281381482978033,0.8981381482978033,0.8981381482978033,0.8981381482978033,0.9081381482978033,0.9081381482978033,0.8981381482978033,0.8881381482978032,0.8931381482978032,0.9031381482978033,0.9431381482978033,0.9431381482978033,0.9631381482978033
267,0.8307791605894348,0.8307791605894348,0.8307791605894348,0.8307791605894348,0.8307791605894348,0.8307791605894348,0.8407791605894348,0.8207791605894348,0.8207791605894348,0.8207791605894348,0.8107791605894348,0.8107791605894348,0.8107791605894348
268,0.7432292431773542,0.7432292431773542,0.7232292431773542,0.7232292431773542,0.7032292431773541,0.7082292431773541,0.7182292431773541,0.7282292431773542,0.7582292431773542,0.7482292431773542,0.7382292431773542,0.7182292431773541,0.7182292431773541
269,0.8064330602301432,0.8264330602301432,0.8264330602301432,0.8364330602301432,0.8214330602301432,0.8114330602301432,0.8014330602301432,0.8114330602301432,0.8114330602301432,0.7914330602301431,0.7914330602301431,0.7914330602301431,0.7914330602301431
270,0.8323982399249058,0.8323982399249058,0.8223982399249058,0.8123982399249058,0.8123982399249058,0.8123982399249058,0.7923982399249058,0.7973982399249058,0.8073982399249058,0.8173982399249058,0.8373982399249058,0.8173982399249058,0.8273982399249058
271,0.7850762920454261,0.7850762920454261,0.7850762920454261,0.7850762920454261,0.775076292045426,0.7850762920454261,0.775076292045426,0.7850762920454261,0.7850762920454261,0.7850762920454261,0.7950762920454261,0.7950762920454261,0.7950762920454261
272,0.8550659620448173,0.8450659620448173,0.8350659620448173,0.8250659620448173,0.8150659620448173,0.8150659620448173,0.8200659620448173,0.8300659620448173,0.8300659620448173,0.8200659620448173,0.8300659620448173,0.8500659620448173,0.8700659620448173
273,0.6641417517371873,0.6641417517371873,0.6641417517371873,0.6841417517371873,0.6941417517371873,0.7041417517371873,0.6991417517371873,0.6891417517371873,0.6791417517371873,0.6791417517371873,0.6791417517371873,0.6691417517371873,0.6691417517371873
274,0.9736810780683436,0.9736810780683436,0.9636810780683436,0.9736810780683436,0.9536810780683436,0.9536810780683436,0.9536810780683436,0.9536810780683436,0.9636810780683436,0.9636810780683436,0.9536810780683436,0.9536810780683436,0.9536810780683436
275,0.7988156106861489,0.8188156106861489,0.8188156106861489,0.8188156106861489,0.8188156106861489,0.838815610686149,0.838815610686149,0.838815610686149,0.833815610686149,0.823815610686149,0.823815610686149,0.823815610686149,0.8138156106861489
276,0.7403402689028218,0.7403402689028218,0.7303402689028218,0.7603402689028218,0.7603402689028218,0.7003402689028217,0.7103402689028218,0.7203402689028218,0.7203402689028218,0.7103402689028218,0.7103402689028218,0.7103402689028218,0.7103402689028218
277,0.7856146896889515,0.7856146896889515,0.7956146896889515,0.8156146896889516,0.8056146896889516,0.8056146896889516,0.7956146896889515,0.8156146896889516,0.8056146896889516,0.8056146896889516,0.8256146896889516,0.8156146896889516,0.8256146896889516
278,0.7363983665582292,0.7663983665582292,0.7513983665582292,0.7613983665582292,0.7613983665582292,0.7513983665582292,0.7313983665582292,0.7213983665582292,0.7213983665582292,0.7213983665582292,0.7313983665582292,0.7313983665582292,0.7413983665582292
279,0.8520387505495911,0.8420387505495911,0.8520387505495911,0.8520387505495911,0.8420387505495911,0.8120387505495911,0.8120387505495911,0.8170387505495911,0.8270387505495911,0.8270387505495911,0.8270387505495911,0.8370387505495911,0.8370387505495911
280,0.5272443782861409,0.5272443782861409,0.5072443782861409,0.5072443782861409,0.5072443782861409,0.4972443782861409,0.5122443782861409,0.5022443782861409,0.5222443782861409,0.5222443782861409,0.5222443782861409,0.5122443782861409,0.5422443782861409
281,0.8189946355723622,0.8189946355723622,0.8189946355723622,0.8189946355723622,0.8289946355723622,0.8289946355723622,0.8389946355723622,0.8389946355723622,0.8389946355723622,0.8289946355723622,0.8389946355723622,0.8189946355723622,0.8189946355723622
282,0.9244029979556284,0.9344029979556284,0.9344029979556284,0.9444029979556284,0.9444029979556284,0.9444029979556284,0.9444029979556284,0.9444029979556284,0.9644029979556284,0.9594029979556284,0.9594029979556284,0.9494029979556284,0.9294029979556284
283,0.7452481404905335,0.7552481404905335,0.7552481404905335,0.7452481404905335,0.7552481404905335,0.7552481404905335,0.7552481404905335,0.7452481404905335,0.7452481404905335,0.7552481404905335,0.7552481404905335,0.7552481404905335,0.7552481404905335
284,0.543094328697038,0.533094328697038,0.523094328697038,0.533094328697038,0.513094328697038,0.543094328697038,0.533094328697038,0.523094328697038,0.523094328697038,0.533094328697038,0.533094328697038,0.523094328697038,0.523094328697038
285,1.0,0.99,0.99,0.97,0.99,0.99,0.99,1.0,1.0,1.0,1.0,1.0,1.0
286,0.6794223204558221,0.6794223204558221,0.6894223204558221,0.6694223204558221,0.6994223204558221,0.6894223204558221,0.6894223204558221,0.6694223204558221,0.6694223204558221,0.659422320455822,0.6694223204558221,0.6794223204558221,0.6894223204558221
287,0.8371912716161268,0.8171912716161268,0.8171912716161268,0.7971912716161268,0.7971912716161268,0.8071912716161268,0.7971912716161268,0.8021912716161268,0.8121912716161268,0.8221912716161268,0.8221912716161268,0.8521912716161268,0.8421912716161268
288,1.0,1.0,1.0,1.0,1.0,0.98,0.97,0.98,0.99,0.99,0.99,1.0,1.0
289,0.7133427490757231,0.7133427490757231,0.6833427490757231,0.6833427490757231,0.6733427490757231,0.6733427490757231,0.6783427490757231,0.6883427490757231,0.6883427490757231,0.6883427490757231,0.6883427490757231,0.6883427490757231,0.6983427490757231
290,0.7348816499497859,0.7348816499497859,0.7348816499497859,0.7348816499497859,0.7348816499497859,0.7348816499497859,0.7548816499497859,0.7548816499497859,0.7548816499497859,0.7448816499497859,0.7448816499497859,0.7248816499497859,0.7148816499497859
291,0.7373087901075089,0.7273087901075089,0.7273087901075089,0.7273087901075089,0.7373087901075089,0.7373087901075089,0.7273087901075089,0.7073087901075089,0.7223087901075089,0.7223087901075089,0.7323087901075089,0.7423087901075089,0.7423087901075089
292,0.7365456729892544,0.7365456729892544,0.7365456729892544,0.6965456729892544,0.6965456729892544,0.7065456729892544,0.6965456729892544,0.7065456729892544,0.7165456729892544,0.7265456729892544,0.7365456729892544,0.7565456729892545,0.7565456729892545
293,0.8743415600350113,0.8643415600350113,0.8643415600350113,0.8443415600350113,0.8643415600350113,0.8543415600350113,0.8743415600350113,0.8443415600350113,0.8443415600350113,0.8443415600350113,0.8543415600350113,0.8543415600350113,0.8343415600350113
294,0.6673252891947669,0.6873252891947669,0.6773252891947669,0.6773252891947669,0.6873252891947669,0.6973252891947669,0.6873252891947669,0.6873252891947669,0.6873252891947669,0.6673252891947669,0.6673252891947669,0.6773252891947669,0.6773252891947669
295,0.7859091718789888,0.7959091718789888,0.7859091718789888,0.7959091718789888,0.8159091718789888,0.8059091718789888,0.8059091718789888,0.8259091718789888,0.8209091718789888,0.8109091718789888,0.8009091718789888,0.7909091718789888,0.8009091718789888
296,0.8884591948886842,0.8984591948886842,0.8984591948886842,0.8984591948886842,0.8984591948886842,0.8884591948886842,0.8884591948886842,0.9084591948886842,0.9084591948886842,0.8684591948886842,0.8684591948886842,0.8684591948886842,0.8684591948886842
297,0.5667677539278757,0.5567677539278757,0.5767677539278757,0.5467677539278757,0.5367677539278757,0.5517677539278757,0.5517677539278757,0.5517677539278757,0.5517677539278757,0.5717677539278757,0.5717677539278757,0.5717677539278757,0.5617677539278757
298,0.6901423847067613,0.7001423847067613,0.7001423847067613,0.7001423847067613,0.7101423847067613,0.7201423847067613,0.7301423847067613,0.7201423847067613,0.7201423847067613,0.7301423847067613,0.7251423847067613,0.7151423847067613,0.7151423847067613
299,0.7285618496261322,0.6885618496261322,0.6885618496261322,0.6935618496261322,0.6935618496261322,0.6935618496261322,0.7135618496261322,0.7035618496261322,0.6935618496261322,0.6935618496261322,0.6935618496261322,0.6935618496261322,0.7035618496261322
300,0.8303199138219505,0.8603199138219505,0.8503199138219505,0.8503199138219505,0.8403199138219505,0.8303199138219505,0.8303199138219505,0.8303199138219505,0.8403199138219505,0.8403199138219505,0.8603199138219505,0.8603199138219505,0.8703199138219505
301,0.672013397933173,0.662013397933173,0.6820133979331731,0.6820133979331731,0.6920133979331731,0.6820133979331731,0.672013397933173,0.6820133979331731,0.652013397933173,0.652013397933173,0.662013397933173,0.662013397933173,0.672013397933173
302,0.6287758340803794,0.6187758340803794,0.6187758340803794,0.6087758340803794,0.6287758340803794,0.6287758340803794,0.6487758340803794,0.6387758340803794,0.6387758340803794,0.6287758340803794,0.6287758340803794,0.6287758340803794,0.6287758340803794
303,0.6411145475765199,0.6611145475765199,0.6611145475765199,0.6511145475765199,0.6411145475765199,0.6311145475765199,0.6111145475765198,0.6111145475765198,0.6111145475765198,0.6011145475765198,0.6011145475765198,0.6011145475765198,0.6111145475765198
304,0.6681347974118264,0.6281347974118263,0.6331347974118263,0.6431347974118263,0.6531347974118263,0.6531347974118263,0.6531347974118263,0.6431347974118263,0.6431347974118263,0.6531347974118263,0.6431347974118263,0.6431347974118263,0.6431347974118263
305,0.7235002721967668,0.7235002721967668,0.7135002721967668,0.7135002721967668,0.7135002721967668,0.7235002721967668,0.7335002721967668,0.7435002721967668,0.7235002721967668,0.7235002721967668,0.7235002721967668,0.7135002721967668,0.7135002721967668
306,0.855705226637933,0.845705226637933,0.835705226637933,0.845705226637933,0.855705226637933,0.855705226637933,0.855705226637933,0.845705226637933,0.855705226637933,0.855705226637933,0.855705226637933,0.855705226637933,0.855705226637933
307,0.7382942280488978,0.7382942280488978,0.7382942280488978,0.7382942280488978,0.7182942280488978,0.7432942280488978,0.7332942280488978,0.7332942280488978,0.7432942280488978,0.7432942280488978,0.7332942280488978,0.7132942280488977,0.7132942280488977
308,0.9346985238757549,0.9346985238757549,0.9346985238757549,0.9346985238757549,0.9346985238757549,0.9646985238757549,0.974698523875755,0.974698523875755,0.9446985238757549,0.9546985238757549,0.9546985238757549,0.9346985238757549,0.9446985238757549
309,0.9433347873101858,0.9533347873101858,0.9433347873101858,0.9433347873101858,0.9633347873101858,0.9433347873101858,0.9333347873101858,0.9633347873101858,0.9633347873101858,0.9833347873101859,0.9833347873101859,0.9833347873101859,0.9733347873101859
310,0.7339635423833274,0.7339635423833274,0.7339635423833274,0.7239635423833274,0.7239635423833274,0.7239635423833274,0.7239635423833274,0.7239635423833274,0.7339635423833274,0.7239635423833274,0.7039635423833274,0.6939635423833274,0.7039635423833274
311,0.8866635680858694,0.8966635680858694,0.8866635680858694,0.8866635680858694,0.8866635680858694,0.8766635680858694,0.8866635680858694,0.8866635680858694,0.8966635680858694,0.8966635680858694,0.8666635680858694,0.8466635680858694,0.8566635680858694
312,0.7895462626585729,0.7895462626585729,0.7795462626585729,0.7895462626585729,0.7895462626585729,0.7895462626585729,0.7895462626585729,0.7895462626585729,0.7695462626585728,0.7695462626585728,0.7795462626585729,0.7695462626585728,0.7795462626585729
313,0.7917854098258847,0.7917854098258847,0.7917854098258847,0.7917854098258847,0.7817854098258847,0.7817854098258847,0.7717854098258847,0.7617854098258847,0.7617854098258847,0.7517854098258847,0.7517854098258847,0.7517854098258847,0.7617854098258847
314,0.5154897564570963,0.5454897564570963,0.5554897564570963,0.5504897564570963,0.5404897564570963,0.5404897564570963,0.5404897564570963,0.5304897564570963,0.5304897564570963,0.5304897564570963,0.5404897564570963,0.5304897564570963,0.5404897564570963
315,0.55596136014195,0.54596136014195,0.55596136014195,0.54596136014195,0.54596136014195,0.53596136014195,0.56596136014195,0.56596136014195,0.56596136014195,0.57596136014195,0.57596136014195,0.55596136014195,0.55596136014195
316,0.8201236503272122,0.8201236503272122,0.8401236503272123,0.8201236503272122,0.8201236503272122,0.8201236503272122,0.8101236503272122,0.8001236503272122,0.8001236503272122,0.8001236503272122,0.7901236503272122,0.7901236503272122,0.7901236503272122
317,0.9203817817940566,0.9203817817940566,0.9303817817940566,0.9303817817940566,0.9403817817940566,0.9403817817940566,0.9403817817940566,0.9153817817940566,0.9053817817940566,0.8853817817940566,0.8853817817940566,0.8753817817940566,0.8753817817940566
318,0.7783044781767519,0.7883044781767519,0.7883044781767519,0.7983044781767519,0.7883044781767519,0.7883044781767519,0.7783044781767519,0.8183044781767519,0.8083044781767519,0.8083044781767519,0.7983044781767519,0.8183044781767519,0.8133044781767519
319,0.8063677150455381,0.8263677150455381,0.8263677150455381,0.8263677150455381,0.8363677150455381,0.8463677150455381,0.8263677150455381,0.8263677150455381,0.8363677150455381,0.8363677150455381,0.8363677150455381,0.8263677150455381,0.8363677150455381
320,0.8761803819629199,0.91618038196292,0.91618038196292,0.90618038196292,0.8961803819629199,0.8711803819629199,0.8811803819629199,0.8811803819629199,0.8811803819629199,0.8811803819629199,0.8911803819629199,0.9011803819629199,0.8811803819629199
321,0.8115203768732487,0.7915203768732487,0.8215203768732487,0.8215203768732487,0.8215203768732487,0.8515203768732488,0.8465203768732488,0.8365203768732488,0.8365203768732488,0.8265203768732488,0.7965203768732487,0.8065203768732487,0.8165203768732487
322,0.7650384616755882,0.7850384616755882,0.8050384616755882,0.8000384616755882,0.8000384616755882,0.7900384616755882,0.7800384616755882,0.7800384616755882,0.7900384616755882,0.7600384616755882,0.7600384616755882,0.7500384616755882,0.7600384616755882
323,0.7876617714499984,0.7976617714499984,0.7976617714499984,0.7976617714499984,0.7976617714499984,0.8076617714499984,0.8076617714499984,0.8076617714499984,0.7876617714499984,0.7476617714499983,0.7476617714499983,0.7476617714499983,0.7576617714499984
324,0.7778313265091277,0.7878313265091277,0.7778313265091277,0.7878313265091277,0.8178313265091277,0.8178313265091277,0.8178313265091277,0.7978313265091277,0.7878313265091277,0.8078313265091277,0.8078313265091277,0.7928313265091277,0.8028313265091277
325,0.6600720533880339,0.7000720533880339,0.7000720533880339,0.7000720533880339,0.6900720533880339,0.6800720533880339,0.6800720533880339,0.6800720533880339,0.7000720533880339,0.6950720533880339,0.6750720533880339,0.6650720533880339,0.6450720533880339
326,0.7110242333006592,0.7210242333006592,0.7210242333006592,0.7010242333006592,0.7010242333006592,0.6910242333006592,0.6910242333006592,0.6710242333006592,0.6710242333006592,0.6760242333006592,0.6860242333006592,0.6860242333006592,0.6860242333006592
327,0.8855805689969525,0.8955805689969525,0.8955805689969525,0.8955805689969525,0.8755805689969525,0.8755805689969525,0.8855805689969525,0.8755805689969525,0.8555805689969525,0.8455805689969524,0.8505805689969524,0.8705805689969525,0.9005805689969525
328,0.8344087759333332,0.8244087759333332,0.8244087759333332,0.8244087759333332,0.8244087759333332,0.8244087759333332,0.8044087759333332,0.8244087759333332,0.8444087759333332,0.8544087759333332,0.8444087759333332,0.8544087759333332,0.8544087759333332
329,0.7013532572322706,0.6813532572322706,0.6813532572322706,0.6713532572322706,0.7013532572322706,0.6813532572322706,0.6813532572322706,0.6713532572322706,0.7013532572322706,0.7013532572322706,0.6913532572322706,0.6913532572322706,0.6813532572322706
330,0.8728837277747837,0.8928837277747838,0.9128837277747838,0.8928837277747838,0.8928837277747838,0.8728837277747837,0.8728837277747837,0.8828837277747837,0.8528837277747837,0.8528837277747837,0.8628837277747837,0.8728837277747837,0.8828837277747837
331,0.8094400823478441,0.7994400823478441,0.7994400823478441,0.7994400823478441,0.8194400823478442,0.7994400823478441,0.7994400823478441,0.8294400823478442,0.8294400823478442,0.8294400823478442,0.8494400823478442,0.8494400823478442,0.8394400823478442
332,0.9212629704119444,0.9112629704119444,0.9012629704119444,0.9212629704119444,0.9512629704119444,0.9512629704119444,0.9512629704119444,0.9312629704119444,0.9312629704119444,0.9312629704119444,0.9112629704119444,0.9012629704119444,0.9212629704119444
333,0.6459961116333253,0.6559961116333253,0.6459961116333253,0.6459961116333253,0.6459961116333253,0.6459961116333253,0.6359961116333253,0.6359961116333253,0.6459961116333253,0.6659961116333253,0.6659961116333253,0.6559961116333253,0.6459961116333253
334,0.6940265328351465,0.6840265328351465,0.6840265328351465,0.6840265328351465,0.6540265328351464,0.6540265328351464,0.6540265328351464,0.6590265328351465,0.6690265328351465,0.6690265328351465,0.6790265328351465,0.6690265328351465,0.6690265328351465
335,0.6476259511231577,0.6276259511231577,0.6276259511231577,0.6276259511231577,0.6376259511231577,0.6376259511231577,0.6576259511231577,0.6576259511231577,0.6476259511231577,0.6376259511231577,0.6376259511231577,0.6476259511231577,0.6476259511231577
336,0.5777243733509867,0.5877243733509867,0.6077243733509867,0.5977243733509867,0.5777243733509867,0.5477243733509867,0.5477243733509867,0.5477243733509867,0.5577243733509867,0.5477243733509867,0.5377243733509867,0.5427243733509867,0.5527243733509867
337,0.7022821243699842,0.7022821243699842,0.7122821243699842,0.7122821243699842,0.7222821243699842,0.7222821243699842,0.7222821243699842,0.7122821243699842,0.7222821243699842,0.7222821243699842,0.7122821243699842,0.7122821243699842,0.7122821243699842
338,0.773026697674609,0.803026697674609,0.813026697674609,0.793026697674609,0.783026697674609,0.783026697674609,0.793026697674609,0.793026697674609,0.768026697674609,0.808026697674609,0.798026697674609,0.788026697674609,0.788026697674609
339,0.7120854653099256,0.7020854653099255,0.6820854653099255,0.6720854653099255,0.6770854653099255,0.6970854653099255,0.6970854653099255,0.7070854653099256,0.6970854653099255,0.6970854653099255,0.6870854653099255,0.6970854653099255,0.7170854653099256
340,0.6460944665110793,0.6360944665110793,0.6460944665110793,0.6460944665110793,0.6460944665110793,0.6460944665110793,0.6560944665110793,0.6560944665110793,0.6660944665110793,0.6660944665110793,0.6360944665110793,0.6360944665110793,0.6360944665110793
341,0.7816391899216486,0.7816391899216486,0.7816391899216486,0.7916391899216486,0.8216391899216486,0.8216391899216486,0.8166391899216486,0.8066391899216486,0.7866391899216486,0.7866391899216486,0.7866391899216486,0.7866391899216486,0.7866391899216486
342,0.7899730553444316,0.7999730553444316,0.7699730553444316,0.7499730553444316,0.7499730553444316,0.7549730553444316,0.7649730553444316,0.7649730553444316,0.7849730553444316,0.7749730553444316,0.7749730553444316,0.7749730553444316,0.7949730553444316
343,0.6406016465839548,0.6506016465839548,0.6506016465839548,0.6606016465839548,0.6606016465839548,0.6606016465839548,0.6606016465839548,0.6606016465839548,0.6606016465839548,0.6606016465839548,0.6606016465839548,0.6606016465839548,0.6606016465839548
344,0.6338308452509601,0.6138308452509601,0.6038308452509601,0.6138308452509601,0.6038308452509601,0.5938308452509601,0.5938308452509601,0.5938308452509601,0.5938308452509601,0.5938308452509601,0.5938308452509601,0.6338308452509601,0.6438308452509601
345,0.6596139162158406,0.6896139162158407,0.6796139162158407,0.6696139162158407,0.6796139162158407,0.6596139162158406,0.6496139162158406,0.6396139162158406,0.6396139162158406,0.6396139162158406,0.6596139162158406,0.6696139162158407,0.6796139162158407
346,0.8222374677073554,0.8022374677073554,0.8022374677073554,0.8022374677073554,0.8022374677073554,0.7822374677073554,0.7872374677073554,0.7872374677073554,0.7972374677073554,0.7972374677073554,0.7972374677073554,0.8072374677073554,0.8072374677073554
347,0.8557918223710317,0.8657918223710317,0.8857918223710317,0.8857918223710317,0.8857918223710317,0.8857918223710317,0.8857918223710317,0.8757918223710317,0.8757918223710317,0.8657918223710317,0.8557918223710317,0.8557918223710317,0.8457918223710317
348,0.7182102525751378,0.7182102525751378,0.7282102525751378,0.7282102525751378,0.7182102525751378,0.7182102525751378,0.6982102525751378,0.7082102525751378,0.6982102525751378,0.7082102525751378,0.7082102525751378,0.6982102525751378,0.7082102525751378
349,0.9029275227889065,0.9129275227889065,0.9129275227889065,0.8929275227889065,0.8929275227889065,0.8829275227889065,0.8829275227889065,0.9029275227889065,0.9029275227889065,0.9029275227889065,0.9029275227889065,0.9229275227889066,0.9229275227889066
350,0.7206590349444519,0.740659034944452,0.750659034944452,0.750659034944452,0.730659034944452,0.740659034944452,0.740659034944452,0.750659034944452,0.760659034944452,0.760659034944452,0.755659034944452,0.755659034944452,0.745659034944452
351,0.7181589926693926,0.7181589926693926,0.7181589926693926,0.7281589926693927,0.7381589926693927,0.7281589926693927,0.6981589926693926,0.7181589926693926,0.7081589926693926,0.7181589926693926,0.6981589926693926,0.7081589926693926,0.7081589926693926
352,0.8062839623928831,0.7862839623928831,0.7862839623928831,0.7862839623928831,0.7762839623928831,0.7762839623928831,0.7762839623928831,0.7662839623928831,0.7712839623928831,0.8012839623928831,0.8012839623928831,0.8412839623928832,0.8412839623928832
353,0.6749368887127272,0.6749368887127272,0.6849368887127272,0.6849368887127272,0.6749368887127272,0.6549368887127271,0.6549368887127271,0.6549368887127271,0.6349368887127271,0.6349368887127271,0.6349368887127271,0.6449368887127271,0.6449368887127271
354,0.791927377443618,0.781927377443618,0.781927377443618,0.781927377443618,0.771927377443618,0.7619273774436179,0.7619273774436179,0.7519273774436179,0.7619273774436179,0.776927377443618,0.7669273774436179,0.7469273774436179,0.7469273774436179
355,0.6104941698505532,0.6104941698505532,0.5904941698505531,0.5904941698505531,0.5904941698505531,0.6004941698505531,0.6004941698505531,0.6104941698505532,0.6104941698505532,0.6204941698505532,0.6404941698505532,0.6504941698505532,0.6404941698505532
356,0.7879610347356869,0.8079610347356869,0.7979610347356869,0.7879610347356869,0.7479610347356869,0.7579610347356869,0.7679610347356869,0.7679610347356869,0.7579610347356869,0.7579610347356869,0.7479610347356869,0.7529610347356869,0.7729610347356869
357,0.8767429309364982,0.8667429309364982,0.8667429309364982,0.8667429309364982,0.8667429309364982,0.8667429309364982,0.8667429309364982,0.8667429309364982,0.8667429309364982,0.8467429309364982,0.8467429309364982,0.8867429309364983,0.8867429309364983
358,0.7630763052571503,0.7630763052571503,0.7630763052571503,0.7630763052571503,0.7730763052571503,0.7730763052571503,0.7630763052571503,0.7530763052571503,0.7530763052571503,0.7630763052571503,0.7530763052571503,0.7330763052571503,0.7330763052571503
359,0.5816185106659152,0.5816185106659152,0.5816185106659152,0.5716185106659152,0.5916185106659152,0.5816185106659152,0.5916185106659152,0.5916185106659152,0.5916185106659152,0.5916185106659152,0.5916185106659152,0.6116185106659152,0.6216185106659152
360,0.6368281509800641,0.6468281509800641,0.6568281509800641,0.6368281509800641,0.6468281509800641,0.6368281509800641,0.6368281509800641,0.6568281509800641,0.6668281509800641,0.6518281509800641,0.6618281509800641,0.6618281509800641,0.6518281509800641
361,0.7268227891882352,0.7168227891882352,0.7068227891882352,0.7068227891882352,0.7168227891882352,0.7168227891882352,0.7068227891882352,0.7168227891882352,0.7168227891882352,0.7168227891882352,0.7168227891882352,0.7068227891882352,0.7068227891882352
362,0.766747683779066,0.766747683779066,0.776747683779066,0.766747683779066,0.766747683779066,0.756747683779066,0.736747683779066,0.736747683779066,0.756747683779066,0.756747683779066,0.746747683779066,0.756747683779066,0.766747683779066
363,0.7818964087690593,0.7918964087690593,0.7818964087690593,0.7818964087690593,0.7818964087690593,0.7718964087690593,0.7918964087690593,0.7618964087690593,0.7618964087690593,0.7518964087690593,0.7518964087690593,0.7518964087690593,0.7518964087690593
364,0.7255055913471138,0.7355055913471138,0.7055055913471138,0.6955055913471138,0.6855055913471138,0.6855055913471138,0.6905055913471138,0.7005055913471138,0.7305055913471138,0.7205055913471138,0.7505055913471138,0.7505055913471138,0.7705055913471138
365,0.7332211266126913,0.7432211266126914,0.7432211266126914,0.7432211266126914,0.7532211266126914,0.7632211266126914,0.7632211266126914,0.7532211266126914,0.7432211266126914,0.7432211266126914,0.7532211266126914,0.7432211266126914,0.7132211266126913
366,0.8115310727774959,0.8115310727774959,0.7815310727774959,0.7815310727774959,0.7965310727774959,0.7965310727774959,0.7965310727774959,0.8065310727774959,0.7965310727774959,0.7865310727774959,0.7865310727774959,0.7665310727774959,0.7665310727774959
367,0.6323641564508351,0.6323641564508351,0.6323641564508351,0.6323641564508351,0.6223641564508351,0.6123641564508351,0.6023641564508351,0.6023641564508351,0.5923641564508351,0.5973641564508351,0.5973641564508351,0.6173641564508351,0.6073641564508351
368,0.683890721949934,0.683890721949934,0.673890721949934,0.663890721949934,0.663890721949934,0.663890721949934,0.643890721949934,0.643890721949934,0.643890721949934,0.643890721949934,0.643890721949934,0.648890721949934,0.648890721949934
369,0.7974743412714815,0.8074743412714815,0.8074743412714815,0.7974743412714815,0.7974743412714815,0.7674743412714815,0.7774743412714815,0.7774743412714815,0.7674743412714815,0.7674743412714815,0.7824743412714815,0.7924743412714815,0.8124743412714815
370,0.8767617254590505,0.8867617254590505,0.8667617254590505,0.8567617254590505,0.8767617254590505,0.8767617254590505,0.8667617254590505,0.8567617254590505,0.8767617254590505,0.8567617254590505,0.8567617254590505,0.8767617254590505,0.8667617254590505
371,0.8337144138640902,0.8337144138640902,0.8137144138640902,0.8387144138640902,0.8487144138640902,0.8387144138640902,0.8387144138640902,0.8387144138640902,0.8187144138640902,0.8187144138640902,0.8387144138640902,0.8387144138640902,0.8387144138640902
372,0.8387657644221677,0.8387657644221677,0.8587657644221677,0.8687657644221677,0.8387657644221677,0.8787657644221677,0.8787657644221677,0.8737657644221677,0.8737657644221677,0.8737657644221677,0.8637657644221677,0.8537657644221677,0.8237657644221676
373,0.7586182678431084,0.7586182678431084,0.7686182678431084,0.7686182678431084,0.7886182678431084,0.7736182678431084,0.7736182678431084,0.7736182678431084,0.7836182678431084,0.7936182678431084,0.7636182678431084,0.7336182678431084,0.7136182678431083
374,0.6299415424678071,0.6399415424678071,0.6399415424678071,0.6399415424678071,0.6499415424678071,0.6499415424678071,0.6699415424678071,0.6699415424678071,0.6699415424678071,0.6599415424678071,0.6599415424678071,0.6599415424678071,0.6699415424678071
375,0.7697079662101397,0.7597079662101397,0.7697079662101397,0.7697079662101397,0.7497079662101397,0.7697079662101397,0.7797079662101397,0.7897079662101397,0.7897079662101397,0.7797079662101397,0.7697079662101397,0.7697079662101397,0.7597079662101397
376,0.9703166367997336,0.9503166367997335,0.9503166367997335,0.9503166367997335,0.9403166367997335,0.9503166367997335,0.9503166367997335,0.9503166367997335,0.9503166367997335,0.9603166367997336,0.9603166367997336,0.9403166367997335,0.9303166367997335
377,0.6711452292532981,0.6711452292532981,0.6711452292532981,0.6811452292532981,0.6411452292532981,0.6511452292532981,0.6511452292532981,0.6511452292532981,0.6611452292532981,0.6511452292532981,0.6511452292532981,0.6511452292532981,0.6311452292532981
378,0.820232035323718,0.820232035323718,0.820232035323718,0.820232035323718,0.840232035323718,0.840232035323718,0.850232035323718,0.8602320353237181,0.840232035323718,0.8602320353237181,0.8602320353237181,0.855232035323718,0.845232035323718
379,0.6389836912852156,0.6589836912852156,0.6589836912852156,0.6789836912852156,0.6739836912852156,0.6639836912852156,0.6539836912852156,0.6539836912852156,0.6339836912852156,0.6339836912852156,0.6339836912852156,0.6439836912852156,0.6439836912852156
380,0.6821889545199848,0.6621889545199848,0.6521889545199848,0.6521889545199848,0.6521889545199848,0.6421889545199848,0.6421889545199848,0.6471889545199848,0.6571889545199848,0.6571889545199848,0.6571889545199848,0.6471889545199848,0.6571889545199848
381,0.7662169813147278,0.7762169813147278,0.7762169813147278,0.7762169813147278,0.7962169813147278,0.7812169813147278,0.7912169813147278,0.7912169813147278,0.7912169813147278,0.8012169813147278,0.8012169813147278,0.7812169813147278,0.7812169813147278
382,0.7200233631200496,0.7300233631200496,0.7300233631200496,0.7400233631200496,0.7500233631200496,0.7600233631200496,0.7600233631200496,0.7500233631200496,0.7400233631200496,0.7300233631200496,0.7300233631200496,0.7300233631200496,0.7300233631200496
383,0.7424534096436232,0.7324534096436232,0.7624534096436232,0.7624534096436232,0.7524534096436232,0.7624534096436232,0.7824534096436232,0.7774534096436232,0.7674534096436232,0.7574534096436232,0.7574534096436232,0.7374534096436232,0.7274534096436232
384,0.5625398869287263,0.5625398869287263,0.5725398869287263,0.5525398869287262,0.5525398869287262,0.5625398869287263,0.5625398869287263,0.5625398869287263,0.5725398869287263,0.5725398869287263,0.5525398869287262,0.5625398869287263,0.5625398869287263
385,0.7356076974364016,0.7356076974364016,0.7356076974364016,0.7256076974364016,0.7256076974364016,0.7256076974364016,0.7256076974364016,0.7256076974364016,0.7156076974364016,0.7156076974364016,0.7356076974364016,0.7356076974364016,0.7356076974364016
386,0.8156122868015442,0.8256122868015442,0.8356122868015442,0.8556122868015442,0.8556122868015442,0.8556122868015442,0.8556122868015442,0.8456122868015442,0.8306122868015442,0.8306122868015442,0.8306122868015442,0.8306122868015442,0.8306122868015442
387,0.7857430255788556,0.7857430255788556,0.7857430255788556,0.7457430255788555,0.7507430255788555,0.7607430255788555,0.7507430255788555,0.7607430255788555,0.7507430255788555,0.7607430255788555,0.7607430255788555,0.7807430255788556,0.7907430255788556
388,0.8199995905106845,0.8199995905106845,0.8199995905106845,0.7999995905106845,0.7999995905106845,0.7999995905106845,0.7999995905106845,0.7999995905106845,0.7899995905106845,0.8199995905106845,0.8199995905106845,0.8099995905106845,0.8399995905106845
389,0.8592156389748978,0.8492156389748978,0.8392156389748978,0.8392156389748978,0.8492156389748978,0.8492156389748978,0.8592156389748978,0.8392156389748978,0.8392156389748978,0.8642156389748978,0.8742156389748978,0.8542156389748978,0.8342156389748978
390,1.0,0.99,1.0,1.0,1.0,1.0,1.0,0.97,0.97,0.97,0.98,0.98,0.97
391,0.762146227361125,0.762146227361125,0.792146227361125,0.792146227361125,0.8021462273611251,0.8021462273611251,0.8021462273611251,0.792146227361125,0.792146227361125,0.792146227361125,0.792146227361125,0.792146227361125,0.777146227361125
392,0.8816881184597003,0.8816881184597003,0.8816881184597003,0.8616881184597003,0.8616881184597003,0.8616881184597003,0.8616881184597003,0.8616881184597003,0.8616881184597003,0.8616881184597003,0.8616881184597003,0.8516881184597003,0.8616881184597003
393,0.8001898469739113,0.8001898469739113,0.7901898469739113,0.8201898469739113,0.8201898469739113,0.8201898469739113,0.8201898469739113,0.8301898469739113,0.8201898469739113,0.8201898469739113,0.8101898469739113,0.8101898469739113,0.8101898469739113
394,0.6510836078702764,0.6210836078702764,0.6210836078702764,0.6310836078702764,0.6310836078702764,0.6210836078702764,0.6110836078702764,0.6110836078702764,0.6160836078702764,0.6160836078702764,0.6260836078702764,0.6160836078702764,0.6160836078702764
395,0.6940144152335828,0.7140144152335828,0.7140144152335828,0.7040144152335828,0.7240144152335828,0.7040144152335828,0.7140144152335828,0.7140144152335828,0.7040144152335828,0.6840144152335828,0.6840144152335828,0.6840144152335828,0.6640144152335827
396,0.6942915124497415,0.7042915124497415,0.6742915124497415,0.6742915124497415,0.6842915124497415,0.6842915124497415,0.6742915124497415,0.6992915124497415,0.7092915124497415,0.7292915124497416,0.7292915124497416,0.7192915124497415,0.7192915124497415
397,0.7079279485222564,0.7079279485222564,0.6979279485222564,0.6979279485222564,0.6979279485222564,0.6879279485222564,0.6779279485222564,0.6779279485222564,0.6679279485222563,0.6679279485222563,0.6729279485222563,0.6729279485222563,0.6829279485222564
398,0.8042919150663883,0.8142919150663883,0.8142919150663883,0.7942919150663883,0.8042919150663883,0.8142919150663883,0.8342919150663883,0.8342919150663883,0.8142919150663883,0.8142919150663883,0.7942919150663883,0.8042919150663883,0.8042919150663883
399,0.7933263159759252,0.8233263159759252,0.8233263159759252,0.8083263159759252,0.8183263159759252,0.8283263159759252,0.8183263159759252,0.8183263159759252,0.7883263159759252,0.7983263159759252,0.7783263159759252,0.7583263159759251,0.7683263159759252
400,0.8662664515606349,0.8762664515606349,0.8762664515606349,0.8762664515606349,0.8762664515606349,0.8762664515606349,0.8762664515606349,0.8762664515606349,0.8862664515606349,0.8862664515606349,0.8862664515606349,0.8762664515606349,0.8762664515606349
401,0.568032880953929,0.548032880953929,0.548032880953929,0.568032880953929,0.578032880953929,0.578032880953929,0.558032880953929,0.588032880953929,0.598032880953929,0.598032880953929,0.588032880953929,0.588032880953929,0.588032880953929
402,0.8151930363830449,0.8051930363830448,0.8251930363830449,0.8351930363830449,0.8351930363830449,0.8351930363830449,0.8351930363830449,0.8251930363830449,0.8251930363830449,0.8251930363830449,0.8151930363830449,0.8151930363830449,0.8251930363830449
403,0.7625097734091585,0.7625097734091585,0.7325097734091585,0.7425097734091585,0.7325097734091585,0.7625097734091585,0.7625097734091585,0.7625097734091585,0.7925097734091585,0.7925097734091585,0.7925097734091585,0.7775097734091585,0.7675097734091585
404,0.8196953353561764,0.8196953353561764,0.8096953353561764,0.8096953353561764,0.8296953353561765,0.8196953353561764,0.8296953353561765,0.8096953353561764,0.8096953353561764,0.8296953353561765,0.8196953353561764,0.8296953353561765,0.8196953353561764
405,0.6740940970543758,0.6740940970543758,0.7040940970543759,0.7140940970543759,0.7040940970543759,0.6890940970543759,0.6890940970543759,0.7090940970543759,0.7090940970543759,0.7090940970543759,0.6990940970543759,0.6790940970543758,0.6890940970543759
406,0.8371357099832561,0.8271357099832561,0.8271357099832561,0.8271357099832561,0.7971357099832561,0.8071357099832561,0.8171357099832561,0.8271357099832561,0.8271357099832561,0.8171357099832561,0.8171357099832561,0.8171357099832561,0.8271357099832561
407,0.5403088347479249,0.5403088347479249,0.5503088347479249,0.5403088347479249,0.5303088347479249,0.5503088347479249,0.5603088347479249,0.5303088347479249,0.5503088347479249,0.5503088347479249,0.5303088347479249,0.5303088347479249,0.5303088347479249
408,0.755850048661959,0.7758500486619591,0.765850048661959,0.765850048661959,0.745850048661959,0.755850048661959,0.765850048661959,0.7758500486619591,0.7758500486619591,0.765850048661959,0.7858500486619591,0.7858500486619591,0.765850048661959
409,0.7984583237134989,0.8084583237134989,0.7984583237134989,0.8084583237134989,0.7784583237134989,0.7784583237134989,0.7684583237134989,0.7684583237134989,0.7584583237134989,0.7684583237134989,0.7684583237134989,0.7834583237134989,0.7634583237134989
410,0.5492993178208693,0.5392993178208693,0.5392993178208693,0.5392993178208693,0.5392993178208693,0.5592993178208693,0.5692993178208693,0.5592993178208693,0.5592993178208693,0.5592993178208693,0.5392993178208693,0.5292993178208693,0.5192993178208692
411,0.7995813772705175,0.8095813772705175,0.8095813772705175,0.8095813772705175,0.8095813772705175,0.8195813772705175,0.8395813772705175,0.8395813772705175,0.8395813772705175,0.8295813772705175,0.8295813772705175,0.8395813772705175,0.8395813772705175
412,0.6344935899280759,0.6444935899280759,0.6544935899280759,0.6444935899280759,0.6444935899280759,0.6544935899280759,0.6544935899280759,0.664493589928076,0.674493589928076,0.669493589928076,0.6594935899280759,0.6594935899280759,0.6494935899280759
413,0.6452539851271398,0.6552539851271398,0.6352539851271398,0.6252539851271398,0.6552539851271398,0.6552539851271398,0.6652539851271398,0.6652539851271398,0.6652539851271398,0.6452539851271398,0.6552539851271398,0.6652539851271398,0.6652539851271398
414,0.8810349394835006,0.8810349394835006,0.9110349394835007,0.9010349394835007,0.8760349394835006,0.8660349394835006,0.8860349394835006,0.8860349394835006,0.8760349394835006,0.8760349394835006,0.8860349394835006,0.8860349394835006,0.8760349394835006
415,0.5573220469740124,0.5673220469740125,0.5473220469740124,0.5473220469740124,0.5473220469740124,0.5473220469740124,0.5473220469740124,0.5473220469740124,0.5473220469740124,0.5273220469740124,0.5423220469740124,0.5423220469740124,0.5423220469740124
416,0.9119283600618584,0.9419283600618584,0.9419283600618584,0.9269283600618584,0.9169283600618584,0.8869283600618584,0.8669283600618584,0.8669283600618584,0.8669283600618584,0.8769283600618584,0.8669283600618584,0.8669283600618584,0.8669283600618584
417,0.560485611962712,0.5404856119627119,0.560485611962712,0.550485611962712,0.550485611962712,0.550485611962712,0.550485611962712,0.550485611962712,0.560485611962712,0.570485611962712,0.560485611962712,0.5404856119627119,0.5404856119627119
418,0.8930929067125197,0.9030929067125197,0.9030929067125197,0.9030929067125197,0.8730929067125197,0.8730929067125197,0.8930929067125197,0.9030929067125197,0.8830929067125197,0.8830929067125197,0.8830929067125197,0.8830929067125197,0.8730929067125197
419,0.6924898408560514,0.6924898408560514,0.7124898408560514,0.6924898408560514,0.6824898408560514,0.6524898408560513,0.6624898408560513,0.6774898408560514,0.6774898408560514,0.6674898408560513,0.6474898408560513,0.6674898408560513,0.6474898408560513
420,0.7745322279403793,0.7645322279403793,0.7645322279403793,0.7645322279403793,0.7545322279403793,0.7445322279403793,0.7445322279403793,0.7745322279403793,0.7845322279403794,0.7845322279403794,0.7745322279403793,0.7745322279403793,0.7745322279403793
421,0.7511177260345046,0.7711177260345046,0.7711177260345046,0.7711177260345046,0.7711177260345046,0.7811177260345046,0.7661177260345046,0.7461177260345045,0.7461177260345045,0.7161177260345045,0.7261177260345045,0.7161177260345045,0.7261177260345045
422,0.6587366055030941,0.6587366055030941,0.6487366055030941,0.6287366055030941,0.6287366055030941,0.6387366055030941,0.6587366055030941,0.6587366055030941,0.6587366055030941,0.6687366055030941,0.6687366055030941,0.6487366055030941,0.6287366055030941
423,0.9159908816800197,0.8959908816800197,0.9209908816800197,0.9209908816800197,0.8909908816800197,0.8909908816800197,0.9109908816800197,0.9109908816800197,0.9309908816800198,0.9509908816800198,0.9409908816800198,0.9509908816800198,0.9409908816800198
424,0.4801856921835227,0.4801856921835227,0.4801856921835227,0.5201856921835227,0.5201856921835227,0.5151856921835227,0.5051856921835227,0.5051856921835227,0.5051856921835227,0.4951856921835227,0.5151856921835227,0.5051856921835227,0.5151856921835227
425,0.7153952573492972,0.7153952573492972,0.7253952573492972,0.7153952573492972,0.7053952573492972,0.6853952573492972,0.6853952573492972,0.6853952573492972,0.6853952573492972,0.7003952573492972,0.6903952573492972,0.6903952573492972,0.6803952573492972
426,0.7227563014496801,0.71275630144968,0.71275630144968,0.7227563014496801,0.7327563014496801,0.7327563014496801,0.7327563014496801,0.7227563014496801,0.70275630144968,0.69275630144968,0.70275630144968,0.70275630144968,0.71275630144968
427,0.8579575774561252,0.8579575774561252,0.8679575774561252,0.8579575774561252,0.8679575774561252,0.8579575774561252,0.8279575774561252,0.8179575774561252,0.8179575774561252,0.8379575774561252,0.8279575774561252,0.8479575774561252,0.8679575774561252
428,0.7059682373644667,0.7259682373644667,0.7359682373644667,0.7359682373644667,0.7259682373644667,0.7359682373644667,0.7459682373644667,0.7409682373644667,0.7309682373644667,0.7309682373644667,0.7309682373644667,0.7209682373644667,0.7209682373644667
429,0.5542247293424625,0.5642247293424625,0.5742247293424625,0.5842247293424625,0.5842247293424625,0.5542247293424625,0.5642247293424625,0.5542247293424625,0.5442247293424625,0.5642247293424625,0.5942247293424625,0.5942247293424625,0.5892247293424625
430,0.7810737475941238,0.7810737475941238,0.7810737475941238,0.7610737475941238,0.7610737475941238,0.7510737475941238,0.7510737475941238,0.7660737475941238,0.7460737475941238,0.7460737475941238,0.7560737475941238,0.7560737475941238,0.7460737475941238
431,0.8800669692703271,0.9000669692703271,0.9000669692703271,0.9100669692703272,0.9200669692703272,0.9150669692703272,0.9050669692703271,0.9050669692703271,0.9050669692703271,0.9050669692703271,0.9050669692703271,0.9050669692703271,0.9050669692703271
432,0.7572668961776003,0.7672668961776004,0.7472668961776003,0.7472668961776003,0.7472668961776003,0.7772668961776004,0.7972668961776004,0.7922668961776004,0.7822668961776004,0.7722668961776004,0.7722668961776004,0.7722668961776004,0.7722668961776004
433,0.6360722270115065,0.6260722270115064,0.6260722270115064,0.6160722270115064,0.6360722270115065,0.6460722270115065,0.6460722270115065,0.6460722270115065,0.6560722270115065,0.6460722270115065,0.6560722270115065,0.6460722270115065,0.6460722270115065
434,0.8020624283373238,0.8320624283373238,0.8320624283373238,0.8420624283373238,0.8220624283373238,0.8420624283373238,0.8420624283373238,0.8370624283373238,0.8370624283373238,0.8370624283373238,0.8370624283373238,0.8170624283373238,0.8270624283373238
435,0.40500914244977726,0.40500914244977726,0.39500914244977725,0.37500914244977723,0.37500914244977723,0.3650091424497772,0.3650091424497772,0.38500914244977724,0.39500914244977725,0.40500914244977726,0.40500914244977726,0.40500914244977726,0.40500914244977726
436,0.7027629167759122,0.6927629167759122,0.7027629167759122,0.7227629167759122,0.6977629167759122,0.6977629167759122,0.7077629167759122,0.7177629167759122,0.7177629167759122,0.7177629167759122,0.7177629167759122,0.7377629167759122,0.7277629167759122
437,1.0,0.99,1.0,1.0,0.98,0.98,0.96,0.99,0.98,0.97,0.94,0.94,0.945
438,0.7344453550419411,0.7344453550419411,0.7244453550419411,0.7244453550419411,0.7344453550419411,0.7344453550419411,0.7244453550419411,0.7344453550419411,0.7344453550419411,0.7144453550419411,0.7144453550419411,0.7044453550419411,0.694445355041941
439,0.8764595614809001,0.8664595614809001,0.8364595614809001,0.8414595614809001,0.8414595614809001,0.8514595614809001,0.8614595614809001,0.8714595614809001,0.8714595614809001,0.8614595614809001,0.8514595614809001,0.8514595614809001,0.8614595614809001
440,0.7602340658371743,0.7702340658371744,0.7802340658371744,0.7802340658371744,0.7902340658371744,0.7902340658371744,0.7802340658371744,0.7702340658371744,0.7702340658371744,0.7702340658371744,0.7702340658371744,0.7902340658371744,0.7802340658371744
441,0.9126943095257452,0.9126943095257452,0.9126943095257452,0.9326943095257452,0.9076943095257451,0.9076943095257451,0.8976943095257451,0.9076943095257451,0.9276943095257452,0.9176943095257452,0.9376943095257452,0.9376943095257452,0.9276943095257452
442,0.5521062691170862,0.5321062691170861,0.5221062691170861,0.5371062691170861,0.5271062691170861,0.5271062691170861,0.5271062691170861,0.5271062691170861,0.5271062691170861,0.5271062691170861,0.5371062691170861,0.5471062691170862,0.5371062691170861
443,0.8370334704493947,0.8370334704493947,0.8270334704493947,0.8170334704493947,0.8070334704493947,0.7970334704493947,0.8070334704493947,0.8070334704493947,0.7970334704493947,0.8020334704493947,0.8020334704493947,0.8220334704493947,0.8320334704493947
444,0.8485510519496208,0.8485510519496208,0.8685510519496208,0.8585510519496208,0.8585510519496208,0.8585510519496208,0.8485510519496208,0.8485510519496208,0.8585510519496208,0.8685510519496208,0.8685510519496208,0.8585510519496208,0.8385510519496208
445,0.9607321905274855,0.9307321905274855,0.9307321905274855,0.9457321905274855,0.9357321905274855,0.9157321905274854,0.9157321905274854,0.9157321905274854,0.9357321905274855,0.9357321905274855,0.9357321905274855,0.9357321905274855,0.9457321905274855
446,0.9574262094398653,0.9674262094398653,0.9574262094398653,0.9574262094398653,0.9974262094398654,0.9774262094398654,0.9474262094398653,0.9374262094398653,0.9274262094398653,0.9374262094398653,0.9374262094398653,0.9374262094398653,0.9274262094398653
447,0.8647903068088814,0.8447903068088813,0.8547903068088814,0.8347903068088813,0.8447903068088813,0.8347903068088813,0.8347903068088813,0.8447903068088813,0.8347903068088813,0.8347903068088813,0.8347903068088813,0.8347903068088813,0.8547903068088814
448,0.5712365121774291,0.5712365121774291,0.5712365121774291,0.5712365121774291,0.5712365121774291,0.5712365121774291,0.5812365121774291,0.5612365121774291,0.5612365121774291,0.5512365121774291,0.5412365121774291,0.5412365121774291,0.5412365121774291
449,0.9305763835419503,0.9305763835419503,0.9305763835419503,0.9205763835419503,0.9005763835419502,0.9205763835419503,0.9555763835419503,0.9455763835419503,0.9555763835419503,0.9555763835419503,0.9455763835419503,0.9455763835419503,0.9355763835419503
450,0.6393716741496224,0.6393716741496224,0.6393716741496224,0.6693716741496224,0.6793716741496224,0.6593716741496224,0.6593716741496224,0.6593716741496224,0.6493716741496224,0.6493716741496224,0.6293716741496224,0.6293716741496224,0.6193716741496224
451,0.5989708752682409,0.5889708752682409,0.5889708752682409,0.5889708752682409,0.5889708752682409,0.5989708752682409,0.5989708752682409,0.6189708752682409,0.6189708752682409,0.6189708752682409,0.6289708752682409,0.6289708752682409,0.6289708752682409
452,0.6519079238449345,0.6519079238449345,0.6519079238449345,0.6419079238449344,0.6419079238449344,0.6519079238449345,0.6519079238449345,0.6519079238449345,0.6519079238449345,0.6519079238449345,0.6519079238449345,0.6719079238449345,0.6819079238449345
453,0.8033465383439224,0.7833465383439224,0.7833465383439224,0.7833465383439224,0.8033465383439224,0.7933465383439224,0.7933465383439224,0.7733465383439224,0.7633465383439224,0.7683465383439224,0.7683465383439224,0.7783465383439224,0.7783465383439224
454,0.8013906827905234,0.8113906827905234,0.8013906827905234,0.8013906827905234,0.8013906827905234,0.7913906827905234,0.7913906827905234,0.8013906827905234,0.7913906827905234,0.7913906827905234,0.8013906827905234,0.8113906827905234,0.8113906827905234
455,0.6512122751877172,0.6412122751877172,0.6212122751877172,0.6212122751877172,0.6412122751877172,0.6412122751877172,0.6412122751877172,0.6112122751877171,0.6162122751877172,0.6162122751877172,0.6162122751877172,0.6262122751877172,0.6362122751877172
456,0.6963233844553506,0.6963233844553506,0.7163233844553506,0.7163233844553506,0.7263233844553506,0.7363233844553506,0.7263233844553506,0.7263233844553506,0.7063233844553506,0.7063233844553506,0.7063233844553506,0.7063233844553506,0.7163233844553506
457,0.9371712310415214,0.9371712310415214,0.9371712310415214,0.9471712310415215,0.9471712310415215,0.9471712310415215,0.9571712310415215,0.9571712310415215,0.9571712310415215,0.9371712310415214,0.9471712310415215,0.9471712310415215,0.9471712310415215
458,0.7827211422681003,0.7827211422681003,0.7727211422681003,0.7927211422681003,0.7927211422681003,0.7927211422681003,0.7927211422681003,0.7827211422681003,0.7827211422681003,0.7827211422681003,0.7827211422681003,0.7627211422681003,0.7527211422681003
459,0.8326942596782955,0.8226942596782955,0.8226942596782955,0.8126942596782954,0.8226942596782955,0.8126942596782954,0.7926942596782954,0.8126942596782954,0.8226942596782955,0.8126942596782954,0.8126942596782954,0.8126942596782954,0.8226942596782955
460,0.732385677049348,0.732385677049348,0.712385677049348,0.712385677049348,0.712385677049348,0.712385677049348,0.712385677049348,0.712385677049348,0.712385677049348,0.712385677049348,0.712385677049348,0.712385677049348,0.722385677049348
461,0.8509574768216598,0.8509574768216598,0.8509574768216598,0.8909574768216598,0.8809574768216598,0.8809574768216598,0.8909574768216598,0.8859574768216598,0.8859574768216598,0.8859574768216598,0.8759574768216598,0.8759574768216598,0.8759574768216598
462,0.7220453149231559,0.7320453149231559,0.7320453149231559,0.7020453149231559,0.7020453149231559,0.7120453149231559,0.7120453149231559,0.7120453149231559,0.7120453149231559,0.7320453149231559,0.7220453149231559,0.7120453149231559,0.7120453149231559
463,0.8325716811610211,0.8025716811610211,0.8025716811610211,0.7925716811610211,0.8125716811610211,0.8125716811610211,0.8125716811610211,0.8225716811610211,0.8125716811610211,0.8125716811610211,0.8225716811610211,0.8225716811610211,0.8425716811610211
464,0.7274119863600099,0.7474119863600099,0.7374119863600099,0.7374119863600099,0.7274119863600099,0.7274119863600099,0.7274119863600099,0.7174119863600099,0.7074119863600099,0.7074119863600099,0.7074119863600099,0.6974119863600099,0.6974119863600099
465,0.5468911939177352,0.5368911939177352,0.5468911939177352,0.5468911939177352,0.5268911939177352,0.5268911939177352,0.5268911939177352,0.5268911939177352,0.5268911939177352,0.5268911939177352,0.5468911939177352,0.5568911939177352,0.5168911939177352
466,0.8225499312840051,0.8025499312840051,0.8225499312840051,0.8225499312840051,0.8125499312840051,0.8125499312840051,0.8225499312840051,0.8225499312840051,0.8225499312840051,0.7925499312840051,0.8075499312840051,0.7975499312840051,0.7875499312840051
467,0.48707363427129347,0.48707363427129347,0.46707363427129345,0.46707363427129345,0.47707363427129346,0.47707363427129346,0.48707363427129347,0.48707363427129347,0.48707363427129347,0.47707363427129346,0.46707363427129345,0.46707363427129345,0.47707363427129346
468,0.7361570830934597,0.7361570830934597,0.7261570830934597,0.7361570830934597,0.7561570830934597,0.7561570830934597,0.7461570830934597,0.7461570830934597,0.7461570830934597,0.7461570830934597,0.7561570830934597,0.7661570830934598,0.7761570830934598
469,0.6242180845475653,0.6142180845475653,0.6142180845475653,0.6042180845475653,0.6142180845475653,0.6042180845475653,0.6042180845475653,0.6042180845475653,0.6242180845475653,0.6442180845475654,0.6442180845475654,0.6442180845475654,0.6442180845475654
470,0.6067824080892829,0.6067824080892829,0.6267824080892829,0.6167824080892829,0.6267824080892829,0.6167824080892829,0.6167824080892829,0.6067824080892829,0.6267824080892829,0.6267824080892829,0.6267824080892829,0.6267824080892829,0.6267824080892829
471,0.7115769302425099,0.7215769302425099,0.7315769302425099,0.7315769302425099,0.7415769302425099,0.7515769302425099,0.7515769302425099,0.7515769302425099,0.7465769302425099,0.7465769302425099,0.7365769302425099,0.7165769302425099,0.7165769302425099
472,0.6310334824128259,0.6310334824128259,0.6210334824128259,0.6210334824128259,0.6110334824128258,0.6310334824128259,0.6410334824128259,0.6310334824128259,0.6410334824128259,0.6410334824128259,0.6110334824128258,0.6110334824128258,0.6410334824128259
473,0.7195010538804338,0.7095010538804338,0.7095010538804338,0.7095010538804338,0.6895010538804338,0.7095010538804338,0.7095010538804338,0.7095010538804338,0.6995010538804338,0.6995010538804338,0.7095010538804338,0.7195010538804338,0.6995010538804338
474,0.8022968363988717,0.7822968363988717,0.7822968363988717,0.7922968363988717,0.7922968363988717,0.7822968363988717,0.7822968363988717,0.7822968363988717,0.7922968363988717,0.7822968363988717,0.7922968363988717,0.7922968363988717,0.7922968363988717
475,0.7317624451133092,0.7217624451133092,0.7217624451133092,0.7017624451133092,0.7017624451133092,0.7117624451133092,0.7017624451133092,0.7017624451133092,0.7017624451133092,0.7017624451133092,0.7017624451133092,0.7117624451133092,0.6917624451133092
476,0.8519102236387343,0.8319102236387342,0.8319102236387342,0.8319102236387342,0.8319102236387342,0.8219102236387342,0.8219102236387342,0.8219102236387342,0.8119102236387342,0.8119102236387342,0.8119102236387342,0.8119102236387342,0.8219102236387342
477,0.7464885540567777,0.7564885540567777,0.7664885540567777,0.7864885540567778,0.7764885540567777,0.7464885540567777,0.7364885540567777,0.7164885540567777,0.7164885540567777,0.7164885540567777,0.7164885540567777,0.7064885540567777,0.7064885540567777
478,0.6096123463147489,0.5996123463147489,0.5896123463147489,0.5996123463147489,0.5996123463147489,0.5896123463147489,0.5696123463147489,0.5696123463147489,0.5696123463147489,0.5796123463147489,0.5946123463147489,0.6246123463147489,0.6246123463147489
479,0.5895032119502628,0.5795032119502628,0.5595032119502628,0.5595032119502628,0.5695032119502628,0.5495032119502627,0.5595032119502628,0.5595032119502628,0.5695032119502628,0.5695032119502628,0.5795032119502628,0.5795032119502628,0.5895032119502628
480,0.8657227700874428,0.8657227700874428,0.8657227700874428,0.8757227700874428,0.8757227700874428,0.8857227700874428,0.8857227700874428,0.8957227700874428,0.8957227700874428,0.8957227700874428,0.9057227700874428,0.8957227700874428,0.8807227700874428
481,0.8541142306924426,0.8541142306924426,0.8441142306924426,0.8441142306924426,0.8441142306924426,0.8541142306924426,0.8741142306924427,0.8741142306924427,0.8741142306924427,0.8941142306924427,0.8941142306924427,0.8941142306924427,0.8841142306924427
482,0.7213766904121692,0.7113766904121692,0.7113766904121692,0.7113766904121692,0.7013766904121692,0.6913766904121692,0.6913766904121692,0.7013766904121692,0.7013766904121692,0.7013766904121692,0.7013766904121692,0.7013766904121692,0.7013766904121692
483,0.7492841078841664,0.7592841078841664,0.7592841078841664,0.7592841078841664,0.7592841078841664,0.7592841078841664,0.7892841078841665,0.7892841078841665,0.7842841078841665,0.7742841078841665,0.7842841078841665,0.7842841078841665,0.7642841078841665
484,0.6959878308823308,0.6959878308823308,0.6959878308823308,0.7059878308823309,0.6959878308823308,0.6959878308823308,0.7159878308823309,0.7159878308823309,0.7059878308823309,0.7059878308823309,0.7059878308823309,0.6859878308823308,0.7059878308823309
485,0.5494856573820457,0.5494856573820457,0.5494856573820457,0.5294856573820457,0.5294856573820457,0.5294856573820457,0.5194856573820457,0.5294856573820457,0.5394856573820457,0.5094856573820457,0.5144856573820457,0.5244856573820457,0.5144856573820457
486,0.8220121507300561,0.8120121507300561,0.802012150730056,0.8120121507300561,0.8120121507300561,0.8120121507300561,0.802012150730056,0.802012150730056,0.802012150730056,0.782012150730056,0.782012150730056,0.787012150730056,0.807012150730056
487,0.7556904948267025,0.7556904948267025,0.7756904948267025,0.7756904948267025,0.7756904948267025,0.7756904948267025,0.7556904948267025,0.7356904948267025,0.7356904948267025,0.7456904948267025,0.7356904948267025,0.7256904948267024,0.7256904948267024
488,0.6975613333650412,0.6975613333650412,0.6975613333650412,0.6875613333650412,0.6775613333650412,0.6975613333650412,0.6775613333650412,0.6775613333650412,0.6775613333650412,0.6775613333650412,0.6775613333650412,0.6775613333650412,0.6775613333650412
489,0.5797095486174293,0.5697095486174293,0.5997095486174293,0.5997095486174293,0.6097095486174293,0.6097095486174293,0.6097095486174293,0.5897095486174293,0.6097095486174293,0.5997095486174293,0.5997095486174293,0.5897095486174293,0.5797095486174293
490,0.8178662162600487,0.8178662162600487,0.7978662162600487,0.7978662162600487,0.7878662162600487,0.7878662162600487,0.7878662162600487,0.7878662162600487,0.7878662162600487,0.7878662162600487,0.7878662162600487,0.7878662162600487,0.8078662162600487
491,0.6711977992569825,0.6511977992569825,0.6611977992569825,0.6411977992569825,0.6411977992569825,0.6411977992569825,0.6561977992569825,0.6661977992569825,0.6561977992569825,0.6461977992569825,0.6461977992569825,0.6461977992569825,0.6561977992569825
492,0.7253783768678632,0.7253783768678632,0.7053783768678632,0.6953783768678632,0.6853783768678632,0.6953783768678632,0.7053783768678632,0.7053783768678632,0.7053783768678632,0.6853783768678632,0.6953783768678632,0.6853783768678632,0.6853783768678632
493,0.983203208121006,0.963203208121006,0.993203208121006,0.963203208121006,0.963203208121006,0.973203208121006,0.943203208121006,0.948203208121006,0.948203208121006,0.948203208121006,0.958203208121006,0.938203208121006,0.938203208121006
494,0.9029936158381985,0.9029936158381985,0.9029936158381985,0.9029936158381985,0.9129936158381985,0.9029936158381985,0.9129936158381985,0.9329936158381985,0.9429936158381985,0.9379936158381985,0.9079936158381985,0.9079936158381985,0.9179936158381985
495,0.5857350128945356,0.5857350128945356,0.5857350128945356,0.5857350128945356,0.5857350128945356,0.6157350128945356,0.6057350128945356,0.6057350128945356,0.6057350128945356,0.6057350128945356,0.6057350128945356,0.6257350128945356,0.6207350128945356
496,0.8594416095912021,0.8494416095912021,0.8394416095912021,0.8294416095912021,0.8294416095912021,0.8494416095912021,0.8494416095912021,0.8494416095912021,0.8594416095912021,0.8594416095912021,0.8694416095912021,0.8694416095912021,0.8694416095912021
497,0.884925652565526,0.884925652565526,0.904925652565526,0.904925652565526,0.894925652565526,0.884925652565526,0.884925652565526,0.884925652565526,0.884925652565526,0.894925652565526,0.904925652565526,0.904925652565526,0.9249256525655261
498,0.5895072404371268,0.5895072404371268,0.5795072404371268,0.5795072404371268,0.5795072404371268,0.5995072404371268,0.6195072404371268,0.6295072404371268,0.6295072404371268,0.6195072404371268,0.6195072404371268,0.6095072404371268,0.6195072404371268
499,0.6533097315957529,0.6633097315957529,0.6733097315957529,0.6533097315957529,0.6833097315957529,0.6533097315957529,0.6633097315957529,0.6633097315957529,0.6533097315957529,0.6533097315957529,0.6433097315957529,0.6333097315957529,0.6433097315957529
500,0.9053820041504609,0.8953820041504609,0.9353820041504609,0.9353820041504609,0.9353820041504609,0.9353820041504609,0.9453820041504609,0.9053820041504609,0.8953820041504609,0.8953820041504609,0.8953820041504609,0.9153820041504609,0.9153820041504609
501,0.7438559752872358,0.7438559752872358,0.7338559752872358,0.7238559752872358,0.7338559752872358,0.7338559752872358,0.7338559752872358,0.7138559752872358,0.7038559752872358,0.7088559752872358,0.7188559752872358,0.7188559752872358,0.7188559752872358
502,0.8917842527710688,0.9017842527710688,0.9217842527710688,0.9117842527710688,0.8917842527710688,0.9117842527710688,0.9117842527710688,0.8917842527710688,0.9017842527710688,0.8717842527710687,0.8717842527710687,0.8617842527710687,0.8617842527710687
503,0.706043397667687,0.686043397667687,0.6660433976676869,0.671043397667687,0.681043397667687,0.691043397667687,0.691043397667687,0.691043397667687,0.691043397667687,0.701043397667687,0.701043397667687,0.701043397667687,0.681043397667687
504,0.8366728299837901,0.8366728299837901,0.8466728299837901,0.8666728299837901,0.8516728299837901,0.8316728299837901,0.8516728299837901,0.8516728299837901,0.8516728299837901,0.8216728299837901,0.8216728299837901,0.7916728299837901,0.7916728299837901
505,0.8555347997314804,0.8555347997314804,0.8555347997314804,0.8555347997314804,0.8655347997314804,0.8855347997314804,0.8555347997314804,0.8555347997314804,0.8555347997314804,0.8555347997314804,0.8555347997314804,0.8455347997314804,0.8555347997314804
506,0.7978959320945571,0.7778959320945571,0.7878959320945571,0.7778959320945571,0.7778959320945571,0.7778959320945571,0.7578959320945571,0.7628959320945571,0.7928959320945571,0.7828959320945571,0.7828959320945571,0.7828959320945571,0.7828959320945571
507,0.939852051792892,0.929852051792892,0.919852051792892,0.949852051792892,0.959852051792892,0.969852051792892,0.969852051792892,0.959852051792892,0.959852051792892,0.969852051792892,0.969852051792892,0.969852051792892,0.979852051792892
508,0.850228564189389,0.860228564189389,0.8202285641893889,0.830228564189389,0.830228564189389,0.830228564189389,0.8102285641893889,0.8102285641893889,0.8102285641893889,0.840228564189389,0.850228564189389,0.840228564189389,0.840228564189389
509,0.7189860321839205,0.7289860321839206,0.6939860321839205,0.6839860321839205,0.6839860321839205,0.6739860321839205,0.6939860321839205,0.6939860321839205,0.7039860321839205,0.7139860321839205,0.7339860321839206,0.7539860321839206,0.7439860321839206
510,0.7443151204847784,0.7443151204847784,0.7243151204847784,0.7343151204847784,0.7543151204847784,0.7543151204847784,0.7543151204847784,0.7743151204847785,0.7843151204847785,0.7843151204847785,0.7843151204847785,0.7793151204847785,0.7793151204847785
511,0.5867023187849848,0.5767023187849848,0.5767023187849848,0.5667023187849848,0.5467023187849848,0.5467023187849848,0.5667023187849848,0.5567023187849848,0.5667023187849848,0.5767023187849848,0.5667023187849848,0.5667023187849848,0.5667023187849848
512,0.9456014346866838,0.9256014346866838,0.9156014346866838,0.9256014346866838,0.9256014346866838,0.9356014346866838,0.9256014346866838,0.9256014346866838,0.9156014346866838,0.9256014346866838,0.9156014346866838,0.9456014346866838,0.9456014346866838
513,0.8745310425782798,0.8845310425782799,0.8745310425782798,0.8545310425782798,0.8445310425782798,0.8445310425782798,0.8345310425782798,0.8445310425782798,0.8445310425782798,0.8445310425782798,0.8445310425782798,0.8545310425782798,0.8645310425782798
514,0.8208601973866718,0.8008601973866718,0.8008601973866718,0.8008601973866718,0.8108601973866718,0.8008601973866718,0.8008601973866718,0.7908601973866718,0.7808601973866718,0.7808601973866718,0.7858601973866718,0.7858601973866718,0.7958601973866718
515,0.8107355538498083,0.8307355538498084,0.8307355538498084,0.8407355538498084,0.8207355538498083,0.8207355538498083,0.8307355538498084,0.8307355538498084,0.8307355538498084,0.8057355538498083,0.7957355538498083,0.7957355538498083,0.7957355538498083
516,0.7216932916237935,0.7216932916237935,0.7216932916237935,0.7516932916237935,0.7516932916237935,0.7416932916237935,0.7216932916237935,0.7216932916237935,0.7516932916237935,0.7516932916237935,0.7616932916237935,0.7616932916237935,0.7616932916237935
517,0.8178205589982891,0.8078205589982891,0.8178205589982891,0.7978205589982891,0.7978205589982891,0.7978205589982891,0.8078205589982891,0.8078205589982891,0.8078205589982891,0.8178205589982891,0.8178205589982891,0.8278205589982891,0.8278205589982891
518,0.8714580795819967,0.8814580795819967,0.8914580795819967,0.9014580795819968,0.9014580795819968,0.9114580795819968,0.9114580795819968,0.9114580795819968,0.9114580795819968,0.9064580795819968,0.9064580795819968,0.8964580795819967,0.8764580795819967
519,0.6322681614014358,0.6522681614014358,0.6522681614014358,0.6522681614014358,0.6522681614014358,0.6622681614014359,0.6422681614014358,0.6322681614014358,0.6222681614014358,0.6322681614014358,0.6322681614014358,0.6322681614014358,0.6122681614014358
520,0.5759891307763412,0.5759891307763412,0.5759891307763412,0.5759891307763412,0.5659891307763412,0.5759891307763412,0.5659891307763412,0.5659891307763412,0.5759891307763412,0.5859891307763412,0.5859891307763412,0.5759891307763412,0.5759891307763412
521,0.6604594403134688,0.6304594403134688,0.6504594403134688,0.6404594403134688,0.6204594403134688,0.6304594403134688,0.6304594403134688,0.6504594403134688,0.6604594403134688,0.6804594403134688,0.6804594403134688,0.6904594403134688,0.6904594403134688
522,0.6687020865330955,0.6687020865330955,0.6787020865330955,0.6787020865330955,0.6787020865330955,0.6487020865330955,0.6487020865330955,0.6687020865330955,0.6687020865330955,0.6787020865330955,0.6687020865330955,0.6787020865330955,0.6787020865330955
523,0.7525835802012079,0.7525835802012079,0.7525835802012079,0.7425835802012078,0.7625835802012079,0.7525835802012079,0.7525835802012079,0.7525835802012079,0.7425835802012078,0.7325835802012078,0.7225835802012078,0.7225835802012078,0.7325835802012078
524,0.6267495468266215,0.6267495468266215,0.6267495468266215,0.6167495468266215,0.6367495468266215,0.6267495468266215,0.6367495468266215,0.6567495468266216,0.6667495468266216,0.6667495468266216,0.6667495468266216,0.6567495468266216,0.6467495468266216
525,0.7011639126966457,0.7011639126966457,0.6911639126966457,0.6811639126966457,0.6911639126966457,0.6911639126966457,0.7111639126966457,0.7211639126966457,0.7211639126966457,0.7211639126966457,0.7211639126966457,0.7311639126966457,0.7111639126966457
526,0.7201187937270285,0.7201187937270285,0.7101187937270285,0.7101187937270285,0.7101187937270285,0.7001187937270285,0.6901187937270284,0.6901187937270284,0.6801187937270284,0.6801187937270284,0.6851187937270284,0.6951187937270285,0.7051187937270285
527,0.6662074546244784,0.6662074546244784,0.6662074546244784,0.6562074546244784,0.6662074546244784,0.6762074546244784,0.6862074546244784,0.6862074546244784,0.6862074546244784,0.6862074546244784,0.6562074546244784,0.6662074546244784,0.6662074546244784
528,0.6470470036153808,0.6370470036153808,0.6470470036153808,0.6270470036153808,0.6170470036153808,0.6370470036153808,0.6370470036153808,0.6370470036153808,0.6470470036153808,0.6370470036153808,0.6370470036153808,0.6370470036153808,0.6670470036153808
529,0.7033046462583328,0.7133046462583328,0.7133046462583328,0.7033046462583328,0.7033046462583328,0.7133046462583328,0.7233046462583328,0.7233046462583328,0.7233046462583328,0.7233046462583328,0.7233046462583328,0.7033046462583328,0.7233046462583328
530,0.6781947047887864,0.6781947047887864,0.6781947047887864,0.6781947047887864,0.6781947047887864,0.6581947047887864,0.6581947047887864,0.6681947047887864,0.6681947047887864,0.6681947047887864,0.6581947047887864,0.6581947047887864,0.6781947047887864
531,0.6770710857819702,0.6870710857819702,0.6870710857819702,0.6970710857819702,0.6770710857819702,0.6770710857819702,0.6670710857819702,0.6570710857819702,0.6670710857819702,0.6670710857819702,0.6570710857819702,0.6670710857819702,0.6670710857819702
532,0.7464498833235571,0.7464498833235571,0.7564498833235571,0.7664498833235571,0.7464498833235571,0.7464498833235571,0.7364498833235571,0.7364498833235571,0.7364498833235571,0.7364498833235571,0.7364498833235571,0.7364498833235571,0.7364498833235571
533,0.7044561244727441,0.6944561244727441,0.6744561244727441,0.664456124472744,0.664456124472744,0.6744561244727441,0.6894561244727441,0.7094561244727441,0.7194561244727441,0.7094561244727441,0.6894561244727441,0.6894561244727441,0.669456124472744
534,0.6393479642897781,0.6393479642897781,0.6393479642897781,0.6593479642897782,0.6493479642897781,0.6493479642897781,0.6493479642897781,0.6493479642897781,0.6493479642897781,0.6393479642897781,0.6393479642897781,0.6293479642897781,0.6193479642897781
535,0.9005546262418751,0.9005546262418751,0.9205546262418751,0.9305546262418751,0.9305546262418751,0.9155546262418751,0.9255546262418751,0.9155546262418751,0.9255546262418751,0.9055546262418751,0.9155546262418751,0.9055546262418751,0.8955546262418751
536,0.8322429462814498,0.8322429462814498,0.8422429462814498,0.8422429462814498,0.8522429462814498,0.8622429462814498,0.8522429462814498,0.8622429462814498,0.8622429462814498,0.8422429462814498,0.8322429462814498,0.8422429462814498,0.8722429462814498
537,0.5930906815569309,0.5830906815569309,0.5830906815569309,0.5830906815569309,0.5730906815569309,0.5630906815569309,0.5630906815569309,0.5830906815569309,0.5830906815569309,0.5730906815569309,0.5630906815569309,0.5780906815569309,0.5680906815569309
538,0.766388418591036,0.756388418591036,0.786388418591036,0.786388418591036,0.786388418591036,0.786388418591036,0.776388418591036,0.756388418591036,0.756388418591036,0.766388418591036,0.756388418591036,0.776388418591036,0.776388418591036
539,0.9689998778360702,0.9289998778360702,0.9489998778360702,0.9489998778360702,0.9589998778360702,0.9689998778360702,0.9689998778360702,0.9689998778360702,0.9689998778360702,0.9389998778360702,0.9289998778360702,0.9289998778360702,0.9339998778360702
540,0.7544831598196532,0.7744831598196532,0.7744831598196532,0.7744831598196532,0.7644831598196532,0.7644831598196532,0.7644831598196532,0.7644831598196532,0.7644831598196532,0.7644831598196532,0.7644831598196532,0.7544831598196532,0.7544831598196532
541,0.6625721249362366,0.6525721249362366,0.6525721249362366,0.6425721249362366,0.6425721249362366,0.6325721249362366,0.6225721249362366,0.6325721249362366,0.6525721249362366,0.6525721249362366,0.6525721249362366,0.6625721249362366,0.6625721249362366
542,0.8615182405296126,0.8615182405296126,0.8615182405296126,0.8615182405296126,0.8615182405296126,0.8715182405296126,0.9015182405296126,0.8965182405296126,0.8865182405296126,0.8665182405296126,0.8665182405296126,0.8565182405296126,0.8465182405296126
543,0.6492018881528742,0.6492018881528742,0.6392018881528742,0.6292018881528741,0.6192018881528741,0.6192018881528741,0.6092018881528741,0.6142018881528741,0.6142018881528741,0.6142018881528741,0.6442018881528742,0.6542018881528742,0.6742018881528742
544,0.9201622354039557,0.9201622354039557,0.9301622354039557,0.9501622354039557,0.9401622354039557,0.9601622354039557,0.9501622354039557,0.9601622354039557,0.9601622354039557,0.9551622354039557,0.9551622354039557,0.9451622354039557,0.9551622354039557
545,0.6242482799307987,0.6142482799307987,0.6042482799307987,0.6242482799307987,0.6342482799307987,0.6342482799307987,0.6442482799307987,0.6242482799307987,0.6242482799307987,0.6342482799307987,0.6342482799307987,0.6242482799307987,0.6342482799307987
546,0.9239808909336505,0.9039808909336505,0.9039808909336505,0.8939808909336505,0.8939808909336505,0.9089808909336505,0.8989808909336505,0.8889808909336505,0.8989808909336505,0.8989808909336505,0.8889808909336505,0.8989808909336505,0.8889808909336505
547,0.8133388502897677,0.8033388502897677,0.8033388502897677,0.8033388502897677,0.8033388502897677,0.8133388502897677,0.8433388502897677,0.8233388502897677,0.8233388502897677,0.8233388502897677,0.8133388502897677,0.8133388502897677,0.8033388502897677
548,0.792211982872686,0.802211982872686,0.802211982872686,0.822211982872686,0.832211982872686,0.827211982872686,0.827211982872686,0.807211982872686,0.807211982872686,0.817211982872686,0.8372119828726861,0.827211982872686,0.827211982872686
549,0.8582531396802935,0.8582531396802935,0.8582531396802935,0.8582531396802935,0.8582531396802935,0.8582531396802935,0.8782531396802935,0.8682531396802935,0.8582531396802935,0.8482531396802935,0.8482531396802935,0.8482531396802935,0.8382531396802935
550,0.9212230851369462,0.8912230851369461,0.9012230851369462,0.8912230851369461,0.8912230851369461,0.8912230851369461,0.9062230851369462,0.8962230851369462,0.8862230851369461,0.8962230851369462,0.8962230851369462,0.8962230851369462,0.8862230851369461
551,0.6087944204427175,0.6187944204427175,0.5987944204427175,0.6287944204427175,0.6387944204427175,0.6237944204427175,0.6237944204427175,0.6237944204427175,0.6237944204427175,0.6237944204427175,0.6137944204427175,0.6137944204427175,0.6037944204427175
552,0.6797421199351537,0.6797421199351537,0.6797421199351537,0.6797421199351537,0.6797421199351537,0.6997421199351537,0.6997421199351537,0.7097421199351537,0.6897421199351537,0.6797421199351537,0.6997421199351537,0.7097421199351537,0.7097421199351537
553,0.7621254712257464,0.7621254712257464,0.7521254712257464,0.7621254712257464,0.7721254712257464,0.7721254712257464,0.7721254712257464,0.7521254712257464,0.7521254712257464,0.7521254712257464,0.7821254712257464,0.8021254712257464,0.7921254712257464
554,0.8090595347737366,0.8090595347737366,0.8090595347737366,0.8090595347737366,0.8090595347737366,0.8390595347737366,0.8490595347737366,0.8390595347737366,0.8390595347737366,0.8490595347737366,0.8440595347737366,0.8440595347737366,0.8440595347737366
555,0.992744575689543,1.0,0.99,1.0,1.0,1.0,1.0,1.0,0.95,0.95,0.95,0.97,0.98
556,0.9028880991086596,0.9228880991086597,0.9328880991086597,0.9178880991086596,0.9378880991086597,0.9278880991086597,0.9478880991086597,0.9478880991086597,0.9478880991086597,0.9478880991086597,0.9278880991086597,0.9178880991086596,0.9178880991086596
557,0.8262060129361739,0.8362060129361739,0.8362060129361739,0.8362060129361739,0.8362060129361739,0.8262060129361739,0.8162060129361739,0.8062060129361739,0.8062060129361739,0.8162060129361739,0.7962060129361739,0.7962060129361739,0.7962060129361739
558,0.6096792633134115,0.6096792633134115,0.6096792633134115,0.5996792633134115,0.5796792633134115,0.5796792633134115,0.5946792633134115,0.6146792633134115,0.6146792633134115,0.6146792633134115,0.6146792633134115,0.6046792633134115,0.6246792633134115
559,0.6346085194167875,0.6346085194167875,0.6246085194167875,0.6246085194167875,0.6046085194167875,0.6196085194167875,0.6196085194167875,0.6196085194167875,0.6396085194167875,0.6496085194167875,0.6496085194167875,0.6596085194167876,0.6596085194167876
560,0.7597692002957259,0.7497692002957259,0.7497692002957259,0.7597692002957259,0.7497692002957259,0.7797692002957259,0.7797692002957259,0.7397692002957259,0.7597692002957259,0.7697692002957259,0.7697692002957259,0.7497692002957259,0.7797692002957259
561,0.8411117474813073,0.8411117474813073,0.8511117474813074,0.8711117474813074,0.8711117474813074,0.8611117474813074,0.8361117474813073,0.8461117474813074,0.8261117474813073,0.8161117474813073,0.8161117474813073,0.8261117474813073,0.8261117474813073
562,0.9272468634570612,0.9272468634570612,0.9372468634570612,0.9072468634570612,0.8972468634570612,0.9072468634570612,0.9072468634570612,0.9172468634570612,0.8872468634570612,0.8972468634570612,0.8972468634570612,0.8972468634570612,0.8972468634570612
563,0.7484378290456785,0.7484378290456785,0.7484378290456785,0.7584378290456785,0.7584378290456785,0.7584378290456785,0.7484378290456785,0.7484378290456785,0.7484378290456785,0.7484378290456785,0.7484378290456785,0.7284378290456784,0.7084378290456784
564,0.622018543148667,0.612018543148667,0.612018543148667,0.612018543148667,0.612018543148667,0.612018543148667,0.642018543148667,0.632018543148667,0.632018543148667,0.632018543148667,0.612018543148667,0.612018543148667,0.612018543148667
565,0.6989504783033506,0.6689504783033505,0.6689504783033505,0.6789504783033505,0.6789504783033505,0.6789504783033505,0.6789504783033505,0.6789504783033505,0.6789504783033505,0.6589504783033505,0.6639504783033505,0.6639504783033505,0.6639504783033505
566,0.6461907703209369,0.6361907703209368,0.6361907703209368,0.6361907703209368,0.6461907703209369,0.6361907703209368,0.6261907703209368,0.6061907703209368,0.6061907703209368,0.6061907703209368,0.6061907703209368,0.6261907703209368,0.6261907703209368
567,0.7445382470838542,0.7645382470838542,0.7545382470838542,0.7545382470838542,0.7545382470838542,0.7445382470838542,0.7545382470838542,0.7545382470838542,0.7645382470838542,0.7445382470838542,0.7545382470838542,0.7645382470838542,0.7745382470838542
568,0.5830728266694127,0.5930728266694127,0.5730728266694127,0.5730728266694127,0.5530728266694127,0.5530728266694127,0.5680728266694127,0.5680728266694127,0.5580728266694127,0.5580728266694127,0.5780728266694127,0.5880728266694127,0.5980728266694127
569,0.895866238200502,0.905866238200502,0.905866238200502,0.905866238200502,0.9358662382005021,0.9358662382005021,0.9308662382005021,0.9308662382005021,0.9208662382005021,0.9208662382005021,0.9308662382005021,0.9308662382005021,0.9208662382005021
570,0.8520177693856241,0.8520177693856241,0.8320177693856241,0.8320177693856241,0.8120177693856241,0.8120177693856241,0.8120177693856241,0.8120177693856241,0.8120177693856241,0.8120177693856241,0.8120177693856241,0.8120177693856241,0.8170177693856241
571,0.7939600819883167,0.7939600819883167,0.7939600819883167,0.7939600819883167,0.7939600819883167,0.7739600819883167,0.7739600819883167,0.7739600819883167,0.7739600819883167,0.7739600819883167,0.7739600819883167,0.7839600819883167,0.7839600819883167
572,0.9584178293323219,0.9784178293323219,0.9684178293323219,0.9684178293323219,0.9984178293323219,0.9984178293323219,0.9934178293323219,0.9934178293323219,0.9934178293323219,0.9934178293323219,0.9834178293323219,0.9834178293323219,0.9634178293323219
573,0.5488304117462399,0.5488304117462399,0.5388304117462399,0.5388304117462399,0.5288304117462399,0.5188304117462399,0.5188304117462399,0.5088304117462399,0.5188304117462399,0.5188304117462399,0.5088304117462399,0.5088304117462399,0.5088304117462399
574,0.6783236779738336,0.6883236779738336,0.6683236779738336,0.6683236779738336,0.6683236779738336,0.6683236779738336,0.6683236779738336,0.6583236779738336,0.6583236779738336,0.6683236779738336,0.6583236779738336,0.6483236779738336,0.6633236779738336
575,0.8234462127699249,0.8434462127699249,0.8434462127699249,0.8334462127699249,0.8334462127699249,0.8334462127699249,0.8134462127699249,0.8034462127699249,0.8034462127699249,0.8134462127699249,0.8234462127699249,0.8034462127699249,0.8034462127699249
576,0.7908782529286981,0.7908782529286981,0.7908782529286981,0.7908782529286981,0.7908782529286981,0.7908782529286981,0.7908782529286981,0.7808782529286981,0.7808782529286981,0.770878252928698,0.770878252928698,0.7808782529286981,0.7808782529286981
577,1.0,1.0,1.0,1.0,0.99,1.0,1.0,1.0,1.0,1.0,1.0,0.99,1.0
578,0.7580261488964786,0.7580261488964786,0.7580261488964786,0.7480261488964786,0.7580261488964786,0.7780261488964786,0.7780261488964786,0.7780261488964786,0.7530261488964786,0.7630261488964786,0.7630261488964786,0.7530261488964786,0.7430261488964786
579,0.774195441113444,0.784195441113444,0.814195441113444,0.814195441113444,0.814195441113444,0.814195441113444,0.814195441113444,0.814195441113444,0.809195441113444,0.779195441113444,0.789195441113444,0.789195441113444,0.799195441113444
580,0.5945774119038935,0.5945774119038935,0.5745774119038934,0.5645774119038934,0.5745774119038934,0.5945774119038935,0.5845774119038935,0.5845774119038935,0.5845774119038935,0.6345774119038935,0.6345774119038935,0.6345774119038935,0.6295774119038935
581,0.8266862064456928,0.8566862064456928,0.8466862064456928,0.8466862064456928,0.8366862064456928,0.8366862064456928,0.8466862064456928,0.8466862064456928,0.8466862064456928,0.8266862064456928,0.8266862064456928,0.8166862064456928,0.8166862064456928
582,0.7868475055494915,0.7868475055494915,0.7868475055494915,0.7568475055494914,0.7468475055494914,0.7468475055494914,0.7768475055494914,0.7868475055494915,0.7968475055494915,0.7968475055494915,0.7968475055494915,0.7968475055494915,0.7968475055494915
583,0.7633717790101135,0.7433717790101135,0.7433717790101135,0.7333717790101135,0.7433717790101135,0.7333717790101135,0.7483717790101135,0.7483717790101135,0.7483717790101135,0.7483717790101135,0.7483717790101135,0.7483717790101135,0.7483717790101135
584,0.7927677429550762,0.7927677429550762,0.7927677429550762,0.7827677429550762,0.7627677429550762,0.7627677429550762,0.7827677429550762,0.7827677429550762,0.7827677429550762,0.7627677429550762,0.7527677429550762,0.7627677429550762,0.7627677429550762
585,0.5729773869876855,0.5729773869876855,0.5629773869876855,0.5529773869876855,0.5329773869876855,0.5329773869876855,0.5429773869876855,0.5429773869876855,0.5629773869876855,0.5529773869876855,0.5429773869876855,0.5529773869876855,0.5629773869876855
586,0.8545521376829436,0.8545521376829436,0.8545521376829436,0.8445521376829436,0.8445521376829436,0.8545521376829436,0.8545521376829436,0.8545521376829436,0.8845521376829436,0.8695521376829436,0.8695521376829436,0.8695521376829436,0.8695521376829436
587,0.8322800244530318,0.8222800244530318,0.8222800244530318,0.8222800244530318,0.8422800244530319,0.8622800244530319,0.8622800244530319,0.8722800244530319,0.8672800244530319,0.8472800244530319,0.8472800244530319,0.8572800244530319,0.8672800244530319
588,0.515297337487678,0.495297337487678,0.520297337487678,0.530297337487678,0.520297337487678,0.520297337487678,0.520297337487678,0.520297337487678,0.510297337487678,0.510297337487678,0.510297337487678,0.510297337487678,0.510297337487678
589,0.6671318987386703,0.6771318987386703,0.6671318987386703,0.6871318987386703,0.6871318987386703,0.6771318987386703,0.6671318987386703,0.6571318987386703,0.6871318987386703,0.6771318987386703,0.6771318987386703,0.6771318987386703,0.6771318987386703
590,0.6703504661935236,0.6703504661935236,0.6603504661935236,0.6503504661935235,0.6503504661935235,0.6403504661935235,0.6553504661935236,0.6553504661935236,0.6553504661935236,0.6753504661935236,0.6753504661935236,0.6753504661935236,0.6753504661935236
591,0.7016728875645285,0.7016728875645285,0.7116728875645285,0.7216728875645285,0.7216728875645285,0.7216728875645285,0.7316728875645285,0.7166728875645285,0.7066728875645285,0.7266728875645285,0.7266728875645285,0.7266728875645285,0.7166728875645285
592,0.8341014219168476,0.8241014219168475,0.8241014219168475,0.8241014219168475,0.8241014219168475,0.8341014219168476,0.8241014219168475,0.8441014219168476,0.8441014219168476,0.8341014219168476,0.8341014219168476,0.8241014219168475,0.8241014219168475
593,0.736138738025759,0.736138738025759,0.746138738025759,0.756138738025759,0.756138738025759,0.756138738025759,0.756138738025759,0.756138738025759,0.746138738025759,0.746138738025759,0.756138738025759,0.746138738025759,0.746138738025759
594,0.5017407987332474,0.4917407987332474,0.4917407987332474,0.4917407987332474,0.4817407987332474,0.5017407987332474,0.5017407987332474,0.4917407987332474,0.5117407987332474,0.5017407987332474,0.5017407987332474,0.4817407987332474,0.4917407987332474
595,0.8292858334098945,0.8192858334098945,0.8192858334098945,0.8192858334098945,0.8192858334098945,0.8292858334098945,0.8292858334098945,0.8392858334098945,0.8392858334098945,0.8592858334098945,0.8592858334098945,0.8492858334098945,0.8192858334098945
596,0.6641933949597894,0.6741933949597894,0.6741933949597894,0.6841933949597894,0.6941933949597894,0.6941933949597894,0.6941933949597894,0.6841933949597894,0.6741933949597894,0.6841933949597894,0.6841933949597894,0.6641933949597894,0.6441933949597893
597,1.0,0.99,0.99,1.0,1.0,1.0,0.985,1.0,1.0,1.0,1.0,0.99,0.99
598,0.815841462089594,0.815841462089594,0.815841462089594,0.815841462089594,0.805841462089594,0.805841462089594,0.7958414620895939,0.7858414620895939,0.7858414620895939,0.7858414620895939,0.805841462089594,0.825841462089594,0.825841462089594
599,0.8681550795431668,0.8781550795431668,0.8781550795431668,0.9081550795431669,0.8981550795431669,0.8981550795431669,0.9081550795431669,0.9031550795431669,0.8931550795431669,0.8931550795431669,0.8731550795431668,0.9031550795431669,0.9031550795431669
600,0.967860023570559,0.957860023570559,0.957860023570559,0.957860023570559,0.947860023570559,0.947860023570559,0.937860023570559,0.947860023570559,0.947860023570559,0.947860023570559,0.947860023570559,0.927860023570559,0.927860023570559
601,0.8805418599161315,0.8805418599161315,0.8905418599161316,0.8905418599161316,0.8805418599161315,0.8805418599161315,0.8605418599161315,0.8605418599161315,0.8605418599161315,0.8405418599161315,0.8505418599161315,0.8405418599161315,0.8455418599161315
602,0.7866964672379254,0.7666964672379254,0.7666964672379254,0.7966964672379254,0.7966964672379254,0.8066964672379254,0.8166964672379254,0.8166964672379254,0.8166964672379254,0.8266964672379254,0.8216964672379254,0.8116964672379254,0.8016964672379254
603,0.8037896635989601,0.8037896635989601,0.8237896635989601,0.8237896635989601,0.8237896635989601,0.8237896635989601,0.8137896635989601,0.8037896635989601,0.8037896635989601,0.8137896635989601,0.8037896635989601,0.8137896635989601,0.8237896635989601
604,0.7831147758025805,0.7831147758025805,0.7731147758025805,0.7731147758025805,0.7631147758025805,0.7631147758025805,0.7831147758025805,0.7831147758025805,0.7731147758025805,0.7831147758025805,0.7631147758025805,0.7731147758025805,0.7731147758025805
605,0.7002880343964987,0.7002880343964987,0.6902880343964987,0.6902880343964987,0.7102880343964987,0.7102880343964987,0.7102880343964987,0.7102880343964987,0.7102880343964987,0.7302880343964987,0.7302880343964987,0.7402880343964987,0.7402880343964987
606,0.7890669960854451,0.7990669960854451,0.8290669960854451,0.8190669960854451,0.8090669960854451,0.7990669960854451,0.7990669960854451,0.7990669960854451,0.7990669960854451,0.7990669960854451,0.8090669960854451,0.8190669960854451,0.7990669960854451
607,0.832824412439423,0.832824412439423,0.852824412439423,0.842824412439423,0.842824412439423,0.832824412439423,0.852824412439423,0.852824412439423,0.852824412439423,0.852824412439423,0.822824412439423,0.832824412439423,0.8128244124394229
608,0.8506506214510503,0.8506506214510503,0.8506506214510503,0.8606506214510503,0.8506506214510503,0.8606506214510503,0.8606506214510503,0.8506506214510503,0.8506506214510503,0.8406506214510503,0.8406506214510503,0.8406506214510503,0.8606506214510503
609,0.7606755232652812,0.7606755232652812,0.7606755232652812,0.7606755232652812,0.7706755232652812,0.7706755232652812,0.7706755232652812,0.7706755232652812,0.7706755232652812,0.7606755232652812,0.7606755232652812,0.7706755232652812,0.7706755232652812
610,0.7018195006198332,0.7118195006198332,0.7118195006198332,0.7018195006198332,0.7318195006198333,0.7218195006198332,0.7218195006198332,0.7218195006198332,0.6918195006198332,0.6918195006198332,0.6918195006198332,0.6918195006198332,0.6918195006198332
611,0.7609862882475505,0.7609862882475505,0.7809862882475506,0.7609862882475505,0.7709862882475506,0.7609862882475505,0.7409862882475505,0.7409862882475505,0.7709862882475506,0.7509862882475505,0.7509862882475505,0.7509862882475505,0.7509862882475505
612,0.9415271152968263,0.9615271152968263,0.9615271152968263,0.9315271152968263,0.9315271152968263,0.9665271152968263,0.9665271152968263,0.9465271152968263,0.9465271152968263,0.9465271152968263,0.9465271152968263,0.9365271152968263,0.9465271152968263
613,0.8824910581119535,0.8824910581119535,0.8924910581119535,0.8824910581119535,0.8724910581119535,0.8824910581119535,0.8824910581119535,0.8924910581119535,0.9024910581119535,0.8724910581119535,0.8924910581119535,0.8924910581119535,0.8924910581119535
614,0.7709820827428132,0.7609820827428132,0.7709820827428132,0.7709820827428132,0.7609820827428132,0.7509820827428132,0.7709820827428132,0.7609820827428132,0.7509820827428132,0.7609820827428132,0.7709820827428132,0.7709820827428132,0.8009820827428132
615,0.8522041186802738,0.8522041186802738,0.8522041186802738,0.8722041186802738,0.8472041186802738,0.8572041186802738,0.8572041186802738,0.8572041186802738,0.8572041186802738,0.8572041186802738,0.8572041186802738,0.8572041186802738,0.8672041186802738
616,0.7589655962496283,0.7589655962496283,0.7589655962496283,0.7489655962496283,0.7589655962496283,0.7889655962496284,0.7889655962496284,0.7889655962496284,0.7589655962496283,0.7589655962496283,0.7389655962496283,0.7389655962496283,0.7289655962496283
617,0.9681793952405924,0.9481793952405924,0.9481793952405924,0.9481793952405924,0.9481793952405924,0.9281793952405923,0.9281793952405923,0.9331793952405923,0.9331793952405923,0.9331793952405923,0.9431793952405924,0.9431793952405924,0.9431793952405924
618,0.8751915785439417,0.8651915785439417,0.8751915785439417,0.8851915785439417,0.8851915785439417,0.8851915785439417,0.8951915785439417,0.8951915785439417,0.8951915785439417,0.8951915785439417,0.9051915785439417,0.9051915785439417,0.9051915785439417
619,0.7783788979194706,0.7783788979194706,0.7783788979194706,0.7783788979194706,0.7783788979194706,0.7783788979194706,0.7783788979194706,0.7683788979194706,0.7683788979194706,0.7683788979194706,0.7783788979194706,0.7583788979194706,0.7583788979194706
620,0.9080626367847469,0.9080626367847469,0.9080626367847469,0.9080626367847469,0.8980626367847468,0.8980626367847468,0.9180626367847469,0.9080626367847469,0.9080626367847469,0.9180626367847469,0.9280626367847469,0.9280626367847469,0.9280626367847469
621,0.8643730847718628,0.8643730847718628,0.8643730847718628,0.8543730847718628,0.8543730847718628,0.8443730847718628,0.8443730847718628,0.8243730847718628,0.8293730847718628,0.8393730847718628,0.8293730847718628,0.8393730847718628,0.8293730847718628
622,0.8082661424276035,0.8182661424276035,0.8182661424276035,0.8182661424276035,0.8182661424276035,0.8182661424276035,0.8182661424276035,0.8182661424276035,0.8082661424276035,0.8082661424276035,0.7982661424276035,0.7982661424276035,0.7982661424276035
623,0.7861353377749576,0.7661353377749576,0.7661353377749576,0.7761353377749576,0.7761353377749576,0.7961353377749576,0.7861353377749576,0.7861353377749576,0.8061353377749576,0.8061353377749576,0.8061353377749576,0.7961353377749576,0.7961353377749576
624,0.9546590440464473,0.9546590440464473,0.9546590440464473,0.9546590440464473,0.9446590440464473,0.9446590440464473,0.9346590440464473,0.9346590440464473,0.9246590440464473,0.9146590440464473,0.9146590440464473,0.9196590440464473,0.9196590440464473
625,0.9837478431619107,0.9837478431619107,0.9837478431619107,0.9937478431619107,0.9937478431619107,0.9937478431619107,1.0,1.0,0.99,0.99,1.0,1.0,1.0
626,0.6998137318297885,0.6998137318297885,0.6798137318297884,0.6798137318297884,0.6898137318297884,0.6898137318297884,0.6898137318297884,0.6998137318297885,0.7198137318297885,0.6948137318297885,0.6748137318297884,0.6748137318297884,0.6648137318297884
627,0.6401268408793624,0.6601268408793625,0.6801268408793625,0.6751268408793625,0.6651268408793625,0.6651268408793625,0.6651268408793625,0.6651268408793625,0.6751268408793625,0.6751268408793625,0.6651268408793625,0.6451268408793625,0.6451268408793625
628,0.5628553033784434,0.5628553033784434,0.5728553033784434,0.5728553033784434,0.5728553033784434,0.5628553033784434,0.5628553033784434,0.5628553033784434,0.5528553033784434,0.5428553033784433,0.5428553033784433,0.5528553033784434,0.5528553033784434
629,0.6397944837215555,0.6397944837215555,0.6397944837215555,0.6197944837215554,0.6197944837215554,0.5997944837215554,0.6197944837215554,0.6197944837215554,0.6197944837215554,0.5997944837215554,0.5997944837215554,0.5997944837215554,0.6047944837215554
630,0.6713125071695254,0.6813125071695254,0.6813125071695254,0.7113125071695254,0.7063125071695254,0.6963125071695254,0.6963125071695254,0.7063125071695254,0.6963125071695254,0.6863125071695254,0.6763125071695254,0.6963125071695254,0.6963125071695254
631,0.782546614671274,0.792546614671274,0.792546614671274,0.792546614671274,0.802546614671274,0.812546614671274,0.822546614671274,0.822546614671274,0.822546614671274,0.822546614671274,0.822546614671274,0.822546614671274,0.822546614671274
632,0.7996754267977696,0.7896754267977696,0.7696754267977696,0.7596754267977696,0.7696754267977696,0.7696754267977696,0.7696754267977696,0.7596754267977696,0.7646754267977696,0.7746754267977696,0.7646754267977696,0.7646754267977696,0.7746754267977696
633,0.7321582825511195,0.7321582825511195,0.7221582825511195,0.7121582825511195,0.7121582825511195,0.7021582825511195,0.7021582825511195,0.7021582825511195,0.7221582825511195,0.7221582825511195,0.7121582825511195,0.7121582825511195,0.7121582825511195
634,0.8327992816535971,0.8327992816535971,0.8427992816535971,0.8427992816535971,0.8427992816535971,0.8427992816535971,0.8427992816535971,0.8427992816535971,0.8527992816535971,0.8627992816535971,0.8477992816535971,0.8277992816535971,0.8277992816535971
635,0.5261463415009255,0.5061463415009255,0.4861463415009255,0.4861463415009255,0.4961463415009255,0.5061463415009255,0.5361463415009255,0.5361463415009255,0.5261463415009255,0.5261463415009255,0.5261463415009255,0.5361463415009255,0.5561463415009256
636,0.6452254700568261,0.615225470056826,0.615225470056826,0.625225470056826,0.625225470056826,0.625225470056826,0.615225470056826,0.605225470056826,0.615225470056826,0.625225470056826,0.615225470056826,0.615225470056826,0.630225470056826
637,0.6891492821947409,0.6891492821947409,0.6891492821947409,0.6991492821947409,0.6991492821947409,0.719149282194741,0.729149282194741,0.719149282194741,0.719149282194741,0.729149282194741,0.719149282194741,0.729149282194741,0.729149282194741
638,0.7740853509102316,0.7740853509102316,0.7740853509102316,0.7740853509102316,0.7740853509102316,0.7840853509102316,0.8040853509102316,0.7890853509102316,0.7890853509102316,0.7890853509102316,0.7890853509102316,0.7990853509102316,0.7990853509102316
639,0.6892365915834658,0.6792365915834658,0.6892365915834658,0.6992365915834658,0.7092365915834659,0.6992365915834658,0.6892365915834658,0.6792365915834658,0.6692365915834658,0.6792365915834658,0.6792365915834658,0.6792365915834658,0.6792365915834658
640,0.8460916394441905,0.8460916394441905,0.8460916394441905,0.8360916394441905,0.8660916394441905,0.8360916394441905,0.8360916394441905,0.8460916394441905,0.8460916394441905,0.8560916394441905,0.8560916394441905,0.8360916394441905,0.8460916394441905
641,0.7430774880471896,0.7430774880471896,0.7730774880471897,0.7630774880471897,0.7530774880471897,0.7530774880471897,0.7530774880471897,0.7430774880471896,0.7130774880471896,0.7230774880471896,0.7130774880471896,0.7130774880471896,0.7230774880471896
642,0.8752830868315428,0.8752830868315428,0.8752830868315428,0.8752830868315428,0.8652830868315428,0.8652830868315428,0.8652830868315428,0.8952830868315428,0.8852830868315428,0.8852830868315428,0.8952830868315428,0.8952830868315428,0.8852830868315428
643,0.8073588451626866,0.8173588451626866,0.8173588451626866,0.8273588451626867,0.8373588451626867,0.8473588451626867,0.8473588451626867,0.8423588451626867,0.8223588451626866,0.8223588451626866,0.8223588451626866,0.8223588451626866,0.8223588451626866
644,0.7984187049832199,0.7984187049832199,0.8084187049832199,0.8084187049832199,0.8184187049832199,0.8184187049832199,0.8284187049832199,0.8284187049832199,0.8384187049832199,0.8384187049832199,0.8334187049832199,0.8334187049832199,0.8134187049832199
645,0.7296747841843634,0.7296747841843634,0.7196747841843634,0.7196747841843634,0.7496747841843634,0.7496747841843634,0.7396747841843634,0.7196747841843634,0.7196747841843634,0.7196747841843634,0.7096747841843634,0.7096747841843634,0.6896747841843633
646,0.8627518356832435,0.8627518356832435,0.8727518356832435,0.8727518356832435,0.8727518356832435,0.8627518356832435,0.8627518356832435,0.8527518356832435,0.8527518356832435,0.8727518356832435,0.8827518356832436,0.9027518356832436,0.8927518356832436
647,0.7818381837200947,0.7818381837200947,0.7818381837200947,0.7718381837200947,0.7718381837200947,0.7718381837200947,0.7718381837200947,0.7718381837200947,0.7618381837200947,0.7618381837200947,0.7618381837200947,0.7618381837200947,0.7618381837200947
648,0.8083968132792332,0.8083968132792332,0.8083968132792332,0.8083968132792332,0.8083968132792332,0.8083968132792332,0.8183968132792332,0.8283968132792332,0.8283968132792332,0.8083968132792332,0.7983968132792332,0.7783968132792332,0.7783968132792332
649,0.5712766520856531,0.5612766520856531,0.5612766520856531,0.5712766520856531,0.5712766520856531,0.6112766520856532,0.6062766520856532,0.6062766520856532,0.6062766520856532,0.6062766520856532,0.6062766520856532,0.5962766520856532,0.5962766520856532
650,0.6298616281297492,0.6298616281297492,0.6498616281297492,0.6398616281297492,0.6498616281297492,0.6498616281297492,0.6598616281297492,0.6598616281297492,0.6498616281297492,0.6498616281297492,0.6498616281297492,0.6498616281297492,0.6498616281297492
651,0.602101642587358,0.632101642587358,0.642101642587358,0.637101642587358,0.627101642587358,0.627101642587358,0.627101642587358,0.627101642587358,0.607101642587358,0.607101642587358,0.607101642587358,0.597101642587358,0.597101642587358
652,1.0,1.0,1.0,1.0,1.0,0.98,0.97,0.985,0.975,0.995,0.995,1.0,1.0
653,0.6727156922317244,0.6727156922317244,0.6827156922317245,0.6927156922317245,0.6727156922317244,0.6627156922317244,0.6627156922317244,0.6627156922317244,0.6627156922317244,0.6627156922317244,0.6627156922317244,0.6827156922317245,0.6827156922317245
654,0.7533967459728412,0.7533967459728412,0.7533967459728412,0.7533967459728412,0.7533967459728412,0.7533967459728412,0.7533967459728412,0.7633967459728412,0.7633967459728412,0.7633967459728412,0.7733967459728412,0.7733967459728412,0.7533967459728412
655,0.785144908387351,0.785144908387351,0.775144908387351,0.795144908387351,0.795144908387351,0.795144908387351,0.815144908387351,0.815144908387351,0.815144908387351,0.815144908387351,0.815144908387351,0.805144908387351,0.805144908387351
656,0.8253721578063691,0.8253721578063691,0.8253721578063691,0.8153721578063691,0.8153721578063691,0.8153721578063691,0.795372157806369,0.795372157806369,0.795372157806369,0.795372157806369,0.795372157806369,0.785372157806369,0.790372157806369
657,0.7231156286123546,0.7331156286123546,0.7431156286123546,0.7431156286123546,0.7331156286123546,0.7431156286123546,0.7431156286123546,0.7531156286123546,0.7531156286123546,0.7531156286123546,0.7531156286123546,0.7381156286123546,0.7481156286123546
658,0.8601904522908671,0.8501904522908671,0.8501904522908671,0.8401904522908671,0.8401904522908671,0.8301904522908671,0.8401904522908671,0.8201904522908671,0.8251904522908671,0.8251904522908671,0.8351904522908671,0.8251904522908671,0.8251904522908671
659,0.7675987947282167,0.7475987947282167,0.7775987947282167,0.7775987947282167,0.7575987947282167,0.7575987947282167,0.7775987947282167,0.7775987947282167,0.7875987947282167,0.7875987947282167,0.7625987947282167,0.7525987947282167,0.7525987947282167
660,0.7772744404070547,0.7772744404070547,0.7872744404070547,0.8072744404070548,0.7872744404070547,0.8072744404070548,0.8072744404070548,0.7872744404070547,0.7672744404070547,0.7772744404070547,0.7672744404070547,0.7772744404070547,0.7872744404070547
661,0.6464665519142981,0.6464665519142981,0.6664665519142982,0.6664665519142982,0.6664665519142982,0.6864665519142982,0.6814665519142982,0.6714665519142982,0.6814665519142982,0.6714665519142982,0.6714665519142982,0.6514665519142981,0.6214665519142981
662,0.6977450956495371,0.6877450956495371,0.7077450956495371,0.7077450956495371,0.6877450956495371,0.6977450956495371,0.6977450956495371,0.6977450956495371,0.7077450956495371,0.7277450956495372,0.6977450956495371,0.6877450956495371,0.6977450956495371
663,0.8538758835986433,0.8638758835986433,0.8638758835986433,0.8638758835986433,0.8638758835986433,0.8638758835986433,0.8638758835986433,0.8638758835986433,0.8838758835986433,0.8838758835986433,0.8838758835986433,0.8838758835986433,0.8688758835986433
664,0.7559302753134891,0.7459302753134891,0.7759302753134891,0.7859302753134891,0.7859302753134891,0.7759302753134891,0.7759302753134891,0.7759302753134891,0.7559302753134891,0.7659302753134891,0.7859302753134891,0.7959302753134891,0.7959302753134891
665,0.5782051272859522,0.5982051272859522,0.6182051272859522,0.5982051272859522,0.6082051272859522,0.6182051272859522,0.6182051272859522,0.6132051272859522,0.6132051272859522,0.6132051272859522,0.6032051272859522,0.6032051272859522,0.5932051272859522
666,0.7058551181846446,0.6858551181846446,0.6758551181846446,0.6858551181846446,0.6858551181846446,0.6758551181846446,0.6758551181846446,0.6658551181846446,0.6658551181846446,0.6708551181846446,0.6808551181846446,0.6708551181846446,0.6708551181846446
667,0.7689167345167579,0.7589167345167579,0.7489167345167579,0.7389167345167579,0.7489167345167579,0.7489167345167579,0.7589167345167579,0.7589167345167579,0.7589167345167579,0.7689167345167579,0.7689167345167579,0.7689167345167579,0.7789167345167579
668,0.7780303294571638,0.7880303294571638,0.7780303294571638,0.7880303294571638,0.8080303294571638,0.7980303294571638,0.8080303294571638,0.8180303294571638,0.8130303294571638,0.8130303294571638,0.8030303294571638,0.8030303294571638,0.8130303294571638
669,0.6318242423769507,0.6118242423769507,0.6218242423769507,0.6118242423769507,0.6218242423769507,0.6218242423769507,0.6118242423769507,0.6118242423769507,0.6018242423769506,0.6118242423769507,0.6018242423769506,0.6018242423769506,0.6018242423769506
670,0.8902032178504246,0.8902032178504246,0.8902032178504246,0.8902032178504246,0.8802032178504245,0.8702032178504245,0.8702032178504245,0.8802032178504245,0.8702032178504245,0.8702032178504245,0.8952032178504246,0.8852032178504246,0.8652032178504245
671,0.6927865764045731,0.6627865764045731,0.6627865764045731,0.6827865764045731,0.6727865764045731,0.6827865764045731,0.6827865764045731,0.6827865764045731,0.6927865764045731,0.7127865764045731,0.7127865764045731,0.7127865764045731,0.6927865764045731
672,0.7770619430712681,0.7770619430712681,0.7770619430712681,0.7770619430712681,0.7670619430712681,0.7770619430712681,0.7670619430712681,0.7770619430712681,0.7770619430712681,0.7970619430712681,0.7770619430712681,0.7670619430712681,0.7570619430712681
673,0.8443346832161821,0.8543346832161821,0.8343346832161821,0.8443346832161821,0.8343346832161821,0.8343346832161821,0.8743346832161821,0.8843346832161821,0.8843346832161821,0.8743346832161821,0.8743346832161821,0.8743346832161821,0.8443346832161821
674,0.7274126657202427,0.7274126657202427,0.7274126657202427,0.7274126657202427,0.7274126657202427,0.7474126657202427,0.7474126657202427,0.7374126657202427,0.7474126657202427,0.7374126657202427,0.7274126657202427,0.7274126657202427,0.7274126657202427
675,0.7376666479152015,0.7276666479152015,0.7176666479152015,0.7076666479152015,0.7226666479152015,0.7226666479152015,0.7326666479152015,0.7326666479152015,0.7326666479152015,0.7226666479152015,0.7126666479152015,0.7126666479152015,0.7126666479152015
676,0.8409785111583411,0.8209785111583411,0.8209785111583411,0.8209785111583411,0.8209785111583411,0.8459785111583411,0.8259785111583411,0.8259785111583411,0.8159785111583411,0.8359785111583411,0.8359785111583411,0.8359785111583411,0.8259785111583411
677,0.4740833010860735,0.4840833010860735,0.4840833010860735,0.4740833010860735,0.4740833010860735,0.4640833010860735,0.4640833010860735,0.4640833010860735,0.44408330108607347,0.4540833010860735,0.4540833010860735,0.4540833010860735,0.4540833010860735
678,0.6485437980092593,0.6385437980092593,0.6485437980092593,0.6585437980092593,0.6485437980092593,0.6185437980092593,0.6285437980092593,0.6385437980092593,0.6385437980092593,0.6285437980092593,0.6285437980092593,0.6285437980092593,0.6485437980092593
679,0.9191621924249069,0.8991621924249069,0.8991621924249069,0.9091621924249069,0.9091621924249069,0.9091621924249069,0.9091621924249069,0.9091621924249069,0.8991621924249069,0.8991621924249069,0.8991621924249069,0.9091621924249069,0.9191621924249069
680,0.9722330282152365,0.9722330282152365,0.9722330282152365,0.9622330282152365,0.9422330282152365,0.9422330282152365,0.9322330282152365,0.9522330282152365,0.9522330282152365,0.9772330282152365,0.9772330282152365,0.9872330282152365,0.9972330282152365
681,0.8927277219776641,0.8927277219776641,0.8927277219776641,0.9027277219776642,0.9027277219776642,0.8927277219776641,0.8927277219776641,0.8927277219776641,0.8927277219776641,0.9027277219776642,0.9027277219776642,0.8927277219776641,0.8927277219776641
682,0.7358132532924672,0.7258132532924672,0.7058132532924671,0.7058132532924671,0.7258132532924672,0.7258132532924672,0.7058132532924671,0.7058132532924671,0.7458132532924672,0.7358132532924672,0.7358132532924672,0.7458132532924672,0.7458132532924672
683,0.5262518479240931,0.5162518479240931,0.5162518479240931,0.5062518479240931,0.5062518479240931,0.5162518479240931,0.5262518479240931,0.5262518479240931,0.5362518479240931,0.5262518479240931,0.5262518479240931,0.5362518479240931,0.5462518479240931
684,0.8962744615883539,0.9062744615883539,0.9062744615883539,0.9062744615883539,0.9062744615883539,0.9062744615883539,0.9062744615883539,0.8962744615883539,0.8962744615883539,0.8662744615883539,0.8862744615883539,0.8962744615883539,0.9262744615883539
685,0.9450593204068136,0.9650593204068136,0.9750593204068136,0.9750593204068136,0.9550593204068136,0.9450593204068136,0.9450593204068136,0.9250593204068136,0.9050593204068136,0.9100593204068136,0.9300593204068136,0.9300593204068136,0.9300593204068136
686,0.8516694432686364,0.8516694432686364,0.8516694432686364,0.8616694432686364,0.8516694432686364,0.8616694432686364,0.8516694432686364,0.8316694432686363,0.8316694432686363,0.8316694432686363,0.8416694432686364,0.8416694432686364,0.8316694432686363
687,0.8719619215877722,0.8719619215877722,0.8519619215877722,0.8519619215877722,0.8519619215877722,0.8319619215877722,0.8319619215877722,0.8369619215877722,0.8469619215877722,0.8469619215877722,0.8469619215877722,0.8469619215877722,0.8569619215877722
688,0.7538567545300532,0.7538567545300532,0.7538567545300532,0.7338567545300532,0.7438567545300532,0.7438567545300532,0.7338567545300532,0.7338567545300532,0.7438567545300532,0.7338567545300532,0.7438567545300532,0.7438567545300532,0.7338567545300532
689,0.6762344367307338,0.6462344367307338,0.6462344367307338,0.6612344367307338,0.6712344367307338,0.6612344367307338,0.6712344367307338,0.6712344367307338,0.6812344367307338,0.6912344367307338,0.6712344367307338,0.6612344367307338,0.6612344367307338
690,0.703808255409314,0.713808255409314,0.733808255409314,0.7438082554093141,0.7438082554093141,0.733808255409314,0.733808255409314,0.733808255409314,0.7438082554093141,0.7438082554093141,0.7438082554093141,0.738808255409314,0.738808255409314
691,0.8471371758118639,0.8471371758118639,0.8371371758118639,0.8471371758118639,0.8471371758118639,0.8371371758118639,0.8371371758118639,0.8371371758118639,0.8371371758118639,0.8471371758118639,0.8771371758118639,0.8771371758118639,0.8871371758118639
692,0.9437621570457527,0.9437621570457527,0.9437621570457527,0.9337621570457527,0.9337621570457527,0.9237621570457527,0.9237621570457527,0.9537621570457527,0.9637621570457527,0.9637621570457527,0.9637621570457527,0.9837621570457528,0.9837621570457528
693,0.8786662518963754,0.8786662518963754,0.8786662518963754,0.8686662518963754,0.8686662518963754,0.8786662518963754,0.8386662518963753,0.8386662518963753,0.8386662518963753,0.8586662518963754,0.8886662518963754,0.8886662518963754,0.8886662518963754
694,0.9136976739734037,0.9236976739734037,0.9236976739734037,0.9036976739734037,0.9036976739734037,0.9036976739734037,0.9036976739734037,0.8936976739734037,0.8736976739734037,0.8936976739734037,0.8936976739734037,0.9036976739734037,0.9036976739734037
695,0.6480167847717987,0.6480167847717987,0.6480167847717987,0.6480167847717987,0.6480167847717987,0.6580167847717987,0.6680167847717987,0.6680167847717987,0.6580167847717987,0.6580167847717987,0.6480167847717987,0.6480167847717987,0.6380167847717987
696,0.7385028422796986,0.7385028422796986,0.7585028422796987,0.7485028422796987,0.7485028422796987,0.7385028422796986,0.7385028422796986,0.7385028422796986,0.7385028422796986,0.7385028422796986,0.7385028422796986,0.7285028422796986,0.7385028422796986
697,0.7119439425157145,0.7019439425157145,0.6919439425157144,0.6919439425157144,0.7019439425157145,0.6919439425157144,0.6819439425157144,0.6819439425157144,0.7119439425157145,0.6919439425157144,0.6919439425157144,0.6819439425157144,0.6819439425157144
698,0.7014669475325979,0.6714669475325978,0.6714669475325978,0.6814669475325978,0.6814669475325978,0.6914669475325979,0.7114669475325979,0.7114669475325979,0.7114669475325979,0.7214669475325979,0.7014669475325979,0.7114669475325979,0.7114669475325979
699,0.6235949057453635,0.6335949057453635,0.6335949057453635,0.6435949057453635,0.6435949057453635,0.6435949057453635,0.6535949057453635,0.6335949057453635,0.6535949057453635,0.6235949057453635,0.6235949057453635,0.6135949057453635,0.6135949057453635
700,0.7639953574765606,0.7439953574765605,0.7539953574765605,0.7439953574765605,0.7539953574765605,0.7439953574765605,0.7439953574765605,0.7439953574765605,0.7339953574765605,0.7239953574765605,0.7239953574765605,0.7239953574765605,0.7239953574765605
701,0.9279781746374425,0.9379781746374425,0.9279781746374425,0.9179781746374425,0.9479781746374425,0.9679781746374425,0.9629781746374425,0.9729781746374425,0.9729781746374425,0.9729781746374425,0.9729781746374425,0.9729781746374425,0.9629781746374425
702,0.7568174926551707,0.7568174926551707,0.7468174926551707,0.7668174926551707,0.7868174926551708,0.7768174926551707,0.7768174926551707,0.7768174926551707,0.7768174926551707,0.7768174926551707,0.7968174926551708,0.7968174926551708,0.7918174926551708
703,0.643113613849861,0.633113613849861,0.653113613849861,0.643113613849861,0.623113613849861,0.633113613849861,0.668113613849861,0.668113613849861,0.668113613849861,0.668113613849861,0.648113613849861,0.658113613849861,0.648113613849861
704,0.7624062924679816,0.7624062924679816,0.7624062924679816,0.7624062924679816,0.7824062924679817,0.8024062924679817,0.7824062924679817,0.7924062924679817,0.7824062924679817,0.7824062924679817,0.7824062924679817,0.8024062924679817,0.7924062924679817
705,0.7871142607065167,0.7871142607065167,0.7871142607065167,0.7871142607065167,0.7971142607065167,0.7871142607065167,0.7771142607065167,0.7771142607065167,0.7571142607065167,0.7671142607065167,0.7571142607065167,0.7871142607065167,0.7871142607065167
706,0.4360781813148549,0.4360781813148549,0.4360781813148549,0.4460781813148549,0.4660781813148549,0.4760781813148549,0.4760781813148549,0.4760781813148549,0.4760781813148549,0.4760781813148549,0.4660781813148549,0.4510781813148549,0.4510781813148549
707,0.8265373428536956,0.8565373428536956,0.8565373428536956,0.8565373428536956,0.8465373428536956,0.8665373428536957,0.8615373428536957,0.8715373428536957,0.8715373428536957,0.8715373428536957,0.8615373428536957,0.8615373428536957,0.8515373428536956
708,0.5960336374246648,0.5860336374246647,0.5960336374246648,0.5960336374246648,0.5960336374246648,0.5960336374246648,0.6060336374246648,0.6160336374246648,0.6160336374246648,0.6260336374246648,0.6260336374246648,0.6260336374246648,0.6260336374246648
709,0.6365087775726515,0.6365087775726515,0.6565087775726515,0.6465087775726515,0.6665087775726515,0.6665087775726515,0.6565087775726515,0.6565087775726515,0.6665087775726515,0.6765087775726515,0.6765087775726515,0.6715087775726515,0.6715087775726515
710,0.8423208860523733,0.8323208860523733,0.8223208860523733,0.8223208860523733,0.8423208860523733,0.8523208860523733,0.8723208860523733,0.8573208860523733,0.8673208860523733,0.8873208860523734,0.8673208860523733,0.8373208860523733,0.8073208860523733
711,0.8815845540966064,0.8815845540966064,0.8915845540966064,0.8915845540966064,0.9015845540966064,0.9015845540966064,0.9015845540966064,0.9015845540966064,0.9015845540966064,0.9015845540966064,0.9015845540966064,0.9015845540966064,0.8815845540966064
712,0.6976884010085177,0.6876884010085177,0.6876884010085177,0.7226884010085177,0.7226884010085177,0.7426884010085177,0.7426884010085177,0.7426884010085177,0.7326884010085177,0.7226884010085177,0.7026884010085177,0.7026884010085177,0.7026884010085177
713,0.840641060951214,0.840641060951214,0.830641060951214,0.830641060951214,0.830641060951214,0.810641060951214,0.810641060951214,0.820641060951214,0.840641060951214,0.820641060951214,0.830641060951214,0.840641060951214,0.820641060951214
714,0.7660557975658793,0.7560557975658793,0.7660557975658793,0.7760557975658793,0.7560557975658793,0.7560557975658793,0.7360557975658792,0.7360557975658792,0.7460557975658793,0.7560557975658793,0.7760557975658793,0.7860557975658793,0.8060557975658793
715,0.7234286873745345,0.7134286873745345,0.7034286873745345,0.7034286873745345,0.7034286873745345,0.7134286873745345,0.7234286873745345,0.7434286873745345,0.7434286873745345,0.7634286873745345,0.7634286873745345,0.7634286873745345,0.7584286873745345
716,0.7194087765536286,0.7094087765536286,0.6794087765536285,0.6894087765536285,0.6894087765536285,0.6794087765536285,0.6794087765536285,0.6794087765536285,0.6794087765536285,0.6994087765536285,0.6894087765536285,0.6994087765536285,0.6894087765536285
717,0.7055754633058899,0.7055754633058899,0.7055754633058899,0.71557546330589,0.72557546330589,0.73557546330589,0.72557546330589,0.72557546330589,0.72557546330589,0.71557546330589,0.71557546330589,0.73557546330589,0.72557546330589
718,0.6749003142866234,0.6749003142866234,0.6849003142866235,0.6949003142866235,0.7049003142866235,0.6849003142866235,0.6949003142866235,0.6949003142866235,0.6949003142866235,0.6949003142866235,0.7149003142866235,0.7149003142866235,0.7049003142866235
719,0.8356187188731784,0.8256187188731784,0.8256187188731784,0.8256187188731784,0.8456187188731784,0.8356187188731784,0.8256187188731784,0.8256187188731784,0.8456187188731784,0.8556187188731784,0.8656187188731784,0.8456187188731784,0.8456187188731784
720,0.7258820134146805,0.7358820134146805,0.7258820134146805,0.7258820134146805,0.7158820134146805,0.7158820134146805,0.7058820134146805,0.7058820134146805,0.7058820134146805,0.7058820134146805,0.7058820134146805,0.7058820134146805,0.7158820134146805
721,0.6237870865759236,0.6237870865759236,0.6137870865759236,0.6037870865759236,0.5837870865759236,0.6037870865759236,0.6037870865759236,0.6137870865759236,0.6137870865759236,0.6487870865759237,0.6387870865759236,0.6387870865759236,0.6287870865759236
722,0.7454578319602743,0.7454578319602743,0.7454578319602743,0.7454578319602743,0.7254578319602742,0.7254578319602742,0.7254578319602742,0.7454578319602743,0.7254578319602742,0.7354578319602743,0.7354578319602743,0.7354578319602743,0.7354578319602743
723,0.7361255429461726,0.7561255429461726,0.7461255429461726,0.7461255429461726,0.7561255429461726,0.7761255429461726,0.7761255429461726,0.7711255429461726,0.7711255429461726,0.7711255429461726,0.7411255429461726,0.7411255429461726,0.7511255429461726
724,0.8716108165506735,0.8716108165506735,0.8716108165506735,0.8816108165506735,0.8716108165506735,0.8916108165506735,0.8916108165506735,0.9016108165506735,0.9016108165506735,0.9016108165506735,0.8916108165506735,0.8816108165506735,0.8816108165506735
725,1.0,0.99,0.99,0.99,1.0,0.98,0.99,0.99,0.98,1.0,1.0,1.0,1.0
726,0.6222749056001842,0.6122749056001842,0.6022749056001842,0.6122749056001842,0.6122749056001842,0.6122749056001842,0.6022749056001842,0.6022749056001842,0.6022749056001842,0.5822749056001841,0.5822749056001841,0.5922749056001841,0.5822749056001841
727,0.567121014717068,0.577121014717068,0.577121014717068,0.577121014717068,0.567121014717068,0.567121014717068,0.567121014717068,0.557121014717068,0.537121014717068,0.527121014717068,0.527121014717068,0.537121014717068,0.547121014717068
728,0.7456711989927162,0.7256711989927161,0.7356711989927162,0.7256711989927161,0.7156711989927161,0.7256711989927161,0.7256711989927161,0.7256711989927161,0.7456711989927162,0.7356711989927162,0.7356711989927162,0.7356711989927162,0.7356711989927162
729,0.5757757182148904,0.5757757182148904,0.5757757182148904,0.5757757182148904,0.5457757182148903,0.5657757182148904,0.5657757182148904,0.5857757182148904,0.6057757182148904,0.6157757182148904,0.6157757182148904,0.6157757182148904,0.6107757182148904
730,0.9758998550210272,0.9858998550210272,0.9658998550210272,0.9658998550210272,0.9358998550210271,0.9408998550210271,0.9508998550210271,0.9408998550210271,0.9508998550210271,0.9508998550210271,0.9508998550210271,0.9608998550210271,0.9508998550210271
731,0.7402302500411627,0.7402302500411627,0.7402302500411627,0.7502302500411627,0.7702302500411627,0.7552302500411627,0.7552302500411627,0.7552302500411627,0.7552302500411627,0.7352302500411627,0.7252302500411627,0.7352302500411627,0.7352302500411627
732,0.7744311166355644,0.7844311166355644,0.7844311166355644,0.7644311166355644,0.7644311166355644,0.7544311166355644,0.7544311166355644,0.7544311166355644,0.7544311166355644,0.7544311166355644,0.7344311166355644,0.7344311166355644,0.7344311166355644
733,0.6497550293639751,0.6497550293639751,0.6497550293639751,0.6397550293639751,0.6497550293639751,0.6497550293639751,0.6497550293639751,0.6397550293639751,0.6497550293639751,0.6597550293639751,0.6597550293639751,0.6697550293639751,0.6597550293639751
734,0.9624566906529275,0.9624566906529275,0.9624566906529275,0.9824566906529275,0.9624566906529275,0.9424566906529275,0.9424566906529275,0.9724566906529275,0.9624566906529275,0.9624566906529275,0.9324566906529275,0.9424566906529275,0.9424566906529275
735,0.6632251262945703,0.6732251262945703,0.6932251262945703,0.7032251262945703,0.6982251262945703,0.6982251262945703,0.6982251262945703,0.6982251262945703,0.6882251262945703,0.6682251262945703,0.6682251262945703,0.6682251262945703,0.6682251262945703
736,0.8078277821379694,0.8078277821379694,0.8178277821379694,0.8078277821379694,0.7778277821379693,0.7778277821379693,0.7878277821379693,0.7778277821379693,0.7778277821379693,0.7778277821379693,0.7778277821379693,0.7778277821379693,0.7678277821379693
737,0.9581532199056159,0.9581532199056159,0.9481532199056159,0.9581532199056159,0.9481532199056159,0.9481532199056159,0.9681532199056159,0.9381532199056158,0.9381532199056158,0.9381532199056158,0.9481532199056159,0.9381532199056158,0.9581532199056159
738,0.8592086696204424,0.8692086696204424,0.8692086696204424,0.8692086696204424,0.8692086696204424,0.8692086696204424,0.8792086696204424,0.8542086696204424,0.8542086696204424,0.8642086696204424,0.8642086696204424,0.8442086696204424,0.8442086696204424
739,0.7253077142801131,0.7253077142801131,0.6953077142801131,0.7153077142801131,0.6953077142801131,0.6953077142801131,0.6953077142801131,0.6953077142801131,0.6953077142801131,0.6953077142801131,0.7053077142801131,0.6853077142801131,0.6953077142801131
740,0.5399523176025387,0.5399523176025387,0.5399523176025387,0.5599523176025387,0.5599523176025387,0.5499523176025387,0.5699523176025387,0.5549523176025387,0.5549523176025387,0.5449523176025387,0.5449523176025387,0.5449523176025387,0.5249523176025387
741,0.6106008241680313,0.5906008241680313,0.5906008241680313,0.6156008241680313,0.5956008241680313,0.5956008241680313,0.5756008241680313,0.6056008241680313,0.5956008241680313,0.5956008241680313,0.5856008241680313,0.5856008241680313,0.6056008241680313
742,0.7795359412238743,0.7695359412238743,0.7795359412238743,0.7795359412238743,0.7595359412238742,0.7695359412238743,0.7595359412238742,0.7495359412238742,0.7695359412238743,0.7695359412238743,0.7695359412238743,0.7695359412238743,0.7795359412238743
743,0.809498572707084,0.809498572707084,0.789498572707084,0.799498572707084,0.809498572707084,0.809498572707084,0.819498572707084,0.829498572707084,0.8494985727070841,0.8394985727070841,0.829498572707084,0.829498572707084,0.829498572707084
744,0.7198790496083294,0.7198790496083294,0.7198790496083294,0.7098790496083294,0.7198790496083294,0.6998790496083294,0.6998790496083294,0.6998790496083294,0.6998790496083294,0.6998790496083294,0.6898790496083294,0.6798790496083293,0.6848790496083293
745,0.775795988636113,0.775795988636113,0.775795988636113,0.795795988636113,0.795795988636113,0.745795988636113,0.755795988636113,0.755795988636113,0.745795988636113,0.745795988636113,0.765795988636113,0.775795988636113,0.775795988636113
746,0.7788468656270375,0.8188468656270376,0.8188468656270376,0.8088468656270376,0.8088468656270376,0.8088468656270376,0.8188468656270376,0.8188468656270376,0.8138468656270376,0.8038468656270376,0.8038468656270376,0.8038468656270376,0.8038468656270376
747,0.6845608786760716,0.6845608786760716,0.6745608786760716,0.6645608786760716,0.6645608786760716,0.6545608786760716,0.6645608786760716,0.6745608786760716,0.6745608786760716,0.6545608786760716,0.6645608786760716,0.6645608786760716,0.6745608786760716
748,0.7894517723042972,0.7794517723042972,0.7994517723042972,0.7994517723042972,0.8094517723042972,0.8294517723042972,0.8244517723042972,0.8244517723042972,0.8244517723042972,0.8244517723042972,0.8244517723042972,0.8144517723042972,0.8244517723042972
749,0.7411246449298385,0.7311246449298385,0.7411246449298385,0.7211246449298385,0.7111246449298385,0.7211246449298385,0.7111246449298385,0.7111246449298385,0.7011246449298385,0.7011246449298385,0.7011246449298385,0.7061246449298385,0.7061246449298385
750,0.7053090668741778,0.6953090668741778,0.6953090668741778,0.6953090668741778,0.6953090668741778,0.7053090668741778,0.6853090668741778,0.6853090668741778,0.6853090668741778,0.6853090668741778,0.6953090668741778,0.6853090668741778,0.7103090668741778
751,0.6549481827166134,0.6549481827166134,0.6549481827166134,0.6549481827166134,0.6449481827166134,0.6549481827166134,0.6549481827166134,0.6549481827166134,0.6549481827166134,0.6549481827166134,0.6449481827166134,0.6349481827166134,0.6449481827166134
752,0.6771507823613847,0.6871507823613847,0.6871507823613847,0.6971507823613847,0.6971507823613847,0.6771507823613847,0.6771507823613847,0.6771507823613847,0.6871507823613847,0.6871507823613847,0.6971507823613847,0.6971507823613847,0.6971507823613847
753,0.5363192219251147,0.5363192219251147,0.5263192219251147,0.5263192219251147,0.5363192219251147,0.5363192219251147,0.5263192219251147,0.5363192219251147,0.5363192219251147,0.5563192219251147,0.5563192219251147,0.5663192219251147,0.5513192219251147
754,0.5350914954512994,0.5150914954512994,0.4950914954512994,0.4950914954512994,0.5050914954512994,0.5050914954512994,0.5050914954512994,0.5250914954512994,0.5250914954512994,0.5150914954512994,0.4950914954512994,0.4950914954512994,0.5050914954512994
755,0.7944819547526066,0.7844819547526066,0.7744819547526066,0.7844819547526066,0.7844819547526066,0.7744819547526066,0.7644819547526066,0.7544819547526066,0.7644819547526066,0.7844819547526066,0.7944819547526066,0.7944819547526066,0.7944819547526066
756,0.7126971359059416,0.7226971359059416,0.7326971359059417,0.7426971359059417,0.7526971359059417,0.7426971359059417,0.7526971359059417,0.7426971359059417,0.7426971359059417,0.7326971359059417,0.7426971359059417,0.7426971359059417,0.7426971359059417
757,0.7392697898005157,0.7392697898005157,0.7392697898005157,0.7392697898005157,0.7292697898005157,0.7392697898005157,0.7392697898005157,0.7292697898005157,0.7292697898005157,0.7192697898005157,0.7442697898005157,0.7442697898005157,0.7342697898005157
758,0.8328173590226642,0.8328173590226642,0.8128173590226642,0.8128173590226642,0.7928173590226641,0.8028173590226642,0.8028173590226642,0.8028173590226642,0.7928173590226641,0.7928173590226641,0.7928173590226641,0.7978173590226642,0.7978173590226642
759,0.8159502299110537,0.7959502299110537,0.7959502299110537,0.8159502299110537,0.7859502299110537,0.7759502299110537,0.7809502299110537,0.7909502299110537,0.8009502299110537,0.8109502299110537,0.8109502299110537,0.8109502299110537,0.8009502299110537
760,0.6451176861667408,0.6451176861667408,0.6551176861667408,0.6651176861667408,0.6551176861667408,0.6451176861667408,0.6451176861667408,0.6351176861667408,0.6351176861667408,0.6151176861667408,0.6051176861667408,0.6051176861667408,0.6351176861667408
761,0.7713484870449913,0.7813484870449913,0.8013484870449913,0.8013484870449913,0.8013484870449913,0.7863484870449913,0.7863484870449913,0.7863484870449913,0.7863484870449913,0.7963484870449913,0.7863484870449913,0.7863484870449913,0.7963484870449913
762,0.9146911702181942,0.9046911702181942,0.8946911702181942,0.8946911702181942,0.8846911702181942,0.8746911702181942,0.8796911702181942,0.8896911702181942,0.8896911702181942,0.8796911702181942,0.8796911702181942,0.8796911702181942,0.8796911702181942
763,0.6940926233118768,0.6940926233118768,0.6840926233118768,0.6640926233118768,0.6540926233118768,0.6640926233118768,0.6540926233118768,0.6540926233118768,0.6590926233118768,0.6790926233118768,0.6690926233118768,0.6790926233118768,0.6890926233118768
764,0.8142665801040628,0.8142665801040628,0.7942665801040628,0.7942665801040628,0.7942665801040628,0.8042665801040628,0.8042665801040628,0.7942665801040628,0.8042665801040628,0.8242665801040628,0.8142665801040628,0.8342665801040628,0.8542665801040629
765,0.8868407789303636,0.8768407789303636,0.8768407789303636,0.8668407789303636,0.8868407789303636,0.9068407789303636,0.9068407789303636,0.8968407789303636,0.8868407789303636,0.8768407789303636,0.8668407789303636,0.8668407789303636,0.8568407789303636
766,0.8055960330412674,0.8055960330412674,0.8055960330412674,0.8055960330412674,0.8255960330412674,0.8355960330412674,0.8255960330412674,0.8455960330412674,0.8455960330412674,0.8355960330412674,0.8355960330412674,0.8055960330412674,0.8255960330412674
767,0.8001145341127466,0.7901145341127466,0.7801145341127466,0.7801145341127466,0.7801145341127466,0.7701145341127466,0.7801145341127466,0.7801145341127466,0.7701145341127466,0.7701145341127466,0.7701145341127466,0.7701145341127466,0.7701145341127466
768,0.7796637917718423,0.7896637917718423,0.7696637917718423,0.7696637917718423,0.7996637917718423,0.8096637917718423,0.7946637917718423,0.8046637917718423,0.8146637917718423,0.8046637917718423,0.7846637917718423,0.7846637917718423,0.7846637917718423
769,0.8213823419961699,0.8313823419961699,0.8313823419961699,0.8213823419961699,0.8213823419961699,0.8213823419961699,0.8213823419961699,0.7913823419961699,0.7813823419961698,0.7863823419961699,0.8163823419961699,0.8263823419961699,0.8363823419961699
770,0.759750320790076,0.759750320790076,0.769750320790076,0.789750320790076,0.789750320790076,0.799750320790076,0.799750320790076,0.789750320790076,0.779750320790076,0.779750320790076,0.779750320790076,0.779750320790076,0.769750320790076
771,0.7440238070574469,0.7440238070574469,0.7540238070574469,0.7440238070574469,0.7540238070574469,0.7540238070574469,0.7540238070574469,0.7640238070574469,0.7540238070574469,0.7140238070574468,0.7140238070574468,0.7290238070574468,0.7090238070574468
772,0.6705815392979585,0.6705815392979585,0.6805815392979585,0.6905815392979585,0.6705815392979585,0.6705815392979585,0.6705815392979585,0.6705815392979585,0.6705815392979585,0.6705815392979585,0.6705815392979585,0.6505815392979585,0.6505815392979585
773,0.7756491716151485,0.7856491716151485,0.7856491716151485,0.7856491716151485,0.7856491716151485,0.7856491716151485,0.7856491716151485,0.7856491716151485,0.7756491716151485,0.7756491716151485,0.7756491716151485,0.7656491716151484,0.7456491716151484
774,0.7823769695440899,0.8123769695440899,0.8023769695440899,0.8023769695440899,0.8023769695440899,0.7823769695440899,0.7823769695440899,0.7923769695440899,0.7923769695440899,0.7923769695440899,0.7923769695440899,0.7923769695440899,0.7923769695440899
775,0.6658700916039306,0.6558700916039306,0.6658700916039306,0.6758700916039306,0.6758700916039306,0.6858700916039306,0.6758700916039306,0.6658700916039306,0.6658700916039306,0.6558700916039306,0.6658700916039306,0.6658700916039306,0.6658700916039306
776,0.7746520983895065,0.7746520983895065,0.7846520983895066,0.7846520983895066,0.7946520983895066,0.7946520983895066,0.7846520983895066,0.7746520983895065,0.7846520983895066,0.7746520983895065,0.7746520983895065,0.7746520983895065,0.7746520983895065
777,0.6936644141266863,0.6936644141266863,0.6836644141266863,0.6836644141266863,0.6736644141266863,0.6636644141266863,0.6636644141266863,0.6736644141266863,0.6536644141266863,0.6636644141266863,0.6636644141266863,0.6736644141266863,0.6836644141266863
778,0.8619250127613214,0.8519250127613214,0.8519250127613214,0.8519250127613214,0.8319250127613214,0.8619250127613214,0.8719250127613214,0.8719250127613214,0.8719250127613214,0.8919250127613214,0.8919250127613214,0.8919250127613214,0.8819250127613214
779,0.917273772302307,0.927273772302307,0.927273772302307,0.937273772302307,0.947273772302307,0.937273772302307,0.957273772302307,0.927273772302307,0.907273772302307,0.897273772302307,0.897273772302307,0.897273772302307,0.907273772302307
780,0.9178944155617758,0.9378944155617758,0.9478944155617758,0.9478944155617758,0.9478944155617758,0.9578944155617758,0.9528944155617758,0.9428944155617758,0.9528944155617758,0.9528944155617758,0.9528944155617758,0.9228944155617758,0.9128944155617758
781,0.6825794216833282,0.6825794216833282,0.6825794216833282,0.6825794216833282,0.6525794216833282,0.6525794216833282,0.6425794216833282,0.6475794216833282,0.6575794216833282,0.6775794216833282,0.6975794216833282,0.7075794216833282,0.7075794216833282
782,0.8446525481540856,0.8446525481540856,0.8446525481540856,0.8346525481540856,0.8446525481540856,0.8446525481540856,0.8346525481540856,0.8346525481540856,0.8346525481540856,0.8546525481540856,0.8646525481540857,0.8846525481540857,0.8846525481540857
783,0.7537081064783373,0.7537081064783373,0.7537081064783373,0.7737081064783373,0.7837081064783373,0.7687081064783373,0.7687081064783373,0.7687081064783373,0.7787081064783373,0.7787081064783373,0.7887081064783373,0.7787081064783373,0.7787081064783373
784,0.7509902358284594,0.7409902358284594,0.7409902358284594,0.7409902358284594,0.7509902358284594,0.7409902358284594,0.7309902358284593,0.7559902358284594,0.7459902358284594,0.7359902358284593,0.7159902358284593,0.7159902358284593,0.7259902358284593
785,0.9553493388502377,0.9553493388502377,0.9553493388502377,0.9753493388502377,0.9753493388502377,0.9653493388502377,0.9753493388502377,0.9853493388502377,0.9853493388502377,0.9853493388502377,0.9853493388502377,0.9653493388502377,0.9653493388502377
786,0.8233349654100306,0.8233349654100306,0.8433349654100306,0.8433349654100306,0.8233349654100306,0.8133349654100306,0.8233349654100306,0.8133349654100306,0.8133349654100306,0.8333349654100306,0.8233349654100306,0.8233349654100306,0.8233349654100306
787,0.9852279049390933,0.9652279049390933,0.9652279049390933,0.9652279049390933,0.9652279049390933,0.9852279049390933,0.9852279049390933,0.9952279049390933,0.9952279049390933,0.9952279049390933,0.9952279049390933,0.9952279049390933,0.9952279049390933
788,0.7585446305387187,0.7585446305387187,0.7585446305387187,0.7585446305387187,0.7485446305387187,0.7385446305387187,0.7685446305387187,0.7785446305387187,0.7985446305387187,0.7785446305387187,0.7785446305387187,0.7785446305387187,0.7785446305387187
789,1.0,1.0,1.0,1.0,1.0,1.0,1.0,1.0,1.0,0.99,0.98,1.0,1.0
790,0.8729270078162209,0.8729270078162209,0.8629270078162209,0.8629270078162209,0.8629270078162209,0.8529270078162209,0.8329270078162209,0.8329270078162209,0.8329270078162209,0.8329270078162209,0.8379270078162209,0.8379270078162209,0.8479270078162209
791,0.6667976940068554,0.6667976940068554,0.6467976940068554,0.6467976940068554,0.6467976940068554,0.6467976940068554,0.6467976940068554,0.6467976940068554,0.6667976940068554,0.6667976940068554,0.6567976940068554,0.6567976940068554,0.6467976940068554
792,0.807481906704572,0.797481906704572,0.787481906704572,0.777481906704572,0.807481906704572,0.797481906704572,0.807481906704572,0.827481906704572,0.817481906704572,0.817481906704572,0.837481906704572,0.837481906704572,0.847481906704572
793,0.9975741837757421,0.9975741837757421,0.9975741837757421,0.9975741837757421,0.9975741837757421,1.0,1.0,0.99,0.98,0.98,0.98,0.98,0.99
794,0.6334866183750321,0.623486618375032,0.623486618375032,0.623486618375032,0.6434866183750321,0.6434866183750321,0.6534866183750321,0.6284866183750321,0.6284866183750321,0.6284866183750321,0.6484866183750321,0.6684866183750321,0.6684866183750321
795,0.6603382583156119,0.6303382583156119,0.6303382583156119,0.6453382583156119,0.6253382583156119,0.6253382583156119,0.6253382583156119,0.6253382583156119,0.6353382583156119,0.6553382583156119,0.6353382583156119,0.6453382583156119,0.6353382583156119
796,0.6605835727394931,0.6605835727394931,0.6805835727394931,0.6905835727394931,0.7005835727394931,0.7005835727394931,0.7005835727394931,0.6955835727394931,0.6855835727394931,0.6655835727394931,0.6755835727394931,0.6655835727394931,0.6555835727394931
797,0.7784180830179686,0.7784180830179686,0.7684180830179685,0.7784180830179686,0.7584180830179685,0.7484180830179685,0.7634180830179685,0.7534180830179685,0.7534180830179685,0.7734180830179685,0.7734180830179685,0.7734180830179685,0.7834180830179686
798,0.9183636344774408,0.9183636344774408,0.9183636344774408,0.9183636344774408,0.9183636344774408,0.9183636344774408,0.9183636344774408,0.9083636344774408,0.8883636344774408,0.9033636344774408,0.9033636344774408,0.9233636344774409,0.9233636344774409
799,0.5907256160746026,0.5907256160746026,0.5907256160746026,0.6007256160746026,0.6007256160746026,0.6307256160746026,0.6107256160746026,0.5907256160746026,0.6007256160746026,0.5907256160746026,0.6007256160746026,0.5807256160746026,0.5807256160746026
800,0.7531254200291492,0.7531254200291492,0.7431254200291492,0.7431254200291492,0.7531254200291492,0.7531254200291492,0.7631254200291492,0.7531254200291492,0.7431254200291492,0.7431254200291492,0.7131254200291491,0.7231254200291491,0.7131254200291491
801,0.8264704135926189,0.8264704135926189,0.8164704135926188,0.8264704135926189,0.8264704135926189,0.8264704135926189,0.8164704135926188,0.8164704135926188,0.7964704135926188,0.7964704135926188,0.7964704135926188,0.8264704135926189,0.8264704135926189
802,0.6785823937743656,0.6785823937743656,0.7085823937743656,0.6985823937743656,0.6885823937743656,0.6585823937743656,0.6585823937743656,0.6885823937743656,0.6785823937743656,0.6785823937743656,0.6785823937743656,0.6785823937743656,0.6785823937743656
803,0.6949021874629554,0.6849021874629554,0.6849021874629554,0.6849021874629554,0.6849021874629554,0.7049021874629554,0.7049021874629554,0.6949021874629554,0.6949021874629554,0.6849021874629554,0.6849021874629554,0.6749021874629554,0.6749021874629554
804,0.5334132788039043,0.5334132788039043,0.5334132788039043,0.5234132788039043,0.5234132788039043,0.5134132788039043,0.5334132788039043,0.5334132788039043,0.5334132788039043,0.5334132788039043,0.5234132788039043,0.5234132788039043,0.5234132788039043
805,0.8656994145197043,0.8456994145197043,0.8356994145197043,0.8256994145197043,0.8256994145197043,0.8256994145197043,0.8256994145197043,0.8356994145197043,0.8656994145197043,0.8756994145197043,0.8556994145197043,0.8456994145197043,0.8356994145197043
806,0.762163007815805,0.772163007815805,0.762163007815805,0.762163007815805,0.752163007815805,0.752163007815805,0.762163007815805,0.762163007815805,0.772163007815805,0.752163007815805,0.732163007815805,0.732163007815805,0.732163007815805
807,0.6824915362487283,0.6724915362487283,0.6724915362487283,0.6524915362487282,0.6624915362487283,0.6624915362487283,0.6724915362487283,0.6724915362487283,0.6724915362487283,0.6724915362487283,0.6724915362487283,0.6724915362487283,0.6524915362487282
808,0.7862304830862552,0.7662304830862552,0.7562304830862552,0.7712304830862552,0.7812304830862552,0.7812304830862552,0.7912304830862552,0.8012304830862552,0.8012304830862552,0.8212304830862552,0.8112304830862552,0.8012304830862552,0.7912304830862552
809,0.9084518471502296,0.9084518471502296,0.9084518471502296,0.9084518471502296,0.8984518471502296,0.9184518471502296,0.9184518471502296,0.8884518471502296,0.8784518471502296,0.8784518471502296,0.8784518471502296,0.8884518471502296,0.8884518471502296
810,0.8009146791555114,0.8209146791555114,0.8209146791555114,0.8209146791555114,0.8209146791555114,0.8209146791555114,0.8209146791555114,0.8309146791555114,0.8409146791555114,0.8409146791555114,0.8359146791555114,0.8259146791555114,0.8259146791555114
811,0.7749291403029493,0.7949291403029494,0.7949291403029494,0.8049291403029494,0.8049291403029494,0.8149291403029494,0.8049291403029494,0.8149291403029494,0.8149291403029494,0.8049291403029494,0.7899291403029494,0.7799291403029494,0.7799291403029494
812,0.8058597183880509,0.8058597183880509,0.8058597183880509,0.825859718388051,0.845859718388051,0.840859718388051,0.840859718388051,0.840859718388051,0.840859718388051,0.8208597183880509,0.8208597183880509,0.830859718388051,0.850859718388051
813,0.6024306181004541,0.6124306181004541,0.582430618100454,0.592430618100454,0.582430618100454,0.582430618100454,0.572430618100454,0.582430618100454,0.572430618100454,0.572430618100454,0.572430618100454,0.582430618100454,0.582430618100454
814,0.8085406046700296,0.8085406046700296,0.8085406046700296,0.8185406046700296,0.8185406046700296,0.8185406046700296,0.8185406046700296,0.8285406046700297,0.8285406046700297,0.8285406046700297,0.8185406046700296,0.8185406046700296,0.8185406046700296
815,0.8760463205930941,0.8860463205930941,0.8860463205930941,0.8860463205930941,0.8860463205930941,0.866046320593094,0.866046320593094,0.866046320593094,0.866046320593094,0.836046320593094,0.836046320593094,0.836046320593094,0.841046320593094
816,0.6024689771583728,0.6124689771583728,0.6124689771583728,0.6324689771583728,0.6424689771583728,0.6424689771583728,0.6224689771583728,0.6224689771583728,0.6224689771583728,0.6324689771583728,0.6324689771583728,0.6224689771583728,0.6224689771583728
817,0.7254827106343779,0.7154827106343778,0.7054827106343778,0.7154827106343778,0.7154827106343778,0.7154827106343778,0.7154827106343778,0.7154827106343778,0.7154827106343778,0.7054827106343778,0.6854827106343778,0.6904827106343778,0.7004827106343778
818,0.8796569334106411,0.8796569334106411,0.8796569334106411,0.8796569334106411,0.8796569334106411,0.8996569334106411,0.8796569334106411,0.8696569334106411,0.8796569334106411,0.8696569334106411,0.8496569334106411,0.8496569334106411,0.8496569334106411
819,0.8145952814512801,0.8145952814512801,0.8145952814512801,0.7945952814512801,0.7945952814512801,0.7845952814512801,0.7845952814512801,0.8045952814512801,0.8045952814512801,0.8245952814512801,0.8245952814512801,0.8245952814512801,0.7945952814512801
820,0.6909524965405625,0.7009524965405625,0.7009524965405625,0.7009524965405625,0.7009524965405625,0.6909524965405625,0.6609524965405624,0.6609524965405624,0.6609524965405624,0.6609524965405624,0.6509524965405624,0.6709524965405624,0.6609524965405624
821,0.697364921542162,0.687364921542162,0.697364921542162,0.717364921542162,0.727364921542162,0.712364921542162,0.702364921542162,0.692364921542162,0.702364921542162,0.692364921542162,0.702364921542162,0.682364921542162,0.682364921542162
822,0.7367350137058298,0.7367350137058298,0.7367350137058298,0.7467350137058298,0.7467350137058298,0.7467350137058298,0.7467350137058298,0.7667350137058299,0.7767350137058299,0.7767350137058299,0.7717350137058299,0.7717350137058299,0.7617350137058299
823,0.8427383727558967,0.8427383727558967,0.8427383727558967,0.8627383727558967,0.8427383727558967,0.8327383727558967,0.8627383727558967,0.8627383727558967,0.8327383727558967,0.8327383727558967,0.8227383727558967,0.8227383727558967,0.8427383727558967
824,0.8743771077565973,0.8643771077565973,0.8743771077565973,0.8743771077565973,0.8943771077565973,0.8843771077565973,0.8843771077565973,0.8843771077565973,0.8843771077565973,0.8943771077565973,0.8943771077565973,0.8943771077565973,0.8843771077565973
825,0.7025241189309079,0.6925241189309079,0.712524118930908,0.6825241189309079,0.6725241189309079,0.6875241189309079,0.6875241189309079,0.6875241189309079,0.6875241189309079,0.6875241189309079,0.6875241189309079,0.6975241189309079,0.6975241189309079
826,0.7390274212475672,0.7390274212475672,0.7290274212475671,0.7190274212475671,0.7290274212475671,0.7290274212475671,0.7290274212475671,0.7290274212475671,0.7390274212475672,0.7290274212475671,0.7290274212475671,0.7290274212475671,0.7390274212475672
827,0.8205227786647212,0.8105227786647212,0.8005227786647212,0.7805227786647212,0.7905227786647212,0.7905227786647212,0.8005227786647212,0.7805227786647212,0.7855227786647212,0.7855227786647212,0.7755227786647212,0.7955227786647212,0.7955227786647212
828,0.73961133667496,0.71961133667496,0.71961133667496,0.73961133667496,0.73961133667496,0.70961133667496,0.70961133667496,0.70961133667496,0.69961133667496,0.70461133667496,0.72461133667496,0.72461133667496,0.71461133667496
829,0.8246449111123973,0.8146449111123973,0.8146449111123973,0.8146449111123973,0.8046449111123973,0.8046449111123973,0.8246449111123973,0.8246449111123973,0.8246449111123973,0.8446449111123974,0.8446449111123974,0.8346449111123974,0.8146449111123973
830,0.8153535193587125,0.8253535193587125,0.8153535193587125,0.8353535193587125,0.8253535193587125,0.8253535193587125,0.8053535193587125,0.8153535193587125,0.8253535193587125,0.8253535193587125,0.8253535193587125,0.8153535193587125,0.8053535193587125
831,0.8997831751962263,0.8897831751962263,0.8797831751962263,0.8797831751962263,0.8897831751962263,0.9197831751962263,0.9197831751962263,0.9197831751962263,0.9097831751962263,0.9097831751962263,0.9097831751962263,0.9097831751962263,0.9097831751962263
832,0.7407164446788491,0.7407164446788491,0.7307164446788491,0.7507164446788491,0.7307164446788491,0.7307164446788491,0.7307164446788491,0.7207164446788491,0.7607164446788491,0.7507164446788491,0.7507164446788491,0.7507164446788491,0.7507164446788491
833,0.8330982787867451,0.8330982787867451,0.8530982787867452,0.8630982787867452,0.8530982787867452,0.8630982787867452,0.8730982787867452,0.8730982787867452,0.8680982787867452,0.8580982787867452,0.8580982787867452,0.8480982787867452,0.8580982787867452
834,0.6644613721880035,0.6644613721880035,0.6744613721880035,0.6744613721880035,0.6644613721880035,0.6644613721880035,0.6644613721880035,0.6644613721880035,0.6844613721880035,0.6844613721880035,0.6594613721880035,0.6394613721880035,0.6394613721880035
835,0.8921759653866035,0.9221759653866035,0.9071759653866035,0.8971759653866035,0.8971759653866035,0.8871759653866035,0.8871759653866035,0.8871759653866035,0.9071759653866035,0.9071759653866035,0.8871759653866035,0.8771759653866035,0.8771759653866035
836,0.6160258305226001,0.6360258305226001,0.6460258305226001,0.6360258305226001,0.6360258305226001,0.6110258305226001,0.6110258305226001,0.6110258305226001,0.6210258305226001,0.6210258305226001,0.6410258305226001,0.6410258305226001,0.6410258305226001
837,0.583632893719104,0.583632893719104,0.583632893719104,0.613632893719104,0.603632893719104,0.603632893719104,0.603632893719104,0.603632893719104,0.613632893719104,0.603632893719104,0.603632893719104,0.613632893719104,0.613632893719104
838,0.7094548036612738,0.7094548036612738,0.7194548036612738,0.7094548036612738,0.6994548036612738,0.6994548036612738,0.7094548036612738,0.6994548036612738,0.7294548036612738,0.7094548036612738,0.6894548036612738,0.6794548036612738,0.6994548036612738
839,0.765869007100332,0.765869007100332,0.775869007100332,0.805869007100332,0.805869007100332,0.800869007100332,0.760869007100332,0.760869007100332,0.760869007100332,0.750869007100332,0.740869007100332,0.760869007100332,0.770869007100332
840,0.7658685726545729,0.7858685726545729,0.7858685726545729,0.8058685726545729,0.8058685726545729,0.8008685726545729,0.7608685726545729,0.7408685726545728,0.7408685726545728,0.7408685726545728,0.7408685726545728,0.7308685726545728,0.7408685726545728
841,0.686078596726171,0.706078596726171,0.716078596726171,0.716078596726171,0.726078596726171,0.726078596726171,0.726078596726171,0.726078596726171,0.721078596726171,0.721078596726171,0.721078596726171,0.711078596726171,0.721078596726171
842,0.7725931604929818,0.7925931604929818,0.7925931604929818,0.7925931604929818,0.7725931604929818,0.8125931604929818,0.8075931604929818,0.7975931604929818,0.7775931604929818,0.7775931604929818,0.7775931604929818,0.7975931604929818,0.7875931604929818
843,0.7556696384432908,0.7556696384432908,0.7556696384432908,0.7756696384432908,0.7756696384432908,0.7756696384432908,0.7756696384432908,0.7756696384432908,0.7756696384432908,0.7656696384432908,0.7656696384432908,0.7856696384432909,0.7756696384432908
844,0.695885546528737,0.715885546528737,0.715885546528737,0.715885546528737,0.715885546528737,0.715885546528737,0.715885546528737,0.695885546528737,0.695885546528737,0.695885546528737,0.685885546528737,0.685885546528737,0.715885546528737
845,0.7353743206012008,0.7253743206012008,0.7253743206012008,0.7253743206012008,0.7453743206012008,0.7553743206012008,0.7553743206012008,0.7553743206012008,0.7553743206012008,0.7653743206012008,0.7653743206012008,0.7653743206012008,0.7653743206012008
846,0.6585933706725008,0.6585933706725008,0.6585933706725008,0.6285933706725008,0.6585933706725008,0.6685933706725008,0.6785933706725008,0.6785933706725008,0.6785933706725008,0.6685933706725008,0.6685933706725008,0.6685933706725008,0.6685933706725008
847,0.9206148457622222,0.9106148457622222,0.9106148457622222,0.9206148457622222,0.9106148457622222,0.9206148457622222,0.9106148457622222,0.9206148457622222,0.9206148457622222,0.9306148457622222,0.9206148457622222,0.9406148457622222,0.9406148457622222
848,0.7726078489687015,0.7526078489687015,0.7526078489687015,0.7726078489687015,0.7626078489687015,0.7426078489687015,0.7326078489687015,0.7326078489687015,0.7376078489687015,0.7376078489687015,0.7476078489687015,0.7476078489687015,0.7476078489687015
849,0.6320162274538348,0.5920162274538348,0.5970162274538348,0.6070162274538348,0.6070162274538348,0.6070162274538348,0.6070162274538348,0.6170162274538348,0.6370162274538348,0.6570162274538348,0.6670162274538348,0.6570162274538348,0.6670162274538348
850,0.80705037433238,0.80705037433238,0.80705037433238,0.80705037433238,0.81705037433238,0.80705037433238,0.80705037433238,0.80705037433238,0.80705037433238,0.77705037433238,0.79205037433238,0.76205037433238,0.76205037433238
851,0.8140017978014402,0.8040017978014402,0.8040017978014402,0.7940017978014402,0.7940017978014402,0.7940017978014402,0.8040017978014402,0.8040017978014402,0.8240017978014402,0.8240017978014402,0.8240017978014402,0.8240017978014402,0.8240017978014402
852,0.9699203769180138,0.9699203769180138,0.9599203769180138,0.9599203769180138,0.9499203769180138,0.9499203769180138,0.9499203769180138,0.9749203769180138,0.9749203769180138,0.9549203769180138,0.9549203769180138,0.9549203769180138,0.9549203769180138
853,0.8166343933278337,0.8166343933278337,0.8166343933278337,0.7966343933278337,0.7966343933278337,0.7966343933278337,0.8066343933278337,0.8066343933278337,0.7766343933278337,0.7766343933278337,0.7766343933278337,0.7966343933278337,0.7966343933278337
854,0.6690826831727472,0.6690826831727472,0.6690826831727472,0.6690826831727472,0.6690826831727472,0.6890826831727472,0.6790826831727472,0.6790826831727472,0.6790826831727472,0.6790826831727472,0.6790826831727472,0.6790826831727472,0.6690826831727472
855,0.8076511590786157,0.7976511590786157,0.7976511590786157,0.7976511590786157,0.8076511590786157,0.7976511590786157,0.8076511590786157,0.7976511590786157,0.7976511590786157,0.7976511590786157,0.7876511590786157,0.7976511590786157,0.8076511590786157
856,0.7458345144450771,0.7558345144450771,0.7658345144450771,0.7758345144450771,0.7758345144450771,0.7558345144450771,0.7558345144450771,0.7358345144450771,0.7458345144450771,0.7458345144450771,0.7458345144450771,0.7458345144450771,0.7558345144450771
857,0.6637971085600334,0.6637971085600334,0.6637971085600334,0.6437971085600334,0.6237971085600333,0.6287971085600333,0.6287971085600333,0.6387971085600334,0.6487971085600334,0.6687971085600334,0.6587971085600334,0.6587971085600334,0.6487971085600334
858,0.6669369618996234,0.6769369618996234,0.6769369618996234,0.6669369618996234,0.6469369618996234,0.6569369618996234,0.6869369618996234,0.6769369618996234,0.6569369618996234,0.6569369618996234,0.6869369618996234,0.6869369618996234,0.6869369618996234
859,0.7326551365408464,0.7326551365408464,0.7426551365408464,0.7426551365408464,0.7226551365408463,0.7626551365408464,0.7626551365408464,0.7526551365408464,0.7226551365408463,0.7326551365408464,0.7226551365408463,0.7226551365408463,0.7426551365408464
860,0.7047937789993348,0.6847937789993348,0.6747937789993348,0.6947937789993348,0.6847937789993348,0.6847937789993348,0.6947937789993348,0.7047937789993348,0.7247937789993348,0.7347937789993348,0.7347937789993348,0.7347937789993348,0.7197937789993348
861,0.7693004192404644,0.7593004192404644,0.7593004192404644,0.7593004192404644,0.7493004192404644,0.7493004192404644,0.7593004192404644,0.7893004192404645,0.7593004192404644,0.7693004192404644,0.7693004192404644,0.7693004192404644,0.7693004192404644
862,0.8480316917867148,0.8280316917867148,0.8380316917867148,0.8380316917867148,0.8480316917867148,0.8780316917867148,0.8880316917867148,0.8880316917867148,0.8880316917867148,0.8880316917867148,0.8830316917867148,0.8730316917867148,0.8730316917867148
863,0.6420442257005344,0.6420442257005344,0.6620442257005344,0.6620442257005344,0.6620442257005344,0.6370442257005344,0.6270442257005344,0.6470442257005344,0.6370442257005344,0.6370442257005344,0.6370442257005344,0.6570442257005344,0.6370442257005344
864,0.6995874415873687,0.6995874415873687,0.7095874415873688,0.7095874415873688,0.7095874415873688,0.7095874415873688,0.7095874415873688,0.6995874415873687,0.7195874415873688,0.7295874415873688,0.7395874415873688,0.7345874415873688,0.7245874415873688
865,0.9207123793105738,0.9207123793105738,0.9207123793105738,0.9107123793105738,0.9007123793105738,0.9207123793105738,0.9207123793105738,0.9207123793105738,0.9107123793105738,0.9207123793105738,0.9107123793105738,0.9107123793105738,0.9107123793105738
866,0.611828979266933,0.611828979266933,0.621828979266933,0.621828979266933,0.621828979266933,0.611828979266933,0.611828979266933,0.611828979266933,0.631828979266933,0.621828979266933,0.601828979266933,0.611828979266933,0.571828979266933
867,0.6962946278287806,0.6862946278287806,0.6962946278287806,0.7162946278287806,0.7262946278287806,0.7262946278287806,0.7362946278287806,0.7362946278287806,0.7362946278287806,0.7362946278287806,0.7362946278287806,0.7162946278287806,0.6912946278287806
868,0.6529824119346088,0.6529824119346088,0.6529824119346088,0.6529824119346088,0.6629824119346088,0.6629824119346088,0.6629824119346088,0.6529824119346088,0.6529824119346088,0.6429824119346088,0.6329824119346088,0.6329824119346088,0.6329824119346088
869,0.8677448998986088,0.8777448998986088,0.8577448998986088,0.8477448998986088,0.8477448998986088,0.8477448998986088,0.8477448998986088,0.8677448998986088,0.8677448998986088,0.8677448998986088,0.8677448998986088,0.8777448998986088,0.8777448998986088
870,0.8163913991303375,0.8163913991303375,0.8163913991303375,0.8163913991303375,0.8163913991303375,0.8263913991303375,0.8463913991303376,0.8563913991303376,0.8513913991303376,0.8513913991303376,0.8413913991303376,0.8413913991303376,0.8513913991303376
871,0.9131824736012479,0.9131824736012479,0.9131824736012479,0.9131824736012479,0.9131824736012479,0.9231824736012479,0.9131824736012479,0.9131824736012479,0.8831824736012479,0.8831824736012479,0.8931824736012479,0.9031824736012479,0.8931824736012479
872,0.7079587169780567,0.7079587169780567,0.7179587169780567,0.7179587169780567,0.7379587169780567,0.7479587169780567,0.7429587169780567,0.7429587169780567,0.7429587169780567,0.7229587169780567,0.7329587169780567,0.7329587169780567,0.7329587169780567
873,0.8609087092341664,0.8509087092341664,0.8509087092341664,0.8509087092341664,0.8509087092341664,0.8509087092341664,0.8409087092341664,0.8409087092341664,0.8409087092341664,0.8509087092341664,0.8509087092341664,0.8509087092341664,0.8509087092341664
874,0.622898181797392,0.632898181797392,0.632898181797392,0.632898181797392,0.632898181797392,0.662898181797392,0.652898181797392,0.652898181797392,0.642898181797392,0.632898181797392,0.612898181797392,0.612898181797392,0.612898181797392
875,0.6189829987019195,0.6189829987019195,0.5989829987019195,0.5989829987019195,0.6089829987019195,0.6189829987019195,0.6289829987019195,0.6289829987019195,0.6189829987019195,0.6189829987019195,0.6389829987019195,0.6389829987019195,0.6389829987019195
876,0.8886278398081334,0.8886278398081334,0.8786278398081334,0.8686278398081334,0.8586278398081334,0.8686278398081334,0.8686278398081334,0.8886278398081334,0.8486278398081334,0.8486278398081334,0.8486278398081334,0.8536278398081334,0.8536278398081334
877,0.7809687158964566,0.7809687158964566,0.7609687158964565,0.7609687158964565,0.7509687158964565,0.7509687158964565,0.7509687158964565,0.7609687158964565,0.7709687158964565,0.7609687158964565,0.7809687158964566,0.7709687158964565,0.7809687158964566
878,0.7437889719923904,0.7437889719923904,0.7437889719923904,0.7237889719923903,0.7237889719923903,0.7437889719923904,0.7437889719923904,0.7437889719923904,0.7537889719923904,0.7437889719923904,0.7437889719923904,0.7437889719923904,0.7537889719923904
879,0.8038182153048272,0.8138182153048272,0.8138182153048272,0.8138182153048272,0.7938182153048272,0.7938182153048272,0.7938182153048272,0.8138182153048272,0.7738182153048272,0.7738182153048272,0.7838182153048272,0.7938182153048272,0.8038182153048272
880,0.7623387362260354,0.7623387362260354,0.7623387362260354,0.7623387362260354,0.7823387362260354,0.7823387362260354,0.7823387362260354,0.7723387362260354,0.7723387362260354,0.7723387362260354,0.7523387362260354,0.7523387362260354,0.7523387362260354
881,0.7950140473736594,0.8050140473736594,0.8150140473736595,0.8050140473736594,0.7950140473736594,0.8050140473736594,0.7950140473736594,0.7950140473736594,0.8050140473736594,0.8150140473736595,0.8150140473736595,0.8350140473736595,0.8300140473736595
882,0.8168989422067995,0.8168989422067995,0.8168989422067995,0.8168989422067995,0.8168989422067995,0.8368989422067995,0.8468989422067995,0.8468989422067995,0.8468989422067995,0.8468989422067995,0.8468989422067995,0.8318989422067995,0.8318989422067995
883,0.6899759166525328,0.6499759166525327,0.6549759166525327,0.6649759166525328,0.6749759166525328,0.6749759166525328,0.6849759166525328,0.6849759166525328,0.6849759166525328,0.6949759166525328,0.6949759166525328,0.7049759166525328,0.6849759166525328
884,0.7870314194544816,0.7970314194544816,0.7870314194544816,0.7770314194544816,0.7870314194544816,0.7670314194544816,0.7670314194544816,0.7470314194544816,0.7520314194544816,0.7520314194544816,0.7520314194544816,0.7520314194544816,0.7620314194544816
885,1.0,1.0,1.0,1.0,0.99,0.99,0.99,0.99,0.98,0.99,0.99,0.99,1.0
886,0.881318127981777,0.881318127981777,0.881318127981777,0.881318127981777,0.881318127981777,0.891318127981777,0.881318127981777,0.881318127981777,0.871318127981777,0.881318127981777,0.891318127981777,0.921318127981777,0.916318127981777
887,0.7145056537080113,0.7145056537080113,0.6945056537080113,0.7145056537080113,0.7145056537080113,0.7245056537080113,0.7545056537080114,0.7345056537080114,0.7245056537080113,0.7245056537080113,0.7245056537080113,0.7245056537080113,0.7145056537080113
888,0.7025761967668434,0.7125761967668434,0.7325761967668434,0.7225761967668434,0.7325761967668434,0.7325761967668434,0.7325761967668434,0.7325761967668434,0.7325761967668434,0.7425761967668434,0.7375761967668434,0.7175761967668434,0.6975761967668433
889,0.6700023379919817,0.6600023379919817,0.6600023379919817,0.6500023379919817,0.6500023379919817,0.6500023379919817,0.6500023379919817,0.6700023379919817,0.6800023379919817,0.6800023379919817,0.7000023379919817,0.7000023379919817,0.7000023379919817
890,0.864126349270368,0.864126349270368,0.864126349270368,0.864126349270368,0.844126349270368,0.844126349270368,0.834126349270368,0.844126349270368,0.824126349270368,0.834126349270368,0.834126349270368,0.834126349270368,0.844126349270368
891,0.756933496924084,0.756933496924084,0.756933496924084,0.756933496924084,0.766933496924084,0.776933496924084,0.786933496924084,0.776933496924084,0.776933496924084,0.766933496924084,0.786933496924084,0.766933496924084,0.766933496924084
892,0.6657394673879808,0.6557394673879808,0.6657394673879808,0.6457394673879808,0.6457394673879808,0.6457394673879808,0.6657394673879808,0.6857394673879809,0.6857394673879809,0.6457394673879808,0.6457394673879808,0.6557394673879808,0.6557394673879808
893,0.5773318811148772,0.5873318811148772,0.5873318811148772,0.5573318811148772,0.5673318811148772,0.5773318811148772,0.5673318811148772,0.5673318811148772,0.5673318811148772,0.5373318811148772,0.5423318811148772,0.5523318811148772,0.5523318811148772
894,0.6902859487622468,0.6902859487622468,0.7102859487622468,0.7302859487622468,0.7002859487622468,0.7002859487622468,0.7002859487622468,0.7002859487622468,0.7002859487622468,0.7002859487622468,0.7002859487622468,0.7002859487622468,0.7002859487622468
895,0.8174218485537671,0.8174218485537671,0.8074218485537671,0.8074218485537671,0.8174218485537671,0.8274218485537671,0.8174218485537671,0.8174218485537671,0.8174218485537671,0.8174218485537671,0.8374218485537671,0.8374218485537671,0.8374218485537671
896,0.7104988396413088,0.7304988396413088,0.7404988396413088,0.7304988396413088,0.7204988396413088,0.7104988396413088,0.7404988396413088,0.7504988396413088,0.7404988396413088,0.7254988396413088,0.7054988396413088,0.7054988396413088,0.6954988396413088
897,0.7208316857252879,0.7108316857252879,0.7008316857252879,0.7258316857252879,0.7258316857252879,0.7258316857252879,0.7258316857252879,0.7358316857252879,0.7258316857252879,0.7058316857252879,0.7058316857252879,0.6958316857252879,0.6858316857252879
898,0.5848722573087315,0.5848722573087315,0.5948722573087315,0.5748722573087315,0.5448722573087315,0.5448722573087315,0.5648722573087315,0.5748722573087315,0.5848722573087315,0.5748722573087315,0.5648722573087315,0.5648722573087315,0.5648722573087315
899,0.8435209249667939,0.8535209249667939,0.8335209249667939,0.8335209249667939,0.8235209249667939,0.8235209249667939,0.8135209249667938,0.8235209249667939,0.8335209249667939,0.8235209249667939,0.8135209249667938,0.8035209249667938,0.8135209249667938
900,0.8567305186913695,0.8467305186913695,0.8667305186913695,0.8767305186913695,0.8767305186913695,0.8767305186913695,0.8967305186913695,0.8967305186913695,0.8917305186913695,0.8917305186913695,0.8717305186913695,0.8817305186913695,0.8917305186913695
901,0.7783609207941701,0.7783609207941701,0.7783609207941701,0.7783609207941701,0.7583609207941701,0.74836092079417,0.7583609207941701,0.7583609207941701,0.7583609207941701,0.7833609207941701,0.7833609207941701,0.7933609207941701,0.8033609207941701
902,0.8631560196647072,0.8731560196647072,0.8731560196647072,0.8631560196647072,0.8731560196647072,0.8731560196647072,0.8731560196647072,0.8731560196647072,0.8731560196647072,0.8731560196647072,0.8731560196647072,0.8931560196647073,0.8931560196647073
903,0.87919594292968,0.88919594292968,0.8691959429296799,0.8591959429296799,0.8491959429296799,0.8491959429296799,0.8491959429296799,0.8391959429296799,0.8391959429296799,0.8441959429296799,0.8541959429296799,0.8541959429296799,0.8441959429296799
904,0.7441448281537327,0.7441448281537327,0.7341448281537327,0.7691448281537328,0.7691448281537328,0.7691448281537328,0.7891448281537328,0.7891448281537328,0.7691448281537328,0.7591448281537327,0.7791448281537328,0.7791448281537328,0.7891448281537328
905,0.8594102800515454,0.8594102800515454,0.8594102800515454,0.8494102800515454,0.8694102800515454,0.8594102800515454,0.8594102800515454,0.8594102800515454,0.8594102800515454,0.8694102800515454,0.8694102800515454,0.8594102800515454,0.8894102800515454
906,0.7511385150705947,0.7511385150705947,0.7511385150705947,0.7511385150705947,0.7511385150705947,0.7711385150705947,0.7911385150705947,0.7911385150705947,0.7861385150705947,0.7761385150705947,0.7761385150705947,0.7761385150705947,0.7661385150705947
907,0.8742252796882386,0.8542252796882386,0.8542252796882386,0.8542252796882386,0.8842252796882386,0.8842252796882386,0.8542252796882386,0.8542252796882386,0.8642252796882386,0.8742252796882386,0.9042252796882386,0.9042252796882386,0.8892252796882386
908,0.8087257107474171,0.798725710747417,0.798725710747417,0.798725710747417,0.8087257107474171,0.798725710747417,0.8087257107474171,0.798725710747417,0.8087257107474171,0.8087257107474171,0.798725710747417,0.778725710747417,0.778725710747417
909,0.6479121178817715,0.6379121178817715,0.6379121178817715,0.6279121178817715,0.6379121178817715,0.6579121178817715,0.6579121178817715,0.6579121178817715,0.6779121178817715,0.6779121178817715,0.6679121178817715,0.6879121178817715,0.6829121178817715
910,0.7941359758801586,0.7941359758801586,0.7841359758801586,0.8041359758801586,0.7941359758801586,0.7741359758801586,0.7641359758801586,0.7741359758801586,0.7941359758801586,0.7941359758801586,0.7941359758801586,0.8041359758801586,0.8041359758801586
911,0.7077871500683008,0.7077871500683008,0.7177871500683008,0.7177871500683008,0.6877871500683008,0.6877871500683008,0.6877871500683008,0.6877871500683008,0.6777871500683008,0.6927871500683008,0.6927871500683008,0.6827871500683008,0.6727871500683008
912,0.6219154853867982,0.6319154853867982,0.6219154853867982,0.6019154853867982,0.6119154853867982,0.6019154853867982,0.6019154853867982,0.6019154853867982,0.6119154853867982,0.6019154853867982,0.6269154853867982,0.6069154853867982,0.5969154853867982
913,0.9460649344455782,0.9460649344455782,0.9560649344455782,0.9460649344455782,0.9560649344455782,0.9560649344455782,0.9560649344455782,0.9560649344455782,0.9360649344455781,0.9160649344455781,0.9260649344455781,0.9060649344455781,0.9060649344455781
914,0.763550295125371,0.763550295125371,0.753550295125371,0.773550295125371,0.773550295125371,0.783550295125371,0.773550295125371,0.793550295125371,0.793550295125371,0.783550295125371,0.793550295125371,0.803550295125371,0.803550295125371
915,0.7755650679628767,0.7655650679628767,0.7555650679628767,0.7555650679628767,0.7455650679628767,0.7455650679628767,0.7355650679628767,0.7355650679628767,0.7455650679628767,0.7455650679628767,0.7555650679628767,0.7555650679628767,0.7555650679628767
916,0.7350948710478953,0.7250948710478953,0.7050948710478953,0.7350948710478953,0.7250948710478953,0.7250948710478953,0.7350948710478953,0.7450948710478953,0.7250948710478953,0.7150948710478953,0.7150948710478953,0.7150948710478953,0.7150948710478953
917,0.8491396043037531,0.8491396043037531,0.8391396043037531,0.8291396043037531,0.8691396043037531,0.8691396043037531,0.8691396043037531,0.8691396043037531,0.8691396043037531,0.8691396043037531,0.8791396043037532,0.8691396043037531,0.8691396043037531
918,0.6744220354503692,0.6744220354503692,0.6844220354503692,0.6944220354503692,0.7144220354503692,0.7094220354503692,0.7094220354503692,0.6994220354503692,0.6794220354503692,0.6894220354503692,0.6894220354503692,0.6894220354503692,0.6894220354503692
919,0.5548370734102086,0.5848370734102086,0.5448370734102086,0.5448370734102086,0.5148370734102086,0.5248370734102086,0.5248370734102086,0.5248370734102086,0.5348370734102086,0.5348370734102086,0.5148370734102086,0.5148370734102086,0.5148370734102086
920,0.5249726020210699,0.5249726020210699,0.5249726020210699,0.5049726020210699,0.5049726020210699,0.5049726020210699,0.5149726020210699,0.5149726020210699,0.5249726020210699,0.5249726020210699,0.5349726020210699,0.5349726020210699,0.5249726020210699
921,0.8328585637450981,0.8528585637450982,0.8528585637450982,0.8428585637450982,0.8328585637450981,0.8328585637450981,0.8128585637450981,0.7928585637450981,0.7978585637450981,0.7978585637450981,0.7978585637450981,0.8078585637450981,0.8078585637450981
922,0.7600638422188378,0.7800638422188378,0.7800638422188378,0.7900638422188379,0.8000638422188379,0.8000638422188379,0.7900638422188379,0.7800638422188378,0.7700638422188378,0.7700638422188378,0.7700638422188378,0.7700638422188378,0.7700638422188378
923,0.9618812680713853,0.9618812680713853,0.9818812680713853,1.0,0.995,0.985,0.995,0.985,0.985,0.965,0.955,0.955,0.955
924,0.7505890886138133,0.7405890886138133,0.7405890886138133,0.7605890886138134,0.7505890886138133,0.7505890886138133,0.7505890886138133,0.7105890886138133,0.7305890886138133,0.7205890886138133,0.7205890886138133,0.7105890886138133,0.7105890886138133
925,0.992596286431585,0.972596286431585,0.952596286431585,0.952596286431585,0.962596286431585,0.962596286431585,0.962596286431585,0.982596286431585,0.982596286431585,0.992596286431585,0.972596286431585,0.992596286431585,0.972596286431585
926,0.6668816764348657,0.6368816764348657,0.6368816764348657,0.6368816764348657,0.6268816764348657,0.6368816764348657,0.6568816764348657,0.6468816764348657,0.6268816764348657,0.6268816764348657,0.6318816764348657,0.6218816764348657,0.6218816764348657
927,0.8178107950662648,0.8178107950662648,0.8278107950662648,0.8278107950662648,0.8178107950662648,0.8078107950662647,0.8078107950662647,0.8078107950662647,0.7878107950662647,0.7878107950662647,0.8028107950662647,0.8228107950662648,0.8128107950662647
928,0.8494315884961027,0.8594315884961027,0.8394315884961027,0.8294315884961027,0.8294315884961027,0.8394315884961027,0.8394315884961027,0.8394315884961027,0.8394315884961027,0.8194315884961026,0.8294315884961027,0.8294315884961027,0.8294315884961027
929,0.8298368473549806,0.8398368473549807,0.8298368473549806,0.8298368473549806,0.8298368473549806,0.8298368473549806,0.8298368473549806,0.8498368473549807,0.8598368473549807,0.8598368473549807,0.8598368473549807,0.8498368473549807,0.8498368473549807
930,0.8564179697332412,0.8564179697332412,0.8564179697332412,0.8564179697332412,0.8564179697332412,0.8464179697332412,0.8464179697332412,0.8564179697332412,0.8464179697332412,0.8464179697332412,0.8364179697332412,0.8364179697332412,0.8364179697332412
931,0.6546244895450771,0.6346244895450771,0.6346244895450771,0.6246244895450771,0.6346244895450771,0.6446244895450771,0.6546244895450771,0.6746244895450771,0.6746244895450771,0.6846244895450772,0.6946244895450772,0.6946244895450772,0.6946244895450772
932,0.7658690544719646,0.7658690544719646,0.7758690544719646,0.7758690544719646,0.7658690544719646,0.7658690544719646,0.7558690544719646,0.7458690544719646,0.7458690544719646,0.7558690544719646,0.7358690544719646,0.7558690544719646,0.7658690544719646
933,0.6398538590342857,0.6398538590342857,0.6398538590342857,0.6398538590342857,0.6398538590342857,0.6398538590342857,0.6498538590342857,0.6498538590342857,0.6398538590342857,0.6598538590342857,0.6498538590342857,0.6498538590342857,0.6498538590342857
934,0.7914494641748271,0.7914494641748271,0.8014494641748271,0.8014494641748271,0.8114494641748271,0.7914494641748271,0.7914494641748271,0.7914494641748271,0.7914494641748271,0.7914494641748271,0.7814494641748271,0.7814494641748271,0.7814494641748271
935,0.8282896703904169,0.8282896703904169,0.8182896703904169,0.8182896703904169,0.8082896703904169,0.8082896703904169,0.8082896703904169,0.7982896703904169,0.7982896703904169,0.8082896703904169,0.7982896703904169,0.7982896703904169,0.7982896703904169
936,0.6801183671749483,0.7001183671749484,0.7001183671749484,0.6901183671749483,0.6901183671749483,0.6901183671749483,0.7001183671749484,0.7001183671749484,0.7001183671749484,0.7001183671749484,0.7001183671749484,0.7001183671749484,0.7001183671749484
937,0.9185644346829042,0.9285644346829042,0.9385644346829042,0.9385644346829042,0.9385644346829042,0.9285644346829042,0.9385644346829042,0.9385644346829042,0.9135644346829042,0.9135644346829042,0.9335644346829042,0.9535644346829042,0.9435644346829042
938,0.8911731243518151,0.9011731243518151,0.8911731243518151,0.8911731243518151,0.8911731243518151,0.881173124351815,0.871173124351815,0.861173124351815,0.876173124351815,0.876173124351815,0.866173124351815,0.8861731243518151,0.8961731243518151
939,0.7906426474820673,0.7906426474820673,0.7706426474820672,0.7956426474820673,0.7956426474820673,0.8256426474820673,0.8156426474820673,0.8256426474820673,0.8256426474820673,0.8256426474820673,0.8356426474820673,0.8356426474820673,0.8356426474820673
940,0.7556053040756792,0.7456053040756792,0.7656053040756792,0.7656053040756792,0.7556053040756792,0.7656053040756792,0.7656053040756792,0.7556053040756792,0.7756053040756792,0.7856053040756792,0.7956053040756792,0.7856053040756792,0.7856053040756792
941,0.7572944279253345,0.7572944279253345,0.7672944279253345,0.7672944279253345,0.7572944279253345,0.7772944279253345,0.7872944279253346,0.7722944279253345,0.7522944279253345,0.7322944279253345,0.7322944279253345,0.7122944279253345,0.7122944279253345
942,0.6080689446682237,0.6280689446682237,0.6280689446682237,0.6280689446682237,0.6280689446682237,0.6380689446682237,0.6380689446682237,0.6380689446682237,0.6480689446682237,0.6380689446682237,0.6230689446682237,0.6230689446682237,0.6130689446682237
943,0.7798050332495531,0.7798050332495531,0.8098050332495531,0.7948050332495531,0.8048050332495531,0.8248050332495531,0.8248050332495531,0.8248050332495531,0.7948050332495531,0.7948050332495531,0.7948050332495531,0.7748050332495531,0.7748050332495531
944,0.8000901625022093,0.8000901625022093,0.8000901625022093,0.7900901625022093,0.7800901625022093,0.7900901625022093,0.7900901625022093,0.8100901625022093,0.8100901625022093,0.8100901625022093,0.8000901625022093,0.8000901625022093,0.7900901625022093
945,0.7074341384621196,0.6974341384621195,0.6774341384621195,0.6674341384621195,0.6674341384621195,0.6674341384621195,0.6674341384621195,0.6674341384621195,0.6724341384621195,0.6824341384621195,0.6824341384621195,0.6824341384621195,0.6824341384621195
946,0.7419419389548867,0.7519419389548867,0.7519419389548867,0.7419419389548867,0.7219419389548867,0.7319419389548867,0.7319419389548867,0.7219419389548867,0.7119419389548867,0.7269419389548867,0.7069419389548867,0.7169419389548867,0.7069419389548867
947,0.7342944168598201,0.7242944168598201,0.7242944168598201,0.7242944168598201,0.7242944168598201,0.7342944168598201,0.7342944168598201,0.7342944168598201,0.7242944168598201,0.7242944168598201,0.6942944168598201,0.6992944168598201,0.6992944168598201
948,0.6623078681067281,0.6623078681067281,0.6823078681067282,0.6623078681067281,0.6623078681067281,0.6523078681067281,0.6523078681067281,0.6723078681067282,0.6623078681067281,0.6623078681067281,0.6623078681067281,0.6523078681067281,0.6423078681067281
949,0.6624586489620305,0.6524586489620305,0.6324586489620305,0.6624586489620305,0.6524586489620305,0.6524586489620305,0.6424586489620305,0.6524586489620305,0.6624586489620305,0.6624586489620305,0.6524586489620305,0.6424586489620305,0.6324586489620305
950,0.7756347412887825,0.7856347412887825,0.8056347412887825,0.8056347412887825,0.7956347412887825,0.7956347412887825,0.7756347412887825,0.7756347412887825,0.7656347412887825,0.7656347412887825,0.7556347412887825,0.7556347412887825,0.7456347412887825
951,0.6587374669673095,0.6687374669673095,0.6687374669673095,0.6587374669673095,0.6787374669673095,0.6687374669673095,0.6887374669673095,0.6887374669673095,0.6887374669673095,0.6887374669673095,0.6987374669673095,0.6987374669673095,0.6987374669673095
952,0.6326014066613436,0.6226014066613436,0.6126014066613436,0.6126014066613436,0.6126014066613436,0.6126014066613436,0.6126014066613436,0.6026014066613435,0.6026014066613435,0.6176014066613436,0.6076014066613435,0.6076014066613435,0.5976014066613435
953,0.8951000045241746,0.8751000045241746,0.8751000045241746,0.8751000045241746,0.8651000045241746,0.8651000045241746,0.8801000045241746,0.8801000045241746,0.8801000045241746,0.8801000045241746,0.9001000045241746,0.9001000045241746,0.9001000045241746
954,0.7075740605673343,0.7075740605673343,0.7075740605673343,0.7075740605673343,0.7075740605673343,0.7075740605673343,0.7275740605673343,0.7275740605673343,0.7375740605673343,0.7475740605673343,0.7475740605673343,0.7475740605673343,0.7375740605673343
955,0.7117402545321208,0.7117402545321208,0.7117402545321208,0.7117402545321208,0.7417402545321208,0.7417402545321208,0.7317402545321208,0.7417402545321208,0.7267402545321208,0.7567402545321208,0.7267402545321208,0.7267402545321208,0.7267402545321208
956,0.663998341087665,0.683998341087665,0.693998341087665,0.703998341087665,0.698998341087665,0.688998341087665,0.668998341087665,0.668998341087665,0.658998341087665,0.668998341087665,0.658998341087665,0.658998341087665,0.658998341087665
957,0.5907197002130213,0.5807197002130213,0.5807197002130213,0.5807197002130213,0.5907197002130213,0.5907197002130213,0.5707197002130213,0.5707197002130213,0.5707197002130213,0.5607197002130213,0.5807197002130213,0.5807197002130213,0.5807197002130213
958,0.8882261324902221,0.8982261324902221,0.8982261324902221,0.8982261324902221,0.9082261324902221,0.9082261324902221,0.9082261324902221,0.8782261324902221,0.8682261324902221,0.8682261324902221,0.8682261324902221,0.848226132490222,0.8682261324902221
959,0.8334647543710674,0.8334647543710674,0.8334647543710674,0.8534647543710674,0.8234647543710674,0.8534647543710674,0.8534647543710674,0.8434647543710674,0.8334647543710674,0.8334647543710674,0.8434647543710674,0.8434647543710674,0.8234647543710674
960,0.7578712144485398,0.7578712144485398,0.7578712144485398,0.7478712144485398,0.7478712144485398,0.7678712144485398,0.7878712144485398,0.7878712144485398,0.7878712144485398,0.7728712144485398,0.8028712144485398,0.8028712144485398,0.8028712144485398
961,0.7105383273296025,0.7205383273296025,0.7205383273296025,0.7505383273296026,0.7505383273296026,0.7455383273296026,0.7455383273296026,0.7355383273296026,0.7455383273296026,0.7455383273296026,0.7455383273296026,0.7355383273296026,0.7355383273296026
962,0.8012773627042702,0.7812773627042702,0.7712773627042702,0.7612773627042702,0.7612773627042702,0.7662773627042702,0.7662773627042702,0.7762773627042702,0.7862773627042702,0.7962773627042702,0.7962773627042702,0.7962773627042702,0.8062773627042702
963,0.8461223458137314,0.8461223458137314,0.8561223458137314,0.8561223458137314,0.8561223458137314,0.8561223458137314,0.8461223458137314,0.8461223458137314,0.8161223458137313,0.8061223458137313,0.8061223458137313,0.8161223458137313,0.8061223458137313
964,0.7202709653766488,0.7302709653766488,0.7002709653766488,0.7102709653766488,0.7202709653766488,0.7102709653766488,0.7402709653766488,0.7302709653766488,0.7402709653766488,0.7402709653766488,0.7402709653766488,0.7402709653766488,0.7402709653766488
965,0.9286437094042462,0.9686437094042463,0.9486437094042462,0.9586437094042463,0.9586437094042463,0.9386437094042462,0.9286437094042462,0.9086437094042462,0.9086437094042462,0.9286437094042462,0.9386437094042462,0.9486437094042462,0.9486437094042462
966,0.8673899695980624,0.8773899695980624,0.8773899695980624,0.8873899695980624,0.8473899695980623,0.8473899695980623,0.8473899695980623,0.8473899695980623,0.8573899695980624,0.8673899695980624,0.8573899695980624,0.8673899695980624,0.8673899695980624
967,0.8732270121435086,0.8432270121435086,0.8432270121435086,0.8432270121435086,0.8632270121435086,0.8632270121435086,0.8632270121435086,0.8632270121435086,0.8632270121435086,0.8632270121435086,0.8432270121435086,0.8332270121435086,0.8432270121435086
968,0.7355085393881982,0.7155085393881981,0.7155085393881981,0.7555085393881982,0.7655085393881982,0.7655085393881982,0.7555085393881982,0.7555085393881982,0.7555085393881982,0.7455085393881982,0.7455085393881982,0.7555085393881982,0.7755085393881982
969,0.7097743038383599,0.7097743038383599,0.7097743038383599,0.72977430383836,0.72977430383836,0.72977430383836,0.73977430383836,0.73977430383836,0.73977430383836,0.73977430383836,0.72977430383836,0.72977430383836,0.73977430383836
970,0.8174847038709989,0.8174847038709989,0.8374847038709989,0.8374847038709989,0.8124847038709989,0.8124847038709989,0.8124847038709989,0.7924847038709989,0.7924847038709989,0.7824847038709989,0.7724847038709989,0.7724847038709989,0.7724847038709989
971,1.0,1.0,1.0,0.99,1.0,0.99,0.97,0.98,0.98,0.98,1.0,1.0,0.99
972,0.6396495075230991,0.6396495075230991,0.6396495075230991,0.6396495075230991,0.6596495075230991,0.6696495075230992,0.6696495075230992,0.6496495075230991,0.6296495075230991,0.6296495075230991,0.6096495075230991,0.6096495075230991,0.6296495075230991
973,0.7211867167088051,0.7311867167088051,0.7211867167088051,0.7011867167088051,0.691186716708805,0.681186716708805,0.686186716708805,0.696186716708805,0.686186716708805,0.686186716708805,0.696186716708805,0.686186716708805,0.7061867167088051
974,0.7322308928621806,0.7322308928621806,0.7322308928621806,0.7122308928621806,0.7122308928621806,0.7322308928621806,0.7322308928621806,0.7322308928621806,0.7322308928621806,0.7122308928621806,0.7222308928621806,0.7222308928621806,0.7022308928621805
975,0.668770245275805,0.668770245275805,0.668770245275805,0.668770245275805,0.668770245275805,0.678770245275805,0.698770245275805,0.708770245275805,0.668770245275805,0.678770245275805,0.678770245275805,0.678770245275805,0.668770245275805
976,0.5932394166682051,0.5932394166682051,0.6032394166682051,0.5932394166682051,0.5932394166682051,0.5932394166682051,0.5932394166682051,0.6032394166682051,0.6132394166682051,0.5932394166682051,0.5832394166682051,0.5832394166682051,0.6232394166682051
977,0.8371329386795413,0.8371329386795413,0.8371329386795413,0.8471329386795413,0.8471329386795413,0.8471329386795413,0.8471329386795413,0.8471329386795413,0.8171329386795413,0.8371329386795413,0.8371329386795413,0.8371329386795413,0.8271329386795413
978,0.649374982442846,0.659374982442846,0.659374982442846,0.659374982442846,0.639374982442846,0.629374982442846,0.639374982442846,0.639374982442846,0.639374982442846,0.629374982442846,0.649374982442846,0.639374982442846,0.639374982442846
979,0.5976826104795467,0.5876826104795467,0.5976826104795467,0.5676826104795467,0.5676826104795467,0.5776826104795467,0.5576826104795467,0.5676826104795467,0.5876826104795467,0.5776826104795467,0.5776826104795467,0.5976826104795467,0.6076826104795467
980,0.9667456556493281,0.9667456556493281,0.9667456556493281,0.9667456556493281,0.9567456556493281,0.9567456556493281,0.9567456556493281,0.9567456556493281,0.9667456556493281,0.9767456556493281,0.9767456556493281,0.9667456556493281,0.9567456556493281
981,0.6148455577088021,0.6148455577088021,0.6248455577088021,0.6148455577088021,0.6148455577088021,0.6248455577088021,0.6048455577088021,0.6148455577088021,0.6048455577088021,0.6048455577088021,0.6148455577088021,0.6148455577088021,0.6248455577088021
982,0.7196855399544795,0.7296855399544795,0.7396855399544795,0.7296855399544795,0.7496855399544795,0.7496855399544795,0.7396855399544795,0.7196855399544795,0.7296855399544795,0.7596855399544795,0.7546855399544795,0.7546855399544795,0.7346855399544795
983,0.923899453011176,0.903899453011176,0.923899453011176,0.923899453011176,0.913899453011176,0.913899453011176,0.923899453011176,0.913899453011176,0.923899453011176,0.903899453011176,0.903899453011176,0.903899453011176,0.893899453011176
984,0.7981447652888566,0.7881447652888566,0.7881447652888566,0.7881447652888566,0.7881447652888566,0.8081447652888566,0.8081447652888566,0.7981447652888566,0.7881447652888566,0.7881447652888566,0.7981447652888566,0.7981447652888566,0.7981447652888566
985,0.8273178115834602,0.8373178115834602,0.8373178115834602,0.8373178115834602,0.8373178115834602,0.8473178115834602,0.8473178115834602,0.8573178115834602,0.8673178115834602,0.8573178115834602,0.8573178115834602,0.8473178115834602,0.8173178115834602
986,0.8714243641649424,0.8914243641649424,0.8814243641649424,0.9014243641649424,0.9014243641649424,0.9014243641649424,0.9114243641649424,0.9114243641649424,0.9064243641649424,0.8864243641649424,0.8864243641649424,0.8864243641649424,0.8764243641649424
987,0.8694192306789275,0.8794192306789275,0.8494192306789274,0.8494192306789274,0.8394192306789274,0.8494192306789274,0.8594192306789274,0.8794192306789275,0.8894192306789275,0.8994192306789275,0.8994192306789275,0.9094192306789275,0.9094192306789275
988,0.7109282121750644,0.7109282121750644,0.6909282121750644,0.6909282121750644,0.6809282121750644,0.6809282121750644,0.6709282121750644,0.6709282121750644,0.6759282121750644,0.6759282121750644,0.6859282121750644,0.6959282121750644,0.6959282121750644
989,0.6637090461991115,0.6637090461991115,0.6537090461991115,0.6337090461991115,0.6337090461991115,0.6237090461991115,0.6237090461991115,0.6437090461991115,0.6537090461991115,0.6537090461991115,0.6537090461991115,0.6437090461991115,0.6437090461991115
990,0.9808006639673328,0.9608006639673328,0.9608006639673328,0.9608006639673328,0.9808006639673328,0.9908006639673328,1.0,1.0,1.0,0.995,0.995,0.995,0.985
991,0.7520547468088278,0.7620547468088278,0.7520547468088278,0.7620547468088278,0.7420547468088278,0.7720547468088278,0.7520547468088278,0.7620547468088278,0.7520547468088278,0.7720547468088278,0.7820547468088278,0.7920547468088278,0.7820547468088278
992,0.7434040213683296,0.7434040213683296,0.7434040213683296,0.7534040213683296,0.7634040213683296,0.7634040213683296,0.7734040213683296,0.7534040213683296,0.7634040213683296,0.7434040213683296,0.7634040213683296,0.7534040213683296,0.7184040213683296
993,0.7138336350576328,0.6938336350576327,0.7038336350576327,0.7038336350576327,0.7138336350576328,0.7238336350576328,0.7038336350576327,0.7038336350576327,0.7138336350576328,0.6838336350576327,0.7138336350576328,0.7238336350576328,0.7238336350576328
994,0.7830410457401847,0.7830410457401847,0.7830410457401847,0.7930410457401847,0.8130410457401848,0.7930410457401847,0.8030410457401848,0.7830410457401847,0.7630410457401847,0.7630410457401847,0.7630410457401847,0.7630410457401847,0.7530410457401847
995,0.8884836629265085,0.8984836629265085,0.9184836629265085,0.8984836629265085,0.8984836629265085,0.8984836629265085,0.8784836629265085,0.8784836629265085,0.9134836629265085,0.9134836629265085,0.9134836629265085,0.9234836629265085,0.8934836629265085
996,0.6629670113530345,0.6629670113530345,0.6629670113530345,0.6629670113530345,0.6529670113530345,0.6429670113530345,0.6429670113530345,0.6429670113530345,0.6429670113530345,0.6429670113530345,0.6429670113530345,0.6329670113530345,0.6329670113530345
997,0.6889537644035097,0.6889537644035097,0.6889537644035097,0.6989537644035098,0.6989537644035098,0.6889537644035097,0.6889537644035097,0.6789537644035097,0.6789537644035097,0.6589537644035097,0.6689537644035097,0.6789537644035097,0.6689537644035097
998,0.6393157526897973,0.6293157526897973,0.6293157526897973,0.6393157526897973,0.6293157526897973,0.6193157526897973,0.6093157526897973,0.5993157526897973,0.5993157526897973,0.6043157526897973,0.6143157526897973,0.6143157526897973,0.6043157526897973
999,0.7625835958147825,0.7525835958147825,0.7325835958147825,0.7325835958147825,0.7325835958147825,0.7225835958147825,0.7225835958147825,0.7275835958147825,0.7375835958147825,0.7475835958147825,0.7475835958147825,0.7375835958147825,0.7375835958147825
