Time Step,Simulation,0,2,4,6,8,10,12,14,16,18,20,22
0,0.8632709911980904,0.8532709911980904,0.8532709911980904,0.8632709911980904,0.8432709911980903,0.8432709911980903,0.8332709911980903,0.8332709911980903,0.8232709911980903,0.8332709911980903,0.8482709911980904,0.8782709911980904,0.8882709911980904
1,0.9117781351861823,0.9117781351861823,0.9017781351861823,0.9017781351861823,0.9117781351861823,0.9117781351861823,0.8917781351861823,0.8917781351861823,0.9017781351861823,0.9017781351861823,0.9117781351861823,0.8917781351861823,0.8817781351861823
2,0.8409332923078099,0.8709332923078099,0.8709332923078099,0.8809332923078099,0.8709332923078099,0.8809332923078099,0.8759332923078099,0.8659332923078099,0.8659332923078099,0.8459332923078099,0.8359332923078099,0.8159332923078099,0.8359332923078099
3,0.9107699068630595,0.9107699068630595,0.9107699068630595,0.8907699068630595,0.9107699068630595,0.9207699068630595,0.9307699068630595,0.9107699068630595,0.9107699068630595,0.9107699068630595,0.9107699068630595,0.9207699068630595,0.9307699068630595
4,0.8548242485057328,0.8648242485057328,0.8648242485057328,0.8648242485057328,0.8648242485057328,0.8548242485057328,0.8448242485057328,0.8348242485057328,0.8248242485057328,0.8248242485057328,0.8148242485057328,0.8198242485057328,0.8198242485057328
5,0.840573592295094,0.840573592295094,0.820573592295094,0.800573592295094,0.805573592295094,0.815573592295094,0.815573592295094,0.815573592295094,0.815573592295094,0.815573592295094,0.805573592295094,0.805573592295094,0.805573592295094
6,0.8748842960045626,0.8748842960045626,0.8848842960045626,0.8848842960045626,0.8948842960045627,0.9048842960045627,0.8898842960045626,0.8798842960045626,0.8698842960045626,0.8798842960045626,0.8798842960045626,0.8798842960045626,0.8898842960045626
7,0.9147170439192633,0.9047170439192633,0.8947170439192633,0.8947170439192633,0.8747170439192633,0.8797170439192633,0.8797170439192633,0.8897170439192633,0.8997170439192633,0.8897170439192633,0.8997170439192633,0.8997170439192633,0.9197170439192633
8,0.840668529100717,0.840668529100717,0.860668529100717,0.840668529100717,0.850668529100717,0.850668529100717,0.840668529100717,0.850668529100717,0.850668529100717,0.850668529100717,0.840668529100717,0.840668529100717,0.850668529100717
9,0.8755866609222349,0.8655866609222349,0.8555866609222349,0.8555866609222349,0.8555866609222349,0.8455866609222349,0.8455866609222349,0.8455866609222349,0.8655866609222349,0.8755866609222349,0.8555866609222349,0.8655866609222349,0.8855866609222349
10,0.8670834579627092,0.8770834579627093,0.8770834579627093,0.8870834579627093,0.8870834579627093,0.8870834579627093,0.8770834579627093,0.8670834579627092,0.8670834579627092,0.8670834579627092,0.8770834579627093,0.8670834579627092,0.8770834579627093
11,0.8475856969855077,0.8675856969855077,0.8775856969855077,0.8625856969855077,0.8525856969855077,0.8525856969855077,0.8325856969855077,0.8325856969855077,0.8225856969855077,0.8225856969855077,0.8125856969855076,0.8125856969855076,0.8225856969855077
12,0.9098355006036328,0.9098355006036328,0.9098355006036328,0.9098355006036328,0.8998355006036328,0.8998355006036328,0.9198355006036328,0.9098355006036328,0.9098355006036328,0.9198355006036328,0.9298355006036328,0.9298355006036328,0.9298355006036328
13,0.923016993792441,0.933016993792441,0.933016993792441,0.923016993792441,0.923016993792441,0.933016993792441,0.953016993792441,0.963016993792441,0.963016993792441,0.963016993792441,0.963016993792441,0.963016993792441,0.958016993792441
14,0.9156514275218961,0.9056514275218961,0.9056514275218961,0.8956514275218961,0.8956514275218961,0.8956514275218961,0.8956514275218961,0.8956514275218961,0.8856514275218961,0.8756514275218961,0.8806514275218961,0.8906514275218961,0.8906514275218961
15,0.8684197325212656,0.8684197325212656,0.8584197325212656,0.8584197325212656,0.8584197325212656,0.8384197325212656,0.8584197325212656,0.8584197325212656,0.8584197325212656,0.8484197325212656,0.8584197325212656,0.8584197325212656,0.8384197325212656
16,0.9124830978380016,0.9324830978380017,0.9324830978380017,0.9324830978380017,0.9224830978380016,0.9324830978380017,0.9024830978380016,0.9024830978380016,0.9124830978380016,0.9224830978380016,0.9324830978380017,0.9224830978380016,0.8924830978380016
17,0.8569846934592238,0.8569846934592238,0.8469846934592238,0.8369846934592238,0.8669846934592238,0.8769846934592238,0.8519846934592238,0.8419846934592238,0.8219846934592238,0.8219846934592238,0.8219846934592238,0.8219846934592238,0.8319846934592238
18,0.8355073211454562,0.8355073211454562,0.8755073211454563,0.8705073211454563,0.8705073211454563,0.8705073211454563,0.8505073211454562,0.8505073211454562,0.8505073211454562,0.8505073211454562,0.8505073211454562,0.8405073211454562,0.8605073211454562
19,0.882140408243156,0.872140408243156,0.862140408243156,0.872140408243156,0.872140408243156,0.892140408243156,0.892140408243156,0.882140408243156,0.902140408243156,0.902140408243156,0.902140408243156,0.902140408243156,0.922140408243156
20,0.8651357533642334,0.8651357533642334,0.8451357533642334,0.8451357533642334,0.8251357533642334,0.8301357533642334,0.8401357533642334,0.8401357533642334,0.8401357533642334,0.8601357533642334,0.8601357533642334,0.8501357533642334,0.8501357533642334
21,0.9051991577982799,0.8951991577982799,0.9051991577982799,0.8851991577982798,0.8851991577982798,0.8751991577982798,0.8651991577982798,0.8851991577982798,0.8851991577982798,0.8751991577982798,0.8901991577982798,0.8901991577982798,0.8901991577982798
22,0.877528312164696,0.897528312164696,0.907528312164696,0.892528312164696,0.882528312164696,0.882528312164696,0.882528312164696,0.912528312164696,0.902528312164696,0.902528312164696,0.902528312164696,0.912528312164696,0.902528312164696
23,0.8837319980019206,0.8837319980019206,0.8837319980019206,0.8837319980019206,0.8837319980019206,0.8737319980019206,0.8737319980019206,0.8837319980019206,0.8837319980019206,0.8837319980019206,0.8837319980019206,0.8937319980019206,0.8937319980019206
24,0.8781661220770869,0.8781661220770869,0.8781661220770869,0.8681661220770869,0.8681661220770869,0.8681661220770869,0.8881661220770869,0.8881661220770869,0.9081661220770869,0.8931661220770869,0.8931661220770869,0.8931661220770869,0.8631661220770869
25,0.8675944311201025,0.8575944311201025,0.8575944311201025,0.8475944311201025,0.8575944311201025,0.8575944311201025,0.8475944311201025,0.8375944311201025,0.8475944311201025,0.8575944311201025,0.8575944311201025,0.8675944311201025,0.8675944311201025
26,0.8445510177433578,0.8445510177433578,0.8645510177433579,0.8545510177433578,0.8545510177433578,0.8545510177433578,0.8445510177433578,0.8445510177433578,0.8245510177433578,0.8345510177433578,0.8145510177433578,0.8245510177433578,0.8345510177433578
27,0.8790009074817058,0.8790009074817058,0.8990009074817058,0.9090009074817058,0.8990009074817058,0.8990009074817058,0.9090009074817058,0.9190009074817058,0.9190009074817058,0.9190009074817058,0.9190009074817058,0.9140009074817058,0.8940009074817058
28,0.8712276321780102,0.8812276321780103,0.8612276321780102,0.8812276321780103,0.8812276321780103,0.8712276321780102,0.8712276321780102,0.8912276321780103,0.8812276321780103,0.8812276321780103,0.8812276321780103,0.8812276321780103,0.8712276321780102
29,0.8776855858520866,0.8776855858520866,0.8676855858520865,0.8476855858520865,0.8676855858520865,0.8676855858520865,0.8676855858520865,0.8676855858520865,0.8676855858520865,0.8476855858520865,0.8576855858520865,0.8476855858520865,0.8376855858520865
30,0.8427740899533116,0.8327740899533116,0.8327740899533116,0.8327740899533116,0.8327740899533116,0.8627740899533116,0.8627740899533116,0.8327740899533116,0.8227740899533116,0.8327740899533116,0.8127740899533116,0.8227740899533116,0.8427740899533116
31,0.9019863557547197,0.9019863557547197,0.8819863557547197,0.8819863557547197,0.8819863557547197,0.8919863557547197,0.8819863557547197,0.8819863557547197,0.8819863557547197,0.8819863557547197,0.8819863557547197,0.9069863557547198,0.9069863557547198
32,0.9179729298570909,0.9079729298570909,0.9179729298570909,0.9179729298570909,0.9279729298570909,0.9279729298570909,0.9279729298570909,0.9179729298570909,0.9179729298570909,0.9079729298570909,0.9079729298570909,0.9179729298570909,0.8979729298570909
33,0.8401424471168225,0.8501424471168225,0.8501424471168225,0.8501424471168225,0.8301424471168225,0.8301424471168225,0.8401424471168225,0.8601424471168225,0.8601424471168225,0.8601424471168225,0.8701424471168225,0.8501424471168225,0.8601424471168225
34,0.8667745982411008,0.8667745982411008,0.8667745982411008,0.8867745982411008,0.8867745982411008,0.8867745982411008,0.8767745982411008,0.8667745982411008,0.8567745982411008,0.8567745982411008,0.8567745982411008,0.8667745982411008,0.8567745982411008
35,0.843709410463462,0.833709410463462,0.843709410463462,0.8637094104634621,0.8637094104634621,0.8737094104634621,0.8837094104634621,0.8837094104634621,0.8787094104634621,0.8687094104634621,0.8687094104634621,0.8687094104634621,0.8687094104634621
36,0.8186234244610316,0.8086234244610316,0.8286234244610317,0.8286234244610317,0.8286234244610317,0.8186234244610316,0.8186234244610316,0.8186234244610316,0.8186234244610316,0.8186234244610316,0.7986234244610316,0.8086234244610316,0.8086234244610316
37,0.9053657219171957,0.9053657219171957,0.9053657219171957,0.9153657219171957,0.8953657219171957,0.8953657219171957,0.9053657219171957,0.8853657219171956,0.8853657219171956,0.8853657219171956,0.8853657219171956,0.8853657219171956,0.8953657219171957
38,0.8084062512850267,0.8384062512850268,0.8384062512850268,0.8384062512850268,0.8184062512850268,0.8284062512850268,0.8184062512850268,0.8284062512850268,0.8284062512850268,0.8084062512850267,0.8084062512850267,0.7984062512850267,0.7884062512850267
39,0.8834548106312993,0.8634548106312993,0.8734548106312993,0.8934548106312993,0.8934548106312993,0.8934548106312993,0.9234548106312993,0.9184548106312993,0.9084548106312993,0.9084548106312993,0.8884548106312993,0.8884548106312993,0.8884548106312993
40,0.878409182973956,0.888409182973956,0.888409182973956,0.888409182973956,0.898409182973956,0.868409182973956,0.878409182973956,0.878409182973956,0.858409182973956,0.858409182973956,0.848409182973956,0.858409182973956,0.878409182973956
41,0.8733580893000812,0.8833580893000812,0.8633580893000812,0.8733580893000812,0.8733580893000812,0.8433580893000812,0.8433580893000812,0.8433580893000812,0.8433580893000812,0.8433580893000812,0.8433580893000812,0.8433580893000812,0.8333580893000812
42,0.8421927443421524,0.8321927443421524,0.8321927443421524,0.8321927443421524,0.8221927443421524,0.8221927443421524,0.8221927443421524,0.8321927443421524,0.8421927443421524,0.8421927443421524,0.8421927443421524,0.8521927443421524,0.8621927443421524
43,0.9057143343860771,0.8957143343860771,0.8957143343860771,0.8957143343860771,0.9057143343860771,0.9157143343860771,0.9157143343860771,0.9157143343860771,0.9257143343860771,0.9357143343860771,0.9207143343860771,0.9307143343860771,0.9307143343860771
44,0.8860150501077313,0.8860150501077313,0.8960150501077313,0.8660150501077313,0.8660150501077313,0.8560150501077313,0.8560150501077313,0.8660150501077313,0.8760150501077313,0.8760150501077313,0.8660150501077313,0.8660150501077313,0.8860150501077313
45,0.9139545955536384,0.9239545955536385,0.9239545955536385,0.9239545955536385,0.9239545955536385,0.9339545955536385,0.9239545955536385,0.9139545955536384,0.9139545955536384,0.9139545955536384,0.9239545955536385,0.9239545955536385,0.9239545955536385
46,0.8503190329811614,0.8403190329811614,0.8403190329811614,0.8103190329811614,0.8103190329811614,0.8103190329811614,0.8103190329811614,0.8303190329811614,0.8303190329811614,0.8203190329811614,0.8303190329811614,0.8203190329811614,0.8303190329811614
47,0.8680386800423551,0.8680386800423551,0.8680386800423551,0.8680386800423551,0.8780386800423551,0.8780386800423551,0.8780386800423551,0.8680386800423551,0.8680386800423551,0.8680386800423551,0.8680386800423551,0.8880386800423551,0.8880386800423551
48,0.8716101643452927,0.8716101643452927,0.8516101643452927,0.8616101643452927,0.8616101643452927,0.8616101643452927,0.8516101643452927,0.8616101643452927,0.8516101643452927,0.8816101643452927,0.8816101643452927,0.8716101643452927,0.8516101643452927
49,0.8683745247832189,0.8683745247832189,0.8683745247832189,0.8483745247832188,0.8283745247832188,0.8333745247832188,0.8433745247832188,0.8433745247832188,0.8433745247832188,0.8533745247832188,0.8433745247832188,0.8233745247832188,0.8233745247832188
50,0.901386014493188,0.901386014493188,0.911386014493188,0.891386014493188,0.891386014493188,0.891386014493188,0.891386014493188,0.891386014493188,0.881386014493188,0.871386014493188,0.871386014493188,0.886386014493188,0.876386014493188
51,0.8582584866508879,0.8582584866508879,0.8782584866508879,0.8882584866508879,0.8782584866508879,0.8782584866508879,0.8882584866508879,0.8882584866508879,0.8682584866508879,0.8782584866508879,0.8782584866508879,0.8782584866508879,0.8882584866508879
52,0.9366120076229695,0.9266120076229695,0.9266120076229695,0.9266120076229695,0.9266120076229695,0.9466120076229695,0.9566120076229695,0.9566120076229695,0.9566120076229695,0.9466120076229695,0.9116120076229695,0.9016120076229694,0.9016120076229694
53,0.8456896770560807,0.8256896770560807,0.8256896770560807,0.8256896770560807,0.8156896770560806,0.8156896770560806,0.8156896770560806,0.8156896770560806,0.8256896770560807,0.8356896770560807,0.8456896770560807,0.8456896770560807,0.8456896770560807
54,0.8432483751908185,0.8432483751908185,0.8432483751908185,0.8332483751908185,0.8332483751908185,0.8332483751908185,0.8332483751908185,0.8332483751908185,0.8332483751908185,0.8432483751908185,0.8432483751908185,0.8432483751908185,0.8432483751908185
55,0.8753129749517004,0.8653129749517003,0.8653129749517003,0.8753129749517004,0.8553129749517003,0.8553129749517003,0.8553129749517003,0.8753129749517004,0.8753129749517004,0.8753129749517004,0.8753129749517004,0.8553129749517003,0.8353129749517003
56,0.8791447165507568,0.8891447165507568,0.8791447165507568,0.8891447165507568,0.9091447165507568,0.9191447165507568,0.8991447165507568,0.8991447165507568,0.8991447165507568,0.8891447165507568,0.8891447165507568,0.9191447165507568,0.9191447165507568
57,0.8660456762143194,0.8560456762143194,0.8560456762143194,0.8660456762143194,0.8560456762143194,0.8460456762143194,0.8660456762143194,0.8660456762143194,0.8660456762143194,0.8760456762143194,0.8760456762143194,0.8960456762143194,0.8960456762143194
58,0.8779110337522316,0.8679110337522316,0.8979110337522316,0.8879110337522316,0.8979110337522316,0.8979110337522316,0.9079110337522316,0.9179110337522316,0.8979110337522316,0.9079110337522316,0.8929110337522316,0.8929110337522316,0.8929110337522316
59,0.8822527993471712,0.8922527993471712,0.8922527993471712,0.9122527993471712,0.9122527993471712,0.8922527993471712,0.9022527993471712,0.9022527993471712,0.9022527993471712,0.9022527993471712,0.9022527993471712,0.8922527993471712,0.9122527993471712
60,0.8738308445222509,0.8738308445222509,0.8738308445222509,0.8738308445222509,0.8838308445222509,0.8838308445222509,0.8638308445222509,0.8638308445222509,0.8638308445222509,0.8738308445222509,0.8538308445222509,0.8538308445222509,0.8538308445222509
61,0.868977214529555,0.868977214529555,0.858977214529555,0.848977214529555,0.858977214529555,0.868977214529555,0.868977214529555,0.868977214529555,0.868977214529555,0.878977214529555,0.878977214529555,0.878977214529555,0.868977214529555
62,0.8559982630143945,0.8459982630143945,0.8359982630143945,0.8159982630143945,0.8209982630143945,0.8309982630143945,0.8209982630143945,0.8209982630143945,0.8309982630143945,0.8509982630143945,0.8309982630143945,0.8509982630143945,0.8509982630143945
63,0.8692909568603698,0.8692909568603698,0.8692909568603698,0.8692909568603698,0.8692909568603698,0.8892909568603699,0.8792909568603698,0.8992909568603699,0.8992909568603699,0.8842909568603698,0.8842909568603698,0.8742909568603698,0.8742909568603698
64,0.8871394594292622,0.8971394594292622,0.8971394594292622,0.9271394594292622,0.9071394594292622,0.9071394594292622,0.8971394594292622,0.9271394594292622,0.9171394594292622,0.9171394594292622,0.9171394594292622,0.9271394594292622,0.9271394594292622
65,0.8908305525315982,0.8708305525315981,0.8708305525315981,0.8508305525315981,0.8558305525315981,0.8658305525315981,0.8858305525315981,0.8658305525315981,0.8858305525315981,0.8958305525315982,0.9258305525315982,0.9258305525315982,0.9158305525315982
66,0.9020695273655913,0.9020695273655913,0.8920695273655913,0.8720695273655913,0.8920695273655913,0.8820695273655913,0.8820695273655913,0.8720695273655913,0.8820695273655913,0.8720695273655913,0.8720695273655913,0.8820695273655913,0.8920695273655913
67,0.8719701931618956,0.8719701931618956,0.8719701931618956,0.8519701931618956,0.8519701931618956,0.8319701931618956,0.8319701931618956,0.8419701931618956,0.8569701931618956,0.8769701931618956,0.8569701931618956,0.8269701931618956,0.8269701931618956
68,0.9087213630532405,0.9087213630532405,0.9087213630532405,0.9087213630532405,0.9087213630532405,0.9187213630532405,0.8887213630532405,0.8987213630532405,0.8887213630532405,0.8887213630532405,0.8887213630532405,0.8887213630532405,0.8987213630532405
69,0.8663052886427516,0.8763052886427516,0.8963052886427516,0.9063052886427516,0.9063052886427516,0.9063052886427516,0.8863052886427516,0.8863052886427516,0.8863052886427516,0.8863052886427516,0.8763052886427516,0.8663052886427516,0.8363052886427516
70,0.8751919649027787,0.8751919649027787,0.8751919649027787,0.8651919649027787,0.8651919649027787,0.8651919649027787,0.8651919649027787,0.8551919649027787,0.8451919649027787,0.8451919649027787,0.8351919649027787,0.8451919649027787,0.8651919649027787
71,0.9224936550033636,0.9224936550033636,0.9424936550033636,0.9524936550033636,0.9524936550033636,0.9374936550033636,0.9374936550033636,0.9274936550033636,0.9274936550033636,0.9274936550033636,0.9074936550033635,0.9074936550033635,0.9074936550033635
72,0.8788264869735802,0.8788264869735802,0.8788264869735802,0.8888264869735802,0.9088264869735803,0.8988264869735803,0.8988264869735803,0.8988264869735803,0.9088264869735803,0.8988264869735803,0.8988264869735803,0.8788264869735802,0.8688264869735802
73,0.866670533450626,0.866670533450626,0.876670533450626,0.876670533450626,0.876670533450626,0.866670533450626,0.866670533450626,0.866670533450626,0.866670533450626,0.866670533450626,0.8566705334506259,0.8566705334506259,0.866670533450626
74,0.9252987596554878,0.9352987596554878,0.9052987596554878,0.9052987596554878,0.9052987596554878,0.9052987596554878,0.9052987596554878,0.9052987596554878,0.9052987596554878,0.9152987596554878,0.9052987596554878,0.9052987596554878,0.9052987596554878
75,0.8753510977347821,0.8753510977347821,0.8753510977347821,0.9053510977347822,0.8903510977347822,0.9103510977347822,0.9003510977347822,0.9003510977347822,0.9003510977347822,0.9003510977347822,0.9203510977347822,0.8903510977347822,0.8803510977347822
76,0.8846532178058484,0.8646532178058484,0.8646532178058484,0.8546532178058484,0.8746532178058484,0.8746532178058484,0.8746532178058484,0.8546532178058484,0.8646532178058484,0.8646532178058484,0.8446532178058483,0.8446532178058483,0.8646532178058484
77,0.8241114091069571,0.8341114091069571,0.7941114091069571,0.8041114091069571,0.8041114091069571,0.8041114091069571,0.7941114091069571,0.8041114091069571,0.7941114091069571,0.7941114091069571,0.8041114091069571,0.7941114091069571,0.8041114091069571
78,0.8478437011138286,0.8278437011138285,0.8178437011138285,0.8328437011138285,0.8428437011138286,0.8428437011138286,0.8628437011138286,0.8728437011138286,0.8628437011138286,0.8528437011138286,0.8728437011138286,0.8728437011138286,0.8728437011138286
79,0.850752519993377,0.870752519993377,0.845752519993377,0.845752519993377,0.845752519993377,0.835752519993377,0.845752519993377,0.825752519993377,0.825752519993377,0.825752519993377,0.835752519993377,0.845752519993377,0.845752519993377
80,0.8725166120631469,0.8625166120631469,0.8425166120631469,0.8525166120631469,0.8525166120631469,0.8625166120631469,0.8625166120631469,0.8625166120631469,0.8825166120631469,0.8725166120631469,0.8825166120631469,0.8825166120631469,0.8725166120631469
81,0.9120722813671158,0.9120722813671158,0.9120722813671158,0.8920722813671158,0.8820722813671158,0.8820722813671158,0.8820722813671158,0.8720722813671158,0.8720722813671158,0.8720722813671158,0.8720722813671158,0.8770722813671158,0.8870722813671158
82,0.8465756367523188,0.8465756367523188,0.8365756367523188,0.8265756367523188,0.8265756367523188,0.8265756367523188,0.8065756367523188,0.8115756367523188,0.8315756367523188,0.8215756367523188,0.8515756367523188,0.8515756367523188,0.8515756367523188
83,0.8841464036931176,0.8841464036931176,0.8941464036931176,0.8941464036931176,0.8941464036931176,0.8941464036931176,0.8941464036931176,0.8841464036931176,0.8841464036931176,0.8841464036931176,0.8741464036931176,0.8641464036931176,0.8741464036931176
84,0.9135919524968131,0.9135919524968131,0.9035919524968131,0.9035919524968131,0.8835919524968131,0.8735919524968131,0.8735919524968131,0.8935919524968131,0.9135919524968131,0.9135919524968131,0.9035919524968131,0.9135919524968131,0.9135919524968131
85,0.8169032469208106,0.8169032469208106,0.8169032469208106,0.8169032469208106,0.8269032469208106,0.8269032469208106,0.8069032469208106,0.8069032469208106,0.8369032469208106,0.8269032469208106,0.8469032469208106,0.8469032469208106,0.8569032469208107
86,0.8519103096679246,0.8519103096679246,0.8519103096679246,0.8319103096679246,0.8119103096679245,0.8119103096679245,0.8319103096679246,0.8319103096679246,0.8519103096679246,0.8419103096679246,0.8519103096679246,0.8519103096679246,0.8719103096679246
87,0.8596821894818035,0.8496821894818035,0.8396821894818035,0.8396821894818035,0.8496821894818035,0.8496821894818035,0.8496821894818035,0.8496821894818035,0.8496821894818035,0.8496821894818035,0.8496821894818035,0.8396821894818035,0.8396821894818035
88,0.8612127288923941,0.8512127288923941,0.8512127288923941,0.8612127288923941,0.8812127288923941,0.8812127288923941,0.8712127288923941,0.8912127288923941,0.8912127288923941,0.8912127288923941,0.8912127288923941,0.8912127288923941,0.8812127288923941
89,0.8541254059855999,0.8441254059855999,0.8441254059855999,0.8341254059855999,0.8341254059855999,0.8341254059855999,0.8541254059855999,0.8641254059856,0.8541254059855999,0.8541254059855999,0.8541254059855999,0.8541254059855999,0.8541254059855999
90,0.8664045681602084,0.8664045681602084,0.8564045681602084,0.8564045681602084,0.8564045681602084,0.8664045681602084,0.8964045681602084,0.8664045681602084,0.8464045681602084,0.8564045681602084,0.8364045681602084,0.8264045681602084,0.8314045681602084
91,0.8236091715996168,0.7936091715996167,0.7936091715996167,0.7936091715996167,0.8136091715996168,0.8136091715996168,0.8036091715996168,0.7936091715996167,0.7936091715996167,0.8086091715996168,0.8186091715996168,0.8186091715996168,0.8286091715996168
92,0.8773557091900813,0.8773557091900813,0.8673557091900813,0.8973557091900813,0.8873557091900813,0.8873557091900813,0.8773557091900813,0.8873557091900813,0.8873557091900813,0.8873557091900813,0.8873557091900813,0.8973557091900813,0.8973557091900813
93,0.8925529623099203,0.8925529623099203,0.8925529623099203,0.8925529623099203,0.9225529623099203,0.9225529623099203,0.9225529623099203,0.9225529623099203,0.9225529623099203,0.9125529623099203,0.9025529623099203,0.8925529623099203,0.8825529623099203
94,0.8044547601404292,0.8144547601404292,0.8044547601404292,0.7944547601404292,0.7944547601404292,0.7944547601404292,0.7944547601404292,0.7944547601404292,0.7844547601404291,0.7844547601404291,0.7844547601404291,0.7744547601404291,0.8044547601404292
95,0.856351208631379,0.846351208631379,0.846351208631379,0.846351208631379,0.836351208631379,0.816351208631379,0.816351208631379,0.826351208631379,0.816351208631379,0.836351208631379,0.846351208631379,0.846351208631379,0.846351208631379
96,0.9228422647951087,0.9428422647951087,0.9628422647951087,0.9578422647951087,0.9478422647951087,0.9478422647951087,0.9478422647951087,0.9578422647951087,0.9478422647951087,0.9478422647951087,0.9478422647951087,0.9378422647951087,0.9378422647951087
97,0.8860462201094991,0.8860462201094991,0.866046220109499,0.866046220109499,0.866046220109499,0.866046220109499,0.866046220109499,0.866046220109499,0.8760462201094991,0.8760462201094991,0.8860462201094991,0.8860462201094991,0.8860462201094991
98,0.867289794901727,0.867289794901727,0.867289794901727,0.877289794901727,0.877289794901727,0.847289794901727,0.847289794901727,0.867289794901727,0.857289794901727,0.857289794901727,0.867289794901727,0.857289794901727,0.867289794901727
99,0.9153212559403227,0.9153212559403227,0.9153212559403227,0.9153212559403227,0.9153212559403227,0.8953212559403226,0.9253212559403227,0.9153212559403227,0.9153212559403227,0.9053212559403226,0.8953212559403226,0.8753212559403226,0.9153212559403227
100,0.8563179940774506,0.8663179940774506,0.8663179940774506,0.8663179940774506,0.8663179940774506,0.8663179940774506,0.8663179940774506,0.8663179940774506,0.8663179940774506,0.8763179940774506,0.8763179940774506,0.8763179940774506,0.8963179940774506
101,0.8792440138564553,0.8792440138564553,0.8592440138564553,0.8592440138564553,0.8692440138564553,0.8692440138564553,0.8592440138564553,0.8492440138564553,0.8392440138564553,0.8492440138564553,0.8492440138564553,0.8492440138564553,0.8492440138564553
102,0.9080345664574521,0.9180345664574521,0.9080345664574521,0.888034566457452,0.888034566457452,0.9080345664574521,0.9080345664574521,0.9180345664574521,0.9280345664574521,0.9280345664574521,0.9280345664574521,0.9280345664574521,0.9280345664574521
103,0.8586841050002118,0.8686841050002118,0.8686841050002118,0.8586841050002118,0.8586841050002118,0.8586841050002118,0.8586841050002118,0.8486841050002117,0.8686841050002118,0.8686841050002118,0.8486841050002117,0.8286841050002117,0.8286841050002117
104,0.8771888277719483,0.8871888277719483,0.9071888277719483,0.9171888277719483,0.9171888277719483,0.9171888277719483,0.9171888277719483,0.9171888277719483,0.9071888277719483,0.8971888277719483,0.8971888277719483,0.8871888277719483,0.8871888277719483
105,0.8268846300651805,0.8268846300651805,0.8068846300651805,0.7968846300651805,0.8168846300651805,0.8268846300651805,0.8168846300651805,0.7968846300651805,0.7968846300651805,0.8268846300651805,0.8268846300651805,0.8368846300651805,0.8568846300651806
106,0.9016971885590916,0.9016971885590916,0.9116971885590917,0.9216971885590917,0.8966971885590916,0.9066971885590916,0.8866971885590916,0.8866971885590916,0.8666971885590916,0.8766971885590916,0.8866971885590916,0.8866971885590916,0.8866971885590916
107,0.8610434163611592,0.8610434163611592,0.8510434163611592,0.8610434163611592,0.8710434163611592,0.8610434163611592,0.8510434163611592,0.8610434163611592,0.8610434163611592,0.8610434163611592,0.8710434163611592,0.8910434163611592,0.8810434163611592
108,0.9305487909798065,0.9505487909798065,0.9505487909798065,0.9605487909798065,0.9455487909798065,0.9655487909798065,0.9555487909798065,0.9555487909798065,0.9755487909798065,0.9755487909798065,0.9555487909798065,0.9555487909798065,0.9555487909798065
109,0.8427353421994798,0.8427353421994798,0.8127353421994797,0.8227353421994797,0.8227353421994797,0.8227353421994797,0.8027353421994797,0.8027353421994797,0.8027353421994797,0.8077353421994797,0.8177353421994797,0.8177353421994797,0.8277353421994798
110,0.8462024791523047,0.8462024791523047,0.8362024791523047,0.8562024791523047,0.8462024791523047,0.8362024791523047,0.8362024791523047,0.8362024791523047,0.8562024791523047,0.8362024791523047,0.8562024791523047,0.8562024791523047,0.8662024791523047
111,0.8776779741430571,0.8776779741430571,0.8776779741430571,0.8876779741430572,0.8876779741430572,0.8876779741430572,0.8776779741430571,0.8976779741430572,0.8976779741430572,0.8876779741430572,0.8976779741430572,0.8976779741430572,0.8976779741430572
112,0.9094645753484935,0.9094645753484935,0.9094645753484935,0.9094645753484935,0.9194645753484935,0.9194645753484935,0.9194645753484935,0.9294645753484935,0.9044645753484934,0.9044645753484934,0.9044645753484934,0.9044645753484934,0.9044645753484934
113,0.888122001911561,0.888122001911561,0.888122001911561,0.888122001911561,0.888122001911561,0.898122001911561,0.908122001911561,0.883122001911561,0.883122001911561,0.873122001911561,0.863122001911561,0.883122001911561,0.883122001911561
114,0.8424850786871693,0.8324850786871693,0.8124850786871692,0.8124850786871692,0.8274850786871693,0.8174850786871692,0.8174850786871692,0.8274850786871693,0.8274850786871693,0.8174850786871692,0.8274850786871693,0.8474850786871693,0.8574850786871693
115,0.9148190827622521,0.8948190827622521,0.8848190827622521,0.8748190827622521,0.8748190827622521,0.8798190827622521,0.8898190827622521,0.8798190827622521,0.8898190827622521,0.8898190827622521,0.8798190827622521,0.8798190827622521,0.8798190827622521
116,0.9256128427846111,0.9156128427846111,0.9356128427846111,0.9456128427846111,0.9356128427846111,0.9356128427846111,0.9356128427846111,0.9356128427846111,0.9256128427846111,0.9256128427846111,0.9256128427846111,0.9356128427846111,0.9356128427846111
117,0.8883682859341893,0.8683682859341892,0.8583682859341892,0.8733682859341892,0.8733682859341892,0.8933682859341893,0.8633682859341892,0.8833682859341893,0.8833682859341893,0.8633682859341892,0.8833682859341893,0.8633682859341892,0.8533682859341892
118,0.9149785167533668,0.9349785167533669,0.9249785167533668,0.9349785167533669,0.9349785167533669,0.9449785167533669,0.9549785167533669,0.9549785167533669,0.9499785167533669,0.9399785167533669,0.9499785167533669,0.9399785167533669,0.9299785167533668
119,0.860360893178496,0.860360893178496,0.880360893178496,0.890360893178496,0.875360893178496,0.875360893178496,0.875360893178496,0.895360893178496,0.885360893178496,0.865360893178496,0.865360893178496,0.865360893178496,0.855360893178496
120,0.8363142541364612,0.8263142541364612,0.8363142541364612,0.8363142541364612,0.8163142541364612,0.8263142541364612,0.8163142541364612,0.8163142541364612,0.8163142541364612,0.8163142541364612,0.8263142541364612,0.8263142541364612,0.8363142541364612
121,0.8862728670268112,0.8762728670268112,0.8762728670268112,0.8962728670268112,0.8962728670268112,0.8962728670268112,0.8962728670268112,0.9062728670268112,0.8962728670268112,0.8962728670268112,0.8962728670268112,0.8862728670268112,0.8862728670268112
122,0.8761458797100927,0.8861458797100927,0.8861458797100927,0.9061458797100927,0.9161458797100928,0.9111458797100928,0.9011458797100927,0.8811458797100927,0.8911458797100927,0.9211458797100928,0.9211458797100928,0.9211458797100928,0.9111458797100928
123,0.8461392154100148,0.8561392154100148,0.8361392154100148,0.8261392154100148,0.8261392154100148,0.8161392154100148,0.8311392154100148,0.8511392154100148,0.8511392154100148,0.8411392154100148,0.8411392154100148,0.8411392154100148,0.8411392154100148
124,0.9184883849866963,0.9084883849866963,0.8984883849866963,0.8984883849866963,0.8784883849866962,0.8784883849866962,0.8884883849866962,0.8884883849866962,0.8984883849866963,0.9084883849866963,0.8884883849866962,0.8884883849866962,0.9084883849866963
125,0.9104774374926203,0.9004774374926203,0.8904774374926203,0.8804774374926203,0.8804774374926203,0.8704774374926203,0.8704774374926203,0.8804774374926203,0.8804774374926203,0.8904774374926203,0.8904774374926203,0.9004774374926203,0.8904774374926203
126,0.9121167688662712,0.9121167688662712,0.9121167688662712,0.9321167688662713,0.9521167688662713,0.9521167688662713,0.9521167688662713,0.9471167688662713,0.9471167688662713,0.9171167688662712,0.8971167688662712,0.8871167688662712,0.8971167688662712
127,0.9349520024465772,0.9349520024465772,0.9149520024465772,0.9149520024465772,0.9149520024465772,0.9149520024465772,0.9399520024465772,0.9599520024465772,0.9599520024465772,0.9799520024465772,0.9799520024465772,0.9799520024465772,0.9799520024465772
128,0.8503402062085383,0.8503402062085383,0.8503402062085383,0.8503402062085383,0.8503402062085383,0.8503402062085383,0.8403402062085383,0.8403402062085383,0.8503402062085383,0.8503402062085383,0.8503402062085383,0.8503402062085383,0.8603402062085383
129,0.8548026621986972,0.8348026621986971,0.8548026621986972,0.8548026621986972,0.8448026621986972,0.8448026621986972,0.8348026621986971,0.8448026621986972,0.8348026621986971,0.8348026621986971,0.8248026621986971,0.8448026621986972,0.8648026621986972
130,0.8569476686326059,0.8369476686326058,0.8569476686326059,0.8569476686326059,0.8669476686326059,0.8769476686326059,0.8869476686326059,0.8869476686326059,0.8769476686326059,0.8969476686326059,0.8969476686326059,0.8919476686326059,0.9019476686326059
131,0.879507369259033,0.889507369259033,0.909507369259033,0.899507369259033,0.899507369259033,0.889507369259033,0.8695073692590329,0.8595073692590329,0.8595073692590329,0.8695073692590329,0.8595073692590329,0.879507369259033,0.899507369259033
132,0.8653391437562694,0.8753391437562694,0.8753391437562694,0.8753391437562694,0.8753391437562694,0.8553391437562694,0.8553391437562694,0.8653391437562694,0.8653391437562694,0.8753391437562694,0.8753391437562694,0.8453391437562694,0.8453391437562694
133,0.8793800579645507,0.8593800579645506,0.8593800579645506,0.8593800579645506,0.8593800579645506,0.8693800579645506,0.8593800579645506,0.8693800579645506,0.8693800579645506,0.8693800579645506,0.8693800579645506,0.8593800579645506,0.8593800579645506
134,0.860492728620466,0.860492728620466,0.860492728620466,0.850492728620466,0.840492728620466,0.840492728620466,0.820492728620466,0.820492728620466,0.820492728620466,0.830492728620466,0.845492728620466,0.845492728620466,0.835492728620466
135,0.9170090110361594,0.9070090110361594,0.9270090110361594,0.9070090110361594,0.8970090110361594,0.9070090110361594,0.9070090110361594,0.8970090110361594,0.9070090110361594,0.9170090110361594,0.9170090110361594,0.9170090110361594,0.9170090110361594
136,0.8731023023849026,0.8631023023849026,0.8431023023849026,0.8431023023849026,0.8431023023849026,0.8531023023849026,0.8531023023849026,0.8531023023849026,0.8731023023849026,0.8731023023849026,0.8731023023849026,0.8831023023849026,0.8731023023849026
137,0.8506564728874481,0.8606564728874481,0.8506564728874481,0.8506564728874481,0.810656472887448,0.815656472887448,0.815656472887448,0.825656472887448,0.825656472887448,0.835656472887448,0.835656472887448,0.845656472887448,0.845656472887448
138,0.8534694327405875,0.8434694327405875,0.8434694327405875,0.8434694327405875,0.8334694327405875,0.8534694327405875,0.8634694327405875,0.8634694327405875,0.8634694327405875,0.8634694327405875,0.8534694327405875,0.8534694327405875,0.8734694327405875
139,0.8878581492941681,0.9178581492941681,0.9078581492941681,0.9178581492941681,0.9178581492941681,0.9078581492941681,0.9078581492941681,0.8978581492941681,0.8978581492941681,0.8978581492941681,0.8978581492941681,0.8978581492941681,0.8978581492941681
140,0.8606759996418584,0.8406759996418584,0.8406759996418584,0.8506759996418584,0.8506759996418584,0.8406759996418584,0.8406759996418584,0.8706759996418584,0.8606759996418584,0.8606759996418584,0.8606759996418584,0.8806759996418584,0.8806759996418584
141,0.8593164101781061,0.8293164101781061,0.8293164101781061,0.8193164101781061,0.8243164101781061,0.8343164101781061,0.8543164101781061,0.8543164101781061,0.8543164101781061,0.8643164101781061,0.8643164101781061,0.8643164101781061,0.8643164101781061
142,0.8813914577625349,0.8813914577625349,0.9013914577625349,0.9013914577625349,0.9113914577625349,0.9113914577625349,0.9013914577625349,0.8913914577625349,0.8913914577625349,0.8913914577625349,0.9013914577625349,0.9013914577625349,0.8913914577625349
143,0.8878019749349478,0.9078019749349479,0.8978019749349478,0.9078019749349479,0.9078019749349479,0.9078019749349479,0.9078019749349479,0.9078019749349479,0.9178019749349479,0.9178019749349479,0.9178019749349479,0.9278019749349479,0.9078019749349479
144,0.8488713155268567,0.8588713155268567,0.8888713155268567,0.8888713155268567,0.8788713155268567,0.8788713155268567,0.8638713155268567,0.8338713155268567,0.8438713155268567,0.8438713155268567,0.8338713155268567,0.8438713155268567,0.8538713155268567
145,0.8581159754602609,0.8381159754602608,0.8481159754602609,0.8381159754602608,0.8481159754602609,0.8281159754602608,0.8281159754602608,0.8281159754602608,0.8281159754602608,0.8281159754602608,0.8181159754602608,0.8381159754602608,0.8281159754602608
146,0.8927928912853814,0.8727928912853814,0.8727928912853814,0.8627928912853814,0.8527928912853814,0.8577928912853814,0.8677928912853814,0.8777928912853814,0.8777928912853814,0.8777928912853814,0.8877928912853814,0.8877928912853814,0.9077928912853814
147,0.8577439451538945,0.8377439451538945,0.8477439451538945,0.8477439451538945,0.8477439451538945,0.8677439451538945,0.8327439451538945,0.8527439451538945,0.8527439451538945,0.8627439451538945,0.8627439451538945,0.8827439451538945,0.8727439451538945
148,0.8337237424915984,0.8337237424915984,0.8437237424915984,0.8237237424915984,0.8237237424915984,0.8237237424915984,0.8237237424915984,0.8237237424915984,0.8237237424915984,0.8237237424915984,0.8437237424915984,0.8537237424915984,0.8537237424915984
149,0.9075460399304799,0.9075460399304799,0.9075460399304799,0.8775460399304799,0.8875460399304799,0.8975460399304799,0.9075460399304799,0.8975460399304799,0.8775460399304799,0.8775460399304799,0.8775460399304799,0.8775460399304799,0.8675460399304799
150,0.8587111865762166,0.8587111865762166,0.8387111865762166,0.8287111865762166,0.8287111865762166,0.8387111865762166,0.8187111865762166,0.8287111865762166,0.8387111865762166,0.8587111865762166,0.8587111865762166,0.8387111865762166,0.8637111865762166
151,0.8514626434612806,0.8614626434612807,0.8614626434612807,0.8514626434612806,0.8514626434612806,0.8514626434612806,0.8614626434612807,0.8514626434612806,0.8414626434612806,0.8314626434612806,0.8214626434612806,0.8114626434612806,0.8114626434612806
152,0.8504872287429313,0.8504872287429313,0.8704872287429313,0.8604872287429313,0.8304872287429312,0.8304872287429312,0.8104872287429312,0.8104872287429312,0.8154872287429312,0.8254872287429312,0.8354872287429312,0.8354872287429312,0.8454872287429313
153,0.8604435482347075,0.8704435482347075,0.8604435482347075,0.8604435482347075,0.8804435482347075,0.8804435482347075,0.8904435482347075,0.8804435482347075,0.8704435482347075,0.8704435482347075,0.8804435482347075,0.8904435482347075,0.8904435482347075
154,0.8601589793185023,0.8601589793185023,0.8601589793185023,0.8601589793185023,0.8601589793185023,0.8501589793185023,0.8501589793185023,0.8501589793185023,0.8301589793185022,0.8451589793185023,0.8551589793185023,0.8651589793185023,0.8651589793185023
155,0.8207083583066728,0.8207083583066728,0.8307083583066728,0.8007083583066728,0.8107083583066728,0.8207083583066728,0.8107083583066728,0.8307083583066728,0.8507083583066728,0.8607083583066728,0.8557083583066728,0.8457083583066728,0.8357083583066728
156,0.8404118221573782,0.8404118221573782,0.8504118221573782,0.8504118221573782,0.8504118221573782,0.8304118221573782,0.8304118221573782,0.8304118221573782,0.8304118221573782,0.8404118221573782,0.8304118221573782,0.8404118221573782,0.8404118221573782
157,0.8297858562673114,0.8297858562673114,0.8397858562673114,0.8397858562673114,0.8297858562673114,0.8497858562673114,0.8497858562673114,0.8497858562673114,0.8697858562673114,0.8397858562673114,0.8497858562673114,0.8497858562673114,0.8497858562673114
158,0.9196902985118618,0.9396902985118618,0.9496902985118618,0.9496902985118618,0.9596902985118618,0.9546902985118618,0.9546902985118618,0.9446902985118618,0.9246902985118618,0.9146902985118618,0.9046902985118618,0.8846902985118618,0.8846902985118618
159,0.8646707646241916,0.8646707646241916,0.8646707646241916,0.8546707646241916,0.8546707646241916,0.8346707646241915,0.8346707646241915,0.8346707646241915,0.8546707646241916,0.8546707646241916,0.8346707646241915,0.8546707646241916,0.8546707646241916
160,0.8773265287329528,0.8773265287329528,0.8773265287329528,0.8773265287329528,0.8773265287329528,0.8873265287329528,0.8873265287329528,0.8873265287329528,0.8973265287329528,0.8873265287329528,0.8873265287329528,0.8573265287329528,0.8673265287329528
161,0.88513372686936,0.86513372686936,0.86513372686936,0.86513372686936,0.85513372686936,0.84513372686936,0.84513372686936,0.84513372686936,0.85513372686936,0.87513372686936,0.89513372686936,0.88513372686936,0.86513372686936
162,0.8422363014002494,0.8422363014002494,0.8422363014002494,0.8522363014002494,0.8522363014002494,0.8522363014002494,0.8522363014002494,0.8422363014002494,0.8422363014002494,0.8522363014002494,0.8722363014002494,0.8622363014002494,0.8522363014002494
163,0.9051290845681341,0.8951290845681341,0.9051290845681341,0.9251290845681341,0.9251290845681341,0.9351290845681342,0.9251290845681341,0.9351290845681342,0.9251290845681341,0.9051290845681341,0.8851290845681341,0.8951290845681341,0.8751290845681341
164,0.9116810102631845,0.9116810102631845,0.9016810102631845,0.9216810102631845,0.9216810102631845,0.9216810102631845,0.9116810102631845,0.9116810102631845,0.9116810102631845,0.9016810102631845,0.9016810102631845,0.8916810102631845,0.9016810102631845
165,0.8914022850385462,0.8814022850385462,0.9014022850385462,0.8914022850385462,0.8914022850385462,0.8914022850385462,0.9014022850385462,0.9114022850385463,0.9214022850385463,0.9314022850385463,0.9264022850385463,0.9264022850385463,0.9264022850385463
166,0.8765109853943809,0.8765109853943809,0.8965109853943809,0.8765109853943809,0.8865109853943809,0.8765109853943809,0.8865109853943809,0.8665109853943809,0.8665109853943809,0.8965109853943809,0.8965109853943809,0.8965109853943809,0.9165109853943809
167,0.8793773463353228,0.8593773463353228,0.8493773463353228,0.8593773463353228,0.8393773463353228,0.8443773463353228,0.8443773463353228,0.8743773463353228,0.8943773463353228,0.9043773463353229,0.9043773463353229,0.9043773463353229,0.8843773463353228
168,0.8213032853405914,0.8113032853405914,0.8113032853405914,0.8113032853405914,0.8013032853405914,0.8013032853405914,0.8013032853405914,0.7913032853405914,0.7813032853405913,0.7863032853405914,0.7963032853405914,0.7863032853405914,0.7863032853405914
169,0.8672331028777107,0.8672331028777107,0.8672331028777107,0.8572331028777107,0.8572331028777107,0.8672331028777107,0.8672331028777107,0.8672331028777107,0.8672331028777107,0.8672331028777107,0.8672331028777107,0.8472331028777107,0.8272331028777107
170,0.8317478854088577,0.8317478854088577,0.8317478854088577,0.8117478854088577,0.8117478854088577,0.8117478854088577,0.8217478854088577,0.8217478854088577,0.8217478854088577,0.8217478854088577,0.8317478854088577,0.8617478854088577,0.8617478854088577
171,0.886754715112222,0.906754715112222,0.9267547151122221,0.9267547151122221,0.9217547151122221,0.9217547151122221,0.9217547151122221,0.901754715112222,0.891754715112222,0.891754715112222,0.901754715112222,0.901754715112222,0.901754715112222
172,0.8662660952547807,0.8662660952547807,0.8762660952547807,0.8762660952547807,0.8962660952547807,0.8962660952547807,0.8762660952547807,0.8662660952547807,0.8862660952547807,0.8762660952547807,0.8762660952547807,0.8562660952547807,0.8462660952547807
173,0.805130402652475,0.805130402652475,0.795130402652475,0.785130402652475,0.785130402652475,0.8251304026524751,0.8251304026524751,0.815130402652475,0.8251304026524751,0.8251304026524751,0.8251304026524751,0.815130402652475,0.815130402652475
174,0.8501232572630683,0.8601232572630683,0.8401232572630682,0.8301232572630682,0.8201232572630682,0.8301232572630682,0.8201232572630682,0.8201232572630682,0.8301232572630682,0.8201232572630682,0.8101232572630682,0.8101232572630682,0.8201232572630682
175,0.7902346665593515,0.7902346665593515,0.7602346665593515,0.7602346665593515,0.7702346665593515,0.7802346665593515,0.7802346665593515,0.7802346665593515,0.7602346665593515,0.7802346665593515,0.7802346665593515,0.7802346665593515,0.7802346665593515
176,0.8929118681749726,0.9129118681749726,0.9029118681749726,0.9029118681749726,0.9029118681749726,0.8829118681749726,0.8929118681749726,0.8929118681749726,0.9029118681749726,0.9229118681749726,0.9129118681749726,0.9129118681749726,0.9029118681749726
177,0.8301426450332573,0.8201426450332573,0.8201426450332573,0.8001426450332573,0.8101426450332573,0.8101426450332573,0.8201426450332573,0.8201426450332573,0.8201426450332573,0.8201426450332573,0.8201426450332573,0.8101426450332573,0.8201426450332573
178,0.911549114899392,0.891549114899392,0.891549114899392,0.891549114899392,0.871549114899392,0.876549114899392,0.876549114899392,0.876549114899392,0.896549114899392,0.896549114899392,0.896549114899392,0.886549114899392,0.876549114899392
179,0.877835394552666,0.877835394552666,0.867835394552666,0.857835394552666,0.847835394552666,0.837835394552666,0.837835394552666,0.837835394552666,0.837835394552666,0.847835394552666,0.837835394552666,0.842835394552666,0.852835394552666
180,0.9354372087463363,0.9354372087463363,0.9554372087463363,0.9554372087463363,0.9754372087463363,0.9704372087463363,0.9604372087463363,0.9604372087463363,0.9504372087463363,0.9804372087463363,0.9804372087463363,0.9804372087463363,0.9804372087463363
181,0.8910825221021096,0.9010825221021096,0.8910825221021096,0.9010825221021096,0.9010825221021096,0.9010825221021096,0.9110825221021096,0.9110825221021096,0.9010825221021096,0.9310825221021096,0.9110825221021096,0.9010825221021096,0.9010825221021096
182,0.8622867654986555,0.8422867654986554,0.8422867654986554,0.8722867654986555,0.8722867654986555,0.8622867654986555,0.8622867654986555,0.8422867654986554,0.8422867654986554,0.8322867654986554,0.8522867654986555,0.8522867654986555,0.8622867654986555
183,0.8680107356045325,0.8780107356045325,0.8780107356045325,0.8780107356045325,0.8780107356045325,0.8680107356045325,0.8680107356045325,0.8580107356045324,0.8480107356045324,0.8380107356045324,0.8580107356045324,0.8580107356045324,0.8680107356045325
184,0.8472381086493502,0.8172381086493502,0.8272381086493502,0.8472381086493502,0.8472381086493502,0.8772381086493503,0.8772381086493503,0.8772381086493503,0.8772381086493503,0.8872381086493503,0.8822381086493503,0.8822381086493503,0.8822381086493503
185,0.8785291342665504,0.8885291342665504,0.8885291342665504,0.8785291342665504,0.8785291342665504,0.8985291342665505,0.8885291342665504,0.8885291342665504,0.8885291342665504,0.8785291342665504,0.8885291342665504,0.8785291342665504,0.8785291342665504
186,0.8766823656572871,0.8766823656572871,0.8766823656572871,0.8766823656572871,0.8566823656572871,0.8566823656572871,0.846682365657287,0.836682365657287,0.836682365657287,0.836682365657287,0.841682365657287,0.841682365657287,0.841682365657287
187,0.9274675300367599,0.9274675300367599,0.8974675300367598,0.9124675300367598,0.9224675300367599,0.9324675300367599,0.9224675300367599,0.9424675300367599,0.9524675300367599,0.9224675300367599,0.9224675300367599,0.9124675300367598,0.9024675300367598
188,0.8579726511942175,0.8579726511942175,0.8579726511942175,0.8679726511942175,0.8679726511942175,0.8779726511942175,0.8779726511942175,0.8779726511942175,0.8779726511942175,0.8779726511942175,0.8679726511942175,0.8679726511942175,0.8779726511942175
189,0.8356512546994541,0.8156512546994541,0.8156512546994541,0.8156512546994541,0.8156512546994541,0.8056512546994541,0.8056512546994541,0.8156512546994541,0.7956512546994541,0.8006512546994541,0.8106512546994541,0.8006512546994541,0.8206512546994541
190,0.9131057588073326,0.9231057588073326,0.9231057588073326,0.9231057588073326,0.8881057588073326,0.8781057588073325,0.8781057588073325,0.8881057588073326,0.8781057588073325,0.8781057588073325,0.8781057588073325,0.8781057588073325,0.8781057588073325
191,0.8496818984349495,0.8496818984349495,0.8296818984349494,0.8196818984349494,0.8396818984349494,0.8396818984349494,0.8596818984349495,0.8396818984349494,0.8596818984349495,0.8496818984349495,0.8496818984349495,0.8396818984349494,0.8396818984349494
192,0.843661664130712,0.833661664130712,0.833661664130712,0.813661664130712,0.813661664130712,0.8036616641307119,0.813661664130712,0.828661664130712,0.828661664130712,0.838661664130712,0.858661664130712,0.858661664130712,0.858661664130712
193,0.899115565173538,0.8691155651735379,0.8691155651735379,0.8691155651735379,0.8691155651735379,0.879115565173538,0.879115565173538,0.879115565173538,0.879115565173538,0.879115565173538,0.879115565173538,0.879115565173538,0.879115565173538
194,0.8695885009891877,0.8695885009891877,0.8695885009891877,0.8795885009891877,0.8795885009891877,0.8695885009891877,0.8695885009891877,0.8695885009891877,0.8595885009891877,0.8595885009891877,0.8895885009891877,0.8795885009891877,0.8695885009891877
195,0.83474863243665,0.84474863243665,0.82474863243665,0.83474863243665,0.83474863243665,0.81474863243665,0.80474863243665,0.81474863243665,0.80474863243665,0.81974863243665,0.79974863243665,0.80974863243665,0.79974863243665
196,0.8617792012016505,0.8417792012016505,0.8517792012016505,0.8717792012016505,0.8717792012016505,0.8717792012016505,0.8717792012016505,0.8617792012016505,0.8617792012016505,0.8717792012016505,0.8817792012016505,0.8817792012016505,0.8717792012016505
197,0.9039970181628568,0.9039970181628568,0.9139970181628568,0.9039970181628568,0.9139970181628568,0.9239970181628568,0.9139970181628568,0.8939970181628568,0.9039970181628568,0.9139970181628568,0.9139970181628568,0.9139970181628568,0.9139970181628568
198,0.9372291938694124,0.9372291938694124,0.9372291938694124,0.8972291938694124,0.8972291938694124,0.8972291938694124,0.9022291938694124,0.9122291938694124,0.9222291938694124,0.9222291938694124,0.9122291938694124,0.9322291938694124,0.9122291938694124
199,0.9219634278758629,0.9219634278758629,0.9119634278758629,0.9019634278758629,0.9019634278758629,0.9019634278758629,0.8919634278758629,0.8819634278758629,0.8819634278758629,0.8819634278758629,0.8819634278758629,0.8919634278758629,0.9119634278758629
200,0.9315536780876694,0.9215536780876694,0.9015536780876694,0.8915536780876694,0.8965536780876694,0.8965536780876694,0.9065536780876694,0.9065536780876694,0.9165536780876694,0.9165536780876694,0.9365536780876694,0.9165536780876694,0.9265536780876694
201,0.8897376534911341,0.8997376534911341,0.8897376534911341,0.8897376534911341,0.8697376534911341,0.8797376534911341,0.8897376534911341,0.8897376534911341,0.8897376534911341,0.8997376534911341,0.8897376534911341,0.8997376534911341,0.8997376534911341
202,0.8621700687797148,0.8921700687797148,0.8821700687797148,0.8571700687797148,0.8771700687797148,0.8771700687797148,0.8671700687797148,0.8771700687797148,0.8771700687797148,0.8671700687797148,0.8671700687797148,0.8671700687797148,0.8771700687797148
203,0.9005364172225749,0.910536417222575,0.910536417222575,0.910536417222575,0.910536417222575,0.8905364172225749,0.9005364172225749,0.8905364172225749,0.8805364172225749,0.8805364172225749,0.8805364172225749,0.8805364172225749,0.8805364172225749
204,0.8532125419093299,0.86321254190933,0.88321254190933,0.88321254190933,0.88321254190933,0.88321254190933,0.87321254190933,0.87321254190933,0.86321254190933,0.86321254190933,0.86321254190933,0.89321254190933,0.89321254190933
205,0.8482238210347349,0.8482238210347349,0.8582238210347349,0.8682238210347349,0.8682238210347349,0.8682238210347349,0.8682238210347349,0.8482238210347349,0.8682238210347349,0.8582238210347349,0.8582238210347349,0.8582238210347349,0.8482238210347349
206,0.8424852898073034,0.8624852898073034,0.8624852898073034,0.8624852898073034,0.8624852898073034,0.8524852898073034,0.8724852898073034,0.8724852898073034,0.8624852898073034,0.8624852898073034,0.8524852898073034,0.8624852898073034,0.8624852898073034
207,0.8538027023793147,0.8338027023793146,0.8338027023793146,0.8238027023793146,0.8238027023793146,0.8338027023793146,0.8338027023793146,0.8238027023793146,0.8238027023793146,0.8138027023793146,0.8138027023793146,0.8138027023793146,0.8238027023793146
208,0.879930932515767,0.879930932515767,0.879930932515767,0.889930932515767,0.879930932515767,0.889930932515767,0.889930932515767,0.879930932515767,0.879930932515767,0.879930932515767,0.889930932515767,0.889930932515767,0.879930932515767
209,0.9248242508603174,0.9448242508603174,0.9248242508603174,0.9048242508603174,0.8948242508603174,0.9048242508603174,0.9048242508603174,0.9148242508603174,0.9048242508603174,0.8948242508603174,0.9098242508603174,0.9198242508603174,0.9198242508603174
210,0.9348276432121186,0.9248276432121186,0.9248276432121186,0.9248276432121186,0.9148276432121186,0.9048276432121186,0.9048276432121186,0.9148276432121186,0.9248276432121186,0.8948276432121186,0.9048276432121186,0.9048276432121186,0.9048276432121186
211,0.884302203365161,0.884302203365161,0.884302203365161,0.874302203365161,0.864302203365161,0.864302203365161,0.864302203365161,0.864302203365161,0.864302203365161,0.914302203365161,0.904302203365161,0.904302203365161,0.904302203365161
212,0.915929881343275,0.895929881343275,0.895929881343275,0.885929881343275,0.885929881343275,0.875929881343275,0.885929881343275,0.885929881343275,0.895929881343275,0.895929881343275,0.925929881343275,0.915929881343275,0.915929881343275
213,0.9264100305583831,0.9264100305583831,0.9164100305583831,0.9264100305583831,0.9364100305583831,0.9164100305583831,0.9064100305583831,0.9164100305583831,0.9164100305583831,0.9464100305583831,0.9564100305583831,0.9564100305583831,0.9564100305583831
214,0.9063227741024297,0.9063227741024297,0.9063227741024297,0.9363227741024297,0.9463227741024297,0.9363227741024297,0.9363227741024297,0.9363227741024297,0.9363227741024297,0.9263227741024297,0.9263227741024297,0.9463227741024297,0.9413227741024297
215,0.9002602203833603,0.9002602203833603,0.9002602203833603,0.8702602203833603,0.8702602203833603,0.8702602203833603,0.8852602203833603,0.8852602203833603,0.8852602203833603,0.9052602203833603,0.9152602203833603,0.9252602203833603,0.9152602203833603
216,0.8694769300493703,0.8594769300493703,0.8594769300493703,0.8594769300493703,0.8494769300493703,0.8394769300493703,0.8494769300493703,0.8294769300493703,0.8344769300493703,0.8244769300493703,0.8344769300493703,0.8344769300493703,0.8344769300493703
217,0.8774099590860108,0.8774099590860108,0.8974099590860108,0.8974099590860108,0.8874099590860108,0.8774099590860108,0.8674099590860108,0.8674099590860108,0.8574099590860108,0.8574099590860108,0.8574099590860108,0.8874099590860108,0.8874099590860108
218,0.8331308908998483,0.8231308908998483,0.8331308908998483,0.8331308908998483,0.8031308908998482,0.8031308908998482,0.8131308908998482,0.8131308908998482,0.8131308908998482,0.8131308908998482,0.8131308908998482,0.8131308908998482,0.8331308908998483
219,0.8666668668534767,0.8366668668534767,0.8466668668534767,0.8566668668534767,0.8566668668534767,0.8366668668534767,0.8366668668534767,0.8366668668534767,0.8366668668534767,0.8516668668534767,0.8916668668534767,0.8916668668534767,0.8816668668534767
220,0.8857134287850467,0.8757134287850467,0.8957134287850467,0.9157134287850467,0.9157134287850467,0.9257134287850467,0.9207134287850467,0.9107134287850467,0.9207134287850467,0.9207134287850467,0.9207134287850467,0.9107134287850467,0.9107134287850467
221,0.8803592241036983,0.9103592241036983,0.9003592241036983,0.9103592241036983,0.9203592241036983,0.9203592241036983,0.9103592241036983,0.9103592241036983,0.9203592241036983,0.9003592241036983,0.9003592241036983,0.9003592241036983,0.9003592241036983
222,0.9251375593056488,0.9251375593056488,0.9051375593056488,0.9151375593056488,0.9151375593056488,0.9051375593056488,0.8851375593056487,0.9151375593056488,0.9151375593056488,0.9251375593056488,0.9351375593056488,0.9351375593056488,0.9001375593056488
223,0.8352307741909993,0.8352307741909993,0.8252307741909993,0.8052307741909993,0.8202307741909993,0.8102307741909993,0.8002307741909993,0.8102307741909993,0.8002307741909993,0.8002307741909993,0.8002307741909993,0.8102307741909993,0.8002307741909993
224,0.8914116156846814,0.9014116156846814,0.9014116156846814,0.8914116156846814,0.8814116156846814,0.8714116156846814,0.8614116156846814,0.8514116156846814,0.8564116156846814,0.8764116156846814,0.8764116156846814,0.8564116156846814,0.8564116156846814
225,0.8427409646361504,0.8427409646361504,0.8427409646361504,0.8227409646361504,0.8327409646361504,0.8327409646361504,0.8427409646361504,0.8127409646361504,0.8127409646361504,0.8027409646361504,0.8027409646361504,0.8027409646361504,0.8077409646361504
226,0.8587331034155171,0.8587331034155171,0.8687331034155171,0.8587331034155171,0.8487331034155171,0.8587331034155171,0.8587331034155171,0.8487331034155171,0.8587331034155171,0.8787331034155171,0.8787331034155171,0.8787331034155171,0.8787331034155171
227,0.9187609342045527,0.9087609342045527,0.9087609342045527,0.9087609342045527,0.9187609342045527,0.9487609342045528,0.9187609342045527,0.9187609342045527,0.9187609342045527,0.9187609342045527,0.9187609342045527,0.9087609342045527,0.9187609342045527
228,0.8868722702797959,0.8868722702797959,0.8968722702797959,0.8768722702797959,0.8668722702797959,0.8468722702797958,0.8468722702797958,0.8468722702797958,0.8468722702797958,0.8518722702797958,0.8618722702797958,0.8618722702797958,0.8518722702797958
229,0.8504046881729952,0.8604046881729952,0.8604046881729952,0.8704046881729952,0.8804046881729952,0.8704046881729952,0.8604046881729952,0.8404046881729952,0.8404046881729952,0.8404046881729952,0.8604046881729952,0.8504046881729952,0.8704046881729952
230,0.9124086478671871,0.9024086478671871,0.8924086478671871,0.8824086478671871,0.8824086478671871,0.8824086478671871,0.8824086478671871,0.8924086478671871,0.8824086478671871,0.8924086478671871,0.8724086478671871,0.8724086478671871,0.8824086478671871
231,0.8155980972569192,0.8255980972569192,0.8255980972569192,0.8255980972569192,0.8255980972569192,0.8255980972569192,0.8355980972569192,0.8455980972569193,0.8355980972569192,0.8355980972569192,0.8255980972569192,0.8255980972569192,0.8055980972569192
232,0.8516337641574909,0.8416337641574909,0.8416337641574909,0.8416337641574909,0.8516337641574909,0.8616337641574909,0.8416337641574909,0.8716337641574909,0.8716337641574909,0.881633764157491,0.8716337641574909,0.891633764157491,0.891633764157491
233,0.8700510284520548,0.8700510284520548,0.8900510284520549,0.8800510284520549,0.8800510284520549,0.8800510284520549,0.9000510284520549,0.9000510284520549,0.8900510284520549,0.8900510284520549,0.8800510284520549,0.8800510284520549,0.8450510284520548
234,0.8838340281457644,0.8838340281457644,0.8838340281457644,0.8738340281457644,0.8638340281457644,0.8638340281457644,0.8638340281457644,0.8888340281457644,0.8988340281457644,0.8988340281457644,0.8988340281457644,0.9088340281457644,0.9188340281457644
235,0.9041552082958004,0.9241552082958004,0.9341552082958005,0.9341552082958005,0.9441552082958005,0.9391552082958005,0.9391552082958005,0.9291552082958004,0.9391552082958005,0.9291552082958004,0.9091552082958004,0.9091552082958004,0.9091552082958004
236,0.8805149291083438,0.8705149291083438,0.8705149291083438,0.8605149291083438,0.8605149291083438,0.8505149291083438,0.8605149291083438,0.8605149291083438,0.8605149291083438,0.8605149291083438,0.8605149291083438,0.8505149291083438,0.8605149291083438
237,0.9109667976072346,0.9209667976072347,0.9309667976072347,0.9309667976072347,0.9409667976072347,0.9109667976072346,0.9109667976072346,0.9209667976072347,0.9309667976072347,0.9209667976072347,0.9209667976072347,0.8859667976072346,0.8859667976072346
238,0.932040668496028,0.942040668496028,0.942040668496028,0.922040668496028,0.942040668496028,0.942040668496028,0.942040668496028,0.942040668496028,0.942040668496028,0.942040668496028,0.922040668496028,0.922040668496028,0.932040668496028
239,0.8078582152964568,0.7978582152964568,0.7978582152964568,0.8078582152964568,0.8078582152964568,0.7878582152964568,0.7778582152964568,0.7878582152964568,0.7778582152964568,0.7678582152964568,0.7678582152964568,0.7678582152964568,0.7678582152964568
240,0.8823843083517237,0.8723843083517236,0.8523843083517236,0.8623843083517236,0.8423843083517236,0.8423843083517236,0.8423843083517236,0.8473843083517236,0.8673843083517236,0.8673843083517236,0.8773843083517237,0.8873843083517237,0.8773843083517237
241,0.8732070506826587,0.9032070506826587,0.9032070506826587,0.8932070506826587,0.8932070506826587,0.8632070506826587,0.8532070506826587,0.8332070506826587,0.8332070506826587,0.8332070506826587,0.8432070506826587,0.8532070506826587,0.8432070506826587
242,0.8686813687962527,0.8686813687962527,0.8586813687962527,0.8586813687962527,0.8586813687962527,0.8586813687962527,0.8586813687962527,0.8586813687962527,0.8786813687962527,0.8986813687962527,0.8986813687962527,0.9086813687962527,0.9086813687962527
243,0.8274368999307488,0.8274368999307488,0.8274368999307488,0.8374368999307488,0.8274368999307488,0.8274368999307488,0.7974368999307487,0.7974368999307487,0.7974368999307487,0.8124368999307487,0.8124368999307487,0.8124368999307487,0.8324368999307488
244,0.8730512733593709,0.8730512733593709,0.8730512733593709,0.8730512733593709,0.883051273359371,0.8530512733593709,0.8430512733593709,0.8430512733593709,0.8430512733593709,0.8430512733593709,0.8330512733593709,0.8630512733593709,0.8630512733593709
245,0.8997435763826883,0.8997435763826883,0.8997435763826883,0.9197435763826883,0.9397435763826884,0.9397435763826884,0.9197435763826883,0.9397435763826884,0.9397435763826884,0.9347435763826883,0.9247435763826883,0.8947435763826883,0.8947435763826883
246,0.8709408395802505,0.8809408395802505,0.8809408395802505,0.8809408395802505,0.8609408395802505,0.8709408395802505,0.8809408395802505,0.8809408395802505,0.9009408395802505,0.9109408395802505,0.9009408395802505,0.8809408395802505,0.8609408395802505
247,0.8901343985114909,0.9001343985114909,0.8701343985114909,0.8701343985114909,0.8701343985114909,0.8801343985114909,0.8701343985114909,0.8801343985114909,0.8801343985114909,0.8901343985114909,0.9001343985114909,0.9001343985114909,0.9101343985114909
248,0.8789686057421413,0.8689686057421413,0.8689686057421413,0.8689686057421413,0.8589686057421413,0.8589686057421413,0.8589686057421413,0.8589686057421413,0.8589686057421413,0.8489686057421413,0.8389686057421413,0.8389686057421413,0.8589686057421413
249,0.8633195472075209,0.8433195472075209,0.8633195472075209,0.8533195472075209,0.8733195472075209,0.8733195472075209,0.8833195472075209,0.903319547207521,0.8983195472075209,0.8983195472075209,0.8783195472075209,0.8783195472075209,0.8683195472075209
250,0.8489242376097142,0.8489242376097142,0.8489242376097142,0.8489242376097142,0.8689242376097143,0.8439242376097142,0.8539242376097143,0.8639242376097143,0.8439242376097142,0.8439242376097142,0.8439242376097142,0.8439242376097142,0.8439242376097142
251,0.8996488723290601,0.8996488723290601,0.8996488723290601,0.8896488723290601,0.8896488723290601,0.8796488723290601,0.8796488723290601,0.8796488723290601,0.8596488723290601,0.8646488723290601,0.8646488723290601,0.8646488723290601,0.8746488723290601
252,0.8824279125791993,0.8624279125791993,0.8724279125791993,0.8724279125791993,0.8924279125791993,0.9024279125791993,0.8824279125791993,0.8924279125791993,0.8624279125791993,0.8874279125791993,0.8774279125791993,0.8774279125791993,0.8774279125791993
253,0.8749048558398321,0.8849048558398321,0.8949048558398321,0.8949048558398321,0.9049048558398322,0.8949048558398321,0.9049048558398322,0.8949048558398321,0.9049048558398322,0.9049048558398322,0.8899048558398321,0.8899048558398321,0.8899048558398321
254,0.8937341475032016,0.8937341475032016,0.8837341475032016,0.8937341475032016,0.8837341475032016,0.8737341475032016,0.8737341475032016,0.8737341475032016,0.8837341475032016,0.9137341475032016,0.9137341475032016,0.9137341475032016,0.9137341475032016
255,0.8446466059313492,0.8446466059313492,0.8546466059313492,0.8546466059313492,0.8646466059313492,0.8446466059313492,0.8446466059313492,0.8446466059313492,0.8546466059313492,0.8546466059313492,0.8546466059313492,0.8546466059313492,0.8546466059313492
256,0.8715994780520417,0.8615994780520417,0.8615994780520417,0.8615994780520417,0.8615994780520417,0.8815994780520418,0.8815994780520418,0.8815994780520418,0.8815994780520418,0.8715994780520417,0.8615994780520417,0.8715994780520417,0.9015994780520418
257,0.8970248770117544,0.8970248770117544,0.8870248770117544,0.8570248770117543,0.8620248770117543,0.8620248770117543,0.8620248770117543,0.8620248770117543,0.8620248770117543,0.8720248770117544,0.8720248770117544,0.8820248770117544,0.8820248770117544
258,0.8657522463586574,0.8757522463586574,0.8857522463586575,0.8857522463586575,0.8757522463586574,0.8757522463586574,0.8557522463586574,0.8557522463586574,0.8257522463586574,0.8357522463586574,0.8357522463586574,0.8357522463586574,0.8457522463586574
259,0.9034196218286289,0.9134196218286289,0.9034196218286289,0.9034196218286289,0.9034196218286289,0.8934196218286289,0.8834196218286289,0.8834196218286289,0.8734196218286289,0.8884196218286289,0.8884196218286289,0.8884196218286289,0.8784196218286289
260,0.894984382870158,0.904984382870158,0.904984382870158,0.904984382870158,0.904984382870158,0.904984382870158,0.894984382870158,0.884984382870158,0.874984382870158,0.864984382870158,0.864984382870158,0.864984382870158,0.854984382870158
261,0.8371021602753731,0.8271021602753731,0.8271021602753731,0.8271021602753731,0.8371021602753731,0.8371021602753731,0.8471021602753731,0.8371021602753731,0.8271021602753731,0.8471021602753731,0.8371021602753731,0.8171021602753731,0.8071021602753731
262,0.8709504330917448,0.8809504330917448,0.8809504330917448,0.9009504330917448,0.8909504330917448,0.9009504330917448,0.9109504330917448,0.9059504330917448,0.8959504330917448,0.8959504330917448,0.8859504330917448,0.8759504330917448,0.8759504330917448
263,0.8944121527320401,0.8944121527320401,0.8944121527320401,0.8744121527320401,0.8744121527320401,0.8644121527320401,0.8744121527320401,0.8544121527320401,0.8544121527320401,0.8594121527320401,0.8794121527320401,0.8594121527320401,0.8694121527320401
264,0.888995762411175,0.8789957624111749,0.8789957624111749,0.8789957624111749,0.888995762411175,0.918995762411175,0.928995762411175,0.928995762411175,0.928995762411175,0.923995762411175,0.913995762411175,0.913995762411175,0.923995762411175
265,0.8725954854195218,0.8625954854195218,0.8825954854195218,0.8625954854195218,0.8825954854195218,0.9025954854195218,0.9125954854195218,0.8925954854195218,0.8925954854195218,0.8925954854195218,0.8675954854195218,0.8575954854195218,0.8575954854195218
266,0.9044922351652296,0.9044922351652296,0.9044922351652296,0.9044922351652296,0.9044922351652296,0.8944922351652296,0.8944922351652296,0.8944922351652296,0.8744922351652296,0.8894922351652296,0.8994922351652296,0.9294922351652296,0.9394922351652296
267,0.8533241986362301,0.8533241986362301,0.8633241986362301,0.8233241986362301,0.8433241986362301,0.8333241986362301,0.8533241986362301,0.8433241986362301,0.8233241986362301,0.8233241986362301,0.8233241986362301,0.8433241986362301,0.8733241986362301
268,0.8251230853240511,0.8351230853240511,0.8351230853240511,0.8351230853240511,0.8551230853240511,0.8251230853240511,0.8151230853240511,0.7951230853240511,0.7951230853240511,0.8101230853240511,0.8101230853240511,0.7901230853240511,0.7901230853240511
269,0.8926750988673008,0.8826750988673008,0.8826750988673008,0.8826750988673008,0.8926750988673008,0.9026750988673008,0.8926750988673008,0.9126750988673008,0.9226750988673008,0.9326750988673008,0.9276750988673008,0.9276750988673008,0.9276750988673008
270,0.9080632643061023,0.9180632643061023,0.9280632643061023,0.9180632643061023,0.9480632643061023,0.9380632643061023,0.9380632643061023,0.9480632643061023,0.9480632643061023,0.9480632643061023,0.9430632643061023,0.9430632643061023,0.9330632643061023
271,0.8880407956219837,0.8980407956219837,0.8880407956219837,0.8780407956219837,0.8780407956219837,0.8780407956219837,0.8780407956219837,0.8780407956219837,0.8480407956219836,0.8580407956219837,0.8880407956219837,0.8980407956219837,0.8880407956219837
272,0.9140903359230713,0.9140903359230713,0.9140903359230713,0.9140903359230713,0.8940903359230713,0.9040903359230713,0.8940903359230713,0.8940903359230713,0.9140903359230713,0.9240903359230713,0.9040903359230713,0.9040903359230713,0.9140903359230713
273,0.8649443759836236,0.8649443759836236,0.8649443759836236,0.8649443759836236,0.8649443759836236,0.8549443759836236,0.8349443759836236,0.8349443759836236,0.8249443759836236,0.8349443759836236,0.8349443759836236,0.8249443759836236,0.8299443759836236
274,0.849903508410251,0.849903508410251,0.849903508410251,0.849903508410251,0.859903508410251,0.849903508410251,0.8099035084102509,0.8099035084102509,0.8099035084102509,0.8099035084102509,0.819903508410251,0.819903508410251,0.819903508410251
275,0.8613852254678785,0.8613852254678785,0.8613852254678785,0.8313852254678785,0.8613852254678785,0.8613852254678785,0.8613852254678785,0.8613852254678785,0.8613852254678785,0.8613852254678785,0.8713852254678786,0.8813852254678786,0.8713852254678786
276,0.8855897950056641,0.8955897950056642,0.8855897950056641,0.8855897950056641,0.8755897950056641,0.8855897950056641,0.8855897950056641,0.8955897950056642,0.8955897950056642,0.8855897950056641,0.8755897950056641,0.8655897950056641,0.8655897950056641
277,0.937087142306322,0.947087142306322,0.947087142306322,0.937087142306322,0.937087142306322,0.937087142306322,0.937087142306322,0.937087142306322,0.937087142306322,0.937087142306322,0.9170871423063219,0.8970871423063219,0.8970871423063219
278,0.9172060606091805,0.9172060606091805,0.9072060606091805,0.9072060606091805,0.8972060606091805,0.8972060606091805,0.9072060606091805,0.8972060606091805,0.8972060606091805,0.8872060606091805,0.8772060606091805,0.8772060606091805,0.8822060606091805
279,0.8701096944424546,0.8601096944424546,0.8701096944424546,0.8801096944424546,0.8901096944424546,0.8651096944424546,0.8751096944424546,0.8751096944424546,0.8651096944424546,0.8751096944424546,0.8751096944424546,0.8751096944424546,0.8951096944424546
280,0.8617428439283905,0.8517428439283905,0.8617428439283905,0.8517428439283905,0.8617428439283905,0.8517428439283905,0.8517428439283905,0.8517428439283905,0.8617428439283905,0.8817428439283905,0.8717428439283905,0.8717428439283905,0.8617428439283905
281,0.8734285363610921,0.8834285363610921,0.8734285363610921,0.8834285363610921,0.8834285363610921,0.8734285363610921,0.8734285363610921,0.8734285363610921,0.8734285363610921,0.8934285363610921,0.8934285363610921,0.8834285363610921,0.8834285363610921
282,0.8056214538790801,0.8156214538790801,0.8156214538790801,0.8156214538790801,0.8156214538790801,0.8156214538790801,0.8056214538790801,0.7856214538790801,0.7656214538790801,0.7656214538790801,0.7856214538790801,0.7856214538790801,0.7856214538790801
283,0.8956827056856803,0.8756827056856803,0.8756827056856803,0.8756827056856803,0.8956827056856803,0.8856827056856803,0.8756827056856803,0.8656827056856803,0.8656827056856803,0.8656827056856803,0.8656827056856803,0.8656827056856803,0.8656827056856803
284,0.8237513430495254,0.8337513430495254,0.8337513430495254,0.8137513430495253,0.8437513430495254,0.8537513430495254,0.8437513430495254,0.8437513430495254,0.8437513430495254,0.8437513430495254,0.8437513430495254,0.8537513430495254,0.8537513430495254
285,0.8964472924685323,0.8964472924685323,0.8964472924685323,0.8964472924685323,0.8964472924685323,0.8864472924685323,0.9164472924685323,0.9164472924685323,0.9064472924685323,0.9064472924685323,0.9164472924685323,0.9164472924685323,0.9364472924685323
286,0.8583344541246459,0.8483344541246459,0.8483344541246459,0.8383344541246459,0.8183344541246459,0.8233344541246459,0.8333344541246459,0.8333344541246459,0.8233344541246459,0.8333344541246459,0.8333344541246459,0.8333344541246459,0.8333344541246459
287,0.8791449020594377,0.8791449020594377,0.8891449020594377,0.9091449020594378,0.9091449020594378,0.9191449020594378,0.9191449020594378,0.9091449020594378,0.9191449020594378,0.9191449020594378,0.9141449020594378,0.9041449020594378,0.8841449020594377
288,0.8660907653975016,0.8660907653975016,0.8560907653975016,0.8460907653975016,0.8460907653975016,0.8460907653975016,0.8660907653975016,0.8660907653975016,0.8560907653975016,0.8560907653975016,0.8660907653975016,0.8660907653975016,0.8560907653975016
289,0.8905984128289205,0.8905984128289205,0.8905984128289205,0.8805984128289205,0.8805984128289205,0.8805984128289205,0.8805984128289205,0.8805984128289205,0.9005984128289205,0.8905984128289205,0.8905984128289205,0.8905984128289205,0.8705984128289205
290,0.9042372516011552,0.9242372516011552,0.9042372516011552,0.8742372516011552,0.8742372516011552,0.8892372516011552,0.8992372516011552,0.8692372516011552,0.8592372516011552,0.8792372516011552,0.8892372516011552,0.8992372516011552,0.8892372516011552
291,0.8566604845758792,0.8566604845758792,0.8566604845758792,0.8366604845758792,0.8266604845758792,0.8166604845758791,0.8166604845758791,0.8166604845758791,0.8166604845758791,0.8266604845758792,0.8416604845758792,0.8316604845758792,0.8516604845758792
292,0.8731623588858315,0.8731623588858315,0.8631623588858315,0.8731623588858315,0.8731623588858315,0.8831623588858315,0.8831623588858315,0.8631623588858315,0.8631623588858315,0.8531623588858315,0.8431623588858315,0.8431623588858315,0.8581623588858315
293,0.9013958643095824,0.9013958643095824,0.9013958643095824,0.9013958643095824,0.9013958643095824,0.9013958643095824,0.8913958643095824,0.8913958643095824,0.8813958643095824,0.8813958643095824,0.8813958643095824,0.8813958643095824,0.8813958643095824
294,0.8837660745191691,0.8937660745191691,0.8837660745191691,0.8737660745191691,0.8837660745191691,0.8937660745191691,0.8937660745191691,0.9137660745191691,0.9037660745191691,0.9037660745191691,0.8837660745191691,0.8737660745191691,0.8437660745191691
295,0.8145235976842083,0.8145235976842083,0.8145235976842083,0.8245235976842084,0.8245235976842084,0.8145235976842083,0.8145235976842083,0.8045235976842083,0.8145235976842083,0.8145235976842083,0.8245235976842084,0.8245235976842084,0.8145235976842083
296,0.8578905952319581,0.8678905952319581,0.8778905952319581,0.8778905952319581,0.8778905952319581,0.8778905952319581,0.8778905952319581,0.8778905952319581,0.8578905952319581,0.8678905952319581,0.8678905952319581,0.8578905952319581,0.8578905952319581
297,0.8442636412885292,0.8342636412885291,0.8642636412885292,0.8842636412885292,0.8792636412885292,0.8692636412885292,0.8692636412885292,0.8792636412885292,0.8792636412885292,0.8792636412885292,0.8792636412885292,0.8692636412885292,0.8792636412885292
298,0.9060926410512369,0.9160926410512369,0.9160926410512369,0.9360926410512369,0.9210926410512369,0.9210926410512369,0.9210926410512369,0.9110926410512369,0.9110926410512369,0.9110926410512369,0.9110926410512369,0.9310926410512369,0.9310926410512369
299,0.8685525859925352,0.8685525859925352,0.8385525859925351,0.8285525859925351,0.8385525859925351,0.8535525859925351,0.8535525859925351,0.8635525859925351,0.8735525859925352,0.8735525859925352,0.8835525859925352,0.8835525859925352,0.8835525859925352
300,0.9115070006038742,0.9115070006038742,0.9015070006038742,0.8915070006038742,0.9115070006038742,0.9215070006038742,0.9215070006038742,0.9215070006038742,0.9215070006038742,0.9215070006038742,0.9315070006038743,0.9115070006038742,0.9015070006038742
301,0.9114771286462692,0.8914771286462692,0.8814771286462691,0.8714771286462691,0.8814771286462691,0.8714771286462691,0.8764771286462691,0.8764771286462691,0.8764771286462691,0.8864771286462692,0.8864771286462692,0.9064771286462692,0.8964771286462692
302,0.8756915389193348,0.8656915389193348,0.8656915389193348,0.8656915389193348,0.8656915389193348,0.8456915389193348,0.8556915389193348,0.8456915389193348,0.8656915389193348,0.8656915389193348,0.8656915389193348,0.8556915389193348,0.8556915389193348
303,0.9137049606071715,0.9237049606071716,0.9237049606071716,0.9037049606071715,0.9037049606071715,0.9337049606071716,0.9237049606071716,0.9037049606071715,0.9137049606071715,0.9137049606071715,0.9237049606071716,0.9137049606071715,0.8937049606071715
304,0.8768581672778935,0.8768581672778935,0.8668581672778934,0.8868581672778935,0.8868581672778935,0.8968581672778935,0.8718581672778934,0.8718581672778934,0.8618581672778934,0.8618581672778934,0.8518581672778934,0.8318581672778934,0.8318581672778934
305,0.853494729930696,0.873494729930696,0.883494729930696,0.893494729930696,0.888494729930696,0.878494729930696,0.868494729930696,0.878494729930696,0.868494729930696,0.868494729930696,0.858494729930696,0.868494729930696,0.878494729930696
306,0.9087964477958388,0.8987964477958388,0.8787964477958388,0.8937964477958388,0.8937964477958388,0.8937964477958388,0.8937964477958388,0.8937964477958388,0.9037964477958388,0.9137964477958388,0.9337964477958388,0.9237964477958388,0.9037964477958388
307,0.8828715643388237,0.8628715643388237,0.8628715643388237,0.8528715643388237,0.8528715643388237,0.8428715643388237,0.8428715643388237,0.8478715643388237,0.8578715643388237,0.8478715643388237,0.8478715643388237,0.8578715643388237,0.8578715643388237
308,0.8823222014625806,0.8823222014625806,0.8923222014625806,0.8923222014625806,0.9023222014625806,0.9023222014625806,0.9023222014625806,0.9123222014625806,0.9023222014625806,0.9223222014625806,0.9223222014625806,0.9173222014625806,0.9073222014625806
309,0.859629483497362,0.859629483497362,0.859629483497362,0.879629483497362,0.879629483497362,0.889629483497362,0.889629483497362,0.879629483497362,0.859629483497362,0.879629483497362,0.879629483497362,0.899629483497362,0.899629483497362
310,0.842635409362151,0.842635409362151,0.852635409362151,0.862635409362151,0.882635409362151,0.872635409362151,0.862635409362151,0.842635409362151,0.832635409362151,0.832635409362151,0.852635409362151,0.852635409362151,0.862635409362151
311,0.8784188231359545,0.8784188231359545,0.8784188231359545,0.8884188231359545,0.8884188231359545,0.9084188231359546,0.8984188231359546,0.8984188231359546,0.8884188231359545,0.8784188231359545,0.8784188231359545,0.8784188231359545,0.8984188231359546
312,0.8500446377224639,0.8500446377224639,0.8500446377224639,0.8500446377224639,0.8400446377224638,0.8400446377224638,0.8200446377224638,0.8100446377224638,0.8100446377224638,0.8100446377224638,0.8300446377224638,0.8300446377224638,0.8300446377224638
313,0.8725624381103138,0.8725624381103138,0.8625624381103137,0.8625624381103137,0.8725624381103138,0.8625624381103137,0.8525624381103137,0.8625624381103137,0.8525624381103137,0.8325624381103137,0.8375624381103137,0.8675624381103137,0.8775624381103138
314,0.8915196672392072,0.8915196672392072,0.9015196672392072,0.9015196672392072,0.9015196672392072,0.8915196672392072,0.8915196672392072,0.8915196672392072,0.8815196672392072,0.9115196672392072,0.9115196672392072,0.9215196672392072,0.8915196672392072
315,0.8758754583176955,0.8658754583176955,0.8658754583176955,0.8758754583176955,0.8758754583176955,0.8858754583176955,0.8958754583176955,0.9058754583176956,0.9158754583176956,0.9108754583176956,0.8808754583176955,0.8808754583176955,0.8608754583176955
316,0.8215392720221525,0.8115392720221525,0.8115392720221525,0.8015392720221525,0.8015392720221525,0.8015392720221525,0.8115392720221525,0.8315392720221525,0.8315392720221525,0.8315392720221525,0.8315392720221525,0.8315392720221525,0.8315392720221525
317,0.9019148179675969,0.8919148179675969,0.8919148179675969,0.8919148179675969,0.8919148179675969,0.8819148179675969,0.8819148179675969,0.8819148179675969,0.8919148179675969,0.9119148179675969,0.9219148179675969,0.8969148179675969,0.9069148179675969
318,0.77371571183714,0.7837157118371401,0.77371571183714,0.77371571183714,0.76371571183714,0.76371571183714,0.76371571183714,0.76371571183714,0.76371571183714,0.76371571183714,0.75371571183714,0.74371571183714,0.75871571183714
319,0.8981628215687116,0.8981628215687116,0.8981628215687116,0.8981628215687116,0.8981628215687116,0.8981628215687116,0.9181628215687117,0.9281628215687117,0.9281628215687117,0.9131628215687116,0.9131628215687116,0.8931628215687116,0.8831628215687116
320,0.9166596904378652,0.9566596904378653,0.9466596904378652,0.9566596904378653,0.9566596904378653,0.9516596904378652,0.9516596904378652,0.9416596904378652,0.9416596904378652,0.9316596904378652,0.9216596904378652,0.9116596904378652,0.9116596904378652
321,0.832185807772176,0.852185807772176,0.842185807772176,0.842185807772176,0.842185807772176,0.822185807772176,0.812185807772176,0.822185807772176,0.857185807772176,0.847185807772176,0.837185807772176,0.827185807772176,0.827185807772176
322,0.8116171551380651,0.8116171551380651,0.8116171551380651,0.8116171551380651,0.8316171551380651,0.8016171551380651,0.7816171551380651,0.7816171551380651,0.7966171551380651,0.7866171551380651,0.7766171551380651,0.7866171551380651,0.7966171551380651
323,0.8944927781722953,0.8944927781722953,0.9244927781722954,0.9144927781722954,0.9144927781722954,0.9144927781722954,0.9144927781722954,0.9244927781722954,0.9244927781722954,0.9144927781722954,0.9144927781722954,0.9044927781722953,0.9144927781722954
324,0.8917288299404154,0.8917288299404154,0.9017288299404154,0.9117288299404154,0.9117288299404154,0.9117288299404154,0.9017288299404154,0.9017288299404154,0.9017288299404154,0.9017288299404154,0.9117288299404154,0.9117288299404154,0.9217288299404154
325,0.8836854053215297,0.8936854053215297,0.8936854053215297,0.8836854053215297,0.8836854053215297,0.8836854053215297,0.8736854053215297,0.8736854053215297,0.8736854053215297,0.8836854053215297,0.8936854053215297,0.8836854053215297,0.8836854053215297
326,0.8910924845004168,0.8910924845004168,0.9110924845004168,0.9010924845004168,0.9010924845004168,0.9010924845004168,0.9210924845004168,0.9060924845004168,0.9060924845004168,0.8960924845004168,0.8960924845004168,0.9160924845004168,0.9260924845004168
327,0.9060306085808792,0.9060306085808792,0.9060306085808792,0.9160306085808793,0.9060306085808792,0.9060306085808792,0.9460306085808793,0.9260306085808793,0.9260306085808793,0.9160306085808793,0.9360306085808793,0.9460306085808793,0.9460306085808793
328,0.8441651052609701,0.8341651052609701,0.8241651052609701,0.8241651052609701,0.8241651052609701,0.8041651052609701,0.8041651052609701,0.8141651052609701,0.8141651052609701,0.8041651052609701,0.8041651052609701,0.8041651052609701,0.8091651052609701
329,0.8874889051255944,0.8874889051255944,0.8874889051255944,0.8874889051255944,0.8874889051255944,0.8874889051255944,0.8674889051255944,0.8574889051255944,0.8674889051255944,0.8574889051255944,0.8674889051255944,0.8774889051255944,0.8974889051255944
330,0.9275597722872464,0.9275597722872464,0.9275597722872464,0.9075597722872464,0.8975597722872464,0.9075597722872464,0.9075597722872464,0.9075597722872464,0.9075597722872464,0.9075597722872464,0.9075597722872464,0.8975597722872464,0.9175597722872464
331,0.8877881521543591,0.8977881521543591,0.9277881521543592,0.9277881521543592,0.9277881521543592,0.9277881521543592,0.9277881521543592,0.9177881521543592,0.9177881521543592,0.9077881521543592,0.8777881521543591,0.9077881521543592,0.9077881521543592
332,0.8731809550008438,0.8731809550008438,0.8631809550008438,0.8831809550008438,0.8631809550008438,0.8631809550008438,0.8731809550008438,0.8931809550008438,0.8931809550008438,0.8931809550008438,0.8931809550008438,0.8931809550008438,0.8931809550008438
333,0.854881363729345,0.854881363729345,0.854881363729345,0.874881363729345,0.874881363729345,0.874881363729345,0.894881363729345,0.894881363729345,0.884881363729345,0.884881363729345,0.884881363729345,0.884881363729345,0.884881363729345
334,0.8661171502237204,0.8661171502237204,0.8661171502237204,0.8561171502237204,0.8561171502237204,0.8561171502237204,0.8461171502237204,0.8461171502237204,0.8661171502237204,0.8561171502237204,0.8561171502237204,0.8661171502237204,0.8961171502237204
335,0.8929567033730226,0.8929567033730226,0.8929567033730226,0.8829567033730226,0.8529567033730225,0.8529567033730225,0.8629567033730225,0.8529567033730225,0.8529567033730225,0.8529567033730225,0.8579567033730225,0.8579567033730225,0.8579567033730225
336,0.9098976671433612,0.9198976671433612,0.9098976671433612,0.9298976671433612,0.9398976671433612,0.9498976671433612,0.9498976671433612,0.9398976671433612,0.9398976671433612,0.9498976671433612,0.9498976671433612,0.9448976671433612,0.9348976671433612
337,0.8431444110997672,0.8431444110997672,0.8531444110997672,0.8531444110997672,0.8531444110997672,0.8431444110997672,0.8431444110997672,0.8331444110997672,0.8431444110997672,0.8431444110997672,0.8631444110997673,0.8631444110997673,0.8631444110997673
338,0.8879511349787584,0.8879511349787584,0.8579511349787584,0.8579511349787584,0.8679511349787584,0.8679511349787584,0.8479511349787584,0.8479511349787584,0.8679511349787584,0.8779511349787584,0.8779511349787584,0.8879511349787584,0.8879511349787584
339,0.9058648540678494,0.8958648540678494,0.8958648540678494,0.8858648540678494,0.8858648540678494,0.8858648540678494,0.8858648540678494,0.8758648540678494,0.8758648540678494,0.8758648540678494,0.9058648540678494,0.9158648540678495,0.9158648540678495
340,0.85865897570501,0.86865897570501,0.86865897570501,0.85865897570501,0.85865897570501,0.85865897570501,0.81865897570501,0.83865897570501,0.83865897570501,0.83865897570501,0.84865897570501,0.83865897570501,0.83865897570501
341,0.9246717473198931,0.9246717473198931,0.9246717473198931,0.9246717473198931,0.9246717473198931,0.9246717473198931,0.9246717473198931,0.9246717473198931,0.9246717473198931,0.9046717473198931,0.9046717473198931,0.9046717473198931,0.9046717473198931
342,0.8761625139069606,0.8761625139069606,0.8761625139069606,0.8861625139069607,0.8861625139069607,0.8761625139069606,0.8961625139069607,0.8961625139069607,0.8861625139069607,0.8861625139069607,0.8861625139069607,0.8661625139069606,0.8461625139069606
343,0.9255973689626849,0.9355973689626849,0.9355973689626849,0.9455973689626849,0.9455973689626849,0.9455973689626849,0.9055973689626848,0.9055973689626848,0.9055973689626848,0.9155973689626848,0.9455973689626849,0.9455973689626849,0.9355973689626849
344,0.8595508653149146,0.8795508653149147,0.8895508653149147,0.8995508653149147,0.8945508653149147,0.8745508653149147,0.8845508653149147,0.8845508653149147,0.8945508653149147,0.8945508653149147,0.8845508653149147,0.8845508653149147,0.8845508653149147
345,0.8835074138684681,0.8735074138684681,0.8735074138684681,0.8735074138684681,0.8635074138684681,0.8935074138684681,0.8935074138684681,0.9035074138684681,0.9135074138684681,0.9235074138684681,0.9185074138684681,0.9085074138684681,0.8985074138684681
346,0.8307442927403412,0.8207442927403412,0.8207442927403412,0.8307442927403412,0.8307442927403412,0.8307442927403412,0.8307442927403412,0.8007442927403412,0.8007442927403412,0.8007442927403412,0.8007442927403412,0.7907442927403412,0.7957442927403412
347,0.8375335308577909,0.8575335308577909,0.8575335308577909,0.8575335308577909,0.867533530857791,0.877533530857791,0.872533530857791,0.872533530857791,0.872533530857791,0.8625335308577909,0.8625335308577909,0.872533530857791,0.872533530857791
348,0.9218467421006432,0.9318467421006432,0.9318467421006432,0.9618467421006432,0.9568467421006432,0.9468467421006432,0.9268467421006432,0.9268467421006432,0.9168467421006432,0.9368467421006432,0.9168467421006432,0.9168467421006432,0.9168467421006432
349,0.8857305578019066,0.8857305578019066,0.8757305578019066,0.8657305578019066,0.8857305578019066,0.8957305578019066,0.8857305578019066,0.8757305578019066,0.8757305578019066,0.8657305578019066,0.8857305578019066,0.8857305578019066,0.8857305578019066
350,0.9047966327139663,0.9047966327139663,0.9047966327139663,0.9047966327139663,0.9047966327139663,0.8947966327139663,0.9297966327139663,0.9297966327139663,0.9497966327139663,0.9497966327139663,0.9197966327139663,0.9197966327139663,0.9097966327139663
351,0.9121309036986857,0.9021309036986856,0.8921309036986856,0.8921309036986856,0.9021309036986856,0.9221309036986857,0.9221309036986857,0.9421309036986857,0.9421309036986857,0.9421309036986857,0.9421309036986857,0.9421309036986857,0.9421309036986857
352,0.8683532005061979,0.8883532005061979,0.8783532005061979,0.8783532005061979,0.8883532005061979,0.8883532005061979,0.8883532005061979,0.8983532005061979,0.8983532005061979,0.8983532005061979,0.8983532005061979,0.8983532005061979,0.8983532005061979
353,0.9077754933034304,0.9077754933034304,0.9177754933034304,0.9177754933034304,0.9277754933034305,0.9277754933034305,0.9177754933034304,0.8877754933034304,0.8677754933034304,0.8727754933034304,0.8727754933034304,0.8827754933034304,0.9127754933034304
354,0.8575083289373056,0.8475083289373055,0.8475083289373055,0.8475083289373055,0.8475083289373055,0.8575083289373056,0.8575083289373056,0.8575083289373056,0.8475083289373055,0.8375083289373055,0.8275083289373055,0.8175083289373055,0.8225083289373055
355,0.843716153491502,0.833716153491502,0.833716153491502,0.833716153491502,0.823716153491502,0.823716153491502,0.823716153491502,0.823716153491502,0.823716153491502,0.823716153491502,0.8037161534915019,0.8037161534915019,0.8037161534915019
356,0.9027592548926212,0.9027592548926212,0.9027592548926212,0.9027592548926212,0.8927592548926212,0.8727592548926212,0.8727592548926212,0.8877592548926212,0.8977592548926212,0.8777592548926212,0.8777592548926212,0.8777592548926212,0.8777592548926212
357,0.8512930792654162,0.8612930792654162,0.8612930792654162,0.8512930792654162,0.8712930792654162,0.8412930792654162,0.8412930792654162,0.8212930792654162,0.8362930792654162,0.8462930792654162,0.8562930792654162,0.8662930792654162,0.8762930792654162
358,0.9134793171706462,0.8934793171706462,0.8734793171706462,0.8734793171706462,0.8934793171706462,0.8834793171706462,0.8734793171706462,0.8784793171706462,0.8784793171706462,0.8784793171706462,0.8884793171706462,0.8884793171706462,0.8884793171706462
359,0.883471544600729,0.863471544600729,0.873471544600729,0.908471544600729,0.898471544600729,0.898471544600729,0.908471544600729,0.918471544600729,0.928471544600729,0.928471544600729,0.928471544600729,0.928471544600729,0.928471544600729
360,0.894739468783814,0.9047394687838141,0.9047394687838141,0.9147394687838141,0.9147394687838141,0.9247394687838141,0.9247394687838141,0.9097394687838141,0.889739468783814,0.889739468783814,0.8997394687838141,0.8997394687838141,0.889739468783814
361,0.8695217975182177,0.8595217975182177,0.8295217975182176,0.8345217975182176,0.8545217975182177,0.8745217975182177,0.8845217975182177,0.8745217975182177,0.8745217975182177,0.8645217975182177,0.8645217975182177,0.8745217975182177,0.8945217975182177
362,0.8616889588268124,0.8716889588268124,0.8716889588268124,0.8616889588268124,0.8616889588268124,0.8616889588268124,0.8516889588268124,0.8516889588268124,0.8516889588268124,0.8516889588268124,0.8416889588268124,0.8316889588268124,0.8316889588268124
363,0.8895670342301432,0.8695670342301431,0.8945670342301432,0.9045670342301432,0.9045670342301432,0.9145670342301432,0.9145670342301432,0.8945670342301432,0.8845670342301432,0.8845670342301432,0.8845670342301432,0.8845670342301432,0.8845670342301432
364,0.9427924307157503,0.9527924307157503,0.9627924307157503,0.9727924307157503,0.9727924307157503,0.9627924307157503,0.9527924307157503,0.9727924307157503,0.9727924307157503,0.9727924307157503,0.9827924307157503,0.9627924307157503,0.9627924307157503
365,0.8952127728940323,0.8752127728940323,0.8752127728940323,0.8752127728940323,0.8752127728940323,0.8752127728940323,0.8952127728940323,0.8852127728940323,0.8652127728940323,0.8802127728940323,0.9002127728940323,0.9202127728940324,0.9202127728940324
366,0.8444739311759526,0.8444739311759526,0.8744739311759526,0.8594739311759526,0.8594739311759526,0.8594739311759526,0.8594739311759526,0.8694739311759526,0.8494739311759526,0.8494739311759526,0.8394739311759526,0.8294739311759526,0.8394739311759526
367,0.8373480288272449,0.8373480288272449,0.8273480288272449,0.8273480288272449,0.8373480288272449,0.8373480288272449,0.8473480288272449,0.8123480288272449,0.8123480288272449,0.7923480288272449,0.7923480288272449,0.7923480288272449,0.7923480288272449
368,0.8242750413992349,0.8242750413992349,0.8342750413992349,0.8242750413992349,0.8242750413992349,0.8242750413992349,0.8442750413992349,0.8442750413992349,0.8442750413992349,0.8442750413992349,0.8242750413992349,0.8042750413992349,0.8042750413992349
369,0.8807422887419609,0.8907422887419609,0.8907422887419609,0.8907422887419609,0.8907422887419609,0.8707422887419609,0.8907422887419609,0.8707422887419609,0.8707422887419609,0.8607422887419609,0.8507422887419609,0.8507422887419609,0.8707422887419609
370,0.9031109082332155,0.9031109082332155,0.8731109082332155,0.8831109082332155,0.8731109082332155,0.8731109082332155,0.8631109082332155,0.8731109082332155,0.8731109082332155,0.8731109082332155,0.8881109082332155,0.8881109082332155,0.8881109082332155
371,0.8824397504030056,0.8824397504030056,0.8524397504030056,0.8524397504030056,0.8524397504030056,0.8624397504030056,0.8724397504030056,0.8724397504030056,0.8624397504030056,0.8624397504030056,0.8424397504030056,0.8424397504030056,0.8474397504030056
372,0.8840579902887988,0.8840579902887988,0.8540579902887988,0.8540579902887988,0.8440579902887988,0.8440579902887988,0.8540579902887988,0.8540579902887988,0.8840579902887988,0.8740579902887988,0.8640579902887988,0.8840579902887988,0.8840579902887988
373,0.8390033988223838,0.8390033988223838,0.8390033988223838,0.8390033988223838,0.8390033988223838,0.8290033988223838,0.8290033988223838,0.8290033988223838,0.8290033988223838,0.8290033988223838,0.8390033988223838,0.8190033988223838,0.8090033988223838
374,0.89321578912622,0.89321578912622,0.88321578912622,0.87321578912622,0.86321578912622,0.86321578912622,0.86321578912622,0.86321578912622,0.85321578912622,0.85321578912622,0.85321578912622,0.86321578912622,0.87321578912622
375,0.860054655327547,0.860054655327547,0.860054655327547,0.870054655327547,0.880054655327547,0.880054655327547,0.890054655327547,0.880054655327547,0.880054655327547,0.870054655327547,0.880054655327547,0.880054655327547,0.860054655327547
376,0.8937368056509651,0.8937368056509651,0.8937368056509651,0.8737368056509651,0.8737368056509651,0.8637368056509651,0.8637368056509651,0.8637368056509651,0.8837368056509651,0.8837368056509651,0.8837368056509651,0.8637368056509651,0.8637368056509651
377,0.8628238162810048,0.8528238162810048,0.8878238162810048,0.8978238162810048,0.9078238162810048,0.9078238162810048,0.9078238162810048,0.9078238162810048,0.9078238162810048,0.9078238162810048,0.8778238162810048,0.8978238162810048,0.8978238162810048
378,0.8283261772256582,0.8283261772256582,0.8283261772256582,0.8283261772256582,0.8183261772256581,0.8183261772256581,0.8083261772256581,0.7883261772256581,0.8183261772256581,0.8183261772256581,0.8283261772256582,0.8383261772256582,0.8383261772256582
379,0.8559751568087259,0.8559751568087259,0.875975156808726,0.8659751568087259,0.8659751568087259,0.885975156808726,0.875975156808726,0.875975156808726,0.875975156808726,0.875975156808726,0.8559751568087259,0.8559751568087259,0.8659751568087259
380,0.8344561383009284,0.8444561383009284,0.8344561383009284,0.8344561383009284,0.8244561383009283,0.8344561383009284,0.8744561383009284,0.8744561383009284,0.8744561383009284,0.8644561383009284,0.8494561383009284,0.8494561383009284,0.8494561383009284
381,0.909837389573844,0.929837389573844,0.949837389573844,0.949837389573844,0.949837389573844,0.939837389573844,0.919837389573844,0.919837389573844,0.909837389573844,0.909837389573844,0.899837389573844,0.889837389573844,0.939837389573844
382,0.8849470426292466,0.8849470426292466,0.8949470426292466,0.8949470426292466,0.8949470426292466,0.9049470426292466,0.8799470426292466,0.8699470426292466,0.8499470426292466,0.8599470426292466,0.8599470426292466,0.8799470426292466,0.8699470426292466
383,0.8572121195824386,0.8672121195824386,0.8572121195824386,0.8672121195824386,0.8672121195824386,0.8772121195824386,0.8872121195824386,0.8972121195824386,0.8972121195824386,0.8972121195824386,0.8872121195824386,0.8872121195824386,0.8722121195824386
384,0.9088729740010477,0.9188729740010477,0.9288729740010477,0.9288729740010477,0.9288729740010477,0.9288729740010477,0.9188729740010477,0.9188729740010477,0.9088729740010477,0.9088729740010477,0.9088729740010477,0.9288729740010477,0.9288729740010477
385,0.8881044848381032,0.8981044848381032,0.9081044848381032,0.8831044848381032,0.8631044848381032,0.8431044848381032,0.8431044848381032,0.8431044848381032,0.8431044848381032,0.8431044848381032,0.8531044848381032,0.8531044848381032,0.8431044848381032
386,0.8752143377816957,0.8652143377816957,0.8552143377816956,0.8652143377816957,0.8652143377816957,0.8652143377816957,0.8552143377816956,0.8802143377816957,0.8802143377816957,0.9002143377816957,0.9102143377816957,0.9102143377816957,0.9102143377816957
387,0.8547012405642753,0.8447012405642753,0.8747012405642753,0.8747012405642753,0.8747012405642753,0.8847012405642753,0.8847012405642753,0.8847012405642753,0.8747012405642753,0.8647012405642753,0.8447012405642753,0.8447012405642753,0.8447012405642753
388,0.8876284955730269,0.8776284955730269,0.8976284955730269,0.917628495573027,0.9076284955730269,0.917628495573027,0.917628495573027,0.9076284955730269,0.8976284955730269,0.8976284955730269,0.8976284955730269,0.8976284955730269,0.8976284955730269
389,0.8923177763122352,0.8923177763122352,0.9123177763122352,0.9123177763122352,0.8923177763122352,0.8823177763122352,0.8723177763122352,0.8723177763122352,0.8823177763122352,0.8723177763122352,0.8823177763122352,0.8723177763122352,0.8723177763122352
390,0.8676436171136982,0.8676436171136982,0.8676436171136982,0.8676436171136982,0.8576436171136982,0.8776436171136982,0.8876436171136982,0.8876436171136982,0.8776436171136982,0.8776436171136982,0.8776436171136982,0.8876436171136982,0.8876436171136982
391,0.9030131711386832,0.9130131711386832,0.9130131711386832,0.9130131711386832,0.8930131711386832,0.8730131711386832,0.8630131711386831,0.8730131711386832,0.8880131711386832,0.8880131711386832,0.8880131711386832,0.8880131711386832,0.8680131711386831
392,0.887402998552677,0.877402998552677,0.877402998552677,0.867402998552677,0.867402998552677,0.877402998552677,0.887402998552677,0.897402998552677,0.877402998552677,0.877402998552677,0.877402998552677,0.887402998552677,0.887402998552677
393,0.8662971591429927,0.8562971591429926,0.8562971591429926,0.8562971591429926,0.8562971591429926,0.8462971591429926,0.8462971591429926,0.8562971591429926,0.8762971591429927,0.8762971591429927,0.8762971591429927,0.8562971591429926,0.8762971591429927
394,0.8904477951258962,0.8804477951258962,0.8804477951258962,0.8804477951258962,0.8804477951258962,0.8804477951258962,0.8904477951258962,0.8904477951258962,0.8804477951258962,0.8804477951258962,0.8804477951258962,0.8904477951258962,0.9004477951258962
395,0.9000400659819556,0.8900400659819556,0.8600400659819556,0.8600400659819556,0.8650400659819556,0.8650400659819556,0.8650400659819556,0.8650400659819556,0.8750400659819556,0.8950400659819556,0.8950400659819556,0.8950400659819556,0.8950400659819556
396,0.9239031789550807,0.9239031789550807,0.9039031789550807,0.9039031789550807,0.9039031789550807,0.9039031789550807,0.9239031789550807,0.9139031789550807,0.9139031789550807,0.9239031789550807,0.9239031789550807,0.9239031789550807,0.9339031789550807
397,0.8626804515429706,0.8626804515429706,0.8526804515429706,0.8526804515429706,0.8526804515429706,0.8526804515429706,0.8526804515429706,0.8526804515429706,0.8826804515429706,0.8826804515429706,0.8826804515429706,0.8826804515429706,0.8826804515429706
398,0.8791941090546082,0.8691941090546081,0.8591941090546081,0.8591941090546081,0.8391941090546081,0.8441941090546081,0.8541941090546081,0.8541941090546081,0.8641941090546081,0.8641941090546081,0.8541941090546081,0.8541941090546081,0.8541941090546081
399,0.8140223792801671,0.8240223792801671,0.8240223792801671,0.8240223792801671,0.8040223792801671,0.8040223792801671,0.8040223792801671,0.8040223792801671,0.8040223792801671,0.784022379280167,0.784022379280167,0.8040223792801671,0.7940223792801671
400,0.8458793342117052,0.8458793342117052,0.8558793342117053,0.8558793342117053,0.8858793342117053,0.8808793342117053,0.8708793342117053,0.8808793342117053,0.8808793342117053,0.8708793342117053,0.8808793342117053,0.8708793342117053,0.8708793342117053
401,0.8698392657233901,0.8998392657233901,0.8898392657233901,0.8998392657233901,0.8848392657233901,0.8848392657233901,0.8748392657233901,0.8848392657233901,0.8948392657233901,0.9048392657233901,0.9048392657233901,0.8848392657233901,0.8848392657233901
402,0.8888980371785428,0.8788980371785428,0.8788980371785428,0.8788980371785428,0.8688980371785427,0.8588980371785427,0.8488980371785427,0.8538980371785427,0.8538980371785427,0.8538980371785427,0.8638980371785427,0.8838980371785428,0.8838980371785428
403,0.8537196130840317,0.8537196130840317,0.8537196130840317,0.8537196130840317,0.8537196130840317,0.8337196130840316,0.8337196130840316,0.8237196130840316,0.8137196130840316,0.8187196130840316,0.8287196130840316,0.8387196130840316,0.8387196130840316
404,0.8833049578170546,0.8933049578170547,0.8933049578170547,0.8933049578170547,0.8733049578170546,0.8633049578170546,0.8633049578170546,0.8633049578170546,0.8533049578170546,0.8533049578170546,0.8683049578170546,0.8483049578170546,0.8583049578170546
405,0.8347491563254781,0.8347491563254781,0.8247491563254781,0.8247491563254781,0.8347491563254781,0.8447491563254781,0.8447491563254781,0.8547491563254781,0.8747491563254781,0.8747491563254781,0.8647491563254781,0.8447491563254781,0.8447491563254781
406,0.8317555130259787,0.8217555130259787,0.8017555130259787,0.8017555130259787,0.8117555130259787,0.8017555130259787,0.8167555130259787,0.8167555130259787,0.8167555130259787,0.7967555130259787,0.7967555130259787,0.7967555130259787,0.8067555130259787
407,0.8332581889574218,0.8332581889574218,0.8332581889574218,0.8332581889574218,0.8432581889574218,0.8732581889574218,0.8632581889574218,0.8732581889574218,0.8532581889574218,0.8532581889574218,0.8532581889574218,0.8432581889574218,0.8032581889574217
408,0.8448352401409848,0.8448352401409848,0.8348352401409848,0.8448352401409848,0.8248352401409847,0.8348352401409848,0.8348352401409848,0.8348352401409848,0.8348352401409848,0.8348352401409848,0.8348352401409848,0.8348352401409848,0.8248352401409847
409,0.8366647003850624,0.8366647003850624,0.8366647003850624,0.8366647003850624,0.8466647003850624,0.8466647003850624,0.8566647003850624,0.8366647003850624,0.8366647003850624,0.8366647003850624,0.8366647003850624,0.8466647003850624,0.8466647003850624
410,0.8871150894557112,0.8771150894557111,0.8871150894557112,0.8571150894557111,0.8571150894557111,0.8721150894557111,0.8621150894557111,0.8521150894557111,0.8521150894557111,0.8821150894557112,0.8821150894557112,0.8921150894557112,0.8921150894557112
411,0.8390189997187031,0.8390189997187031,0.8390189997187031,0.8390189997187031,0.8390189997187031,0.8290189997187031,0.8390189997187031,0.8390189997187031,0.8390189997187031,0.8490189997187031,0.8490189997187031,0.8490189997187031,0.8490189997187031
412,0.8250901833460483,0.8350901833460483,0.8350901833460483,0.8350901833460483,0.8450901833460484,0.8250901833460483,0.7850901833460483,0.7850901833460483,0.7850901833460483,0.7850901833460483,0.7900901833460483,0.7900901833460483,0.8000901833460483
413,0.8847458554379884,0.8847458554379884,0.9147458554379885,0.9047458554379885,0.9247458554379885,0.9197458554379885,0.9197458554379885,0.8997458554379885,0.8897458554379885,0.8997458554379885,0.9197458554379885,0.9197458554379885,0.9097458554379885
414,0.8899628239235972,0.8899628239235972,0.9099628239235972,0.9199628239235972,0.9199628239235972,0.9299628239235972,0.9299628239235972,0.9199628239235972,0.9099628239235972,0.9099628239235972,0.9099628239235972,0.9199628239235972,0.9199628239235972
415,0.831279616570099,0.841279616570099,0.851279616570099,0.861279616570099,0.846279616570099,0.826279616570099,0.836279616570099,0.836279616570099,0.826279616570099,0.826279616570099,0.826279616570099,0.816279616570099,0.826279616570099
416,0.8594009517820383,0.8494009517820383,0.8494009517820383,0.8594009517820383,0.8594009517820383,0.8694009517820384,0.8694009517820384,0.8694009517820384,0.8594009517820383,0.8794009517820384,0.8694009517820384,0.8694009517820384,0.8694009517820384
417,0.8793920502123788,0.8793920502123788,0.8693920502123788,0.8693920502123788,0.8593920502123787,0.8593920502123787,0.8593920502123787,0.8393920502123787,0.8393920502123787,0.8693920502123788,0.8693920502123788,0.8593920502123787,0.8493920502123787
418,0.8516887520440901,0.8616887520440901,0.8616887520440901,0.8616887520440901,0.8716887520440901,0.8616887520440901,0.8616887520440901,0.8716887520440901,0.8816887520440901,0.8816887520440901,0.8616887520440901,0.8616887520440901,0.8616887520440901
419,0.9040862875465547,0.9040862875465547,0.8740862875465547,0.8840862875465547,0.8740862875465547,0.8740862875465547,0.8640862875465547,0.8740862875465547,0.8740862875465547,0.8840862875465547,0.8940862875465547,0.9140862875465547,0.8940862875465547
420,0.9284722554865108,0.9184722554865108,0.8984722554865108,0.8884722554865108,0.8934722554865108,0.8934722554865108,0.8934722554865108,0.8934722554865108,0.9034722554865108,0.9034722554865108,0.9034722554865108,0.9234722554865108,0.9434722554865108
421,0.870559514256467,0.860559514256467,0.860559514256467,0.850559514256467,0.840559514256467,0.855559514256467,0.865559514256467,0.865559514256467,0.865559514256467,0.855559514256467,0.865559514256467,0.875559514256467,0.875559514256467
422,0.8468230058658435,0.8468230058658435,0.8568230058658435,0.8668230058658435,0.8668230058658435,0.8668230058658435,0.8668230058658435,0.8668230058658435,0.8868230058658435,0.8768230058658435,0.8868230058658435,0.8868230058658435,0.8818230058658435
423,0.8352165102531953,0.8252165102531953,0.8252165102531953,0.8252165102531953,0.8052165102531953,0.8052165102531953,0.7952165102531953,0.8152165102531953,0.8352165102531953,0.8452165102531953,0.8652165102531953,0.8652165102531953,0.8752165102531954
424,0.8574510789913805,0.8574510789913805,0.8474510789913805,0.8374510789913805,0.8374510789913805,0.8374510789913805,0.8374510789913805,0.8374510789913805,0.8274510789913805,0.8374510789913805,0.8474510789913805,0.8274510789913805,0.8574510789913805
425,0.8723529389882074,0.8823529389882074,0.8623529389882074,0.8623529389882074,0.8523529389882074,0.8623529389882074,0.8823529389882074,0.8623529389882074,0.8523529389882074,0.8523529389882074,0.8523529389882074,0.8773529389882074,0.8873529389882074
426,0.8885371488166081,0.868537148816608,0.8885371488166081,0.8885371488166081,0.9085371488166081,0.9085371488166081,0.9185371488166081,0.8985371488166081,0.9085371488166081,0.9185371488166081,0.9185371488166081,0.9085371488166081,0.9185371488166081
427,0.9029217325673332,0.9129217325673332,0.9229217325673332,0.9029217325673332,0.9029217325673332,0.8929217325673332,0.9279217325673332,0.9079217325673332,0.8979217325673332,0.9279217325673332,0.9179217325673332,0.9179217325673332,0.9179217325673332
428,0.8605558961146664,0.8305558961146664,0.8305558961146664,0.8205558961146664,0.8205558961146664,0.8205558961146664,0.8205558961146664,0.8405558961146664,0.8405558961146664,0.8305558961146664,0.8305558961146664,0.8455558961146664,0.8455558961146664
429,0.854551271638856,0.854551271638856,0.854551271638856,0.864551271638856,0.874551271638856,0.864551271638856,0.864551271638856,0.864551271638856,0.854551271638856,0.854551271638856,0.854551271638856,0.854551271638856,0.844551271638856
430,0.8480019042139051,0.8480019042139051,0.8380019042139051,0.8380019042139051,0.8280019042139051,0.8580019042139051,0.8780019042139051,0.8680019042139051,0.8580019042139051,0.8580019042139051,0.8480019042139051,0.8380019042139051,0.8380019042139051
431,0.8738910149990383,0.8638910149990383,0.8638910149990383,0.8638910149990383,0.8638910149990383,0.8638910149990383,0.8638910149990383,0.8638910149990383,0.8638910149990383,0.8438910149990383,0.8338910149990383,0.8538910149990383,0.8538910149990383
432,0.8757906250357905,0.8757906250357905,0.8757906250357905,0.8857906250357905,0.8757906250357905,0.8657906250357905,0.8657906250357905,0.8657906250357905,0.8657906250357905,0.8657906250357905,0.8557906250357905,0.8857906250357905,0.8857906250357905
433,0.8546516622140776,0.8546516622140776,0.8546516622140776,0.8546516622140776,0.8546516622140776,0.8446516622140776,0.8446516622140776,0.8346516622140776,0.8746516622140776,0.8546516622140776,0.8546516622140776,0.8446516622140776,0.8546516622140776
434,0.8953556705144209,0.8953556705144209,0.8953556705144209,0.8953556705144209,0.8853556705144209,0.9053556705144209,0.9153556705144209,0.9053556705144209,0.8953556705144209,0.8853556705144209,0.8853556705144209,0.8853556705144209,0.8553556705144209
435,0.9081410289611904,0.9081410289611904,0.9181410289611904,0.9181410289611904,0.9181410289611904,0.9181410289611904,0.9181410289611904,0.9181410289611904,0.9381410289611904,0.9481410289611905,0.9431410289611905,0.9431410289611905,0.9331410289611904
436,0.8504289347180167,0.8504289347180167,0.8504289347180167,0.8504289347180167,0.8604289347180167,0.8504289347180167,0.8504289347180167,0.8404289347180167,0.8404289347180167,0.8304289347180167,0.8304289347180167,0.8404289347180167,0.8304289347180167
437,0.9175370218567948,0.9175370218567948,0.9275370218567948,0.9175370218567948,0.9075370218567947,0.9175370218567948,0.9275370218567948,0.9075370218567947,0.9275370218567948,0.9075370218567947,0.8875370218567947,0.8775370218567947,0.8825370218567947
438,0.8062039696843297,0.8062039696843297,0.7862039696843297,0.7762039696843297,0.7912039696843297,0.7612039696843297,0.7612039696843297,0.7612039696843297,0.7812039696843297,0.7812039696843297,0.7812039696843297,0.7912039696843297,0.8112039696843297
439,0.895232374904476,0.895232374904476,0.9052323749044761,0.9052323749044761,0.9052323749044761,0.9052323749044761,0.9052323749044761,0.885232374904476,0.855232374904476,0.855232374904476,0.865232374904476,0.865232374904476,0.855232374904476
440,0.8960850849225304,0.8960850849225304,0.9060850849225304,0.9160850849225304,0.9160850849225304,0.9160850849225304,0.8960850849225304,0.8660850849225303,0.8560850849225303,0.8660850849225303,0.8560850849225303,0.8560850849225303,0.8560850849225303
441,0.8798324360282886,0.8998324360282887,0.9198324360282887,0.9098324360282887,0.9198324360282887,0.9148324360282887,0.9048324360282887,0.8948324360282887,0.8948324360282887,0.8948324360282887,0.9048324360282887,0.8948324360282887,0.8948324360282887
442,0.9019960639302931,0.9019960639302931,0.9019960639302931,0.9019960639302931,0.8919960639302931,0.9019960639302931,0.9019960639302931,0.8919960639302931,0.9019960639302931,0.9019960639302931,0.9119960639302931,0.9219960639302931,0.9319960639302931
443,0.9387805398247524,0.9287805398247524,0.9387805398247524,0.9187805398247524,0.9187805398247524,0.9587805398247524,0.9587805398247524,0.9287805398247524,0.9287805398247524,0.9387805398247524,0.9287805398247524,0.9287805398247524,0.9287805398247524
444,0.8786925373987504,0.8386925373987504,0.8386925373987504,0.8436925373987504,0.8436925373987504,0.8536925373987504,0.8536925373987504,0.8436925373987504,0.8436925373987504,0.8436925373987504,0.8536925373987504,0.8636925373987504,0.8636925373987504
445,0.8455544217225303,0.8455544217225303,0.8355544217225302,0.8355544217225302,0.8055544217225302,0.8055544217225302,0.8155544217225302,0.8255544217225302,0.8455544217225303,0.8555544217225303,0.8655544217225303,0.8655544217225303,0.8655544217225303
446,0.8644353714828651,0.8644353714828651,0.8544353714828651,0.8544353714828651,0.8444353714828651,0.8444353714828651,0.8544353714828651,0.8544353714828651,0.8544353714828651,0.8444353714828651,0.8344353714828651,0.824435371482865,0.8294353714828651
447,0.859478078352166,0.859478078352166,0.8694780783521661,0.859478078352166,0.859478078352166,0.8694780783521661,0.8794780783521661,0.8794780783521661,0.8794780783521661,0.8994780783521661,0.8944780783521661,0.8844780783521661,0.8644780783521661
448,0.8835447169274261,0.8835447169274261,0.8835447169274261,0.8635447169274261,0.8935447169274261,0.8935447169274261,0.8735447169274261,0.8735447169274261,0.8835447169274261,0.8735447169274261,0.8735447169274261,0.8735447169274261,0.8735447169274261
449,0.9426795099991364,0.9226795099991364,0.9326795099991364,0.9126795099991364,0.9226795099991364,0.9126795099991364,0.9126795099991364,0.9126795099991364,0.9226795099991364,0.9226795099991364,0.9326795099991364,0.9326795099991364,0.9226795099991364
450,0.9106665954514419,0.9006665954514419,0.8906665954514419,0.8806665954514419,0.8806665954514419,0.8806665954514419,0.9106665954514419,0.9106665954514419,0.9106665954514419,0.9006665954514419,0.9006665954514419,0.8906665954514419,0.8806665954514419
451,0.8810210208429197,0.8810210208429197,0.8810210208429197,0.8810210208429197,0.8810210208429197,0.8710210208429197,0.8910210208429197,0.8810210208429197,0.8810210208429197,0.8610210208429196,0.8610210208429196,0.8510210208429196,0.8610210208429196
452,0.8613428443167004,0.8713428443167004,0.8613428443167004,0.8613428443167004,0.8613428443167004,0.8713428443167004,0.8313428443167004,0.8213428443167003,0.8413428443167004,0.8513428443167004,0.8613428443167004,0.8713428443167004,0.8713428443167004
453,0.8372062865713855,0.8372062865713855,0.8272062865713855,0.8472062865713855,0.8372062865713855,0.8372062865713855,0.8172062865713855,0.8172062865713855,0.8172062865713855,0.8172062865713855,0.8172062865713855,0.8172062865713855,0.8172062865713855
454,0.8871317789746295,0.8871317789746295,0.8771317789746295,0.8671317789746295,0.8921317789746295,0.8921317789746295,0.8921317789746295,0.8921317789746295,0.8821317789746295,0.8821317789746295,0.9221317789746295,0.9121317789746295,0.9121317789746295
455,0.9270412405056278,0.9270412405056278,0.9170412405056277,0.9170412405056277,0.9270412405056278,0.9370412405056278,0.9270412405056278,0.9270412405056278,0.9270412405056278,0.9470412405056278,0.9670412405056278,0.9570412405056278,0.9370412405056278
456,0.8871048963666462,0.8871048963666462,0.8871048963666462,0.8771048963666462,0.8871048963666462,0.8871048963666462,0.9071048963666463,0.9071048963666463,0.8971048963666463,0.9071048963666463,0.9171048963666463,0.9071048963666463,0.8671048963666462
457,0.8962992483393173,0.8962992483393173,0.8962992483393173,0.8862992483393173,0.8862992483393173,0.8762992483393173,0.8862992483393173,0.8662992483393173,0.8562992483393173,0.8662992483393173,0.8812992483393173,0.8712992483393173,0.8612992483393173
458,0.8707169524649967,0.8707169524649967,0.8507169524649967,0.8607169524649967,0.9107169524649967,0.9107169524649967,0.9107169524649967,0.9107169524649967,0.9107169524649967,0.9107169524649967,0.9007169524649967,0.8807169524649967,0.8807169524649967
459,0.8927252675217635,0.8927252675217635,0.9127252675217635,0.9127252675217635,0.9227252675217635,0.9227252675217635,0.9227252675217635,0.9227252675217635,0.9327252675217635,0.9327252675217635,0.9227252675217635,0.8927252675217635,0.8927252675217635
460,0.8619161100975072,0.8619161100975072,0.8619161100975072,0.8819161100975073,0.8819161100975073,0.8619161100975072,0.8619161100975072,0.8619161100975072,0.8519161100975072,0.8719161100975072,0.8819161100975073,0.8919161100975073,0.8819161100975073
461,0.9221278839065766,0.9221278839065766,0.9021278839065766,0.9021278839065766,0.9021278839065766,0.9021278839065766,0.8921278839065766,0.8821278839065766,0.9021278839065766,0.9021278839065766,0.9221278839065766,0.9221278839065766,0.9321278839065766
462,0.9059727512377529,0.9359727512377529,0.9359727512377529,0.9359727512377529,0.9259727512377529,0.9159727512377529,0.9159727512377529,0.9159727512377529,0.9159727512377529,0.9059727512377529,0.9059727512377529,0.9059727512377529,0.9159727512377529
463,0.8940433021067337,0.8640433021067336,0.8790433021067336,0.8890433021067337,0.8990433021067337,0.8990433021067337,0.8990433021067337,0.9090433021067337,0.9090433021067337,0.9090433021067337,0.9190433021067337,0.9190433021067337,0.9190433021067337
464,0.8899602323471709,0.8899602323471709,0.8899602323471709,0.8899602323471709,0.8999602323471709,0.8999602323471709,0.9099602323471709,0.8999602323471709,0.8899602323471709,0.8899602323471709,0.8899602323471709,0.8699602323471709,0.8699602323471709
465,0.9275206702095788,0.9175206702095788,0.9175206702095788,0.8975206702095788,0.9075206702095788,0.8975206702095788,0.8875206702095788,0.8875206702095788,0.8875206702095788,0.8875206702095788,0.8875206702095788,0.8975206702095788,0.8975206702095788
466,0.8473554578085241,0.8473554578085241,0.8473554578085241,0.8473554578085241,0.8473554578085241,0.8473554578085241,0.8473554578085241,0.8473554578085241,0.837355457808524,0.8573554578085241,0.8573554578085241,0.827355457808524,0.8473554578085241
467,0.9086445425121447,0.9086445425121447,0.8986445425121447,0.9086445425121447,0.8886445425121446,0.8886445425121446,0.8886445425121446,0.8786445425121446,0.9086445425121447,0.9086445425121447,0.9086445425121447,0.9086445425121447,0.9186445425121447
468,0.8882968479323431,0.8782968479323431,0.8682968479323431,0.8682968479323431,0.8782968479323431,0.8582968479323431,0.8482968479323431,0.8532968479323431,0.8532968479323431,0.8632968479323431,0.8632968479323431,0.8532968479323431,0.8632968479323431
469,0.8789576238662389,0.8789576238662389,0.8789576238662389,0.8789576238662389,0.8789576238662389,0.8789576238662389,0.8789576238662389,0.8789576238662389,0.8989576238662389,0.8889576238662389,0.8889576238662389,0.8889576238662389,0.8789576238662389
470,0.8516778147667374,0.8316778147667374,0.8416778147667374,0.8416778147667374,0.8316778147667374,0.8216778147667374,0.8216778147667374,0.8316778147667374,0.8316778147667374,0.8216778147667374,0.8516778147667374,0.8616778147667374,0.8716778147667374
471,0.8672236720775358,0.8772236720775358,0.8772236720775358,0.8972236720775358,0.9072236720775358,0.9022236720775358,0.9022236720775358,0.8922236720775358,0.8922236720775358,0.8922236720775358,0.8922236720775358,0.8822236720775358,0.8922236720775358
472,0.9216387066658145,0.9216387066658145,0.9216387066658145,0.9116387066658145,0.9116387066658145,0.8916387066658145,0.8916387066658145,0.8816387066658145,0.8816387066658145,0.9016387066658145,0.8816387066658145,0.8816387066658145,0.8866387066658145
473,0.9115166404657479,0.9115166404657479,0.9215166404657479,0.9015166404657479,0.8915166404657479,0.8915166404657479,0.9415166404657479,0.9415166404657479,0.9315166404657479,0.9215166404657479,0.9215166404657479,0.8915166404657479,0.9315166404657479
474,0.8414244297100834,0.8514244297100834,0.8514244297100834,0.8514244297100834,0.8514244297100834,0.8614244297100834,0.8614244297100834,0.8414244297100834,0.8414244297100834,0.8314244297100833,0.8314244297100833,0.8114244297100833,0.8264244297100833
475,0.8964198771090311,0.8764198771090311,0.9014198771090312,0.9114198771090312,0.9114198771090312,0.8914198771090311,0.9014198771090312,0.9114198771090312,0.9014198771090312,0.8914198771090311,0.8714198771090311,0.8914198771090311,0.8914198771090311
476,0.9329722514118346,0.9329722514118346,0.9429722514118346,0.9429722514118346,0.9629722514118346,0.9479722514118346,0.9279722514118346,0.9479722514118346,0.9479722514118346,0.9279722514118346,0.9379722514118346,0.9279722514118346,0.9279722514118346
477,0.8448721268935119,0.8648721268935119,0.8648721268935119,0.8348721268935119,0.8348721268935119,0.8348721268935119,0.8348721268935119,0.8248721268935119,0.8348721268935119,0.8648721268935119,0.8548721268935119,0.8548721268935119,0.8348721268935119
478,0.8680351736390657,0.8880351736390657,0.8880351736390657,0.8880351736390657,0.8880351736390657,0.8880351736390657,0.9080351736390657,0.9080351736390657,0.8980351736390657,0.8980351736390657,0.9080351736390657,0.9080351736390657,0.8980351736390657
479,0.8452054866218669,0.8452054866218669,0.8452054866218669,0.8352054866218669,0.8352054866218669,0.8252054866218669,0.8452054866218669,0.8452054866218669,0.8352054866218669,0.8352054866218669,0.8252054866218669,0.8152054866218669,0.8452054866218669
480,0.8879935225560251,0.8979935225560252,0.9079935225560252,0.9079935225560252,0.9079935225560252,0.8879935225560251,0.8879935225560251,0.8979935225560252,0.8879935225560251,0.8879935225560251,0.8879935225560251,0.8979935225560252,0.8879935225560251
481,0.8741577345981463,0.8741577345981463,0.8441577345981462,0.8541577345981463,0.8541577345981463,0.8641577345981463,0.8441577345981462,0.8541577345981463,0.8541577345981463,0.8641577345981463,0.8641577345981463,0.8641577345981463,0.8641577345981463
482,0.9233260989226123,0.9333260989226123,0.9333260989226123,0.9233260989226123,0.9133260989226123,0.9333260989226123,0.9333260989226123,0.9633260989226123,0.9533260989226123,0.9533260989226123,0.9433260989226123,0.9433260989226123,0.9533260989226123
483,0.8596650867029308,0.8596650867029308,0.8596650867029308,0.8796650867029309,0.8596650867029308,0.8696650867029309,0.8796650867029309,0.8796650867029309,0.8796650867029309,0.8896650867029309,0.8896650867029309,0.8996650867029309,0.8946650867029309
484,0.8317926061773766,0.8317926061773766,0.8617926061773766,0.8517926061773766,0.8617926061773766,0.8517926061773766,0.8517926061773766,0.8517926061773766,0.8617926061773766,0.8417926061773766,0.8317926061773766,0.8417926061773766,0.8717926061773766
485,0.9011134284723197,0.9111134284723197,0.9111134284723197,0.8911134284723197,0.8911134284723197,0.8811134284723197,0.8811134284723197,0.8711134284723197,0.8711134284723197,0.8811134284723197,0.8811134284723197,0.9061134284723197,0.9061134284723197
486,0.8481471233246006,0.8481471233246006,0.8581471233246006,0.8581471233246006,0.8581471233246006,0.8681471233246006,0.8381471233246006,0.8281471233246006,0.8281471233246006,0.8081471233246006,0.8081471233246006,0.8081471233246006,0.8131471233246006
487,0.9012300373695847,0.9012300373695847,0.9012300373695847,0.8912300373695847,0.8912300373695847,0.9012300373695847,0.9112300373695847,0.9112300373695847,0.9212300373695848,0.9012300373695847,0.9112300373695847,0.9212300373695848,0.9412300373695848
488,0.9055493255468889,0.9055493255468889,0.8955493255468889,0.8955493255468889,0.9055493255468889,0.9055493255468889,0.9055493255468889,0.9055493255468889,0.8855493255468889,0.8755493255468889,0.8755493255468889,0.8905493255468889,0.8905493255468889
489,0.8820436373273146,0.8820436373273146,0.8920436373273146,0.8920436373273146,0.8920436373273146,0.9120436373273146,0.9120436373273146,0.9220436373273146,0.9220436373273146,0.9220436373273146,0.9220436373273146,0.9220436373273146,0.9120436373273146
490,0.8235193258082069,0.8235193258082069,0.8135193258082069,0.7835193258082068,0.7885193258082068,0.7885193258082068,0.7885193258082068,0.7885193258082068,0.7885193258082068,0.8085193258082068,0.8385193258082069,0.8285193258082069,0.8285193258082069
491,0.8825283830243785,0.8925283830243785,0.9125283830243786,0.9125283830243786,0.8825283830243785,0.8925283830243785,0.8625283830243785,0.8725283830243785,0.8625283830243785,0.8725283830243785,0.8725283830243785,0.8725283830243785,0.8725283830243785
492,0.8993207551256238,0.8993207551256238,0.9193207551256238,0.9193207551256238,0.9193207551256238,0.9193207551256238,0.9093207551256238,0.8893207551256238,0.8893207551256238,0.8893207551256238,0.8693207551256238,0.8693207551256238,0.8793207551256238
493,0.8423792069430868,0.8423792069430868,0.8323792069430868,0.8323792069430868,0.8323792069430868,0.8323792069430868,0.8323792069430868,0.8523792069430868,0.8523792069430868,0.8223792069430867,0.8323792069430868,0.8323792069430868,0.8423792069430868
494,0.8567921639309068,0.8667921639309069,0.8867921639309069,0.8867921639309069,0.8967921639309069,0.8917921639309069,0.8917921639309069,0.8917921639309069,0.8817921639309069,0.8817921639309069,0.8917921639309069,0.8917921639309069,0.8817921639309069
495,0.8522161493323612,0.8422161493323612,0.8422161493323612,0.8422161493323612,0.8222161493323612,0.8422161493323612,0.8322161493323612,0.8322161493323612,0.8322161493323612,0.8322161493323612,0.8222161493323612,0.8222161493323612,0.8222161493323612
496,0.8976024651458056,0.9076024651458056,0.9076024651458056,0.9076024651458056,0.9376024651458056,0.9326024651458056,0.9326024651458056,0.9226024651458056,0.9226024651458056,0.9226024651458056,0.9126024651458056,0.9226024651458056,0.9026024651458056
497,0.9116611168986962,0.9216611168986962,0.9116611168986962,0.9016611168986962,0.9116611168986962,0.9316611168986962,0.9316611168986962,0.9116611168986962,0.9016611168986962,0.8716611168986962,0.8816611168986962,0.8716611168986962,0.8816611168986962
498,0.8435301330299027,0.8135301330299026,0.8035301330299026,0.8085301330299026,0.8085301330299026,0.8185301330299026,0.8085301330299026,0.8185301330299026,0.8185301330299026,0.8285301330299026,0.8285301330299026,0.8385301330299026,0.8785301330299027
499,0.9091074988812158,0.9091074988812158,0.8991074988812158,0.8991074988812158,0.9091074988812158,0.9091074988812158,0.9091074988812158,0.8791074988812158,0.8791074988812158,0.8791074988812158,0.8791074988812158,0.8791074988812158,0.8941074988812158
500,0.8895197612448791,0.8895197612448791,0.8895197612448791,0.8995197612448791,0.8995197612448791,0.8995197612448791,0.9095197612448791,0.8845197612448791,0.9045197612448791,0.8945197612448791,0.9045197612448791,0.8745197612448791,0.854519761244879
501,0.9014832489775749,0.8814832489775749,0.8814832489775749,0.8814832489775749,0.8914832489775749,0.8914832489775749,0.8814832489775749,0.8714832489775749,0.8864832489775749,0.9064832489775749,0.8964832489775749,0.8964832489775749,0.9064832489775749
502,0.8881240262851745,0.8781240262851745,0.8781240262851745,0.8781240262851745,0.8781240262851745,0.8781240262851745,0.8681240262851745,0.8881240262851745,0.8981240262851745,0.8981240262851745,0.8781240262851745,0.8781240262851745,0.8781240262851745
503,0.8683608330318021,0.8883608330318021,0.9083608330318022,0.9083608330318022,0.9083608330318022,0.8983608330318021,0.8883608330318021,0.8883608330318021,0.8983608330318021,0.8833608330318021,0.8833608330318021,0.8833608330318021,0.8833608330318021
504,0.8598104983351258,0.8598104983351258,0.8598104983351258,0.8698104983351258,0.8698104983351258,0.8798104983351258,0.8798104983351258,0.8798104983351258,0.8898104983351258,0.8798104983351258,0.8798104983351258,0.8698104983351258,0.8698104983351258
505,0.9049466837836492,0.9049466837836492,0.8949466837836492,0.9049466837836492,0.9149466837836492,0.9149466837836492,0.9149466837836492,0.9149466837836492,0.9249466837836492,0.9149466837836492,0.9149466837836492,0.9049466837836492,0.9049466837836492
506,0.8475675690606225,0.8475675690606225,0.8475675690606225,0.8575675690606225,0.8575675690606225,0.8575675690606225,0.8475675690606225,0.8475675690606225,0.8475675690606225,0.8475675690606225,0.8375675690606225,0.8375675690606225,0.8575675690606225
507,0.8839751070855555,0.8739751070855555,0.8639751070855555,0.8739751070855555,0.8739751070855555,0.8839751070855555,0.8839751070855555,0.8939751070855555,0.8939751070855555,0.8939751070855555,0.8839751070855555,0.8939751070855555,0.8939751070855555
508,0.8976808615953384,0.9076808615953385,0.9076808615953385,0.8976808615953384,0.8876808615953384,0.8776808615953384,0.8876808615953384,0.8876808615953384,0.8876808615953384,0.8976808615953384,0.9076808615953385,0.9076808615953385,0.9076808615953385
509,0.8634855006000592,0.8734855006000593,0.8634855006000592,0.8534855006000592,0.8534855006000592,0.8334855006000592,0.8234855006000592,0.8434855006000592,0.8534855006000592,0.8534855006000592,0.8534855006000592,0.8634855006000592,0.8734855006000593
510,0.8951580902703803,0.8851580902703803,0.8751580902703803,0.8851580902703803,0.8851580902703803,0.8851580902703803,0.8851580902703803,0.8851580902703803,0.8951580902703803,0.8951580902703803,0.8951580902703803,0.9051580902703803,0.9151580902703803
511,0.8911729217540767,0.8811729217540767,0.9011729217540767,0.9011729217540767,0.9211729217540767,0.9311729217540767,0.9211729217540767,0.9011729217540767,0.8661729217540767,0.8661729217540767,0.8661729217540767,0.8861729217540767,0.8961729217540767
512,0.8619640768410746,0.8619640768410746,0.8619640768410746,0.8719640768410746,0.8619640768410746,0.8619640768410746,0.8619640768410746,0.8819640768410746,0.8819640768410746,0.8619640768410746,0.8619640768410746,0.8719640768410746,0.8819640768410746
513,0.9310750763879805,0.9410750763879805,0.9410750763879805,0.9410750763879805,0.9410750763879805,0.9410750763879805,0.9510750763879805,0.9310750763879805,0.9210750763879805,0.9210750763879805,0.9210750763879805,0.9110750763879805,0.9210750763879805
514,0.8957929461974368,0.8957929461974368,0.8757929461974368,0.8757929461974368,0.8757929461974368,0.8957929461974368,0.8957929461974368,0.8957929461974368,0.9157929461974368,0.9157929461974368,0.9157929461974368,0.9057929461974368,0.9257929461974368
515,0.8335911562251822,0.7935911562251822,0.7935911562251822,0.8035911562251822,0.8035911562251822,0.8035911562251822,0.8035911562251822,0.8035911562251822,0.8185911562251822,0.8385911562251822,0.8385911562251822,0.8385911562251822,0.8385911562251822
516,0.8521035766863359,0.8421035766863358,0.8521035766863359,0.8621035766863359,0.8821035766863359,0.8821035766863359,0.8721035766863359,0.8621035766863359,0.8521035766863359,0.8421035766863358,0.8321035766863358,0.8321035766863358,0.8221035766863358
517,0.894860797526848,0.914860797526848,0.904860797526848,0.914860797526848,0.914860797526848,0.904860797526848,0.914860797526848,0.904860797526848,0.894860797526848,0.894860797526848,0.914860797526848,0.914860797526848,0.924860797526848
518,0.8964784727223009,0.8864784727223008,0.9164784727223009,0.9364784727223009,0.9314784727223009,0.9314784727223009,0.9314784727223009,0.9314784727223009,0.9214784727223009,0.9314784727223009,0.9314784727223009,0.9214784727223009,0.9214784727223009
519,0.8593307073077138,0.8693307073077138,0.8593307073077138,0.8593307073077138,0.8593307073077138,0.8593307073077138,0.8693307073077138,0.8593307073077138,0.8693307073077138,0.8593307073077138,0.8593307073077138,0.8593307073077138,0.8593307073077138
520,0.8945449911935115,0.8945449911935115,0.9045449911935115,0.9045449911935115,0.8845449911935115,0.8945449911935115,0.8945449911935115,0.8945449911935115,0.8845449911935115,0.8845449911935115,0.8645449911935115,0.8645449911935115,0.8845449911935115
521,0.885010173444806,0.885010173444806,0.895010173444806,0.895010173444806,0.905010173444806,0.9250101734448061,0.9250101734448061,0.9250101734448061,0.905010173444806,0.9250101734448061,0.9150101734448061,0.9150101734448061,0.9150101734448061
522,0.9111086812723818,0.9211086812723818,0.9311086812723818,0.9111086812723818,0.9111086812723818,0.9311086812723818,0.9311086812723818,0.9211086812723818,0.9411086812723818,0.9411086812723818,0.9411086812723818,0.9211086812723818,0.9111086812723818
523,0.9048875402156992,0.9148875402156992,0.8798875402156991,0.8698875402156991,0.8998875402156992,0.8998875402156992,0.8798875402156991,0.8598875402156991,0.8698875402156991,0.8798875402156991,0.8798875402156991,0.8798875402156991,0.8998875402156992
524,0.9033435904134255,0.8933435904134255,0.8933435904134255,0.8733435904134255,0.8633435904134255,0.8633435904134255,0.8683435904134255,0.8783435904134255,0.8783435904134255,0.8883435904134255,0.8883435904134255,0.9083435904134255,0.9083435904134255
525,0.8266639365139606,0.8266639365139606,0.8366639365139606,0.8366639365139606,0.8366639365139606,0.8366639365139606,0.8366639365139606,0.8566639365139607,0.8666639365139607,0.8666639365139607,0.8666639365139607,0.8566639365139607,0.8566639365139607
526,0.8493188426848673,0.8593188426848674,0.8493188426848673,0.8493188426848673,0.8593188426848674,0.8593188426848674,0.8493188426848673,0.8593188426848674,0.8493188426848673,0.8493188426848673,0.8393188426848673,0.8293188426848673,0.8193188426848673
527,0.8721498095179026,0.8821498095179026,0.9121498095179026,0.9071498095179026,0.8371498095179026,0.8371498095179026,0.8371498095179026,0.8571498095179026,0.8471498095179026,0.8371498095179026,0.8371498095179026,0.8571498095179026,0.8571498095179026
528,0.8715627797240226,0.8715627797240226,0.8715627797240226,0.8515627797240226,0.8515627797240226,0.8515627797240226,0.8515627797240226,0.8615627797240226,0.8715627797240226,0.8715627797240226,0.8715627797240226,0.8515627797240226,0.8615627797240226
529,0.8628648277608402,0.8728648277608402,0.8728648277608402,0.8728648277608402,0.8728648277608402,0.8728648277608402,0.8728648277608402,0.8928648277608402,0.8828648277608402,0.8828648277608402,0.8828648277608402,0.8828648277608402,0.9028648277608402
530,0.853030562123105,0.853030562123105,0.863030562123105,0.843030562123105,0.823030562123105,0.833030562123105,0.833030562123105,0.833030562123105,0.833030562123105,0.833030562123105,0.833030562123105,0.833030562123105,0.833030562123105
531,0.8930215964550746,0.8930215964550746,0.8930215964550746,0.8930215964550746,0.8830215964550746,0.8930215964550746,0.8930215964550746,0.8530215964550746,0.8530215964550746,0.8730215964550746,0.8730215964550746,0.8530215964550746,0.8630215964550746
532,0.9125789848795641,0.9125789848795641,0.9125789848795641,0.9025789848795641,0.9025789848795641,0.9125789848795641,0.9125789848795641,0.9025789848795641,0.9025789848795641,0.9225789848795641,0.9225789848795641,0.9325789848795641,0.8925789848795641
533,0.8968669963647555,0.8668669963647555,0.8668669963647555,0.8668669963647555,0.8568669963647555,0.8768669963647555,0.8568669963647555,0.8568669963647555,0.8618669963647555,0.8718669963647555,0.8718669963647555,0.8718669963647555,0.8718669963647555
534,0.8580980921874763,0.8780980921874764,0.8780980921874764,0.8680980921874764,0.8780980921874764,0.8530980921874763,0.8430980921874763,0.8430980921874763,0.8530980921874763,0.8530980921874763,0.8330980921874763,0.8530980921874763,0.8630980921874764
535,0.8704632169497103,0.8704632169497103,0.8704632169497103,0.8704632169497103,0.8704632169497103,0.8704632169497103,0.8804632169497103,0.9004632169497103,0.9004632169497103,0.9104632169497103,0.9104632169497103,0.9104632169497103,0.9104632169497103
536,0.8541876040402575,0.8741876040402575,0.8541876040402575,0.8741876040402575,0.8741876040402575,0.8941876040402575,0.8841876040402575,0.8841876040402575,0.8841876040402575,0.8941876040402575,0.8941876040402575,0.8941876040402575,0.8891876040402575
537,0.8250847661875386,0.8150847661875386,0.8150847661875386,0.8350847661875386,0.8350847661875386,0.8350847661875386,0.8350847661875386,0.8450847661875386,0.8550847661875386,0.8350847661875386,0.8250847661875386,0.8050847661875385,0.7950847661875385
538,0.8197972425711189,0.8397972425711189,0.8397972425711189,0.8197972425711189,0.7997972425711188,0.7897972425711188,0.8097972425711188,0.7997972425711188,0.8197972425711189,0.7997972425711188,0.7997972425711188,0.8097972425711188,0.8197972425711189
539,0.9032265303919523,0.9132265303919523,0.9232265303919523,0.9232265303919523,0.9132265303919523,0.9232265303919523,0.9132265303919523,0.9132265303919523,0.9132265303919523,0.9132265303919523,0.9132265303919523,0.9232265303919523,0.8982265303919523
540,0.8988639557925676,0.8888639557925676,0.8888639557925676,0.8888639557925676,0.8888639557925676,0.8888639557925676,0.8788639557925676,0.8688639557925676,0.8838639557925676,0.9038639557925676,0.8938639557925676,0.8938639557925676,0.9238639557925676
541,0.9217737945261609,0.9217737945261609,0.9217737945261609,0.9217737945261609,0.9317737945261609,0.9317737945261609,0.9317737945261609,0.9317737945261609,0.9117737945261609,0.9217737945261609,0.9317737945261609,0.9317737945261609,0.9217737945261609
542,0.8536103945260696,0.8636103945260696,0.8636103945260696,0.8536103945260696,0.8536103945260696,0.8436103945260696,0.8336103945260696,0.8536103945260696,0.8436103945260696,0.8436103945260696,0.8436103945260696,0.8336103945260696,0.8336103945260696
543,0.8809553959057699,0.8809553959057699,0.8809553959057699,0.8909553959057699,0.8909553959057699,0.8709553959057699,0.8809553959057699,0.8809553959057699,0.8909553959057699,0.8809553959057699,0.8809553959057699,0.8809553959057699,0.8809553959057699
544,0.8948943387175183,0.8748943387175183,0.8748943387175183,0.8548943387175183,0.8548943387175183,0.8848943387175183,0.8648943387175183,0.8948943387175183,0.8848943387175183,0.8848943387175183,0.8948943387175183,0.9048943387175183,0.9048943387175183
545,0.9197352452981866,0.9197352452981866,0.9197352452981866,0.9297352452981866,0.9097352452981866,0.9097352452981866,0.9097352452981866,0.8997352452981866,0.8897352452981866,0.8797352452981866,0.8797352452981866,0.8797352452981866,0.8797352452981866
546,0.8914562169613851,0.8914562169613851,0.8914562169613851,0.8814562169613851,0.8714562169613851,0.8714562169613851,0.8614562169613851,0.8714562169613851,0.8614562169613851,0.8514562169613851,0.8514562169613851,0.8514562169613851,0.8514562169613851
547,0.8289270389866228,0.8289270389866228,0.8289270389866228,0.8389270389866228,0.8389270389866228,0.8389270389866228,0.8289270389866228,0.8189270389866228,0.8089270389866228,0.7889270389866228,0.7989270389866228,0.8139270389866228,0.8139270389866228
548,0.8764261797555303,0.8764261797555303,0.8764261797555303,0.8964261797555303,0.8964261797555303,0.8964261797555303,0.9064261797555303,0.9064261797555303,0.9164261797555303,0.9064261797555303,0.9064261797555303,0.9164261797555303,0.9114261797555303
549,0.8161587581373144,0.8061587581373144,0.8361587581373144,0.8161587581373144,0.8061587581373144,0.8261587581373144,0.8561587581373145,0.8511587581373145,0.8511587581373145,0.8511587581373145,0.8511587581373145,0.8511587581373145,0.8511587581373145
550,0.8312028272709101,0.8212028272709101,0.8212028272709101,0.8412028272709101,0.8062028272709101,0.8262028272709101,0.8262028272709101,0.8362028272709101,0.8262028272709101,0.8162028272709101,0.8362028272709101,0.8362028272709101,0.8462028272709101
551,0.8591779623605257,0.8591779623605257,0.8491779623605257,0.8291779623605257,0.8191779623605256,0.8291779623605257,0.8391779623605257,0.8391779623605257,0.8491779623605257,0.8491779623605257,0.8591779623605257,0.8491779623605257,0.8491779623605257
552,0.8302262341900333,0.8402262341900333,0.8402262341900333,0.8402262341900333,0.8302262341900333,0.8302262341900333,0.8302262341900333,0.8002262341900332,0.8002262341900332,0.8002262341900332,0.7902262341900332,0.7902262341900332,0.8002262341900332
553,0.8745969161146901,0.8945969161146902,0.8945969161146902,0.8845969161146902,0.8945969161146902,0.8945969161146902,0.8945969161146902,0.8945969161146902,0.9045969161146902,0.8745969161146901,0.8845969161146902,0.8845969161146902,0.8745969161146901
554,0.8919369479199903,0.8919369479199903,0.8919369479199903,0.9019369479199904,0.8919369479199903,0.9019369479199904,0.8919369479199903,0.8919369479199903,0.8919369479199903,0.9019369479199904,0.9019369479199904,0.8919369479199903,0.9019369479199904
555,0.9060032511099309,0.9160032511099309,0.9160032511099309,0.9260032511099309,0.8860032511099308,0.8860032511099308,0.8860032511099308,0.8860032511099308,0.8860032511099308,0.8760032511099308,0.8860032511099308,0.8860032511099308,0.8760032511099308
556,0.8835280887837679,0.8935280887837679,0.8835280887837679,0.8835280887837679,0.8835280887837679,0.8835280887837679,0.8835280887837679,0.8835280887837679,0.8835280887837679,0.8835280887837679,0.8835280887837679,0.8635280887837679,0.8535280887837678
557,0.9063456010083072,0.8963456010083072,0.8863456010083072,0.8763456010083072,0.8963456010083072,0.8963456010083072,0.8963456010083072,0.8763456010083072,0.8763456010083072,0.8913456010083072,0.8713456010083072,0.8713456010083072,0.8813456010083072
558,0.861716008587769,0.861716008587769,0.871716008587769,0.871716008587769,0.841716008587769,0.851716008587769,0.851716008587769,0.831716008587769,0.851716008587769,0.851716008587769,0.851716008587769,0.851716008587769,0.881716008587769
559,0.8930807032341429,0.8930807032341429,0.8930807032341429,0.9030807032341429,0.9030807032341429,0.9230807032341429,0.9130807032341429,0.9130807032341429,0.9230807032341429,0.9230807032341429,0.9230807032341429,0.9330807032341429,0.9280807032341429
560,0.8854059301873423,0.8754059301873423,0.8854059301873423,0.8754059301873423,0.8854059301873423,0.8854059301873423,0.8754059301873423,0.8654059301873422,0.8654059301873422,0.8554059301873422,0.8554059301873422,0.8454059301873422,0.8454059301873422
561,0.8847772965086124,0.8847772965086124,0.8947772965086124,0.8947772965086124,0.9047772965086124,0.9247772965086124,0.8947772965086124,0.9047772965086124,0.9047772965086124,0.9047772965086124,0.8747772965086124,0.8847772965086124,0.8747772965086124
562,0.8478351924830464,0.8478351924830464,0.8478351924830464,0.8678351924830464,0.8478351924830464,0.8478351924830464,0.8578351924830464,0.8878351924830464,0.8878351924830464,0.8828351924830464,0.8828351924830464,0.8728351924830464,0.8628351924830464
563,0.8947064324533085,0.9047064324533085,0.9147064324533085,0.9047064324533085,0.9147064324533085,0.9347064324533085,0.9147064324533085,0.9247064324533085,0.9247064324533085,0.9097064324533085,0.9197064324533085,0.9297064324533085,0.9197064324533085
564,0.8640584424825157,0.8640584424825157,0.8540584424825157,0.8540584424825157,0.8440584424825157,0.8640584424825157,0.8640584424825157,0.8740584424825157,0.8840584424825157,0.8640584424825157,0.8640584424825157,0.8740584424825157,0.8540584424825157
565,0.8790303284039817,0.8790303284039817,0.8690303284039816,0.8590303284039816,0.8590303284039816,0.8590303284039816,0.8690303284039816,0.8890303284039817,0.8690303284039816,0.8690303284039816,0.8890303284039817,0.8690303284039816,0.8490303284039816
566,0.834311416512543,0.814311416512543,0.814311416512543,0.804311416512543,0.804311416512543,0.824311416512543,0.824311416512543,0.824311416512543,0.814311416512543,0.824311416512543,0.814311416512543,0.844311416512543,0.844311416512543
567,0.8623330557738509,0.8623330557738509,0.8623330557738509,0.8723330557738509,0.8523330557738509,0.8523330557738509,0.8323330557738509,0.8423330557738509,0.8423330557738509,0.8523330557738509,0.8223330557738509,0.8223330557738509,0.8273330557738509
568,0.8738896227851969,0.8638896227851969,0.8538896227851969,0.8538896227851969,0.8638896227851969,0.8638896227851969,0.8638896227851969,0.8738896227851969,0.8938896227851969,0.8938896227851969,0.8938896227851969,0.8938896227851969,0.8938896227851969
569,0.9125054082358801,0.9025054082358801,0.9025054082358801,0.8725054082358801,0.8725054082358801,0.8725054082358801,0.8825054082358801,0.8975054082358801,0.8975054082358801,0.8975054082358801,0.9075054082358801,0.9075054082358801,0.9075054082358801
570,0.9050138928403434,0.9050138928403434,0.8950138928403434,0.9050138928403434,0.9050138928403434,0.9150138928403434,0.8950138928403434,0.8950138928403434,0.8950138928403434,0.8850138928403434,0.9050138928403434,0.9150138928403434,0.9150138928403434
571,0.8802475729102804,0.8902475729102804,0.8802475729102804,0.8802475729102804,0.8902475729102804,0.8902475729102804,0.9002475729102805,0.8902475729102804,0.8902475729102804,0.8702475729102804,0.8602475729102804,0.8702475729102804,0.8702475729102804
572,0.889834062797084,0.889834062797084,0.889834062797084,0.879834062797084,0.889834062797084,0.879834062797084,0.879834062797084,0.859834062797084,0.859834062797084,0.879834062797084,0.879834062797084,0.889834062797084,0.889834062797084
573,0.8667790244322917,0.8567790244322917,0.8867790244322917,0.8867790244322917,0.8767790244322917,0.8767790244322917,0.8767790244322917,0.8867790244322917,0.8867790244322917,0.8867790244322917,0.8867790244322917,0.8767790244322917,0.8767790244322917
574,0.85888221369433,0.85888221369433,0.86888221369433,0.86888221369433,0.85888221369433,0.85888221369433,0.8788822136943301,0.8888822136943301,0.86888221369433,0.85888221369433,0.85888221369433,0.85888221369433,0.85888221369433
575,0.9430420095815686,0.9530420095815686,0.9530420095815686,0.9530420095815686,0.9730420095815686,0.9580420095815686,0.9280420095815686,0.9280420095815686,0.9280420095815686,0.9080420095815686,0.9180420095815686,0.9280420095815686,0.9080420095815686
576,0.9029056616459938,0.8829056616459938,0.8829056616459938,0.9029056616459938,0.9029056616459938,0.8829056616459938,0.9079056616459938,0.9079056616459938,0.9079056616459938,0.9279056616459939,0.9379056616459939,0.9379056616459939,0.9279056616459939
577,0.8810936231240354,0.8910936231240354,0.8710936231240354,0.8610936231240354,0.8710936231240354,0.8810936231240354,0.8810936231240354,0.8810936231240354,0.8710936231240354,0.8710936231240354,0.8710936231240354,0.8710936231240354,0.8710936231240354
578,0.9214359053206826,0.9014359053206826,0.8914359053206826,0.9114359053206826,0.9014359053206826,0.9014359053206826,0.9014359053206826,0.9264359053206827,0.9264359053206827,0.9264359053206827,0.9364359053206827,0.9264359053206827,0.9364359053206827
579,0.8922556736724684,0.8722556736724684,0.8822556736724684,0.9122556736724684,0.8822556736724684,0.8722556736724684,0.8822556736724684,0.8722556736724684,0.8922556736724684,0.8822556736724684,0.8822556736724684,0.8822556736724684,0.8722556736724684
580,0.8430727296602312,0.8530727296602312,0.8530727296602312,0.8530727296602312,0.8530727296602312,0.8630727296602312,0.8530727296602312,0.8630727296602312,0.8530727296602312,0.8630727296602312,0.8630727296602312,0.8530727296602312,0.8630727296602312
581,0.8656052773242796,0.8656052773242796,0.8656052773242796,0.8756052773242796,0.8856052773242796,0.8856052773242796,0.8856052773242796,0.9056052773242796,0.9006052773242796,0.8906052773242796,0.8806052773242796,0.8706052773242796,0.8706052773242796
582,0.8635922744159548,0.8835922744159548,0.8835922744159548,0.8835922744159548,0.8735922744159548,0.8835922744159548,0.8735922744159548,0.8935922744159548,0.8635922744159548,0.8635922744159548,0.8635922744159548,0.8635922744159548,0.8535922744159548
583,0.8498582185806147,0.8698582185806147,0.8498582185806147,0.8498582185806147,0.8698582185806147,0.8698582185806147,0.8698582185806147,0.8698582185806147,0.8698582185806147,0.8798582185806147,0.8648582185806147,0.8748582185806147,0.8748582185806147
584,0.8813059001199157,0.8813059001199157,0.8813059001199157,0.8813059001199157,0.8813059001199157,0.8813059001199157,0.8913059001199157,0.8913059001199157,0.8913059001199157,0.8913059001199157,0.8713059001199157,0.8813059001199157,0.8813059001199157
585,0.8660476452975849,0.8760476452975849,0.8760476452975849,0.896047645297585,0.906047645297585,0.906047645297585,0.886047645297585,0.886047645297585,0.886047645297585,0.906047645297585,0.886047645297585,0.8660476452975849,0.8660476452975849
586,0.8410369370253429,0.8410369370253429,0.8410369370253429,0.8310369370253429,0.8210369370253429,0.8010369370253428,0.8010369370253428,0.8060369370253428,0.8060369370253428,0.8160369370253429,0.8160369370253429,0.8160369370253429,0.8360369370253429
587,0.854789482503589,0.884789482503589,0.884789482503589,0.894789482503589,0.894789482503589,0.884789482503589,0.884789482503589,0.874789482503589,0.864789482503589,0.864789482503589,0.864789482503589,0.894789482503589,0.894789482503589
588,0.8885281769738763,0.8885281769738763,0.8885281769738763,0.8785281769738763,0.8785281769738763,0.8885281769738763,0.8985281769738763,0.8985281769738763,0.8985281769738763,0.8885281769738763,0.8885281769738763,0.8885281769738763,0.8985281769738763
589,0.8673586153928271,0.8673586153928271,0.8673586153928271,0.8673586153928271,0.8673586153928271,0.8673586153928271,0.8873586153928271,0.8973586153928271,0.8973586153928271,0.8973586153928271,0.8973586153928271,0.8673586153928271,0.8773586153928271
590,0.8816386478633588,0.8816386478633588,0.8816386478633588,0.8816386478633588,0.8816386478633588,0.8816386478633588,0.9016386478633588,0.9016386478633588,0.9016386478633588,0.9016386478633588,0.9216386478633588,0.9216386478633588,0.9216386478633588
591,0.9207124136415029,0.9307124136415029,0.9307124136415029,0.9307124136415029,0.9407124136415029,0.9507124136415029,0.960712413641503,0.960712413641503,0.960712413641503,0.9507124136415029,0.9407124136415029,0.9307124136415029,0.9307124136415029
592,0.8517537482447639,0.8617537482447639,0.8617537482447639,0.8917537482447639,0.8817537482447639,0.8667537482447639,0.8867537482447639,0.8767537482447639,0.8867537482447639,0.8767537482447639,0.8867537482447639,0.8867537482447639,0.8767537482447639
593,0.8832044027467036,0.8832044027467036,0.8832044027467036,0.8732044027467036,0.8832044027467036,0.8832044027467036,0.8732044027467036,0.8632044027467036,0.8632044027467036,0.8732044027467036,0.8632044027467036,0.8532044027467036,0.8632044027467036
594,0.9237666979946306,0.9237666979946306,0.9137666979946306,0.9137666979946306,0.9137666979946306,0.9037666979946306,0.8937666979946306,0.8837666979946306,0.9037666979946306,0.9037666979946306,0.8937666979946306,0.8937666979946306,0.8937666979946306
595,0.8754723254516579,0.8754723254516579,0.8754723254516579,0.9054723254516579,0.9054723254516579,0.9054723254516579,0.8854723254516579,0.8854723254516579,0.8854723254516579,0.8654723254516579,0.8654723254516579,0.8754723254516579,0.8754723254516579
596,0.9070981431356788,0.8970981431356788,0.9070981431356788,0.9170981431356788,0.9170981431356788,0.9270981431356788,0.9270981431356788,0.8870981431356788,0.8670981431356788,0.8720981431356788,0.8820981431356788,0.8820981431356788,0.9020981431356788
597,0.8972378609281282,0.8972378609281282,0.8872378609281282,0.8872378609281282,0.8672378609281282,0.8672378609281282,0.8772378609281282,0.8872378609281282,0.8972378609281282,0.8972378609281282,0.9072378609281282,0.8972378609281282,0.8972378609281282
598,0.8426309373094145,0.8426309373094145,0.8426309373094145,0.8426309373094145,0.8426309373094145,0.8426309373094145,0.8526309373094145,0.8426309373094145,0.8426309373094145,0.8426309373094145,0.8426309373094145,0.8626309373094145,0.8726309373094145
599,0.8249551466159059,0.8149551466159058,0.8149551466159058,0.7949551466159058,0.7849551466159058,0.7899551466159058,0.7899551466159058,0.7999551466159058,0.7899551466159058,0.7999551466159058,0.7999551466159058,0.7899551466159058,0.7999551466159058
600,0.8561833266755609,0.8361833266755608,0.8161833266755608,0.8261833266755608,0.8261833266755608,0.8261833266755608,0.8161833266755608,0.8361833266755608,0.8361833266755608,0.8261833266755608,0.8161833266755608,0.8261833266755608,0.8361833266755608
601,0.8938699297108466,0.9038699297108466,0.9038699297108466,0.8938699297108466,0.8938699297108466,0.8938699297108466,0.8938699297108466,0.8838699297108465,0.8638699297108465,0.8538699297108465,0.8588699297108465,0.8588699297108465,0.8588699297108465
602,0.8776312977524354,0.8776312977524354,0.8776312977524354,0.8776312977524354,0.8876312977524354,0.8776312977524354,0.8776312977524354,0.8576312977524354,0.8476312977524354,0.8476312977524354,0.8576312977524354,0.8576312977524354,0.8576312977524354
603,0.8103591647110586,0.7903591647110586,0.7903591647110586,0.7803591647110586,0.7953591647110586,0.7953591647110586,0.8053591647110586,0.8053591647110586,0.7953591647110586,0.7953591647110586,0.8053591647110586,0.7953591647110586,0.7953591647110586
604,0.9215341258394485,0.9315341258394485,0.9415341258394485,0.9415341258394485,0.9315341258394485,0.9115341258394485,0.9115341258394485,0.9215341258394485,0.9315341258394485,0.9415341258394485,0.9415341258394485,0.9615341258394485,0.9415341258394485
605,0.9131266066532522,0.9031266066532522,0.9031266066532522,0.9131266066532522,0.9431266066532522,0.9431266066532522,0.9431266066532522,0.9531266066532522,0.9531266066532522,0.9481266066532522,0.9381266066532522,0.9281266066532522,0.9381266066532522
606,0.8508707687195369,0.8208707687195369,0.8308707687195369,0.8308707687195369,0.8208707687195369,0.8108707687195369,0.8108707687195369,0.8108707687195369,0.8208707687195369,0.8208707687195369,0.8408707687195369,0.8308707687195369,0.8408707687195369
607,0.8958183684390807,0.8858183684390807,0.8758183684390807,0.8758183684390807,0.8858183684390807,0.9058183684390807,0.9058183684390807,0.9058183684390807,0.9058183684390807,0.9158183684390807,0.9258183684390807,0.9258183684390807,0.9108183684390807
608,0.92479814715992,0.93479814715992,0.93479814715992,0.91479814715992,0.92479814715992,0.91479814715992,0.90479814715992,0.90479814715992,0.91479814715992,0.91479814715992,0.91479814715992,0.91479814715992,0.9497981471599201
609,0.8563765997899915,0.8563765997899915,0.8463765997899915,0.8463765997899915,0.8463765997899915,0.8363765997899915,0.8463765997899915,0.8463765997899915,0.8563765997899915,0.8563765997899915,0.8363765997899915,0.8613765997899915,0.8613765997899915
610,0.9020866856359576,0.9120866856359576,0.9120866856359576,0.9120866856359576,0.9120866856359576,0.9020866856359576,0.9020866856359576,0.9120866856359576,0.9120866856359576,0.9220866856359576,0.9020866856359576,0.9020866856359576,0.9020866856359576
611,0.8609942093541956,0.8609942093541956,0.8609942093541956,0.8609942093541956,0.8609942093541956,0.8609942093541956,0.8609942093541956,0.8809942093541956,0.8809942093541956,0.8909942093541956,0.8709942093541956,0.8809942093541956,0.8909942093541956
612,0.8907577206066689,0.9107577206066689,0.8907577206066689,0.8807577206066689,0.8807577206066689,0.8807577206066689,0.8707577206066689,0.8707577206066689,0.8707577206066689,0.8707577206066689,0.8707577206066689,0.8807577206066689,0.8707577206066689
613,0.8515658076673489,0.8715658076673489,0.8715658076673489,0.8815658076673489,0.8815658076673489,0.8915658076673489,0.8915658076673489,0.8865658076673489,0.8865658076673489,0.8565658076673489,0.8465658076673489,0.8465658076673489,0.8365658076673489
614,0.8538724160863643,0.8538724160863643,0.8538724160863643,0.8638724160863643,0.8738724160863643,0.8838724160863644,0.8838724160863644,0.8638724160863643,0.8638724160863643,0.8638724160863643,0.8438724160863643,0.8338724160863643,0.8438724160863643
615,0.8705357569450222,0.8705357569450222,0.8705357569450222,0.8805357569450222,0.8805357569450222,0.8805357569450222,0.9105357569450222,0.9055357569450222,0.8955357569450222,0.8955357569450222,0.8955357569450222,0.8755357569450222,0.8455357569450221
616,0.87582435482226,0.87582435482226,0.8558243548222599,0.8558243548222599,0.8558243548222599,0.86582435482226,0.8458243548222599,0.8458243548222599,0.8558243548222599,0.8458243548222599,0.8458243548222599,0.8458243548222599,0.8358243548222599
617,0.879192196377007,0.889192196377007,0.889192196377007,0.899192196377007,0.899192196377007,0.899192196377007,0.899192196377007,0.874192196377007,0.884192196377007,0.874192196377007,0.864192196377007,0.874192196377007,0.864192196377007
618,0.9325176149690473,0.9325176149690473,0.9225176149690473,0.9025176149690473,0.9025176149690473,0.9175176149690473,0.9075176149690473,0.8975176149690473,0.8975176149690473,0.8975176149690473,0.8975176149690473,0.8975176149690473,0.9475176149690473
619,0.8363796523148725,0.8163796523148725,0.8163796523148725,0.8163796523148725,0.8063796523148725,0.8063796523148725,0.8063796523148725,0.8213796523148725,0.8313796523148725,0.8213796523148725,0.8113796523148725,0.8113796523148725,0.8113796523148725
620,0.9131268209711275,0.8931268209711275,0.9031268209711275,0.9031268209711275,0.9131268209711275,0.9131268209711275,0.9231268209711275,0.9031268209711275,0.9131268209711275,0.9131268209711275,0.9131268209711275,0.8931268209711275,0.8931268209711275
621,0.8928742234909763,0.8928742234909763,0.8928742234909763,0.8928742234909763,0.9028742234909763,0.8928742234909763,0.8828742234909763,0.8628742234909763,0.8628742234909763,0.8628742234909763,0.8628742234909763,0.8728742234909763,0.8928742234909763
622,0.8753255581363463,0.8653255581363463,0.8753255581363463,0.8653255581363463,0.8753255581363463,0.8853255581363463,0.8753255581363463,0.8853255581363463,0.8853255581363463,0.8853255581363463,0.8653255581363463,0.8653255581363463,0.8653255581363463
623,0.8754974976607526,0.8654974976607526,0.8654974976607526,0.8654974976607526,0.8854974976607526,0.8854974976607526,0.8854974976607526,0.8754974976607526,0.8654974976607526,0.8454974976607526,0.8454974976607526,0.8654974976607526,0.8654974976607526
624,0.8802487182118914,0.8802487182118914,0.8702487182118914,0.8602487182118914,0.8602487182118914,0.8402487182118914,0.8452487182118914,0.8452487182118914,0.8652487182118914,0.8752487182118914,0.8852487182118914,0.8652487182118914,0.8752487182118914
625,0.8518241412898849,0.8518241412898849,0.8518241412898849,0.8618241412898849,0.8618241412898849,0.881824141289885,0.871824141289885,0.871824141289885,0.8518241412898849,0.8518241412898849,0.8518241412898849,0.8518241412898849,0.8418241412898849
626,0.8817288739058058,0.8817288739058058,0.8817288739058058,0.9017288739058058,0.9017288739058058,0.9017288739058058,0.9017288739058058,0.8817288739058058,0.8717288739058058,0.8717288739058058,0.8617288739058058,0.8517288739058058,0.8517288739058058
627,0.9301856751119931,0.9301856751119931,0.9201856751119931,0.9301856751119931,0.9601856751119932,0.9701856751119932,0.9651856751119932,0.9551856751119931,0.9551856751119931,0.9551856751119931,0.9651856751119932,0.9651856751119932,0.9651856751119932
628,0.912240092034912,0.922240092034912,0.922240092034912,0.932240092034912,0.922240092034912,0.922240092034912,0.912240092034912,0.912240092034912,0.912240092034912,0.912240092034912,0.922240092034912,0.912240092034912,0.902240092034912
629,0.8453191277923006,0.8453191277923006,0.8453191277923006,0.8653191277923006,0.8653191277923006,0.8553191277923006,0.8353191277923006,0.8353191277923006,0.8353191277923006,0.8353191277923006,0.8353191277923006,0.8353191277923006,0.8453191277923006
630,0.8566598597220282,0.8566598597220282,0.8566598597220282,0.8566598597220282,0.8366598597220282,0.8666598597220282,0.8666598597220282,0.8666598597220282,0.8766598597220282,0.8666598597220282,0.8566598597220282,0.8666598597220282,0.8766598597220282
631,0.8781145045488135,0.8781145045488135,0.8781145045488135,0.8781145045488135,0.8781145045488135,0.8681145045488134,0.8881145045488135,0.8781145045488135,0.8881145045488135,0.8881145045488135,0.8681145045488134,0.8681145045488134,0.8581145045488134
632,0.9160497608222455,0.9360497608222456,0.9160497608222455,0.9260497608222455,0.8960497608222455,0.8960497608222455,0.8860497608222455,0.8760497608222455,0.8810497608222455,0.9010497608222455,0.9010497608222455,0.9010497608222455,0.9110497608222455
633,0.9007674025020943,0.9007674025020943,0.8907674025020943,0.8907674025020943,0.8907674025020943,0.8907674025020943,0.8907674025020943,0.8907674025020943,0.8907674025020943,0.9107674025020943,0.9107674025020943,0.8907674025020943,0.9007674025020943
634,0.8795380204322755,0.8795380204322755,0.8595380204322755,0.8595380204322755,0.8845380204322755,0.8845380204322755,0.8645380204322755,0.8845380204322755,0.9045380204322755,0.9045380204322755,0.9045380204322755,0.8945380204322755,0.9045380204322755
635,0.900103713494533,0.910103713494533,0.910103713494533,0.920103713494533,0.920103713494533,0.920103713494533,0.930103713494533,0.930103713494533,0.920103713494533,0.890103713494533,0.890103713494533,0.900103713494533,0.900103713494533
636,0.8906428107670143,0.9106428107670144,0.9106428107670144,0.9006428107670144,0.8906428107670143,0.8706428107670143,0.8706428107670143,0.8706428107670143,0.8706428107670143,0.8606428107670143,0.8606428107670143,0.8606428107670143,0.8606428107670143
637,0.8634717575994282,0.8834717575994282,0.8834717575994282,0.8734717575994282,0.8834717575994282,0.8934717575994282,0.8784717575994282,0.8784717575994282,0.8884717575994282,0.8984717575994282,0.8884717575994282,0.8884717575994282,0.8684717575994282
638,0.8898396952917662,0.8798396952917662,0.8998396952917662,0.8898396952917662,0.8698396952917662,0.8598396952917662,0.8748396952917662,0.8848396952917662,0.9048396952917662,0.9148396952917662,0.8948396952917662,0.8948396952917662,0.8948396952917662
639,0.8685579719116445,0.8485579719116445,0.8685579719116445,0.8685579719116445,0.8785579719116445,0.8685579719116445,0.8485579719116445,0.8485579719116445,0.8385579719116445,0.8535579719116445,0.8435579719116445,0.8435579719116445,0.8735579719116445
640,0.8714059362665928,0.8614059362665928,0.8514059362665928,0.8614059362665928,0.8614059362665928,0.8714059362665928,0.9014059362665928,0.9014059362665928,0.8914059362665928,0.8814059362665928,0.8714059362665928,0.8714059362665928,0.8714059362665928
641,0.8956893644353324,0.9256893644353325,0.9256893644353325,0.9256893644353325,0.9156893644353324,0.9056893644353324,0.9056893644353324,0.9356893644353325,0.9256893644353325,0.9106893644353324,0.9106893644353324,0.9006893644353324,0.8906893644353324
642,0.8918987079570754,0.8518987079570753,0.8518987079570753,0.8618987079570753,0.8618987079570753,0.8718987079570754,0.8818987079570754,0.8818987079570754,0.8918987079570754,0.9118987079570754,0.8918987079570754,0.8918987079570754,0.9018987079570754
643,0.9166413746052499,0.9266413746052499,0.9366413746052499,0.9366413746052499,0.9266413746052499,0.9266413746052499,0.9366413746052499,0.9266413746052499,0.9166413746052499,0.9066413746052499,0.8966413746052498,0.9166413746052499,0.8966413746052498
644,0.8576754219989668,0.8476754219989668,0.8576754219989668,0.8576754219989668,0.8576754219989668,0.8576754219989668,0.8676754219989669,0.8676754219989669,0.8576754219989668,0.8776754219989669,0.8676754219989669,0.8676754219989669,0.8576754219989668
645,0.8680546099295406,0.8680546099295406,0.8680546099295406,0.8680546099295406,0.8680546099295406,0.8680546099295406,0.8680546099295406,0.8880546099295407,0.8880546099295407,0.8880546099295407,0.8980546099295407,0.8980546099295407,0.9080546099295407
646,0.8812794628718488,0.8712794628718488,0.8712794628718488,0.8812794628718488,0.8912794628718488,0.8912794628718488,0.8912794628718488,0.8812794628718488,0.8912794628718488,0.8912794628718488,0.8812794628718488,0.8812794628718488,0.9012794628718488
647,0.8778209873344586,0.8578209873344586,0.8378209873344585,0.8378209873344585,0.8378209873344585,0.8478209873344585,0.8578209873344586,0.8578209873344586,0.8578209873344586,0.8578209873344586,0.8378209873344585,0.8378209873344585,0.8478209873344585
648,0.8783505722311171,0.8783505722311171,0.8683505722311171,0.8683505722311171,0.8683505722311171,0.8683505722311171,0.8783505722311171,0.8683505722311171,0.8683505722311171,0.8583505722311171,0.8683505722311171,0.8883505722311171,0.9083505722311171
649,0.854863404230544,0.864863404230544,0.844863404230544,0.8248634042305439,0.844863404230544,0.854863404230544,0.854863404230544,0.854863404230544,0.854863404230544,0.854863404230544,0.874863404230544,0.884863404230544,0.894863404230544
650,0.8382717153357194,0.8182717153357194,0.8182717153357194,0.7982717153357194,0.8082717153357194,0.7982717153357194,0.8082717153357194,0.7982717153357194,0.7982717153357194,0.8082717153357194,0.8082717153357194,0.8282717153357194,0.8182717153357194
651,0.8781154618226933,0.8781154618226933,0.8681154618226933,0.8781154618226933,0.8881154618226933,0.8681154618226933,0.8681154618226933,0.8681154618226933,0.8481154618226933,0.8631154618226933,0.8531154618226933,0.8431154618226933,0.8531154618226933
652,0.8160092225624592,0.8160092225624592,0.8360092225624592,0.8560092225624593,0.8560092225624593,0.8460092225624593,0.8310092225624592,0.8310092225624592,0.8210092225624592,0.8010092225624592,0.7910092225624592,0.7710092225624592,0.7710092225624592
653,0.8997487589543401,0.8797487589543401,0.8797487589543401,0.8797487589543401,0.8697487589543401,0.8597487589543401,0.8597487589543401,0.8597487589543401,0.8797487589543401,0.8797487589543401,0.8797487589543401,0.8697487589543401,0.8697487589543401
654,0.8677738027294372,0.8577738027294372,0.8477738027294371,0.8477738027294371,0.8477738027294371,0.8477738027294371,0.8477738027294371,0.8477738027294371,0.8477738027294371,0.8477738027294371,0.8477738027294371,0.8477738027294371,0.8277738027294371
655,0.8726177827856777,0.8726177827856777,0.8926177827856777,0.8926177827856777,0.8926177827856777,0.8926177827856777,0.9026177827856777,0.8926177827856777,0.9026177827856777,0.9026177827856777,0.9026177827856777,0.9026177827856777,0.8826177827856777
656,0.8487316769746663,0.8487316769746663,0.8587316769746663,0.8687316769746664,0.8587316769746663,0.8687316769746664,0.8687316769746664,0.8587316769746663,0.8487316769746663,0.8587316769746663,0.8687316769746664,0.8787316769746664,0.8887316769746664
657,0.8756361272444879,0.8656361272444879,0.8556361272444879,0.8456361272444879,0.8456361272444879,0.8456361272444879,0.8456361272444879,0.8606361272444879,0.8606361272444879,0.8606361272444879,0.8606361272444879,0.8406361272444879,0.8506361272444879
658,0.8905910885444615,0.8905910885444615,0.9205910885444615,0.9305910885444615,0.9305910885444615,0.9305910885444615,0.9305910885444615,0.9305910885444615,0.9255910885444615,0.9255910885444615,0.9255910885444615,0.9155910885444615,0.9155910885444615
659,0.8929117922918992,0.8929117922918992,0.9029117922918992,0.9029117922918992,0.9229117922918992,0.9329117922918992,0.9229117922918992,0.9329117922918992,0.9329117922918992,0.9279117922918992,0.9179117922918992,0.9379117922918992,0.9379117922918992
660,0.8883960234246101,0.8883960234246101,0.8883960234246101,0.8883960234246101,0.8983960234246101,0.9083960234246101,0.8983960234246101,0.8983960234246101,0.8983960234246101,0.8983960234246101,0.8883960234246101,0.8883960234246101,0.8783960234246101
661,0.8473902913175043,0.8573902913175043,0.8673902913175043,0.8673902913175043,0.8673902913175043,0.8673902913175043,0.8773902913175043,0.8673902913175043,0.8473902913175043,0.8473902913175043,0.8473902913175043,0.8473902913175043,0.8673902913175043
662,0.8343076517220501,0.8243076517220501,0.8243076517220501,0.8343076517220501,0.8343076517220501,0.8243076517220501,0.8543076517220501,0.8343076517220501,0.8243076517220501,0.7943076517220501,0.7993076517220501,0.8093076517220501,0.8193076517220501
663,0.9220304158984415,0.9020304158984415,0.9120304158984415,0.9120304158984415,0.9120304158984415,0.9220304158984415,0.9220304158984415,0.9120304158984415,0.9120304158984415,0.9020304158984415,0.9120304158984415,0.9120304158984415,0.9020304158984415
664,0.8753559339057195,0.8753559339057195,0.8853559339057195,0.8953559339057195,0.8953559339057195,0.8853559339057195,0.8953559339057195,0.9053559339057196,0.9053559339057196,0.9153559339057196,0.9153559339057196,0.9153559339057196,0.9153559339057196
665,0.8482452939440549,0.8382452939440549,0.8482452939440549,0.8582452939440549,0.8682452939440549,0.8582452939440549,0.8382452939440549,0.8482452939440549,0.8282452939440549,0.8482452939440549,0.8682452939440549,0.8682452939440549,0.8682452939440549
666,0.9194676427908304,0.9094676427908304,0.9194676427908304,0.9194676427908304,0.9194676427908304,0.9094676427908304,0.9094676427908304,0.9194676427908304,0.9294676427908304,0.9294676427908304,0.9294676427908304,0.9094676427908304,0.9194676427908304
667,0.8726220087345872,0.8626220087345872,0.8726220087345872,0.8726220087345872,0.8626220087345872,0.8826220087345872,0.9126220087345872,0.8826220087345872,0.8926220087345872,0.8926220087345872,0.8926220087345872,0.9026220087345872,0.9026220087345872
668,0.9093134467626897,0.8893134467626896,0.9093134467626897,0.9193134467626897,0.9193134467626897,0.9093134467626897,0.9193134467626897,0.9193134467626897,0.9293134467626897,0.9193134467626897,0.9193134467626897,0.9293134467626897,0.9193134467626897
669,0.8782300200161092,0.8582300200161092,0.8682300200161092,0.8482300200161091,0.8632300200161092,0.8732300200161092,0.9032300200161092,0.8932300200161092,0.8732300200161092,0.8632300200161092,0.8432300200161091,0.8532300200161091,0.8532300200161091
670,0.8692091916785897,0.8792091916785897,0.8792091916785897,0.8892091916785897,0.8892091916785897,0.8792091916785897,0.8792091916785897,0.8892091916785897,0.8992091916785897,0.8792091916785897,0.8792091916785897,0.8692091916785897,0.8692091916785897
671,0.8693576338690749,0.879357633869075,0.879357633869075,0.8693576338690749,0.8693576338690749,0.8593576338690749,0.8493576338690749,0.879357633869075,0.879357633869075,0.879357633869075,0.879357633869075,0.879357633869075,0.8693576338690749
672,0.9197070407845067,0.9197070407845067,0.9197070407845067,0.9197070407845067,0.9197070407845067,0.9197070407845067,0.9197070407845067,0.9397070407845067,0.9397070407845067,0.9397070407845067,0.9397070407845067,0.9397070407845067,0.9397070407845067
673,0.8958996082873932,0.8958996082873932,0.8958996082873932,0.8858996082873932,0.8958996082873932,0.8958996082873932,0.8958996082873932,0.9058996082873932,0.9058996082873932,0.9058996082873932,0.8858996082873932,0.8858996082873932,0.8958996082873932
674,0.8941751596381645,0.8941751596381645,0.8841751596381645,0.9041751596381645,0.8941751596381645,0.8841751596381645,0.8941751596381645,0.8841751596381645,0.9041751596381645,0.9041751596381645,0.8941751596381645,0.9041751596381645,0.9041751596381645
675,0.9280609172094368,0.9380609172094369,0.9580609172094369,0.9480609172094369,0.9580609172094369,0.9680609172094369,0.9680609172094369,0.9680609172094369,0.9680609172094369,0.9680609172094369,0.9630609172094369,0.9530609172094369,0.9630609172094369
676,0.8700082191717187,0.8600082191717187,0.8500082191717186,0.8500082191717186,0.8600082191717187,0.8700082191717187,0.8700082191717187,0.8800082191717187,0.8900082191717187,0.8900082191717187,0.9000082191717187,0.8800082191717187,0.8800082191717187
677,0.8608778975675336,0.8708778975675336,0.8708778975675336,0.8708778975675336,0.8708778975675336,0.8708778975675336,0.8608778975675336,0.8508778975675336,0.8508778975675336,0.8508778975675336,0.8508778975675336,0.8508778975675336,0.8608778975675336
678,0.8715771725938651,0.8715771725938651,0.8715771725938651,0.8615771725938651,0.8715771725938651,0.8815771725938651,0.8915771725938652,0.8915771725938652,0.8715771725938651,0.8815771725938651,0.8715771725938651,0.8615771725938651,0.8515771725938651
679,0.8818398771215378,0.8818398771215378,0.8818398771215378,0.8818398771215378,0.8818398771215378,0.8518398771215377,0.8718398771215378,0.8518398771215377,0.8518398771215377,0.8418398771215377,0.8468398771215377,0.8568398771215378,0.8668398771215378
680,0.8705530240391903,0.8705530240391903,0.8805530240391903,0.8805530240391903,0.8805530240391903,0.8805530240391903,0.9005530240391904,0.9005530240391904,0.9005530240391904,0.9005530240391904,0.9105530240391904,0.8905530240391903,0.8905530240391903
681,0.9226120802010308,0.9226120802010308,0.9126120802010308,0.9126120802010308,0.9026120802010308,0.9026120802010308,0.9026120802010308,0.8926120802010308,0.8826120802010308,0.8826120802010308,0.8826120802010308,0.8876120802010308,0.8976120802010308
682,0.9033534147366693,0.9033534147366693,0.8933534147366693,0.9133534147366693,0.9233534147366693,0.9033534147366693,0.9033534147366693,0.9233534147366693,0.9233534147366693,0.9233534147366693,0.9133534147366693,0.9233534147366693,0.8983534147366693
683,0.8674252201292452,0.8774252201292452,0.8774252201292452,0.8774252201292452,0.8674252201292452,0.8674252201292452,0.8874252201292452,0.8774252201292452,0.8874252201292452,0.8624252201292452,0.8624252201292452,0.8524252201292452,0.8524252201292452
684,0.8880854764788854,0.8880854764788854,0.8880854764788854,0.8880854764788854,0.8780854764788854,0.8580854764788853,0.8480854764788853,0.8580854764788853,0.8580854764788853,0.8580854764788853,0.8730854764788853,0.8830854764788854,0.8930854764788854
685,0.8827546336719381,0.862754633671938,0.862754633671938,0.8727546336719381,0.8727546336719381,0.8727546336719381,0.8827546336719381,0.9127546336719381,0.9127546336719381,0.9227546336719381,0.9027546336719381,0.8827546336719381,0.8827546336719381
686,0.9205116751242431,0.9305116751242432,0.9205116751242431,0.9205116751242431,0.9205116751242431,0.9305116751242432,0.9305116751242432,0.9505116751242432,0.9505116751242432,0.9605116751242432,0.9605116751242432,0.9505116751242432,0.9505116751242432
687,0.8782868410731904,0.8782868410731904,0.8782868410731904,0.8782868410731904,0.8782868410731904,0.8682868410731904,0.8882868410731904,0.8782868410731904,0.8582868410731904,0.8582868410731904,0.8582868410731904,0.8682868410731904,0.8682868410731904
688,0.8759503258952475,0.8559503258952474,0.8459503258952474,0.8609503258952474,0.8509503258952474,0.8609503258952474,0.8709503258952475,0.8709503258952475,0.8709503258952475,0.8909503258952475,0.9109503258952475,0.9009503258952475,0.9009503258952475
689,0.8530866576587058,0.8430866576587058,0.8430866576587058,0.8430866576587058,0.8330866576587058,0.8230866576587058,0.8430866576587058,0.8630866576587058,0.8830866576587059,0.8680866576587059,0.8680866576587059,0.8680866576587059,0.8580866576587058
690,0.8906464522597318,0.8806464522597318,0.8706464522597318,0.8506464522597318,0.8556464522597318,0.8556464522597318,0.9056464522597318,0.9256464522597319,0.9256464522597319,0.9256464522597319,0.9256464522597319,0.9156464522597318,0.9156464522597318
691,0.8603256436003925,0.8703256436003926,0.8703256436003926,0.9003256436003926,0.8953256436003926,0.8853256436003926,0.8953256436003926,0.8953256436003926,0.8853256436003926,0.8653256436003925,0.8553256436003925,0.8553256436003925,0.8653256436003925
692,0.8459812543944928,0.8459812543944928,0.8359812543944928,0.8359812543944928,0.8559812543944928,0.8659812543944928,0.8559812543944928,0.8759812543944928,0.8759812543944928,0.8459812543944928,0.8459812543944928,0.8559812543944928,0.8559812543944928
693,0.8862728612936406,0.8762728612936406,0.8762728612936406,0.9112728612936406,0.9112728612936406,0.9112728612936406,0.9112728612936406,0.9112728612936406,0.9112728612936406,0.9212728612936406,0.9112728612936406,0.9112728612936406,0.9112728612936406
694,0.8277045522578942,0.8277045522578942,0.8277045522578942,0.8277045522578942,0.8077045522578942,0.8077045522578942,0.7977045522578942,0.7977045522578942,0.7977045522578942,0.7977045522578942,0.8177045522578942,0.8177045522578942,0.7977045522578942
695,0.8850014137462614,0.8750014137462614,0.8750014137462614,0.8750014137462614,0.8550014137462614,0.8450014137462614,0.8500014137462614,0.8600014137462614,0.8600014137462614,0.8600014137462614,0.8500014137462614,0.8500014137462614,0.8500014137462614
696,0.8852788183121845,0.8852788183121845,0.8852788183121845,0.8852788183121845,0.8952788183121845,0.8752788183121845,0.8752788183121845,0.8652788183121845,0.8652788183121845,0.8652788183121845,0.8452788183121844,0.8452788183121844,0.8452788183121844
697,0.8645572024629972,0.8645572024629972,0.8645572024629972,0.8645572024629972,0.8645572024629972,0.8645572024629972,0.8645572024629972,0.8345572024629971,0.8545572024629972,0.8745572024629972,0.8445572024629971,0.8445572024629971,0.8345572024629971
698,0.8150076673423119,0.8050076673423119,0.8050076673423119,0.7950076673423119,0.7950076673423119,0.8050076673423119,0.7950076673423119,0.7950076673423119,0.7950076673423119,0.7950076673423119,0.7950076673423119,0.7950076673423119,0.8050076673423119
699,0.9198073787557917,0.9198073787557917,0.9098073787557917,0.8998073787557916,0.8898073787557916,0.8998073787557916,0.8998073787557916,0.8898073787557916,0.8998073787557916,0.8998073787557916,0.8998073787557916,0.8998073787557916,0.9098073787557917
700,0.8986691678952883,0.8786691678952883,0.8886691678952883,0.9086691678952883,0.9086691678952883,0.8986691678952883,0.8986691678952883,0.8786691678952883,0.8786691678952883,0.8786691678952883,0.9036691678952883,0.8936691678952883,0.8936691678952883
701,0.8820005086954567,0.8520005086954566,0.8420005086954566,0.8470005086954566,0.8670005086954566,0.8570005086954566,0.8670005086954566,0.8870005086954567,0.9070005086954567,0.9070005086954567,0.9070005086954567,0.9170005086954567,0.9170005086954567
702,0.8939752317596364,0.8739752317596364,0.8639752317596364,0.8639752317596364,0.8839752317596364,0.8639752317596364,0.8539752317596364,0.8589752317596364,0.8589752317596364,0.8689752317596364,0.8589752317596364,0.8589752317596364,0.8689752317596364
703,0.9253381262038833,0.9353381262038833,0.9353381262038833,0.9453381262038834,0.9353381262038833,0.9353381262038833,0.9653381262038834,0.9653381262038834,0.9653381262038834,0.9553381262038834,0.9553381262038834,0.9553381262038834,0.9553381262038834
704,0.9003982683252468,0.8803982683252468,0.8703982683252468,0.8603982683252468,0.8603982683252468,0.8603982683252468,0.8703982683252468,0.8603982683252468,0.8653982683252468,0.8853982683252468,0.8853982683252468,0.8853982683252468,0.8953982683252468
705,0.885491524482956,0.885491524482956,0.905491524482956,0.905491524482956,0.895491524482956,0.895491524482956,0.905491524482956,0.895491524482956,0.865491524482956,0.855491524482956,0.855491524482956,0.865491524482956,0.865491524482956
706,0.8964688892619297,0.8864688892619297,0.8864688892619297,0.8764688892619297,0.8764688892619297,0.8764688892619297,0.8864688892619297,0.8864688892619297,0.8564688892619297,0.8664688892619297,0.8564688892619297,0.8664688892619297,0.8664688892619297
707,0.9226486457150115,0.9326486457150115,0.9226486457150115,0.9226486457150115,0.9226486457150115,0.9226486457150115,0.9026486457150115,0.9126486457150115,0.9126486457150115,0.9226486457150115,0.9126486457150115,0.9026486457150115,0.9026486457150115
708,0.8828957186861189,0.8728957186861189,0.8828957186861189,0.8828957186861189,0.8828957186861189,0.8828957186861189,0.8828957186861189,0.902895718686119,0.902895718686119,0.902895718686119,0.902895718686119,0.902895718686119,0.8928957186861189
709,0.8806627999422278,0.8806627999422278,0.8706627999422278,0.8906627999422279,0.8806627999422278,0.8806627999422278,0.8806627999422278,0.8806627999422278,0.8606627999422278,0.8606627999422278,0.8606627999422278,0.8906627999422279,0.8806627999422278
710,0.8517944217305731,0.8417944217305731,0.8417944217305731,0.8517944217305731,0.8417944217305731,0.8617944217305731,0.8617944217305731,0.8517944217305731,0.831794421730573,0.8517944217305731,0.8417944217305731,0.8417944217305731,0.831794421730573
711,0.83221905752074,0.81221905752074,0.81221905752074,0.83221905752074,0.83221905752074,0.83221905752074,0.83221905752074,0.83221905752074,0.82221905752074,0.80221905752074,0.80221905752074,0.82221905752074,0.81221905752074
712,0.8687047705535412,0.8687047705535412,0.8687047705535412,0.8687047705535412,0.8687047705535412,0.8587047705535412,0.8487047705535412,0.8587047705535412,0.8587047705535412,0.8687047705535412,0.8687047705535412,0.8387047705535412,0.8287047705535412
713,0.8641337741438911,0.8641337741438911,0.8641337741438911,0.8841337741438912,0.8941337741438912,0.8741337741438912,0.8741337741438912,0.8741337741438912,0.8641337741438911,0.8641337741438911,0.8841337741438912,0.8841337741438912,0.8941337741438912
714,0.827517480851169,0.827517480851169,0.827517480851169,0.807517480851169,0.797517480851169,0.797517480851169,0.807517480851169,0.807517480851169,0.797517480851169,0.812517480851169,0.8325174808511691,0.8425174808511691,0.8325174808511691
715,0.8695878019729617,0.8695878019729617,0.8795878019729617,0.8895878019729617,0.8995878019729617,0.8995878019729617,0.8895878019729617,0.8895878019729617,0.8695878019729617,0.8695878019729617,0.8595878019729617,0.8395878019729617,0.8595878019729617
716,0.8325766773953754,0.8325766773953754,0.8325766773953754,0.8325766773953754,0.8425766773953755,0.8425766773953755,0.8425766773953755,0.8425766773953755,0.8225766773953754,0.8225766773953754,0.8225766773953754,0.8225766773953754,0.8325766773953754
717,0.8835614685447027,0.8935614685447028,0.8935614685447028,0.9035614685447028,0.9035614685447028,0.9135614685447028,0.8935614685447028,0.8935614685447028,0.8935614685447028,0.8935614685447028,0.8835614685447027,0.8735614685447027,0.8435614685447027
718,0.869313717108692,0.849313717108692,0.859313717108692,0.869313717108692,0.889313717108692,0.889313717108692,0.879313717108692,0.879313717108692,0.879313717108692,0.889313717108692,0.859313717108692,0.869313717108692,0.859313717108692
719,0.8489663512341894,0.8289663512341894,0.8539663512341894,0.8339663512341894,0.8339663512341894,0.8439663512341894,0.8439663512341894,0.8439663512341894,0.8739663512341894,0.8739663512341894,0.8739663512341894,0.8539663512341894,0.8439663512341894
720,0.8198214060269138,0.8298214060269138,0.8298214060269138,0.8098214060269138,0.8098214060269138,0.8198214060269138,0.8098214060269138,0.8098214060269138,0.8098214060269138,0.7998214060269138,0.7998214060269138,0.7898214060269138,0.7898214060269138
721,0.8849596752595222,0.8849596752595222,0.8849596752595222,0.8749596752595222,0.8749596752595222,0.9049596752595223,0.8949596752595222,0.8949596752595222,0.9049596752595223,0.8849596752595222,0.8549596752595222,0.8449596752595222,0.8499596752595222
722,0.912446599051304,0.902446599051304,0.902446599051304,0.922446599051304,0.902446599051304,0.912446599051304,0.922446599051304,0.942446599051304,0.942446599051304,0.927446599051304,0.907446599051304,0.907446599051304,0.897446599051304
723,0.8626428197128915,0.8626428197128915,0.8626428197128915,0.8626428197128915,0.8626428197128915,0.8526428197128915,0.8526428197128915,0.8526428197128915,0.8526428197128915,0.8526428197128915,0.8326428197128914,0.8326428197128914,0.8426428197128915
724,0.8447002682916658,0.8547002682916658,0.8747002682916658,0.8847002682916658,0.8847002682916658,0.8797002682916658,0.8697002682916658,0.8497002682916658,0.8597002682916658,0.8597002682916658,0.8497002682916658,0.8497002682916658,0.8797002682916658
725,0.8834231150651094,0.8934231150651094,0.8934231150651094,0.8934231150651094,0.8934231150651094,0.8634231150651094,0.8634231150651094,0.8634231150651094,0.8734231150651094,0.8634231150651094,0.8934231150651094,0.8934231150651094,0.8934231150651094
726,0.8668003008841023,0.8668003008841023,0.8868003008841023,0.8868003008841023,0.8618003008841023,0.8618003008841023,0.8618003008841023,0.8418003008841023,0.8318003008841023,0.8518003008841023,0.8618003008841023,0.8618003008841023,0.8518003008841023
727,0.8602586049272207,0.8702586049272207,0.9002586049272208,0.8902586049272208,0.9002586049272208,0.9002586049272208,0.9002586049272208,0.9002586049272208,0.9002586049272208,0.8902586049272208,0.8702586049272207,0.8802586049272207,0.8802586049272207
728,0.874910325228997,0.884910325228997,0.894910325228997,0.9049103252289971,0.9049103252289971,0.9049103252289971,0.889910325228997,0.869910325228997,0.869910325228997,0.859910325228997,0.849910325228997,0.849910325228997,0.859910325228997
729,0.8901547137018819,0.8801547137018819,0.8701547137018819,0.8801547137018819,0.8801547137018819,0.8701547137018819,0.8601547137018819,0.8501547137018819,0.8701547137018819,0.8801547137018819,0.930154713701882,0.925154713701882,0.915154713701882
730,0.8426694485165089,0.8426694485165089,0.8226694485165089,0.8526694485165089,0.8526694485165089,0.8526694485165089,0.8526694485165089,0.8526694485165089,0.8526694485165089,0.8026694485165089,0.8026694485165089,0.8026694485165089,0.8026694485165089
731,0.8211292661796235,0.8111292661796234,0.7911292661796234,0.8111292661796234,0.8311292661796235,0.8311292661796235,0.8411292661796235,0.8511292661796235,0.8311292661796235,0.8111292661796234,0.8211292661796235,0.8311292661796235,0.8611292661796235
732,0.9065158425246096,0.9065158425246096,0.9065158425246096,0.8965158425246096,0.9165158425246096,0.9265158425246096,0.9165158425246096,0.9265158425246096,0.9165158425246096,0.9165158425246096,0.9065158425246096,0.9065158425246096,0.8965158425246096
733,0.8552676568320513,0.8552676568320513,0.8552676568320513,0.8652676568320513,0.8652676568320513,0.8652676568320513,0.8552676568320513,0.8552676568320513,0.8652676568320513,0.8452676568320513,0.8352676568320513,0.8352676568320513,0.8352676568320513
734,0.875138275501888,0.8851382755018881,0.8951382755018881,0.8951382755018881,0.9051382755018881,0.8851382755018881,0.8951382755018881,0.8851382755018881,0.8851382755018881,0.8851382755018881,0.8851382755018881,0.8851382755018881,0.8851382755018881
735,0.8894209769472552,0.8994209769472552,0.9094209769472552,0.9094209769472552,0.9194209769472552,0.9044209769472552,0.8844209769472552,0.9144209769472552,0.9244209769472552,0.9244209769472552,0.9244209769472552,0.9244209769472552,0.9244209769472552
736,0.8790330862246529,0.8790330862246529,0.8590330862246529,0.8840330862246529,0.8840330862246529,0.8940330862246529,0.8840330862246529,0.8840330862246529,0.8940330862246529,0.8940330862246529,0.8940330862246529,0.8940330862246529,0.8940330862246529
737,0.8623770536980789,0.8623770536980789,0.8523770536980789,0.8523770536980789,0.8423770536980789,0.8723770536980789,0.892377053698079,0.892377053698079,0.892377053698079,0.892377053698079,0.892377053698079,0.892377053698079,0.892377053698079
738,0.8675363761818115,0.8775363761818115,0.8875363761818115,0.8875363761818115,0.8875363761818115,0.8775363761818115,0.8875363761818115,0.8875363761818115,0.8975363761818115,0.9075363761818115,0.9075363761818115,0.9025363761818115,0.8925363761818115
739,0.8756938467655715,0.8756938467655715,0.8856938467655715,0.9056938467655715,0.8906938467655715,0.8906938467655715,0.8806938467655715,0.8906938467655715,0.8806938467655715,0.8606938467655715,0.8606938467655715,0.8606938467655715,0.8606938467655715
740,0.8719141335082119,0.8719141335082119,0.8419141335082119,0.8519141335082119,0.8419141335082119,0.8519141335082119,0.8519141335082119,0.8519141335082119,0.8519141335082119,0.8619141335082119,0.8819141335082119,0.8819141335082119,0.8819141335082119
741,0.8930494408525848,0.9030494408525848,0.9030494408525848,0.9030494408525848,0.9030494408525848,0.9030494408525848,0.9030494408525848,0.9030494408525848,0.9030494408525848,0.9130494408525848,0.8830494408525847,0.8830494408525847,0.8830494408525847
742,0.8982957546758819,0.8982957546758819,0.8882957546758818,0.8782957546758818,0.8782957546758818,0.8682957546758818,0.8682957546758818,0.8782957546758818,0.8582957546758818,0.8632957546758818,0.8632957546758818,0.8732957546758818,0.8732957546758818
743,0.8609621489717318,0.8609621489717318,0.8709621489717319,0.8709621489717319,0.8609621489717318,0.8409621489717318,0.8609621489717318,0.8609621489717318,0.8709621489717319,0.8809621489717319,0.8609621489717318,0.8609621489717318,0.8609621489717318
744,0.8374724023392882,0.8274724023392882,0.8274724023392882,0.8374724023392882,0.8474724023392882,0.8474724023392882,0.8474724023392882,0.8474724023392882,0.8374724023392882,0.8374724023392882,0.8374724023392882,0.8574724023392882,0.8574724023392882
745,0.8412727618625685,0.8412727618625685,0.8312727618625685,0.8212727618625685,0.8212727618625685,0.8212727618625685,0.8212727618625685,0.8312727618625685,0.8112727618625685,0.8112727618625685,0.8212727618625685,0.8012727618625685,0.8112727618625685
746,0.8488134950389262,0.8388134950389262,0.8288134950389262,0.8388134950389262,0.8388134950389262,0.8388134950389262,0.8188134950389262,0.8288134950389262,0.8288134950389262,0.8288134950389262,0.8388134950389262,0.8388134950389262,0.8388134950389262
747,0.8680022751777176,0.8580022751777175,0.8580022751777175,0.8680022751777176,0.8680022751777176,0.8680022751777176,0.8680022751777176,0.8580022751777175,0.8580022751777175,0.8580022751777175,0.8580022751777175,0.8780022751777176,0.8980022751777176
748,0.8734660912330432,0.8734660912330432,0.8834660912330432,0.9034660912330432,0.9034660912330432,0.8934660912330432,0.9034660912330432,0.8834660912330432,0.8834660912330432,0.8534660912330432,0.8634660912330432,0.8634660912330432,0.8734660912330432
749,0.8707447728652756,0.8607447728652756,0.8607447728652756,0.8407447728652756,0.8407447728652756,0.8307447728652756,0.8357447728652756,0.8357447728652756,0.8657447728652756,0.8457447728652756,0.8657447728652756,0.8557447728652756,0.8857447728652756
750,0.8544592694222758,0.8344592694222758,0.8444592694222758,0.8344592694222758,0.8244592694222758,0.8244592694222758,0.8144592694222758,0.8194592694222758,0.8194592694222758,0.8194592694222758,0.8294592694222758,0.8294592694222758,0.8294592694222758
751,0.8526831592482912,0.8326831592482912,0.8226831592482912,0.8426831592482912,0.8326831592482912,0.8326831592482912,0.8326831592482912,0.8126831592482912,0.8126831592482912,0.8176831592482912,0.8076831592482911,0.8076831592482911,0.8176831592482912
752,0.8889731944613649,0.8889731944613649,0.8889731944613649,0.8789731944613649,0.8889731944613649,0.8789731944613649,0.8989731944613649,0.8889731944613649,0.8889731944613649,0.8689731944613649,0.8589731944613649,0.8489731944613649,0.8539731944613649
753,0.8812854855384155,0.8812854855384155,0.8812854855384155,0.8812854855384155,0.8612854855384154,0.8612854855384154,0.8612854855384154,0.8812854855384155,0.8912854855384155,0.8912854855384155,0.8912854855384155,0.8912854855384155,0.8812854855384155
754,0.8826234290723596,0.8826234290723596,0.8826234290723596,0.8826234290723596,0.9026234290723596,0.9126234290723596,0.9126234290723596,0.8976234290723596,0.8976234290723596,0.8876234290723596,0.8776234290723596,0.8776234290723596,0.8676234290723596
755,0.8554385686132995,0.8554385686132995,0.8454385686132995,0.8454385686132995,0.8554385686132995,0.8554385686132995,0.8654385686132995,0.8754385686132995,0.8554385686132995,0.8454385686132995,0.8654385686132995,0.8654385686132995,0.8654385686132995
756,0.8297739473805951,0.8297739473805951,0.8197739473805951,0.8197739473805951,0.799773947380595,0.799773947380595,0.789773947380595,0.794773947380595,0.794773947380595,0.804773947380595,0.804773947380595,0.804773947380595,0.804773947380595
757,0.8149602824896083,0.7849602824896083,0.8049602824896083,0.8049602824896083,0.7949602824896083,0.7849602824896083,0.7849602824896083,0.7849602824896083,0.7949602824896083,0.7949602824896083,0.8149602824896083,0.8349602824896083,0.8249602824896083
758,0.8222442836806222,0.8222442836806222,0.8222442836806222,0.8422442836806222,0.8422442836806222,0.8322442836806222,0.8322442836806222,0.8522442836806222,0.8522442836806222,0.8422442836806222,0.8422442836806222,0.8222442836806222,0.8322442836806222
759,0.8591837111910912,0.8591837111910912,0.8691837111910912,0.8691837111910912,0.8691837111910912,0.8791837111910912,0.8891837111910912,0.8891837111910912,0.8691837111910912,0.8691837111910912,0.8991837111910912,0.8941837111910912,0.9041837111910912
760,0.8760398653521714,0.8660398653521714,0.8560398653521714,0.8360398653521713,0.8410398653521713,0.8710398653521714,0.8810398653521714,0.8910398653521714,0.9010398653521714,0.9010398653521714,0.9110398653521714,0.9010398653521714,0.8910398653521714
761,0.8685905690048206,0.8885905690048206,0.8785905690048206,0.8885905690048206,0.8885905690048206,0.8685905690048206,0.8685905690048206,0.8785905690048206,0.8785905690048206,0.8785905690048206,0.8785905690048206,0.8785905690048206,0.8485905690048205
762,0.9121341733138859,0.9121341733138859,0.9121341733138859,0.9121341733138859,0.9121341733138859,0.8921341733138859,0.8921341733138859,0.8921341733138859,0.8921341733138859,0.8921341733138859,0.9021341733138859,0.8921341733138859,0.8821341733138859
763,0.8752093810323813,0.8752093810323813,0.8552093810323813,0.8452093810323813,0.8352093810323813,0.8452093810323813,0.8352093810323813,0.8552093810323813,0.8352093810323813,0.8402093810323813,0.8402093810323813,0.8502093810323813,0.8702093810323813
764,0.9009712273600861,0.890971227360086,0.890971227360086,0.890971227360086,0.890971227360086,0.890971227360086,0.9109712273600861,0.9209712273600861,0.9009712273600861,0.9009712273600861,0.9009712273600861,0.9009712273600861,0.890971227360086
765,0.8103087770186507,0.8103087770186507,0.7903087770186507,0.7903087770186507,0.7803087770186506,0.7803087770186506,0.7803087770186506,0.7803087770186506,0.7803087770186506,0.7803087770186506,0.7703087770186506,0.7703087770186506,0.7753087770186506
766,0.8711537924866574,0.8711537924866574,0.8611537924866574,0.8611537924866574,0.8611537924866574,0.8511537924866573,0.8511537924866573,0.8411537924866573,0.8411537924866573,0.8311537924866573,0.8411537924866573,0.8411537924866573,0.8411537924866573
767,0.877537588472659,0.877537588472659,0.877537588472659,0.877537588472659,0.8675375884726589,0.8675375884726589,0.8675375884726589,0.877537588472659,0.8675375884726589,0.877537588472659,0.8675375884726589,0.8475375884726589,0.8575375884726589
768,0.89769194853598,0.88769194853598,0.88769194853598,0.88769194853598,0.88769194853598,0.89769194853598,0.89769194853598,0.88769194853598,0.88769194853598,0.88769194853598,0.88769194853598,0.87769194853598,0.89769194853598
769,0.9160175275674044,0.9160175275674044,0.9160175275674044,0.9160175275674044,0.9160175275674044,0.9260175275674044,0.9260175275674044,0.9260175275674044,0.9260175275674044,0.9360175275674044,0.9360175275674044,0.9360175275674044,0.9260175275674044
770,0.9027026503979959,0.9027026503979959,0.9027026503979959,0.8827026503979959,0.8827026503979959,0.8827026503979959,0.8627026503979959,0.8677026503979959,0.8677026503979959,0.8677026503979959,0.8777026503979959,0.8877026503979959,0.9077026503979959
771,0.8639704298029592,0.8439704298029592,0.8339704298029592,0.8239704298029592,0.8439704298029592,0.8339704298029592,0.8339704298029592,0.8439704298029592,0.8539704298029592,0.8839704298029593,0.8839704298029593,0.8939704298029593,0.8939704298029593
772,0.8690507646724839,0.8490507646724839,0.8490507646724839,0.8490507646724839,0.8490507646724839,0.8490507646724839,0.8490507646724839,0.8490507646724839,0.8690507646724839,0.8690507646724839,0.8690507646724839,0.8690507646724839,0.8790507646724839
773,0.9105030483609496,0.9105030483609496,0.9205030483609496,0.9205030483609496,0.9205030483609496,0.9305030483609497,0.9305030483609497,0.9405030483609497,0.9255030483609497,0.9455030483609497,0.9355030483609497,0.9355030483609497,0.9455030483609497
774,0.8871284147236996,0.8971284147236996,0.9271284147236997,0.9271284147236997,0.9221284147236997,0.9121284147236997,0.9121284147236997,0.9021284147236996,0.9121284147236997,0.9321284147236997,0.9321284147236997,0.9321284147236997,0.9121284147236997
775,0.8418393731770992,0.8418393731770992,0.8418393731770992,0.8418393731770992,0.8418393731770992,0.8618393731770992,0.8618393731770992,0.8718393731770993,0.8718393731770993,0.8318393731770992,0.8618393731770992,0.8418393731770992,0.8418393731770992
776,0.8241245504515898,0.8141245504515898,0.7941245504515898,0.7841245504515898,0.7891245504515898,0.7991245504515898,0.7991245504515898,0.8091245504515898,0.8091245504515898,0.8291245504515898,0.8091245504515898,0.8391245504515898,0.8391245504515898
777,0.826633238859289,0.836633238859289,0.836633238859289,0.856633238859289,0.856633238859289,0.836633238859289,0.866633238859289,0.856633238859289,0.856633238859289,0.846633238859289,0.846633238859289,0.826633238859289,0.846633238859289
778,0.8618413525547042,0.8618413525547042,0.8618413525547042,0.8618413525547042,0.8618413525547042,0.8418413525547042,0.8418413525547042,0.8518413525547042,0.8218413525547041,0.8268413525547041,0.8368413525547042,0.8368413525547042,0.8268413525547041
779,0.9066701963338906,0.8766701963338905,0.8866701963338905,0.8766701963338905,0.8866701963338905,0.8866701963338905,0.8866701963338905,0.8666701963338905,0.8666701963338905,0.8666701963338905,0.8766701963338905,0.8766701963338905,0.8766701963338905
780,0.9197822642332482,0.8897822642332481,0.8997822642332481,0.9197822642332482,0.9297822642332482,0.9197822642332482,0.9197822642332482,0.9097822642332482,0.9197822642332482,0.9097822642332482,0.9097822642332482,0.9097822642332482,0.9197822642332482
781,0.8386998368248136,0.8286998368248136,0.8086998368248136,0.7986998368248136,0.8036998368248136,0.8136998368248136,0.8136998368248136,0.8136998368248136,0.8136998368248136,0.8236998368248136,0.8236998368248136,0.8036998368248136,0.8136998368248136
782,0.884724704463391,0.884724704463391,0.884724704463391,0.894724704463391,0.884724704463391,0.884724704463391,0.884724704463391,0.884724704463391,0.884724704463391,0.884724704463391,0.884724704463391,0.874724704463391,0.874724704463391
783,0.8761439492916773,0.8861439492916773,0.8861439492916773,0.8761439492916773,0.8661439492916773,0.8561439492916773,0.8761439492916773,0.8761439492916773,0.8761439492916773,0.8761439492916773,0.8761439492916773,0.8561439492916773,0.8561439492916773
784,0.8668260676477182,0.8468260676477182,0.8368260676477182,0.8368260676477182,0.8368260676477182,0.8568260676477182,0.8468260676477182,0.8468260676477182,0.8568260676477182,0.8568260676477182,0.8568260676477182,0.8668260676477182,0.8668260676477182
785,0.8826764621713031,0.8726764621713031,0.8526764621713031,0.8526764621713031,0.8526764621713031,0.8526764621713031,0.8626764621713031,0.8626764621713031,0.8626764621713031,0.8426764621713031,0.8426764621713031,0.8526764621713031,0.8526764621713031
786,0.843518198590717,0.843518198590717,0.843518198590717,0.843518198590717,0.843518198590717,0.843518198590717,0.8035181985907169,0.8085181985907169,0.8085181985907169,0.8085181985907169,0.818518198590717,0.818518198590717,0.818518198590717
787,0.8593954787927334,0.8593954787927334,0.8493954787927334,0.8493954787927334,0.8393954787927334,0.8493954787927334,0.8293954787927333,0.8193954787927333,0.8193954787927333,0.8243954787927333,0.8343954787927333,0.8343954787927333,0.8643954787927334
788,0.9053148058183654,0.9053148058183654,0.8853148058183654,0.9053148058183654,0.8953148058183654,0.8753148058183654,0.8753148058183654,0.8753148058183654,0.8753148058183654,0.8903148058183654,0.8903148058183654,0.9303148058183655,0.9403148058183655
789,0.8523690564767489,0.8723690564767489,0.8423690564767489,0.8323690564767489,0.8223690564767488,0.8373690564767489,0.8373690564767489,0.8273690564767489,0.8273690564767489,0.8273690564767489,0.8273690564767489,0.8373690564767489,0.8373690564767489
790,0.8755688522844884,0.8655688522844884,0.8655688522844884,0.8655688522844884,0.8755688522844884,0.8755688522844884,0.8555688522844884,0.8555688522844884,0.8655688522844884,0.8655688522844884,0.8655688522844884,0.8555688522844884,0.8355688522844884
791,0.8888616390568603,0.9088616390568603,0.9088616390568603,0.9088616390568603,0.9088616390568603,0.9088616390568603,0.8888616390568603,0.8688616390568603,0.8588616390568603,0.8588616390568603,0.8488616390568603,0.8488616390568603,0.8538616390568603
792,0.8418436071534334,0.8218436071534334,0.8418436071534334,0.8518436071534334,0.8518436071534334,0.8518436071534334,0.8518436071534334,0.8718436071534335,0.8718436071534335,0.8568436071534334,0.8568436071534334,0.8568436071534334,0.8568436071534334
793,0.8429481456259288,0.8429481456259288,0.8529481456259288,0.8629481456259288,0.8629481456259288,0.8729481456259288,0.8529481456259288,0.8529481456259288,0.8529481456259288,0.8629481456259288,0.8329481456259288,0.8329481456259288,0.8429481456259288
794,0.8351288548595005,0.8251288548595005,0.8251288548595005,0.8251288548595005,0.8251288548595005,0.8251288548595005,0.8351288548595005,0.8551288548595005,0.8551288548595005,0.8551288548595005,0.8551288548595005,0.8551288548595005,0.8551288548595005
795,0.9153366817188808,0.9153366817188808,0.9253366817188808,0.9153366817188808,0.8953366817188808,0.8953366817188808,0.8953366817188808,0.9053366817188808,0.9053366817188808,0.9153366817188808,0.9053366817188808,0.9053366817188808,0.9053366817188808
796,0.9243228325405443,0.9143228325405443,0.9043228325405442,0.9143228325405443,0.9343228325405443,0.9343228325405443,0.9443228325405443,0.9443228325405443,0.9643228325405443,0.9643228325405443,0.9643228325405443,0.9593228325405443,0.9493228325405443
797,0.8616205910103797,0.8616205910103797,0.8616205910103797,0.8616205910103797,0.8416205910103797,0.8416205910103797,0.8416205910103797,0.8516205910103797,0.8516205910103797,0.8716205910103797,0.8716205910103797,0.8716205910103797,0.8616205910103797
798,0.8771861509727649,0.8571861509727648,0.8571861509727648,0.8571861509727648,0.8571861509727648,0.8471861509727648,0.8671861509727649,0.8471861509727648,0.8621861509727649,0.8921861509727649,0.8721861509727649,0.8821861509727649,0.8721861509727649
799,0.8532023704891313,0.8532023704891313,0.8632023704891313,0.8732023704891313,0.8732023704891313,0.8632023704891313,0.8732023704891313,0.8732023704891313,0.8832023704891313,0.8832023704891313,0.8732023704891313,0.8732023704891313,0.8732023704891313
800,0.9262500148315931,0.9362500148315931,0.9362500148315931,0.9162500148315931,0.9162500148315931,0.9262500148315931,0.9162500148315931,0.9062500148315931,0.9262500148315931,0.9062500148315931,0.9162500148315931,0.9262500148315931,0.9562500148315931
801,0.8434882357664334,0.8534882357664334,0.8434882357664334,0.8234882357664334,0.8034882357664334,0.8034882357664334,0.8084882357664334,0.8084882357664334,0.8084882357664334,0.8184882357664334,0.8084882357664334,0.8184882357664334,0.8284882357664334
802,0.8739721870749413,0.8839721870749413,0.8839721870749413,0.8739721870749413,0.8739721870749413,0.8739721870749413,0.8739721870749413,0.8639721870749413,0.8639721870749413,0.8439721870749413,0.8339721870749413,0.8339721870749413,0.8389721870749413
803,0.8664197523429253,0.8664197523429253,0.8664197523429253,0.8764197523429254,0.8864197523429254,0.8964197523429254,0.8964197523429254,0.8964197523429254,0.9064197523429254,0.8964197523429254,0.8864197523429254,0.8864197523429254,0.8864197523429254
804,0.8970205803520173,0.8970205803520173,0.9070205803520173,0.9070205803520173,0.9070205803520173,0.9070205803520173,0.9170205803520173,0.8870205803520173,0.8970205803520173,0.8770205803520172,0.8770205803520172,0.8870205803520173,0.9070205803520173
805,0.8873061053072516,0.8973061053072516,0.8973061053072516,0.8973061053072516,0.8973061053072516,0.8873061053072516,0.9073061053072516,0.9073061053072516,0.9073061053072516,0.9073061053072516,0.8873061053072516,0.8873061053072516,0.8773061053072516
806,0.8598741905433911,0.8398741905433911,0.8398741905433911,0.8648741905433911,0.8648741905433911,0.8748741905433911,0.8748741905433911,0.8748741905433911,0.8748741905433911,0.8748741905433911,0.8748741905433911,0.8748741905433911,0.8648741905433911
807,0.8858519201540949,0.8858519201540949,0.8858519201540949,0.8858519201540949,0.8858519201540949,0.8858519201540949,0.8858519201540949,0.8958519201540949,0.8958519201540949,0.9058519201540949,0.9058519201540949,0.9058519201540949,0.9058519201540949
808,0.8182758052466667,0.8282758052466667,0.8182758052466667,0.8182758052466667,0.8382758052466667,0.8282758052466667,0.8282758052466667,0.8182758052466667,0.8182758052466667,0.8182758052466667,0.7982758052466666,0.7982758052466666,0.8082758052466666
809,0.8279332219320985,0.8279332219320985,0.8479332219320985,0.8579332219320985,0.8379332219320985,0.8379332219320985,0.8379332219320985,0.8279332219320985,0.8279332219320985,0.8179332219320985,0.8079332219320985,0.8279332219320985,0.8279332219320985
810,0.8945857697906502,0.8945857697906502,0.8945857697906502,0.8945857697906502,0.9045857697906502,0.9145857697906502,0.9045857697906502,0.8945857697906502,0.9145857697906502,0.9345857697906502,0.9345857697906502,0.9345857697906502,0.9295857697906502
811,0.8808069062913428,0.8708069062913428,0.8708069062913428,0.8508069062913428,0.8508069062913428,0.8508069062913428,0.8508069062913428,0.8408069062913428,0.8408069062913428,0.8458069062913428,0.8458069062913428,0.8658069062913428,0.8658069062913428
812,0.8444750545412745,0.8644750545412745,0.8744750545412745,0.8844750545412745,0.8744750545412745,0.8844750545412745,0.8744750545412745,0.8744750545412745,0.8844750545412745,0.8794750545412745,0.8794750545412745,0.8694750545412745,0.8794750545412745
813,0.9060394408091096,0.8860394408091096,0.8860394408091096,0.8760394408091096,0.8960394408091096,0.8860394408091096,0.8860394408091096,0.8760394408091096,0.8760394408091096,0.8760394408091096,0.8760394408091096,0.8760394408091096,0.8660394408091096
814,0.8882070776585692,0.8582070776585692,0.8582070776585692,0.8582070776585692,0.8732070776585692,0.8732070776585692,0.8932070776585692,0.8932070776585692,0.8932070776585692,0.8932070776585692,0.8932070776585692,0.8932070776585692,0.8932070776585692
815,0.8340870447693733,0.8340870447693733,0.8140870447693733,0.8140870447693733,0.8140870447693733,0.8140870447693733,0.8140870447693733,0.8140870447693733,0.8340870447693733,0.8140870447693733,0.8140870447693733,0.7940870447693733,0.8040870447693733
816,0.9120818946738816,0.8920818946738815,0.8920818946738815,0.8820818946738815,0.8820818946738815,0.8820818946738815,0.8920818946738815,0.9220818946738816,0.9220818946738816,0.9120818946738816,0.9120818946738816,0.9120818946738816,0.9020818946738816
817,0.8653142155921081,0.8353142155921081,0.8353142155921081,0.8353142155921081,0.8353142155921081,0.825314215592108,0.8353142155921081,0.8353142155921081,0.8453142155921081,0.8553142155921081,0.8353142155921081,0.8753142155921081,0.8753142155921081
818,0.896909384082905,0.876909384082905,0.876909384082905,0.886909384082905,0.886909384082905,0.876909384082905,0.876909384082905,0.886909384082905,0.886909384082905,0.866909384082905,0.876909384082905,0.876909384082905,0.896909384082905
819,0.8542965155888602,0.8542965155888602,0.8542965155888602,0.8442965155888602,0.8542965155888602,0.8342965155888602,0.8242965155888602,0.8392965155888602,0.8292965155888602,0.8292965155888602,0.8292965155888602,0.8492965155888602,0.8492965155888602
820,0.8996288071130643,0.8996288071130643,0.8996288071130643,0.8996288071130643,0.8996288071130643,0.8996288071130643,0.8996288071130643,0.8896288071130642,0.8896288071130642,0.8596288071130642,0.8796288071130642,0.8796288071130642,0.8796288071130642
821,0.8811813148119528,0.8811813148119528,0.8711813148119528,0.8711813148119528,0.8711813148119528,0.8511813148119528,0.8711813148119528,0.8511813148119528,0.8661813148119528,0.8761813148119528,0.8761813148119528,0.8761813148119528,0.8761813148119528
822,0.8834752823979647,0.8834752823979647,0.8734752823979647,0.8734752823979647,0.8734752823979647,0.8434752823979647,0.8434752823979647,0.8434752823979647,0.8484752823979647,0.8584752823979647,0.8584752823979647,0.8484752823979647,0.8484752823979647
823,0.9221250190976015,0.9121250190976015,0.9121250190976015,0.8821250190976014,0.8821250190976014,0.8821250190976014,0.9021250190976015,0.8821250190976014,0.8821250190976014,0.8871250190976014,0.8871250190976014,0.8971250190976015,0.8971250190976015
824,0.8587207320210918,0.8587207320210918,0.8487207320210918,0.8587207320210918,0.8587207320210918,0.8587207320210918,0.8387207320210918,0.8387207320210918,0.8387207320210918,0.8287207320210918,0.8387207320210918,0.8587207320210918,0.8487207320210918
825,0.8624994196067315,0.8624994196067315,0.8624994196067315,0.8824994196067315,0.8824994196067315,0.8824994196067315,0.8924994196067315,0.8924994196067315,0.9024994196067315,0.9024994196067315,0.9024994196067315,0.8824994196067315,0.8824994196067315
826,0.8976873221102688,0.8976873221102688,0.8976873221102688,0.8976873221102688,0.8976873221102688,0.8776873221102688,0.8776873221102688,0.8776873221102688,0.8976873221102688,0.9076873221102688,0.9076873221102688,0.9176873221102688,0.8976873221102688
827,0.86547493104,0.89547493104,0.89547493104,0.89547493104,0.89547493104,0.89547493104,0.89547493104,0.89547493104,0.87547493104,0.86547493104,0.86547493104,0.86547493104,0.87547493104
828,0.8650387116543501,0.8550387116543501,0.8550387116543501,0.8450387116543501,0.8750387116543501,0.8750387116543501,0.8750387116543501,0.8650387116543501,0.8750387116543501,0.8750387116543501,0.8750387116543501,0.9050387116543501,0.9000387116543501
829,0.8914686145067005,0.9014686145067005,0.8914686145067005,0.8914686145067005,0.8914686145067005,0.9114686145067005,0.9214686145067005,0.9214686145067005,0.9314686145067005,0.9314686145067005,0.9314686145067005,0.9264686145067005,0.9264686145067005
830,0.8968773027952801,0.8968773027952801,0.8968773027952801,0.8668773027952801,0.8768773027952801,0.8768773027952801,0.8668773027952801,0.8668773027952801,0.8668773027952801,0.8668773027952801,0.8668773027952801,0.8768773027952801,0.8968773027952801
831,0.8740632918315177,0.8740632918315177,0.8740632918315177,0.8740632918315177,0.8840632918315177,0.8940632918315177,0.9140632918315177,0.9090632918315177,0.9090632918315177,0.8990632918315177,0.8990632918315177,0.8790632918315177,0.8690632918315176
832,0.9171109099963299,0.92711090999633,0.92711090999633,0.92711090999633,0.92711090999633,0.8971109099963299,0.8771109099963299,0.8771109099963299,0.8871109099963299,0.8871109099963299,0.8871109099963299,0.8871109099963299,0.8871109099963299
833,0.9360686691809817,0.9460686691809818,0.9460686691809818,0.9360686691809817,0.9560686691809818,0.9560686691809818,0.9560686691809818,0.9660686691809818,0.9660686691809818,0.9660686691809818,0.9660686691809818,0.9560686691809818,0.9560686691809818
834,0.8713546720428321,0.8713546720428321,0.8813546720428321,0.8913546720428321,0.8713546720428321,0.8713546720428321,0.8613546720428321,0.8613546720428321,0.8613546720428321,0.8713546720428321,0.8813546720428321,0.8613546720428321,0.8613546720428321
835,0.8785034845253212,0.8685034845253212,0.8685034845253212,0.8585034845253212,0.8685034845253212,0.8785034845253212,0.8885034845253212,0.8885034845253212,0.8785034845253212,0.8685034845253212,0.9035034845253213,0.9035034845253213,0.9135034845253213
836,0.8882673724373086,0.8782673724373086,0.8782673724373086,0.8882673724373086,0.8982673724373086,0.8982673724373086,0.9282673724373086,0.9082673724373086,0.8982673724373086,0.8982673724373086,0.8982673724373086,0.9082673724373086,0.9182673724373086
837,0.8289027233349572,0.8389027233349572,0.8389027233349572,0.8489027233349572,0.8239027233349572,0.8139027233349572,0.8239027233349572,0.8339027233349572,0.8339027233349572,0.8239027233349572,0.8339027233349572,0.8439027233349572,0.8339027233349572
838,0.8103032372507153,0.8203032372507153,0.8203032372507153,0.8203032372507153,0.8203032372507153,0.8203032372507153,0.8103032372507153,0.8203032372507153,0.7903032372507153,0.8003032372507153,0.8003032372507153,0.7803032372507153,0.7803032372507153
839,0.8769551053699357,0.8769551053699357,0.8869551053699357,0.8869551053699357,0.8769551053699357,0.8769551053699357,0.8769551053699357,0.8669551053699357,0.8569551053699357,0.8819551053699357,0.8719551053699357,0.8919551053699357,0.8919551053699357
840,0.8731142805779181,0.8931142805779181,0.8931142805779181,0.8931142805779181,0.8631142805779181,0.8631142805779181,0.8631142805779181,0.8631142805779181,0.8731142805779181,0.8731142805779181,0.8731142805779181,0.8731142805779181,0.8831142805779181
841,0.8563819173632451,0.8563819173632451,0.8663819173632451,0.8963819173632451,0.8863819173632451,0.8963819173632451,0.8963819173632451,0.8963819173632451,0.8863819173632451,0.8763819173632451,0.8963819173632451,0.8963819173632451,0.8963819173632451
842,0.9154002495873684,0.9254002495873684,0.9354002495873684,0.9254002495873684,0.9154002495873684,0.9054002495873684,0.8954002495873684,0.8954002495873684,0.9054002495873684,0.9154002495873684,0.9354002495873684,0.9454002495873685,0.9454002495873685
843,0.8618634217262742,0.8618634217262742,0.8618634217262742,0.8718634217262742,0.8918634217262742,0.8768634217262742,0.8668634217262742,0.8868634217262742,0.8868634217262742,0.8768634217262742,0.8968634217262742,0.8868634217262742,0.8668634217262742
844,0.8834712115677668,0.8734712115677667,0.8734712115677667,0.8734712115677667,0.8634712115677667,0.8634712115677667,0.8534712115677667,0.8534712115677667,0.8534712115677667,0.8534712115677667,0.8734712115677667,0.8834712115677668,0.8834712115677668
845,0.9009453714222994,0.9009453714222994,0.9109453714222994,0.9009453714222994,0.9109453714222994,0.9109453714222994,0.9109453714222994,0.9009453714222994,0.8909453714222993,0.8909453714222993,0.8909453714222993,0.8909453714222993,0.8609453714222993
846,0.862232843737944,0.862232843737944,0.8422328437379439,0.852232843737944,0.852232843737944,0.862232843737944,0.862232843737944,0.862232843737944,0.882232843737944,0.882232843737944,0.892232843737944,0.882232843737944,0.882232843737944
847,0.912025313184084,0.932025313184084,0.942025313184084,0.927025313184084,0.927025313184084,0.907025313184084,0.917025313184084,0.907025313184084,0.897025313184084,0.887025313184084,0.887025313184084,0.897025313184084,0.887025313184084
848,0.8494041368375552,0.8394041368375552,0.8594041368375552,0.8694041368375552,0.8444041368375552,0.8644041368375552,0.8744041368375552,0.8744041368375552,0.8744041368375552,0.8744041368375552,0.8844041368375553,0.8844041368375553,0.8544041368375552
849,0.844498628561422,0.844498628561422,0.854498628561422,0.834498628561422,0.834498628561422,0.834498628561422,0.834498628561422,0.834498628561422,0.844498628561422,0.844498628561422,0.854498628561422,0.854498628561422,0.864498628561422
850,0.8304394945620955,0.8204394945620955,0.8204394945620955,0.8404394945620955,0.8304394945620955,0.8304394945620955,0.8304394945620955,0.8504394945620956,0.8604394945620956,0.8604394945620956,0.8454394945620956,0.8454394945620956,0.8654394945620956
851,0.8813687371010014,0.8713687371010014,0.8613687371010014,0.8613687371010014,0.8613687371010014,0.8613687371010014,0.8613687371010014,0.8513687371010014,0.8513687371010014,0.8513687371010014,0.8513687371010014,0.8663687371010014,0.8463687371010014
852,0.8879609794157627,0.8879609794157627,0.8879609794157627,0.8979609794157627,0.8629609794157627,0.8629609794157627,0.8729609794157627,0.8629609794157627,0.8629609794157627,0.8629609794157627,0.8629609794157627,0.8629609794157627,0.8629609794157627
853,0.836808117292751,0.836808117292751,0.836808117292751,0.836808117292751,0.856808117292751,0.8168081172927509,0.836808117292751,0.836808117292751,0.8068081172927509,0.8268081172927509,0.8268081172927509,0.8268081172927509,0.8268081172927509
854,0.8339364229503897,0.8439364229503897,0.8439364229503897,0.8439364229503897,0.8439364229503897,0.8439364229503897,0.8339364229503897,0.7939364229503897,0.7939364229503897,0.7989364229503897,0.8089364229503897,0.8289364229503897,0.8289364229503897
855,0.8694852667952262,0.8594852667952262,0.8594852667952262,0.8494852667952262,0.8894852667952262,0.8994852667952262,0.8994852667952262,0.9094852667952262,0.9094852667952262,0.9044852667952262,0.9044852667952262,0.8944852667952262,0.8944852667952262
856,0.9126415713238868,0.9126415713238868,0.9126415713238868,0.9126415713238868,0.9126415713238868,0.9126415713238868,0.9226415713238868,0.9226415713238868,0.9326415713238868,0.9126415713238868,0.8926415713238868,0.8826415713238868,0.8726415713238868
857,0.9383532725757678,0.9183532725757678,0.8983532725757678,0.9083532725757678,0.9083532725757678,0.8983532725757678,0.9033532725757678,0.9133532725757678,0.9333532725757678,0.9333532725757678,0.9233532725757678,0.9233532725757678,0.9533532725757679
858,0.9125792397081192,0.8925792397081191,0.9025792397081192,0.9025792397081192,0.9125792397081192,0.9225792397081192,0.9325792397081192,0.9025792397081192,0.9125792397081192,0.9225792397081192,0.9225792397081192,0.9225792397081192,0.9225792397081192
859,0.9582023455528557,0.9582023455528557,0.9582023455528557,0.9582023455528557,0.9582023455528557,0.9582023455528557,0.9582023455528557,0.9482023455528557,0.9482023455528557,0.9482023455528557,0.9482023455528557,0.9482023455528557,0.9582023455528557
860,0.8471609419111117,0.8671609419111117,0.8671609419111117,0.8871609419111117,0.8771609419111117,0.8571609419111117,0.8671609419111117,0.8571609419111117,0.8221609419111117,0.8221609419111117,0.8421609419111117,0.8521609419111117,0.8521609419111117
861,0.8613552374257888,0.8613552374257888,0.8613552374257888,0.8613552374257888,0.8613552374257888,0.8513552374257888,0.8413552374257888,0.8413552374257888,0.8513552374257888,0.8313552374257888,0.8313552374257888,0.8313552374257888,0.8313552374257888
862,0.8864900939943267,0.8864900939943267,0.8964900939943267,0.8864900939943267,0.8864900939943267,0.8864900939943267,0.8864900939943267,0.8764900939943266,0.8864900939943267,0.8864900939943267,0.8664900939943266,0.8664900939943266,0.8464900939943266
863,0.8649917056235586,0.8649917056235586,0.8649917056235586,0.8749917056235587,0.8649917056235586,0.8449917056235586,0.8449917056235586,0.8449917056235586,0.8449917056235586,0.8449917056235586,0.8449917056235586,0.8549917056235586,0.8549917056235586
864,0.8561347131994845,0.8561347131994845,0.8661347131994845,0.8561347131994845,0.8561347131994845,0.8661347131994845,0.8561347131994845,0.8461347131994845,0.8461347131994845,0.8461347131994845,0.8461347131994845,0.8461347131994845,0.8361347131994845
865,0.8441585151252964,0.8441585151252964,0.8441585151252964,0.8441585151252964,0.8241585151252964,0.8341585151252964,0.8241585151252964,0.8241585151252964,0.8241585151252964,0.8141585151252964,0.8241585151252964,0.8491585151252964,0.8491585151252964
866,0.879534946431713,0.879534946431713,0.839534946431713,0.859534946431713,0.8995349464317131,0.859534946431713,0.859534946431713,0.849534946431713,0.839534946431713,0.839534946431713,0.839534946431713,0.844534946431713,0.854534946431713
867,0.8906194114047811,0.8906194114047811,0.8906194114047811,0.9006194114047811,0.9006194114047811,0.9006194114047811,0.9006194114047811,0.8906194114047811,0.8906194114047811,0.9006194114047811,0.8906194114047811,0.8806194114047811,0.8906194114047811
868,0.8625902716335401,0.8625902716335401,0.8525902716335401,0.8525902716335401,0.8525902716335401,0.8725902716335401,0.8725902716335401,0.8425902716335401,0.8425902716335401,0.8425902716335401,0.83259027163354,0.8625902716335401,0.8625902716335401
869,0.9181943780004718,0.9281943780004718,0.9481943780004718,0.9481943780004718,0.9481943780004718,0.9481943780004718,0.9481943780004718,0.9581943780004718,0.9581943780004718,0.9581943780004718,0.9531943780004718,0.9531943780004718,0.9531943780004718
870,0.9052639282809429,0.9152639282809429,0.9152639282809429,0.9152639282809429,0.8952639282809429,0.930263928280943,0.940263928280943,0.940263928280943,0.950263928280943,0.950263928280943,0.950263928280943,0.950263928280943,0.950263928280943
871,0.8807332296026353,0.8607332296026353,0.8607332296026353,0.8607332296026353,0.8407332296026353,0.8407332296026353,0.8407332296026353,0.8407332296026353,0.8507332296026353,0.8657332296026353,0.8557332296026353,0.8557332296026353,0.8557332296026353
872,0.8509761891137363,0.8609761891137363,0.8509761891137363,0.8509761891137363,0.8409761891137363,0.8309761891137363,0.8209761891137363,0.8209761891137363,0.8209761891137363,0.8359761891137363,0.8659761891137363,0.8559761891137363,0.8559761891137363
873,0.864784135273549,0.864784135273549,0.854784135273549,0.844784135273549,0.844784135273549,0.834784135273549,0.834784135273549,0.834784135273549,0.824784135273549,0.824784135273549,0.829784135273549,0.829784135273549,0.839784135273549
874,0.8746110607780987,0.8746110607780987,0.8646110607780987,0.8746110607780987,0.8746110607780987,0.8646110607780987,0.8846110607780987,0.9046110607780987,0.9046110607780987,0.8846110607780987,0.8846110607780987,0.8746110607780987,0.8646110607780987
875,0.8485909724993672,0.8485909724993672,0.8485909724993672,0.8485909724993672,0.8485909724993672,0.8485909724993672,0.8585909724993672,0.8585909724993672,0.8585909724993672,0.8585909724993672,0.8585909724993672,0.8585909724993672,0.8485909724993672
876,0.8622946729423624,0.8822946729423624,0.8722946729423624,0.8522946729423624,0.8522946729423624,0.8422946729423624,0.8422946729423624,0.8422946729423624,0.8322946729423624,0.8322946729423624,0.8322946729423624,0.8422946729423624,0.8422946729423624
877,0.8608948343012344,0.8508948343012344,0.8508948343012344,0.8508948343012344,0.8508948343012344,0.8408948343012344,0.8508948343012344,0.8508948343012344,0.8408948343012344,0.8508948343012344,0.8408948343012344,0.8208948343012343,0.8208948343012343
878,0.851562275579635,0.841562275579635,0.841562275579635,0.841562275579635,0.861562275579635,0.851562275579635,0.8815622755796351,0.8815622755796351,0.861562275579635,0.8815622755796351,0.8915622755796351,0.8865622755796351,0.8865622755796351
879,0.8938178572580687,0.8938178572580687,0.9038178572580687,0.8838178572580687,0.8938178572580687,0.8638178572580687,0.8788178572580687,0.8688178572580687,0.8688178572580687,0.8888178572580687,0.8888178572580687,0.8988178572580687,0.9188178572580687
880,0.8659496553369841,0.8559496553369841,0.8659496553369841,0.8759496553369841,0.9059496553369841,0.8959496553369841,0.8959496553369841,0.8959496553369841,0.8859496553369841,0.9059496553369841,0.9059496553369841,0.9059496553369841,0.8959496553369841
881,0.8522677766100655,0.8422677766100655,0.8322677766100655,0.8122677766100654,0.8322677766100655,0.8322677766100655,0.8122677766100654,0.8122677766100654,0.8122677766100654,0.8222677766100654,0.8122677766100654,0.8222677766100654,0.8222677766100654
882,0.8600515409855276,0.8600515409855276,0.8500515409855276,0.8500515409855276,0.8400515409855276,0.8200515409855276,0.8200515409855276,0.8250515409855276,0.8350515409855276,0.8350515409855276,0.8350515409855276,0.8450515409855276,0.8450515409855276
883,0.863544960097405,0.863544960097405,0.863544960097405,0.863544960097405,0.853544960097405,0.883544960097405,0.883544960097405,0.893544960097405,0.878544960097405,0.878544960097405,0.878544960097405,0.878544960097405,0.868544960097405
884,0.8824924526240038,0.8824924526240038,0.8824924526240038,0.8824924526240038,0.8724924526240038,0.8724924526240038,0.8824924526240038,0.8824924526240038,0.8624924526240038,0.8724924526240038,0.8824924526240038,0.8624924526240038,0.8524924526240037
885,0.8529749865965754,0.8529749865965754,0.8429749865965754,0.8529749865965754,0.8429749865965754,0.8429749865965754,0.8529749865965754,0.8529749865965754,0.8329749865965754,0.8329749865965754,0.8129749865965754,0.8129749865965754,0.8229749865965754
886,0.8500511373583725,0.8600511373583725,0.8900511373583725,0.8800511373583725,0.8800511373583725,0.8650511373583725,0.8450511373583725,0.8350511373583724,0.8350511373583724,0.8150511373583724,0.8250511373583724,0.8150511373583724,0.8450511373583725
887,0.8770597928215824,0.8570597928215824,0.8570597928215824,0.8570597928215824,0.8570597928215824,0.8670597928215824,0.8670597928215824,0.8670597928215824,0.8770597928215824,0.8570597928215824,0.8570597928215824,0.8570597928215824,0.8570597928215824
888,0.8101424545228045,0.7901424545228045,0.7901424545228045,0.7901424545228045,0.8001424545228045,0.7901424545228045,0.8001424545228045,0.8001424545228045,0.8001424545228045,0.7901424545228045,0.7901424545228045,0.7901424545228045,0.7901424545228045
889,0.881198926134532,0.891198926134532,0.891198926134532,0.881198926134532,0.881198926134532,0.881198926134532,0.871198926134532,0.891198926134532,0.911198926134532,0.911198926134532,0.901198926134532,0.876198926134532,0.846198926134532
890,0.8590299786705077,0.8590299786705077,0.8690299786705077,0.8490299786705077,0.8690299786705077,0.8590299786705077,0.8590299786705077,0.8590299786705077,0.8590299786705077,0.8490299786705077,0.8590299786705077,0.8590299786705077,0.8590299786705077
891,0.9420021620384589,0.9320021620384589,0.9220021620384589,0.9220021620384589,0.9420021620384589,0.9520021620384589,0.9620021620384589,0.9420021620384589,0.9420021620384589,0.9220021620384589,0.9120021620384589,0.9220021620384589,0.9220021620384589
892,0.8539868208342791,0.8539868208342791,0.8539868208342791,0.8439868208342791,0.8339868208342791,0.8139868208342791,0.8189868208342791,0.8289868208342791,0.8489868208342791,0.8589868208342791,0.8889868208342792,0.8889868208342792,0.8589868208342791
893,0.9085355135389336,0.9185355135389336,0.9085355135389336,0.9085355135389336,0.8985355135389336,0.8785355135389336,0.8785355135389336,0.8985355135389336,0.8985355135389336,0.8685355135389335,0.8685355135389335,0.8885355135389336,0.8885355135389336
894,0.8556700656162369,0.8356700656162369,0.8356700656162369,0.8156700656162369,0.8156700656162369,0.8356700656162369,0.8356700656162369,0.8256700656162369,0.8356700656162369,0.8356700656162369,0.8606700656162369,0.8606700656162369,0.8706700656162369
895,0.8563175365102493,0.8563175365102493,0.8363175365102493,0.8363175365102493,0.8263175365102493,0.8413175365102493,0.8413175365102493,0.8513175365102493,0.8513175365102493,0.8413175365102493,0.8313175365102493,0.8313175365102493,0.8313175365102493
896,0.8896366436703382,0.8896366436703382,0.8896366436703382,0.8896366436703382,0.8896366436703382,0.8796366436703382,0.8896366436703382,0.8996366436703382,0.9096366436703383,0.8896366436703382,0.8696366436703382,0.8496366436703382,0.8546366436703382
897,0.8417451131426528,0.8717451131426528,0.8717451131426528,0.8567451131426528,0.8367451131426528,0.8167451131426527,0.8167451131426527,0.8167451131426527,0.8167451131426527,0.8167451131426527,0.8167451131426527,0.7967451131426527,0.7967451131426527
898,0.8727106165730855,0.8927106165730855,0.8927106165730855,0.9127106165730855,0.9027106165730855,0.9027106165730855,0.9027106165730855,0.9127106165730855,0.9127106165730855,0.9127106165730855,0.9127106165730855,0.9127106165730855,0.9027106165730855
899,0.8784033888049332,0.9084033888049332,0.9184033888049332,0.9184033888049332,0.9134033888049332,0.9034033888049332,0.9034033888049332,0.9134033888049332,0.9134033888049332,0.9134033888049332,0.9034033888049332,0.9034033888049332,0.9134033888049332
900,0.9297130162354907,0.9297130162354907,0.9297130162354907,0.9397130162354908,0.9397130162354908,0.9397130162354908,0.9497130162354908,0.9497130162354908,0.9497130162354908,0.9397130162354908,0.9297130162354907,0.9297130162354907,0.9297130162354907
901,0.8509942009218123,0.8509942009218123,0.8509942009218123,0.8709942009218123,0.8709942009218123,0.8709942009218123,0.8709942009218123,0.8909942009218124,0.8909942009218124,0.8909942009218124,0.8709942009218123,0.8909942009218124,0.8909942009218124
902,0.874070624097827,0.904070624097827,0.884070624097827,0.874070624097827,0.874070624097827,0.874070624097827,0.884070624097827,0.874070624097827,0.874070624097827,0.884070624097827,0.894070624097827,0.874070624097827,0.874070624097827
903,0.8260713515147998,0.8260713515147998,0.8260713515147998,0.8160713515147998,0.8160713515147998,0.8160713515147998,0.8160713515147998,0.8460713515147998,0.8360713515147998,0.8360713515147998,0.8160713515147998,0.8160713515147998,0.8160713515147998
904,0.8762035986795108,0.8562035986795108,0.8662035986795108,0.8662035986795108,0.8662035986795108,0.8762035986795108,0.8662035986795108,0.8962035986795108,0.8962035986795108,0.8762035986795108,0.8762035986795108,0.8762035986795108,0.8362035986795108
905,0.90778684688058,0.90778684688058,0.90778684688058,0.90778684688058,0.90778684688058,0.91778684688058,0.91778684688058,0.91778684688058,0.89778684688058,0.89778684688058,0.89778684688058,0.89778684688058,0.89778684688058
906,0.8702157839815423,0.8702157839815423,0.8702157839815423,0.8702157839815423,0.8602157839815423,0.8702157839815423,0.8702157839815423,0.8602157839815423,0.8502157839815423,0.8502157839815423,0.8502157839815423,0.8402157839815423,0.8602157839815423
907,0.8741667373018549,0.8841667373018549,0.8641667373018549,0.8741667373018549,0.8741667373018549,0.8741667373018549,0.8641667373018549,0.8541667373018549,0.8791667373018549,0.8791667373018549,0.8791667373018549,0.8891667373018549,0.8791667373018549
908,0.8751580801910629,0.8651580801910629,0.8651580801910629,0.9051580801910629,0.9051580801910629,0.9051580801910629,0.8901580801910629,0.8801580801910629,0.8501580801910629,0.8601580801910629,0.8601580801910629,0.8501580801910629,0.8501580801910629
909,0.9013095227558743,0.9213095227558743,0.9013095227558743,0.9113095227558743,0.9213095227558743,0.9213095227558743,0.9213095227558743,0.9113095227558743,0.9113095227558743,0.9113095227558743,0.8913095227558743,0.9113095227558743,0.9313095227558743
910,0.853986971465298,0.873986971465298,0.873986971465298,0.883986971465298,0.883986971465298,0.893986971465298,0.888986971465298,0.888986971465298,0.888986971465298,0.888986971465298,0.888986971465298,0.888986971465298,0.858986971465298
911,0.8531630640762412,0.8631630640762412,0.8631630640762412,0.8631630640762412,0.8731630640762412,0.8731630640762412,0.8931630640762412,0.8631630640762412,0.8731630640762412,0.8731630640762412,0.8731630640762412,0.8481630640762412,0.8481630640762412
912,0.8621346275554906,0.8421346275554906,0.8521346275554906,0.8621346275554906,0.8821346275554907,0.8721346275554906,0.8421346275554906,0.8421346275554906,0.8521346275554906,0.8621346275554906,0.8621346275554906,0.8521346275554906,0.8521346275554906
913,0.9187664057926038,0.9187664057926038,0.9187664057926038,0.9187664057926038,0.9287664057926038,0.9287664057926038,0.9287664057926038,0.9287664057926038,0.9487664057926039,0.9387664057926038,0.9387664057926038,0.9387664057926038,0.9387664057926038
914,0.9026901898793855,0.8826901898793855,0.8626901898793855,0.8626901898793855,0.8676901898793855,0.8776901898793855,0.8776901898793855,0.8976901898793855,0.8976901898793855,0.8976901898793855,0.8976901898793855,0.8976901898793855,0.8976901898793855
915,0.934153843333592,0.924153843333592,0.924153843333592,0.944153843333592,0.944153843333592,0.944153843333592,0.944153843333592,0.954153843333592,0.954153843333592,0.954153843333592,0.944153843333592,0.964153843333592,0.964153843333592
916,0.8869136598379416,0.8769136598379416,0.8569136598379415,0.8569136598379415,0.8569136598379415,0.8669136598379416,0.8669136598379416,0.8669136598379416,0.8669136598379416,0.8919136598379416,0.8819136598379416,0.9119136598379416,0.9119136598379416
917,0.8746952424924616,0.8846952424924616,0.8846952424924616,0.8846952424924616,0.8546952424924615,0.8546952424924615,0.8346952424924615,0.8346952424924615,0.8396952424924615,0.8296952424924615,0.8296952424924615,0.8396952424924615,0.8496952424924615
918,0.8586895404875071,0.8786895404875071,0.8786895404875071,0.8686895404875071,0.8586895404875071,0.8586895404875071,0.8486895404875071,0.8486895404875071,0.8586895404875071,0.8886895404875071,0.8986895404875072,0.8986895404875072,0.8886895404875071
919,0.8703843231204516,0.8803843231204516,0.8803843231204516,0.8603843231204515,0.8603843231204515,0.8703843231204516,0.8703843231204516,0.8703843231204516,0.8603843231204515,0.8603843231204515,0.8603843231204515,0.8703843231204516,0.8403843231204515
920,0.8763597735275327,0.8763597735275327,0.8763597735275327,0.8863597735275327,0.8763597735275327,0.8763597735275327,0.8763597735275327,0.8763597735275327,0.8863597735275327,0.9063597735275327,0.8913597735275327,0.8913597735275327,0.8913597735275327
921,0.8162351275591001,0.8162351275591001,0.8162351275591001,0.7862351275591001,0.7762351275591001,0.7862351275591001,0.7962351275591001,0.7862351275591001,0.7862351275591001,0.7862351275591001,0.7862351275591001,0.7862351275591001,0.7962351275591001
922,0.8579424471684264,0.8479424471684264,0.8479424471684264,0.8379424471684264,0.8379424471684264,0.8479424471684264,0.8379424471684264,0.8379424471684264,0.8279424471684264,0.8179424471684263,0.8179424471684263,0.8179424471684263,0.8179424471684263
923,0.8472424271240786,0.8472424271240786,0.8472424271240786,0.8372424271240786,0.8172424271240786,0.8272424271240786,0.8272424271240786,0.8372424271240786,0.8472424271240786,0.8472424271240786,0.8472424271240786,0.8572424271240786,0.8572424271240786
924,0.8554337461384947,0.8554337461384947,0.8654337461384947,0.8654337461384947,0.8454337461384946,0.8554337461384947,0.8754337461384947,0.8554337461384947,0.8554337461384947,0.8454337461384946,0.8654337461384947,0.8754337461384947,0.8654337461384947
925,0.9172436832575273,0.9272436832575273,0.9272436832575273,0.9272436832575273,0.9272436832575273,0.9372436832575273,0.9272436832575273,0.9172436832575273,0.9072436832575272,0.9072436832575272,0.9072436832575272,0.9172436832575273,0.9072436832575272
926,0.9031899084380038,0.8931899084380038,0.9131899084380039,0.9231899084380039,0.9031899084380038,0.8931899084380038,0.9031899084380038,0.9031899084380038,0.9031899084380038,0.9031899084380038,0.9031899084380038,0.9031899084380038,0.8931899084380038
927,0.9284569518580662,0.9284569518580662,0.9284569518580662,0.9284569518580662,0.9384569518580662,0.9384569518580662,0.9284569518580662,0.9284569518580662,0.9184569518580662,0.9484569518580662,0.9284569518580662,0.9284569518580662,0.9384569518580662
928,0.8994581937748996,0.8994581937748996,0.8994581937748996,0.8994581937748996,0.8994581937748996,0.8994581937748996,0.8994581937748996,0.8894581937748995,0.8894581937748995,0.8894581937748995,0.8994581937748996,0.9094581937748996,0.8894581937748995
929,0.904395378565195,0.884395378565195,0.884395378565195,0.909395378565195,0.909395378565195,0.909395378565195,0.919395378565195,0.929395378565195,0.919395378565195,0.919395378565195,0.909395378565195,0.909395378565195,0.889395378565195
930,0.8481406569665333,0.8281406569665333,0.8281406569665333,0.8081406569665333,0.8081406569665333,0.8081406569665333,0.8181406569665333,0.8381406569665333,0.8381406569665333,0.8381406569665333,0.8281406569665333,0.8081406569665333,0.8381406569665333
931,0.9136773854948887,0.9136773854948887,0.9036773854948887,0.9036773854948887,0.8836773854948887,0.8986773854948887,0.8786773854948887,0.8886773854948887,0.8786773854948887,0.8786773854948887,0.8886773854948887,0.8986773854948887,0.9086773854948887
932,0.8753964869780063,0.8753964869780063,0.8953964869780063,0.9153964869780064,0.9053964869780063,0.9053964869780063,0.8853964869780063,0.8853964869780063,0.8753964869780063,0.8853964869780063,0.8753964869780063,0.8853964869780063,0.8853964869780063
933,0.8858350433703455,0.8858350433703455,0.8758350433703455,0.8858350433703455,0.8858350433703455,0.8758350433703455,0.8958350433703455,0.9258350433703455,0.9158350433703455,0.9158350433703455,0.8958350433703455,0.9258350433703455,0.9258350433703455
934,0.8408193012966307,0.8808193012966308,0.8758193012966308,0.8658193012966308,0.8458193012966307,0.8858193012966308,0.8858193012966308,0.8758193012966308,0.8758193012966308,0.8658193012966308,0.8558193012966308,0.8558193012966308,0.8658193012966308
935,0.8581351347149839,0.8581351347149839,0.8481351347149839,0.878135134714984,0.8681351347149839,0.8681351347149839,0.8681351347149839,0.8681351347149839,0.888135134714984,0.888135134714984,0.878135134714984,0.878135134714984,0.878135134714984
936,0.8125236921626009,0.8225236921626009,0.8025236921626009,0.8225236921626009,0.8225236921626009,0.8325236921626009,0.8125236921626009,0.7925236921626009,0.8125236921626009,0.8125236921626009,0.8225236921626009,0.7925236921626009,0.8025236921626009
937,0.8601845483980765,0.8701845483980765,0.8701845483980765,0.8801845483980765,0.8901845483980765,0.8901845483980765,0.8751845483980765,0.8751845483980765,0.8751845483980765,0.8851845483980765,0.8951845483980765,0.8851845483980765,0.8851845483980765
938,0.8843781660417948,0.8743781660417947,0.8843781660417948,0.8843781660417948,0.8843781660417948,0.9043781660417948,0.9143781660417948,0.8843781660417948,0.8843781660417948,0.8943781660417948,0.8843781660417948,0.8843781660417948,0.8843781660417948
939,0.8151434998854006,0.7951434998854006,0.8151434998854006,0.8151434998854006,0.7951434998854006,0.7851434998854006,0.8051434998854006,0.8251434998854006,0.8251434998854006,0.8151434998854006,0.7751434998854005,0.7851434998854006,0.7751434998854005
940,0.9011468239860547,0.9111468239860547,0.9111468239860547,0.9211468239860547,0.9211468239860547,0.9211468239860547,0.9211468239860547,0.9211468239860547,0.9111468239860547,0.9111468239860547,0.9111468239860547,0.8911468239860547,0.8911468239860547
941,0.910013187474671,0.910013187474671,0.910013187474671,0.910013187474671,0.920013187474671,0.910013187474671,0.910013187474671,0.920013187474671,0.910013187474671,0.890013187474671,0.8800131874746709,0.8800131874746709,0.895013187474671
942,0.8898789163862034,0.8898789163862034,0.8998789163862034,0.8998789163862034,0.8998789163862034,0.9098789163862034,0.9098789163862034,0.8998789163862034,0.9198789163862034,0.9198789163862034,0.9098789163862034,0.9098789163862034,0.8898789163862034
943,0.9238436243413152,0.9238436243413152,0.9238436243413152,0.9338436243413152,0.9338436243413152,0.9338436243413152,0.9238436243413152,0.9238436243413152,0.9138436243413152,0.9138436243413152,0.9238436243413152,0.9238436243413152,0.9338436243413152
944,0.8378011112602463,0.8378011112602463,0.8378011112602463,0.8378011112602463,0.8278011112602462,0.8078011112602462,0.8078011112602462,0.8078011112602462,0.8078011112602462,0.8178011112602462,0.8178011112602462,0.8078011112602462,0.7978011112602462
945,0.8428539187218428,0.8428539187218428,0.8328539187218428,0.8528539187218428,0.8528539187218428,0.8628539187218428,0.8728539187218428,0.8578539187218428,0.8578539187218428,0.8678539187218428,0.8678539187218428,0.8578539187218428,0.8578539187218428
946,0.833856822561037,0.813856822561037,0.803856822561037,0.818856822561037,0.818856822561037,0.848856822561037,0.848856822561037,0.848856822561037,0.838856822561037,0.838856822561037,0.828856822561037,0.828856822561037,0.818856822561037
947,0.8927802139406736,0.8927802139406736,0.8827802139406736,0.8527802139406736,0.8627802139406736,0.8727802139406736,0.8527802139406736,0.8527802139406736,0.8627802139406736,0.8827802139406736,0.8827802139406736,0.8727802139406736,0.8627802139406736
948,0.8380879625825008,0.8380879625825008,0.8380879625825008,0.8280879625825008,0.8280879625825008,0.8080879625825008,0.8230879625825008,0.8130879625825008,0.8130879625825008,0.8130879625825008,0.8230879625825008,0.8230879625825008,0.8230879625825008
949,0.9329048021362666,0.9329048021362666,0.9529048021362666,0.9529048021362666,0.9629048021362666,0.9629048021362666,0.9629048021362666,0.9629048021362666,0.9729048021362666,0.9729048021362666,0.9629048021362666,0.9529048021362666,0.9529048021362666
950,0.8435761441484031,0.8635761441484031,0.8735761441484031,0.8835761441484031,0.8835761441484031,0.8835761441484031,0.8835761441484031,0.8735761441484031,0.8835761441484031,0.8785761441484031,0.8785761441484031,0.8685761441484031,0.8685761441484031
951,0.8871678785913287,0.8871678785913287,0.8871678785913287,0.8671678785913287,0.8571678785913287,0.8571678785913287,0.8671678785913287,0.8671678785913287,0.8671678785913287,0.8671678785913287,0.8571678785913287,0.8471678785913287,0.8671678785913287
952,0.8952551889485091,0.9052551889485091,0.9052551889485091,0.9052551889485091,0.9052551889485091,0.9052551889485091,0.9252551889485091,0.9252551889485091,0.9152551889485091,0.9152551889485091,0.9052551889485091,0.9052551889485091,0.9152551889485091
953,0.8805110890979219,0.8705110890979219,0.8605110890979218,0.8605110890979218,0.8405110890979218,0.8455110890979218,0.8555110890979218,0.8655110890979218,0.8655110890979218,0.8655110890979218,0.8755110890979219,0.8855110890979219,0.8855110890979219
954,0.847887001581258,0.837887001581258,0.837887001581258,0.847887001581258,0.857887001581258,0.857887001581258,0.857887001581258,0.857887001581258,0.857887001581258,0.857887001581258,0.847887001581258,0.837887001581258,0.8078870015812579
955,0.8862165254181588,0.8862165254181588,0.8762165254181588,0.8762165254181588,0.8762165254181588,0.8762165254181588,0.8862165254181588,0.8862165254181588,0.8962165254181588,0.8962165254181588,0.9062165254181588,0.9062165254181588,0.9062165254181588
956,0.8524300144202084,0.8424300144202084,0.8424300144202084,0.8224300144202084,0.8124300144202083,0.8124300144202083,0.8174300144202084,0.8274300144202084,0.8374300144202084,0.8674300144202084,0.8474300144202084,0.8474300144202084,0.8474300144202084
957,0.9202221419371931,0.9402221419371931,0.9402221419371931,0.9202221419371931,0.9202221419371931,0.9402221419371931,0.9302221419371931,0.9202221419371931,0.9002221419371931,0.9202221419371931,0.9202221419371931,0.9202221419371931,0.9202221419371931
958,0.8734233184506288,0.8734233184506288,0.8934233184506288,0.9034233184506288,0.9034233184506288,0.8884233184506288,0.8884233184506288,0.8884233184506288,0.9084233184506288,0.8884233184506288,0.8884233184506288,0.9084233184506288,0.8984233184506288
959,0.8936825915732586,0.8936825915732586,0.8636825915732586,0.8636825915732586,0.8536825915732585,0.8836825915732586,0.8836825915732586,0.8536825915732585,0.8536825915732585,0.8636825915732586,0.8836825915732586,0.8936825915732586,0.8936825915732586
960,0.8933267950745064,0.8933267950745064,0.8733267950745064,0.8633267950745064,0.8533267950745064,0.8583267950745064,0.8583267950745064,0.8683267950745064,0.8583267950745064,0.8683267950745064,0.8683267950745064,0.8883267950745064,0.8983267950745064
961,0.9042422051052702,0.8942422051052702,0.8742422051052702,0.8842422051052702,0.8842422051052702,0.8942422051052702,0.8942422051052702,0.8842422051052702,0.8842422051052702,0.9142422051052702,0.8942422051052702,0.8742422051052702,0.8742422051052702
962,0.9038951620452282,0.9138951620452282,0.9138951620452282,0.9038951620452282,0.8938951620452282,0.8938951620452282,0.8638951620452282,0.8688951620452282,0.8688951620452282,0.8888951620452282,0.8988951620452282,0.8988951620452282,0.9088951620452282
963,0.9141831849934376,0.9441831849934377,0.9541831849934377,0.9491831849934377,0.9391831849934377,0.9391831849934377,0.9491831849934377,0.9491831849934377,0.9491831849934377,0.9491831849934377,0.9391831849934377,0.9491831849934377,0.9391831849934377
964,0.8672119418515006,0.8672119418515006,0.8672119418515006,0.8672119418515006,0.8572119418515006,0.8472119418515006,0.8372119418515006,0.8572119418515006,0.8772119418515006,0.8872119418515007,0.8872119418515007,0.8872119418515007,0.8972119418515007
965,0.8220071222047298,0.8120071222047298,0.8220071222047298,0.8120071222047298,0.8120071222047298,0.8120071222047298,0.8220071222047298,0.8220071222047298,0.8220071222047298,0.8120071222047298,0.8220071222047298,0.8020071222047298,0.8020071222047298
966,0.8529174690581542,0.8429174690581542,0.8429174690581542,0.8429174690581542,0.8629174690581543,0.8429174690581542,0.8129174690581542,0.8129174690581542,0.8179174690581542,0.8379174690581542,0.8479174690581542,0.8479174690581542,0.8379174690581542
967,0.8437122808665736,0.8537122808665736,0.8437122808665736,0.8437122808665736,0.8437122808665736,0.8537122808665736,0.8537122808665736,0.8537122808665736,0.8537122808665736,0.8637122808665736,0.8537122808665736,0.8537122808665736,0.8637122808665736
968,0.8392403746019618,0.8192403746019618,0.8292403746019618,0.8192403746019618,0.8192403746019618,0.8092403746019617,0.8092403746019617,0.8192403746019618,0.7992403746019617,0.7992403746019617,0.7992403746019617,0.7992403746019617,0.8042403746019617
969,0.8451397073852853,0.8451397073852853,0.8551397073852853,0.8651397073852853,0.8651397073852853,0.8651397073852853,0.8651397073852853,0.8451397073852853,0.8551397073852853,0.8551397073852853,0.8551397073852853,0.8651397073852853,0.8651397073852853
970,0.8824528715146251,0.8824528715146251,0.8724528715146251,0.8724528715146251,0.8624528715146251,0.8524528715146251,0.8524528715146251,0.8524528715146251,0.8424528715146251,0.8524528715146251,0.8674528715146251,0.8674528715146251,0.8474528715146251
971,0.7981407103834077,0.8081407103834077,0.8081407103834077,0.8181407103834077,0.7931407103834077,0.7831407103834077,0.7831407103834077,0.7831407103834077,0.7931407103834077,0.7931407103834077,0.8031407103834077,0.8331407103834078,0.8331407103834078
972,0.8886017944817763,0.8886017944817763,0.8786017944817763,0.8786017944817763,0.8886017944817763,0.8886017944817763,0.8986017944817764,0.8886017944817763,0.8886017944817763,0.8886017944817763,0.9186017944817764,0.9186017944817764,0.9086017944817764
973,0.8456524743742435,0.8356524743742435,0.8256524743742435,0.8256524743742435,0.8256524743742435,0.8356524743742435,0.8156524743742435,0.8306524743742435,0.8206524743742435,0.8206524743742435,0.8406524743742435,0.8606524743742435,0.8806524743742435
974,0.8626246118900196,0.8726246118900196,0.8826246118900196,0.8826246118900196,0.8826246118900196,0.8726246118900196,0.8626246118900196,0.8626246118900196,0.8526246118900196,0.8426246118900196,0.8526246118900196,0.8526246118900196,0.8626246118900196
975,0.9052316327634953,0.9252316327634953,0.9252316327634953,0.9252316327634953,0.9352316327634953,0.9352316327634953,0.9152316327634953,0.9252316327634953,0.9252316327634953,0.9152316327634953,0.9252316327634953,0.9152316327634953,0.9152316327634953
976,0.8744395058617739,0.8644395058617739,0.8644395058617739,0.8644395058617739,0.8644395058617739,0.8444395058617739,0.8744395058617739,0.8944395058617739,0.9144395058617739,0.9044395058617739,0.8944395058617739,0.8944395058617739,0.8844395058617739
977,0.8625780374717903,0.8625780374717903,0.8525780374717903,0.8425780374717903,0.8425780374717903,0.8425780374717903,0.8225780374717903,0.8225780374717903,0.8225780374717903,0.8525780374717903,0.8425780374717903,0.8425780374717903,0.8525780374717903
978,0.8948632177909595,0.8948632177909595,0.9148632177909595,0.9148632177909595,0.9148632177909595,0.8948632177909595,0.8848632177909594,0.8848632177909594,0.8748632177909594,0.8648632177909594,0.8548632177909594,0.8748632177909594,0.8748632177909594
979,0.8640361310587398,0.8540361310587398,0.8640361310587398,0.8640361310587398,0.8840361310587398,0.8740361310587398,0.8840361310587398,0.8840361310587398,0.8840361310587398,0.8940361310587398,0.8740361310587398,0.8740361310587398,0.8640361310587398
980,0.8645153069855112,0.8645153069855112,0.8245153069855111,0.8345153069855111,0.8345153069855111,0.8445153069855111,0.8445153069855111,0.8445153069855111,0.8545153069855111,0.8645153069855112,0.8645153069855112,0.8745153069855112,0.8645153069855112
981,0.8105464183973154,0.8105464183973154,0.8205464183973155,0.8205464183973155,0.8205464183973155,0.8205464183973155,0.8405464183973155,0.8255464183973155,0.8255464183973155,0.8255464183973155,0.8255464183973155,0.8255464183973155,0.8255464183973155
982,0.8451943560812538,0.8251943560812538,0.8251943560812538,0.8451943560812538,0.8451943560812538,0.8251943560812538,0.8251943560812538,0.8251943560812538,0.8251943560812538,0.8451943560812538,0.8251943560812538,0.8351943560812538,0.8451943560812538
983,0.9032648239943286,0.9032648239943286,0.8932648239943286,0.8932648239943286,0.8932648239943286,0.9032648239943286,0.8932648239943286,0.8832648239943286,0.8832648239943286,0.8632648239943286,0.8632648239943286,0.8682648239943286,0.8782648239943286
984,0.9021971914603248,0.9021971914603248,0.9021971914603248,0.9021971914603248,0.9021971914603248,0.9221971914603249,0.9221971914603249,0.9121971914603249,0.9121971914603249,0.9121971914603249,0.9321971914603249,0.9021971914603248,0.9021971914603248
985,0.9143741507074086,0.9143741507074086,0.9143741507074086,0.9143741507074086,0.9243741507074086,0.9443741507074086,0.9043741507074086,0.8943741507074086,0.8943741507074086,0.8843741507074085,0.8743741507074085,0.8743741507074085,0.8743741507074085
986,0.8770463122911322,0.8670463122911322,0.8770463122911322,0.8970463122911322,0.8770463122911322,0.8770463122911322,0.8870463122911322,0.8870463122911322,0.8670463122911322,0.8570463122911322,0.8470463122911321,0.8470463122911321,0.8570463122911322
987,0.8518514585214095,0.8618514585214095,0.8518514585214095,0.8518514585214095,0.8418514585214095,0.8418514585214095,0.8718514585214096,0.8618514585214095,0.8718514585214096,0.8718514585214096,0.8718514585214096,0.8518514585214095,0.8418514585214095
988,0.8477735359407685,0.8377735359407685,0.8377735359407685,0.8477735359407685,0.8677735359407686,0.8677735359407686,0.8577735359407686,0.8377735359407685,0.8477735359407685,0.8477735359407685,0.8477735359407685,0.8477735359407685,0.8477735359407685
989,0.9230325381261966,0.9230325381261966,0.9030325381261965,0.8930325381261965,0.9030325381261965,0.9030325381261965,0.9130325381261966,0.9130325381261966,0.9230325381261966,0.9230325381261966,0.9230325381261966,0.9030325381261965,0.8930325381261965
990,0.896338584505624,0.896338584505624,0.896338584505624,0.906338584505624,0.886338584505624,0.886338584505624,0.886338584505624,0.906338584505624,0.916338584505624,0.936338584505624,0.936338584505624,0.936338584505624,0.936338584505624
991,0.8734120853398498,0.8734120853398498,0.8734120853398498,0.8734120853398498,0.8734120853398498,0.8634120853398498,0.8634120853398498,0.8634120853398498,0.8634120853398498,0.8634120853398498,0.8534120853398498,0.8434120853398498,0.8434120853398498
992,0.9092086164577026,0.8992086164577026,0.8992086164577026,0.8892086164577025,0.8892086164577025,0.8792086164577025,0.8792086164577025,0.8692086164577025,0.8692086164577025,0.8742086164577025,0.8742086164577025,0.8742086164577025,0.8742086164577025
993,0.9132962986978868,0.9132962986978868,0.9132962986978868,0.8832962986978867,0.8832962986978867,0.9032962986978867,0.9032962986978867,0.9232962986978868,0.9232962986978868,0.9232962986978868,0.9532962986978868,0.9432962986978868,0.9432962986978868
994,0.8550930925094041,0.8550930925094041,0.8750930925094041,0.8500930925094041,0.8600930925094041,0.8600930925094041,0.8700930925094041,0.8700930925094041,0.8700930925094041,0.8800930925094042,0.9000930925094042,0.8900930925094042,0.8900930925094042
995,0.8352073816409243,0.8352073816409243,0.8252073816409243,0.8552073816409244,0.8652073816409244,0.8752073816409244,0.8652073816409244,0.8652073816409244,0.8652073816409244,0.8552073816409244,0.8552073816409244,0.8452073816409243,0.8552073816409244
996,0.909340003411763,0.909340003411763,0.899340003411763,0.899340003411763,0.899340003411763,0.889340003411763,0.899340003411763,0.899340003411763,0.899340003411763,0.889340003411763,0.879340003411763,0.879340003411763,0.889340003411763
997,0.8500571488564579,0.8400571488564579,0.8300571488564579,0.8300571488564579,0.8300571488564579,0.8300571488564579,0.8300571488564579,0.8550571488564579,0.8550571488564579,0.8450571488564579,0.8450571488564579,0.8350571488564579,0.8450571488564579
998,0.8452223227616706,0.8352223227616706,0.8052223227616706,0.8152223227616706,0.8152223227616706,0.8052223227616706,0.8052223227616706,0.8102223227616706,0.8202223227616706,0.8302223227616706,0.8302223227616706,0.8202223227616706,0.8402223227616706
999,0.8531427407915713,0.8631427407915713,0.8431427407915713,0.8531427407915713,0.8731427407915713,0.8531427407915713,0.8631427407915713,0.8831427407915713,0.8831427407915713,0.8831427407915713,0.8831427407915713,0.8831427407915713,0.8681427407915713
