Time Step,Simulation,0,2,4,6,8,10,12,14,16,18,20,22
0,0.9830088570263663,0.9830088570263663,0.9830088570263663,0.9830088570263663,0.9730088570263663,1.0,1.0,0.98,0.97,0.96,0.95,0.95,0.95
1,0.962051443813,0.962051443813,0.982051443813,0.992051443813,0.992051443813,1.0,0.99,0.975,0.975,0.975,0.955,0.955,0.965
2,0.9935209344398757,0.9935209344398757,1.0,1.0,0.98,0.96,0.96,0.96,0.97,0.95,0.955,0.955,0.975
3,1.0,1.0,1.0,1.0,0.99,0.97,0.95,0.96,0.96,0.96,0.94,0.945,0.945
4,0.965647000023788,0.965647000023788,0.995647000023788,0.975647000023788,0.975647000023788,0.975647000023788,0.975647000023788,0.965647000023788,0.975647000023788,0.985647000023788,0.995647000023788,0.975647000023788,0.975647000023788
5,0.9808347145789141,0.9808347145789141,0.9908347145789141,0.9908347145789141,0.9908347145789141,1.0,1.0,0.98,0.98,0.98,0.96,0.94,0.955
6,0.9543628090870874,0.9543628090870874,0.9543628090870874,0.9543628090870874,0.9543628090870874,0.9443628090870874,0.9443628090870874,0.9443628090870874,0.9543628090870874,0.9443628090870874,0.9643628090870874,0.9743628090870874,0.9943628090870874
7,0.913592429011642,0.913592429011642,0.933592429011642,0.943592429011642,0.943592429011642,0.933592429011642,0.943592429011642,0.933592429011642,0.933592429011642,0.933592429011642,0.923592429011642,0.933592429011642,0.923592429011642
8,0.953868057542746,0.963868057542746,0.963868057542746,0.953868057542746,0.973868057542746,0.983868057542746,0.953868057542746,0.9338680575427459,0.953868057542746,0.953868057542746,0.953868057542746,0.9438680575427459,0.9438680575427459
9,1.0,1.0,1.0,0.98,0.97,0.98,0.98,0.99,0.98,0.96,0.96,0.96,0.96
10,0.8405338146493747,0.8305338146493747,0.8305338146493747,0.8505338146493747,0.8405338146493747,0.8405338146493747,0.8105338146493747,0.8105338146493747,0.8105338146493747,0.8255338146493747,0.8455338146493747,0.8455338146493747,0.8455338146493747
11,0.8965184698726394,0.9065184698726394,0.9065184698726394,0.9065184698726394,0.8965184698726394,0.8865184698726394,0.8965184698726394,0.9065184698726394,0.9065184698726394,0.8965184698726394,0.9265184698726394,0.9065184698726394,0.9265184698726394
12,0.9626958505091614,0.9626958505091614,0.9726958505091614,0.9726958505091614,0.9726958505091614,0.9726958505091614,0.9726958505091614,0.9726958505091614,0.9826958505091614,0.9926958505091614,0.9776958505091614,0.9876958505091614,0.9876958505091614
13,0.9283682941956996,0.9083682941956995,0.9183682941956995,0.9283682941956996,0.9483682941956996,0.9683682941956996,0.9583682941956996,0.9483682941956996,0.9483682941956996,0.9483682941956996,0.9483682941956996,0.9483682941956996,0.9383682941956996
14,0.934021449371055,0.944021449371055,0.954021449371055,0.954021449371055,0.9740214493710551,0.969021449371055,0.969021449371055,0.949021449371055,0.949021449371055,0.959021449371055,0.969021449371055,0.969021449371055,0.959021449371055
15,0.9429075500623503,0.9429075500623503,0.9629075500623503,0.9829075500623503,0.9779075500623503,0.9579075500623503,0.9779075500623503,0.9479075500623503,0.9379075500623503,0.9379075500623503,0.9279075500623503,0.9279075500623503,0.9279075500623503
16,0.9465903890809745,0.9465903890809745,0.9265903890809745,0.9265903890809745,0.9365903890809745,0.9465903890809745,0.9465903890809745,0.9465903890809745,0.9465903890809745,0.9565903890809745,0.9265903890809745,0.9065903890809744,0.9065903890809744
17,0.8264070708984611,0.8264070708984611,0.8264070708984611,0.8464070708984611,0.8464070708984611,0.8364070708984611,0.8464070708984611,0.8364070708984611,0.8264070708984611,0.8464070708984611,0.8464070708984611,0.8364070708984611,0.8364070708984611
18,0.840563720473457,0.840563720473457,0.840563720473457,0.840563720473457,0.840563720473457,0.840563720473457,0.860563720473457,0.870563720473457,0.870563720473457,0.870563720473457,0.870563720473457,0.870563720473457,0.855563720473457
19,0.933020220530939,0.963020220530939,0.953020220530939,0.963020220530939,0.963020220530939,0.943020220530939,0.943020220530939,0.953020220530939,0.923020220530939,0.913020220530939,0.913020220530939,0.913020220530939,0.923020220530939
20,0.9221239052458072,0.9321239052458072,0.9321239052458072,0.9221239052458072,0.9121239052458072,0.9121239052458072,0.9221239052458072,0.9221239052458072,0.9221239052458072,0.9121239052458072,0.9121239052458072,0.9021239052458072,0.9021239052458072
21,0.995900214337774,0.995900214337774,0.985900214337774,0.985900214337774,0.985900214337774,1.0,1.0,1.0,0.995,0.985,0.985,0.965,0.965
22,0.9520070782794884,0.9520070782794884,0.9520070782794884,0.9820070782794884,0.9720070782794884,0.9720070782794884,0.9720070782794884,0.9820070782794884,0.9670070782794884,0.9670070782794884,0.9670070782794884,0.9670070782794884,0.9870070782794884
23,1.0,1.0,0.99,0.97,0.97,0.98,0.98,0.97,0.96,0.96,0.96,0.96,0.97
24,0.9539511603383318,0.9539511603383318,0.9239511603383318,0.9389511603383318,0.9389511603383318,0.9589511603383318,0.9489511603383318,0.9489511603383318,0.9489511603383318,0.9589511603383318,0.9389511603383318,0.9689511603383318,0.9889511603383319
25,0.9370302945305609,0.9370302945305609,0.9370302945305609,0.9370302945305609,0.9270302945305608,0.9570302945305609,0.9470302945305609,0.9370302945305609,0.9170302945305608,0.9170302945305608,0.8970302945305608,0.9070302945305608,0.9070302945305608
26,0.9527114414877178,0.9527114414877178,0.9527114414877178,0.9627114414877178,0.9727114414877178,0.9427114414877178,0.9527114414877178,0.9427114414877178,0.9427114414877178,0.9627114414877178,0.9627114414877178,0.9627114414877178,0.9327114414877178
27,0.8333073885709511,0.8333073885709511,0.8433073885709511,0.8733073885709511,0.8683073885709511,0.8683073885709511,0.8683073885709511,0.8483073885709511,0.8683073885709511,0.8683073885709511,0.8683073885709511,0.8583073885709511,0.8583073885709511
28,0.9720579162216878,0.9720579162216878,0.9720579162216878,0.9820579162216878,0.9920579162216878,1.0,1.0,1.0,0.99,0.99,0.97,0.99,1.0
29,0.8950905525573966,0.9050905525573966,0.9050905525573966,0.9050905525573966,0.8950905525573966,0.9150905525573966,0.8950905525573966,0.9050905525573966,0.9150905525573966,0.9150905525573966,0.9350905525573966,0.9300905525573966,0.9300905525573966
30,0.8782580722811613,0.8782580722811613,0.8782580722811613,0.8782580722811613,0.8682580722811613,0.8682580722811613,0.8682580722811613,0.8882580722811613,0.8782580722811613,0.8882580722811613,0.8782580722811613,0.8782580722811613,0.8982580722811613
31,0.9068739704892678,0.8968739704892678,0.9068739704892678,0.9068739704892678,0.9168739704892678,0.9168739704892678,0.9068739704892678,0.9068739704892678,0.9068739704892678,0.9068739704892678,0.9068739704892678,0.8968739704892678,0.9068739704892678
32,0.8879171777849557,0.8679171777849557,0.8479171777849557,0.8529171777849557,0.8529171777849557,0.8629171777849557,0.8629171777849557,0.8629171777849557,0.8529171777849557,0.8629171777849557,0.8629171777849557,0.8529171777849557,0.8629171777849557
33,0.9051048837148712,0.9051048837148712,0.8951048837148712,0.8951048837148712,0.8951048837148712,0.8951048837148712,0.8951048837148712,0.9051048837148712,0.9051048837148712,0.9051048837148712,0.8951048837148712,0.8851048837148712,0.8851048837148712
34,1.0,1.0,1.0,1.0,0.98,0.98,0.98,0.98,0.98,0.98,0.97,0.97,0.985
35,0.9579600031094934,0.9479600031094934,0.9479600031094934,0.9579600031094934,0.9579600031094934,0.9579600031094934,0.9379600031094933,0.9379600031094933,0.9479600031094934,0.9579600031094934,0.9679600031094934,0.9679600031094934,0.9779600031094934
36,0.8091546602266863,0.8091546602266863,0.8191546602266863,0.8391546602266863,0.8391546602266863,0.8391546602266863,0.8491546602266863,0.8391546602266863,0.8391546602266863,0.8091546602266863,0.8091546602266863,0.8191546602266863,0.8291546602266863
37,0.963619283393064,0.953619283393064,0.943619283393064,0.933619283393064,0.933619283393064,0.933619283393064,0.933619283393064,0.933619283393064,0.943619283393064,0.933619283393064,0.933619283393064,0.933619283393064,0.933619283393064
38,0.9419093271568331,0.9419093271568331,0.9419093271568331,0.9419093271568331,0.9319093271568331,0.9319093271568331,0.921909327156833,0.921909327156833,0.921909327156833,0.9419093271568331,0.9419093271568331,0.9419093271568331,0.9319093271568331
39,0.9655477927645978,0.9655477927645978,0.9355477927645978,0.9455477927645978,0.9255477927645978,0.9255477927645978,0.9455477927645978,0.9255477927645978,0.9455477927645978,0.9355477927645978,0.9355477927645978,0.9355477927645978,0.9255477927645978
40,0.9816095790603984,0.9716095790603984,0.9716095790603984,0.9816095790603984,0.9616095790603983,0.9716095790603984,0.9716095790603984,0.9716095790603984,0.9716095790603984,0.9716095790603984,0.9616095790603983,0.9516095790603983,0.9616095790603983
41,0.8604586359864485,0.8604586359864485,0.8604586359864485,0.8704586359864485,0.8704586359864485,0.8704586359864485,0.8604586359864485,0.8604586359864485,0.8604586359864485,0.8604586359864485,0.8704586359864485,0.8704586359864485,0.8704586359864485
42,0.8452398107031004,0.8652398107031004,0.8652398107031004,0.8652398107031004,0.8652398107031004,0.8652398107031004,0.8852398107031004,0.8802398107031004,0.8802398107031004,0.8702398107031004,0.8702398107031004,0.8702398107031004,0.8702398107031004
43,0.8942794840495079,0.8942794840495079,0.8842794840495078,0.9042794840495079,0.8942794840495079,0.8942794840495079,0.8842794840495078,0.8742794840495078,0.8742794840495078,0.8942794840495079,0.8842794840495078,0.8842794840495078,0.8842794840495078
44,0.8502373522135332,0.8702373522135333,0.8702373522135333,0.8702373522135333,0.8702373522135333,0.8502373522135332,0.8402373522135332,0.8502373522135332,0.8402373522135332,0.8502373522135332,0.8302373522135332,0.8602373522135333,0.8702373522135333
45,0.9275248447376615,0.9275248447376615,0.9175248447376615,0.9175248447376615,0.9075248447376615,0.9075248447376615,0.9075248447376615,0.8975248447376615,0.8975248447376615,0.9125248447376615,0.9125248447376615,0.9025248447376615,0.8925248447376615
46,0.9915617037444114,1.0,1.0,0.98,0.98,0.98,0.99,0.98,0.97,0.94,0.9299999999999999,0.9299999999999999,0.9349999999999999
47,1.0,0.99,0.99,1.0,0.99,1.0,1.0,1.0,0.995,0.995,0.985,0.985,0.985
48,0.9059453073088916,0.9059453073088916,0.9059453073088916,0.9059453073088916,0.9059453073088916,0.9059453073088916,0.8859453073088915,0.8659453073088915,0.8759453073088915,0.8759453073088915,0.8959453073088915,0.8859453073088915,0.9059453073088916
49,0.9080466990068984,0.9080466990068984,0.9180466990068984,0.9280466990068984,0.9280466990068984,0.9280466990068984,0.9380466990068984,0.9280466990068984,0.9280466990068984,0.9380466990068984,0.9480466990068984,0.9480466990068984,0.9480466990068984
50,0.8305384822984359,0.8305384822984359,0.8405384822984359,0.8405384822984359,0.8505384822984359,0.8505384822984359,0.8505384822984359,0.8605384822984359,0.8605384822984359,0.8605384822984359,0.8405384822984359,0.8405384822984359,0.8505384822984359
51,0.9282376997032756,0.9282376997032756,0.9282376997032756,0.9282376997032756,0.9382376997032756,0.9382376997032756,0.9382376997032756,0.9382376997032756,0.9382376997032756,0.9382376997032756,0.9582376997032757,0.9582376997032757,0.9582376997032757
52,0.9193143522442531,0.9193143522442531,0.9193143522442531,0.889314352244253,0.889314352244253,0.889314352244253,0.879314352244253,0.879314352244253,0.884314352244253,0.894314352244253,0.894314352244253,0.894314352244253,0.884314352244253
53,0.8854406748428159,0.8954406748428159,0.8654406748428158,0.8554406748428158,0.8554406748428158,0.8554406748428158,0.8554406748428158,0.8554406748428158,0.8654406748428158,0.8954406748428159,0.9054406748428159,0.9054406748428159,0.8954406748428159
54,0.9271110686182009,0.9271110686182009,0.9371110686182009,0.967111068618201,0.9571110686182009,0.9471110686182009,0.9471110686182009,0.9471110686182009,0.967111068618201,0.967111068618201,0.967111068618201,0.967111068618201,0.9471110686182009
55,0.995099122152655,0.995099122152655,1.0,0.99,0.99,1.0,1.0,0.99,0.97,0.96,0.96,0.96,0.97
56,0.848319539558675,0.848319539558675,0.848319539558675,0.848319539558675,0.858319539558675,0.878319539558675,0.878319539558675,0.858319539558675,0.848319539558675,0.838319539558675,0.848319539558675,0.848319539558675,0.858319539558675
57,1.0,1.0,1.0,1.0,0.99,0.99,0.99,1.0,0.98,0.99,0.99,0.98,0.99
58,0.9974873548216032,1.0,1.0,1.0,1.0,1.0,1.0,0.97,0.98,0.97,0.98,0.97,0.99
59,0.9902685246325724,1.0,0.99,0.99,0.99,0.98,0.98,0.97,0.98,0.99,1.0,0.99,0.99
60,1.0,1.0,1.0,0.99,0.98,0.94,0.945,0.955,0.9349999999999999,0.9349999999999999,0.9349999999999999,0.9349999999999999,0.9349999999999999
61,0.929540003271558,0.939540003271558,0.929540003271558,0.9095400032715579,0.929540003271558,0.939540003271558,0.949540003271558,0.929540003271558,0.939540003271558,0.959540003271558,0.959540003271558,0.959540003271558,0.959540003271558
62,1.0,1.0,0.99,1.0,1.0,1.0,1.0,1.0,0.99,0.97,0.97,0.97,0.97
63,1.0,1.0,1.0,1.0,1.0,1.0,1.0,0.99,0.98,0.98,0.97,0.97,0.94
64,0.9667171699106862,0.9767171699106862,0.9867171699106863,0.9767171699106862,0.9667171699106862,0.9667171699106862,0.9567171699106862,0.9467171699106862,0.9467171699106862,0.9367171699106862,0.9367171699106862,0.9367171699106862,0.9367171699106862
65,0.9636956700557487,0.9636956700557487,0.9736956700557488,0.9636956700557487,0.9736956700557488,0.9836956700557488,0.9836956700557488,0.9836956700557488,0.9936956700557488,1.0,1.0,0.995,0.995
66,0.9621208882535421,0.9621208882535421,0.9621208882535421,0.9621208882535421,0.9621208882535421,0.9521208882535421,0.9721208882535421,0.9721208882535421,0.9721208882535421,0.9721208882535421,0.9621208882535421,0.9621208882535421,0.9721208882535421
67,0.8674382173579596,0.8574382173579596,0.8574382173579596,0.8574382173579596,0.8574382173579596,0.8774382173579596,0.8774382173579596,0.8774382173579596,0.8674382173579596,0.8874382173579596,0.8674382173579596,0.8674382173579596,0.8674382173579596
68,1.0,0.99,0.99,0.98,0.99,0.99,0.99,0.99,0.99,0.99,0.99,1.0,1.0
69,0.9147329481075761,0.9047329481075761,0.9047329481075761,0.9047329481075761,0.8947329481075761,0.9347329481075761,0.9347329481075761,0.9347329481075761,0.9347329481075761,0.9347329481075761,0.9347329481075761,0.9147329481075761,0.9247329481075761
70,0.9587613148015643,0.9787613148015644,0.9687613148015644,0.9787613148015644,0.9887613148015644,0.9887613148015644,0.9887613148015644,0.9887613148015644,0.9987613148015644,0.9937613148015644,0.9837613148015644,0.9837613148015644,0.9837613148015644
71,0.9246054598711119,0.9246054598711119,0.8946054598711118,0.8846054598711118,0.8846054598711118,0.8846054598711118,0.8896054598711118,0.8896054598711118,0.8996054598711118,0.8896054598711118,0.8996054598711118,0.8996054598711118,0.9296054598711119
72,0.8547347211445755,0.8647347211445755,0.8647347211445755,0.8647347211445755,0.8547347211445755,0.8547347211445755,0.8747347211445755,0.8847347211445755,0.8847347211445755,0.8747347211445755,0.8747347211445755,0.8747347211445755,0.8847347211445755
73,0.9228008136163425,0.9428008136163425,0.9128008136163425,0.9228008136163425,0.9228008136163425,0.9228008136163425,0.9228008136163425,0.9228008136163425,0.9228008136163425,0.9228008136163425,0.9228008136163425,0.9128008136163425,0.9128008136163425
74,0.9669338385364075,0.9669338385364075,0.9569338385364075,0.9569338385364075,0.9769338385364075,0.9769338385364075,0.9869338385364075,0.9969338385364075,1.0,0.98,0.98,0.96,0.96
75,0.7834332395547543,0.7634332395547543,0.7634332395547543,0.7634332395547543,0.7534332395547543,0.7534332395547543,0.7634332395547543,0.7634332395547543,0.7534332395547543,0.7534332395547543,0.7534332395547543,0.7634332395547543,0.7934332395547543
76,0.9533550889283282,0.9633550889283282,0.9733550889283282,0.9833550889283282,0.9833550889283282,0.9933550889283282,0.9933550889283282,0.9883550889283282,0.9683550889283282,0.9783550889283282,0.9783550889283282,0.9783550889283282,0.9583550889283282
77,1.0,1.0,1.0,1.0,0.98,0.97,0.97,0.96,0.95,0.95,0.95,0.95,0.96
78,0.9578092599249202,0.9778092599249202,0.9878092599249202,0.9678092599249202,0.9578092599249202,0.9478092599249202,0.9578092599249202,0.9378092599249201,0.9478092599249202,0.9478092599249202,0.9478092599249202,0.9478092599249202,0.9678092599249202
79,0.9725280966729374,0.9725280966729374,0.9725280966729374,0.9725280966729374,0.9725280966729374,0.9725280966729374,0.9625280966729374,0.9625280966729374,0.9825280966729374,0.9825280966729374,0.9925280966729374,0.9925280966729374,1.0
80,0.9140866973072193,0.9040866973072192,0.8840866973072192,0.9040866973072192,0.8840866973072192,0.9040866973072192,0.9040866973072192,0.8840866973072192,0.8840866973072192,0.8940866973072192,0.8940866973072192,0.8840866973072192,0.8940866973072192
81,0.9964349068659238,0.9864349068659238,0.9864349068659238,0.9764349068659238,0.9864349068659238,0.9964349068659238,1.0,1.0,0.99,0.98,0.99,1.0,1.0
82,1.0,1.0,0.99,1.0,1.0,0.98,0.95,0.955,0.955,0.965,0.945,0.955,0.975
83,0.9599111580477038,0.9399111580477038,0.9399111580477038,0.9399111580477038,0.9499111580477038,0.9599111580477038,0.9599111580477038,0.9599111580477038,0.9499111580477038,0.9699111580477038,0.9699111580477038,0.9499111580477038,0.9599111580477038
84,0.9318493200340424,0.9318493200340424,0.9418493200340424,0.9318493200340424,0.9318493200340424,0.9318493200340424,0.9218493200340424,0.9018493200340424,0.9118493200340424,0.9118493200340424,0.9018493200340424,0.9018493200340424,0.9168493200340424
85,1.0,1.0,0.97,0.97,0.985,0.995,0.995,0.995,0.995,0.985,0.985,0.955,0.965
86,0.9660361107427953,0.9760361107427953,0.9660361107427953,0.9660361107427953,0.9760361107427953,0.9760361107427953,0.9760361107427953,0.9860361107427953,0.9660361107427953,0.9460361107427953,0.9460361107427953,0.9460361107427953,0.9360361107427952
87,0.9754558155468706,0.9754558155468706,0.9954558155468706,0.9854558155468706,1.0,0.985,0.985,0.975,0.965,0.945,0.9349999999999999,0.9349999999999999,0.945
88,1.0,1.0,1.0,1.0,1.0,0.995,0.965,0.965,0.965,0.9249999999999999,0.9249999999999999,0.9149999999999999,0.9149999999999999
89,0.9229836344962362,0.9429836344962362,0.9529836344962362,0.9529836344962362,0.9629836344962363,0.9629836344962363,0.9629836344962363,0.9629836344962363,0.9629836344962363,0.9629836344962363,0.9529836344962362,0.9529836344962362,0.9529836344962362
90,1.0,1.0,1.0,1.0,1.0,1.0,0.98,0.99,0.99,0.98,0.98,0.99,0.99
91,0.8965749448400527,0.8965749448400527,0.9165749448400528,0.9165749448400528,0.9165749448400528,0.9265749448400528,0.9265749448400528,0.9265749448400528,0.9265749448400528,0.9165749448400528,0.9265749448400528,0.9265749448400528,0.9165749448400528
92,0.8870993995603264,0.8870993995603264,0.8870993995603264,0.8670993995603263,0.8670993995603263,0.8770993995603263,0.8970993995603264,0.8970993995603264,0.8770993995603263,0.8770993995603263,0.8470993995603263,0.8670993995603263,0.8570993995603263
93,0.9935899863301699,0.9835899863301699,0.9735899863301699,0.9735899863301699,0.9535899863301699,0.9635899863301699,0.9735899863301699,0.9735899863301699,0.9935899863301699,1.0,1.0,1.0,0.98
94,1.0,1.0,1.0,1.0,1.0,0.99,1.0,0.99,0.99,0.99,0.99,0.97,0.97
95,0.970854874512132,0.960854874512132,0.950854874512132,0.960854874512132,0.960854874512132,0.960854874512132,0.960854874512132,0.960854874512132,0.980854874512132,0.980854874512132,0.980854874512132,0.980854874512132,1.0
96,0.9120627414159528,0.9120627414159528,0.8820627414159528,0.9020627414159528,0.9020627414159528,0.9020627414159528,0.8920627414159528,0.8920627414159528,0.8720627414159527,0.8720627414159527,0.8720627414159527,0.8770627414159528,0.8770627414159528
97,1.0,1.0,1.0,1.0,1.0,1.0,1.0,0.99,0.98,0.97,0.97,0.98,0.98
98,0.9801481446511501,0.9901481446511501,0.9701481446511501,0.9701481446511501,0.9701481446511501,0.9801481446511501,0.9801481446511501,0.9701481446511501,0.9601481446511501,0.94014814465115,0.95014814465115,0.95014814465115,0.9651481446511501
99,1.0,1.0,1.0,0.99,0.98,0.99,0.98,0.99,0.99,1.0,1.0,1.0,1.0
100,0.9365237197761401,0.9265237197761401,0.8965237197761401,0.8965237197761401,0.8965237197761401,0.8965237197761401,0.8965237197761401,0.8965237197761401,0.9015237197761401,0.9015237197761401,0.9115237197761401,0.9215237197761401,0.9315237197761401
101,1.0,1.0,1.0,1.0,0.99,0.99,1.0,1.0,1.0,1.0,0.99,0.98,0.97
102,0.8261571528372504,0.8261571528372504,0.8261571528372504,0.8261571528372504,0.8061571528372504,0.8161571528372504,0.8161571528372504,0.8161571528372504,0.8161571528372504,0.8161571528372504,0.8161571528372504,0.8161571528372504,0.8261571528372504
103,0.952518849551165,0.952518849551165,0.9425188495511649,0.9325188495511649,0.962518849551165,0.972518849551165,0.962518849551165,0.962518849551165,0.952518849551165,0.962518849551165,0.9425188495511649,0.9325188495511649,0.9325188495511649
104,0.9098937893560007,0.9098937893560007,0.9098937893560007,0.8998937893560007,0.8898937893560007,0.8798937893560007,0.8798937893560007,0.8798937893560007,0.8798937893560007,0.8798937893560007,0.8698937893560007,0.8698937893560007,0.8748937893560007
105,0.9146230176194577,0.9146230176194577,0.9146230176194577,0.9146230176194577,0.8946230176194577,0.8746230176194577,0.8796230176194577,0.8896230176194577,0.8796230176194577,0.8896230176194577,0.8896230176194577,0.8996230176194577,0.8896230176194577
106,0.7698749428622816,0.7698749428622816,0.7698749428622816,0.7698749428622816,0.7698749428622816,0.7598749428622816,0.7598749428622816,0.7598749428622816,0.7598749428622816,0.7598749428622816,0.7298749428622816,0.7348749428622816,0.7448749428622816
107,0.9874980619776407,0.9874980619776407,1.0,0.99,0.97,0.97,0.96,0.97,0.98,0.97,0.97,0.96,0.99
108,0.9566340483038857,0.9566340483038857,0.9566340483038857,0.9666340483038857,0.9566340483038857,0.9566340483038857,0.9766340483038857,0.9666340483038857,0.9566340483038857,0.9566340483038857,0.9666340483038857,0.9466340483038856,0.9466340483038856
109,0.989746533849068,0.989746533849068,0.999746533849068,0.999746533849068,0.969746533849068,0.9597465338490679,0.9597465338490679,0.969746533849068,0.989746533849068,0.989746533849068,0.989746533849068,0.999746533849068,0.999746533849068
110,0.9022065676498952,0.8922065676498951,0.8922065676498951,0.8822065676498951,0.8822065676498951,0.9122065676498952,0.9122065676498952,0.9122065676498952,0.9022065676498952,0.9022065676498952,0.8922065676498951,0.8922065676498951,0.9022065676498952
111,0.981341293669795,0.981341293669795,0.981341293669795,1.0,0.99,0.99,0.96,0.97,0.94,0.94,0.95,0.95,0.95
112,1.0,1.0,1.0,1.0,0.98,0.98,0.98,0.98,0.95,0.95,0.95,0.9299999999999999,0.9299999999999999
113,0.9927792028032266,0.9827792028032266,0.9827792028032266,0.9927792028032266,0.9927792028032266,1.0,0.98,0.98,0.97,0.96,0.975,0.975,0.975
114,0.890937853583979,0.890937853583979,0.900937853583979,0.9209378535839791,0.9209378535839791,0.9209378535839791,0.905937853583979,0.905937853583979,0.9159378535839791,0.9159378535839791,0.9359378535839791,0.9359378535839791,0.9359378535839791
115,0.9288908043275913,0.9188908043275913,0.9188908043275913,0.9188908043275913,0.9188908043275913,0.9288908043275913,0.9188908043275913,0.9088908043275913,0.9188908043275913,0.9588908043275913,0.9488908043275913,0.9488908043275913,0.9488908043275913
116,1.0,0.99,1.0,0.98,0.97,1.0,1.0,1.0,1.0,0.97,0.96,0.96,0.96
117,1.0,1.0,0.97,0.97,0.95,0.95,0.96,0.9299999999999999,0.9299999999999999,0.9349999999999999,0.9349999999999999,0.9349999999999999,0.965
118,1.0,0.98,0.98,0.98,0.96,0.96,0.96,0.96,0.96,0.96,0.96,0.965,0.965
119,0.9837144647272736,0.9837144647272736,0.9737144647272736,0.9837144647272736,1.0,0.98,0.99,1.0,1.0,0.98,0.97,0.99,1.0
120,1.0,0.99,0.99,0.99,0.97,1.0,1.0,1.0,0.995,0.985,0.985,0.985,0.985
121,0.8541174435341563,0.8541174435341563,0.8541174435341563,0.8541174435341563,0.8541174435341563,0.8541174435341563,0.8541174435341563,0.8241174435341563,0.8391174435341563,0.8291174435341563,0.8291174435341563,0.8491174435341563,0.8291174435341563
122,0.9151138101505568,0.9151138101505568,0.8751138101505568,0.8751138101505568,0.8951138101505568,0.8951138101505568,0.8951138101505568,0.9051138101505568,0.9151138101505568,0.9151138101505568,0.9251138101505568,0.9251138101505568,0.9251138101505568
123,0.9697053308581468,0.9597053308581468,0.9497053308581468,0.9497053308581468,0.9597053308581468,0.9597053308581468,0.9397053308581468,0.9497053308581468,0.9697053308581468,0.9797053308581468,0.9797053308581468,0.9697053308581468,0.9697053308581468
124,0.9241528926240837,0.9141528926240837,0.9141528926240837,0.9141528926240837,0.9241528926240837,0.8941528926240837,0.8841528926240837,0.8841528926240837,0.8891528926240837,0.8991528926240837,0.8891528926240837,0.8991528926240837,0.8891528926240837
125,1.0,1.0,1.0,1.0,1.0,0.99,0.99,1.0,0.98,0.97,0.97,0.97,0.96
126,0.8995356126931595,0.9195356126931595,0.9195356126931595,0.9195356126931595,0.9195356126931595,0.9195356126931595,0.9395356126931595,0.9195356126931595,0.9195356126931595,0.9395356126931595,0.9295356126931595,0.9295356126931595,0.9295356126931595
127,1.0,1.0,0.99,0.99,0.97,0.97,0.96,0.96,0.965,0.975,0.995,1.0,1.0
128,0.9616330746892384,0.9516330746892384,0.9616330746892384,0.9616330746892384,0.9716330746892384,0.9716330746892384,0.9816330746892384,0.9816330746892384,0.9816330746892384,0.9716330746892384,0.9716330746892384,0.9816330746892384,0.9716330746892384
129,0.9313003693308625,0.9313003693308625,0.9013003693308624,0.9013003693308624,0.9413003693308625,0.9313003693308625,0.9313003693308625,0.9213003693308625,0.9113003693308624,0.9113003693308624,0.9113003693308624,0.9113003693308624,0.9113003693308624
130,0.9700128132554714,0.9600128132554714,0.9700128132554714,0.9900128132554714,0.9800128132554714,0.9700128132554714,0.9600128132554714,0.9500128132554714,0.9400128132554714,0.9400128132554714,0.9300128132554714,0.9400128132554714,0.9550128132554714
131,0.9122344218250585,0.8922344218250585,0.8722344218250585,0.8722344218250585,0.8722344218250585,0.8772344218250585,0.8872344218250585,0.8772344218250585,0.8972344218250585,0.8972344218250585,0.8972344218250585,0.8972344218250585,0.8972344218250585
132,0.9270105431712582,0.9270105431712582,0.9270105431712582,0.9370105431712582,0.9470105431712582,0.9470105431712582,0.9470105431712582,0.9470105431712582,0.9470105431712582,0.9470105431712582,0.9570105431712582,0.9570105431712582,0.9470105431712582
133,0.9952705935569652,0.9952705935569652,1.0,1.0,0.975,0.955,0.965,0.965,0.965,0.975,0.975,0.985,0.965
134,0.9249679734994899,0.9249679734994899,0.9349679734994899,0.9249679734994899,0.9149679734994899,0.9149679734994899,0.9149679734994899,0.9049679734994899,0.9049679734994899,0.9049679734994899,0.9149679734994899,0.9149679734994899,0.9149679734994899
135,0.9172198904149396,0.9172198904149396,0.9172198904149396,0.9272198904149396,0.9472198904149396,0.9472198904149396,0.9372198904149396,0.9372198904149396,0.9372198904149396,0.9372198904149396,0.9372198904149396,0.9572198904149396,0.9572198904149396
136,1.0,1.0,1.0,1.0,1.0,0.995,0.985,0.965,0.965,0.965,0.965,0.975,0.975
137,1.0,1.0,0.98,1.0,1.0,1.0,0.99,0.99,0.98,0.96,0.95,0.98,0.98
138,0.9277818213346344,0.9477818213346344,0.9477818213346344,0.9377818213346344,0.9377818213346344,0.9377818213346344,0.9027818213346344,0.9027818213346344,0.9027818213346344,0.9027818213346344,0.8927818213346344,0.8927818213346344,0.8927818213346344
139,1.0,1.0,0.99,0.98,0.99,1.0,1.0,1.0,1.0,0.995,0.975,0.975,0.975
140,0.9981050891515922,1.0,1.0,1.0,1.0,1.0,0.99,1.0,0.985,0.995,1.0,1.0,0.99
141,0.8856145683020631,0.8856145683020631,0.8956145683020631,0.8756145683020631,0.8756145683020631,0.8756145683020631,0.8756145683020631,0.8956145683020631,0.8956145683020631,0.8606145683020631,0.8606145683020631,0.8706145683020631,0.8806145683020631
142,0.9875529229827085,0.9875529229827085,0.9875529229827085,0.9975529229827085,1.0,0.97,0.98,0.98,0.98,0.98,0.98,0.97,0.98
143,0.996003848462176,0.996003848462176,0.986003848462176,0.986003848462176,0.986003848462176,0.996003848462176,0.996003848462176,0.986003848462176,0.976003848462176,0.986003848462176,0.976003848462176,0.986003848462176,0.986003848462176
144,0.9752109468165701,0.9752109468165701,0.9752109468165701,0.9752109468165701,0.9852109468165701,0.9852109468165701,0.9952109468165701,0.9952109468165701,1.0,1.0,0.98,0.97,0.97
145,0.901488684314254,0.901488684314254,0.901488684314254,0.901488684314254,0.901488684314254,0.901488684314254,0.901488684314254,0.921488684314254,0.921488684314254,0.921488684314254,0.931488684314254,0.931488684314254,0.901488684314254
146,1.0,1.0,1.0,1.0,1.0,1.0,0.99,1.0,1.0,1.0,1.0,0.99,0.97
147,0.9894886062898973,0.9994886062898973,0.9894886062898973,0.9994886062898973,1.0,0.995,0.995,0.975,0.975,0.975,0.975,0.955,0.9349999999999999
148,0.9705520977536337,0.9505520977536337,0.9505520977536337,0.9605520977536337,0.9405520977536337,0.9305520977536337,0.9405520977536337,0.9405520977536337,0.9505520977536337,0.9405520977536337,0.9405520977536337,0.9405520977536337,0.9505520977536337
149,0.8645931887369837,0.8645931887369837,0.8645931887369837,0.8545931887369836,0.8345931887369836,0.8445931887369836,0.8545931887369836,0.8645931887369837,0.8445931887369836,0.8545931887369836,0.8445931887369836,0.8445931887369836,0.8545931887369836
150,0.9861287757482669,0.9661287757482668,0.9661287757482668,0.9661287757482668,0.9661287757482668,0.9461287757482668,0.9461287757482668,0.9461287757482668,0.9461287757482668,0.9661287757482668,0.9561287757482668,0.9561287757482668,0.9561287757482668
151,1.0,0.96,0.96,0.965,0.975,0.985,0.995,0.995,0.975,1.0,1.0,1.0,1.0
152,0.908501739329458,0.898501739329458,0.908501739329458,0.918501739329458,0.928501739329458,0.938501739329458,0.923501739329458,0.923501739329458,0.923501739329458,0.933501739329458,0.933501739329458,0.933501739329458,0.923501739329458
153,0.9090638147513904,0.9390638147513904,0.9390638147513904,0.9240638147513904,0.9240638147513904,0.9340638147513904,0.9440638147513905,0.9340638147513904,0.9340638147513904,0.9340638147513904,0.9440638147513905,0.9340638147513904,0.9140638147513904
154,0.9809239783881798,0.9709239783881798,0.9709239783881798,0.9909239783881798,0.9909239783881798,0.9909239783881798,1.0,0.975,0.955,0.975,0.975,0.985,0.985
155,0.8860201181334927,0.8660201181334927,0.8660201181334927,0.8660201181334927,0.8660201181334927,0.8460201181334926,0.8460201181334926,0.8460201181334926,0.8560201181334927,0.8560201181334927,0.8710201181334927,0.8810201181334927,0.8910201181334927
156,0.8715686254462908,0.8815686254462908,0.8815686254462908,0.8815686254462908,0.8815686254462908,0.8815686254462908,0.8715686254462908,0.8715686254462908,0.8715686254462908,0.8815686254462908,0.8815686254462908,0.8815686254462908,0.8915686254462908
157,0.9036165170737995,0.9236165170737995,0.9136165170737995,0.9036165170737995,0.8936165170737995,0.8836165170737995,0.8736165170737995,0.8936165170737995,0.8936165170737995,0.8936165170737995,0.9036165170737995,0.8936165170737995,0.9136165170737995
158,0.9254657790777486,0.9254657790777486,0.9254657790777486,0.9054657790777486,0.9254657790777486,0.9354657790777486,0.9254657790777486,0.9554657790777487,0.9454657790777486,0.9554657790777487,0.9654657790777487,0.9654657790777487,0.9654657790777487
159,1.0,1.0,1.0,1.0,1.0,0.99,1.0,1.0,1.0,1.0,0.98,0.97,0.97
160,0.9448873237049551,0.9548873237049551,0.9848873237049551,0.9848873237049551,0.9798873237049551,0.9698873237049551,0.9698873237049551,0.9598873237049551,0.9598873237049551,0.9498873237049551,0.9598873237049551,0.9598873237049551,0.9598873237049551
161,1.0,1.0,1.0,1.0,1.0,1.0,1.0,1.0,1.0,1.0,1.0,1.0,0.97
162,0.8712927938105447,0.8812927938105447,0.8712927938105447,0.8512927938105447,0.8512927938105447,0.8512927938105447,0.8512927938105447,0.8512927938105447,0.8512927938105447,0.8512927938105447,0.8412927938105447,0.8412927938105447,0.8512927938105447
163,0.9388913520052455,0.9488913520052455,0.9488913520052455,0.9488913520052455,0.9488913520052455,0.9488913520052455,0.9588913520052456,0.9588913520052456,0.9588913520052456,0.9588913520052456,0.9588913520052456,0.9688913520052456,0.9538913520052456
164,0.9396638296467824,0.9296638296467824,0.9196638296467824,0.9296638296467824,0.9296638296467824,0.9196638296467824,0.9296638296467824,0.9296638296467824,0.9496638296467824,0.9496638296467824,0.9396638296467824,0.9396638296467824,0.9196638296467824
165,0.8682092759423223,0.8782092759423223,0.8782092759423223,0.8982092759423224,0.9082092759423224,0.8982092759423224,0.8832092759423223,0.8732092759423223,0.8732092759423223,0.8832092759423223,0.8832092759423223,0.8732092759423223,0.8732092759423223
166,1.0,1.0,0.98,0.99,0.98,0.98,0.98,0.98,0.99,0.97,0.96,0.96,0.96
167,1.0,0.99,0.99,0.98,0.98,0.99,0.99,0.99,0.99,0.99,1.0,0.97,0.96
168,0.9825340969376254,0.9725340969376254,0.9525340969376254,0.9525340969376254,0.9525340969376254,0.9675340969376254,0.9675340969376254,0.9775340969376254,0.9775340969376254,0.9675340969376254,0.9675340969376254,0.9575340969376254,0.9575340969376254
169,0.8853672084216587,0.8853672084216587,0.8853672084216587,0.8953672084216587,0.8853672084216587,0.8953672084216587,0.9053672084216587,0.9153672084216588,0.9153672084216588,0.9153672084216588,0.9253672084216588,0.9253672084216588,0.8953672084216587
170,0.9594858605192836,0.9494858605192836,0.9394858605192836,0.9394858605192836,0.9394858605192836,0.9494858605192836,0.9494858605192836,0.9394858605192836,0.9394858605192836,0.9394858605192836,0.9394858605192836,0.9394858605192836,0.9494858605192836
171,0.8410031924427972,0.8310031924427972,0.8410031924427972,0.8410031924427972,0.8410031924427972,0.8410031924427972,0.8310031924427972,0.8110031924427972,0.8260031924427972,0.8260031924427972,0.8260031924427972,0.8260031924427972,0.8160031924427972
172,1.0,1.0,1.0,1.0,0.97,0.97,0.97,0.98,0.98,0.96,0.96,0.98,0.98
173,0.9299956917925066,0.9099956917925066,0.9099956917925066,0.9199956917925066,0.9099956917925066,0.9199956917925066,0.9199956917925066,0.9099956917925066,0.8999956917925066,0.8999956917925066,0.9099956917925066,0.9099956917925066,0.9099956917925066
174,1.0,1.0,1.0,1.0,1.0,0.995,0.985,0.975,0.965,0.985,0.965,0.955,0.955
175,0.9218204661275896,0.9218204661275896,0.9218204661275896,0.9318204661275896,0.9418204661275896,0.9318204661275896,0.9318204661275896,0.9318204661275896,0.9318204661275896,0.9318204661275896,0.9318204661275896,0.9118204661275896,0.9218204661275896
176,0.9598879090305609,0.9598879090305609,0.9498879090305609,0.9298879090305608,0.9398879090305609,0.9398879090305609,0.9498879090305609,0.9398879090305609,0.9398879090305609,0.9398879090305609,0.9498879090305609,0.9498879090305609,0.9498879090305609
177,1.0,1.0,0.98,0.98,0.98,0.98,0.97,0.99,0.96,0.99,0.99,0.98,0.99
178,0.9246973677188363,0.9246973677188363,0.9146973677188363,0.9146973677188363,0.9246973677188363,0.9146973677188363,0.9046973677188362,0.9046973677188362,0.8946973677188362,0.8946973677188362,0.9046973677188362,0.8846973677188362,0.8846973677188362
179,1.0,1.0,1.0,1.0,0.99,1.0,1.0,0.995,0.985,0.985,0.985,0.985,0.975
180,1.0,1.0,1.0,1.0,0.96,0.95,0.95,0.95,0.95,0.95,0.96,0.95,0.95
181,0.9725634119586375,0.9825634119586375,0.9925634119586375,0.9925634119586375,1.0,1.0,0.99,0.99,0.99,0.98,0.96,0.96,0.97
182,0.9653742490811519,0.9753742490811519,0.9553742490811519,0.9553742490811519,0.9653742490811519,0.9553742490811519,0.9453742490811519,0.9553742490811519,0.9453742490811519,0.9553742490811519,0.9553742490811519,0.9453742490811519,0.9453742490811519
183,0.9670504938165878,0.9570504938165878,0.9670504938165878,0.9670504938165878,0.9570504938165878,0.9670504938165878,0.9470504938165878,0.9570504938165878,0.9570504938165878,0.9770504938165878,0.9770504938165878,0.9870504938165878,0.9870504938165878
184,0.898135010789356,0.898135010789356,0.888135010789356,0.888135010789356,0.898135010789356,0.918135010789356,0.928135010789356,0.928135010789356,0.918135010789356,0.908135010789356,0.908135010789356,0.908135010789356,0.908135010789356
185,0.8647516431946602,0.8747516431946603,0.8747516431946603,0.8647516431946602,0.8447516431946602,0.8547516431946602,0.8447516431946602,0.8347516431946602,0.8347516431946602,0.8347516431946602,0.8447516431946602,0.8247516431946602,0.8297516431946602
186,0.9760186377152317,0.9760186377152317,0.9660186377152317,0.9560186377152317,0.9560186377152317,0.9660186377152317,0.9660186377152317,0.9660186377152317,0.9360186377152316,0.9360186377152316,0.9660186377152317,0.9760186377152317,0.9660186377152317
187,0.9354715296882503,0.9454715296882503,0.9354715296882503,0.9254715296882503,0.9254715296882503,0.9154715296882503,0.9354715296882503,0.9454715296882503,0.9454715296882503,0.9454715296882503,0.9454715296882503,0.9654715296882503,0.9654715296882503
188,0.9341913501969424,0.9441913501969424,0.9141913501969424,0.9141913501969424,0.9241913501969424,0.9241913501969424,0.9341913501969424,0.9341913501969424,0.9341913501969424,0.9441913501969424,0.9441913501969424,0.9341913501969424,0.9641913501969425
189,0.9184138659732681,0.9084138659732681,0.9084138659732681,0.8984138659732681,0.8984138659732681,0.9084138659732681,0.9284138659732681,0.9284138659732681,0.9284138659732681,0.9384138659732681,0.9284138659732681,0.9284138659732681,0.9384138659732681
190,0.9917354996466564,0.9917354996466564,0.9817354996466564,0.9917354996466564,0.9817354996466564,0.9617354996466564,0.9517354996466564,0.9517354996466564,0.9517354996466564,0.9567354996466564,0.9567354996466564,0.9867354996466564,0.9867354996466564
191,1.0,1.0,1.0,1.0,1.0,0.98,0.98,0.97,0.96,0.94,0.945,0.955,0.945
192,0.8974326465478454,0.8874326465478454,0.8974326465478454,0.9074326465478454,0.9174326465478454,0.9074326465478454,0.8874326465478454,0.8874326465478454,0.8974326465478454,0.8974326465478454,0.9274326465478454,0.9274326465478454,0.9124326465478454
193,1.0,0.99,0.99,0.99,0.99,0.97,0.98,0.96,0.96,0.96,0.965,0.965,0.965
194,1.0,1.0,0.97,0.97,0.96,0.96,0.96,0.96,0.95,0.95,0.95,0.95,0.98
195,1.0,0.99,0.99,0.97,0.98,0.98,0.98,0.98,0.99,0.99,0.99,1.0,1.0
196,0.925009922868428,0.945009922868428,0.935009922868428,0.945009922868428,0.945009922868428,0.925009922868428,0.945009922868428,0.945009922868428,0.945009922868428,0.945009922868428,0.935009922868428,0.935009922868428,0.935009922868428
197,0.9751718911914117,0.9851718911914117,0.9851718911914117,0.9851718911914117,0.9851718911914117,0.9751718911914117,0.9751718911914117,0.9551718911914117,0.9551718911914117,0.9551718911914117,0.9551718911914117,0.9651718911914117,0.9551718911914117
198,0.919760768698128,0.919760768698128,0.929760768698128,0.9097607686981279,0.9097607686981279,0.9097607686981279,0.8997607686981279,0.8897607686981279,0.8897607686981279,0.8897607686981279,0.8897607686981279,0.8997607686981279,0.9097607686981279
199,0.8822572660404578,0.8922572660404579,0.9222572660404579,0.9022572660404579,0.9022572660404579,0.8922572660404579,0.8922572660404579,0.8922572660404579,0.9022572660404579,0.9022572660404579,0.9022572660404579,0.9022572660404579,0.9022572660404579
200,0.9845942271708094,0.9845942271708094,0.9845942271708094,0.9845942271708094,0.9745942271708093,0.9745942271708093,0.9745942271708093,0.9845942271708094,0.9845942271708094,0.9845942271708094,0.9945942271708094,1.0,1.0
201,0.9755364783202495,0.9755364783202495,0.9955364783202495,0.9955364783202495,0.9955364783202495,0.9655364783202495,0.9655364783202495,0.9655364783202495,0.9655364783202495,0.9655364783202495,0.9955364783202495,0.9955364783202495,0.9955364783202495
202,0.9643183006860836,0.9743183006860836,0.9743183006860836,0.9843183006860836,0.9943183006860836,0.9743183006860836,0.9743183006860836,0.9743183006860836,0.9743183006860836,0.9643183006860836,0.9643183006860836,0.9843183006860836,0.9843183006860836
203,0.9067324537987904,0.8967324537987904,0.8867324537987904,0.9067324537987904,0.8967324537987904,0.9067324537987904,0.9067324537987904,0.8867324537987904,0.8667324537987904,0.8667324537987904,0.8767324537987904,0.8867324537987904,0.8867324537987904
204,0.945105555339148,0.945105555339148,0.935105555339148,0.925105555339148,0.9051055553391479,0.915105555339148,0.915105555339148,0.915105555339148,0.9051055553391479,0.9101055553391479,0.9101055553391479,0.920105555339148,0.930105555339148
205,0.9765394494981373,0.9665394494981373,0.9865394494981373,1.0,0.99,0.99,0.975,0.975,0.965,0.945,0.945,0.955,0.955
206,0.8420810576675742,0.8520810576675742,0.8520810576675742,0.8520810576675742,0.8520810576675742,0.8420810576675742,0.8420810576675742,0.8320810576675742,0.8320810576675742,0.8320810576675742,0.8320810576675742,0.8420810576675742,0.8220810576675742
207,0.8490812441665939,0.8390812441665939,0.8590812441665939,0.8590812441665939,0.8390812441665939,0.8390812441665939,0.8390812441665939,0.8290812441665939,0.8090812441665939,0.8090812441665939,0.8140812441665939,0.8240812441665939,0.8140812441665939
208,0.9989565149036511,1.0,1.0,0.97,0.97,0.95,0.95,0.95,0.95,0.94,0.94,0.94,0.94
209,0.9502678277517361,0.9702678277517361,0.9802678277517362,0.9652678277517361,0.9852678277517362,0.9852678277517362,0.9752678277517361,0.9852678277517362,0.9852678277517362,0.9752678277517361,0.9652678277517361,0.9752678277517361,0.9852678277517362
210,1.0,0.99,0.96,0.965,0.975,0.995,0.995,0.965,0.965,0.975,0.975,0.975,0.965
211,0.9400993227694692,0.9400993227694692,0.9200993227694692,0.9100993227694691,0.9300993227694692,0.9500993227694692,0.9600993227694692,0.9600993227694692,0.9700993227694692,0.9600993227694692,0.9600993227694692,0.9400993227694692,0.9400993227694692
212,1.0,1.0,0.98,0.97,0.97,0.97,0.96,0.96,0.96,0.96,0.97,0.96,0.965
213,0.9269602652798298,0.9269602652798298,0.9269602652798298,0.9269602652798298,0.9269602652798298,0.9269602652798298,0.9369602652798298,0.9369602652798298,0.9369602652798298,0.9269602652798298,0.9369602652798298,0.9269602652798298,0.9369602652798298
214,1.0,0.99,0.97,0.985,0.985,0.985,0.995,0.995,0.985,0.985,0.985,0.985,0.975
215,0.9287468833330543,0.9387468833330543,0.9387468833330543,0.9587468833330544,0.9587468833330544,0.9487468833330543,0.9387468833330543,0.9587468833330544,0.9687468833330544,0.9687468833330544,0.9637468833330544,0.9637468833330544,0.9637468833330544
216,0.8910627897669714,0.8910627897669714,0.8910627897669714,0.9010627897669714,0.8810627897669714,0.8810627897669714,0.8610627897669714,0.8610627897669714,0.8610627897669714,0.8610627897669714,0.8810627897669714,0.8910627897669714,0.8710627897669714
217,0.925103915176128,0.925103915176128,0.925103915176128,0.905103915176128,0.895103915176128,0.895103915176128,0.895103915176128,0.895103915176128,0.885103915176128,0.885103915176128,0.885103915176128,0.885103915176128,0.890103915176128
218,0.8730592400982372,0.8730592400982372,0.8630592400982372,0.8730592400982372,0.8730592400982372,0.8730592400982372,0.8830592400982372,0.8730592400982372,0.8730592400982372,0.8830592400982372,0.8830592400982372,0.8830592400982372,0.8830592400982372
219,1.0,1.0,1.0,1.0,1.0,1.0,1.0,1.0,1.0,1.0,0.97,0.96,0.96
220,1.0,1.0,0.99,0.99,1.0,0.99,0.99,1.0,1.0,1.0,1.0,1.0,0.975
221,0.9539958471463573,0.9739958471463573,0.9839958471463573,0.9689958471463573,0.9789958471463573,0.9789958471463573,0.9889958471463574,0.9889958471463574,0.9789958471463573,0.9689958471463573,0.9689958471463573,0.9689958471463573,0.9789958471463573
222,0.9809898033934814,0.9809898033934814,0.9909898033934814,1.0,0.98,0.98,0.98,1.0,1.0,1.0,0.99,0.97,0.97
223,0.9346394693627512,0.9346394693627512,0.9246394693627512,0.9446394693627512,0.9546394693627512,0.9646394693627512,0.9646394693627512,0.9446394693627512,0.9546394693627512,0.9346394693627512,0.9446394693627512,0.9446394693627512,0.9646394693627512
224,0.9711770849922495,0.9511770849922495,0.9511770849922495,0.9311770849922495,0.9361770849922495,0.9361770849922495,0.9361770849922495,0.9461770849922495,0.9461770849922495,0.9661770849922495,0.9461770849922495,0.9461770849922495,0.9461770849922495
225,0.8580744768230879,0.8680744768230879,0.8680744768230879,0.8680744768230879,0.8380744768230879,0.8280744768230879,0.8480744768230879,0.8580744768230879,0.8580744768230879,0.8580744768230879,0.8580744768230879,0.8680744768230879,0.8680744768230879
226,0.9860761517781719,0.9960761517781719,1.0,0.985,0.975,0.985,1.0,0.99,0.97,0.97,0.96,0.96,0.95
227,0.8907750468953712,0.9007750468953712,0.8807750468953712,0.8607750468953712,0.8707750468953712,0.8707750468953712,0.8707750468953712,0.8707750468953712,0.8507750468953712,0.8507750468953712,0.8507750468953712,0.8707750468953712,0.8957750468953712
228,1.0,1.0,1.0,1.0,0.99,0.99,0.99,0.98,0.98,1.0,1.0,1.0,1.0
229,1.0,1.0,1.0,1.0,1.0,0.99,0.99,0.99,1.0,1.0,1.0,0.99,0.99
230,0.8785679080431373,0.8585679080431373,0.8485679080431373,0.8685679080431373,0.8885679080431373,0.9085679080431374,0.8985679080431374,0.9085679080431374,0.8885679080431373,0.8885679080431373,0.8885679080431373,0.8785679080431373,0.8885679080431373
231,0.8912168986224083,0.9012168986224083,0.9012168986224083,0.9112168986224083,0.9312168986224083,0.9312168986224083,0.9312168986224083,0.9312168986224083,0.9112168986224083,0.9012168986224083,0.9012168986224083,0.9012168986224083,0.8912168986224083
232,0.8622799785135152,0.8522799785135152,0.8622799785135152,0.8622799785135152,0.8822799785135153,0.8822799785135153,0.9022799785135153,0.8972799785135153,0.8972799785135153,0.8672799785135152,0.8672799785135152,0.8672799785135152,0.8772799785135152
233,0.942258198742033,0.922258198742033,0.922258198742033,0.922258198742033,0.912258198742033,0.912258198742033,0.922258198742033,0.922258198742033,0.902258198742033,0.902258198742033,0.902258198742033,0.902258198742033,0.902258198742033
234,0.9772619860321818,0.9772619860321818,0.9972619860321819,0.9872619860321818,0.9772619860321818,0.9772619860321818,0.9772619860321818,0.9672619860321818,0.9672619860321818,0.9672619860321818,0.9772619860321818,0.9672619860321818,0.9672619860321818
235,0.8211278257316333,0.8211278257316333,0.8411278257316334,0.8411278257316334,0.8111278257316333,0.8311278257316334,0.8311278257316334,0.8211278257316333,0.8211278257316333,0.8211278257316333,0.8311278257316334,0.8511278257316334,0.8511278257316334
236,0.8387818194257153,0.8487818194257153,0.8287818194257153,0.8387818194257153,0.8487818194257153,0.8487818194257153,0.8587818194257153,0.8587818194257153,0.8487818194257153,0.8387818194257153,0.8287818194257153,0.8387818194257153,0.8287818194257153
237,1.0,0.99,0.99,0.99,0.99,1.0,1.0,1.0,0.98,0.98,0.98,1.0,0.98
238,0.938046093055962,0.948046093055962,0.948046093055962,0.948046093055962,0.958046093055962,0.958046093055962,0.958046093055962,0.948046093055962,0.948046093055962,0.948046093055962,0.958046093055962,0.968046093055962,0.953046093055962
239,0.9370704950254246,0.9470704950254246,0.9470704950254246,0.9270704950254246,0.9370704950254246,0.9270704950254246,0.9070704950254246,0.9070704950254246,0.8970704950254246,0.8970704950254246,0.8970704950254246,0.8970704950254246,0.8970704950254246
240,0.9722304559678423,0.9822304559678423,0.9822304559678423,0.9922304559678423,0.9922304559678423,0.9922304559678423,0.9822304559678423,0.9822304559678423,0.9822304559678423,0.9822304559678423,0.9822304559678423,0.9822304559678423,0.9722304559678423
241,0.977073037896732,0.977073037896732,0.967073037896732,0.967073037896732,0.957073037896732,0.967073037896732,0.947073037896732,0.962073037896732,0.962073037896732,0.972073037896732,0.972073037896732,0.972073037896732,0.942073037896732
242,1.0,1.0,0.98,0.96,0.96,0.95,0.95,0.95,0.95,0.96,0.96,0.96,0.97
243,1.0,1.0,1.0,1.0,1.0,0.99,0.99,1.0,1.0,1.0,0.99,0.99,0.99
244,0.9889120034172538,0.9789120034172538,0.9789120034172538,0.9889120034172538,0.9889120034172538,0.9889120034172538,0.9889120034172538,0.9689120034172538,0.9789120034172538,0.9789120034172538,0.9789120034172538,0.9789120034172538,1.0
245,0.7889750805282612,0.7789750805282611,0.7889750805282612,0.7889750805282612,0.7889750805282612,0.7889750805282612,0.7889750805282612,0.7889750805282612,0.7689750805282611,0.7689750805282611,0.7689750805282611,0.7589750805282611,0.7589750805282611
246,0.922395805419494,0.922395805419494,0.942395805419494,0.917395805419494,0.917395805419494,0.927395805419494,0.947395805419494,0.947395805419494,0.947395805419494,0.937395805419494,0.947395805419494,0.937395805419494,0.917395805419494
247,0.8729427183425775,0.8729427183425775,0.8829427183425775,0.8629427183425775,0.8829427183425775,0.8629427183425775,0.8529427183425775,0.8529427183425775,0.8779427183425775,0.9079427183425776,0.9179427183425776,0.9179427183425776,0.9079427183425776
248,0.9789510729880008,0.9789510729880008,0.9889510729880008,0.9889510729880008,0.9789510729880008,0.9789510729880008,0.9789510729880008,0.9689510729880008,0.9689510729880008,0.9789510729880008,0.9789510729880008,0.9789510729880008,0.9589510729880008
249,1.0,1.0,0.99,0.99,0.99,0.99,0.99,0.98,0.98,1.0,0.99,0.99,0.99
250,1.0,1.0,1.0,1.0,0.99,0.99,0.96,0.96,0.98,0.98,0.97,0.98,0.98
251,0.9162779230068467,0.9162779230068467,0.9262779230068467,0.9262779230068467,0.9062779230068467,0.9062779230068467,0.9062779230068467,0.8962779230068467,0.8962779230068467,0.9062779230068467,0.9062779230068467,0.9062779230068467,0.8962779230068467
252,0.9728672502593031,0.9628672502593031,0.9628672502593031,0.9628672502593031,0.9428672502593031,0.9328672502593031,0.9328672502593031,0.9378672502593031,0.9478672502593031,0.9678672502593031,0.9678672502593031,0.9778672502593031,0.9778672502593031
253,0.8893980237162808,0.8893980237162808,0.8893980237162808,0.9093980237162809,0.9093980237162809,0.8993980237162809,0.8993980237162809,0.8993980237162809,0.8893980237162808,0.8893980237162808,0.8993980237162809,0.8893980237162808,0.8793980237162808
254,0.9352006349850635,0.9252006349850634,0.9252006349850634,0.9252006349850634,0.9352006349850635,0.9252006349850634,0.9252006349850634,0.9152006349850634,0.9252006349850634,0.9352006349850635,0.9352006349850635,0.9252006349850634,0.9452006349850635
255,0.9575007253380958,0.9475007253380958,0.9375007253380958,0.9375007253380958,0.9375007253380958,0.9375007253380958,0.9375007253380958,0.9375007253380958,0.9475007253380958,0.9475007253380958,0.9475007253380958,0.9375007253380958,0.9575007253380958
256,0.9500092240016179,0.9400092240016179,0.9400092240016179,0.9400092240016179,0.9500092240016179,0.9600092240016179,0.9400092240016179,0.9300092240016179,0.9300092240016179,0.9300092240016179,0.9300092240016179,0.9550092240016179,0.9350092240016179
257,0.9926087285139251,0.9826087285139251,0.9826087285139251,0.9726087285139251,0.9826087285139251,0.9726087285139251,0.9726087285139251,0.9626087285139251,0.9526087285139251,0.9576087285139251,0.9776087285139251,0.9976087285139251,1.0
258,1.0,1.0,1.0,1.0,1.0,1.0,0.985,1.0,0.99,1.0,0.99,1.0,1.0
259,0.9937238913192967,1.0,1.0,0.99,0.99,0.99,0.97,0.98,0.98,0.97,0.96,0.96,0.96
260,0.9934901565105,0.9934901565105,0.9834901565105,0.9934901565105,0.9834901565105,0.9634901565105,0.9534901565105,0.9534901565105,0.9734901565105,0.9734901565105,0.9734901565105,0.9534901565105,0.9534901565105
261,0.8201336233989025,0.8201336233989025,0.8101336233989025,0.7901336233989025,0.8001336233989025,0.8001336233989025,0.8001336233989025,0.7801336233989025,0.7801336233989025,0.7851336233989025,0.7751336233989025,0.7751336233989025,0.7851336233989025
262,1.0,1.0,1.0,0.99,1.0,1.0,0.99,1.0,1.0,1.0,1.0,1.0,0.98
263,1.0,1.0,1.0,1.0,1.0,1.0,0.98,0.98,0.98,0.99,0.99,0.99,0.99
264,0.9238680981480095,0.9338680981480095,0.9338680981480095,0.9538680981480095,0.9638680981480096,0.9438680981480095,0.9538680981480095,0.9238680981480095,0.8938680981480095,0.8938680981480095,0.8838680981480095,0.8838680981480095,0.8888680981480095
265,1.0,1.0,0.99,0.99,0.99,0.99,0.98,1.0,1.0,1.0,0.98,0.98,0.97
266,0.964042483697331,0.984042483697331,0.984042483697331,0.984042483697331,0.9940424836973311,0.974042483697331,0.964042483697331,0.984042483697331,0.974042483697331,0.974042483697331,0.974042483697331,0.984042483697331,0.984042483697331
267,0.9317171649224913,0.9317171649224913,0.9417171649224914,0.9517171649224914,0.9517171649224914,0.9217171649224913,0.9117171649224913,0.9117171649224913,0.9017171649224913,0.8917171649224913,0.9017171649224913,0.9117171649224913,0.9217171649224913
268,0.9219956051630553,0.9219956051630553,0.9219956051630553,0.9119956051630553,0.9119956051630553,0.9119956051630553,0.9019956051630553,0.9019956051630553,0.9019956051630553,0.9269956051630553,0.9569956051630554,0.9569956051630554,0.9469956051630554
269,0.8922289479358259,0.8822289479358258,0.8722289479358258,0.8622289479358258,0.8622289479358258,0.8522289479358258,0.8572289479358258,0.8572289479358258,0.8572289479358258,0.8672289479358258,0.8772289479358258,0.8772289479358258,0.8772289479358258
270,0.9819400786169739,0.9719400786169738,0.9519400786169738,0.9519400786169738,0.9519400786169738,0.9519400786169738,0.9619400786169738,0.9619400786169738,0.9619400786169738,0.9519400786169738,0.9519400786169738,0.9669400786169738,0.9769400786169739
271,1.0,0.98,0.97,0.98,0.98,0.99,1.0,1.0,0.99,0.98,0.98,0.97,0.985
272,0.9922073667235579,0.9922073667235579,1.0,1.0,0.99,1.0,1.0,1.0,1.0,1.0,1.0,1.0,1.0
273,0.9884396493865784,0.9884396493865784,0.9884396493865784,0.9884396493865784,0.9684396493865783,0.9784396493865783,0.9984396493865784,0.9784396493865783,0.9784396493865783,0.9684396493865783,0.9784396493865783,0.9784396493865783,0.9584396493865783
274,0.9273397363890108,0.9273397363890108,0.9173397363890108,0.9173397363890108,0.9373397363890108,0.9373397363890108,0.9173397363890108,0.9173397363890108,0.9173397363890108,0.9173397363890108,0.9273397363890108,0.9273397363890108,0.9473397363890108
275,0.9311143077744912,0.9411143077744912,0.9411143077744912,0.9411143077744912,0.9311143077744912,0.9311143077744912,0.9411143077744912,0.9411143077744912,0.9411143077744912,0.9311143077744912,0.9311143077744912,0.9211143077744912,0.9211143077744912
276,0.953543545319103,0.963543545319103,0.963543545319103,0.963543545319103,0.963543545319103,0.973543545319103,0.983543545319103,0.983543545319103,0.983543545319103,0.968543545319103,0.998543545319103,0.998543545319103,0.998543545319103
277,0.9553403723253684,0.9653403723253684,0.9653403723253684,0.9553403723253684,0.9553403723253684,0.9553403723253684,0.9553403723253684,0.9553403723253684,0.9553403723253684,0.9453403723253684,0.9253403723253684,0.9253403723253684,0.9253403723253684
278,0.8611684310684151,0.8711684310684151,0.8711684310684151,0.8611684310684151,0.8611684310684151,0.8611684310684151,0.8511684310684151,0.8711684310684151,0.8711684310684151,0.8911684310684151,0.8911684310684151,0.9011684310684152,0.8911684310684151
279,1.0,1.0,0.99,1.0,0.99,0.99,1.0,0.98,0.97,0.96,0.96,0.96,0.95
280,0.9304843226224522,0.9104843226224522,0.9104843226224522,0.9204843226224522,0.9404843226224522,0.9504843226224522,0.9504843226224522,0.9604843226224522,0.9504843226224522,0.9604843226224522,0.9604843226224522,0.9504843226224522,0.9504843226224522
281,1.0,1.0,1.0,0.97,0.96,0.94,0.945,0.9349999999999999,0.955,0.955,0.945,0.945,0.945
282,1.0,1.0,1.0,1.0,0.98,0.97,0.96,0.95,0.95,0.955,0.975,0.985,1.0
283,1.0,1.0,1.0,1.0,0.98,0.98,0.98,0.98,0.98,0.99,0.98,0.99,0.97
284,0.9759038042389183,0.9759038042389183,0.9859038042389183,1.0,1.0,0.995,0.995,0.995,0.985,0.985,0.975,0.985,0.975
285,0.9717794654824542,0.9717794654824542,0.9717794654824542,0.9617794654824542,0.9717794654824542,0.9617794654824542,0.9717794654824542,0.9517794654824542,0.9517794654824542,0.9317794654824542,0.9367794654824542,0.9367794654824542,0.9467794654824542
286,1.0,1.0,0.99,0.99,1.0,1.0,1.0,1.0,1.0,1.0,1.0,0.99,1.0
287,1.0,0.99,0.99,0.99,0.99,0.99,0.97,0.985,0.975,0.995,0.995,1.0,1.0
288,0.861316876395007,0.841316876395007,0.831316876395007,0.851316876395007,0.851316876395007,0.851316876395007,0.841316876395007,0.841316876395007,0.841316876395007,0.861316876395007,0.861316876395007,0.871316876395007,0.861316876395007
289,0.9713293391556418,0.9913293391556418,0.9913293391556418,0.9913293391556418,1.0,1.0,1.0,0.995,0.995,0.995,0.995,0.985,0.985
290,1.0,1.0,0.99,0.98,0.97,0.97,0.985,1.0,0.99,0.98,0.99,0.99,1.0
291,0.9173087556227861,0.9073087556227861,0.9373087556227861,0.9373087556227861,0.9073087556227861,0.8873087556227861,0.8773087556227861,0.8873087556227861,0.8873087556227861,0.8873087556227861,0.8973087556227861,0.9073087556227861,0.9273087556227861
292,0.954909357605756,0.954909357605756,0.954909357605756,0.954909357605756,0.974909357605756,0.964909357605756,0.964909357605756,0.964909357605756,0.964909357605756,0.964909357605756,0.964909357605756,0.964909357605756,0.974909357605756
293,1.0,0.97,0.98,0.97,0.98,0.98,0.99,1.0,1.0,1.0,1.0,1.0,1.0
294,0.914052991377465,0.914052991377465,0.914052991377465,0.904052991377465,0.904052991377465,0.924052991377465,0.914052991377465,0.904052991377465,0.904052991377465,0.924052991377465,0.924052991377465,0.944052991377465,0.924052991377465
295,0.8673793563983674,0.8473793563983674,0.8473793563983674,0.8473793563983674,0.8473793563983674,0.8273793563983673,0.8373793563983674,0.8473793563983674,0.8373793563983674,0.8473793563983674,0.8573793563983674,0.8573793563983674,0.8573793563983674
296,0.925241625822753,0.925241625822753,0.915241625822753,0.915241625822753,0.915241625822753,0.895241625822753,0.910241625822753,0.920241625822753,0.920241625822753,0.900241625822753,0.910241625822753,0.890241625822753,0.900241625822753
297,1.0,1.0,1.0,1.0,1.0,1.0,1.0,1.0,1.0,1.0,1.0,1.0,1.0
298,1.0,1.0,0.97,0.98,0.95,0.95,0.955,0.955,0.945,0.945,0.945,0.945,0.945
299,1.0,1.0,0.99,0.99,0.99,1.0,1.0,1.0,1.0,1.0,0.99,0.99,0.99
300,1.0,0.99,1.0,0.99,1.0,1.0,1.0,0.99,0.99,0.99,0.975,0.975,0.965
301,1.0,0.99,1.0,1.0,1.0,0.99,1.0,0.98,0.98,0.98,1.0,1.0,1.0
302,0.8749131171572772,0.8949131171572772,0.9049131171572772,0.9049131171572772,0.8949131171572772,0.8749131171572772,0.8649131171572771,0.8549131171572771,0.8549131171572771,0.8449131171572771,0.8449131171572771,0.8649131171572771,0.8949131171572772
303,0.9305414274557623,0.9305414274557623,0.9205414274557623,0.9505414274557623,0.9405414274557623,0.9405414274557623,0.9305414274557623,0.9405414274557623,0.9505414274557623,0.9505414274557623,0.9605414274557623,0.9455414274557623,0.9255414274557623
304,0.929862922487878,0.9398629224878781,0.9398629224878781,0.9398629224878781,0.9498629224878781,0.9498629224878781,0.9498629224878781,0.9598629224878781,0.9698629224878781,0.9648629224878781,0.9548629224878781,0.9348629224878781,0.9348629224878781
305,0.9010654138298788,0.8910654138298788,0.9110654138298788,0.9110654138298788,0.9110654138298788,0.8810654138298788,0.9210654138298788,0.9210654138298788,0.9210654138298788,0.9210654138298788,0.9410654138298788,0.9110654138298788,0.9010654138298788
306,0.8637115994909489,0.8537115994909489,0.8537115994909489,0.8537115994909489,0.8537115994909489,0.8637115994909489,0.8537115994909489,0.8437115994909489,0.8437115994909489,0.8437115994909489,0.8337115994909489,0.8437115994909489,0.8337115994909489
307,1.0,0.98,0.99,1.0,0.97,0.98,0.96,0.96,0.965,0.965,0.965,0.965,0.955
308,0.8302718434079873,0.8202718434079873,0.8202718434079873,0.8202718434079873,0.8302718434079873,0.8002718434079873,0.8002718434079873,0.8002718434079873,0.8102718434079873,0.8102718434079873,0.8102718434079873,0.8002718434079873,0.8102718434079873
309,1.0,0.98,0.98,1.0,1.0,1.0,1.0,1.0,0.99,0.97,0.97,0.98,0.98
310,0.9166901936577446,0.8966901936577446,0.9066901936577446,0.9266901936577446,0.9566901936577447,0.9366901936577446,0.9466901936577446,0.9466901936577446,0.9466901936577446,0.9166901936577446,0.9166901936577446,0.9166901936577446,0.9166901936577446
311,0.7899128829174016,0.7699128829174016,0.7699128829174016,0.7499128829174015,0.7499128829174015,0.7599128829174016,0.7699128829174016,0.7599128829174016,0.7599128829174016,0.7599128829174016,0.7599128829174016,0.7599128829174016,0.7599128829174016
312,1.0,1.0,0.97,0.98,0.98,0.98,0.98,0.97,0.96,0.96,0.97,0.97,0.96
313,0.901135216770551,0.911135216770551,0.911135216770551,0.911135216770551,0.891135216770551,0.881135216770551,0.906135216770551,0.906135216770551,0.906135216770551,0.906135216770551,0.916135216770551,0.916135216770551,0.916135216770551
314,0.9555120817755229,0.9555120817755229,0.965512081775523,0.965512081775523,0.985512081775523,0.975512081775523,0.995512081775523,0.995512081775523,0.985512081775523,0.995512081775523,0.985512081775523,0.985512081775523,0.975512081775523
315,1.0,0.98,0.97,0.985,0.985,0.985,0.995,0.995,0.985,0.975,0.965,0.965,0.975
316,0.9857763606894423,0.9857763606894423,0.9857763606894423,0.9857763606894423,0.9857763606894423,0.9857763606894423,0.9957763606894423,1.0,0.98,0.96,0.96,0.95,0.95
317,0.9294675088600065,0.9094675088600065,0.9194675088600065,0.9194675088600065,0.9294675088600065,0.9094675088600065,0.8994675088600065,0.8894675088600065,0.8994675088600065,0.9144675088600065,0.9344675088600065,0.9244675088600065,0.9244675088600065
318,1.0,0.99,0.99,0.98,0.98,0.97,0.97,0.96,0.965,0.975,0.985,0.985,0.975
319,0.9319172925174448,0.9319172925174448,0.9319172925174448,0.9319172925174448,0.9219172925174448,0.9319172925174448,0.9319172925174448,0.9219172925174448,0.9219172925174448,0.9319172925174448,0.9419172925174448,0.9719172925174449,0.9519172925174448
320,1.0,0.99,0.99,0.99,0.98,0.98,0.96,0.96,0.965,1.0,0.98,0.98,1.0
321,0.9603602355455362,0.9603602355455362,0.9703602355455362,0.9603602355455362,0.9603602355455362,0.9803602355455362,0.9703602355455362,0.9803602355455362,0.9903602355455362,0.9903602355455362,0.9903602355455362,0.9753602355455362,0.9753602355455362
322,0.9057312268641,0.9157312268641,0.9157312268641,0.9157312268641,0.8957312268641,0.8857312268641,0.8757312268641,0.8757312268641,0.8907312268641,0.8807312268641,0.9007312268641,0.8907312268641,0.8807312268641
323,0.9564434394559505,0.9564434394559505,0.9664434394559505,0.9764434394559505,0.9764434394559505,0.9664434394559505,0.9764434394559505,0.9664434394559505,0.9364434394559504,0.9564434394559505,0.9664434394559505,0.9664434394559505,0.9664434394559505
324,1.0,0.98,0.96,0.97,0.96,0.965,0.965,0.965,0.975,0.985,1.0,1.0,1.0
325,1.0,0.99,0.99,0.98,0.97,0.96,0.96,0.965,0.965,0.965,0.965,0.965,0.965
326,0.936676119022605,0.936676119022605,0.956676119022605,0.956676119022605,0.956676119022605,0.956676119022605,0.936676119022605,0.936676119022605,0.936676119022605,0.936676119022605,0.936676119022605,0.9166761190226049,0.9066761190226049
327,0.9604666317630278,0.9704666317630278,0.9804666317630278,0.9804666317630278,0.9504666317630278,0.9504666317630278,0.9504666317630278,0.9504666317630278,0.9404666317630278,0.9304666317630278,0.9454666317630278,0.9454666317630278,0.9454666317630278
328,0.9195369860265441,0.9195369860265441,0.9295369860265441,0.9095369860265441,0.8895369860265441,0.9095369860265441,0.9095369860265441,0.9095369860265441,0.8995369860265441,0.8995369860265441,0.8995369860265441,0.8995369860265441,0.9095369860265441
329,0.9644955462110296,0.9644955462110296,0.9644955462110296,0.9644955462110296,0.9744955462110296,0.9844955462110296,0.9744955462110296,0.9744955462110296,0.9744955462110296,0.9844955462110296,0.9544955462110296,0.9544955462110296,0.9444955462110296
330,0.9348039797025379,0.9348039797025379,0.8948039797025379,0.9248039797025379,0.9348039797025379,0.9348039797025379,0.9548039797025379,0.9548039797025379,0.9548039797025379,0.974803979702538,0.969803979702538,0.9498039797025379,0.9298039797025379
331,1.0,1.0,1.0,1.0,1.0,1.0,1.0,1.0,0.99,0.99,0.98,0.98,0.98
332,0.9131550225001266,0.8931550225001266,0.8931550225001266,0.9031550225001266,0.9131550225001266,0.9231550225001266,0.9231550225001266,0.9231550225001266,0.9031550225001266,0.8931550225001266,0.8831550225001266,0.8731550225001266,0.8781550225001266
333,1.0,1.0,1.0,1.0,1.0,0.99,0.99,0.98,0.99,1.0,1.0,1.0,1.0
334,0.9669046198259856,0.9669046198259856,0.9769046198259856,0.9769046198259856,0.9569046198259856,0.9769046198259856,0.9769046198259856,0.9769046198259856,0.9869046198259857,1.0,1.0,1.0,1.0
335,0.9675505634825909,0.9675505634825909,0.9575505634825909,0.9575505634825909,0.9475505634825909,0.9575505634825909,0.9575505634825909,0.9575505634825909,0.9575505634825909,0.9575505634825909,0.9575505634825909,0.9575505634825909,0.9575505634825909
336,0.8613521962029511,0.8613521962029511,0.8613521962029511,0.8613521962029511,0.8713521962029511,0.8913521962029511,0.8813521962029511,0.8613521962029511,0.8613521962029511,0.8613521962029511,0.8813521962029511,0.8813521962029511,0.8613521962029511
337,0.9225348216752035,0.9425348216752035,0.9525348216752035,0.9525348216752035,0.9325348216752035,0.9325348216752035,0.9325348216752035,0.9325348216752035,0.9325348216752035,0.9425348216752035,0.9225348216752035,0.9025348216752035,0.9125348216752035
338,0.9906079715469802,0.9906079715469802,0.9906079715469802,1.0,1.0,1.0,1.0,1.0,0.98,0.98,0.99,0.99,0.96
339,0.9880353099029764,0.9980353099029764,1.0,1.0,1.0,1.0,1.0,1.0,1.0,1.0,1.0,0.99,0.99
340,1.0,1.0,1.0,0.99,0.98,0.98,0.96,0.96,0.95,0.95,0.98,0.98,0.98
341,0.9412892101390918,0.9312892101390918,0.9412892101390918,0.9312892101390918,0.9112892101390918,0.9212892101390918,0.9212892101390918,0.9212892101390918,0.9212892101390918,0.9112892101390918,0.9112892101390918,0.9112892101390918,0.9012892101390918
342,0.8618260528684601,0.8518260528684601,0.8718260528684602,0.8718260528684602,0.8718260528684602,0.8618260528684601,0.8618260528684601,0.8718260528684602,0.8618260528684601,0.8918260528684602,0.8918260528684602,0.8818260528684602,0.8818260528684602
343,0.9982951389588235,0.9882951389588235,0.9682951389588235,0.9882951389588235,0.9882951389588235,1.0,1.0,1.0,0.99,0.98,0.98,0.98,0.99
344,1.0,1.0,1.0,0.99,0.99,1.0,1.0,0.98,0.98,0.97,0.97,0.97,0.98
345,0.8980248107625716,0.8980248107625716,0.9080248107625716,0.9280248107625716,0.9280248107625716,0.9280248107625716,0.9080248107625716,0.8980248107625716,0.9180248107625716,0.9180248107625716,0.9180248107625716,0.9380248107625716,0.9380248107625716
346,0.9055072899667234,0.9055072899667234,0.9055072899667234,0.9055072899667234,0.9055072899667234,0.9155072899667234,0.9155072899667234,0.9355072899667234,0.9355072899667234,0.9205072899667234,0.9505072899667234,0.9405072899667234,0.9305072899667234
347,0.9604596524498427,0.9604596524498427,0.9504596524498427,0.9604596524498427,0.9504596524498427,0.9404596524498426,0.9404596524498426,0.9404596524498426,0.9604596524498427,0.9504596524498427,0.9504596524498427,0.9404596524498426,0.9404596524498426
348,0.9945797063085566,0.9745797063085566,0.9645797063085566,0.9645797063085566,0.9545797063085566,0.9595797063085566,0.9695797063085566,0.9695797063085566,0.9695797063085566,0.9695797063085566,0.9595797063085566,0.9695797063085566,0.9795797063085566
349,0.9885382090037775,0.9885382090037775,0.9785382090037775,0.9685382090037775,0.9685382090037775,0.9685382090037775,0.9585382090037775,0.9735382090037775,0.9735382090037775,0.9635382090037775,0.9435382090037775,0.9435382090037775,0.9435382090037775
350,0.9661125260241674,0.9761125260241674,0.9861125260241674,0.9361125260241674,0.9511125260241674,0.9511125260241674,0.9611125260241674,0.9411125260241674,0.9411125260241674,0.9411125260241674,0.9311125260241674,0.9511125260241674,0.9511125260241674
351,0.9318460270995201,0.9418460270995201,0.9618460270995202,0.9618460270995202,0.9518460270995202,0.9618460270995202,0.9618460270995202,0.9618460270995202,0.9418460270995201,0.9318460270995201,0.9318460270995201,0.9318460270995201,0.9318460270995201
352,0.9576465544550542,0.9676465544550542,0.9476465544550542,0.9476465544550542,0.9476465544550542,0.9576465544550542,0.9676465544550542,0.9676465544550542,0.9676465544550542,0.9776465544550542,0.9576465544550542,0.9476465544550542,0.9576465544550542
353,0.9013808403367506,0.9013808403367506,0.8913808403367506,0.8813808403367506,0.8813808403367506,0.8813808403367506,0.8813808403367506,0.8713808403367506,0.8713808403367506,0.8713808403367506,0.8713808403367506,0.9113808403367506,0.9213808403367506
354,1.0,1.0,0.99,0.99,0.98,0.98,0.98,1.0,1.0,1.0,1.0,1.0,1.0
355,0.983907084598111,0.983907084598111,0.983907084598111,0.963907084598111,0.963907084598111,0.963907084598111,0.973907084598111,0.973907084598111,0.943907084598111,0.943907084598111,0.943907084598111,0.953907084598111,0.963907084598111
356,1.0,0.99,0.98,1.0,1.0,1.0,0.99,0.98,0.96,0.97,0.97,0.97,0.97
357,0.8875392140501489,0.8875392140501489,0.8875392140501489,0.8875392140501489,0.8875392140501489,0.8875392140501489,0.8875392140501489,0.8875392140501489,0.8875392140501489,0.8975392140501489,0.8875392140501489,0.8775392140501489,0.8775392140501489
358,0.8659093362597028,0.8659093362597028,0.8659093362597028,0.8659093362597028,0.8759093362597028,0.8759093362597028,0.8759093362597028,0.8759093362597028,0.8759093362597028,0.8859093362597028,0.9059093362597028,0.9059093362597028,0.9059093362597028
359,0.9840954350588127,0.9840954350588127,0.9840954350588127,0.9840954350588127,0.9540954350588127,0.9540954350588127,0.9540954350588127,0.9540954350588127,0.9440954350588127,0.9440954350588127,0.9440954350588127,0.9440954350588127,0.9540954350588127
360,0.9385225364858779,0.9385225364858779,0.9285225364858779,0.9085225364858779,0.8985225364858779,0.9035225364858779,0.9035225364858779,0.9035225364858779,0.9135225364858779,0.9335225364858779,0.9335225364858779,0.9235225364858779,0.9135225364858779
361,1.0,0.99,0.99,1.0,1.0,0.98,0.98,0.96,0.96,0.97,0.97,0.96,0.96
362,0.8951913200971071,0.8851913200971071,0.8751913200971071,0.8651913200971071,0.8851913200971071,0.8751913200971071,0.8651913200971071,0.8751913200971071,0.8751913200971071,0.8751913200971071,0.8751913200971071,0.8651913200971071,0.8801913200971071
363,1.0,1.0,1.0,1.0,1.0,0.995,0.995,0.995,0.985,0.965,0.965,0.965,0.965
364,0.8655579396317569,0.8555579396317569,0.8555579396317569,0.8455579396317568,0.8455579396317568,0.8555579396317569,0.8455579396317568,0.8655579396317569,0.8655579396317569,0.8855579396317569,0.8755579396317569,0.8555579396317569,0.8655579396317569
365,0.8183418974637768,0.8183418974637768,0.8283418974637768,0.8383418974637769,0.8283418974637768,0.8383418974637769,0.8383418974637769,0.8283418974637768,0.8283418974637768,0.8283418974637768,0.8483418974637769,0.8483418974637769,0.8483418974637769
366,1.0,1.0,0.99,0.99,0.99,1.0,1.0,1.0,1.0,0.99,0.97,0.97,0.97
367,0.9043623491256795,0.9043623491256795,0.9043623491256795,0.9043623491256795,0.9243623491256795,0.9143623491256795,0.9143623491256795,0.9143623491256795,0.9143623491256795,0.9143623491256795,0.9343623491256795,0.9343623491256795,0.9143623491256795
368,0.980786442250212,0.980786442250212,0.970786442250212,0.970786442250212,0.970786442250212,0.940786442250212,0.970786442250212,0.9907864422502121,0.9907864422502121,0.9907864422502121,0.950786442250212,0.950786442250212,0.950786442250212
369,0.9896414456391418,0.9796414456391418,0.9796414456391418,0.9696414456391418,0.9946414456391418,0.9946414456391418,1.0,1.0,1.0,0.99,1.0,1.0,1.0
370,0.8615944531771647,0.8315944531771646,0.8315944531771646,0.8465944531771646,0.8465944531771646,0.8465944531771646,0.8465944531771646,0.8365944531771646,0.8565944531771646,0.8465944531771646,0.8465944531771646,0.8365944531771646,0.8265944531771646
371,1.0,1.0,1.0,0.99,0.99,0.99,0.98,0.99,1.0,1.0,1.0,1.0,1.0
372,0.8254146387497427,0.8454146387497428,0.8454146387497428,0.8554146387497428,0.8454146387497428,0.8554146387497428,0.8554146387497428,0.8654146387497428,0.8554146387497428,0.8554146387497428,0.8654146387497428,0.8604146387497428,0.8504146387497428
373,0.9010178245780688,0.8810178245780688,0.8810178245780688,0.8710178245780688,0.8710178245780688,0.8710178245780688,0.8710178245780688,0.8710178245780688,0.8710178245780688,0.8710178245780688,0.8710178245780688,0.8710178245780688,0.8710178245780688
374,1.0,0.99,0.97,0.96,0.98,0.98,0.99,1.0,0.99,0.99,0.99,0.99,0.97
375,0.9765737345370463,0.9865737345370463,0.9865737345370463,0.9865737345370463,0.9865737345370463,0.9865737345370463,0.9965737345370463,0.9865737345370463,0.9865737345370463,0.9865737345370463,0.9865737345370463,0.9665737345370463,0.9765737345370463
376,0.8457262097322269,0.8457262097322269,0.8757262097322269,0.8857262097322269,0.8807262097322269,0.8707262097322269,0.8407262097322269,0.8407262097322269,0.8507262097322269,0.8507262097322269,0.8507262097322269,0.8507262097322269,0.8307262097322269
377,0.9953502330634205,1.0,1.0,1.0,1.0,0.99,0.99,0.99,0.99,0.99,1.0,1.0,1.0
378,0.9843164814970541,0.9843164814970541,0.9843164814970541,0.9943164814970541,0.9943164814970541,1.0,1.0,0.98,1.0,0.985,0.995,0.995,0.995
379,0.9011357320564174,0.9211357320564174,0.9311357320564174,0.9311357320564174,0.9311357320564174,0.9411357320564174,0.9211357320564174,0.8961357320564174,0.8861357320564174,0.8861357320564174,0.8861357320564174,0.8861357320564174,0.8861357320564174
380,0.8353522570036279,0.8253522570036279,0.8353522570036279,0.8353522570036279,0.8353522570036279,0.865352257003628,0.865352257003628,0.8353522570036279,0.8253522570036279,0.8253522570036279,0.8253522570036279,0.8453522570036279,0.865352257003628
381,1.0,0.99,0.99,0.99,1.0,1.0,1.0,1.0,0.98,0.98,0.98,1.0,1.0
382,0.7891205136458506,0.7891205136458506,0.8091205136458506,0.8091205136458506,0.8091205136458506,0.8091205136458506,0.8091205136458506,0.7991205136458506,0.8091205136458506,0.8191205136458506,0.8091205136458506,0.7991205136458506,0.7991205136458506
383,1.0,0.98,0.97,0.97,0.96,0.97,0.98,0.97,0.96,0.96,0.96,0.96,0.96
384,1.0,1.0,1.0,0.98,0.98,0.98,0.99,0.99,1.0,1.0,0.99,0.99,0.98
385,0.973918492866994,0.983918492866994,0.973918492866994,0.983918492866994,0.993918492866994,0.973918492866994,0.9539184928669939,0.9439184928669939,0.9439184928669939,0.9539184928669939,0.9639184928669939,0.9639184928669939,0.9439184928669939
386,1.0,1.0,1.0,0.99,0.99,1.0,1.0,1.0,1.0,1.0,1.0,1.0,0.96
387,0.9642094710778907,0.9842094710778907,0.9942094710778907,0.9742094710778907,0.9842094710778907,0.9842094710778907,0.9842094710778907,0.9842094710778907,0.9842094710778907,0.9642094710778907,0.9642094710778907,0.9442094710778907,0.9442094710778907
388,1.0,0.99,1.0,0.99,1.0,0.995,0.995,0.995,0.985,0.965,0.945,0.945,0.945
389,0.8648960319178645,0.8548960319178645,0.8548960319178645,0.8548960319178645,0.8548960319178645,0.8348960319178644,0.8348960319178644,0.8248960319178644,0.8298960319178644,0.8298960319178644,0.8498960319178644,0.8498960319178644,0.8398960319178644
390,0.9989648928119165,0.9789648928119165,0.9789648928119165,0.9689648928119164,0.9589648928119164,0.9989648928119165,0.9989648928119165,0.9989648928119165,0.9889648928119165,0.9689648928119164,0.9689648928119164,0.9689648928119164,0.9589648928119164
391,0.961182648065823,0.951182648065823,0.961182648065823,0.961182648065823,0.961182648065823,0.951182648065823,0.951182648065823,0.951182648065823,0.951182648065823,0.941182648065823,0.941182648065823,0.941182648065823,0.941182648065823
392,1.0,1.0,1.0,1.0,1.0,0.99,1.0,1.0,1.0,1.0,1.0,0.995,0.985
393,0.9623648651673954,0.9623648651673954,0.9623648651673954,0.9723648651673954,0.9823648651673954,1.0,0.99,1.0,1.0,1.0,0.98,0.97,0.96
394,0.96634479820456,0.96634479820456,0.97634479820456,0.99634479820456,0.97634479820456,0.95634479820456,0.96634479820456,0.96634479820456,0.96634479820456,0.95634479820456,0.97634479820456,0.97634479820456,1.0
395,0.947542684421987,0.947542684421987,0.947542684421987,0.947542684421987,0.937542684421987,0.927542684421987,0.927542684421987,0.937542684421987,0.937542684421987,0.947542684421987,0.947542684421987,0.947542684421987,0.967542684421987
396,0.9873419435356033,0.9873419435356033,0.9773419435356033,0.9973419435356033,0.9673419435356033,0.9573419435356033,0.9723419435356033,0.9523419435356033,0.9523419435356033,0.9623419435356033,0.9623419435356033,0.9623419435356033,0.9923419435356033
397,0.9750931215506038,0.9750931215506038,0.9450931215506038,0.9350931215506038,0.9450931215506038,0.9450931215506038,0.9450931215506038,0.9650931215506038,0.9650931215506038,0.9850931215506038,0.9950931215506038,1.0,1.0
398,0.9442786346921215,0.9442786346921215,0.9442786346921215,0.9242786346921215,0.9242786346921215,0.9142786346921215,0.9292786346921215,0.9292786346921215,0.9392786346921215,0.9192786346921215,0.9092786346921214,0.9192786346921215,0.8992786346921214
399,0.9194896812883175,0.9194896812883175,0.9194896812883175,0.9194896812883175,0.9094896812883175,0.9094896812883175,0.8994896812883175,0.8894896812883175,0.8994896812883175,0.8994896812883175,0.8994896812883175,0.9094896812883175,0.9094896812883175
400,1.0,0.99,0.98,0.99,1.0,1.0,1.0,1.0,1.0,1.0,1.0,1.0,1.0
401,0.9285775942643131,0.9485775942643131,0.9485775942643131,0.9485775942643131,0.9485775942643131,0.9485775942643131,0.9485775942643131,0.9235775942643131,0.9335775942643131,0.9335775942643131,0.9235775942643131,0.9235775942643131,0.9235775942643131
402,0.9324592169212806,0.9324592169212806,0.9324592169212806,0.9424592169212807,0.9424592169212807,0.9424592169212807,0.9224592169212806,0.9224592169212806,0.9324592169212806,0.9324592169212806,0.9324592169212806,0.9424592169212807,0.9524592169212807
403,1.0,1.0,0.99,1.0,0.99,0.99,0.96,0.96,0.96,0.965,0.965,1.0,0.98
404,0.9735833489415666,0.9735833489415666,0.9935833489415666,1.0,1.0,1.0,1.0,1.0,1.0,1.0,0.995,0.975,0.975
405,0.9563351570120043,0.9563351570120043,0.9563351570120043,0.9363351570120043,0.9263351570120043,0.9363351570120043,0.9263351570120043,0.9363351570120043,0.9463351570120043,0.9363351570120043,0.9363351570120043,0.9263351570120043,0.9363351570120043
406,0.9116380887672894,0.9116380887672894,0.9216380887672894,0.9116380887672894,0.9116380887672894,0.9216380887672894,0.9116380887672894,0.9016380887672893,0.9016380887672893,0.9016380887672893,0.9016380887672893,0.9016380887672893,0.9016380887672893
407,0.9888531219863244,0.9788531219863243,0.9788531219863243,0.9788531219863243,0.9688531219863243,0.9688531219863243,0.9688531219863243,0.9588531219863243,0.9588531219863243,0.9688531219863243,0.9788531219863243,0.9788531219863243,0.9788531219863243
408,1.0,0.99,0.99,0.98,1.0,1.0,1.0,1.0,1.0,1.0,1.0,1.0,1.0
409,1.0,1.0,1.0,1.0,1.0,1.0,1.0,1.0,0.995,0.995,0.975,0.975,0.945
410,1.0,1.0,1.0,1.0,1.0,0.99,1.0,1.0,1.0,1.0,1.0,1.0,1.0
411,0.9504174304388692,0.9304174304388692,0.9104174304388691,0.9204174304388691,0.9304174304388692,0.9104174304388691,0.9304174304388692,0.9204174304388691,0.9104174304388691,0.9104174304388691,0.9154174304388691,0.9254174304388691,0.9254174304388691
412,0.9191148109102525,0.9391148109102525,0.9291148109102525,0.9291148109102525,0.9491148109102525,0.9341148109102525,0.9341148109102525,0.9341148109102525,0.9341148109102525,0.9041148109102525,0.9041148109102525,0.9141148109102525,0.9241148109102525
413,1.0,1.0,1.0,0.99,0.99,1.0,1.0,1.0,1.0,1.0,0.99,0.99,0.98
414,0.9360793146400367,0.9460793146400367,0.9460793146400367,0.9460793146400367,0.9560793146400367,0.9560793146400367,0.9560793146400367,0.9360793146400367,0.9360793146400367,0.9360793146400367,0.9360793146400367,0.9460793146400367,0.9260793146400367
415,0.9562816043939429,0.9362816043939429,0.9162816043939429,0.9162816043939429,0.9212816043939429,0.9312816043939429,0.9312816043939429,0.9312816043939429,0.9312816043939429,0.9312816043939429,0.9312816043939429,0.9212816043939429,0.9312816043939429
416,0.911082318271466,0.911082318271466,0.921082318271466,0.931082318271466,0.941082318271466,0.951082318271466,0.931082318271466,0.941082318271466,0.941082318271466,0.951082318271466,0.946082318271466,0.946082318271466,0.926082318271466
417,0.9101305707855532,0.9101305707855532,0.9101305707855532,0.9101305707855532,0.9101305707855532,0.9001305707855531,0.9201305707855532,0.9201305707855532,0.9301305707855532,0.9301305707855532,0.9301305707855532,0.9501305707855532,0.9401305707855532
418,0.9818575777976575,0.9918575777976575,0.9918575777976575,0.9918575777976575,0.9718575777976575,0.9718575777976575,0.9618575777976575,0.9518575777976575,0.9618575777976575,0.9868575777976575,0.9868575777976575,0.9568575777976575,0.9668575777976575
419,0.851717791346534,0.841717791346534,0.841717791346534,0.821717791346534,0.811717791346534,0.811717791346534,0.811717791346534,0.811717791346534,0.811717791346534,0.811717791346534,0.811717791346534,0.831717791346534,0.821717791346534
420,1.0,1.0,0.99,0.96,0.96,0.96,0.98,0.98,0.98,0.97,0.97,0.97,0.97
421,0.8656279940713554,0.8556279940713554,0.8456279940713554,0.8356279940713554,0.8456279940713554,0.8456279940713554,0.8756279940713554,0.8756279940713554,0.8556279940713554,0.8356279940713554,0.8356279940713554,0.8556279940713554,0.8556279940713554
422,1.0,1.0,1.0,1.0,0.99,0.99,0.98,0.97,0.98,0.99,0.99,1.0,1.0
423,0.9691406142009851,0.949140614200985,0.9591406142009851,0.929140614200985,0.934140614200985,0.944140614200985,0.944140614200985,0.944140614200985,0.9541406142009851,0.9541406142009851,0.9741406142009851,0.9741406142009851,0.9741406142009851
424,1.0,1.0,0.99,0.97,0.97,0.985,0.975,0.975,0.985,0.985,0.985,0.995,0.965
425,1.0,1.0,0.97,0.97,0.97,0.98,0.97,0.985,0.985,0.985,0.995,0.995,1.0
426,0.8855202897859991,0.875520289785999,0.855520289785999,0.845520289785999,0.850520289785999,0.860520289785999,0.8905202897859991,0.870520289785999,0.880520289785999,0.880520289785999,0.880520289785999,0.9005202897859991,0.9005202897859991
427,1.0,0.98,0.98,0.99,0.99,1.0,1.0,0.985,0.995,0.985,0.985,0.975,0.975
428,0.9390639892818405,0.9490639892818405,0.9390639892818405,0.9390639892818405,0.9290639892818405,0.9190639892818405,0.9190639892818405,0.9090639892818405,0.8990639892818405,0.9040639892818405,0.9040639892818405,0.9240639892818405,0.9240639892818405
429,1.0,1.0,1.0,0.99,1.0,0.99,0.99,1.0,0.98,0.99,1.0,0.99,0.97
430,0.9187169011833176,0.8987169011833176,0.9087169011833176,0.9087169011833176,0.9287169011833176,0.9287169011833176,0.9487169011833176,0.9487169011833176,0.9287169011833176,0.9287169011833176,0.9287169011833176,0.9087169011833176,0.8887169011833176
431,1.0,1.0,0.99,0.99,0.99,0.99,0.99,1.0,1.0,1.0,1.0,1.0,1.0
432,0.8854946211357059,0.8854946211357059,0.8854946211357059,0.8854946211357059,0.8754946211357059,0.8754946211357059,0.8654946211357059,0.8954946211357059,0.9054946211357059,0.8954946211357059,0.9054946211357059,0.9054946211357059,0.8754946211357059
433,0.9667171570817609,0.9767171570817609,0.9767171570817609,0.9767171570817609,0.9767171570817609,0.9767171570817609,0.9867171570817609,0.9767171570817609,0.9867171570817609,0.9867171570817609,0.9867171570817609,0.9967171570817609,0.9967171570817609
434,0.9732948660226902,0.9832948660226902,0.9832948660226902,0.9632948660226902,0.9632948660226902,0.9432948660226902,0.9432948660226902,0.9332948660226902,0.9432948660226902,0.9432948660226902,0.9432948660226902,0.9332948660226902,0.9532948660226902
435,0.9779727372749343,0.9779727372749343,0.9679727372749343,0.9579727372749343,0.9479727372749343,0.9679727372749343,0.9479727372749343,0.9679727372749343,0.9679727372749343,0.9679727372749343,0.9479727372749343,0.9479727372749343,0.9679727372749343
436,0.9391735408583066,0.9291735408583066,0.9291735408583066,0.9291735408583066,0.9291735408583066,0.9391735408583066,0.9491735408583066,0.9691735408583066,0.9691735408583066,0.9691735408583066,0.9691735408583066,0.9591735408583066,0.9691735408583066
437,1.0,1.0,0.99,0.99,0.99,0.99,0.98,0.97,0.97,0.95,0.95,0.95,0.94
438,1.0,0.99,0.99,0.97,0.97,0.97,0.97,0.97,0.97,0.97,0.97,0.96,0.965
439,0.9602220446389307,0.9602220446389307,0.9502220446389307,0.9502220446389307,0.9502220446389307,0.9602220446389307,0.9602220446389307,0.9602220446389307,0.9802220446389307,0.9802220446389307,0.9902220446389307,1.0,1.0
440,0.8832378834869901,0.8832378834869901,0.8932378834869901,0.87323788348699,0.86323788348699,0.87323788348699,0.8932378834869901,0.9032378834869901,0.8782378834869901,0.8782378834869901,0.8982378834869901,0.8982378834869901,0.8982378834869901
441,0.9167267009084388,0.9167267009084388,0.9167267009084388,0.9067267009084388,0.9067267009084388,0.9267267009084388,0.9267267009084388,0.9467267009084388,0.9367267009084388,0.9367267009084388,0.9367267009084388,0.9367267009084388,0.9367267009084388
442,0.9514608328362963,0.9514608328362963,0.9114608328362963,0.9164608328362963,0.9164608328362963,0.9364608328362963,0.9164608328362963,0.9264608328362963,0.9264608328362963,0.9264608328362963,0.9264608328362963,0.9264608328362963,0.9264608328362963
443,0.888874666066938,0.868874666066938,0.878874666066938,0.858874666066938,0.848874666066938,0.858874666066938,0.858874666066938,0.868874666066938,0.868874666066938,0.848874666066938,0.848874666066938,0.848874666066938,0.853874666066938
444,0.9176666863097368,0.9276666863097368,0.9276666863097368,0.9276666863097368,0.9376666863097368,0.9176666863097368,0.9176666863097368,0.9176666863097368,0.9076666863097368,0.8976666863097368,0.8976666863097368,0.8976666863097368,0.9276666863097368
445,0.9148653639475733,0.9148653639475733,0.8948653639475733,0.9048653639475733,0.9148653639475733,0.9248653639475733,0.9248653639475733,0.9148653639475733,0.9148653639475733,0.9148653639475733,0.9148653639475733,0.9148653639475733,0.9248653639475733
446,1.0,1.0,1.0,1.0,0.99,1.0,1.0,1.0,1.0,0.99,0.99,0.99,0.99
447,1.0,0.99,0.99,1.0,0.99,1.0,1.0,1.0,1.0,1.0,0.985,0.995,0.995
448,0.8898025698855028,0.8998025698855028,0.8998025698855028,0.8998025698855028,0.8998025698855028,0.8998025698855028,0.8998025698855028,0.8998025698855028,0.8998025698855028,0.8998025698855028,0.8998025698855028,0.8898025698855028,0.8898025698855028
449,1.0,1.0,1.0,1.0,0.95,0.95,0.95,0.955,0.955,0.965,0.965,0.965,0.945
450,0.823263720530004,0.823263720530004,0.843263720530004,0.843263720530004,0.843263720530004,0.843263720530004,0.863263720530004,0.853263720530004,0.843263720530004,0.843263720530004,0.843263720530004,0.833263720530004,0.813263720530004
451,1.0,1.0,1.0,1.0,1.0,1.0,0.99,1.0,1.0,1.0,1.0,1.0,1.0
452,1.0,0.99,0.98,0.98,0.97,0.98,0.98,0.99,0.99,0.99,0.98,1.0,1.0
453,0.9969594703355004,0.9969594703355004,0.9969594703355004,1.0,1.0,1.0,1.0,1.0,1.0,0.99,1.0,1.0,1.0
454,0.9630995847299401,0.9630995847299401,0.9630995847299401,0.95309958472994,0.95309958472994,0.95309958472994,0.9630995847299401,0.95309958472994,0.9830995847299401,0.9930995847299401,0.9930995847299401,0.9830995847299401,0.9830995847299401
455,0.9965895346233564,1.0,1.0,1.0,0.995,0.975,0.975,0.975,0.955,0.945,0.955,0.955,0.955
456,0.9983197609067447,0.9983197609067447,0.9983197609067447,1.0,1.0,1.0,1.0,1.0,1.0,1.0,0.985,0.985,0.995
457,0.9338890800987771,0.9338890800987771,0.9338890800987771,0.9338890800987771,0.9338890800987771,0.9338890800987771,0.9338890800987771,0.9338890800987771,0.9338890800987771,0.9438890800987771,0.9338890800987771,0.9338890800987771,0.9338890800987771
458,0.9911854217669761,0.9911854217669761,0.9811854217669761,0.9711854217669761,0.9711854217669761,0.9711854217669761,0.9711854217669761,0.9711854217669761,0.9611854217669761,0.9911854217669761,1.0,1.0,1.0
459,0.9507299506500658,0.9307299506500658,0.9307299506500658,0.9507299506500658,0.9607299506500658,0.9707299506500658,0.9707299506500658,0.9807299506500659,0.9807299506500659,0.9707299506500658,0.9807299506500659,0.9907299506500659,0.9857299506500659
460,0.9187946768935115,0.9187946768935115,0.9487946768935115,0.9387946768935115,0.9187946768935115,0.9287946768935115,0.9487946768935115,0.9387946768935115,0.9387946768935115,0.9387946768935115,0.9387946768935115,0.9587946768935115,0.9387946768935115
461,0.955941753373294,0.955941753373294,0.945941753373294,0.955941753373294,0.935941753373294,0.935941753373294,0.935941753373294,0.925941753373294,0.935941753373294,0.935941753373294,0.925941753373294,0.935941753373294,0.960941753373294
462,0.9717770157303541,0.9717770157303541,0.9617770157303541,0.9617770157303541,0.9517770157303541,0.9517770157303541,0.9767770157303541,0.9767770157303541,0.9667770157303541,0.9667770157303541,0.9567770157303541,0.9567770157303541,0.9567770157303541
463,1.0,1.0,1.0,1.0,0.975,0.965,0.955,0.955,0.955,0.945,0.945,0.945,0.9349999999999999
464,0.9747742349640869,0.9747742349640869,0.9747742349640869,0.9747742349640869,0.9847742349640869,0.9747742349640869,0.9347742349640868,0.9347742349640868,0.9447742349640869,0.9347742349640868,0.9397742349640869,0.9397742349640869,0.9497742349640869
465,0.9555612852152532,0.9355612852152532,0.9655612852152532,0.9555612852152532,0.9555612852152532,0.9655612852152532,0.9955612852152532,0.9855612852152532,0.9705612852152532,0.9705612852152532,0.9705612852152532,0.9705612852152532,0.9705612852152532
466,0.9234831186050424,0.9234831186050424,0.9234831186050424,0.9134831186050424,0.9034831186050424,0.9284831186050424,0.9184831186050424,0.9484831186050424,0.9284831186050424,0.9284831186050424,0.9284831186050424,0.9184831186050424,0.9384831186050424
467,0.9114745297835455,0.9114745297835455,0.9014745297835455,0.9014745297835455,0.9014745297835455,0.9014745297835455,0.8914745297835455,0.8914745297835455,0.8914745297835455,0.8814745297835455,0.8814745297835455,0.8814745297835455,0.8964745297835455
468,0.9427908643241656,0.9727908643241656,0.9577908643241656,0.9577908643241656,0.9577908643241656,0.9677908643241656,0.9777908643241656,0.9777908643241656,0.9777908643241656,0.9777908643241656,0.9777908643241656,0.9677908643241656,0.9677908643241656
469,0.8652945856176666,0.8752945856176666,0.8752945856176666,0.8752945856176666,0.8752945856176666,0.8552945856176666,0.8952945856176666,0.8952945856176666,0.8652945856176666,0.8752945856176666,0.8752945856176666,0.8652945856176666,0.8652945856176666
470,0.941094241433429,0.941094241433429,0.941094241433429,0.921094241433429,0.921094241433429,0.911094241433429,0.901094241433429,0.906094241433429,0.936094241433429,0.966094241433429,0.956094241433429,0.956094241433429,0.956094241433429
471,0.8787941142376982,0.8787941142376982,0.8687941142376981,0.8687941142376981,0.8887941142376982,0.8787941142376982,0.8687941142376981,0.8687941142376981,0.8587941142376981,0.8587941142376981,0.8687941142376981,0.8587941142376981,0.8587941142376981
472,0.9182364958942744,0.9182364958942744,0.9282364958942744,0.9482364958942744,0.9382364958942744,0.9382364958942744,0.9382364958942744,0.9382364958942744,0.9482364958942744,0.9582364958942744,0.9582364958942744,0.9582364958942744,0.9582364958942744
473,0.8317516881888036,0.8217516881888036,0.8217516881888036,0.8017516881888036,0.8017516881888036,0.8217516881888036,0.8117516881888036,0.8117516881888036,0.8217516881888036,0.8117516881888036,0.8217516881888036,0.8217516881888036,0.8217516881888036
474,0.9459211006327523,0.9459211006327523,0.9459211006327523,0.9159211006327522,0.9259211006327522,0.9259211006327522,0.9259211006327522,0.9259211006327522,0.9259211006327522,0.9259211006327522,0.9359211006327522,0.9459211006327523,0.9459211006327523
475,1.0,0.98,0.98,0.99,0.97,0.98,0.96,0.965,0.965,0.965,0.955,0.955,0.985
476,1.0,0.99,0.99,1.0,1.0,0.97,0.98,0.96,0.96,0.95,0.98,0.98,0.97
477,1.0,1.0,1.0,1.0,0.98,0.97,0.97,0.99,0.99,0.99,1.0,0.99,0.99
478,0.9450633663201334,0.9650633663201335,0.9650633663201335,0.9650633663201335,0.9650633663201335,0.9550633663201334,0.9350633663201334,0.9350633663201334,0.9450633663201334,0.9550633663201334,0.9650633663201335,0.9750633663201335,0.9750633663201335
479,1.0,1.0,1.0,0.97,0.96,0.97,0.96,0.965,0.965,0.975,0.965,0.965,0.975
480,0.9926244354265739,1.0,1.0,1.0,0.98,0.98,0.98,0.97,0.96,0.97,0.97,0.96,0.96
481,1.0,1.0,1.0,0.97,0.98,0.98,0.99,0.99,0.99,1.0,0.98,0.98,0.98
482,0.9681347462138146,0.9681347462138146,0.9581347462138146,0.9581347462138146,0.9681347462138146,0.9581347462138146,0.9781347462138146,1.0,1.0,1.0,1.0,0.99,0.975
483,0.975292567526838,0.965292567526838,0.965292567526838,0.965292567526838,0.985292567526838,0.985292567526838,0.985292567526838,0.985292567526838,0.995292567526838,1.0,1.0,1.0,1.0
484,0.9681905824209329,0.9581905824209329,0.9481905824209329,0.9381905824209329,0.9481905824209329,0.9381905824209329,0.9381905824209329,0.9381905824209329,0.9381905824209329,0.9381905824209329,0.9281905824209329,0.9281905824209329,0.9331905824209329
485,0.9764418670913662,0.9764418670913662,0.9864418670913662,0.9864418670913662,1.0,0.98,0.98,1.0,0.99,0.98,0.99,1.0,0.99
486,0.8694603402543576,0.8594603402543576,0.8694603402543576,0.8594603402543576,0.8494603402543576,0.8494603402543576,0.8294603402543576,0.8344603402543576,0.8444603402543576,0.8544603402543576,0.8644603402543576,0.8644603402543576,0.8644603402543576
487,0.9663933477327288,0.9563933477327288,0.9463933477327288,0.9563933477327288,0.9563933477327288,0.9763933477327288,0.9663933477327288,0.9663933477327288,0.9663933477327288,0.9463933477327288,0.9363933477327288,0.9513933477327288,0.9713933477327288
488,0.9479485506695571,0.9479485506695571,0.9779485506695571,0.9779485506695571,0.9679485506695571,0.9779485506695571,0.9879485506695571,0.9829485506695571,0.9829485506695571,0.9829485506695571,0.9829485506695571,0.9729485506695571,0.9829485506695571
489,0.9261790685865499,0.9161790685865498,0.9261790685865499,0.9261790685865499,0.9261790685865499,0.9261790685865499,0.9161790685865498,0.9161790685865498,0.9161790685865498,0.9061790685865498,0.9061790685865498,0.9261790685865499,0.9161790685865498
490,1.0,1.0,1.0,0.98,0.97,0.97,0.97,0.99,1.0,1.0,1.0,1.0,0.995
491,1.0,1.0,1.0,1.0,1.0,0.97,0.97,0.97,0.96,0.96,0.96,0.97,0.99
492,0.8843225642561118,0.8843225642561118,0.8843225642561118,0.8643225642561118,0.8643225642561118,0.8643225642561118,0.8643225642561118,0.8743225642561118,0.8643225642561118,0.8643225642561118,0.8643225642561118,0.8643225642561118,0.8743225642561118
493,0.9875830361605547,0.9975830361605547,0.9775830361605546,1.0,0.99,0.99,0.99,0.99,0.99,0.99,0.99,0.96,0.95
494,1.0,1.0,0.99,1.0,1.0,1.0,1.0,0.99,0.95,0.965,0.965,0.975,0.985
495,0.9420748907724721,0.9420748907724721,0.9420748907724721,0.9420748907724721,0.9420748907724721,0.9520748907724721,0.9420748907724721,0.9420748907724721,0.9520748907724721,0.9320748907724721,0.9320748907724721,0.9320748907724721,0.9120748907724721
496,0.8893564004096367,0.8893564004096367,0.8793564004096367,0.8793564004096367,0.8793564004096367,0.8793564004096367,0.8793564004096367,0.8793564004096367,0.8793564004096367,0.8793564004096367,0.8893564004096367,0.8893564004096367,0.8993564004096367
497,0.9914438878103891,1.0,1.0,1.0,1.0,1.0,1.0,1.0,1.0,1.0,1.0,0.99,0.98
498,1.0,1.0,1.0,0.99,1.0,1.0,0.98,0.99,1.0,1.0,0.99,0.99,0.99
499,1.0,1.0,0.99,1.0,1.0,1.0,1.0,1.0,0.975,0.975,0.975,0.975,0.975
500,0.9987453783576954,0.9987453783576954,0.9987453783576954,0.9887453783576954,0.9887453783576954,0.9887453783576954,0.9887453783576954,0.9987453783576954,0.9987453783576954,0.9887453783576954,0.9787453783576954,0.9787453783576954,0.9887453783576954
501,0.9786681196657695,0.9686681196657695,0.9686681196657695,0.9886681196657695,0.9886681196657695,0.9786681196657695,0.9786681196657695,0.9886681196657695,0.9886681196657695,0.9536681196657695,0.9536681196657695,0.9636681196657695,0.9636681196657695
502,0.9314852956774611,0.9114852956774611,0.9114852956774611,0.9214852956774611,0.9414852956774611,0.9414852956774611,0.9414852956774611,0.9414852956774611,0.9414852956774611,0.9614852956774611,0.9614852956774611,0.9614852956774611,0.9514852956774611
503,1.0,1.0,1.0,1.0,1.0,1.0,1.0,1.0,0.98,0.99,0.98,1.0,0.975
504,0.9128947112163438,0.8928947112163438,0.9028947112163438,0.9028947112163438,0.9028947112163438,0.8928947112163438,0.8928947112163438,0.8928947112163438,0.8928947112163438,0.8928947112163438,0.8928947112163438,0.8928947112163438,0.9028947112163438
505,0.9136307229071532,0.9436307229071532,0.9436307229071532,0.9436307229071532,0.9436307229071532,0.9136307229071532,0.9136307229071532,0.9236307229071532,0.9236307229071532,0.9136307229071532,0.9236307229071532,0.9336307229071532,0.9336307229071532
506,1.0,1.0,1.0,1.0,1.0,1.0,1.0,1.0,1.0,0.99,0.99,0.97,0.97
507,1.0,1.0,0.99,0.99,1.0,1.0,1.0,1.0,0.98,0.98,0.99,1.0,1.0
508,0.9927806072858391,0.9927806072858391,0.9927806072858391,0.982780607285839,1.0,0.975,0.985,0.985,1.0,1.0,1.0,1.0,1.0
509,0.8601909289892338,0.8401909289892338,0.8301909289892337,0.8401909289892338,0.8301909289892337,0.8301909289892337,0.8301909289892337,0.8301909289892337,0.8201909289892337,0.8201909289892337,0.8301909289892337,0.8501909289892338,0.8601909289892338
510,0.9525034027037815,0.9425034027037815,0.9625034027037815,0.9625034027037815,0.9425034027037815,0.9425034027037815,0.9525034027037815,0.9425034027037815,0.9425034027037815,0.9325034027037815,0.9325034027037815,0.9425034027037815,0.9225034027037815
511,0.976764591403167,0.976764591403167,0.976764591403167,0.976764591403167,0.9567645914031669,0.9567645914031669,0.9567645914031669,0.9467645914031669,0.9567645914031669,0.9567645914031669,0.9567645914031669,0.981764591403167,0.971764591403167
512,0.9905272406471408,0.9805272406471408,0.9605272406471408,0.9755272406471408,0.9655272406471408,0.9855272406471408,0.9955272406471408,0.9955272406471408,1.0,0.99,0.99,1.0,1.0
513,0.941725772025198,0.941725772025198,0.931725772025198,0.931725772025198,0.941725772025198,0.931725772025198,0.931725772025198,0.931725772025198,0.931725772025198,0.941725772025198,0.931725772025198,0.931725772025198,0.931725772025198
514,0.8926477540922457,0.8826477540922457,0.8826477540922457,0.8826477540922457,0.8826477540922457,0.8726477540922457,0.8626477540922457,0.8626477540922457,0.8726477540922457,0.8826477540922457,0.9126477540922457,0.9326477540922458,0.9226477540922458
515,0.9856959461221371,0.9756959461221371,0.9756959461221371,0.955695946122137,0.955695946122137,0.955695946122137,0.965695946122137,0.965695946122137,0.945695946122137,0.950695946122137,0.950695946122137,0.950695946122137,0.950695946122137
516,0.9970704617245406,1.0,1.0,1.0,0.99,0.98,0.98,0.98,0.99,1.0,0.995,0.985,0.975
517,0.816432695105877,0.816432695105877,0.806432695105877,0.806432695105877,0.806432695105877,0.806432695105877,0.786432695105877,0.786432695105877,0.816432695105877,0.806432695105877,0.786432695105877,0.801432695105877,0.781432695105877
518,0.9307110720180247,0.9207110720180247,0.9007110720180247,0.9007110720180247,0.9207110720180247,0.9207110720180247,0.9107110720180247,0.9307110720180247,0.9507110720180247,0.9407110720180247,0.9507110720180247,0.9507110720180247,0.9707110720180248
519,0.999830424167324,0.979830424167324,0.979830424167324,0.979830424167324,0.999830424167324,0.999830424167324,0.999830424167324,0.989830424167324,0.959830424167324,0.959830424167324,0.979830424167324,0.989830424167324,1.0
520,1.0,1.0,1.0,0.97,0.97,0.96,0.96,0.96,0.96,0.95,0.94,0.95,0.95
521,0.9377110283343262,0.9277110283343262,0.9377110283343262,0.9377110283343262,0.9377110283343262,0.9377110283343262,0.9477110283343262,0.9577110283343262,0.9677110283343262,0.9677110283343262,0.9577110283343262,0.9577110283343262,0.9477110283343262
522,0.9584745131334966,0.9584745131334966,0.9784745131334966,0.9984745131334967,0.9984745131334967,0.9984745131334967,0.9884745131334967,0.9684745131334966,0.9684745131334966,0.9784745131334966,0.9984745131334967,0.9934745131334967,0.9934745131334967
523,0.955290073759601,0.945290073759601,0.9252900737596009,0.9352900737596009,0.945290073759601,0.945290073759601,0.955290073759601,0.955290073759601,0.955290073759601,0.975290073759601,0.955290073759601,0.945290073759601,0.945290073759601
524,0.9706797734244218,0.9506797734244218,0.9606797734244218,0.9606797734244218,0.9806797734244218,0.9806797734244218,0.9906797734244218,0.9906797734244218,0.9906797734244218,1.0,1.0,0.985,0.985
525,0.9140521809436943,0.9140521809436943,0.9140521809436943,0.9240521809436943,0.9240521809436943,0.9040521809436943,0.9040521809436943,0.8940521809436943,0.8940521809436943,0.8940521809436943,0.8940521809436943,0.8940521809436943,0.8840521809436943
526,0.930400096699937,0.950400096699937,0.940400096699937,0.940400096699937,0.940400096699937,0.950400096699937,0.940400096699937,0.9204000966999369,0.9204000966999369,0.9104000966999369,0.9104000966999369,0.9004000966999369,0.9004000966999369
527,1.0,1.0,1.0,1.0,1.0,1.0,1.0,1.0,1.0,1.0,1.0,1.0,1.0
528,0.883957869763092,0.883957869763092,0.893957869763092,0.883957869763092,0.903957869763092,0.903957869763092,0.873957869763092,0.873957869763092,0.883957869763092,0.883957869763092,0.893957869763092,0.893957869763092,0.873957869763092
529,0.9625400099675104,0.9525400099675104,0.9525400099675104,0.9725400099675104,0.9625400099675104,0.9625400099675104,0.9625400099675104,0.9625400099675104,0.9625400099675104,0.9625400099675104,0.9925400099675105,0.9925400099675105,0.9925400099675105
530,1.0,1.0,1.0,1.0,1.0,1.0,1.0,1.0,1.0,0.99,0.98,0.98,0.97
531,1.0,1.0,1.0,1.0,1.0,1.0,0.98,0.99,1.0,1.0,0.99,0.98,0.99
532,0.9124409055632144,0.9124409055632144,0.9224409055632145,0.9224409055632145,0.9224409055632145,0.9224409055632145,0.9024409055632144,0.9024409055632144,0.9224409055632145,0.9224409055632145,0.9424409055632145,0.9524409055632145,0.9424409055632145
533,0.7776720156265549,0.7776720156265549,0.7876720156265549,0.7776720156265549,0.7576720156265548,0.7576720156265548,0.7576720156265548,0.7676720156265548,0.7676720156265548,0.7676720156265548,0.7876720156265549,0.7776720156265549,0.7776720156265549
534,0.9359457984194146,0.9359457984194146,0.9459457984194146,0.9759457984194146,0.9759457984194146,0.9559457984194146,0.9559457984194146,0.9559457984194146,0.9559457984194146,0.9359457984194146,0.9359457984194146,0.9259457984194146,0.9159457984194146
535,0.976440281433212,0.976440281433212,0.986440281433212,0.976440281433212,0.986440281433212,0.976440281433212,1.0,1.0,1.0,0.995,0.995,0.985,0.985
536,1.0,1.0,1.0,1.0,1.0,1.0,0.98,0.99,0.99,0.99,1.0,1.0,0.99
537,1.0,1.0,1.0,1.0,1.0,1.0,1.0,1.0,0.985,1.0,0.96,0.95,0.96
538,0.8286844958686626,0.8186844958686625,0.8286844958686626,0.7886844958686625,0.7936844958686625,0.7936844958686625,0.8036844958686625,0.8036844958686625,0.8236844958686625,0.8236844958686625,0.8336844958686626,0.8436844958686626,0.8436844958686626
539,0.9475805079241831,0.9475805079241831,0.9575805079241831,0.9575805079241831,0.9475805079241831,0.9575805079241831,0.9375805079241831,0.9375805079241831,0.9375805079241831,0.9475805079241831,0.9475805079241831,0.9475805079241831,0.9175805079241831
540,1.0,1.0,0.99,1.0,1.0,1.0,1.0,0.98,0.98,0.96,0.96,0.96,0.96
541,1.0,1.0,1.0,1.0,1.0,0.99,0.98,0.98,0.99,0.99,1.0,1.0,1.0
542,0.8623729649289456,0.8623729649289456,0.8623729649289456,0.8823729649289456,0.8823729649289456,0.9023729649289456,0.8973729649289456,0.8973729649289456,0.8873729649289456,0.8873729649289456,0.8973729649289456,0.8973729649289456,0.8973729649289456
543,1.0,1.0,1.0,1.0,1.0,1.0,0.99,0.97,0.96,0.95,0.9299999999999999,0.95,0.95
544,0.9573119004411299,0.9273119004411299,0.9373119004411299,0.9373119004411299,0.9573119004411299,0.9573119004411299,0.9673119004411299,0.9673119004411299,0.9873119004411299,0.9973119004411299,0.9923119004411299,0.9823119004411299,0.96231190044113
545,0.9030812084389087,0.9130812084389087,0.9130812084389087,0.9230812084389087,0.9330812084389087,0.9130812084389087,0.9030812084389087,0.8930812084389087,0.8930812084389087,0.8930812084389087,0.8930812084389087,0.9030812084389087,0.8830812084389087
546,0.9484284607301013,0.9384284607301013,0.9584284607301014,0.9584284607301014,0.9484284607301013,0.9584284607301014,0.9484284607301013,0.9484284607301013,0.9484284607301013,0.9284284607301013,0.9534284607301013,0.9734284607301014,0.9834284607301014
547,0.9460861663397195,0.9460861663397195,0.9260861663397195,0.9510861663397195,0.9310861663397195,0.9210861663397195,0.9010861663397195,0.9010861663397195,0.9010861663397195,0.9010861663397195,0.9010861663397195,0.9010861663397195,0.9010861663397195
548,0.9098655304940853,0.8898655304940852,0.9098655304940853,0.8898655304940852,0.8898655304940852,0.8898655304940852,0.8898655304940852,0.9098655304940853,0.8898655304940852,0.8798655304940852,0.8798655304940852,0.8798655304940852,0.8948655304940852
549,0.9448175941166214,0.9448175941166214,0.9448175941166214,0.9648175941166214,0.9648175941166214,0.9648175941166214,0.9548175941166214,0.9348175941166214,0.9348175941166214,0.9348175941166214,0.9548175941166214,0.9448175941166214,0.9348175941166214
550,0.9742278271914045,0.9642278271914045,1.0,1.0,1.0,0.99,0.99,0.99,0.99,0.97,0.97,0.97,0.99
551,1.0,1.0,0.99,0.99,1.0,1.0,1.0,0.96,0.975,1.0,1.0,1.0,1.0
552,0.8652383449791217,0.8652383449791217,0.8552383449791217,0.8552383449791217,0.8552383449791217,0.8352383449791216,0.8502383449791217,0.8502383449791217,0.8402383449791216,0.8402383449791216,0.8302383449791216,0.8502383449791217,0.8602383449791217
553,0.9115491565536427,0.9015491565536426,0.9015491565536426,0.9115491565536427,0.9115491565536427,0.9215491565536427,0.9215491565536427,0.9315491565536427,0.9015491565536426,0.9215491565536427,0.9215491565536427,0.9215491565536427,0.9115491565536427
554,1.0,1.0,0.99,0.99,0.98,0.97,0.97,0.985,0.955,0.955,0.975,1.0,1.0
555,0.9230279448536585,0.9030279448536584,0.8930279448536584,0.8930279448536584,0.8930279448536584,0.9030279448536584,0.9130279448536585,0.9130279448536585,0.9330279448536585,0.9430279448536585,0.9130279448536585,0.9130279448536585,0.9130279448536585
556,0.8950445967112547,0.8950445967112547,0.8850445967112547,0.8950445967112547,0.8950445967112547,0.8750445967112547,0.8650445967112547,0.8850445967112547,0.8850445967112547,0.8850445967112547,0.8850445967112547,0.9050445967112547,0.9150445967112547
557,0.9371194161327453,0.9371194161327453,0.9371194161327453,0.9271194161327453,0.9271194161327453,0.9271194161327453,0.9271194161327453,0.9371194161327453,0.9271194161327453,0.9371194161327453,0.9371194161327453,0.9571194161327453,0.9571194161327453
558,0.9476306282713937,0.9476306282713937,0.9576306282713937,0.9376306282713937,0.9476306282713937,0.9576306282713937,0.9576306282713937,0.9576306282713937,0.9576306282713937,0.9676306282713937,0.9476306282713937,0.9476306282713937,0.9476306282713937
559,1.0,1.0,1.0,1.0,1.0,1.0,1.0,1.0,1.0,0.99,0.98,0.98,0.97
560,0.9292704497353638,0.9092704497353638,0.9092704497353638,0.9092704497353638,0.8892704497353637,0.8892704497353637,0.8942704497353637,0.8942704497353637,0.9042704497353637,0.9042704497353637,0.8942704497353637,0.9042704497353637,0.9242704497353638
561,0.9720887145917246,0.9620887145917246,0.9720887145917246,0.9520887145917246,0.9420887145917246,0.9320887145917246,0.9370887145917246,0.9370887145917246,0.9370887145917246,0.9470887145917246,0.9470887145917246,0.9470887145917246,0.9370887145917246
562,0.8911840460067786,0.9011840460067786,0.9211840460067786,0.9311840460067786,0.9261840460067786,0.9261840460067786,0.9261840460067786,0.9261840460067786,0.9161840460067786,0.8961840460067786,0.8961840460067786,0.9061840460067786,0.9261840460067786
563,0.9139253751412343,0.8939253751412343,0.9139253751412343,0.9039253751412343,0.9039253751412343,0.9039253751412343,0.9239253751412343,0.9339253751412343,0.9439253751412343,0.9439253751412343,0.9339253751412343,0.8939253751412343,0.9039253751412343
564,0.9264952355269749,0.9264952355269749,0.9264952355269749,0.9264952355269749,0.9264952355269749,0.9364952355269749,0.9564952355269749,0.9564952355269749,0.9564952355269749,0.9564952355269749,0.9414952355269749,0.9214952355269749,0.9114952355269749
565,0.8755733172517791,0.8855733172517791,0.8755733172517791,0.8855733172517791,0.8855733172517791,0.8755733172517791,0.8655733172517791,0.8555733172517791,0.8655733172517791,0.8655733172517791,0.8655733172517791,0.8655733172517791,0.8855733172517791
566,1.0,1.0,1.0,1.0,0.985,1.0,1.0,1.0,0.99,0.98,0.98,0.97,0.98
567,0.9165844392101855,0.9165844392101855,0.9265844392101855,0.9065844392101855,0.9165844392101855,0.9165844392101855,0.9165844392101855,0.9265844392101855,0.9265844392101855,0.9265844392101855,0.9265844392101855,0.9265844392101855,0.9465844392101855
568,0.9837053404723303,0.9937053404723303,1.0,0.99,1.0,1.0,1.0,1.0,0.995,0.985,1.0,1.0,1.0
569,0.9352056852993175,0.9352056852993175,0.9152056852993175,0.8952056852993174,0.8952056852993174,0.9052056852993174,0.9152056852993175,0.9152056852993175,0.9152056852993175,0.9252056852993175,0.9252056852993175,0.9352056852993175,0.9352056852993175
570,0.952537843881808,0.962537843881808,0.972537843881808,0.972537843881808,0.982537843881808,0.982537843881808,0.992537843881808,0.992537843881808,0.987537843881808,0.977537843881808,0.987537843881808,0.977537843881808,0.957537843881808
571,0.9579112208983139,0.977911220898314,0.977911220898314,0.9679112208983139,0.9679112208983139,0.9679112208983139,0.9679112208983139,0.9679112208983139,0.9679112208983139,0.987911220898314,0.987911220898314,0.977911220898314,0.997911220898314
572,1.0,0.99,0.98,0.98,0.97,0.97,0.97,0.96,0.965,0.975,0.955,0.955,0.955
573,0.9098451883952455,0.9198451883952455,0.9098451883952455,0.9098451883952455,0.9298451883952455,0.9198451883952455,0.9198451883952455,0.9198451883952455,0.9198451883952455,0.9298451883952455,0.9298451883952455,0.9298451883952455,0.9498451883952456
574,1.0,1.0,1.0,1.0,1.0,1.0,0.99,0.99,0.97,0.97,0.97,0.95,0.97
575,0.9601871984495512,0.9701871984495513,0.9501871984495512,0.9701871984495513,0.9901871984495513,0.9901871984495513,1.0,0.995,0.995,0.985,0.985,0.985,0.985
576,0.8945223257122761,0.8945223257122761,0.8845223257122761,0.8945223257122761,0.8745223257122761,0.8745223257122761,0.8745223257122761,0.8845223257122761,0.8945223257122761,0.8845223257122761,0.8845223257122761,0.8845223257122761,0.8845223257122761
577,1.0,1.0,1.0,1.0,1.0,1.0,1.0,1.0,0.99,0.99,0.99,0.99,0.99
578,0.9973291831493742,0.9973291831493742,0.9973291831493742,1.0,1.0,1.0,1.0,0.99,0.99,0.98,0.97,0.96,0.96
579,0.8942841611804411,0.9042841611804411,0.8942841611804411,0.8942841611804411,0.9042841611804411,0.9042841611804411,0.9042841611804411,0.9142841611804411,0.9242841611804411,0.9242841611804411,0.9242841611804411,0.9242841611804411,0.9042841611804411
580,0.842410065578615,0.822410065578615,0.832410065578615,0.832410065578615,0.832410065578615,0.832410065578615,0.822410065578615,0.822410065578615,0.822410065578615,0.832410065578615,0.832410065578615,0.832410065578615,0.842410065578615
581,0.9772259394054621,0.9672259394054621,0.9572259394054621,0.9572259394054621,0.9372259394054621,0.9422259394054621,0.9522259394054621,0.9522259394054621,0.9622259394054621,0.9522259394054621,0.9422259394054621,0.9522259394054621,0.9522259394054621
582,0.8837500305755586,0.8837500305755586,0.8837500305755586,0.9137500305755586,0.8987500305755586,0.9087500305755586,0.8887500305755586,0.8587500305755585,0.8587500305755585,0.8487500305755585,0.8487500305755585,0.8487500305755585,0.8687500305755586
583,0.903925984971922,0.903925984971922,0.893925984971922,0.883925984971922,0.873925984971922,0.873925984971922,0.873925984971922,0.873925984971922,0.873925984971922,0.863925984971922,0.868925984971922,0.868925984971922,0.868925984971922
584,1.0,1.0,0.99,0.98,0.98,0.99,0.99,0.96,0.96,0.96,0.96,0.97,0.97
585,0.9908047003971828,1.0,1.0,0.98,0.97,0.97,0.97,0.97,0.95,0.9299999999999999,0.9299999999999999,0.94,0.9299999999999999
586,0.9460051331814485,0.9860051331814486,0.9760051331814485,0.9660051331814485,0.9860051331814486,0.9860051331814486,0.9810051331814486,0.9910051331814486,0.9810051331814486,0.9610051331814485,0.9610051331814485,0.9510051331814485,0.9410051331814485
587,0.9150581385990442,0.9450581385990442,0.9350581385990442,0.9150581385990442,0.9150581385990442,0.9150581385990442,0.9150581385990442,0.8950581385990442,0.8950581385990442,0.8850581385990441,0.9250581385990442,0.8950581385990442,0.8950581385990442
588,1.0,0.99,1.0,0.99,1.0,0.98,0.97,0.98,0.99,0.99,0.98,0.98,0.99
589,0.8246098343676213,0.8346098343676213,0.8146098343676212,0.8046098343676212,0.8146098343676212,0.8146098343676212,0.8046098343676212,0.7946098343676212,0.7946098343676212,0.8046098343676212,0.8146098343676212,0.8146098343676212,0.8146098343676212
590,0.9936789894249479,0.9836789894249479,0.9836789894249479,0.9836789894249479,1.0,1.0,1.0,1.0,0.985,0.985,0.995,0.995,0.995
591,1.0,0.99,0.99,1.0,1.0,0.98,0.96,0.97,0.96,0.96,0.95,0.95,0.96
592,0.9773307395751786,0.9773307395751786,0.9773307395751786,0.9773307395751786,0.9573307395751786,0.9773307395751786,0.9773307395751786,0.9673307395751786,0.9573307395751786,0.9573307395751786,0.9373307395751785,0.9573307395751786,0.9573307395751786
593,1.0,1.0,1.0,1.0,1.0,0.99,0.98,0.98,1.0,0.995,0.995,0.995,0.995
594,1.0,1.0,1.0,0.99,1.0,0.98,0.98,0.99,0.98,0.97,0.96,0.97,0.98
595,0.92615395502089,0.93615395502089,0.93615395502089,0.9461539550208901,0.9461539550208901,0.9461539550208901,0.9461539550208901,0.9561539550208901,0.9561539550208901,0.9561539550208901,0.9461539550208901,0.9461539550208901,0.92615395502089
596,1.0,1.0,0.99,1.0,0.97,0.97,0.97,0.96,0.975,0.975,0.965,0.945,0.945
597,1.0,1.0,0.97,0.99,0.99,1.0,0.99,0.98,0.98,0.98,0.99,1.0,0.98
598,0.9709762269701295,0.9709762269701295,0.9609762269701295,0.9909762269701295,0.9809762269701295,0.9809762269701295,0.9709762269701295,0.9709762269701295,0.9609762269701295,0.9809762269701295,1.0,0.985,0.975
599,1.0,1.0,1.0,1.0,1.0,0.99,0.975,0.975,0.965,0.965,0.965,0.985,0.995
600,0.9543739067536146,0.9443739067536145,0.9543739067536146,0.9643739067536146,0.9443739067536145,0.9443739067536145,0.9843739067536146,0.9743739067536146,0.9743739067536146,0.9743739067536146,0.9843739067536146,0.9843739067536146,0.9643739067536146
601,0.9248781452443126,0.9548781452443126,0.9548781452443126,0.9248781452443126,0.8948781452443125,0.8948781452443125,0.9048781452443125,0.9248781452443126,0.9248781452443126,0.9248781452443126,0.9248781452443126,0.9048781452443125,0.8948781452443125
602,0.9509338902669547,0.9509338902669547,0.9509338902669547,0.9609338902669547,0.9809338902669548,0.9809338902669548,0.9609338902669547,0.9909338902669548,0.9809338902669548,0.9809338902669548,0.9709338902669548,0.9809338902669548,0.9709338902669548
603,0.8395333966983279,0.8395333966983279,0.8395333966983279,0.879533396698328,0.879533396698328,0.859533396698328,0.849533396698328,0.849533396698328,0.859533396698328,0.849533396698328,0.8295333966983279,0.8095333966983279,0.7995333966983279
604,0.9803506893718543,0.9803506893718543,0.9803506893718543,0.9703506893718543,0.9903506893718543,0.9803506893718543,0.9903506893718543,1.0,1.0,1.0,1.0,1.0,0.98
605,0.9510977591817854,0.9710977591817854,0.9410977591817854,0.9410977591817854,0.9510977591817854,0.9610977591817854,0.9610977591817854,0.9610977591817854,0.9710977591817854,0.9810977591817854,0.9810977591817854,0.9660977591817854,0.9860977591817854
606,1.0,0.99,1.0,1.0,1.0,1.0,0.99,0.99,0.99,0.99,0.97,0.97,0.99
607,1.0,1.0,1.0,1.0,1.0,0.985,0.995,1.0,0.99,0.99,1.0,1.0,0.99
608,0.9292034631810897,0.9392034631810897,0.9292034631810897,0.9292034631810897,0.9292034631810897,0.9492034631810897,0.9492034631810897,0.9192034631810897,0.9092034631810897,0.9092034631810897,0.9092034631810897,0.9192034631810897,0.9192034631810897
609,0.9680223928177981,0.9580223928177981,0.9580223928177981,0.9580223928177981,0.9680223928177981,0.9780223928177981,0.9780223928177981,0.9680223928177981,0.9780223928177981,0.9780223928177981,0.9980223928177981,0.9980223928177981,0.9780223928177981
610,1.0,1.0,1.0,1.0,1.0,0.99,0.99,1.0,0.98,0.98,0.98,0.99,1.0
611,0.85452782511309,0.85452782511309,0.85452782511309,0.87452782511309,0.86452782511309,0.86452782511309,0.86452782511309,0.86452782511309,0.85452782511309,0.87452782511309,0.87452782511309,0.88452782511309,0.86952782511309
612,0.9959512078353687,0.9959512078353687,0.9959512078353687,1.0,1.0,1.0,1.0,1.0,1.0,0.96,0.96,0.97,0.96
613,1.0,1.0,1.0,1.0,1.0,1.0,1.0,0.995,0.985,0.985,0.985,0.995,0.985
614,0.9962604953400239,0.9962604953400239,0.9962604953400239,0.9962604953400239,0.9962604953400239,0.9862604953400239,0.9762604953400239,0.9662604953400239,0.9762604953400239,0.9762604953400239,0.9762604953400239,0.9862604953400239,0.9762604953400239
615,0.9467082215128549,0.9367082215128549,0.9367082215128549,0.9467082215128549,0.9367082215128549,0.9467082215128549,0.956708221512855,0.956708221512855,0.956708221512855,0.9267082215128549,0.9167082215128549,0.9167082215128549,0.9167082215128549
616,1.0,1.0,1.0,1.0,1.0,1.0,0.995,0.985,0.985,0.965,0.965,0.965,0.965
617,0.9876906768442792,0.9876906768442792,0.9876906768442792,0.9576906768442792,0.9576906768442792,0.9576906768442792,0.9676906768442792,0.9676906768442792,0.9576906768442792,0.9726906768442792,0.9826906768442792,0.9926906768442793,0.9926906768442793
618,0.9786270289095583,0.9786270289095583,0.9786270289095583,0.9686270289095583,0.9586270289095583,0.9486270289095583,0.9686270289095583,0.9486270289095583,0.9636270289095583,0.9836270289095583,0.9736270289095583,0.9736270289095583,0.9736270289095583
619,0.9720682375920279,0.9620682375920279,0.9320682375920278,0.9320682375920278,0.9370682375920278,0.9670682375920279,0.9670682375920279,0.9670682375920279,0.9670682375920279,0.9670682375920279,0.9970682375920279,0.9870682375920279,0.9870682375920279
620,0.8741643854021499,0.8841643854021499,0.8941643854021499,0.8941643854021499,0.8941643854021499,0.9041643854021499,0.9041643854021499,0.8841643854021499,0.9041643854021499,0.91416438540215,0.8841643854021499,0.8741643854021499,0.8841643854021499
621,0.9136000589728286,0.9136000589728286,0.9236000589728286,0.9236000589728286,0.9336000589728286,0.9336000589728286,0.9236000589728286,0.9136000589728286,0.9236000589728286,0.8836000589728286,0.8836000589728286,0.8836000589728286,0.8986000589728286
622,0.9136518369694794,0.9336518369694794,0.9236518369694794,0.9236518369694794,0.9236518369694794,0.9236518369694794,0.9336518369694794,0.9336518369694794,0.9036518369694794,0.9036518369694794,0.8936518369694794,0.8736518369694793,0.8786518369694793
623,0.8760425968052546,0.8860425968052547,0.8760425968052546,0.8860425968052547,0.8860425968052547,0.8660425968052546,0.8660425968052546,0.8560425968052546,0.8460425968052546,0.8460425968052546,0.8460425968052546,0.8560425968052546,0.8760425968052546
624,0.8996219482336479,0.8996219482336479,0.909621948233648,0.8996219482336479,0.929621948233648,0.919621948233648,0.909621948233648,0.8996219482336479,0.8796219482336479,0.8596219482336479,0.8646219482336479,0.8646219482336479,0.8746219482336479
625,0.9644965229060627,0.9644965229060627,0.9644965229060627,0.9644965229060627,0.9644965229060627,0.9644965229060627,0.9544965229060627,0.9444965229060627,0.9344965229060627,0.9244965229060627,0.9244965229060627,0.9294965229060627,0.9294965229060627
626,1.0,1.0,0.97,0.99,0.99,0.99,0.99,1.0,0.99,0.99,0.945,0.945,0.945
627,0.9586184820900299,0.9586184820900299,0.9586184820900299,0.9586184820900299,0.9586184820900299,0.9586184820900299,0.9586184820900299,0.9586184820900299,0.9586184820900299,0.9686184820900299,0.9686184820900299,0.9686184820900299,0.9586184820900299
628,0.9807782207169624,0.9707782207169624,0.9707782207169624,0.9707782207169624,0.9407782207169624,0.9407782207169624,0.9607782207169624,0.9707782207169624,0.9707782207169624,0.9707782207169624,0.9707782207169624,0.9807782207169624,1.0
629,0.9520378018030697,0.9520378018030697,0.9520378018030697,0.9320378018030697,0.9220378018030697,0.9370378018030697,0.9370378018030697,0.9670378018030698,0.9670378018030698,0.9870378018030698,0.9770378018030698,0.9670378018030698,0.9670378018030698
630,0.9985826259266354,0.9985826259266354,0.9985826259266354,0.9985826259266354,0.9985826259266354,1.0,1.0,0.995,0.975,0.975,1.0,1.0,0.98
631,0.9685632601984289,0.9685632601984289,0.9685632601984289,0.9685632601984289,0.9585632601984289,0.9685632601984289,0.9685632601984289,0.9685632601984289,0.9785632601984289,0.9785632601984289,0.9785632601984289,0.9685632601984289,0.9585632601984289
632,0.8290898786465457,0.8490898786465457,0.8590898786465457,0.8090898786465457,0.7990898786465457,0.8090898786465457,0.8090898786465457,0.7890898786465457,0.8090898786465457,0.8090898786465457,0.8090898786465457,0.7990898786465457,0.8090898786465457
633,1.0,1.0,1.0,0.98,0.98,0.96,0.97,0.97,0.97,0.95,0.96,0.95,0.95
634,0.8975563256832986,0.8975563256832986,0.9175563256832986,0.9275563256832986,0.9275563256832986,0.9075563256832986,0.8875563256832986,0.8875563256832986,0.8875563256832986,0.8675563256832985,0.8575563256832985,0.8575563256832985,0.8575563256832985
635,0.9894593168357398,0.9894593168357398,0.9894593168357398,0.9994593168357399,0.9994593168357399,1.0,1.0,0.98,0.97,0.97,0.97,0.99,0.99
636,0.9858650066264389,0.9758650066264389,0.9758650066264389,1.0,1.0,0.99,0.97,0.96,0.96,0.97,0.97,0.97,0.96
637,0.8458667688892819,0.8558667688892819,0.8558667688892819,0.8558667688892819,0.8558667688892819,0.8658667688892819,0.8658667688892819,0.8658667688892819,0.8558667688892819,0.8458667688892819,0.8458667688892819,0.8558667688892819,0.8558667688892819
638,0.8758033017885871,0.8758033017885871,0.8558033017885871,0.8358033017885871,0.8358033017885871,0.8458033017885871,0.8658033017885871,0.8658033017885871,0.8658033017885871,0.8758033017885871,0.8958033017885871,0.9058033017885871,0.9058033017885871
639,0.9704419386494859,0.9704419386494859,0.9804419386494859,0.9704419386494859,0.9704419386494859,0.9604419386494859,0.9704419386494859,0.9404419386494859,0.9504419386494859,0.9404419386494859,0.9554419386494859,0.9254419386494859,0.9254419386494859
640,0.8911510280797758,0.8811510280797757,0.8911510280797758,0.9111510280797758,0.9111510280797758,0.9111510280797758,0.9211510280797758,0.9311510280797758,0.9311510280797758,0.9311510280797758,0.9311510280797758,0.9311510280797758,0.9311510280797758
641,0.8640815660392023,0.8440815660392023,0.8440815660392023,0.8440815660392023,0.8440815660392023,0.8340815660392022,0.8490815660392023,0.8590815660392023,0.8590815660392023,0.8790815660392023,0.8490815660392023,0.8590815660392023,0.8490815660392023
642,0.8629746263790368,0.8829746263790368,0.8829746263790368,0.8829746263790368,0.9029746263790368,0.9029746263790368,0.9029746263790368,0.9029746263790368,0.8979746263790368,0.8879746263790368,0.8979746263790368,0.8879746263790368,0.8679746263790368
643,0.8767532982280719,0.8867532982280719,0.8867532982280719,0.8967532982280719,0.8717532982280719,0.8717532982280719,0.8717532982280719,0.8917532982280719,0.921753298228072,0.921753298228072,0.921753298228072,0.9117532982280719,0.9117532982280719
644,0.9046090540335414,0.9146090540335414,0.9146090540335414,0.9246090540335414,0.9246090540335414,0.9246090540335414,0.9246090540335414,0.9246090540335414,0.9246090540335414,0.9346090540335414,0.9146090540335414,0.9046090540335414,0.8846090540335414
645,0.9042703182165497,0.9142703182165497,0.9242703182165497,0.9342703182165497,0.9442703182165497,0.9392703182165497,0.9292703182165497,0.9292703182165497,0.9192703182165497,0.9192703182165497,0.9292703182165497,0.9192703182165497,0.8892703182165497
646,0.9016710339975815,0.8916710339975815,0.8916710339975815,0.9116710339975815,0.9116710339975815,0.9116710339975815,0.9116710339975815,0.9216710339975815,0.9316710339975816,0.9416710339975816,0.9316710339975816,0.9216710339975815,0.9216710339975815
647,1.0,0.99,1.0,1.0,1.0,1.0,1.0,1.0,1.0,0.99,1.0,1.0,1.0
648,0.927388896303967,0.917388896303967,0.907388896303967,0.907388896303967,0.932388896303967,0.9523888963039671,0.9623888963039671,0.9723888963039671,0.9623888963039671,0.9523888963039671,0.9523888963039671,0.9523888963039671,0.9523888963039671
649,0.9967907886696757,0.9967907886696757,0.9867907886696757,0.9867907886696757,1.0,1.0,1.0,1.0,0.995,0.995,0.995,0.995,0.995
650,0.9300724174525002,0.9300724174525002,0.9300724174525002,0.9200724174525002,0.9200724174525002,0.9100724174525002,0.9200724174525002,0.9200724174525002,0.9200724174525002,0.9200724174525002,0.9300724174525002,0.9300724174525002,0.9100724174525002
651,0.8552686047812649,0.8652686047812649,0.8752686047812649,0.8852686047812649,0.8852686047812649,0.8952686047812649,0.8952686047812649,0.8902686047812649,0.8902686047812649,0.8902686047812649,0.8902686047812649,0.8902686047812649,0.8902686047812649
652,0.9840225534049039,0.9740225534049038,0.9840225534049039,0.9840225534049039,0.9840225534049039,0.9940225534049039,0.9940225534049039,0.9840225534049039,0.9840225534049039,1.0,1.0,0.99,0.99
653,1.0,1.0,1.0,1.0,1.0,1.0,1.0,1.0,1.0,0.995,0.995,0.985,0.985
654,0.9415326863129544,0.9315326863129544,0.9315326863129544,0.9315326863129544,0.9415326863129544,0.9515326863129544,0.9615326863129544,0.9615326863129544,0.9615326863129544,0.9715326863129544,0.9815326863129544,0.9815326863129544,0.9765326863129544
655,1.0,1.0,1.0,1.0,0.99,0.99,0.99,0.98,0.98,0.99,0.99,0.99,0.98
656,0.9342815162830445,0.9442815162830445,0.9542815162830445,0.9442815162830445,0.9442815162830445,0.9542815162830445,0.9642815162830445,0.9642815162830445,0.9742815162830445,0.9742815162830445,0.9642815162830445,0.9742815162830445,0.9742815162830445
657,0.8721211685703022,0.8721211685703022,0.8721211685703022,0.8621211685703022,0.8621211685703022,0.8621211685703022,0.8621211685703022,0.8621211685703022,0.8621211685703022,0.8321211685703022,0.8371211685703022,0.8371211685703022,0.8371211685703022
658,0.8505403769532465,0.8605403769532465,0.8605403769532465,0.8705403769532465,0.8505403769532465,0.8605403769532465,0.8905403769532465,0.8805403769532465,0.8805403769532465,0.8705403769532465,0.8605403769532465,0.8605403769532465,0.8805403769532465
659,1.0,0.97,0.97,0.96,0.96,0.99,0.99,0.99,0.98,0.98,0.98,0.99,0.99
660,0.8297928050606085,0.8297928050606085,0.8297928050606085,0.8397928050606085,0.8397928050606085,0.8397928050606085,0.8397928050606085,0.8397928050606085,0.8397928050606085,0.8097928050606085,0.8397928050606085,0.8397928050606085,0.8397928050606085
661,1.0,1.0,1.0,1.0,0.98,0.98,0.98,0.98,0.98,0.98,0.99,0.98,0.98
662,0.9055036852414607,0.9055036852414607,0.8855036852414607,0.8755036852414607,0.8655036852414607,0.8955036852414607,0.9055036852414607,0.9055036852414607,0.9155036852414608,0.9255036852414608,0.9155036852414608,0.9155036852414608,0.9155036852414608
663,1.0,0.98,1.0,1.0,1.0,1.0,0.99,0.98,1.0,1.0,1.0,1.0,1.0
664,0.954575287621332,0.944575287621332,0.954575287621332,0.964575287621332,0.954575287621332,0.944575287621332,0.974575287621332,0.954575287621332,0.954575287621332,0.9845752876213321,0.9845752876213321,0.9845752876213321,0.974575287621332
665,1.0,1.0,1.0,0.99,0.99,0.98,0.97,0.97,0.97,0.96,0.96,0.97,1.0
666,0.9503731960218892,0.9803731960218892,0.9803731960218892,0.9903731960218892,0.9703731960218892,0.9703731960218892,0.9503731960218892,0.9803731960218892,0.9803731960218892,0.9803731960218892,0.9803731960218892,0.9653731960218892,0.9853731960218892
667,0.9497283355151807,0.9497283355151807,0.9597283355151807,0.9597283355151807,0.9597283355151807,0.9597283355151807,0.9297283355151806,0.9547283355151807,0.9647283355151807,0.9547283355151807,0.9547283355151807,0.9747283355151807,0.9647283355151807
668,0.8988057747906099,0.8788057747906098,0.8788057747906098,0.8888057747906098,0.8988057747906099,0.9188057747906099,0.9188057747906099,0.9288057747906099,0.9288057747906099,0.9288057747906099,0.9088057747906099,0.9188057747906099,0.9188057747906099
669,0.9388919648933304,0.9388919648933304,0.9388919648933304,0.9388919648933304,0.9488919648933304,0.9388919648933304,0.9288919648933304,0.9288919648933304,0.9288919648933304,0.9288919648933304,0.9288919648933304,0.9288919648933304,0.9188919648933304
670,1.0,1.0,1.0,1.0,0.98,0.95,0.95,0.96,0.95,0.96,0.94,0.95,0.96
671,0.9636223338891035,0.9536223338891034,0.9536223338891034,0.9636223338891035,0.9636223338891035,0.9636223338891035,0.9636223338891035,0.9636223338891035,0.9636223338891035,0.9736223338891035,0.9736223338891035,0.9636223338891035,0.9536223338891034
672,1.0,0.99,0.99,1.0,1.0,1.0,0.98,0.98,0.98,0.98,0.99,1.0,1.0
673,0.970357881426851,0.970357881426851,0.970357881426851,0.970357881426851,0.970357881426851,0.970357881426851,0.970357881426851,0.990357881426851,0.990357881426851,1.0,1.0,0.995,0.985
674,1.0,0.99,1.0,1.0,1.0,1.0,1.0,1.0,0.985,0.995,0.995,0.975,0.995
675,0.9720475893076262,0.9920475893076263,0.9920475893076263,0.9920475893076263,0.9920475893076263,0.9920475893076263,1.0,0.99,0.99,1.0,0.97,0.98,0.98
676,0.9840263747856289,0.9940263747856289,0.9940263747856289,1.0,0.98,0.99,0.99,0.97,0.95,0.96,0.95,0.95,0.95
677,0.9862702248412335,0.9662702248412335,0.9462702248412335,0.9462702248412335,0.9562702248412335,0.9712702248412335,0.9712702248412335,0.9712702248412335,0.9412702248412335,0.9412702248412335,0.9412702248412335,0.9412702248412335,0.9412702248412335
678,1.0,0.99,0.99,0.99,0.99,0.99,0.99,0.99,0.98,0.99,0.97,0.97,0.98
679,0.9954440249064912,0.9954440249064912,0.9954440249064912,0.9954440249064912,0.9954440249064912,0.9954440249064912,0.9954440249064912,0.9854440249064912,0.9654440249064912,0.9654440249064912,0.9854440249064912,0.9854440249064912,0.9854440249064912
680,0.9123746137100018,0.9123746137100018,0.9223746137100018,0.9223746137100018,0.9123746137100018,0.9123746137100018,0.9323746137100019,0.9323746137100019,0.9323746137100019,0.9223746137100018,0.9223746137100018,0.9123746137100018,0.9023746137100018
681,1.0,1.0,1.0,1.0,0.98,0.98,0.96,0.95,0.94,0.94,0.945,0.955,0.955
682,0.9258176338155907,0.9058176338155907,0.9158176338155907,0.9258176338155907,0.9358176338155907,0.9158176338155907,0.9158176338155907,0.9158176338155907,0.9158176338155907,0.9058176338155907,0.9058176338155907,0.8958176338155907,0.8858176338155906
683,0.9628170927785954,0.9628170927785954,0.9628170927785954,0.9628170927785954,0.9528170927785954,0.9528170927785954,0.9428170927785954,0.9328170927785954,0.9428170927785954,0.9328170927785954,0.9528170927785954,0.9528170927785954,0.9428170927785954
684,1.0,1.0,0.99,1.0,1.0,0.985,0.985,0.985,0.985,0.995,0.985,0.985,0.975
685,0.9392586830144071,0.9392586830144071,0.9292586830144071,0.919258683014407,0.9292586830144071,0.9392586830144071,0.9292586830144071,0.9292586830144071,0.9292586830144071,0.919258683014407,0.909258683014407,0.9242586830144071,0.9442586830144071
686,0.9146455179120442,0.8946455179120442,0.8946455179120442,0.8846455179120442,0.8996455179120442,0.8896455179120442,0.8896455179120442,0.9096455179120442,0.9096455179120442,0.8996455179120442,0.8996455179120442,0.8896455179120442,0.9096455179120442
687,0.9963366633725783,0.9963366633725783,0.9963366633725783,0.9963366633725783,0.9863366633725783,0.9863366633725783,0.9863366633725783,0.9763366633725783,0.9663366633725783,0.9663366633725783,0.9663366633725783,0.9813366633725783,1.0
688,0.8798278232239914,0.8498278232239914,0.8398278232239914,0.8498278232239914,0.8498278232239914,0.8598278232239914,0.8398278232239914,0.8498278232239914,0.8398278232239914,0.8598278232239914,0.8698278232239914,0.8698278232239914,0.8698278232239914
689,0.843756470687106,0.843756470687106,0.843756470687106,0.873756470687106,0.873756470687106,0.873756470687106,0.858756470687106,0.858756470687106,0.838756470687106,0.838756470687106,0.868756470687106,0.858756470687106,0.868756470687106
690,0.9297141110488188,0.9297141110488188,0.9297141110488188,0.9297141110488188,0.9297141110488188,0.9297141110488188,0.9497141110488189,0.9597141110488189,0.9697141110488189,0.9647141110488189,0.9647141110488189,0.9647141110488189,0.9647141110488189
691,0.8826605227936178,0.8926605227936178,0.9126605227936179,0.9126605227936179,0.9126605227936179,0.9126605227936179,0.8826605227936178,0.8826605227936178,0.8826605227936178,0.8926605227936178,0.8926605227936178,0.8926605227936178,0.9126605227936179
692,0.9939502833971938,1.0,0.985,0.985,0.995,1.0,1.0,1.0,0.99,0.99,0.99,0.97,0.99
693,0.9929245214592084,0.9929245214592084,0.9929245214592084,0.9929245214592084,0.9929245214592084,0.9929245214592084,0.9829245214592084,0.9829245214592084,0.9629245214592084,0.9629245214592084,0.9829245214592084,0.9829245214592084,0.9929245214592084
694,0.9359289345430059,0.9559289345430059,0.9459289345430059,0.9559289345430059,0.9559289345430059,0.9659289345430059,0.9759289345430059,0.9659289345430059,0.9559289345430059,0.9559289345430059,0.9659289345430059,0.9509289345430059,0.9509289345430059
695,0.9791937330836552,0.9891937330836552,0.9891937330836552,0.9891937330836552,0.9991937330836552,0.9741937330836552,0.9641937330836552,0.9641937330836552,0.9641937330836552,0.9641937330836552,0.9641937330836552,0.9641937330836552,0.9841937330836552
696,1.0,1.0,0.98,0.99,0.99,0.99,0.99,0.97,0.96,0.96,0.95,0.95,0.955
697,1.0,1.0,1.0,0.99,0.99,1.0,1.0,0.99,1.0,1.0,0.99,0.99,0.98
698,0.9554582017904738,0.9554582017904738,0.9454582017904738,0.9454582017904738,0.9454582017904738,0.9254582017904738,0.9154582017904738,0.9254582017904738,0.9154582017904738,0.9204582017904738,0.9304582017904738,0.9404582017904738,0.9604582017904738
699,0.953033367603551,0.953033367603551,0.973033367603551,0.973033367603551,0.973033367603551,0.953033367603551,0.953033367603551,0.9430333676035509,0.9130333676035509,0.9230333676035509,0.9380333676035509,0.948033367603551,0.968033367603551
700,0.9085912908591199,0.9085912908591199,0.8885912908591199,0.8885912908591199,0.8885912908591199,0.8885912908591199,0.8785912908591199,0.8885912908591199,0.9085912908591199,0.91859129085912,0.92859129085912,0.92859129085912,0.92859129085912
701,0.9567312169334055,0.9767312169334055,0.9567312169334055,0.9567312169334055,0.9767312169334055,0.9767312169334055,0.9767312169334055,0.9767312169334055,0.9567312169334055,0.9767312169334055,0.9667312169334055,0.9867312169334055,0.9867312169334055
702,0.9376664547251014,0.9376664547251014,0.9376664547251014,0.9276664547251013,0.9276664547251013,0.9276664547251013,0.9076664547251013,0.8976664547251013,0.9026664547251013,0.9026664547251013,0.9126664547251013,0.9026664547251013,0.9026664547251013
703,0.9440834236190991,0.9440834236190991,0.9540834236190991,0.9540834236190991,0.9540834236190991,0.9540834236190991,0.9440834236190991,0.9240834236190991,0.9240834236190991,0.9240834236190991,0.9490834236190991,0.9390834236190991,0.9390834236190991
704,0.9595624302496404,0.9595624302496404,0.9595624302496404,0.9595624302496404,0.9595624302496404,0.9495624302496404,0.9395624302496404,0.9295624302496404,0.9445624302496404,0.9445624302496404,0.9245624302496404,0.9245624302496404,0.9245624302496404
705,1.0,1.0,1.0,1.0,1.0,1.0,1.0,0.98,0.98,0.97,0.98,1.0,1.0
706,0.992775143580932,0.992775143580932,0.972775143580932,0.992775143580932,1.0,1.0,0.98,0.99,0.99,0.99,1.0,1.0,1.0
707,0.8659486658132346,0.8559486658132346,0.8759486658132346,0.8759486658132346,0.8959486658132346,0.8959486658132346,0.8959486658132346,0.9059486658132346,0.8959486658132346,0.8959486658132346,0.8809486658132346,0.8609486658132346,0.8609486658132346
708,1.0,1.0,1.0,1.0,0.99,0.99,0.99,1.0,1.0,0.98,0.98,0.98,0.98
709,0.8416943141114159,0.8316943141114159,0.8316943141114159,0.861694314111416,0.871694314111416,0.871694314111416,0.881694314111416,0.881694314111416,0.876694314111416,0.866694314111416,0.8466943141114159,0.8266943141114159,0.8266943141114159
710,0.9990639051700487,0.9890639051700487,0.9690639051700487,0.9690639051700487,0.9840639051700487,0.9540639051700487,0.9540639051700487,0.9640639051700487,0.9640639051700487,0.9740639051700487,0.9640639051700487,0.9640639051700487,0.9540639051700487
711,0.9051129540780635,0.9051129540780635,0.8951129540780635,0.8951129540780635,0.8851129540780635,0.8951129540780635,0.8851129540780635,0.8651129540780634,0.8701129540780634,0.8801129540780634,0.8701129540780634,0.8701129540780634,0.8801129540780634
712,0.9409733466171822,0.9409733466171822,0.9309733466171822,0.9109733466171822,0.9109733466171822,0.9209733466171822,0.9209733466171822,0.9209733466171822,0.9309733466171822,0.9309733466171822,0.9509733466171822,0.9509733466171822,0.9309733466171822
713,0.9864339641981188,0.9764339641981188,0.9764339641981188,0.9664339641981188,0.9764339641981188,0.9764339641981188,0.9764339641981188,0.9664339641981188,0.9664339641981188,0.9664339641981188,0.9664339641981188,0.9564339641981188,0.9564339641981188
714,0.9201727092079002,0.9001727092079002,0.9001727092079002,0.9001727092079002,0.9101727092079002,0.9001727092079002,0.8901727092079001,0.9101727092079002,0.9101727092079002,0.9101727092079002,0.9201727092079002,0.9201727092079002,0.9301727092079002
715,0.9564390379710987,0.9464390379710987,0.9464390379710987,0.9464390379710987,0.9764390379710988,0.9764390379710988,0.9664390379710988,0.9464390379710987,0.9364390379710987,0.9364390379710987,0.9264390379710987,0.9264390379710987,0.9264390379710987
716,0.871204415202856,0.871204415202856,0.861204415202856,0.861204415202856,0.891204415202856,0.881204415202856,0.891204415202856,0.891204415202856,0.891204415202856,0.891204415202856,0.891204415202856,0.891204415202856,0.901204415202856
717,0.9544244276218817,0.9544244276218817,0.9444244276218817,0.9544244276218817,0.9544244276218817,0.9344244276218817,0.9344244276218817,0.9244244276218817,0.9394244276218817,0.9194244276218817,0.9194244276218817,0.9194244276218817,0.9294244276218817
718,1.0,0.99,1.0,1.0,0.98,0.97,0.96,0.96,0.96,0.96,0.96,0.965,0.975
719,0.9599419702488616,0.9599419702488616,0.9599419702488616,0.9499419702488616,0.9399419702488616,0.9499419702488616,0.9499419702488616,0.9499419702488616,0.9499419702488616,0.9499419702488616,0.9499419702488616,0.9399419702488616,0.9499419702488616
720,0.9412374945746711,0.9412374945746711,0.9412374945746711,0.9212374945746711,0.9212374945746711,0.9312374945746711,0.9312374945746711,0.9312374945746711,0.9412374945746711,0.9612374945746711,0.9512374945746711,0.9712374945746711,0.9812374945746711
721,0.9932416588896282,0.9832416588896282,1.0,1.0,1.0,1.0,1.0,0.98,0.98,0.98,1.0,1.0,1.0
722,0.8973540354020338,0.8973540354020338,0.8973540354020338,0.9073540354020339,0.8873540354020338,0.8773540354020338,0.8673540354020338,0.8773540354020338,0.8773540354020338,0.8673540354020338,0.8773540354020338,0.8673540354020338,0.8673540354020338
723,0.9146332211976836,0.9446332211976837,0.9446332211976837,0.9546332211976837,0.9496332211976837,0.9396332211976837,0.9196332211976836,0.9096332211976836,0.9096332211976836,0.9096332211976836,0.8896332211976836,0.8896332211976836,0.8896332211976836
724,1.0,1.0,1.0,0.98,0.98,0.97,0.97,0.95,0.94,0.96,0.96,0.95,0.95
725,0.9804417638230675,0.9904417638230675,1.0,1.0,0.98,0.98,0.97,0.98,0.98,0.98,0.98,0.98,0.96
726,0.9441856570549336,0.9541856570549336,0.9641856570549336,0.9641856570549336,0.9641856570549336,0.9741856570549337,0.9741856570549337,0.9541856570549336,0.9541856570549336,0.9441856570549336,0.9441856570549336,0.9341856570549336,0.9541856570549336
727,0.8702590399075576,0.8602590399075576,0.8402590399075576,0.8552590399075576,0.8552590399075576,0.8452590399075576,0.8252590399075576,0.8352590399075576,0.8352590399075576,0.8352590399075576,0.8652590399075576,0.8652590399075576,0.8952590399075576
728,0.9514404115941621,0.9714404115941622,0.9714404115941622,0.9614404115941622,0.9614404115941622,0.9514404115941621,0.9714404115941622,0.9814404115941622,0.9814404115941622,0.9914404115941622,0.9914404115941622,0.9814404115941622,0.9814404115941622
729,1.0,1.0,1.0,1.0,1.0,1.0,1.0,1.0,1.0,1.0,1.0,1.0,1.0
730,1.0,1.0,0.99,0.99,1.0,1.0,1.0,1.0,1.0,1.0,0.99,1.0,0.99
731,0.9756336699066158,0.9956336699066158,0.9956336699066158,1.0,0.995,0.995,0.985,0.985,0.995,0.985,1.0,1.0,1.0
732,0.8340414033042342,0.8240414033042341,0.8040414033042341,0.8040414033042341,0.8190414033042341,0.8290414033042341,0.8290414033042341,0.8090414033042341,0.8090414033042341,0.8290414033042341,0.8390414033042342,0.8490414033042342,0.8490414033042342
733,0.8915335604685378,0.8915335604685378,0.8815335604685378,0.8915335604685378,0.9015335604685378,0.9015335604685378,0.9315335604685379,0.9265335604685379,0.9265335604685379,0.9165335604685378,0.8965335604685378,0.8965335604685378,0.8965335604685378
734,1.0,1.0,0.97,0.97,0.97,0.96,0.96,0.965,0.965,0.965,0.965,0.965,0.965
735,0.8979315083159662,0.8979315083159662,0.9079315083159663,0.9079315083159663,0.9079315083159663,0.9079315083159663,0.9079315083159663,0.9079315083159663,0.9079315083159663,0.8979315083159662,0.8879315083159662,0.8879315083159662,0.8979315083159662
736,0.9366311484464065,0.9366311484464065,0.9566311484464065,0.9666311484464065,0.9666311484464065,0.9516311484464065,0.9516311484464065,0.9416311484464065,0.9416311484464065,0.9516311484464065,0.9316311484464065,0.9316311484464065,0.9216311484464065
737,0.8877278753648585,0.8877278753648585,0.8877278753648585,0.8877278753648585,0.9077278753648585,0.8877278753648585,0.8777278753648585,0.8777278753648585,0.8777278753648585,0.8877278753648585,0.8877278753648585,0.8977278753648585,0.8977278753648585
738,0.9427429725911646,0.9627429725911646,0.9727429725911646,0.9727429725911646,0.9727429725911646,0.9527429725911646,0.9727429725911646,0.9727429725911646,0.9727429725911646,0.9727429725911646,0.9577429725911646,0.9577429725911646,0.9477429725911646
739,0.8839886264944352,0.8439886264944352,0.8439886264944352,0.8439886264944352,0.8439886264944352,0.8539886264944352,0.8539886264944352,0.8539886264944352,0.8839886264944352,0.8839886264944352,0.9139886264944352,0.9239886264944353,0.9139886264944352
740,1.0,1.0,1.0,0.97,0.96,0.96,0.97,0.98,0.96,0.96,0.97,0.97,0.98
741,0.7758489451968629,0.7658489451968629,0.7558489451968629,0.7358489451968628,0.7458489451968628,0.7658489451968629,0.7558489451968629,0.7558489451968629,0.7458489451968628,0.7608489451968629,0.7608489451968629,0.7608489451968629,0.7408489451968628
742,0.9140870900153731,0.9140870900153731,0.9140870900153731,0.9140870900153731,0.9240870900153731,0.9240870900153731,0.9240870900153731,0.9340870900153732,0.9340870900153732,0.9240870900153731,0.9140870900153731,0.9240870900153731,0.9240870900153731
743,0.9324116641976377,0.9324116641976377,0.9524116641976377,0.9624116641976377,0.9524116641976377,0.9524116641976377,0.9624116641976377,0.9624116641976377,0.9524116641976377,0.9324116641976377,0.9124116641976376,0.9224116641976376,0.9024116641976376
744,0.9485453163916597,0.9485453163916597,0.9585453163916597,0.9485453163916597,0.9285453163916597,0.9385453163916597,0.9185453163916597,0.9085453163916597,0.9285453163916597,0.9485453163916597,0.9485453163916597,0.9485453163916597,0.9485453163916597
745,0.9271880313046993,0.9371880313046993,0.9371880313046993,0.9371880313046993,0.9571880313046993,0.9471880313046993,0.9471880313046993,0.9471880313046993,0.9371880313046993,0.9371880313046993,0.9371880313046993,0.9371880313046993,0.9021880313046993
746,0.970548069173945,0.970548069173945,0.950548069173945,0.950548069173945,0.950548069173945,0.950548069173945,0.950548069173945,0.970548069173945,0.960548069173945,0.980548069173945,0.950548069173945,0.960548069173945,0.950548069173945
747,1.0,1.0,1.0,0.96,0.98,0.98,0.98,1.0,0.97,0.96,0.96,0.96,0.96
748,0.9925698907229449,0.9825698907229449,0.9925698907229449,1.0,1.0,1.0,1.0,1.0,1.0,0.99,1.0,1.0,1.0
749,1.0,0.99,0.99,0.99,0.99,1.0,1.0,1.0,1.0,0.975,0.965,0.955,0.955
750,1.0,0.98,0.98,0.99,0.99,0.97,0.98,0.98,0.98,1.0,1.0,1.0,1.0
751,0.9152829292136554,0.8952829292136554,0.8752829292136554,0.8752829292136554,0.8752829292136554,0.8752829292136554,0.8852829292136554,0.8852829292136554,0.8752829292136554,0.8852829292136554,0.9002829292136554,0.9002829292136554,0.8902829292136554
752,0.9256390870363861,0.9156390870363861,0.9156390870363861,0.9156390870363861,0.9256390870363861,0.9156390870363861,0.9156390870363861,0.9156390870363861,0.9256390870363861,0.9256390870363861,0.9156390870363861,0.9156390870363861,0.9456390870363861
753,1.0,0.98,0.98,0.99,0.98,1.0,1.0,1.0,0.97,0.97,0.97,0.98,0.98
754,1.0,1.0,1.0,1.0,1.0,1.0,1.0,1.0,0.99,0.99,0.99,0.97,0.97
755,0.9390070878316226,0.9290070878316226,0.9190070878316225,0.9190070878316225,0.9290070878316226,0.9290070878316226,0.9490070878316226,0.9490070878316226,0.9590070878316226,0.9790070878316226,0.9740070878316226,0.9640070878316226,0.9640070878316226
756,0.8825787491418805,0.9125787491418805,0.9225787491418805,0.9175787491418805,0.9175787491418805,0.9175787491418805,0.9175787491418805,0.8975787491418805,0.9075787491418805,0.8975787491418805,0.9075787491418805,0.8975787491418805,0.8875787491418805
757,0.9336653288925869,0.9136653288925869,0.9136653288925869,0.9236653288925869,0.9036653288925869,0.9186653288925869,0.9086653288925869,0.8986653288925869,0.8986653288925869,0.9086653288925869,0.8986653288925869,0.8986653288925869,0.8986653288925869
758,0.91584493308524,0.91584493308524,0.91584493308524,0.8958449330852399,0.8958449330852399,0.90584493308524,0.90584493308524,0.8858449330852399,0.8958449330852399,0.8858449330852399,0.8758449330852399,0.8758449330852399,0.8858449330852399
759,1.0,0.99,1.0,0.99,0.99,1.0,1.0,0.96,0.96,0.97,0.97,0.97,0.97
760,0.9034808550578829,0.8934808550578829,0.8834808550578829,0.9034808550578829,0.8934808550578829,0.8834808550578829,0.8734808550578829,0.8934808550578829,0.8934808550578829,0.8934808550578829,0.9284808550578829,0.9384808550578829,0.9384808550578829
761,0.9674402201318014,0.9574402201318014,0.9574402201318014,0.9574402201318014,0.9474402201318014,0.9474402201318014,0.9674402201318014,0.9674402201318014,0.9674402201318014,0.9874402201318014,1.0,0.995,0.965
762,0.9057607920034023,0.9157607920034023,0.9157607920034023,0.9157607920034023,0.9157607920034023,0.9057607920034023,0.9157607920034023,0.9157607920034023,0.9157607920034023,0.9157607920034023,0.9257607920034023,0.8957607920034023,0.9157607920034023
763,0.9609631720689098,0.9609631720689098,0.9709631720689098,0.9309631720689098,0.9309631720689098,0.9409631720689098,0.9209631720689098,0.9209631720689098,0.9309631720689098,0.9309631720689098,0.9309631720689098,0.9309631720689098,0.9409631720689098
764,0.9215336607956137,0.9215336607956137,0.9215336607956137,0.9215336607956137,0.9115336607956137,0.9115336607956137,0.9215336607956137,0.9015336607956137,0.9015336607956137,0.8915336607956137,0.8815336607956137,0.8865336607956137,0.8965336607956137
765,0.9745465313316918,0.9845465313316918,0.9845465313316918,0.9845465313316918,0.9845465313316918,0.9845465313316918,0.9745465313316918,0.9645465313316918,0.9645465313316918,0.9645465313316918,0.9745465313316918,0.9745465313316918,0.9745465313316918
766,0.9538505723979658,0.9438505723979658,0.9638505723979658,0.9638505723979658,0.9838505723979658,0.9838505723979658,0.9538505723979658,0.9638505723979658,0.9638505723979658,0.9738505723979658,0.9538505723979658,0.9638505723979658,0.9738505723979658
767,0.962799273700946,0.972799273700946,0.962799273700946,0.952799273700946,0.972799273700946,0.962799273700946,0.972799273700946,1.0,1.0,0.99,1.0,0.995,0.995
768,0.9237117989581496,0.9237117989581496,0.9537117989581496,0.9637117989581496,0.9537117989581496,0.9537117989581496,0.9387117989581496,0.9387117989581496,0.9487117989581496,0.9587117989581496,0.9587117989581496,0.9587117989581496,0.9487117989581496
769,1.0,1.0,0.98,0.97,0.98,0.99,0.99,0.97,0.97,0.96,0.965,0.965,0.965
770,0.9225126980677772,0.9225126980677772,0.9025126980677772,0.9225126980677772,0.9125126980677772,0.9225126980677772,0.9225126980677772,0.9225126980677772,0.9525126980677773,0.9625126980677773,0.9525126980677773,0.9625126980677773,0.9575126980677773
771,0.9943829552692467,1.0,0.98,0.96,0.97,0.98,1.0,1.0,1.0,0.995,0.985,0.975,0.975
772,0.899592837708617,0.899592837708617,0.899592837708617,0.879592837708617,0.869592837708617,0.8595928377086169,0.869592837708617,0.8595928377086169,0.8595928377086169,0.864592837708617,0.874592837708617,0.864592837708617,0.864592837708617
773,1.0,0.98,0.97,0.96,0.96,0.96,0.96,0.96,0.97,0.985,0.985,0.985,0.985
774,0.8697622054910615,0.8597622054910615,0.8597622054910615,0.8797622054910615,0.8797622054910615,0.8797622054910615,0.8897622054910616,0.8897622054910616,0.8997622054910616,0.8997622054910616,0.8897622054910616,0.8997622054910616,0.8847622054910615
775,0.8587710599098456,0.8487710599098456,0.8587710599098456,0.8387710599098456,0.8287710599098456,0.8387710599098456,0.8487710599098456,0.8487710599098456,0.8487710599098456,0.8687710599098456,0.8587710599098456,0.8587710599098456,0.8387710599098456
776,0.9849500341616978,0.9749500341616978,0.9649500341616978,0.9649500341616978,0.9649500341616978,0.9549500341616978,0.9549500341616978,0.9549500341616978,0.9549500341616978,0.9549500341616978,0.9449500341616978,0.9449500341616978,0.9499500341616978
777,0.9736116934644782,0.9736116934644782,0.9436116934644782,0.9436116934644782,0.9536116934644782,0.9436116934644782,0.9636116934644782,1.0,1.0,0.99,0.99,0.99,0.98
778,0.9826391372991116,0.9826391372991116,0.9926391372991116,1.0,1.0,1.0,1.0,1.0,0.995,0.995,0.985,0.975,0.975
779,1.0,1.0,1.0,1.0,1.0,1.0,1.0,1.0,0.99,1.0,1.0,0.99,0.99
780,0.994212250197528,1.0,1.0,1.0,1.0,1.0,1.0,1.0,1.0,1.0,0.99,0.98,0.97
781,0.9963965258440952,0.9963965258440952,0.9963965258440952,1.0,0.98,0.98,1.0,1.0,1.0,0.99,0.99,0.99,0.99
782,1.0,0.97,0.985,0.975,0.975,0.965,0.965,0.985,0.995,0.995,0.985,0.985,0.985
783,0.8838815045827658,0.8838815045827658,0.8738815045827658,0.8538815045827658,0.8638815045827658,0.8888815045827658,0.8788815045827658,0.8888815045827658,0.8888815045827658,0.9088815045827658,0.9088815045827658,0.9088815045827658,0.9088815045827658
784,0.9482159124465923,0.9382159124465923,0.9482159124465923,0.9482159124465923,0.9482159124465923,0.9682159124465923,0.9682159124465923,0.9682159124465923,0.9682159124465923,0.9782159124465923,0.9632159124465923,0.9632159124465923,0.9432159124465923
785,1.0,1.0,0.98,0.98,0.98,0.99,1.0,1.0,1.0,0.99,1.0,0.995,0.985
786,0.9909038045156224,0.9909038045156224,0.9909038045156224,1.0,1.0,1.0,1.0,1.0,1.0,1.0,1.0,1.0,1.0
787,1.0,0.99,0.99,0.96,0.97,0.97,0.97,0.96,0.96,0.97,0.985,0.985,0.985
788,1.0,1.0,1.0,1.0,0.99,0.98,0.97,0.96,0.965,0.965,0.975,0.985,0.995
789,0.8189366938076946,0.8189366938076946,0.8189366938076946,0.8489366938076947,0.8389366938076946,0.8389366938076946,0.8189366938076946,0.8389366938076946,0.8389366938076946,0.8389366938076946,0.8289366938076946,0.8489366938076947,0.8389366938076946
790,1.0,1.0,1.0,1.0,1.0,1.0,1.0,1.0,1.0,0.98,0.97,0.97,0.96
791,1.0,1.0,1.0,0.99,0.97,0.97,0.98,0.98,0.98,0.99,0.97,0.98,0.98
792,0.8720090368078639,0.8920090368078639,0.8920090368078639,0.9020090368078639,0.9020090368078639,0.9020090368078639,0.9020090368078639,0.8870090368078639,0.9070090368078639,0.8970090368078639,0.8970090368078639,0.9070090368078639,0.9070090368078639
793,1.0,1.0,1.0,1.0,1.0,0.99,0.99,0.99,0.98,0.98,0.98,0.98,0.98
794,1.0,0.99,0.99,1.0,1.0,1.0,1.0,1.0,1.0,1.0,1.0,1.0,1.0
795,0.8756795101749483,0.8556795101749483,0.8456795101749482,0.8456795101749482,0.8456795101749482,0.8556795101749483,0.8456795101749482,0.8756795101749483,0.8956795101749483,0.8956795101749483,0.8956795101749483,0.9156795101749483,0.9156795101749483
796,1.0,1.0,1.0,1.0,1.0,1.0,1.0,0.99,0.98,0.97,0.96,0.96,0.96
797,0.9622973626218793,0.9422973626218792,0.9422973626218792,0.9622973626218793,0.9722973626218793,0.9822973626218793,0.9822973626218793,1.0,0.995,0.995,0.985,0.965,0.955
798,1.0,1.0,0.98,0.98,0.98,0.96,0.96,0.97,0.96,0.96,0.965,0.975,0.965
799,1.0,1.0,1.0,0.98,0.98,1.0,1.0,1.0,1.0,0.97,0.97,0.95,0.95
800,1.0,1.0,1.0,1.0,1.0,1.0,0.99,0.99,0.99,0.99,0.98,1.0,1.0
801,0.9455859433418052,0.9555859433418052,0.9555859433418052,0.9755859433418053,0.9755859433418053,0.9755859433418053,0.9755859433418053,0.9755859433418053,0.9755859433418053,0.9755859433418053,0.9755859433418053,0.9555859433418052,0.9455859433418052
802,0.9702171398306579,0.9602171398306579,0.9602171398306579,0.9602171398306579,0.9702171398306579,0.980217139830658,0.9702171398306579,0.980217139830658,0.990217139830658,0.9702171398306579,0.980217139830658,0.990217139830658,1.0
803,0.9924149165710942,0.9924149165710942,0.9924149165710942,1.0,1.0,0.98,0.97,0.96,0.96,0.96,0.95,0.95,0.94
804,0.9724669792926988,0.9724669792926988,0.9724669792926988,0.9824669792926988,1.0,1.0,0.99,0.99,0.99,0.99,1.0,1.0,0.99
805,0.9926287249734691,1.0,0.99,0.99,0.99,0.99,0.98,1.0,0.99,0.99,1.0,0.98,0.96
806,0.8624642533554303,0.8424642533554303,0.8524642533554303,0.8524642533554303,0.8524642533554303,0.8624642533554303,0.8824642533554303,0.8824642533554303,0.8824642533554303,0.9024642533554303,0.8924642533554303,0.8924642533554303,0.8924642533554303
807,0.8840659113184315,0.8940659113184315,0.8940659113184315,0.8940659113184315,0.8940659113184315,0.8940659113184315,0.8740659113184315,0.8740659113184315,0.8640659113184315,0.8540659113184315,0.8440659113184314,0.8540659113184315,0.8540659113184315
808,1.0,1.0,1.0,1.0,1.0,1.0,1.0,1.0,0.99,0.98,1.0,0.99,0.99
809,0.8744935085099069,0.8644935085099069,0.8644935085099069,0.8744935085099069,0.8844935085099069,0.8844935085099069,0.8944935085099069,0.8944935085099069,0.8944935085099069,0.8944935085099069,0.904493508509907,0.904493508509907,0.904493508509907
810,0.9070559741811134,0.9170559741811134,0.9170559741811134,0.9370559741811134,0.9270559741811134,0.9270559741811134,0.9270559741811134,0.9370559741811134,0.9270559741811134,0.9370559741811134,0.9470559741811134,0.9270559741811134,0.9270559741811134
811,1.0,1.0,1.0,1.0,1.0,1.0,1.0,0.99,1.0,1.0,0.99,1.0,1.0
812,0.8966166364791559,0.9066166364791559,0.9166166364791559,0.9166166364791559,0.9266166364791559,0.9266166364791559,0.9366166364791559,0.9316166364791559,0.9316166364791559,0.9216166364791559,0.9216166364791559,0.9316166364791559,0.9216166364791559
813,0.9396707295368619,0.9396707295368619,0.9396707295368619,0.9396707295368619,0.9396707295368619,0.9596707295368619,0.9596707295368619,0.9596707295368619,0.9496707295368619,0.969670729536862,0.979670729536862,0.969670729536862,0.969670729536862
814,0.9126555120184847,0.9226555120184847,0.9126555120184847,0.9126555120184847,0.9126555120184847,0.8826555120184847,0.8826555120184847,0.9026555120184847,0.8926555120184847,0.8926555120184847,0.8926555120184847,0.8926555120184847,0.9026555120184847
815,0.9963403549808834,1.0,1.0,1.0,1.0,1.0,1.0,1.0,1.0,0.96,0.96,0.97,0.96
816,0.8730496544436904,0.8930496544436904,0.8930496544436904,0.8630496544436904,0.8630496544436904,0.8530496544436904,0.8430496544436904,0.8330496544436904,0.8430496544436904,0.8530496544436904,0.8530496544436904,0.8430496544436904,0.8430496544436904
817,0.9783519435991779,0.9783519435991779,0.9783519435991779,0.9883519435991779,0.9983519435991779,0.9883519435991779,0.9783519435991779,0.9783519435991779,0.9783519435991779,0.9783519435991779,0.9583519435991779,0.9583519435991779,0.9783519435991779
818,0.9356483908246708,0.9356483908246708,0.9356483908246708,0.9456483908246708,0.9456483908246708,0.9356483908246708,0.9156483908246708,0.8956483908246707,0.9006483908246707,0.9006483908246707,0.9006483908246707,0.9106483908246708,0.9106483908246708
819,0.9390897300489065,0.9390897300489065,0.9490897300489065,0.9590897300489065,0.9590897300489065,0.9390897300489065,0.9490897300489065,0.9190897300489065,0.9190897300489065,0.9440897300489065,0.9340897300489065,0.9240897300489065,0.8940897300489065
820,1.0,0.98,0.98,0.97,0.98,0.98,0.98,0.98,0.98,0.98,0.97,0.97,0.97
821,0.9233336303239155,0.9033336303239154,0.9033336303239154,0.9133336303239155,0.9033336303239154,0.8833336303239154,0.8933336303239154,0.9233336303239155,0.9133336303239155,0.9133336303239155,0.9133336303239155,0.9233336303239155,0.9333336303239155
822,1.0,0.98,0.97,0.97,0.96,0.96,0.96,0.96,0.96,0.96,0.965,0.965,0.975
823,1.0,1.0,1.0,1.0,0.99,0.98,0.98,0.99,0.99,0.96,0.97,0.94,0.94
824,0.8839343374394292,0.8639343374394292,0.8739343374394292,0.8639343374394292,0.8539343374394291,0.8439343374394291,0.8539343374394291,0.8439343374394291,0.8489343374394291,0.8489343374394291,0.8489343374394291,0.8489343374394291,0.8489343374394291
825,0.870953338359756,0.860953338359756,0.880953338359756,0.890953338359756,0.890953338359756,0.910953338359756,0.910953338359756,0.880953338359756,0.880953338359756,0.910953338359756,0.890953338359756,0.900953338359756,0.900953338359756
826,0.9230221913596832,0.9230221913596832,0.9230221913596832,0.9530221913596832,0.9530221913596832,0.9530221913596832,0.9380221913596832,0.9180221913596832,0.8980221913596832,0.8980221913596832,0.8980221913596832,0.9080221913596832,0.8880221913596832
827,0.893543878393212,0.9235438783932121,0.9235438783932121,0.893543878393212,0.913543878393212,0.883543878393212,0.883543878393212,0.883543878393212,0.893543878393212,0.893543878393212,0.893543878393212,0.883543878393212,0.883543878393212
828,0.9760746903284478,0.9560746903284478,0.9460746903284478,0.9560746903284478,0.9560746903284478,0.9560746903284478,0.9760746903284478,0.9760746903284478,0.9760746903284478,0.9860746903284479,1.0,0.985,0.975
829,0.9889962697947785,0.9789962697947785,0.9789962697947785,0.9789962697947785,0.9689962697947785,0.9689962697947785,0.9689962697947785,0.9589962697947785,0.9589962697947785,0.9739962697947785,0.9439962697947785,0.9539962697947785,0.9539962697947785
830,1.0,1.0,0.97,0.96,0.97,0.96,0.98,0.98,0.99,0.99,0.99,1.0,1.0
831,0.9335585458901787,0.9335585458901787,0.9435585458901787,0.9435585458901787,0.9435585458901787,0.9335585458901787,0.9335585458901787,0.9335585458901787,0.9335585458901787,0.9335585458901787,0.9435585458901787,0.9435585458901787,0.9435585458901787
832,0.9365131869305694,0.9465131869305694,0.9115131869305694,0.9315131869305694,0.9415131869305694,0.9415131869305694,0.9515131869305694,0.9215131869305694,0.9215131869305694,0.9215131869305694,0.9215131869305694,0.9215131869305694,0.9215131869305694
833,0.9593162307616757,0.9493162307616757,0.9293162307616757,0.9293162307616757,0.9443162307616757,0.9443162307616757,0.9343162307616757,0.9343162307616757,0.9143162307616757,0.9243162307616757,0.9343162307616757,0.9143162307616757,0.9243162307616757
834,1.0,1.0,0.99,0.99,0.98,0.98,0.97,0.97,0.98,0.99,0.99,0.98,0.98
835,1.0,1.0,1.0,0.99,0.97,0.98,0.98,0.98,0.98,0.99,0.99,0.99,1.0
836,0.9992188767884764,1.0,0.99,0.99,0.99,0.99,0.99,0.99,0.99,1.0,1.0,0.98,0.99
837,0.9568407773200085,0.9368407773200085,0.9368407773200085,0.9468407773200085,0.9268407773200085,0.9368407773200085,0.9368407773200085,0.9368407773200085,0.9268407773200085,0.9368407773200085,0.9668407773200085,0.9868407773200085,0.9968407773200085
838,0.9631876357708093,0.9631876357708093,0.9431876357708093,0.9431876357708093,0.9531876357708093,0.9531876357708093,0.9431876357708093,0.9331876357708093,0.9631876357708093,0.9731876357708094,1.0,0.99,0.98
839,0.9410225728100244,0.9310225728100244,0.9410225728100244,0.9410225728100244,0.9310225728100244,0.9410225728100244,0.9410225728100244,0.9510225728100244,0.9610225728100245,0.9610225728100245,0.9510225728100244,0.9510225728100244,0.9510225728100244
840,0.9153149523957056,0.9253149523957056,0.9553149523957056,0.9453149523957056,0.9303149523957056,0.9303149523957056,0.9303149523957056,0.9303149523957056,0.9303149523957056,0.9503149523957056,0.9103149523957056,0.9203149523957056,0.9303149523957056
841,0.8575329929275842,0.8475329929275842,0.8475329929275842,0.8275329929275842,0.8275329929275842,0.8475329929275842,0.8475329929275842,0.8475329929275842,0.8475329929275842,0.8575329929275842,0.8575329929275842,0.8675329929275842,0.8675329929275842
842,1.0,1.0,0.99,0.97,0.97,0.985,0.975,0.975,0.975,0.965,0.975,0.995,0.995
843,1.0,1.0,1.0,1.0,1.0,1.0,0.98,0.97,0.97,0.97,0.97,0.97,0.95
844,0.9814814687564105,0.9814814687564105,0.9814814687564105,0.9814814687564105,0.9914814687564105,0.9814814687564105,1.0,1.0,0.99,0.99,0.99,0.97,0.96
845,0.9408207204502892,0.9408207204502892,0.9308207204502892,0.9308207204502892,0.9308207204502892,0.9308207204502892,0.9308207204502892,0.9508207204502892,0.9408207204502892,0.9408207204502892,0.9408207204502892,0.9208207204502892,0.9208207204502892
846,0.8760313578862037,0.8660313578862037,0.8660313578862037,0.8660313578862037,0.8660313578862037,0.8760313578862037,0.8760313578862037,0.8760313578862037,0.8760313578862037,0.8760313578862037,0.8760313578862037,0.8860313578862037,0.8760313578862037
847,1.0,0.98,0.98,0.99,1.0,1.0,1.0,1.0,1.0,1.0,0.965,0.955,0.965
848,0.9258030063235791,0.9258030063235791,0.9158030063235791,0.9058030063235791,0.8858030063235791,0.8958030063235791,0.9058030063235791,0.8958030063235791,0.8958030063235791,0.8958030063235791,0.9058030063235791,0.9158030063235791,0.9158030063235791
849,0.977841385447102,0.997841385447102,0.997841385447102,0.997841385447102,0.997841385447102,0.977841385447102,0.977841385447102,0.977841385447102,0.957841385447102,0.957841385447102,0.957841385447102,0.957841385447102,0.947841385447102
850,0.9744549859943807,0.9844549859943807,0.9844549859943807,0.9644549859943807,0.9644549859943807,0.9644549859943807,0.9744549859943807,0.9844549859943807,0.9944549859943808,0.9844549859943807,0.9844549859943807,0.9844549859943807,0.9944549859943808
851,1.0,1.0,1.0,1.0,0.99,0.97,0.97,0.97,0.98,0.99,1.0,1.0,0.985
852,1.0,0.97,0.99,0.97,0.97,0.97,0.985,0.985,0.965,0.975,0.965,0.965,0.975
853,0.9532524453655721,0.9532524453655721,0.9632524453655721,0.9332524453655721,0.9632524453655721,0.9432524453655721,0.913252445365572,0.913252445365572,0.913252445365572,0.918252445365572,0.928252445365572,0.928252445365572,0.928252445365572
854,0.9333448377865594,0.9333448377865594,0.9333448377865594,0.9233448377865594,0.9333448377865594,0.9333448377865594,0.9333448377865594,0.9233448377865594,0.9233448377865594,0.9233448377865594,0.9033448377865594,0.9033448377865594,0.9033448377865594
855,1.0,0.97,0.96,0.99,1.0,1.0,0.99,0.98,0.99,0.99,0.99,0.99,1.0
856,0.9444268543934915,0.9244268543934915,0.9344268543934915,0.9344268543934915,0.9344268543934915,0.9344268543934915,0.9444268543934915,0.9544268543934915,0.9544268543934915,0.9544268543934915,0.9544268543934915,0.9344268543934915,0.9344268543934915
857,0.9818945828641401,0.9818945828641401,0.9818945828641401,0.9818945828641401,0.9818945828641401,0.9918945828641401,0.9918945828641401,1.0,1.0,1.0,1.0,1.0,1.0
858,1.0,1.0,1.0,0.99,0.98,1.0,1.0,1.0,1.0,1.0,1.0,0.985,0.975
859,0.9369078328583244,0.9369078328583244,0.9469078328583244,0.9469078328583244,0.9469078328583244,0.9269078328583243,0.9269078328583243,0.9169078328583243,0.9419078328583244,0.9519078328583244,0.9519078328583244,0.9619078328583244,0.9819078328583244
860,1.0,1.0,1.0,1.0,0.99,0.97,0.98,0.97,0.97,0.96,0.97,0.98,0.97
861,0.7845903338463868,0.7745903338463868,0.7645903338463867,0.7445903338463867,0.7645903338463867,0.7745903338463868,0.7845903338463868,0.7845903338463868,0.7845903338463868,0.7945903338463868,0.7745903338463868,0.7745903338463868,0.7745903338463868
862,0.9484129308904156,0.9384129308904156,0.9384129308904156,0.9384129308904156,0.9284129308904155,0.9284129308904155,0.9284129308904155,0.9284129308904155,0.9284129308904155,0.9384129308904156,0.9484129308904156,0.9684129308904156,0.9684129308904156
863,0.7580300164569013,0.7580300164569013,0.7480300164569013,0.7480300164569013,0.7480300164569013,0.7480300164569013,0.7480300164569013,0.7480300164569013,0.7580300164569013,0.7580300164569013,0.7680300164569013,0.7580300164569013,0.7980300164569013
864,0.9185742940198746,0.9385742940198746,0.9385742940198746,0.9385742940198746,0.9385742940198746,0.9135742940198746,0.9235742940198746,0.9235742940198746,0.9235742940198746,0.9235742940198746,0.9235742940198746,0.9235742940198746,0.9335742940198746
865,0.9328939162657666,0.9528939162657666,0.9428939162657666,0.9428939162657666,0.9328939162657666,0.9228939162657666,0.9328939162657666,0.9328939162657666,0.9328939162657666,0.9328939162657666,0.9228939162657666,0.9428939162657666,0.9528939162657666
866,0.9714828268819273,0.9814828268819273,0.9814828268819273,0.9814828268819273,0.9814828268819273,0.9814828268819273,0.9814828268819273,0.9814828268819273,0.9814828268819273,0.9914828268819273,1.0,1.0,1.0
867,0.8784229771458514,0.8784229771458514,0.8884229771458514,0.8984229771458514,0.8884229771458514,0.8884229771458514,0.8784229771458514,0.8784229771458514,0.8784229771458514,0.8884229771458514,0.8784229771458514,0.8784229771458514,0.8684229771458514
868,0.9183760155271439,0.9083760155271439,0.8983760155271439,0.9083760155271439,0.9083760155271439,0.8883760155271438,0.8883760155271438,0.8883760155271438,0.8883760155271438,0.8983760155271439,0.8983760155271439,0.9083760155271439,0.9183760155271439
869,0.9125760077289897,0.9025760077289897,0.9425760077289898,0.9525760077289898,0.9525760077289898,0.9525760077289898,0.9475760077289898,0.9275760077289897,0.9375760077289897,0.9375760077289897,0.9375760077289897,0.9375760077289897,0.9275760077289897
870,0.8764489364141421,0.8864489364141421,0.8964489364141421,0.9164489364141422,0.9164489364141422,0.9114489364141422,0.9014489364141421,0.8914489364141421,0.8814489364141421,0.8814489364141421,0.8814489364141421,0.8614489364141421,0.8514489364141421
871,1.0,1.0,1.0,1.0,1.0,1.0,1.0,1.0,0.99,0.99,0.99,1.0,1.0
872,1.0,1.0,1.0,1.0,1.0,0.99,0.99,0.97,0.96,0.95,0.95,0.94,0.96
873,0.929841556244303,0.929841556244303,0.929841556244303,0.929841556244303,0.949841556244303,0.939841556244303,0.959841556244303,0.969841556244303,0.949841556244303,0.924841556244303,0.924841556244303,0.914841556244303,0.904841556244303
874,0.9575874736796633,0.9575874736796633,0.9575874736796633,0.9675874736796634,0.9675874736796634,0.9675874736796634,0.9675874736796634,0.9575874736796633,0.9675874736796634,0.9875874736796634,0.9725874736796634,0.9525874736796633,0.9325874736796633
875,0.9602264859332408,0.9602264859332408,0.9502264859332408,0.9402264859332408,0.9602264859332408,0.9602264859332408,0.9602264859332408,0.9502264859332408,0.9702264859332408,0.9702264859332408,0.9702264859332408,0.9602264859332408,0.9502264859332408
876,0.9881067803799938,0.9881067803799938,0.9881067803799938,0.9881067803799938,0.9781067803799938,0.9681067803799938,0.9781067803799938,0.9581067803799937,0.9781067803799938,0.9781067803799938,0.9581067803799937,0.9681067803799938,0.9981067803799938
877,0.8615151997487333,0.8815151997487333,0.9015151997487333,0.8915151997487333,0.8915151997487333,0.8815151997487333,0.8915151997487333,0.9015151997487333,0.9015151997487333,0.8965151997487333,0.8865151997487333,0.8665151997487333,0.8665151997487333
878,0.8770782948975554,0.8770782948975554,0.8870782948975554,0.8970782948975554,0.8870782948975554,0.8770782948975554,0.9070782948975554,0.9070782948975554,0.9070782948975554,0.9170782948975554,0.9120782948975554,0.8920782948975554,0.9020782948975554
879,0.924579309450565,0.924579309450565,0.924579309450565,0.914579309450565,0.914579309450565,0.904579309450565,0.924579309450565,0.924579309450565,0.924579309450565,0.914579309450565,0.914579309450565,0.914579309450565,0.914579309450565
880,0.8799191743150314,0.8699191743150314,0.8799191743150314,0.8899191743150314,0.9199191743150315,0.9099191743150314,0.9099191743150314,0.9099191743150314,0.8999191743150314,0.8999191743150314,0.8899191743150314,0.8999191743150314,0.9099191743150314
881,0.9459678974103122,0.9459678974103122,0.9459678974103122,0.9559678974103122,0.9659678974103122,0.9559678974103122,0.9559678974103122,0.9659678974103122,0.9659678974103122,0.9559678974103122,0.9859678974103122,0.9659678974103122,0.9559678974103122
882,1.0,0.97,0.97,0.97,0.97,0.98,1.0,1.0,0.97,0.985,0.985,1.0,1.0
883,0.9358705223351035,0.9558705223351035,0.9558705223351035,0.9558705223351035,0.9658705223351035,0.9658705223351035,0.9658705223351035,0.9658705223351035,0.9758705223351035,0.9758705223351035,0.9758705223351035,0.9758705223351035,0.9758705223351035
884,1.0,1.0,0.99,0.99,0.98,0.97,0.96,0.95,0.95,0.95,0.96,0.96,0.96
885,1.0,1.0,1.0,1.0,1.0,1.0,1.0,0.995,0.985,0.995,0.985,0.995,0.985
886,0.9547710089043034,0.9447710089043034,0.9797710089043035,0.9697710089043035,0.9897710089043035,0.9897710089043035,0.9897710089043035,0.9797710089043035,0.9797710089043035,0.9797710089043035,0.9797710089043035,0.9797710089043035,0.9797710089043035
887,0.9687039996672883,0.9787039996672883,0.9787039996672883,0.9787039996672883,0.9787039996672883,0.9687039996672883,0.9787039996672883,0.9687039996672883,0.9787039996672883,0.9587039996672883,0.9587039996672883,0.9487039996672882,0.9587039996672883
888,1.0,0.98,0.98,0.97,0.97,0.96,0.965,0.975,0.975,0.975,0.985,0.965,0.975
889,1.0,1.0,1.0,1.0,1.0,1.0,1.0,1.0,0.995,0.995,0.995,0.995,0.965
890,0.9571314258329816,0.9571314258329816,0.9671314258329816,0.9671314258329816,0.9671314258329816,0.9571314258329816,0.9471314258329816,0.9671314258329816,0.9771314258329816,0.9771314258329816,0.9871314258329816,0.9871314258329816,0.9871314258329816
891,1.0,1.0,0.975,0.965,0.965,0.965,0.965,0.965,0.985,0.975,0.985,0.985,0.985
892,0.934690361545737,0.954690361545737,0.9646903615457371,0.9646903615457371,0.9746903615457371,0.944690361545737,0.944690361545737,0.934690361545737,0.924690361545737,0.924690361545737,0.934690361545737,0.944690361545737,0.944690361545737
893,0.8999164892764014,0.8799164892764014,0.8799164892764014,0.8799164892764014,0.8599164892764014,0.8649164892764014,0.8649164892764014,0.8649164892764014,0.8749164892764014,0.8949164892764014,0.8849164892764014,0.8749164892764014,0.8749164892764014
894,0.8688777140778153,0.8688777140778153,0.8588777140778153,0.8588777140778153,0.8588777140778153,0.8588777140778153,0.8688777140778153,0.8588777140778153,0.8688777140778153,0.8588777140778153,0.8588777140778153,0.8688777140778153,0.8788777140778153
895,0.8376734857737544,0.8376734857737544,0.8576734857737545,0.8676734857737545,0.8676734857737545,0.8676734857737545,0.8526734857737545,0.8426734857737544,0.8626734857737545,0.8526734857737545,0.8726734857737545,0.8726734857737545,0.8726734857737545
896,0.9786891476474991,0.9886891476474992,0.9886891476474992,1.0,1.0,1.0,1.0,0.99,1.0,0.98,0.97,0.95,0.9299999999999999
897,0.9588796363071339,0.9488796363071339,0.9388796363071339,0.9388796363071339,0.9688796363071339,0.9688796363071339,0.9588796363071339,0.9488796363071339,0.9488796363071339,0.9588796363071339,0.9788796363071339,0.9788796363071339,0.9888796363071339
898,1.0,1.0,0.98,0.98,0.97,0.97,0.96,0.965,0.975,0.975,0.975,0.965,0.975
899,0.9489582427122343,0.9489582427122343,0.9389582427122343,0.9389582427122343,0.9389582427122343,0.9289582427122343,0.9539582427122343,0.9439582427122343,0.9439582427122343,0.9439582427122343,0.9439582427122343,0.9539582427122343,0.9339582427122343
900,1.0,0.99,0.99,1.0,0.97,0.97,0.97,0.99,0.99,0.96,0.965,0.975,0.975
901,0.9385026934854174,0.9385026934854174,0.9385026934854174,0.9385026934854174,0.9585026934854174,0.9785026934854174,0.9785026934854174,0.9485026934854174,0.9485026934854174,0.9485026934854174,0.9485026934854174,0.9585026934854174,0.9685026934854174
902,0.9823361654246028,0.9823361654246028,0.9723361654246028,0.9723361654246028,0.9723361654246028,0.9723361654246028,0.9723361654246028,0.9723361654246028,0.9923361654246028,0.9623361654246028,0.9623361654246028,0.9623361654246028,0.9623361654246028
903,0.9472712323407985,0.9372712323407985,0.9572712323407985,0.9772712323407985,0.9672712323407985,0.9672712323407985,0.9672712323407985,0.9672712323407985,0.9672712323407985,0.9772712323407985,0.9872712323407985,0.9822712323407985,0.9822712323407985
904,1.0,1.0,1.0,1.0,1.0,1.0,1.0,1.0,1.0,1.0,1.0,0.985,1.0
905,0.9229997365637299,0.9029997365637299,0.8929997365637299,0.9079997365637299,0.8979997365637299,0.8979997365637299,0.8979997365637299,0.9079997365637299,0.8979997365637299,0.9079997365637299,0.8979997365637299,0.9079997365637299,0.9079997365637299
906,0.9898260266355925,0.9998260266355925,0.9898260266355925,0.9898260266355925,0.9898260266355925,0.9998260266355925,0.9998260266355925,0.9998260266355925,0.9798260266355925,0.9898260266355925,0.9898260266355925,0.9698260266355925,0.9598260266355925
907,0.9136831235904234,0.8936831235904233,0.9136831235904234,0.9036831235904234,0.9036831235904234,0.9436831235904234,0.9336831235904234,0.9336831235904234,0.9336831235904234,0.9236831235904234,0.9236831235904234,0.9336831235904234,0.9336831235904234
908,0.9797745621221811,0.9797745621221811,0.9797745621221811,0.9797745621221811,0.9797745621221811,0.969774562122181,0.9897745621221811,0.9897745621221811,0.969774562122181,0.969774562122181,0.9897745621221811,0.9897745621221811,0.9897745621221811
909,1.0,1.0,1.0,0.99,0.98,0.98,0.98,1.0,0.99,0.99,1.0,1.0,0.99
910,0.9802410770075025,0.9802410770075025,0.9802410770075025,0.9802410770075025,0.9802410770075025,0.9702410770075025,0.9602410770075025,0.9402410770075025,0.9502410770075025,0.9502410770075025,0.9602410770075025,0.9702410770075025,0.9702410770075025
911,0.9618256097203409,0.9818256097203409,0.9718256097203409,0.9618256097203409,0.9418256097203409,0.9218256097203409,0.9318256097203409,0.9318256097203409,0.9318256097203409,0.9218256097203409,0.9418256097203409,0.9418256097203409,0.9718256097203409
912,0.9446032991450306,0.9446032991450306,0.9446032991450306,0.9446032991450306,0.9346032991450306,0.9246032991450306,0.9246032991450306,0.9246032991450306,0.9346032991450306,0.9246032991450306,0.9346032991450306,0.9346032991450306,0.9246032991450306
913,0.9630868391292857,0.9630868391292857,0.9630868391292857,0.9730868391292857,0.9930868391292857,0.9930868391292857,1.0,1.0,0.99,0.99,0.97,0.98,0.98
914,0.8617822234386888,0.8717822234386888,0.8717822234386888,0.8817822234386888,0.8717822234386888,0.8717822234386888,0.8617822234386888,0.8617822234386888,0.8617822234386888,0.8617822234386888,0.8517822234386888,0.8417822234386888,0.8517822234386888
915,0.9690345090814942,0.9590345090814942,0.9690345090814942,0.9690345090814942,0.9790345090814943,0.9690345090814942,0.9690345090814942,0.9890345090814943,0.9890345090814943,0.9890345090814943,0.9890345090814943,0.9990345090814943,0.9990345090814943
916,1.0,1.0,1.0,0.99,0.99,0.99,0.98,0.96,0.96,0.96,0.96,0.95,0.95
917,0.8354932062118037,0.8254932062118037,0.8254932062118037,0.8154932062118037,0.8254932062118037,0.8354932062118037,0.8354932062118037,0.8254932062118037,0.8254932062118037,0.8154932062118037,0.8054932062118036,0.7954932062118036,0.8054932062118036
918,0.9765056657220221,0.9665056657220221,0.9865056657220221,0.9865056657220221,0.9865056657220221,1.0,0.98,0.98,0.98,1.0,1.0,1.0,0.99
919,0.9068902596167034,0.9068902596167034,0.9268902596167035,0.9468902596167035,0.9468902596167035,0.9468902596167035,0.9468902596167035,0.9468902596167035,0.9418902596167035,0.9218902596167035,0.9518902596167035,0.9518902596167035,0.9518902596167035
920,0.9798256386486782,0.9798256386486782,0.9798256386486782,0.9798256386486782,0.9698256386486782,0.9498256386486782,0.9498256386486782,0.9598256386486782,0.9598256386486782,0.9498256386486782,0.9498256386486782,0.9498256386486782,0.9598256386486782
921,0.9440602412904703,0.9540602412904703,0.9240602412904703,0.9140602412904703,0.9140602412904703,0.9140602412904703,0.9240602412904703,0.9490602412904703,0.9390602412904703,0.9190602412904703,0.9090602412904703,0.9190602412904703,0.9190602412904703
922,1.0,1.0,0.98,0.99,0.99,1.0,1.0,1.0,1.0,0.995,0.995,0.995,0.995
923,0.9283170614136295,0.9283170614136295,0.9283170614136295,0.9283170614136295,0.8983170614136294,0.8983170614136294,0.8983170614136294,0.9133170614136294,0.9133170614136294,0.9133170614136294,0.9033170614136294,0.8933170614136294,0.9033170614136294
924,0.8801768030758236,0.8801768030758236,0.8901768030758236,0.8901768030758236,0.8901768030758236,0.8901768030758236,0.8701768030758236,0.9001768030758236,0.9001768030758236,0.9001768030758236,0.9101768030758236,0.9101768030758236,0.9001768030758236
925,0.9018545789594905,0.9118545789594905,0.9218545789594905,0.8918545789594905,0.8918545789594905,0.8918545789594905,0.8918545789594905,0.9118545789594905,0.8918545789594905,0.9018545789594905,0.9018545789594905,0.9018545789594905,0.9018545789594905
926,0.9007821530207586,0.8807821530207586,0.8707821530207586,0.8707821530207586,0.8807821530207586,0.8707821530207586,0.8807821530207586,0.8807821530207586,0.8807821530207586,0.8807821530207586,0.8807821530207586,0.8907821530207586,0.8907821530207586
927,0.9580078897770884,0.9680078897770884,0.9580078897770884,0.9480078897770884,0.9780078897770884,0.9580078897770884,0.9580078897770884,0.9580078897770884,0.9480078897770884,0.9480078897770884,0.9480078897770884,0.9380078897770884,0.9380078897770884
928,0.941646030673837,0.941646030673837,0.941646030673837,0.951646030673837,0.951646030673837,0.951646030673837,0.951646030673837,0.941646030673837,0.941646030673837,0.931646030673837,0.921646030673837,0.921646030673837,0.911646030673837
929,1.0,1.0,1.0,1.0,0.98,0.98,0.99,0.99,0.97,0.97,0.97,0.96,0.95
930,0.9683304584116741,0.9583304584116741,0.9483304584116741,0.9483304584116741,0.9683304584116741,0.9583304584116741,0.9783304584116741,0.9883304584116741,0.9983304584116741,0.9883304584116741,0.9983304584116741,1.0,1.0
931,0.915937331525017,0.905937331525017,0.905937331525017,0.905937331525017,0.895937331525017,0.895937331525017,0.895937331525017,0.875937331525017,0.875937331525017,0.880937331525017,0.890937331525017,0.890937331525017,0.880937331525017
932,0.924567889780906,0.904567889780906,0.904567889780906,0.904567889780906,0.924567889780906,0.944567889780906,0.944567889780906,0.934567889780906,0.904567889780906,0.904567889780906,0.914567889780906,0.914567889780906,0.914567889780906
933,0.9514213683967419,0.9414213683967418,0.9414213683967418,0.9414213683967418,0.9414213683967418,0.9414213683967418,0.9414213683967418,0.9414213683967418,0.9514213683967419,0.9414213683967418,0.9214213683967418,0.9214213683967418,0.9214213683967418
934,0.9217741324646882,0.9217741324646882,0.9417741324646882,0.9517741324646882,0.9617741324646882,0.9567741324646882,0.9467741324646882,0.9467741324646882,0.9267741324646882,0.9267741324646882,0.9267741324646882,0.9267741324646882,0.9167741324646882
935,0.8669135769185561,0.8669135769185561,0.8669135769185561,0.8869135769185561,0.8869135769185561,0.8619135769185561,0.8619135769185561,0.8519135769185561,0.8519135769185561,0.8719135769185561,0.8719135769185561,0.8719135769185561,0.8619135769185561
936,0.9236860995056692,0.9136860995056691,0.9136860995056691,0.9136860995056691,0.9136860995056691,0.9236860995056692,0.9236860995056692,0.9136860995056691,0.9336860995056692,0.9436860995056692,0.9336860995056692,0.9536860995056692,0.9636860995056692
937,0.9433656170431799,0.9233656170431799,0.9233656170431799,0.9233656170431799,0.9333656170431799,0.9233656170431799,0.9433656170431799,0.9333656170431799,0.9333656170431799,0.9533656170431799,0.9633656170431799,0.9533656170431799,0.9433656170431799
938,0.9218290022122934,0.9418290022122934,0.9418290022122934,0.9418290022122934,0.9518290022122934,0.9618290022122934,0.9568290022122934,0.9568290022122934,0.9568290022122934,0.9568290022122934,0.9568290022122934,0.9568290022122934,0.9468290022122934
939,0.9610956931215204,0.9410956931215204,0.9210956931215204,0.9260956931215204,0.9260956931215204,0.9260956931215204,0.9260956931215204,0.9260956931215204,0.9360956931215204,0.9360956931215204,0.9260956931215204,0.9260956931215204,0.9260956931215204
940,0.9683916123237739,0.9383916123237739,0.9383916123237739,0.9483916123237739,0.9383916123237739,0.9283916123237739,0.9383916123237739,0.9283916123237739,0.9383916123237739,0.9383916123237739,0.9383916123237739,0.9283916123237739,0.9333916123237739
941,0.929019067025576,0.929019067025576,0.929019067025576,0.909019067025576,0.919019067025576,0.919019067025576,0.929019067025576,0.929019067025576,0.919019067025576,0.929019067025576,0.919019067025576,0.919019067025576,0.919019067025576
942,0.9218963140296519,0.8918963140296519,0.8818963140296519,0.9118963140296519,0.9318963140296519,0.9618963140296519,0.9518963140296519,0.9418963140296519,0.9618963140296519,0.9518963140296519,0.9518963140296519,0.9618963140296519,0.9568963140296519
943,0.982844046352912,0.982844046352912,0.972844046352912,0.972844046352912,0.972844046352912,0.972844046352912,0.962844046352912,0.972844046352912,0.962844046352912,0.942844046352912,0.942844046352912,0.952844046352912,0.952844046352912
944,0.8957979386888384,0.8857979386888384,0.8857979386888384,0.8757979386888384,0.8757979386888384,0.8557979386888384,0.8557979386888384,0.8557979386888384,0.8557979386888384,0.8607979386888384,0.8607979386888384,0.8707979386888384,0.8707979386888384
945,0.8128166913293808,0.8228166913293808,0.8328166913293809,0.8328166913293809,0.8328166913293809,0.8328166913293809,0.8328166913293809,0.8228166913293808,0.8328166913293809,0.8428166913293809,0.8128166913293808,0.8028166913293808,0.8228166913293808
946,0.9369631379644396,0.9369631379644396,0.9369631379644396,0.9669631379644397,0.9669631379644397,0.9519631379644397,0.9519631379644397,0.9619631379644397,0.9619631379644397,0.9619631379644397,0.9519631379644397,0.9719631379644397,0.9719631379644397
947,0.9348827688730675,0.9448827688730675,0.9548827688730676,0.9648827688730676,0.9648827688730676,0.9748827688730676,0.9748827688730676,0.9748827688730676,0.9748827688730676,0.9748827688730676,0.9748827688730676,0.9698827688730676,0.9698827688730676
948,0.8580086074508751,0.8380086074508751,0.8380086074508751,0.8180086074508751,0.8280086074508751,0.8280086074508751,0.8280086074508751,0.8480086074508751,0.8480086074508751,0.8580086074508751,0.8580086074508751,0.8580086074508751,0.8580086074508751
949,0.9326910757496878,0.9426910757496878,0.9526910757496878,0.9426910757496878,0.9326910757496878,0.9226910757496878,0.9326910757496878,0.9326910757496878,0.9326910757496878,0.9326910757496878,0.9226910757496878,0.9026910757496878,0.9226910757496878
950,0.9015466460474794,0.8815466460474793,0.8815466460474793,0.8915466460474794,0.9015466460474794,0.9015466460474794,0.8915466460474794,0.8615466460474793,0.8665466460474793,0.8665466460474793,0.8665466460474793,0.8665466460474793,0.8665466460474793
951,1.0,0.98,0.98,0.97,0.97,0.97,0.96,0.965,0.975,0.995,0.985,0.995,1.0
952,0.9210955618995615,0.9310955618995616,0.9310955618995616,0.9410955618995616,0.9410955618995616,0.9310955618995616,0.9310955618995616,0.9410955618995616,0.9510955618995616,0.9510955618995616,0.9510955618995616,0.9510955618995616,0.9410955618995616
953,0.9978940145699486,0.9978940145699486,0.9978940145699486,0.9978940145699486,0.9978940145699486,1.0,1.0,1.0,0.99,0.98,0.98,0.97,0.97
954,1.0,1.0,1.0,0.98,0.96,0.965,0.975,0.965,0.965,0.965,0.965,0.965,0.965
955,0.8758730691173605,0.8558730691173605,0.8558730691173605,0.8458730691173605,0.8558730691173605,0.8558730691173605,0.8558730691173605,0.8658730691173605,0.8658730691173605,0.8658730691173605,0.8758730691173605,0.8758730691173605,0.8658730691173605
956,1.0,1.0,1.0,0.98,0.97,0.985,0.985,0.985,0.985,0.955,0.955,0.985,0.985
957,1.0,1.0,1.0,1.0,1.0,1.0,1.0,1.0,0.99,1.0,0.995,0.995,0.985
958,0.9779796609917709,0.9679796609917709,0.9479796609917709,0.9629796609917709,0.9729796609917709,0.9629796609917709,0.9629796609917709,0.9529796609917709,0.9729796609917709,0.9629796609917709,0.9729796609917709,0.9729796609917709,0.9729796609917709
959,0.7743562152615617,0.7643562152615617,0.7543562152615617,0.7443562152615617,0.7543562152615617,0.7643562152615617,0.7643562152615617,0.7743562152615617,0.7943562152615617,0.7943562152615617,0.7943562152615617,0.7943562152615617,0.7943562152615617
960,0.9614335754646405,0.9514335754646405,0.9414335754646405,0.9414335754646405,0.9414335754646405,0.9514335754646405,0.9614335754646405,0.9514335754646405,0.9514335754646405,0.9614335754646405,0.9514335754646405,0.9614335754646405,0.9414335754646405
961,1.0,1.0,1.0,0.98,0.98,0.98,0.99,1.0,1.0,0.98,0.98,0.97,0.96
962,1.0,1.0,1.0,1.0,1.0,1.0,1.0,1.0,1.0,1.0,1.0,1.0,1.0
963,1.0,1.0,1.0,1.0,1.0,1.0,1.0,1.0,0.96,0.96,0.96,0.96,0.97
964,1.0,0.99,0.97,0.97,0.97,0.96,0.99,0.99,0.99,1.0,0.99,0.99,0.98
965,0.9794186175267945,0.9794186175267945,0.9794186175267945,0.9794186175267945,0.9694186175267945,0.9694186175267945,0.9694186175267945,0.9494186175267945,0.9694186175267945,0.9694186175267945,0.9694186175267945,0.9594186175267945,0.9494186175267945
966,0.8953840477223217,0.8953840477223217,0.8653840477223217,0.8753840477223217,0.9053840477223217,0.9153840477223217,0.9053840477223217,0.8953840477223217,0.9053840477223217,0.9053840477223217,0.9153840477223217,0.8953840477223217,0.8953840477223217
967,0.8951847116260474,0.9151847116260474,0.9151847116260474,0.9151847116260474,0.8951847116260474,0.8851847116260474,0.8851847116260474,0.8751847116260474,0.9051847116260474,0.9051847116260474,0.8951847116260474,0.9251847116260474,0.9251847116260474
968,0.9137595617907588,0.9137595617907588,0.9037595617907588,0.9037595617907588,0.9037595617907588,0.9137595617907588,0.9137595617907588,0.9137595617907588,0.9137595617907588,0.9037595617907588,0.8937595617907588,0.8937595617907588,0.8937595617907588
969,0.9767834637020552,0.9967834637020552,0.9867834637020552,0.9867834637020552,0.9867834637020552,0.9867834637020552,0.9767834637020552,0.9767834637020552,0.9767834637020552,0.9867834637020552,0.9967834637020552,0.9767834637020552,0.9667834637020551
970,1.0,1.0,0.98,0.98,0.97,0.96,0.96,0.96,0.96,0.965,0.965,0.965,0.975
971,0.9297925556921525,0.9397925556921525,0.9497925556921525,0.9497925556921525,0.9497925556921525,0.9597925556921525,0.9697925556921525,0.9697925556921525,0.9497925556921525,0.9397925556921525,0.9397925556921525,0.9397925556921525,0.9397925556921525
972,0.9512724252700341,0.9312724252700341,0.9512724252700341,0.9612724252700341,0.9612724252700341,0.9612724252700341,0.9612724252700341,0.9412724252700341,0.9512724252700341,0.9412724252700341,0.9512724252700341,0.9712724252700341,0.9712724252700341
973,1.0,1.0,0.99,1.0,0.99,1.0,1.0,0.99,0.98,0.98,0.96,0.95,0.97
974,0.973225663282042,0.973225663282042,0.953225663282042,0.9332256632820419,0.9332256632820419,0.9432256632820419,0.9432256632820419,0.9432256632820419,0.9432256632820419,0.9432256632820419,0.953225663282042,0.9432256632820419,0.9432256632820419
975,0.9670140862772186,0.9470140862772186,0.9370140862772186,0.9270140862772186,0.9320140862772186,0.9420140862772186,0.9620140862772186,0.9620140862772186,0.9520140862772186,0.9420140862772186,0.9520140862772186,0.9220140862772186,0.9220140862772186
976,0.8278023557226779,0.8378023557226779,0.8278023557226779,0.8278023557226779,0.8478023557226779,0.8478023557226779,0.8678023557226779,0.8678023557226779,0.8678023557226779,0.8678023557226779,0.8678023557226779,0.8628023557226779,0.8528023557226779
977,0.9848116281165904,0.9948116281165904,1.0,0.995,0.985,0.985,0.975,0.995,0.985,0.985,0.985,0.995,0.975
978,1.0,0.99,0.98,0.99,0.98,0.97,0.98,0.98,0.99,0.99,1.0,0.98,1.0
979,0.9410283404965716,0.9310283404965716,0.9210283404965716,0.9110283404965716,0.9110283404965716,0.9260283404965716,0.9260283404965716,0.9260283404965716,0.9160283404965716,0.9260283404965716,0.9260283404965716,0.9360283404965716,0.9360283404965716
980,0.9013006103631637,0.9013006103631637,0.9013006103631637,0.9013006103631637,0.9113006103631637,0.9113006103631637,0.9113006103631637,0.9213006103631637,0.8913006103631637,0.8813006103631637,0.8813006103631637,0.8613006103631636,0.8613006103631636
981,0.9666334511682725,0.9466334511682725,0.9466334511682725,0.9466334511682725,0.9566334511682725,0.9566334511682725,0.9566334511682725,0.9566334511682725,0.9466334511682725,0.9666334511682725,0.9466334511682725,0.9366334511682725,0.9466334511682725
982,0.8946137331125769,0.9046137331125769,0.9046137331125769,0.8846137331125768,0.8846137331125768,0.9046137331125769,0.9046137331125769,0.9046137331125769,0.8946137331125769,0.8946137331125769,0.8946137331125769,0.8946137331125769,0.9046137331125769
983,0.9371426564438935,0.9171426564438935,0.9071426564438935,0.9171426564438935,0.9371426564438935,0.9171426564438935,0.9071426564438935,0.9071426564438935,0.9171426564438935,0.9171426564438935,0.9421426564438935,0.9421426564438935,0.9421426564438935
984,0.8965520887150287,0.8965520887150287,0.8765520887150287,0.8765520887150287,0.8965520887150287,0.8565520887150286,0.8615520887150286,0.8715520887150286,0.8915520887150287,0.8915520887150287,0.8915520887150287,0.9115520887150287,0.9115520887150287
985,0.929051556815909,0.919051556815909,0.919051556815909,0.899051556815909,0.899051556815909,0.919051556815909,0.919051556815909,0.919051556815909,0.919051556815909,0.929051556815909,0.909051556815909,0.929051556815909,0.929051556815909
986,0.9206648209559768,0.9206648209559768,0.9106648209559768,0.8906648209559768,0.8906648209559768,0.9106648209559768,0.9006648209559768,0.9006648209559768,0.9006648209559768,0.8806648209559768,0.8806648209559768,0.8856648209559768,0.9056648209559768
987,0.9631153234805423,0.9631153234805423,0.9631153234805423,0.9631153234805423,0.9931153234805423,0.9781153234805423,0.9781153234805423,0.9881153234805423,0.9981153234805423,0.9981153234805423,0.9981153234805423,0.9981153234805423,0.9781153234805423
988,0.9918893982306979,0.9918893982306979,0.9918893982306979,1.0,1.0,0.99,1.0,0.99,1.0,1.0,0.995,0.995,0.985
989,0.8518775861941703,0.8618775861941703,0.8718775861941703,0.8468775861941703,0.8468775861941703,0.8468775861941703,0.8668775861941703,0.8668775861941703,0.8668775861941703,0.8868775861941703,0.8768775861941703,0.8668775861941703,0.8868775861941703
990,0.9654576389996138,0.9654576389996138,0.9754576389996138,1.0,1.0,1.0,1.0,1.0,0.995,0.985,0.985,0.985,0.985
991,0.9462204189139352,0.9462204189139352,0.9462204189139352,0.9062204189139351,0.9112204189139351,0.9212204189139351,0.9212204189139351,0.9212204189139351,0.9112204189139351,0.9112204189139351,0.9212204189139351,0.9212204189139351,0.9212204189139351
992,0.8375167799829137,0.8175167799829137,0.8075167799829137,0.8225167799829137,0.8025167799829137,0.8125167799829137,0.8225167799829137,0.8225167799829137,0.8225167799829137,0.8225167799829137,0.8225167799829137,0.8025167799829137,0.8125167799829137
993,0.975467355242017,0.975467355242017,0.955467355242017,0.955467355242017,0.965467355242017,0.965467355242017,0.955467355242017,0.955467355242017,0.955467355242017,0.935467355242017,0.955467355242017,0.955467355242017,0.955467355242017
994,0.9757555167262942,0.9757555167262942,0.9657555167262942,0.9557555167262942,0.9457555167262942,0.9457555167262942,0.9657555167262942,0.9657555167262942,0.9557555167262942,0.9657555167262942,0.9457555167262942,0.9357555167262942,0.9357555167262942
995,1.0,0.99,0.99,1.0,0.99,0.98,0.98,0.99,0.99,0.98,0.99,1.0,1.0
996,1.0,1.0,1.0,1.0,0.99,1.0,1.0,1.0,1.0,1.0,1.0,1.0,1.0
997,1.0,1.0,1.0,1.0,1.0,1.0,1.0,0.985,0.975,0.965,0.965,0.945,0.945
998,1.0,0.98,0.98,0.98,0.98,0.97,0.97,0.98,0.99,0.98,0.99,0.96,0.965
999,0.9187470877777504,0.9187470877777504,0.9187470877777504,0.9087470877777504,0.9087470877777504,0.9087470877777504,0.9087470877777504,0.9087470877777504,0.9087470877777504,0.9187470877777504,0.8987470877777504,0.9087470877777504,0.9087470877777504
