Time Step,Simulation,0,2,4,6,8,10,12,14,16,18,20,22
0,0.8698707726041393,0.8698707726041393,0.8698707726041393,0.8798707726041393,0.8798707726041393,0.8898707726041393,0.8898707726041393,0.8898707726041393,0.8898707726041393,0.8998707726041393,0.8998707726041393,0.8898707726041393,0.8998707726041393
1,0.9481579766398575,0.9481579766398575,0.9281579766398574,0.9381579766398574,0.9281579766398574,0.9181579766398574,0.9081579766398574,0.9081579766398574,0.9281579766398574,0.9181579766398574,0.9081579766398574,0.9081579766398574,0.9131579766398574
2,0.9497046588402729,0.9497046588402729,0.9497046588402729,0.9497046588402729,0.9497046588402729,0.9597046588402729,0.9897046588402729,0.9797046588402729,0.9797046588402729,0.9797046588402729,0.9647046588402729,0.9547046588402729,0.9447046588402729
3,0.9476580895077422,0.9476580895077422,0.9476580895077422,0.9476580895077422,0.9476580895077422,0.9476580895077422,0.9476580895077422,0.9476580895077422,0.9476580895077422,0.9476580895077422,0.9276580895077422,0.9276580895077422,0.9176580895077422
4,0.9636325758663674,0.9736325758663674,0.9736325758663674,0.9936325758663674,1.0,0.97,0.97,0.96,0.96,0.96,0.96,0.95,0.9299999999999999
5,0.835041002457839,0.835041002457839,0.835041002457839,0.835041002457839,0.835041002457839,0.825041002457839,0.815041002457839,0.825041002457839,0.835041002457839,0.835041002457839,0.825041002457839,0.825041002457839,0.825041002457839
6,0.9062040843942811,0.9062040843942811,0.8962040843942811,0.8762040843942811,0.8762040843942811,0.8912040843942811,0.8912040843942811,0.8912040843942811,0.8712040843942811,0.8712040843942811,0.8812040843942811,0.9012040843942811,0.9012040843942811
7,0.9470221611094731,0.9570221611094731,0.9670221611094731,0.9570221611094731,0.9370221611094731,0.9570221611094731,0.9770221611094732,0.9620221611094731,0.9520221611094731,0.9520221611094731,0.9620221611094731,0.9920221611094732,0.9920221611094732
8,0.8675086837018287,0.8575086837018286,0.8475086837018286,0.8575086837018286,0.8475086837018286,0.8575086837018286,0.8775086837018287,0.8875086837018287,0.8875086837018287,0.9075086837018287,0.9075086837018287,0.9075086837018287,0.9025086837018287
9,0.8688849438117482,0.8588849438117482,0.8888849438117482,0.8688849438117482,0.8688849438117482,0.8688849438117482,0.8488849438117482,0.8488849438117482,0.8488849438117482,0.8488849438117482,0.8588849438117482,0.8588849438117482,0.8588849438117482
10,0.8431977778054703,0.8531977778054703,0.8631977778054704,0.8631977778054704,0.8431977778054703,0.8331977778054703,0.8331977778054703,0.8231977778054703,0.8431977778054703,0.8131977778054703,0.8131977778054703,0.8231977778054703,0.8231977778054703
11,0.9618165542561596,0.9818165542561597,0.9918165542561597,1.0,0.995,0.995,0.985,0.995,0.995,0.995,0.995,0.985,0.985
12,1.0,1.0,0.98,0.98,0.97,0.97,0.985,0.985,0.995,0.995,0.985,0.985,0.985
13,0.8383731182759006,0.8383731182759006,0.8383731182759006,0.8383731182759006,0.8483731182759006,0.8483731182759006,0.8483731182759006,0.8483731182759006,0.8483731182759006,0.8483731182759006,0.8383731182759006,0.8383731182759006,0.8383731182759006
14,0.9277825336217997,0.9177825336217997,0.8977825336217997,0.9177825336217997,0.9177825336217997,0.9177825336217997,0.9277825336217997,0.9177825336217997,0.9177825336217997,0.9077825336217997,0.9077825336217997,0.9077825336217997,0.9077825336217997
15,0.9025268062178883,0.9125268062178883,0.9225268062178883,0.9225268062178883,0.9225268062178883,0.9325268062178883,0.9325268062178883,0.9025268062178883,0.9225268062178883,0.9225268062178883,0.9125268062178883,0.9325268062178883,0.9425268062178883
16,0.8936759195114126,0.9036759195114126,0.9036759195114126,0.8936759195114126,0.8936759195114126,0.8936759195114126,0.8936759195114126,0.9036759195114126,0.8836759195114126,0.9136759195114126,0.9236759195114126,0.9336759195114126,0.9236759195114126
17,1.0,1.0,1.0,0.99,1.0,1.0,0.99,0.98,0.97,0.95,0.955,0.965,0.955
18,0.8902971925923401,0.9102971925923401,0.9002971925923401,0.8902971925923401,0.8902971925923401,0.8902971925923401,0.8802971925923401,0.8902971925923401,0.9202971925923401,0.9202971925923401,0.9202971925923401,0.9302971925923401,0.9102971925923401
19,0.9086895975085088,0.9086895975085088,0.8986895975085087,0.8986895975085087,0.8886895975085087,0.8886895975085087,0.8786895975085087,0.8786895975085087,0.8886895975085087,0.8886895975085087,0.8786895975085087,0.8686895975085087,0.8786895975085087
20,0.884735803494302,0.884735803494302,0.884735803494302,0.884735803494302,0.894735803494302,0.894735803494302,0.864735803494302,0.874735803494302,0.874735803494302,0.874735803494302,0.854735803494302,0.864735803494302,0.844735803494302
21,0.8868958318619838,0.8668958318619838,0.8568958318619838,0.8668958318619838,0.8868958318619838,0.8868958318619838,0.8868958318619838,0.8868958318619838,0.8868958318619838,0.8868958318619838,0.8868958318619838,0.9068958318619839,0.9068958318619839
22,0.9902647252709532,0.9902647252709532,0.9902647252709532,0.9902647252709532,0.9502647252709532,0.9552647252709532,0.9752647252709532,0.9552647252709532,0.9652647252709532,0.9552647252709532,0.9552647252709532,0.9652647252709532,0.9752647252709532
23,0.8941535229798521,0.9041535229798521,0.9141535229798521,0.9041535229798521,0.9341535229798521,0.9341535229798521,0.9341535229798521,0.9341535229798521,0.9241535229798521,0.9041535229798521,0.9041535229798521,0.9141535229798521,0.9141535229798521
24,0.9709468724291657,0.9609468724291657,0.9609468724291657,0.9609468724291657,0.9509468724291656,0.9309468724291656,0.9309468724291656,0.9309468724291656,0.9359468724291656,0.9459468724291656,0.9459468724291656,0.9559468724291657,0.9459468724291656
25,0.915426897316136,0.915426897316136,0.935426897316136,0.935426897316136,0.945426897316136,0.945426897316136,0.9554268973161361,0.950426897316136,0.940426897316136,0.930426897316136,0.930426897316136,0.930426897316136,0.940426897316136
26,0.9264774012193205,0.9264774012193205,0.9164774012193205,0.9064774012193205,0.9064774012193205,0.9064774012193205,0.9064774012193205,0.9064774012193205,0.9064774012193205,0.9164774012193205,0.9164774012193205,0.9164774012193205,0.9064774012193205
27,0.8623959140902758,0.8623959140902758,0.8823959140902758,0.8823959140902758,0.8823959140902758,0.8823959140902758,0.8823959140902758,0.9023959140902759,0.8923959140902759,0.8923959140902759,0.8923959140902759,0.9023959140902759,0.9023959140902759
28,0.8559040725291144,0.8659040725291144,0.8659040725291144,0.8659040725291144,0.8659040725291144,0.8659040725291144,0.8459040725291144,0.8459040725291144,0.8459040725291144,0.8159040725291143,0.8159040725291143,0.8209040725291143,0.8209040725291143
29,0.9260998896071424,0.9260998896071424,0.9260998896071424,0.9260998896071424,0.9360998896071424,0.9260998896071424,0.9460998896071424,0.9560998896071424,0.9560998896071424,0.9560998896071424,0.9360998896071424,0.9360998896071424,0.9460998896071424
30,0.8718437853152682,0.8818437853152682,0.8718437853152682,0.8718437853152682,0.8818437853152682,0.8618437853152682,0.8518437853152682,0.8718437853152682,0.8618437853152682,0.8618437853152682,0.9018437853152682,0.8918437853152682,0.9018437853152682
31,0.9180581455944555,0.9080581455944555,0.8980581455944555,0.9080581455944555,0.9080581455944555,0.9080581455944555,0.9180581455944555,0.9180581455944555,0.9180581455944555,0.9080581455944555,0.9080581455944555,0.9080581455944555,0.9080581455944555
32,0.9566294086603472,0.9366294086603472,0.9466294086603472,0.9566294086603472,0.9366294086603472,0.9366294086603472,0.9366294086603472,0.9466294086603472,0.9366294086603472,0.9366294086603472,0.9366294086603472,0.9366294086603472,0.9366294086603472
33,0.8331929535002216,0.8431929535002216,0.8631929535002216,0.8731929535002216,0.8631929535002216,0.8731929535002216,0.8631929535002216,0.8631929535002216,0.8481929535002216,0.8381929535002216,0.8381929535002216,0.8381929535002216,0.8381929535002216
34,0.8891357774202804,0.8991357774202804,0.8891357774202804,0.8891357774202804,0.8991357774202804,0.9091357774202804,0.8991357774202804,0.8891357774202804,0.8991357774202804,0.8891357774202804,0.8891357774202804,0.8891357774202804,0.9091357774202804
35,0.9387053411080594,0.9587053411080594,0.9687053411080594,0.9487053411080594,0.9287053411080594,0.9087053411080593,0.9287053411080594,0.9287053411080594,0.9087053411080593,0.8987053411080593,0.9187053411080593,0.9187053411080593,0.9087053411080593
36,0.896380491335409,0.896380491335409,0.896380491335409,0.906380491335409,0.896380491335409,0.896380491335409,0.886380491335409,0.886380491335409,0.896380491335409,0.916380491335409,0.906380491335409,0.886380491335409,0.876380491335409
37,0.934099819423922,0.944099819423922,0.9240998194239219,0.9140998194239219,0.8940998194239219,0.8990998194239219,0.9090998194239219,0.9190998194239219,0.9090998194239219,0.9090998194239219,0.9190998194239219,0.939099819423922,0.949099819423922
38,0.8811896486250984,0.8711896486250984,0.8511896486250984,0.8511896486250984,0.8611896486250984,0.8711896486250984,0.8711896486250984,0.8811896486250984,0.8711896486250984,0.8611896486250984,0.8811896486250984,0.8811896486250984,0.8911896486250984
39,0.8095331554547359,0.8195331554547359,0.8095331554547359,0.8195331554547359,0.7995331554547359,0.7895331554547359,0.7895331554547359,0.7895331554547359,0.7695331554547359,0.7745331554547359,0.7745331554547359,0.7745331554547359,0.8145331554547359
40,0.8613825314255408,0.8513825314255408,0.8613825314255408,0.8513825314255408,0.8413825314255408,0.8513825314255408,0.8713825314255408,0.8813825314255408,0.8813825314255408,0.8813825314255408,0.8813825314255408,0.9013825314255408,0.8963825314255408
41,0.8890982566664241,0.9190982566664241,0.9040982566664241,0.9340982566664241,0.9340982566664241,0.9340982566664241,0.9340982566664241,0.9340982566664241,0.9340982566664241,0.9340982566664241,0.9140982566664241,0.9140982566664241,0.9140982566664241
42,0.9581659443268257,0.9481659443268257,0.9581659443268257,0.9581659443268257,0.9581659443268257,0.9381659443268257,0.9281659443268256,0.9281659443268256,0.9381659443268257,0.9381659443268257,0.9581659443268257,0.9681659443268257,0.9681659443268257
43,0.892046979006668,0.912046979006668,0.912046979006668,0.902046979006668,0.892046979006668,0.932046979006668,0.932046979006668,0.932046979006668,0.922046979006668,0.922046979006668,0.922046979006668,0.922046979006668,0.922046979006668
44,0.9159582635691236,0.9159582635691236,0.9059582635691236,0.9059582635691236,0.9259582635691236,0.9259582635691236,0.9259582635691236,0.9259582635691236,0.9059582635691236,0.9259582635691236,0.9059582635691236,0.9259582635691236,0.9459582635691236
45,0.8764287574837794,0.8764287574837794,0.8764287574837794,0.8764287574837794,0.8764287574837794,0.8764287574837794,0.8664287574837793,0.8564287574837793,0.8664287574837793,0.8564287574837793,0.8664287574837793,0.8464287574837793,0.8464287574837793
46,0.9207576794613964,0.9307576794613964,0.9307576794613964,0.9407576794613964,0.9407576794613964,0.9607576794613965,0.9607576794613965,0.9607576794613965,0.9607576794613965,0.9557576794613964,0.9557576794613964,0.9557576794613964,0.9357576794613964
47,0.8781038908324277,0.8781038908324277,0.8981038908324277,0.8881038908324277,0.9081038908324277,0.9081038908324277,0.9181038908324277,0.9181038908324277,0.9181038908324277,0.9081038908324277,0.8881038908324277,0.8881038908324277,0.8981038908324277
48,0.9436441964471443,0.9636441964471443,0.9736441964471443,0.9736441964471443,0.9836441964471443,0.9436441964471443,0.9436441964471443,0.9336441964471442,0.9336441964471442,0.9336441964471442,0.9136441964471442,0.9036441964471442,0.9136441964471442
49,0.882053684690767,0.882053684690767,0.882053684690767,0.8720536846907669,0.902053684690767,0.902053684690767,0.902053684690767,0.892053684690767,0.902053684690767,0.902053684690767,0.902053684690767,0.902053684690767,0.922053684690767
50,0.8640325530618929,0.8640325530618929,0.8540325530618929,0.8440325530618928,0.8640325530618929,0.8640325530618929,0.8940325530618929,0.8740325530618929,0.8740325530618929,0.8740325530618929,0.8740325530618929,0.8640325530618929,0.8640325530618929
51,0.8674091487157007,0.8674091487157007,0.8474091487157007,0.8374091487157007,0.8374091487157007,0.8274091487157007,0.8274091487157007,0.8374091487157007,0.8374091487157007,0.8274091487157007,0.8274091487157007,0.8274091487157007,0.8374091487157007
52,0.8987020079919603,0.8887020079919603,0.8787020079919603,0.8787020079919603,0.8787020079919603,0.8587020079919603,0.8587020079919603,0.8587020079919603,0.8587020079919603,0.8637020079919603,0.8737020079919603,0.8837020079919603,0.8637020079919603
53,0.996040128638854,0.996040128638854,0.976040128638854,0.976040128638854,0.966040128638854,0.966040128638854,0.966040128638854,0.966040128638854,0.966040128638854,0.966040128638854,0.966040128638854,0.976040128638854,0.976040128638854
54,0.9640635097276956,0.9740635097276956,0.9740635097276956,0.9540635097276956,0.9740635097276956,0.9940635097276956,1.0,1.0,1.0,1.0,1.0,0.995,0.995
55,0.8823270180297907,0.8923270180297908,0.8923270180297908,0.8723270180297907,0.8723270180297907,0.8723270180297907,0.8623270180297907,0.8623270180297907,0.8723270180297907,0.8623270180297907,0.8523270180297907,0.8523270180297907,0.8523270180297907
56,0.8258715151101187,0.8358715151101187,0.8258715151101187,0.8158715151101187,0.8058715151101187,0.8158715151101187,0.8258715151101187,0.8358715151101187,0.8358715151101187,0.8358715151101187,0.8358715151101187,0.8358715151101187,0.8458715151101187
57,0.9190024007147953,0.8990024007147953,0.8990024007147953,0.9290024007147953,0.9090024007147953,0.8990024007147953,0.8990024007147953,0.8990024007147953,0.9090024007147953,0.9190024007147953,0.9190024007147953,0.9090024007147953,0.8990024007147953
58,0.8262727358984459,0.8662727358984459,0.8612727358984459,0.8512727358984459,0.8512727358984459,0.8512727358984459,0.8512727358984459,0.8612727358984459,0.8612727358984459,0.8412727358984459,0.8412727358984459,0.8512727358984459,0.8412727358984459
59,0.939530306982431,0.929530306982431,0.939530306982431,0.979530306982431,0.979530306982431,0.979530306982431,0.974530306982431,0.964530306982431,0.954530306982431,0.964530306982431,0.964530306982431,0.974530306982431,0.974530306982431
60,0.92028657279985,0.92028657279985,0.92028657279985,0.92028657279985,0.92028657279985,0.9602865727998501,0.9552865727998501,0.9552865727998501,0.9452865727998501,0.9652865727998501,0.9552865727998501,0.9552865727998501,0.9652865727998501
61,0.863411159471499,0.853411159471499,0.853411159471499,0.863411159471499,0.843411159471499,0.853411159471499,0.863411159471499,0.843411159471499,0.843411159471499,0.853411159471499,0.853411159471499,0.863411159471499,0.863411159471499
62,0.9365941465596338,0.9165941465596338,0.9165941465596338,0.9065941465596338,0.9065941465596338,0.9065941465596338,0.9065941465596338,0.9065941465596338,0.9165941465596338,0.9365941465596338,0.9465941465596338,0.9665941465596338,0.9665941465596338
63,0.9244648561496452,0.9144648561496452,0.9144648561496452,0.9044648561496452,0.9044648561496452,0.9144648561496452,0.9144648561496452,0.9144648561496452,0.9144648561496452,0.9144648561496452,0.9044648561496452,0.9044648561496452,0.9044648561496452
64,0.8954624188310615,0.8854624188310615,0.8854624188310615,0.8854624188310615,0.8854624188310615,0.8854624188310615,0.8654624188310615,0.8804624188310615,0.8804624188310615,0.8804624188310615,0.8904624188310615,0.8904624188310615,0.9004624188310615
65,0.897460954025645,0.897460954025645,0.917460954025645,0.917460954025645,0.917460954025645,0.917460954025645,0.917460954025645,0.937460954025645,0.932460954025645,0.922460954025645,0.902460954025645,0.902460954025645,0.912460954025645
66,0.9551154410943679,0.9551154410943679,0.9451154410943678,0.9251154410943678,0.9351154410943678,0.9351154410943678,0.9351154410943678,0.9151154410943678,0.9151154410943678,0.9151154410943678,0.9201154410943678,0.9301154410943678,0.9301154410943678
67,0.8759207254544384,0.8859207254544385,0.9059207254544385,0.9059207254544385,0.8909207254544385,0.8909207254544385,0.9009207254544385,0.8709207254544384,0.8509207254544384,0.8309207254544384,0.8509207254544384,0.8509207254544384,0.8409207254544384
68,0.8803012455221199,0.8803012455221199,0.8803012455221199,0.8803012455221199,0.9003012455221199,0.9103012455221199,0.9003012455221199,0.9003012455221199,0.9003012455221199,0.9003012455221199,0.9003012455221199,0.9003012455221199,0.9003012455221199
69,0.9412248778805529,0.9412248778805529,0.9412248778805529,0.9512248778805529,0.9312248778805529,0.9312248778805529,0.9112248778805528,0.9112248778805528,0.9112248778805528,0.9112248778805528,0.9312248778805529,0.9312248778805529,0.9312248778805529
70,0.9534927400484489,0.9434927400484489,0.9534927400484489,0.9934927400484489,0.9934927400484489,0.9884927400484489,0.9684927400484489,0.9784927400484489,0.9884927400484489,0.9884927400484489,0.9684927400484489,0.9684927400484489,0.9684927400484489
71,0.9614389157736893,0.9514389157736893,0.9414389157736893,0.9414389157736893,0.9514389157736893,0.9414389157736893,0.9514389157736893,0.9514389157736893,0.9514389157736893,0.9514389157736893,0.9514389157736893,0.9614389157736893,0.9614389157736893
72,0.9112503985551013,0.8912503985551012,0.8912503985551012,0.8812503985551012,0.8962503985551012,0.9162503985551013,0.9162503985551013,0.9262503985551013,0.9062503985551013,0.8962503985551012,0.8962503985551012,0.8962503985551012,0.9062503985551013
73,0.9052267564264701,0.8952267564264701,0.8952267564264701,0.9052267564264701,0.8852267564264701,0.9052267564264701,0.9052267564264701,0.9252267564264701,0.9352267564264701,0.9352267564264701,0.9152267564264701,0.9252267564264701,0.9252267564264701
74,0.892696905246671,0.892696905246671,0.892696905246671,0.882696905246671,0.882696905246671,0.882696905246671,0.882696905246671,0.892696905246671,0.892696905246671,0.882696905246671,0.872696905246671,0.872696905246671,0.892696905246671
75,0.953654572886563,0.983654572886563,0.993654572886563,0.993654572886563,0.993654572886563,0.988654572886563,0.988654572886563,0.978654572886563,0.978654572886563,0.988654572886563,0.988654572886563,0.968654572886563,0.968654572886563
76,0.9099795001247616,0.9099795001247616,0.9099795001247616,0.9299795001247616,0.9299795001247616,0.9299795001247616,0.9199795001247616,0.9299795001247616,0.9299795001247616,0.9499795001247616,0.9399795001247616,0.9399795001247616,0.9399795001247616
77,0.8312513031592474,0.8412513031592475,0.8412513031592475,0.8412513031592475,0.8612513031592475,0.8712513031592475,0.8662513031592475,0.8662513031592475,0.8462513031592475,0.8562513031592475,0.8662513031592475,0.8662513031592475,0.8562513031592475
78,0.9098926422128006,0.9098926422128006,0.9098926422128006,0.9098926422128006,0.8898926422128006,0.8998926422128006,0.8898926422128006,0.8898926422128006,0.8798926422128006,0.8698926422128006,0.8698926422128006,0.8698926422128006,0.8698926422128006
79,0.873946003046072,0.873946003046072,0.893946003046072,0.893946003046072,0.893946003046072,0.883946003046072,0.903946003046072,0.913946003046072,0.913946003046072,0.913946003046072,0.908946003046072,0.908946003046072,0.908946003046072
80,1.0,1.0,1.0,1.0,1.0,1.0,1.0,1.0,0.98,0.97,0.95,0.95,0.95
81,0.9002000812592912,0.9002000812592912,0.9002000812592912,0.9202000812592912,0.9302000812592912,0.9402000812592912,0.9402000812592912,0.9202000812592912,0.9202000812592912,0.9402000812592912,0.9302000812592912,0.9302000812592912,0.9202000812592912
82,0.8649524763183182,0.8549524763183182,0.8549524763183182,0.8449524763183182,0.8349524763183181,0.8349524763183181,0.8499524763183182,0.8499524763183182,0.8499524763183182,0.8499524763183182,0.8799524763183182,0.8799524763183182,0.8899524763183182
83,0.9140295040594425,0.9040295040594425,0.9040295040594425,0.9140295040594425,0.9340295040594425,0.9440295040594425,0.9340295040594425,0.9340295040594425,0.9440295040594425,0.9290295040594425,0.9590295040594425,0.9390295040594425,0.9290295040594425
84,0.8989186164051953,0.9289186164051954,0.9289186164051954,0.9289186164051954,0.9289186164051954,0.9289186164051954,0.9189186164051953,0.9089186164051953,0.9089186164051953,0.9189186164051953,0.9189186164051953,0.9189186164051953,0.9289186164051954
85,0.8849140837628777,0.8749140837628777,0.8749140837628777,0.8649140837628777,0.8649140837628777,0.8749140837628777,0.8749140837628777,0.8849140837628777,0.9149140837628778,0.9149140837628778,0.8949140837628777,0.9149140837628778,0.9149140837628778
86,0.8351577190297252,0.8251577190297252,0.8151577190297252,0.8351577190297252,0.8251577190297252,0.8251577190297252,0.8351577190297252,0.8251577190297252,0.8351577190297252,0.8351577190297252,0.8351577190297252,0.8351577190297252,0.8451577190297253
87,0.9443220878258451,0.9643220878258452,0.9443220878258451,0.9243220878258451,0.9143220878258451,0.9443220878258451,0.9543220878258452,0.9143220878258451,0.9143220878258451,0.9293220878258451,0.9093220878258451,0.9093220878258451,0.9193220878258451
88,0.9222853974631836,0.9122853974631836,0.9122853974631836,0.9122853974631836,0.8822853974631836,0.8822853974631836,0.8872853974631836,0.8972853974631836,0.9172853974631836,0.9272853974631836,0.9272853974631836,0.8972853974631836,0.8972853974631836
89,0.8921740334124532,0.9021740334124532,0.9021740334124532,0.9121740334124532,0.9121740334124532,0.9121740334124532,0.9021740334124532,0.9021740334124532,0.8821740334124532,0.8721740334124531,0.8721740334124531,0.8821740334124532,0.8821740334124532
90,0.9001700581546157,0.9001700581546157,0.9001700581546157,0.8901700581546157,0.9001700581546157,0.9001700581546157,0.9101700581546157,0.9001700581546157,0.8801700581546157,0.8801700581546157,0.8701700581546157,0.8601700581546157,0.8601700581546157
91,1.0,1.0,0.99,1.0,1.0,1.0,1.0,1.0,0.98,0.97,0.98,0.96,0.975
92,0.9070530717200687,0.8870530717200686,0.8670530717200686,0.8720530717200686,0.8820530717200686,0.9020530717200687,0.8720530717200686,0.8820530717200686,0.9020530717200687,0.9020530717200687,0.9220530717200687,0.8920530717200686,0.8920530717200686
93,0.9184718302316145,0.9284718302316145,0.9284718302316145,0.9284718302316145,0.9184718302316145,0.8984718302316145,0.8784718302316145,0.8834718302316145,0.8934718302316145,0.9034718302316145,0.8834718302316145,0.8934718302316145,0.8934718302316145
94,0.8851161884207234,0.8751161884207234,0.8651161884207234,0.8651161884207234,0.8551161884207233,0.8751161884207234,0.8751161884207234,0.8751161884207234,0.8951161884207234,0.8951161884207234,0.8851161884207234,0.8951161884207234,0.8851161884207234
95,0.9077891578506923,0.9277891578506923,0.9377891578506923,0.9277891578506923,0.9077891578506923,0.9177891578506923,0.9177891578506923,0.9177891578506923,0.9177891578506923,0.9177891578506923,0.9077891578506923,0.9177891578506923,0.9177891578506923
96,0.9641284290525111,0.9641284290525111,0.944128429052511,0.934128429052511,0.924128429052511,0.924128429052511,0.924128429052511,0.934128429052511,0.944128429052511,0.944128429052511,0.944128429052511,0.924128429052511,0.929128429052511
97,0.898739508351787,0.8787395083517869,0.898739508351787,0.898739508351787,0.8687395083517869,0.8587395083517869,0.8687395083517869,0.8787395083517869,0.8887395083517869,0.908739508351787,0.918739508351787,0.918739508351787,0.928739508351787
98,0.8840557555300065,0.8940557555300065,0.8840557555300065,0.8840557555300065,0.8740557555300065,0.8840557555300065,0.8940557555300065,0.8940557555300065,0.9040557555300065,0.8790557555300065,0.8590557555300065,0.8690557555300065,0.8790557555300065
99,0.947067898321343,0.967067898321343,0.967067898321343,0.957067898321343,0.947067898321343,0.947067898321343,0.967067898321343,0.977067898321343,0.977067898321343,0.967067898321343,0.967067898321343,0.987067898321343,0.947067898321343
100,0.9741103880697707,0.9641103880697707,0.9541103880697707,0.9541103880697707,0.9541103880697707,0.9541103880697707,0.9541103880697707,0.9641103880697707,0.9641103880697707,0.9641103880697707,0.9641103880697707,0.9641103880697707,0.9741103880697707
101,0.9264624358720766,0.9264624358720766,0.9264624358720766,0.9264624358720766,0.9164624358720765,0.9064624358720765,0.9064624358720765,0.9164624358720765,0.9264624358720766,0.9164624358720765,0.9164624358720765,0.9164624358720765,0.9364624358720766
102,0.8851672616021312,0.8851672616021312,0.8851672616021312,0.8951672616021312,0.8851672616021312,0.8851672616021312,0.8651672616021312,0.8651672616021312,0.8451672616021312,0.8651672616021312,0.8951672616021312,0.8651672616021312,0.8651672616021312
103,0.8831695465858794,0.8731695465858794,0.8531695465858794,0.8531695465858794,0.8531695465858794,0.8631695465858794,0.8631695465858794,0.8531695465858794,0.8631695465858794,0.8631695465858794,0.8531695465858794,0.8631695465858794,0.8631695465858794
104,0.9504390461201473,0.9704390461201473,0.9704390461201473,0.9804390461201473,0.9804390461201473,0.9804390461201473,0.9654390461201473,0.9654390461201473,0.9654390461201473,0.9754390461201473,0.9754390461201473,0.9554390461201473,0.9654390461201473
105,0.8724918978857558,0.8824918978857558,0.8724918978857558,0.8424918978857557,0.8424918978857557,0.8424918978857557,0.8574918978857557,0.8574918978857557,0.8574918978857557,0.8674918978857558,0.8674918978857558,0.8674918978857558,0.8574918978857557
106,0.8741789090515132,0.8541789090515132,0.8541789090515132,0.8541789090515132,0.8541789090515132,0.8541789090515132,0.8541789090515132,0.8441789090515132,0.8341789090515132,0.8341789090515132,0.8341789090515132,0.8341789090515132,0.8341789090515132
107,0.8684816766133554,0.8784816766133554,0.8784816766133554,0.8784816766133554,0.8784816766133554,0.8784816766133554,0.8884816766133554,0.8684816766133554,0.8684816766133554,0.8784816766133554,0.8884816766133554,0.8884816766133554,0.8884816766133554
108,0.9222274469413231,0.9222274469413231,0.9222274469413231,0.9222274469413231,0.9222274469413231,0.9222274469413231,0.9322274469413231,0.9322274469413231,0.9322274469413231,0.9222274469413231,0.9222274469413231,0.9222274469413231,0.9222274469413231
109,0.8803869433271763,0.9003869433271763,0.9103869433271763,0.8903869433271763,0.8903869433271763,0.9003869433271763,0.9003869433271763,0.9003869433271763,0.9103869433271763,0.9103869433271763,0.9203869433271763,0.9103869433271763,0.9203869433271763
110,0.9013151716661307,0.9213151716661307,0.9213151716661307,0.9313151716661308,0.9213151716661307,0.9213151716661307,0.9213151716661307,0.9213151716661307,0.9313151716661308,0.9313151716661308,0.9013151716661307,0.9013151716661307,0.8913151716661307
111,0.9530538087933094,0.9330538087933093,0.9430538087933094,0.9430538087933094,0.9530538087933094,0.9530538087933094,0.9330538087933093,0.9330538087933093,0.9630538087933094,0.9630538087933094,0.9530538087933094,0.9530538087933094,0.9330538087933093
112,0.9024171198156733,0.9024171198156733,0.9224171198156733,0.9324171198156733,0.9224171198156733,0.9224171198156733,0.9124171198156733,0.9024171198156733,0.9024171198156733,0.9124171198156733,0.9124171198156733,0.9024171198156733,0.9124171198156733
113,0.8969833759400531,0.886983375940053,0.866983375940053,0.876983375940053,0.876983375940053,0.876983375940053,0.886983375940053,0.9069833759400531,0.9169833759400531,0.886983375940053,0.886983375940053,0.876983375940053,0.876983375940053
114,0.910319535290954,0.910319535290954,0.890319535290954,0.890319535290954,0.870319535290954,0.875319535290954,0.885319535290954,0.885319535290954,0.885319535290954,0.895319535290954,0.905319535290954,0.905319535290954,0.905319535290954
115,1.0,1.0,0.99,0.98,1.0,0.985,0.985,0.975,0.945,0.965,0.955,0.955,0.955
116,0.9428232533184668,0.9428232533184668,0.9528232533184668,0.9328232533184668,0.9128232533184668,0.9028232533184668,0.9228232533184668,0.9228232533184668,0.9228232533184668,0.9228232533184668,0.9028232533184668,0.9028232533184668,0.9028232533184668
117,0.9551717687857634,0.9651717687857634,0.9651717687857634,0.9551717687857634,0.9551717687857634,0.9551717687857634,0.9551717687857634,0.9651717687857634,0.9651717687857634,0.9651717687857634,0.9551717687857634,0.9651717687857634,0.9551717687857634
118,0.910667602321496,0.920667602321496,0.910667602321496,0.900667602321496,0.910667602321496,0.910667602321496,0.910667602321496,0.910667602321496,0.910667602321496,0.920667602321496,0.920667602321496,0.920667602321496,0.920667602321496
119,0.886267254966699,0.886267254966699,0.866267254966699,0.866267254966699,0.886267254966699,0.876267254966699,0.856267254966699,0.866267254966699,0.866267254966699,0.876267254966699,0.866267254966699,0.866267254966699,0.866267254966699
120,0.9373446214054615,0.9373446214054615,0.9373446214054615,0.9373446214054615,0.9273446214054615,0.9373446214054615,0.9273446214054615,0.9073446214054615,0.9173446214054615,0.9173446214054615,0.9173446214054615,0.9173446214054615,0.9073446214054615
121,0.9267591139999564,0.9467591139999564,0.9667591139999564,0.9467591139999564,0.9567591139999564,0.9567591139999564,0.9567591139999564,0.9567591139999564,0.9667591139999564,0.9667591139999564,0.9467591139999564,0.9567591139999564,0.9567591139999564
122,0.9423201258890541,0.9423201258890541,0.9423201258890541,0.9523201258890541,0.9523201258890541,0.9423201258890541,0.9423201258890541,0.9323201258890541,0.9423201258890541,0.9823201258890542,0.9723201258890541,0.9723201258890541,0.9523201258890541
123,0.8315509913904576,0.8515509913904576,0.8515509913904576,0.8415509913904576,0.8315509913904576,0.8515509913904576,0.8615509913904577,0.8715509913904577,0.8615509913904577,0.8465509913904576,0.8465509913904576,0.8465509913904576,0.8565509913904576
124,0.84580223297896,0.84580223297896,0.84580223297896,0.84580223297896,0.86580223297896,0.87580223297896,0.87580223297896,0.87580223297896,0.87580223297896,0.87580223297896,0.87580223297896,0.87580223297896,0.87580223297896
125,0.9267959343460433,0.9267959343460433,0.9267959343460433,0.9267959343460433,0.9367959343460434,0.9267959343460433,0.9267959343460433,0.9267959343460433,0.9267959343460433,0.9367959343460434,0.9467959343460434,0.9467959343460434,0.9467959343460434
126,0.9154476545778736,0.9154476545778736,0.9154476545778736,0.9154476545778736,0.9554476545778736,0.9454476545778736,0.9454476545778736,0.9304476545778736,0.9304476545778736,0.9304476545778736,0.9204476545778736,0.9404476545778736,0.9204476545778736
127,0.9426808798442696,0.9426808798442696,0.9426808798442696,0.9426808798442696,0.9426808798442696,0.9526808798442696,0.9726808798442697,0.9626808798442696,0.9726808798442697,0.9826808798442697,0.9526808798442696,0.9526808798442696,0.9526808798442696
128,0.8986945747367138,0.8986945747367138,0.8986945747367138,0.8986945747367138,0.9186945747367138,0.9286945747367138,0.9086945747367138,0.9086945747367138,0.8986945747367138,0.8786945747367138,0.8786945747367138,0.8686945747367137,0.8786945747367138
129,0.9111158858424508,0.9311158858424509,0.9211158858424509,0.9511158858424509,0.9511158858424509,0.9461158858424509,0.9461158858424509,0.9461158858424509,0.9261158858424509,0.9061158858424508,0.9061158858424508,0.8861158858424508,0.8961158858424508
130,0.8339161140341452,0.8439161140341452,0.8539161140341452,0.8539161140341452,0.8639161140341453,0.8639161140341453,0.8739161140341453,0.8739161140341453,0.8689161140341453,0.8689161140341453,0.8489161140341452,0.8489161140341452,0.8489161140341452
131,0.8863893515037315,0.8863893515037315,0.8863893515037315,0.9063893515037316,0.9063893515037316,0.9163893515037316,0.9063893515037316,0.8963893515037316,0.8963893515037316,0.9163893515037316,0.9163893515037316,0.9163893515037316,0.9013893515037316
132,0.9577699798913965,0.9477699798913964,0.9577699798913965,0.9577699798913965,0.9477699798913964,0.9477699798913964,0.9477699798913964,0.9377699798913964,0.9577699798913965,0.9477699798913964,0.9477699798913964,0.9377699798913964,0.9577699798913965
133,0.8103334019648092,0.8203334019648092,0.8303334019648092,0.8303334019648092,0.8203334019648092,0.7903334019648092,0.7803334019648092,0.7803334019648092,0.7803334019648092,0.7803334019648092,0.7903334019648092,0.7903334019648092,0.7903334019648092
134,0.9067904116149681,0.9167904116149681,0.9167904116149681,0.9267904116149681,0.9167904116149681,0.9167904116149681,0.9067904116149681,0.9267904116149681,0.8967904116149681,0.8967904116149681,0.9067904116149681,0.9067904116149681,0.9067904116149681
135,0.8850541588750809,0.9050541588750809,0.8850541588750809,0.9050541588750809,0.9050541588750809,0.9050541588750809,0.9050541588750809,0.9150541588750809,0.9250541588750809,0.8950541588750809,0.8950541588750809,0.9050541588750809,0.9050541588750809
136,0.9327756282484375,0.9327756282484375,0.9227756282484375,0.9127756282484375,0.9127756282484375,0.9327756282484375,0.9427756282484375,0.9427756282484375,0.9427756282484375,0.9327756282484375,0.9327756282484375,0.9327756282484375,0.9327756282484375
137,0.9452362749539843,0.9452362749539843,0.9352362749539843,0.9552362749539843,0.9552362749539843,0.9752362749539844,0.9852362749539844,0.9652362749539843,0.9552362749539843,0.9552362749539843,0.9652362749539843,0.9852362749539844,0.9752362749539844
138,0.8448637394495491,0.8348637394495491,0.8448637394495491,0.8348637394495491,0.8348637394495491,0.8348637394495491,0.824863739449549,0.824863739449549,0.8348637394495491,0.8348637394495491,0.8548637394495491,0.8548637394495491,0.8548637394495491
139,0.8737558689972675,0.8937558689972676,0.8837558689972675,0.9137558689972676,0.9087558689972676,0.8987558689972676,0.8887558689972676,0.8887558689972676,0.8787558689972675,0.8787558689972675,0.8687558689972675,0.8687558689972675,0.8687558689972675
140,0.9439910787488467,0.9439910787488467,0.9239910787488467,0.9239910787488467,0.9239910787488467,0.9239910787488467,0.9239910787488467,0.9139910787488467,0.9139910787488467,0.9139910787488467,0.9039910787488467,0.9089910787488467,0.9089910787488467
141,0.9667540866349241,0.9567540866349241,0.9667540866349241,0.9367540866349241,0.9367540866349241,0.9367540866349241,0.9367540866349241,0.9367540866349241,0.9367540866349241,0.9367540866349241,0.9467540866349241,0.9467540866349241,0.9567540866349241
142,0.916334991419757,0.9463349914197571,0.9313349914197571,0.9313349914197571,0.9313349914197571,0.921334991419757,0.921334991419757,0.921334991419757,0.921334991419757,0.891334991419757,0.901334991419757,0.9313349914197571,0.9413349914197571
143,0.889470312280846,0.879470312280846,0.879470312280846,0.859470312280846,0.874470312280846,0.864470312280846,0.864470312280846,0.8944703122808461,0.9044703122808461,0.8944703122808461,0.8944703122808461,0.8944703122808461,0.9044703122808461
144,0.9585395466798979,0.9585395466798979,0.9585395466798979,0.9485395466798979,0.9385395466798979,0.9385395466798979,0.978539546679898,0.988539546679898,0.988539546679898,0.988539546679898,0.998539546679898,0.998539546679898,0.998539546679898
145,1.0,0.99,0.98,0.98,1.0,1.0,1.0,1.0,0.98,0.98,0.97,0.96,0.96
146,0.9287869190146715,0.9387869190146715,0.9287869190146715,0.9287869190146715,0.9287869190146715,0.9087869190146715,0.9087869190146715,0.9187869190146715,0.9187869190146715,0.9187869190146715,0.9287869190146715,0.9287869190146715,0.9287869190146715
147,0.8323077795613716,0.8223077795613716,0.8223077795613716,0.8223077795613716,0.8123077795613716,0.8023077795613716,0.8123077795613716,0.8023077795613716,0.8023077795613716,0.8173077795613716,0.8173077795613716,0.8173077795613716,0.8173077795613716
148,0.9630388473616505,0.9930388473616505,0.9830388473616505,0.9830388473616505,0.9830388473616505,0.9830388473616505,0.9830388473616505,0.9830388473616505,0.9730388473616505,0.9730388473616505,0.9630388473616505,0.9630388473616505,0.9530388473616505
149,0.8917358204183179,0.8917358204183179,0.9117358204183179,0.9317358204183179,0.9317358204183179,0.9217358204183179,0.9217358204183179,0.9217358204183179,0.9217358204183179,0.9117358204183179,0.9117358204183179,0.9217358204183179,0.9217358204183179
150,0.936127194705192,0.926127194705192,0.906127194705192,0.896127194705192,0.901127194705192,0.901127194705192,0.901127194705192,0.901127194705192,0.911127194705192,0.901127194705192,0.911127194705192,0.941127194705192,0.941127194705192
151,0.8989029534370412,0.8989029534370412,0.9189029534370412,0.9389029534370412,0.9389029534370412,0.9289029534370412,0.9389029534370412,0.9289029534370412,0.9189029534370412,0.9189029534370412,0.8989029534370412,0.8889029534370412,0.8889029534370412
152,0.9564762747915456,0.9564762747915456,0.9564762747915456,0.9464762747915456,0.9464762747915456,0.9464762747915456,0.9364762747915456,0.9464762747915456,0.9264762747915456,0.9564762747915456,0.9364762747915456,0.9564762747915456,0.9664762747915456
153,0.8621716668286679,0.8521716668286679,0.8521716668286679,0.8521716668286679,0.8421716668286678,0.8421716668286678,0.8321716668286678,0.8321716668286678,0.8321716668286678,0.8421716668286678,0.8521716668286679,0.8521716668286679,0.8421716668286678
154,0.8749517595579237,0.8749517595579237,0.8749517595579237,0.8749517595579237,0.8749517595579237,0.8849517595579237,0.8749517595579237,0.8749517595579237,0.8649517595579237,0.8549517595579237,0.8649517595579237,0.8749517595579237,0.8649517595579237
155,0.9054297696356503,0.9054297696356503,0.9054297696356503,0.8954297696356502,0.8954297696356502,0.8954297696356502,0.9154297696356503,0.8954297696356502,0.9154297696356503,0.9154297696356503,0.9354297696356503,0.9354297696356503,0.9454297696356503
156,0.8562060476093943,0.8562060476093943,0.8562060476093943,0.8562060476093943,0.8462060476093943,0.8662060476093943,0.8462060476093943,0.8462060476093943,0.8362060476093943,0.8362060476093943,0.8362060476093943,0.8362060476093943,0.8262060476093943
157,0.8954360699652798,0.8954360699652798,0.9154360699652798,0.9154360699652798,0.9154360699652798,0.9254360699652798,0.9254360699652798,0.9254360699652798,0.9254360699652798,0.9254360699652798,0.9254360699652798,0.9154360699652798,0.9254360699652798
158,0.8724933184033459,0.8724933184033459,0.8624933184033459,0.8524933184033459,0.8624933184033459,0.8624933184033459,0.8624933184033459,0.8524933184033459,0.8424933184033458,0.8724933184033459,0.8524933184033459,0.8524933184033459,0.8424933184033458
159,0.8879894739506297,0.8979894739506297,0.9179894739506297,0.9279894739506297,0.9079894739506297,0.8979894739506297,0.8879894739506297,0.8679894739506296,0.8679894739506296,0.8879894739506297,0.8779894739506297,0.8979894739506297,0.9179894739506297
160,0.9571242688765496,0.9771242688765496,0.9871242688765496,0.9671242688765496,0.9671242688765496,0.9671242688765496,0.9671242688765496,0.9671242688765496,0.9771242688765496,0.9971242688765496,0.9871242688765496,0.9671242688765496,0.9771242688765496
161,0.8951778423836719,0.8951778423836719,0.8851778423836719,0.8851778423836719,0.8951778423836719,0.8951778423836719,0.915177842383672,0.925177842383672,0.925177842383672,0.935177842383672,0.925177842383672,0.8951778423836719,0.8951778423836719
162,0.9149386328663173,0.9149386328663173,0.9149386328663173,0.9149386328663173,0.9249386328663173,0.9149386328663173,0.9049386328663173,0.9149386328663173,0.9049386328663173,0.9049386328663173,0.8949386328663173,0.8849386328663172,0.8849386328663172
163,0.8756622476150784,0.8856622476150784,0.8856622476150784,0.8956622476150784,0.8956622476150784,0.8756622476150784,0.8656622476150784,0.9156622476150784,0.9106622476150784,0.9006622476150784,0.8906622476150784,0.9106622476150784,0.9106622476150784
164,0.8360133690342163,0.8260133690342163,0.8260133690342163,0.8260133690342163,0.7960133690342163,0.8010133690342163,0.8110133690342163,0.8210133690342163,0.8210133690342163,0.8310133690342163,0.8210133690342163,0.8310133690342163,0.8310133690342163
165,0.8458314759652866,0.8458314759652866,0.8458314759652866,0.8358314759652866,0.8458314759652866,0.8458314759652866,0.8458314759652866,0.8558314759652866,0.8658314759652866,0.8858314759652867,0.8858314759652867,0.8808314759652867,0.8708314759652866
166,0.9166870128498207,0.9166870128498207,0.9166870128498207,0.9066870128498207,0.8966870128498207,0.8966870128498207,0.9066870128498207,0.9066870128498207,0.9066870128498207,0.8966870128498207,0.9066870128498207,0.9266870128498207,0.9366870128498207
167,0.8744911593370216,0.8844911593370216,0.8844911593370216,0.8744911593370216,0.8644911593370216,0.8644911593370216,0.8544911593370216,0.8544911593370216,0.8544911593370216,0.8544911593370216,0.8344911593370216,0.8444911593370216,0.8544911593370216
168,0.9366718530741563,0.9366718530741563,0.9366718530741563,0.9266718530741563,0.9366718530741563,0.9166718530741563,0.8966718530741563,0.8966718530741563,0.9066718530741563,0.8966718530741563,0.9016718530741563,0.9016718530741563,0.9116718530741563
169,0.9032324111507143,0.9032324111507143,0.9032324111507143,0.9132324111507143,0.9332324111507143,0.9332324111507143,0.9132324111507143,0.9132324111507143,0.9232324111507143,0.9232324111507143,0.9132324111507143,0.9132324111507143,0.9232324111507143
170,0.903250441372885,0.933250441372885,0.918250441372885,0.928250441372885,0.928250441372885,0.928250441372885,0.898250441372885,0.898250441372885,0.888250441372885,0.878250441372885,0.878250441372885,0.858250441372885,0.858250441372885
171,0.9315259349245988,0.9015259349245988,0.9115259349245988,0.9215259349245988,0.9215259349245988,0.9215259349245988,0.9015259349245988,0.9015259349245988,0.9015259349245988,0.8915259349245988,0.8965259349245988,0.8965259349245988,0.8965259349245988
172,0.9671928687058773,0.9771928687058773,0.9771928687058773,0.9771928687058773,0.9671928687058773,0.9671928687058773,0.9671928687058773,0.9671928687058773,0.9571928687058773,0.9671928687058773,0.9471928687058773,0.9571928687058773,0.9371928687058773
173,0.9142154401073248,0.9442154401073248,0.9342154401073248,0.9442154401073248,0.9242154401073248,0.9242154401073248,0.9142154401073248,0.9142154401073248,0.9142154401073248,0.9042154401073248,0.8942154401073248,0.8942154401073248,0.8942154401073248
174,0.9533846411339496,0.9533846411339496,0.9733846411339496,0.9833846411339496,0.9683846411339496,0.9783846411339496,0.9783846411339496,0.9583846411339496,0.9683846411339496,0.9683846411339496,0.9383846411339496,0.9483846411339496,0.9183846411339496
175,0.9441629523810636,0.9641629523810636,0.9391629523810636,0.9491629523810636,0.9391629523810636,0.9491629523810636,0.9491629523810636,0.9491629523810636,0.9491629523810636,0.9491629523810636,0.9491629523810636,0.9691629523810636,0.9891629523810637
176,1.0,1.0,1.0,0.99,0.98,0.98,0.98,0.97,0.97,0.97,0.98,0.98,0.95
177,0.8805821463307537,0.8805821463307537,0.8805821463307537,0.8905821463307537,0.8905821463307537,0.8805821463307537,0.8805821463307537,0.8805821463307537,0.8505821463307537,0.8605821463307537,0.8805821463307537,0.8805821463307537,0.9205821463307537
178,0.9410243378423535,0.9510243378423535,0.9310243378423535,0.9310243378423535,0.9210243378423535,0.9010243378423535,0.9010243378423535,0.9060243378423535,0.9160243378423535,0.9160243378423535,0.9160243378423535,0.9360243378423535,0.9460243378423535
179,0.8850313619791332,0.8950313619791332,0.8950313619791332,0.8950313619791332,0.9250313619791333,0.9250313619791333,0.9250313619791333,0.9150313619791333,0.8950313619791332,0.9050313619791333,0.9250313619791333,0.9200313619791333,0.9200313619791333
180,0.8456350861791926,0.8456350861791926,0.8456350861791926,0.8356350861791926,0.8356350861791926,0.8356350861791926,0.8256350861791926,0.8156350861791926,0.8156350861791926,0.8056350861791925,0.8056350861791925,0.8106350861791926,0.8106350861791926
181,0.8987730302212512,0.8987730302212512,0.8887730302212512,0.8887730302212512,0.8787730302212512,0.8887730302212512,0.8787730302212512,0.9087730302212512,0.9087730302212512,0.9087730302212512,0.9187730302212512,0.9187730302212512,0.9187730302212512
182,0.9954610015135261,0.9954610015135261,1.0,1.0,1.0,1.0,0.99,0.98,1.0,1.0,0.98,0.98,0.98
183,0.9214003219276548,0.9114003219276547,0.8914003219276547,0.8914003219276547,0.8914003219276547,0.9014003219276547,0.9014003219276547,0.9114003219276547,0.9114003219276547,0.8914003219276547,0.9064003219276547,0.9264003219276548,0.9264003219276548
184,0.8768072198971207,0.8568072198971207,0.8668072198971207,0.8868072198971207,0.8868072198971207,0.8868072198971207,0.8868072198971207,0.8968072198971208,0.8968072198971208,0.8868072198971207,0.8768072198971207,0.8768072198971207,0.8668072198971207
185,0.8671603591471848,0.8571603591471848,0.8771603591471848,0.8771603591471848,0.8871603591471848,0.8771603591471848,0.8971603591471848,0.8871603591471848,0.8671603591471848,0.8671603591471848,0.8671603591471848,0.8671603591471848,0.8571603591471848
186,0.8918030453387946,0.8818030453387946,0.8518030453387946,0.8718030453387946,0.8718030453387946,0.8818030453387946,0.8818030453387946,0.8618030453387946,0.8518030453387946,0.8568030453387946,0.8668030453387946,0.8668030453387946,0.8768030453387946
187,0.8957369977799244,0.8857369977799244,0.8957369977799244,0.8957369977799244,0.8857369977799244,0.8657369977799244,0.9057369977799244,0.8957369977799244,0.9157369977799245,0.9057369977799244,0.8957369977799244,0.8857369977799244,0.8857369977799244
188,0.9353710959796688,0.9153710959796688,0.9353710959796688,0.9353710959796688,0.9353710959796688,0.9453710959796688,0.9453710959796688,0.9453710959796688,0.9253710959796688,0.9253710959796688,0.9253710959796688,0.9453710959796688,0.9353710959796688
189,0.8734480209493874,0.8834480209493875,0.8834480209493875,0.8834480209493875,0.9034480209493875,0.9034480209493875,0.8884480209493875,0.9084480209493875,0.8984480209493875,0.8984480209493875,0.9084480209493875,0.9084480209493875,0.8984480209493875
190,0.8894908679809399,0.8894908679809399,0.8894908679809399,0.8894908679809399,0.8894908679809399,0.8894908679809399,0.8694908679809399,0.8594908679809399,0.8594908679809399,0.8794908679809399,0.8994908679809399,0.9094908679809399,0.9094908679809399
191,0.8705760777902803,0.8705760777902803,0.8605760777902803,0.8605760777902803,0.8705760777902803,0.8805760777902804,0.8605760777902803,0.8505760777902803,0.8405760777902803,0.8405760777902803,0.8505760777902803,0.8505760777902803,0.8405760777902803
192,0.8810685843247111,0.9010685843247112,0.9010685843247112,0.8910685843247111,0.8910685843247111,0.9010685843247112,0.9010685843247112,0.8610685843247111,0.8410685843247111,0.8460685843247111,0.8560685843247111,0.8660685843247111,0.8660685843247111
193,0.8745567312261503,0.8845567312261503,0.8945567312261503,0.8845567312261503,0.8745567312261503,0.8745567312261503,0.8745567312261503,0.8745567312261503,0.8845567312261503,0.8845567312261503,0.8845567312261503,0.9145567312261503,0.9145567312261503
194,0.9196821633061624,0.9296821633061624,0.9296821633061624,0.9296821633061624,0.9196821633061624,0.9296821633061624,0.9296821633061624,0.9496821633061624,0.9596821633061624,0.9546821633061624,0.9446821633061624,0.9546821633061624,0.9546821633061624
195,1.0,1.0,1.0,0.975,0.975,0.955,0.955,0.955,0.945,0.955,0.965,0.965,0.965
196,0.9342646691103528,0.9342646691103528,0.9442646691103528,0.9442646691103528,0.9442646691103528,0.9442646691103528,0.9242646691103528,0.9042646691103527,0.8942646691103527,0.9042646691103527,0.8942646691103527,0.8942646691103527,0.8992646691103527
197,0.8896221545898633,0.8996221545898633,0.8796221545898633,0.8796221545898633,0.8596221545898632,0.8596221545898632,0.8746221545898633,0.8646221545898632,0.8646221545898632,0.8546221545898632,0.8546221545898632,0.8846221545898633,0.8746221545898633
198,0.8569924504272789,0.8469924504272789,0.8569924504272789,0.8669924504272789,0.8769924504272789,0.8769924504272789,0.8769924504272789,0.8669924504272789,0.8569924504272789,0.8469924504272789,0.8369924504272789,0.8369924504272789,0.8469924504272789
199,0.8494656390435364,0.8494656390435364,0.8494656390435364,0.8494656390435364,0.8394656390435364,0.8494656390435364,0.8694656390435365,0.8694656390435365,0.8694656390435365,0.8694656390435365,0.8694656390435365,0.8694656390435365,0.8594656390435365
200,0.9596814264471653,0.9396814264471652,0.9696814264471653,0.9496814264471652,0.9296814264471652,0.9296814264471652,0.9396814264471652,0.9296814264471652,0.9296814264471652,0.9196814264471652,0.9246814264471652,0.9246814264471652,0.9346814264471652
201,0.9285467926553582,0.9385467926553582,0.9385467926553582,0.9485467926553582,0.9485467926553582,0.9585467926553582,0.9485467926553582,0.9485467926553582,0.9385467926553582,0.9485467926553582,0.9485467926553582,0.9385467926553582,0.9385467926553582
202,0.9325919116592434,0.9225919116592434,0.9225919116592434,0.9225919116592434,0.9225919116592434,0.9125919116592434,0.9125919116592434,0.9125919116592434,0.9125919116592434,0.9125919116592434,0.9125919116592434,0.9125919116592434,0.9225919116592434
203,0.8776830758779036,0.8776830758779036,0.8776830758779036,0.8776830758779036,0.8676830758779036,0.8576830758779036,0.8476830758779036,0.8576830758779036,0.8576830758779036,0.8776830758779036,0.8976830758779036,0.9176830758779037,0.9176830758779037
204,0.918980944658524,0.898980944658524,0.888980944658524,0.888980944658524,0.898980944658524,0.888980944658524,0.8789809446585239,0.8789809446585239,0.883980944658524,0.883980944658524,0.893980944658524,0.923980944658524,0.953980944658524
205,0.9788734509886996,0.9888734509886996,0.9688734509886996,0.9688734509886996,0.9688734509886996,1.0,0.99,0.96,0.97,0.95,0.95,0.95,0.95
206,0.8178928826700267,0.8178928826700267,0.8178928826700267,0.8378928826700267,0.8278928826700267,0.8178928826700267,0.8378928826700267,0.8478928826700267,0.8578928826700267,0.8278928826700267,0.8278928826700267,0.8378928826700267,0.8278928826700267
207,0.9925017473852412,0.9825017473852412,0.9925017473852412,0.9925017473852412,1.0,1.0,1.0,1.0,1.0,1.0,0.98,0.98,0.98
208,0.9015531169908328,0.8915531169908328,0.8915531169908328,0.8915531169908328,0.8815531169908328,0.8915531169908328,0.8815531169908328,0.8815531169908328,0.8815531169908328,0.8915531169908328,0.8915531169908328,0.8915531169908328,0.8815531169908328
209,0.9650685956608747,0.9450685956608746,0.9550685956608747,0.9450685956608746,0.9350685956608746,0.9350685956608746,0.9350685956608746,0.9350685956608746,0.9350685956608746,0.9350685956608746,0.9450685956608746,0.9450685956608746,0.9450685956608746
210,0.8516508831710223,0.8616508831710223,0.8616508831710223,0.8716508831710224,0.8916508831710224,0.8916508831710224,0.8916508831710224,0.8916508831710224,0.8866508831710224,0.8766508831710224,0.8666508831710223,0.8666508831710223,0.8666508831710223
211,0.9520166621926932,0.9520166621926932,0.9620166621926932,0.9620166621926932,0.9620166621926932,0.9820166621926932,0.9720166621926932,0.9520166621926932,0.9620166621926932,0.9520166621926932,0.9520166621926932,0.9520166621926932,0.9720166621926932
212,0.9323811017024344,0.9323811017024344,0.9323811017024344,0.9323811017024344,0.9323811017024344,0.9323811017024344,0.9023811017024344,0.8923811017024343,0.9123811017024344,0.9123811017024344,0.8923811017024343,0.9023811017024344,0.9173811017024344
213,0.7777546617042845,0.7777546617042845,0.7677546617042845,0.7677546617042845,0.7677546617042845,0.7577546617042845,0.7477546617042845,0.7477546617042845,0.7677546617042845,0.7577546617042845,0.7477546617042845,0.7777546617042845,0.7777546617042845
214,0.8631126143704753,0.8931126143704753,0.9031126143704753,0.8931126143704753,0.8831126143704753,0.8931126143704753,0.8931126143704753,0.8631126143704753,0.8631126143704753,0.8631126143704753,0.8531126143704753,0.8631126143704753,0.8831126143704753
215,0.8740095821381085,0.8640095821381085,0.8740095821381085,0.8740095821381085,0.8840095821381085,0.8840095821381085,0.8840095821381085,0.8840095821381085,0.8640095821381085,0.8740095821381085,0.8740095821381085,0.8540095821381085,0.8440095821381085
216,0.9129902180693814,0.9329902180693814,0.9329902180693814,0.9229902180693814,0.9329902180693814,0.9029902180693814,0.9029902180693814,0.9129902180693814,0.9029902180693814,0.9029902180693814,0.9029902180693814,0.8729902180693814,0.8779902180693814
217,0.9226452688453838,0.9326452688453838,0.9326452688453838,0.9326452688453838,0.9426452688453838,0.9426452688453838,0.9426452688453838,0.9426452688453838,0.9526452688453838,0.9326452688453838,0.9526452688453838,0.9426452688453838,0.9626452688453838
218,0.9193289100216342,0.9293289100216342,0.9593289100216342,0.9543289100216342,0.9443289100216342,0.9243289100216342,0.9343289100216342,0.9343289100216342,0.9043289100216342,0.9043289100216342,0.8943289100216342,0.8943289100216342,0.8843289100216342
219,0.8731424320128214,0.8831424320128214,0.8931424320128214,0.8931424320128214,0.8931424320128214,0.8731424320128214,0.8731424320128214,0.9031424320128214,0.9031424320128214,0.8831424320128214,0.8931424320128214,0.9031424320128214,0.8881424320128214
220,0.974607003923314,0.984607003923314,0.964607003923314,0.944607003923314,0.944607003923314,0.944607003923314,0.954607003923314,0.944607003923314,0.944607003923314,0.944607003923314,0.959607003923314,0.959607003923314,0.959607003923314
221,0.8254265846792688,0.8154265846792688,0.8054265846792688,0.8154265846792688,0.8354265846792688,0.8354265846792688,0.8354265846792688,0.8654265846792688,0.8654265846792688,0.8554265846792688,0.8354265846792688,0.8454265846792688,0.8354265846792688
222,0.9709810591593254,0.9709810591593254,0.9709810591593254,0.9609810591593254,0.9609810591593254,0.9609810591593254,0.9709810591593254,0.9709810591593254,0.9709810591593254,0.9909810591593254,1.0,1.0,1.0
223,0.9629550855926736,0.9629550855926736,0.9429550855926736,0.9529550855926736,0.9629550855926736,0.9629550855926736,0.9829550855926736,0.9729550855926736,0.9729550855926736,0.9729550855926736,0.9729550855926736,0.9929550855926736,0.9929550855926736
224,0.9534448661565863,0.9234448661565863,0.9234448661565863,0.9534448661565863,0.9534448661565863,0.9534448661565863,0.9434448661565863,0.9784448661565863,0.9784448661565863,0.9884448661565863,0.9984448661565863,0.9984448661565863,0.9984448661565863
225,0.8736094008107066,0.8736094008107066,0.8736094008107066,0.8736094008107066,0.8736094008107066,0.8536094008107066,0.8536094008107066,0.8436094008107066,0.8636094008107066,0.8736094008107066,0.8636094008107066,0.8536094008107066,0.8636094008107066
226,0.8984754127406754,0.8984754127406754,0.9184754127406755,0.8984754127406754,0.8884754127406754,0.8884754127406754,0.8884754127406754,0.8884754127406754,0.8784754127406754,0.8684754127406754,0.8984754127406754,0.9284754127406755,0.9134754127406755
227,0.93470429061043,0.90470429061043,0.89470429061043,0.89470429061043,0.90470429061043,0.91470429061043,0.92470429061043,0.92470429061043,0.93470429061043,0.93470429061043,0.92470429061043,0.92470429061043,0.94470429061043
228,0.9239806409114799,0.9339806409114799,0.9339806409114799,0.9339806409114799,0.9339806409114799,0.9139806409114799,0.9039806409114799,0.9039806409114799,0.9039806409114799,0.9039806409114799,0.8839806409114799,0.9239806409114799,0.9239806409114799
229,0.9114043830649867,0.9114043830649867,0.9114043830649867,0.9114043830649867,0.9114043830649867,0.9114043830649867,0.9114043830649867,0.8914043830649867,0.8914043830649867,0.8914043830649867,0.8814043830649867,0.8814043830649867,0.8814043830649867
230,0.8552896794445952,0.8552896794445952,0.8652896794445952,0.8552896794445952,0.8552896794445952,0.8652896794445952,0.8652896794445952,0.8552896794445952,0.8652896794445952,0.8552896794445952,0.8752896794445952,0.8652896794445952,0.8552896794445952
231,0.8842952957007392,0.8942952957007392,0.8942952957007392,0.8742952957007392,0.8742952957007392,0.8742952957007392,0.8642952957007392,0.8942952957007392,0.8842952957007392,0.8842952957007392,0.8842952957007392,0.8942952957007392,0.8742952957007392
232,0.981898071877441,0.961898071877441,0.961898071877441,0.961898071877441,0.961898071877441,0.971898071877441,0.971898071877441,0.971898071877441,0.981898071877441,0.981898071877441,0.971898071877441,0.981898071877441,0.981898071877441
233,0.9285483614988415,0.9385483614988415,0.9385483614988415,0.9385483614988415,0.9185483614988414,0.9385483614988415,0.9285483614988415,0.9185483614988414,0.9285483614988415,0.9185483614988414,0.9185483614988414,0.9085483614988414,0.9085483614988414
234,0.875565999209101,0.855565999209101,0.855565999209101,0.855565999209101,0.845565999209101,0.835565999209101,0.835565999209101,0.835565999209101,0.845565999209101,0.835565999209101,0.835565999209101,0.845565999209101,0.855565999209101
235,0.9317760399985676,0.9417760399985676,0.9417760399985676,0.9617760399985676,0.9617760399985676,0.9717760399985677,0.9717760399985677,0.9517760399985676,0.9617760399985676,0.9517760399985676,0.9717760399985677,0.9617760399985676,0.9517760399985676
236,0.9731215847066575,0.9731215847066575,0.9831215847066576,0.9831215847066576,0.9831215847066576,0.9831215847066576,0.9931215847066576,0.9931215847066576,0.9831215847066576,0.9831215847066576,0.9631215847066575,0.9631215847066575,0.9631215847066575
237,0.9049961244494857,0.8949961244494857,0.8949961244494857,0.8949961244494857,0.8949961244494857,0.8949961244494857,0.8949961244494857,0.9149961244494857,0.9249961244494858,0.9249961244494858,0.9349961244494858,0.9349961244494858,0.9449961244494858
238,0.9701988838137974,0.9301988838137973,0.9301988838137973,0.9301988838137973,0.9351988838137973,0.9451988838137974,0.9451988838137974,0.9451988838137974,0.9451988838137974,0.9451988838137974,0.9551988838137974,0.9551988838137974,0.9551988838137974
239,0.9213484903613259,0.9213484903613259,0.9313484903613259,0.9313484903613259,0.941348490361326,0.941348490361326,0.9213484903613259,0.9313484903613259,0.9313484903613259,0.9313484903613259,0.9313484903613259,0.9113484903613259,0.941348490361326
240,0.8598862049358927,0.8598862049358927,0.8598862049358927,0.8598862049358927,0.8598862049358927,0.8798862049358928,0.8798862049358928,0.8798862049358928,0.8998862049358928,0.8798862049358928,0.8798862049358928,0.8798862049358928,0.8798862049358928
241,0.9168946652067307,0.9068946652067307,0.9068946652067307,0.9068946652067307,0.8968946652067307,0.8968946652067307,0.9168946652067307,0.8968946652067307,0.8968946652067307,0.8868946652067307,0.8968946652067307,0.8968946652067307,0.9168946652067307
242,0.9175410934310789,0.9275410934310789,0.947541093431079,0.947541093431079,0.9275410934310789,0.9275410934310789,0.9375410934310789,0.9375410934310789,0.9375410934310789,0.9375410934310789,0.9275410934310789,0.947541093431079,0.9375410934310789
243,0.9231613868712427,0.9231613868712427,0.9031613868712427,0.8931613868712427,0.9031613868712427,0.8831613868712427,0.8831613868712427,0.8881613868712427,0.8881613868712427,0.8981613868712427,0.8981613868712427,0.9181613868712427,0.9481613868712427
244,0.9776607797886031,0.9776607797886031,0.9776607797886031,0.9776607797886031,0.9776607797886031,0.9776607797886031,0.9876607797886031,0.9876607797886031,1.0,0.985,0.995,0.995,0.995
245,0.8549643083665929,0.8649643083665929,0.8649643083665929,0.8549643083665929,0.8549643083665929,0.8549643083665929,0.8549643083665929,0.8549643083665929,0.8549643083665929,0.8549643083665929,0.8549643083665929,0.8449643083665929,0.8449643083665929
246,0.9101631229121384,0.8901631229121384,0.8801631229121384,0.9001631229121384,0.9001631229121384,0.8901631229121384,0.8901631229121384,0.8901631229121384,0.8801631229121384,0.9001631229121384,0.9001631229121384,0.9001631229121384,0.9001631229121384
247,0.8985946583984994,0.8985946583984994,0.8985946583984994,0.8785946583984994,0.8785946583984994,0.8785946583984994,0.8885946583984994,0.8585946583984994,0.8635946583984994,0.8735946583984994,0.8835946583984994,0.8935946583984994,0.8935946583984994
248,0.9914941926772743,1.0,1.0,0.99,0.97,0.97,0.96,0.985,0.985,0.965,0.965,0.965,0.955
249,0.9054455056019454,0.9154455056019454,0.9254455056019454,0.9254455056019454,0.9254455056019454,0.9354455056019454,0.9204455056019454,0.9204455056019454,0.9104455056019454,0.9204455056019454,0.9004455056019454,0.9004455056019454,0.9004455056019454
250,0.9721184949682128,0.9721184949682128,0.9921184949682128,1.0,0.99,0.97,0.97,1.0,1.0,1.0,0.99,1.0,0.995
251,0.8865810040725124,0.8865810040725124,0.8865810040725124,0.8865810040725124,0.8965810040725124,0.9065810040725124,0.9165810040725124,0.9165810040725124,0.9065810040725124,0.9265810040725124,0.9265810040725124,0.9265810040725124,0.9215810040725124
252,0.9287393712706447,0.9387393712706447,0.9387393712706447,0.9287393712706447,0.9487393712706447,0.9487393712706447,0.9387393712706447,0.9487393712706447,0.9487393712706447,0.9487393712706447,0.9587393712706447,0.9587393712706447,0.9437393712706447
253,0.9200104451856387,0.8900104451856387,0.8900104451856387,0.8900104451856387,0.8900104451856387,0.9050104451856387,0.9050104451856387,0.9050104451856387,0.9150104451856387,0.9250104451856387,0.9350104451856387,0.9350104451856387,0.9250104451856387
254,0.8856109227540636,0.8856109227540636,0.8856109227540636,0.8556109227540636,0.8656109227540636,0.8456109227540636,0.8556109227540636,0.8556109227540636,0.8456109227540636,0.8556109227540636,0.8656109227540636,0.8906109227540636,0.9006109227540636
255,0.9510361539101095,0.9510361539101095,0.9610361539101095,0.9610361539101095,0.9410361539101095,0.9510361539101095,0.9510361539101095,0.9510361539101095,0.9310361539101095,0.9310361539101095,0.9310361539101095,0.9210361539101095,0.9310361539101095
256,0.8974258253065558,0.8974258253065558,0.8974258253065558,0.8974258253065558,0.8974258253065558,0.8974258253065558,0.8874258253065558,0.8674258253065558,0.8774258253065558,0.8774258253065558,0.8874258253065558,0.8774258253065558,0.8774258253065558
257,0.9083561365652132,0.9183561365652132,0.9283561365652132,0.9283561365652132,0.9283561365652132,0.9083561365652132,0.8883561365652132,0.8883561365652132,0.8983561365652132,0.8883561365652132,0.8783561365652132,0.8783561365652132,0.8883561365652132
258,0.9027003957376697,0.9027003957376697,0.9127003957376697,0.9127003957376697,0.9127003957376697,0.9227003957376697,0.9027003957376697,0.8727003957376697,0.8727003957376697,0.8727003957376697,0.8727003957376697,0.8727003957376697,0.8727003957376697
259,0.926801079877033,0.956801079877033,0.946801079877033,0.946801079877033,0.936801079877033,0.946801079877033,0.966801079877033,0.961801079877033,0.941801079877033,0.931801079877033,0.931801079877033,0.951801079877033,0.951801079877033
260,0.9075944918783169,0.9275944918783169,0.9275944918783169,0.9275944918783169,0.9275944918783169,0.9175944918783169,0.9175944918783169,0.9075944918783169,0.9175944918783169,0.8775944918783168,0.8775944918783168,0.8875944918783168,0.9075944918783169
261,0.9032671019803774,0.9032671019803774,0.9032671019803774,0.9332671019803774,0.9332671019803774,0.9332671019803774,0.9232671019803774,0.9232671019803774,0.9232671019803774,0.9132671019803774,0.8932671019803774,0.9132671019803774,0.8932671019803774
262,0.9353749249850674,0.9553749249850674,0.9553749249850674,0.9553749249850674,0.9553749249850674,0.9553749249850674,0.9653749249850674,0.9553749249850674,0.9753749249850674,0.9753749249850674,0.9753749249850674,0.9753749249850674,0.9653749249850674
263,0.8793317535011995,0.8793317535011995,0.8793317535011995,0.8693317535011995,0.8893317535011995,0.8993317535011995,0.8693317535011995,0.8693317535011995,0.8593317535011995,0.8593317535011995,0.8493317535011995,0.8393317535011995,0.8393317535011995
264,0.9529001710980373,0.9529001710980373,0.9529001710980373,0.9529001710980373,0.9529001710980373,0.9529001710980373,0.9429001710980373,0.9229001710980372,0.9229001710980372,0.9329001710980372,0.9329001710980372,0.9229001710980372,0.9229001710980372
265,0.8403095161181245,0.8503095161181246,0.8603095161181246,0.8603095161181246,0.8303095161181245,0.8303095161181245,0.8653095161181246,0.8453095161181245,0.8453095161181245,0.8453095161181245,0.8453095161181245,0.8453095161181245,0.8453095161181245
266,0.9165141729907273,0.9165141729907273,0.8965141729907273,0.8965141729907273,0.8965141729907273,0.9265141729907274,0.9165141729907273,0.9365141729907274,0.9565141729907274,0.9515141729907274,0.9515141729907274,0.9515141729907274,0.9215141729907274
267,0.9288924521327213,0.9388924521327213,0.9388924521327213,0.9388924521327213,0.9288924521327213,0.9288924521327213,0.9088924521327213,0.9088924521327213,0.9088924521327213,0.9088924521327213,0.9188924521327213,0.9088924521327213,0.9088924521327213
268,0.8859745239166661,0.8859745239166661,0.8959745239166661,0.8859745239166661,0.8659745239166661,0.8659745239166661,0.8759745239166661,0.8959745239166661,0.8759745239166661,0.8959745239166661,0.9059745239166661,0.8959745239166661,0.9059745239166661
269,0.8984320410356035,0.8984320410356035,0.8984320410356035,0.8984320410356035,0.8884320410356035,0.8884320410356035,0.8884320410356035,0.8784320410356035,0.9034320410356035,0.8934320410356035,0.9134320410356035,0.9034320410356035,0.9234320410356035
270,0.8878607134672529,0.8878607134672529,0.8878607134672529,0.8678607134672529,0.8778607134672529,0.8778607134672529,0.8778607134672529,0.8678607134672529,0.8778607134672529,0.8778607134672529,0.8778607134672529,0.8678607134672529,0.8878607134672529
271,0.8745656270650609,0.8945656270650609,0.9045656270650609,0.914565627065061,0.914565627065061,0.914565627065061,0.8945656270650609,0.9045656270650609,0.914565627065061,0.9095656270650609,0.8995656270650609,0.8895656270650609,0.8895656270650609
272,0.8630737327838107,0.8430737327838107,0.8330737327838107,0.8480737327838107,0.8380737327838107,0.8480737327838107,0.8580737327838107,0.8580737327838107,0.8580737327838107,0.8480737327838107,0.8580737327838107,0.8780737327838107,0.8680737327838107
273,0.9064313009000242,0.8864313009000242,0.8964313009000242,0.9064313009000242,0.9164313009000242,0.9064313009000242,0.8964313009000242,0.8964313009000242,0.8964313009000242,0.8964313009000242,0.9164313009000242,0.9064313009000242,0.8864313009000242
274,0.9331332191354922,0.9231332191354922,0.9431332191354922,0.9431332191354922,0.9431332191354922,0.9231332191354922,0.9331332191354922,0.9331332191354922,0.9431332191354922,0.9431332191354922,0.9531332191354922,0.9431332191354922,0.9431332191354922
275,1.0,1.0,1.0,1.0,1.0,1.0,0.98,0.98,0.96,0.96,0.97,0.95,0.95
276,0.9559217367001822,0.9559217367001822,0.9559217367001822,0.9559217367001822,0.9559217367001822,0.9459217367001822,0.9459217367001822,0.9559217367001822,0.9659217367001822,0.9659217367001822,0.9659217367001822,0.9659217367001822,0.9659217367001822
277,0.9587947061506156,0.9687947061506156,0.9387947061506156,0.9287947061506155,0.9187947061506155,0.9187947061506155,0.9187947061506155,0.9187947061506155,0.9187947061506155,0.9237947061506155,0.9237947061506155,0.9337947061506155,0.9337947061506155
278,0.9227989132806577,0.9327989132806577,0.9327989132806577,0.9127989132806577,0.9227989132806577,0.9327989132806577,0.9427989132806577,0.9427989132806577,0.9627989132806577,0.9627989132806577,0.9627989132806577,0.9627989132806577,0.9527989132806577
279,0.8880759133863176,0.8880759133863176,0.8880759133863176,0.8680759133863176,0.8780759133863176,0.8780759133863176,0.8880759133863176,0.8980759133863176,0.8880759133863176,0.8880759133863176,0.8680759133863176,0.8780759133863176,0.8780759133863176
280,1.0,1.0,1.0,1.0,1.0,1.0,1.0,0.97,0.97,0.96,0.96,0.95,0.94
281,0.9038525993397069,0.9138525993397069,0.9138525993397069,0.9038525993397069,0.9138525993397069,0.8788525993397068,0.8988525993397068,0.8988525993397068,0.8888525993397068,0.8788525993397068,0.8588525993397068,0.8588525993397068,0.8888525993397068
282,0.9177717610913975,0.9177717610913975,0.9077717610913975,0.8877717610913974,0.8877717610913974,0.8877717610913974,0.8877717610913974,0.8877717610913974,0.8877717610913974,0.8877717610913974,0.8777717610913974,0.8777717610913974,0.8777717610913974
283,0.891382190547441,0.8613821905474409,0.8513821905474409,0.8563821905474409,0.8663821905474409,0.8763821905474409,0.8763821905474409,0.8563821905474409,0.8663821905474409,0.8663821905474409,0.8663821905474409,0.8763821905474409,0.8763821905474409
284,0.8621607653293739,0.8621607653293739,0.8521607653293739,0.8521607653293739,0.8421607653293739,0.8421607653293739,0.8321607653293739,0.8321607653293739,0.8221607653293739,0.8421607653293739,0.8421607653293739,0.8421607653293739,0.8421607653293739
285,0.8886219187900872,0.8686219187900872,0.8686219187900872,0.8686219187900872,0.8686219187900872,0.8486219187900872,0.8586219187900872,0.8586219187900872,0.8586219187900872,0.8486219187900872,0.8486219187900872,0.8486219187900872,0.8586219187900872
286,0.93854176383241,0.93854176383241,0.93854176383241,0.9285417638324099,0.9185417638324099,0.9085417638324099,0.9085417638324099,0.8985417638324099,0.8985417638324099,0.9035417638324099,0.9135417638324099,0.9135417638324099,0.9235417638324099
287,0.8725364084247677,0.8625364084247676,0.8525364084247676,0.8625364084247676,0.8725364084247677,0.8825364084247677,0.8725364084247677,0.8625364084247676,0.8725364084247677,0.8925364084247677,0.8925364084247677,0.8925364084247677,0.9125364084247677
288,0.9580587805582672,0.9480587805582672,0.9480587805582672,0.9480587805582672,0.9480587805582672,0.9380587805582672,0.9480587805582672,0.9580587805582672,0.9580587805582672,0.9480587805582672,0.9680587805582672,0.9680587805582672,0.9880587805582672
289,0.8953521505560279,0.8953521505560279,0.9253521505560279,0.9353521505560279,0.9353521505560279,0.9353521505560279,0.9353521505560279,0.9153521505560279,0.9153521505560279,0.9153521505560279,0.9153521505560279,0.8853521505560279,0.8853521505560279
290,0.9780188419040466,0.9680188419040466,0.9880188419040467,0.9780188419040466,0.9780188419040466,0.9980188419040467,0.9980188419040467,0.9880188419040467,0.9780188419040466,0.9880188419040467,1.0,0.99,0.99
291,0.9559649120965809,0.9459649120965808,0.9359649120965808,0.9359649120965808,0.9159649120965808,0.9209649120965808,0.9209649120965808,0.9209649120965808,0.9309649120965808,0.9509649120965808,0.9609649120965809,0.9209649120965808,0.9209649120965808
292,0.8691534346382952,0.8791534346382952,0.8791534346382952,0.8791534346382952,0.8891534346382952,0.8791534346382952,0.8691534346382952,0.8591534346382952,0.8491534346382952,0.8391534346382952,0.8541534346382952,0.8741534346382952,0.8441534346382952
293,0.9235159132893369,0.9235159132893369,0.9135159132893369,0.9035159132893369,0.9035159132893369,0.8935159132893369,0.9135159132893369,0.9235159132893369,0.9335159132893369,0.9335159132893369,0.9435159132893369,0.9535159132893369,0.9435159132893369
294,0.9221833169303526,0.9221833169303526,0.9221833169303526,0.9121833169303526,0.9021833169303526,0.9021833169303526,0.9021833169303526,0.9021833169303526,0.9121833169303526,0.9121833169303526,0.8921833169303526,0.9221833169303526,0.9321833169303526
295,0.9101811905148022,0.9101811905148022,0.9201811905148022,0.9101811905148022,0.9101811905148022,0.9101811905148022,0.9001811905148022,0.8901811905148022,0.8801811905148021,0.8801811905148021,0.8801811905148021,0.9101811905148022,0.9101811905148022
296,0.8785586764383958,0.8785586764383958,0.8685586764383958,0.8485586764383958,0.8485586764383958,0.8485586764383958,0.8385586764383958,0.8385586764383958,0.8435586764383958,0.8435586764383958,0.8535586764383958,0.8635586764383958,0.8635586764383958
297,0.9837044311336732,0.9837044311336732,0.9637044311336732,0.9537044311336732,0.9637044311336732,0.9537044311336732,0.9537044311336732,0.9537044311336732,0.9687044311336732,0.9687044311336732,0.9587044311336732,0.9387044311336732,0.9387044311336732
298,0.9796274599893802,0.9696274599893802,0.9796274599893802,0.9696274599893802,0.9596274599893801,0.9796274599893802,0.9796274599893802,0.9796274599893802,0.9696274599893802,0.9796274599893802,0.9896274599893802,0.9996274599893802,0.9996274599893802
299,0.9835591726639247,0.9635591726639247,0.9735591726639247,0.9735591726639247,0.9635591726639247,0.9435591726639246,0.9435591726639246,0.9535591726639246,0.9635591726639247,0.9635591726639247,0.9635591726639247,0.9435591726639246,0.9435591726639246
300,0.9314298134529554,0.9114298134529554,0.9214298134529554,0.9114298134529554,0.9014298134529554,0.9014298134529554,0.8914298134529554,0.8964298134529554,0.9064298134529554,0.8964298134529554,0.9064298134529554,0.9264298134529554,0.9364298134529554
301,0.9011577066865802,0.9211577066865803,0.9211577066865803,0.9111577066865802,0.9211577066865803,0.9211577066865803,0.9411577066865803,0.9411577066865803,0.9411577066865803,0.9361577066865803,0.9261577066865803,0.9261577066865803,0.9261577066865803
302,0.9146443859672981,0.9046443859672981,0.9046443859672981,0.9046443859672981,0.9046443859672981,0.8946443859672981,0.8846443859672981,0.9046443859672981,0.9146443859672981,0.9146443859672981,0.9046443859672981,0.9146443859672981,0.9146443859672981
303,0.8879423793722169,0.8779423793722169,0.8779423793722169,0.8779423793722169,0.8779423793722169,0.8779423793722169,0.8779423793722169,0.8779423793722169,0.8779423793722169,0.8779423793722169,0.8679423793722169,0.8679423793722169,0.8879423793722169
304,0.8059041890909276,0.7959041890909276,0.7959041890909276,0.7859041890909276,0.7859041890909276,0.7859041890909276,0.7759041890909276,0.8059041890909276,0.7959041890909276,0.7959041890909276,0.7959041890909276,0.8059041890909276,0.8059041890909276
305,0.909030072598167,0.909030072598167,0.899030072598167,0.899030072598167,0.899030072598167,0.899030072598167,0.909030072598167,0.919030072598167,0.909030072598167,0.919030072598167,0.909030072598167,0.899030072598167,0.899030072598167
306,0.866764847629443,0.866764847629443,0.876764847629443,0.876764847629443,0.906764847629443,0.886764847629443,0.886764847629443,0.876764847629443,0.896764847629443,0.876764847629443,0.876764847629443,0.866764847629443,0.876764847629443
307,0.9109238275319052,0.9109238275319052,0.9109238275319052,0.9109238275319052,0.9009238275319051,0.9109238275319052,0.9109238275319052,0.9509238275319052,0.9459238275319052,0.9459238275319052,0.9459238275319052,0.9359238275319052,0.9359238275319052
308,0.8765879065179756,0.8765879065179756,0.8665879065179756,0.8665879065179756,0.8765879065179756,0.8765879065179756,0.8765879065179756,0.8865879065179756,0.8565879065179756,0.8365879065179755,0.8415879065179755,0.8415879065179755,0.8415879065179755
309,0.8977916268147734,0.9077916268147734,0.9077916268147734,0.9077916268147734,0.9077916268147734,0.9077916268147734,0.8977916268147734,0.9177916268147734,0.8877916268147734,0.8877916268147734,0.8877916268147734,0.8977916268147734,0.8877916268147734
310,0.9007933863550212,0.9007933863550212,0.9007933863550212,0.9107933863550212,0.9107933863550212,0.9007933863550212,0.9007933863550212,0.9007933863550212,0.9007933863550212,0.9107933863550212,0.9307933863550212,0.9307933863550212,0.9407933863550212
311,0.8534159802940398,0.8534159802940398,0.8734159802940398,0.8484159802940398,0.8484159802940398,0.8584159802940398,0.8784159802940398,0.8684159802940398,0.8684159802940398,0.8684159802940398,0.8684159802940398,0.8784159802940398,0.8884159802940398
312,0.9369370177124272,0.9269370177124272,0.9269370177124272,0.9269370177124272,0.9269370177124272,0.9269370177124272,0.9169370177124272,0.9169370177124272,0.9069370177124272,0.9069370177124272,0.9069370177124272,0.9269370177124272,0.9269370177124272
313,0.8326582408530417,0.8226582408530417,0.8126582408530417,0.8026582408530417,0.8526582408530418,0.8526582408530418,0.8326582408530417,0.8426582408530418,0.8626582408530418,0.8726582408530418,0.8726582408530418,0.8726582408530418,0.8726582408530418
314,0.9436418261559046,0.9336418261559046,0.9336418261559046,0.9436418261559046,0.9436418261559046,0.9436418261559046,0.9436418261559046,0.9436418261559046,0.9236418261559046,0.9436418261559046,0.9636418261559047,0.9636418261559047,0.9636418261559047
315,0.8408468684553798,0.8608468684553798,0.8608468684553798,0.8408468684553798,0.8408468684553798,0.8408468684553798,0.8108468684553798,0.8308468684553798,0.8308468684553798,0.8008468684553798,0.8008468684553798,0.8008468684553798,0.8008468684553798
316,0.8851144881138997,0.8851144881138997,0.8751144881138997,0.8651144881138997,0.8651144881138997,0.8651144881138997,0.8651144881138997,0.8851144881138997,0.8851144881138997,0.9051144881138997,0.9151144881138997,0.9001144881138997,0.9001144881138997
317,0.9522305519110936,0.9422305519110936,0.9422305519110936,0.9322305519110936,0.9322305519110936,0.9222305519110936,0.9222305519110936,0.9222305519110936,0.9222305519110936,0.9372305519110936,0.9372305519110936,0.9372305519110936,0.9372305519110936
318,0.8210331184915721,0.8210331184915721,0.8510331184915721,0.8310331184915721,0.8310331184915721,0.8310331184915721,0.8310331184915721,0.8310331184915721,0.8210331184915721,0.8410331184915721,0.8510331184915721,0.8510331184915721,0.8610331184915722
319,0.8843975340495209,0.8743975340495209,0.8743975340495209,0.8843975340495209,0.8943975340495209,0.8943975340495209,0.8943975340495209,0.914397534049521,0.8943975340495209,0.8943975340495209,0.8943975340495209,0.8943975340495209,0.914397534049521
320,0.8993591178477782,0.8693591178477782,0.8843591178477782,0.8743591178477782,0.8743591178477782,0.8943591178477782,0.9043591178477782,0.9043591178477782,0.9043591178477782,0.9143591178477782,0.9143591178477782,0.9143591178477782,0.9343591178477783
321,0.9530318020090713,0.9430318020090713,0.9330318020090713,0.9430318020090713,0.9330318020090713,0.9330318020090713,0.9230318020090713,0.9230318020090713,0.9130318020090713,0.9180318020090713,0.9380318020090713,0.9280318020090713,0.9180318020090713
322,0.9138053448068222,0.9138053448068222,0.9038053448068222,0.9138053448068222,0.8938053448068222,0.8838053448068222,0.8938053448068222,0.8938053448068222,0.8938053448068222,0.8938053448068222,0.8838053448068222,0.8838053448068222,0.8838053448068222
323,0.9559918557793765,0.9459918557793765,0.9559918557793765,0.9759918557793765,0.9859918557793765,0.9859918557793765,0.9459918557793765,0.9459918557793765,0.9359918557793765,0.9459918557793765,0.9559918557793765,0.9259918557793765,0.9259918557793765
324,0.8281671198328914,0.8381671198328914,0.8381671198328914,0.8381671198328914,0.8381671198328914,0.8581671198328914,0.8381671198328914,0.8581671198328914,0.8281671198328914,0.8381671198328914,0.8381671198328914,0.8381671198328914,0.8281671198328914
325,0.9997692764541656,1.0,1.0,0.99,1.0,0.99,0.98,0.98,0.97,0.97,0.96,0.96,0.94
326,0.9123605817701198,0.9123605817701198,0.8923605817701198,0.9023605817701198,0.8823605817701198,0.8823605817701198,0.8923605817701198,0.8923605817701198,0.8923605817701198,0.8823605817701198,0.8823605817701198,0.8723605817701198,0.8773605817701198
327,0.8969923204968479,0.8969923204968479,0.8869923204968478,0.8869923204968478,0.8869923204968478,0.8869923204968478,0.8769923204968478,0.8769923204968478,0.8769923204968478,0.8969923204968479,0.9169923204968479,0.9169923204968479,0.9369923204968479
328,0.8797109334312548,0.8797109334312548,0.8897109334312548,0.9097109334312549,0.8997109334312549,0.8797109334312548,0.8797109334312548,0.8797109334312548,0.8897109334312548,0.8797109334312548,0.8797109334312548,0.8897109334312548,0.8997109334312549
329,0.9052981133975612,0.8952981133975612,0.8952981133975612,0.9052981133975612,0.9052981133975612,0.9052981133975612,0.9352981133975612,0.9352981133975612,0.9352981133975612,0.9352981133975612,0.9352981133975612,0.9152981133975612,0.9152981133975612
330,0.9398071600565521,0.9498071600565521,0.9598071600565521,0.9498071600565521,0.9498071600565521,0.9498071600565521,0.9498071600565521,0.9298071600565521,0.9298071600565521,0.9398071600565521,0.9698071600565521,0.9598071600565521,0.9498071600565521
331,0.8367410841547799,0.8567410841547799,0.8567410841547799,0.8667410841547799,0.8667410841547799,0.8667410841547799,0.8667410841547799,0.8767410841547799,0.8767410841547799,0.8767410841547799,0.8567410841547799,0.8767410841547799,0.8717410841547799
332,0.9013150122358226,0.8813150122358225,0.8713150122358225,0.8713150122358225,0.8713150122358225,0.8713150122358225,0.8813150122358225,0.8613150122358225,0.8813150122358225,0.8813150122358225,0.8913150122358225,0.8913150122358225,0.8813150122358225
333,0.9000407179873411,0.9300407179873411,0.9300407179873411,0.9300407179873411,0.9150407179873411,0.9450407179873411,0.9450407179873411,0.9350407179873411,0.9450407179873411,0.9250407179873411,0.9050407179873411,0.9050407179873411,0.9050407179873411
334,0.8985873290621992,0.8985873290621992,0.8985873290621992,0.8785873290621992,0.8885873290621992,0.8885873290621992,0.8785873290621992,0.9085873290621992,0.9185873290621992,0.9185873290621992,0.9285873290621992,0.9085873290621992,0.9085873290621992
335,0.9320262704591079,0.9420262704591079,0.9520262704591079,0.9420262704591079,0.9420262704591079,0.9620262704591079,0.9520262704591079,0.9520262704591079,0.9520262704591079,0.9320262704591079,0.9520262704591079,0.9620262704591079,0.9520262704591079
336,0.9597065448340186,0.9697065448340186,0.9697065448340186,0.9897065448340187,0.9897065448340187,0.9897065448340187,0.9897065448340187,0.9997065448340187,0.9997065448340187,0.9947065448340187,0.9947065448340187,0.9847065448340186,0.9947065448340187
337,0.8767123502133691,0.8667123502133691,0.8767123502133691,0.8867123502133691,0.9067123502133692,0.8967123502133691,0.8967123502133691,0.8867123502133691,0.8967123502133691,0.8717123502133691,0.8717123502133691,0.8717123502133691,0.8717123502133691
338,0.9028655134561439,0.9328655134561439,0.9328655134561439,0.9328655134561439,0.9428655134561439,0.9428655134561439,0.9428655134561439,0.9428655134561439,0.9228655134561439,0.9028655134561439,0.9028655134561439,0.9128655134561439,0.8928655134561438
339,0.8525786572907486,0.8525786572907486,0.8525786572907486,0.8525786572907486,0.8625786572907486,0.8725786572907486,0.8725786572907486,0.8825786572907486,0.8725786572907486,0.8625786572907486,0.8625786572907486,0.8625786572907486,0.8425786572907485
340,1.0,1.0,1.0,1.0,1.0,1.0,1.0,1.0,0.985,0.995,0.995,0.995,0.995
341,1.0,0.98,0.99,1.0,1.0,0.99,0.99,1.0,1.0,1.0,1.0,0.99,0.97
342,0.8202143185241758,0.8102143185241758,0.8102143185241758,0.8102143185241758,0.8102143185241758,0.8202143185241758,0.8302143185241758,0.8302143185241758,0.8402143185241758,0.8402143185241758,0.8302143185241758,0.8202143185241758,0.8102143185241758
343,0.7770913373089601,0.8070913373089601,0.7870913373089601,0.7870913373089601,0.7870913373089601,0.7770913373089601,0.7970913373089601,0.7870913373089601,0.7870913373089601,0.7870913373089601,0.7870913373089601,0.7670913373089601,0.74709133730896
344,0.9828537834479857,0.9828537834479857,1.0,0.99,0.99,1.0,0.98,1.0,0.98,1.0,0.99,0.99,1.0
345,0.8285736292432712,0.8385736292432712,0.8385736292432712,0.8385736292432712,0.8585736292432712,0.8585736292432712,0.8685736292432712,0.8485736292432712,0.8585736292432712,0.8485736292432712,0.8485736292432712,0.8485736292432712,0.8385736292432712
346,0.9074379591184957,0.9074379591184957,0.9074379591184957,0.8874379591184957,0.8974379591184957,0.8974379591184957,0.8874379591184957,0.8774379591184956,0.8974379591184957,0.8974379591184957,0.8974379591184957,0.8974379591184957,0.8974379591184957
347,1.0,0.99,0.99,0.99,0.99,0.97,0.99,1.0,0.99,0.98,0.98,0.98,0.98
348,0.9961987806037835,0.9861987806037835,0.9861987806037835,0.9861987806037835,0.9861987806037835,0.9861987806037835,0.9961987806037835,0.9961987806037835,0.9961987806037835,0.9861987806037835,0.9661987806037835,0.9661987806037835,0.9661987806037835
349,0.982030181438479,0.982030181438479,0.992030181438479,0.982030181438479,0.982030181438479,1.0,0.99,0.97,0.97,0.96,0.98,0.98,1.0
350,0.8889986282346248,0.8889986282346248,0.8889986282346248,0.8989986282346248,0.8989986282346248,0.8789986282346248,0.8889986282346248,0.8789986282346248,0.8889986282346248,0.8989986282346248,0.8989986282346248,0.9089986282346249,0.8989986282346248
351,0.9111119399535884,0.9111119399535884,0.9011119399535884,0.9011119399535884,0.9111119399535884,0.9111119399535884,0.9111119399535884,0.9111119399535884,0.9111119399535884,0.9111119399535884,0.9111119399535884,0.8811119399535884,0.8711119399535884
352,0.8835823022713939,0.8635823022713939,0.8535823022713939,0.8735823022713939,0.8735823022713939,0.8735823022713939,0.8735823022713939,0.8735823022713939,0.8735823022713939,0.8535823022713939,0.8535823022713939,0.8535823022713939,0.8535823022713939
353,0.8615398120023962,0.8615398120023962,0.8515398120023961,0.8615398120023962,0.8615398120023962,0.8815398120023962,0.8915398120023962,0.8765398120023962,0.8565398120023962,0.8765398120023962,0.8765398120023962,0.8865398120023962,0.8465398120023961
354,0.9140406219962162,0.9240406219962162,0.9340406219962162,0.9340406219962162,0.9340406219962162,0.9340406219962162,0.9440406219962162,0.9540406219962162,0.9440406219962162,0.9340406219962162,0.9540406219962162,0.9540406219962162,0.9440406219962162
355,0.9683292071511882,0.9583292071511882,0.9583292071511882,0.9583292071511882,0.9683292071511882,0.9383292071511882,0.9383292071511882,0.9383292071511882,0.9683292071511882,0.9683292071511882,0.9683292071511882,0.9683292071511882,0.9483292071511882
356,0.9080767212211999,0.9080767212211999,0.9280767212211999,0.9080767212211999,0.9080767212211999,0.9080767212211999,0.9080767212211999,0.9180767212211999,0.9080767212211999,0.9080767212211999,0.9180767212211999,0.9080767212211999,0.9080767212211999
357,0.9669721837900322,0.9669721837900322,0.9769721837900323,0.9769721837900323,0.9769721837900323,0.9669721837900322,0.9669721837900322,0.9569721837900322,0.9669721837900322,0.9469721837900322,0.9469721837900322,0.9669721837900322,0.9669721837900322
358,0.877209856859567,0.847209856859567,0.887209856859567,0.897209856859567,0.897209856859567,0.897209856859567,0.907209856859567,0.907209856859567,0.892209856859567,0.892209856859567,0.902209856859567,0.902209856859567,0.882209856859567
359,0.9398271313908865,0.9398271313908865,0.9398271313908865,0.9198271313908865,0.9198271313908865,0.9198271313908865,0.9098271313908864,0.9098271313908864,0.9098271313908864,0.9098271313908864,0.9248271313908865,0.9248271313908865,0.9448271313908865
360,0.8888869990787271,0.8888869990787271,0.9188869990787272,0.9088869990787272,0.9188869990787272,0.9288869990787272,0.9238869990787272,0.9138869990787272,0.9138869990787272,0.9138869990787272,0.9138869990787272,0.9238869990787272,0.9238869990787272
361,0.9540978106336818,0.9540978106336818,0.9540978106336818,0.9640978106336818,0.9740978106336818,0.9940978106336819,0.9890978106336819,0.9890978106336819,0.9790978106336818,0.9790978106336818,0.9990978106336819,0.9890978106336819,0.9990978106336819
362,0.8312515954806043,0.8412515954806044,0.8312515954806043,0.8312515954806043,0.8412515954806044,0.8412515954806044,0.8412515954806044,0.8412515954806044,0.8412515954806044,0.8312515954806043,0.8312515954806043,0.8512515954806044,0.8712515954806044
363,0.8652061033152711,0.8752061033152712,0.8652061033152711,0.8552061033152711,0.8552061033152711,0.8552061033152711,0.8452061033152711,0.8452061033152711,0.8752061033152712,0.9052061033152712,0.9052061033152712,0.9052061033152712,0.9052061033152712
364,0.9062323241455926,0.8862323241455926,0.8762323241455926,0.8762323241455926,0.8662323241455926,0.9062323241455926,0.8962323241455926,0.8962323241455926,0.8862323241455926,0.8862323241455926,0.8662323241455926,0.8712323241455926,0.8712323241455926
365,0.930760746994909,0.950760746994909,0.950760746994909,0.950760746994909,0.940760746994909,0.950760746994909,0.950760746994909,0.950760746994909,0.950760746994909,0.950760746994909,0.950760746994909,0.960760746994909,0.950760746994909
366,0.8996545426826299,0.9196545426826299,0.9196545426826299,0.9196545426826299,0.9196545426826299,0.9196545426826299,0.9296545426826299,0.9296545426826299,0.9096545426826299,0.9096545426826299,0.9096545426826299,0.8996545426826299,0.9096545426826299
367,0.9550155228088801,0.9550155228088801,0.9650155228088801,0.9650155228088801,0.9450155228088801,0.9250155228088801,0.9150155228088801,0.9250155228088801,0.9250155228088801,0.9350155228088801,0.9450155228088801,0.9450155228088801,0.9650155228088801
368,0.8366332254035604,0.8366332254035604,0.8466332254035605,0.8366332254035604,0.8366332254035604,0.8466332254035605,0.8466332254035605,0.8366332254035604,0.8466332254035605,0.8266332254035604,0.8266332254035604,0.8066332254035604,0.8066332254035604
369,0.8199791900049173,0.7999791900049172,0.7899791900049172,0.7899791900049172,0.8049791900049172,0.8049791900049172,0.8049791900049172,0.8249791900049173,0.8249791900049173,0.8349791900049173,0.8349791900049173,0.8249791900049173,0.8149791900049173
370,0.9229628032158261,0.9229628032158261,0.9229628032158261,0.9229628032158261,0.9329628032158261,0.9329628032158261,0.9329628032158261,0.9329628032158261,0.9329628032158261,0.9229628032158261,0.9329628032158261,0.9229628032158261,0.9229628032158261
371,0.8740739371015167,0.8640739371015167,0.8640739371015167,0.8840739371015167,0.8940739371015167,0.9040739371015167,0.9040739371015167,0.8940739371015167,0.8940739371015167,0.8940739371015167,0.8740739371015167,0.8740739371015167,0.8740739371015167
372,0.9145273427377366,0.9245273427377366,0.9345273427377366,0.9445273427377366,0.9445273427377366,0.9445273427377366,0.9345273427377366,0.9245273427377366,0.9045273427377366,0.9045273427377366,0.9145273427377366,0.9045273427377366,0.8945273427377366
373,0.8696650373180855,0.8696650373180855,0.8696650373180855,0.8696650373180855,0.8596650373180855,0.8396650373180855,0.8396650373180855,0.8296650373180855,0.8296650373180855,0.8496650373180855,0.8496650373180855,0.8496650373180855,0.8696650373180855
374,0.858254019289816,0.848254019289816,0.848254019289816,0.848254019289816,0.848254019289816,0.848254019289816,0.848254019289816,0.858254019289816,0.848254019289816,0.858254019289816,0.868254019289816,0.8982540192898161,0.8982540192898161
375,0.9056494617535262,0.9056494617535262,0.8956494617535262,0.9056494617535262,0.8956494617535262,0.8956494617535262,0.9056494617535262,0.9056494617535262,0.8856494617535262,0.8856494617535262,0.8756494617535262,0.8656494617535262,0.8706494617535262
376,0.8839458637384714,0.8839458637384714,0.8939458637384714,0.9239458637384714,0.9239458637384714,0.9189458637384714,0.9189458637384714,0.9089458637384714,0.9189458637384714,0.9189458637384714,0.9089458637384714,0.9189458637384714,0.9189458637384714
377,0.9570049860974759,0.9370049860974758,0.9570049860974759,0.9470049860974759,0.9470049860974759,0.9370049860974758,0.9370049860974758,0.9470049860974759,0.9670049860974759,0.9670049860974759,0.9670049860974759,0.9670049860974759,0.9670049860974759
378,0.8381498936324305,0.8281498936324305,0.8281498936324305,0.8181498936324305,0.8181498936324305,0.8181498936324305,0.8481498936324305,0.8281498936324305,0.8181498936324305,0.8281498936324305,0.8381498936324305,0.8581498936324305,0.8581498936324305
379,0.8352713914266606,0.8352713914266606,0.8452713914266606,0.8352713914266606,0.8452713914266606,0.8252713914266606,0.8252713914266606,0.8252713914266606,0.8352713914266606,0.8352713914266606,0.8352713914266606,0.8252713914266606,0.8252713914266606
380,1.0,1.0,0.99,0.99,1.0,1.0,1.0,1.0,1.0,0.99,0.98,0.97,0.98
381,0.8980258786742411,0.8880258786742411,0.8980258786742411,0.8980258786742411,0.8880258786742411,0.8880258786742411,0.8980258786742411,0.8980258786742411,0.9080258786742411,0.9180258786742411,0.9280258786742411,0.9280258786742411,0.9280258786742411
382,0.8973030973158657,0.8973030973158657,0.8973030973158657,0.9073030973158657,0.9273030973158657,0.9373030973158657,0.9273030973158657,0.9373030973158657,0.9323030973158657,0.9223030973158657,0.9323030973158657,0.9123030973158657,0.9123030973158657
383,0.9566869500395625,0.9666869500395625,0.9666869500395625,0.9666869500395625,0.9766869500395625,0.9766869500395625,0.9766869500395625,0.9766869500395625,0.9766869500395625,0.9666869500395625,0.9866869500395625,0.9866869500395625,0.9966869500395625
384,0.9805544320277993,0.9805544320277993,0.9805544320277993,1.0,0.99,0.98,1.0,1.0,0.985,0.975,0.975,0.985,0.985
385,0.9373323935890806,0.9473323935890806,0.9273323935890806,0.9273323935890806,0.9273323935890806,0.9273323935890806,0.9173323935890806,0.9173323935890806,0.9423323935890806,0.9223323935890806,0.9223323935890806,0.9223323935890806,0.9123323935890806
386,0.9456476667738757,0.9556476667738757,0.9556476667738757,0.9556476667738757,0.9556476667738757,0.9356476667738757,0.9556476667738757,0.9656476667738757,0.9656476667738757,0.9556476667738757,0.9456476667738757,0.9356476667738757,0.9356476667738757
387,0.8438646455848507,0.8438646455848507,0.8438646455848507,0.8438646455848507,0.8438646455848507,0.8538646455848508,0.8538646455848508,0.8438646455848507,0.8438646455848507,0.8438646455848507,0.8538646455848508,0.8538646455848508,0.8438646455848507
388,0.9329721269666669,0.9529721269666669,0.9329721269666669,0.9529721269666669,0.9429721269666669,0.9329721269666669,0.9329721269666669,0.9229721269666669,0.9229721269666669,0.9429721269666669,0.9529721269666669,0.9529721269666669,0.9429721269666669
389,0.9777814889416484,0.9777814889416484,0.9577814889416484,0.9677814889416484,0.9677814889416484,0.9677814889416484,0.9777814889416484,0.9877814889416484,0.9777814889416484,0.9777814889416484,0.9777814889416484,0.9777814889416484,0.9877814889416484
390,0.9276489886201185,0.9276489886201185,0.9376489886201185,0.9276489886201185,0.9076489886201184,0.9076489886201184,0.9176489886201185,0.9176489886201185,0.9476489886201185,0.9476489886201185,0.9676489886201185,0.9676489886201185,0.9676489886201185
391,0.8246096864567161,0.814609686456716,0.814609686456716,0.8346096864567161,0.8346096864567161,0.8246096864567161,0.8246096864567161,0.804609686456716,0.794609686456716,0.794609686456716,0.784609686456716,0.784609686456716,0.804609686456716
392,0.8486867826495091,0.8486867826495091,0.8486867826495091,0.8486867826495091,0.8486867826495091,0.8386867826495091,0.8386867826495091,0.8186867826495091,0.8186867826495091,0.8186867826495091,0.8086867826495091,0.8286867826495091,0.8286867826495091
393,0.8796959128080829,0.8696959128080829,0.8596959128080829,0.8596959128080829,0.8596959128080829,0.8496959128080829,0.8796959128080829,0.8796959128080829,0.8696959128080829,0.8696959128080829,0.8696959128080829,0.8696959128080829,0.8796959128080829
394,0.9375462911409843,0.9275462911409843,0.9275462911409843,0.9275462911409843,0.9375462911409843,0.9375462911409843,0.9375462911409843,0.9275462911409843,0.9275462911409843,0.9175462911409843,0.9075462911409843,0.9175462911409843,0.9175462911409843
395,0.8873056456713586,0.8873056456713586,0.8873056456713586,0.8773056456713586,0.8773056456713586,0.8773056456713586,0.8773056456713586,0.8873056456713586,0.8873056456713586,0.8873056456713586,0.8773056456713586,0.8773056456713586,0.8973056456713586
396,0.8884983561101977,0.9084983561101977,0.9084983561101977,0.8684983561101977,0.8584983561101976,0.8584983561101976,0.8484983561101976,0.8584983561101976,0.8684983561101977,0.8984983561101977,0.8984983561101977,0.8984983561101977,0.9184983561101977
397,0.8733101186215173,0.8833101186215173,0.8833101186215173,0.8733101186215173,0.8733101186215173,0.8533101186215173,0.8533101186215173,0.8433101186215173,0.8333101186215173,0.8333101186215173,0.8333101186215173,0.8433101186215173,0.8583101186215173
398,0.9529770894925584,0.9529770894925584,0.9529770894925584,0.9629770894925584,0.9629770894925584,0.9629770894925584,0.9729770894925585,0.9629770894925584,0.9429770894925584,0.9529770894925584,0.9429770894925584,0.9429770894925584,0.9529770894925584
399,1.0,0.98,0.99,0.99,0.98,0.97,0.99,1.0,1.0,1.0,1.0,0.99,1.0
400,1.0,1.0,0.99,0.99,0.97,0.985,0.985,0.995,0.995,0.985,1.0,0.98,0.98
401,0.8314716703051691,0.8414716703051691,0.8514716703051691,0.8614716703051691,0.8614716703051691,0.8714716703051691,0.8714716703051691,0.8664716703051691,0.8664716703051691,0.8464716703051691,0.8364716703051691,0.8264716703051691,0.8264716703051691
402,0.9008735548237671,0.8808735548237671,0.870873554823767,0.860873554823767,0.860873554823767,0.8808735548237671,0.8908735548237671,0.8808735548237671,0.8808735548237671,0.8908735548237671,0.8808735548237671,0.8808735548237671,0.8808735548237671
403,0.9824464477514112,0.9624464477514112,0.9724464477514112,0.9724464477514112,0.9424464477514112,0.9474464477514112,0.9474464477514112,0.9474464477514112,0.9574464477514112,0.9474464477514112,0.9474464477514112,0.9474464477514112,0.9474464477514112
404,0.9136464782517697,0.9336464782517697,0.9236464782517697,0.9336464782517697,0.9336464782517697,0.9236464782517697,0.9536464782517697,0.9336464782517697,0.9336464782517697,0.9336464782517697,0.9336464782517697,0.9236464782517697,0.9136464782517697
405,0.9059452526637635,0.9359452526637635,0.9459452526637635,0.9359452526637635,0.9459452526637635,0.9459452526637635,0.9459452526637635,0.9459452526637635,0.9409452526637635,0.9409452526637635,0.9309452526637635,0.9009452526637635,0.9009452526637635
406,0.8492142903531972,0.8692142903531972,0.8592142903531972,0.8592142903531972,0.8592142903531972,0.8692142903531972,0.8692142903531972,0.8792142903531972,0.8692142903531972,0.8792142903531972,0.8592142903531972,0.8592142903531972,0.8592142903531972
407,0.896452169396216,0.896452169396216,0.896452169396216,0.886452169396216,0.876452169396216,0.876452169396216,0.876452169396216,0.876452169396216,0.8664521693962159,0.881452169396216,0.881452169396216,0.881452169396216,0.881452169396216
408,0.8685081506680684,0.8485081506680684,0.8485081506680684,0.8485081506680684,0.8685081506680684,0.8685081506680684,0.8885081506680684,0.8885081506680684,0.8985081506680684,0.8835081506680684,0.8735081506680684,0.8735081506680684,0.8735081506680684
409,0.8467170174924801,0.8467170174924801,0.8467170174924801,0.8367170174924801,0.8467170174924801,0.8467170174924801,0.8467170174924801,0.8467170174924801,0.8567170174924801,0.8467170174924801,0.8467170174924801,0.8467170174924801,0.81671701749248
410,0.8619583938083476,0.8719583938083476,0.8519583938083476,0.8519583938083476,0.8719583938083476,0.8919583938083476,0.8819583938083476,0.8719583938083476,0.8719583938083476,0.8719583938083476,0.8719583938083476,0.8819583938083476,0.8569583938083476
411,0.9510447280274292,0.9410447280274292,0.9510447280274292,0.9610447280274292,0.9710447280274292,0.9710447280274292,0.9710447280274292,0.9710447280274292,0.9710447280274292,0.9810447280274293,0.9710447280274292,0.9510447280274292,0.9510447280274292
412,0.8529501206363613,0.8529501206363613,0.8529501206363613,0.8429501206363613,0.8429501206363613,0.8429501206363613,0.8529501206363613,0.8429501206363613,0.8429501206363613,0.8529501206363613,0.8729501206363613,0.8729501206363613,0.8729501206363613
413,0.8931082154212779,0.8831082154212779,0.8931082154212779,0.903108215421278,0.8631082154212779,0.8731082154212779,0.8931082154212779,0.8731082154212779,0.8731082154212779,0.8831082154212779,0.8931082154212779,0.8931082154212779,0.903108215421278
414,0.8530506630426733,0.8530506630426733,0.8530506630426733,0.8430506630426733,0.8430506630426733,0.8730506630426733,0.8630506630426733,0.8630506630426733,0.8530506630426733,0.8430506630426733,0.8430506630426733,0.8430506630426733,0.8330506630426733
415,0.9071823368155284,0.9071823368155284,0.8971823368155284,0.8871823368155284,0.8971823368155284,0.9171823368155284,0.9171823368155284,0.9171823368155284,0.9171823368155284,0.9171823368155284,0.9171823368155284,0.9271823368155284,0.9371823368155284
416,0.931855512715343,0.9218555127153429,0.931855512715343,0.951855512715343,0.961855512715343,0.961855512715343,0.951855512715343,0.941855512715343,0.951855512715343,0.941855512715343,0.941855512715343,0.931855512715343,0.9218555127153429
417,0.9757358273080031,0.9657358273080031,0.9557358273080031,0.9557358273080031,0.9657358273080031,0.9657358273080031,0.9657358273080031,0.9657358273080031,0.9757358273080031,1.0,1.0,0.97,0.95
418,0.9365693753772074,0.9365693753772074,0.9365693753772074,0.9265693753772074,0.9165693753772074,0.9165693753772074,0.9415693753772074,0.9415693753772074,0.9015693753772074,0.9215693753772074,0.9315693753772074,0.9315693753772074,0.9215693753772074
419,0.9365350848336932,0.9165350848336932,0.9265350848336932,0.9365350848336932,0.9165350848336932,0.9465350848336932,0.9465350848336932,0.9465350848336932,0.9565350848336932,0.9665350848336932,0.9565350848336932,0.9465350848336932,0.9565350848336932
420,0.8536726776608003,0.8536726776608003,0.8436726776608003,0.8436726776608003,0.8136726776608003,0.8336726776608003,0.8236726776608003,0.8236726776608003,0.8336726776608003,0.8536726776608003,0.8336726776608003,0.8136726776608003,0.8136726776608003
421,0.9427522955404608,0.9827522955404608,0.9627522955404608,0.9527522955404608,0.9527522955404608,0.9327522955404608,0.9427522955404608,0.9427522955404608,0.9427522955404608,0.9427522955404608,0.9527522955404608,0.9427522955404608,0.9227522955404608
422,0.867077461467091,0.867077461467091,0.867077461467091,0.857077461467091,0.857077461467091,0.8370774614670909,0.8370774614670909,0.8370774614670909,0.852077461467091,0.852077461467091,0.8320774614670909,0.8320774614670909,0.842077461467091
423,0.9281280947301334,0.9281280947301334,0.9181280947301333,0.9181280947301333,0.9181280947301333,0.9181280947301333,0.9281280947301334,0.9281280947301334,0.9181280947301333,0.8981280947301333,0.8981280947301333,0.8981280947301333,0.9131280947301333
424,0.8757226142084555,0.8657226142084555,0.8557226142084555,0.8557226142084555,0.8657226142084555,0.8657226142084555,0.8657226142084555,0.8657226142084555,0.8657226142084555,0.8757226142084555,0.8657226142084555,0.8657226142084555,0.8657226142084555
425,0.9428718934314068,0.9428718934314068,0.9428718934314068,0.9228718934314067,0.9328718934314068,0.9428718934314068,0.9528718934314068,0.9628718934314068,0.9728718934314068,0.9728718934314068,0.9578718934314068,0.9678718934314068,0.9578718934314068
426,0.9607825769683281,0.9607825769683281,0.9707825769683281,0.9707825769683281,0.9707825769683281,0.9907825769683282,1.0,1.0,0.995,0.985,0.985,0.985,0.985
427,0.8623711131190129,0.8623711131190129,0.8623711131190129,0.8423711131190129,0.8423711131190129,0.8423711131190129,0.8423711131190129,0.8423711131190129,0.8323711131190129,0.8223711131190129,0.8223711131190129,0.8223711131190129,0.8223711131190129
428,0.8722796014464209,0.8722796014464209,0.8722796014464209,0.8522796014464209,0.8522796014464209,0.8722796014464209,0.8722796014464209,0.8722796014464209,0.8822796014464209,0.8822796014464209,0.8722796014464209,0.8722796014464209,0.8922796014464209
429,0.9148311088251466,0.9148311088251466,0.9048311088251466,0.8948311088251466,0.9048311088251466,0.9048311088251466,0.9148311088251466,0.9148311088251466,0.9148311088251466,0.9248311088251466,0.9348311088251466,0.9448311088251466,0.9448311088251466
430,0.9053031200570577,0.9053031200570577,0.9053031200570577,0.9153031200570577,0.9453031200570577,0.9453031200570577,0.9453031200570577,0.9353031200570577,0.9353031200570577,0.9253031200570577,0.9253031200570577,0.9353031200570577,0.9353031200570577
431,0.9296882011643715,0.9196882011643714,0.9096882011643714,0.8896882011643714,0.8946882011643714,0.9046882011643714,0.8946882011643714,0.9046882011643714,0.9046882011643714,0.9046882011643714,0.9046882011643714,0.9246882011643714,0.9246882011643714
432,0.8846369169488016,0.8846369169488016,0.9046369169488017,0.9046369169488017,0.9046369169488017,0.9046369169488017,0.9146369169488017,0.8746369169488016,0.8446369169488016,0.8446369169488016,0.8546369169488016,0.8446369169488016,0.8496369169488016
433,0.9237657958635386,0.9437657958635386,0.9537657958635386,0.9537657958635386,0.9537657958635386,0.9387657958635386,0.9587657958635386,0.9487657958635386,0.9487657958635386,0.9487657958635386,0.9587657958635386,0.9587657958635386,0.9487657958635386
434,0.9926923157725988,0.9926923157725988,0.9926923157725988,0.9926923157725988,0.9826923157725987,0.9726923157725987,0.9826923157725987,0.9826923157725987,0.9826923157725987,0.9726923157725987,0.9826923157725987,1.0,1.0
435,1.0,1.0,1.0,0.975,0.975,0.975,0.975,0.975,0.995,1.0,1.0,1.0,0.99
436,0.9486643674911538,0.9486643674911538,0.9486643674911538,0.9786643674911538,0.9686643674911538,0.9486643674911538,0.9486643674911538,0.9486643674911538,0.9486643674911538,0.9286643674911538,0.9486643674911538,0.9486643674911538,0.9486643674911538
437,1.0,1.0,1.0,1.0,0.97,0.97,0.97,0.97,0.97,0.98,0.98,0.98,0.96
438,0.8757334752247359,0.8957334752247359,0.8757334752247359,0.8557334752247359,0.8457334752247359,0.8357334752247358,0.8357334752247358,0.8407334752247358,0.8407334752247358,0.8607334752247359,0.8507334752247359,0.8607334752247359,0.8607334752247359
439,0.8682219519295475,0.8582219519295475,0.8482219519295475,0.8482219519295475,0.8582219519295475,0.8682219519295475,0.8482219519295475,0.8582219519295475,0.8582219519295475,0.8682219519295475,0.8782219519295476,0.8782219519295476,0.8682219519295475
440,0.9732523031629702,1.0,0.98,0.99,0.99,0.99,0.99,0.965,0.965,0.965,0.965,0.955,0.965
441,0.9971469949177315,0.9971469949177315,1.0,0.99,0.98,0.96,0.97,0.97,0.95,0.955,0.965,0.955,0.955
442,0.8625255178185621,0.8725255178185621,0.8725255178185621,0.8425255178185621,0.8325255178185621,0.8525255178185621,0.8825255178185621,0.8925255178185622,0.8925255178185622,0.8925255178185622,0.8925255178185622,0.8925255178185622,0.8725255178185621
443,0.9475831071833833,0.9475831071833833,0.9375831071833833,0.9375831071833833,0.9475831071833833,0.9475831071833833,0.9575831071833834,0.9475831071833833,0.9475831071833833,0.9275831071833833,0.9575831071833834,0.9575831071833834,0.9575831071833834
444,0.9738890720164559,0.9738890720164559,0.9738890720164559,0.9738890720164559,0.9738890720164559,0.9538890720164559,0.9338890720164559,0.9338890720164559,0.9388890720164559,0.9488890720164559,0.9488890720164559,0.9488890720164559,0.9488890720164559
445,0.7922384913419819,0.7822384913419819,0.7822384913419819,0.7822384913419819,0.7722384913419819,0.7722384913419819,0.8022384913419819,0.8122384913419819,0.8122384913419819,0.8122384913419819,0.8022384913419819,0.8022384913419819,0.8022384913419819
446,0.9045451394750177,0.9045451394750177,0.8745451394750177,0.8945451394750177,0.8945451394750177,0.8945451394750177,0.8845451394750177,0.8945451394750177,0.9245451394750177,0.9145451394750177,0.9245451394750177,0.9245451394750177,0.9145451394750177
447,0.8790455413403664,0.8590455413403664,0.8590455413403664,0.8590455413403664,0.8590455413403664,0.8390455413403664,0.8390455413403664,0.8490455413403664,0.8390455413403664,0.8390455413403664,0.8390455413403664,0.8390455413403664,0.8440455413403664
448,0.9308346183985262,0.9408346183985262,0.9708346183985263,0.9608346183985262,0.9608346183985262,0.9608346183985262,0.9508346183985262,0.9408346183985262,0.9608346183985262,0.9508346183985262,0.9408346183985262,0.9308346183985262,0.9308346183985262
449,0.9980663203441781,0.9880663203441781,0.968066320344178,0.968066320344178,0.968066320344178,0.9880663203441781,1.0,1.0,0.985,0.975,0.985,0.985,0.985
450,0.8942946198924424,0.9042946198924424,0.8942946198924424,0.8942946198924424,0.8642946198924424,0.8642946198924424,0.8642946198924424,0.8842946198924424,0.8642946198924424,0.8642946198924424,0.8742946198924424,0.8842946198924424,0.8742946198924424
451,0.921857929192659,0.921857929192659,0.921857929192659,0.911857929192659,0.911857929192659,0.911857929192659,0.911857929192659,0.911857929192659,0.8918579291926589,0.906857929192659,0.8968579291926589,0.8968579291926589,0.8868579291926589
452,0.8939179544256819,0.8939179544256819,0.8839179544256819,0.8839179544256819,0.8739179544256819,0.8739179544256819,0.8739179544256819,0.8739179544256819,0.8739179544256819,0.8839179544256819,0.8839179544256819,0.8839179544256819,0.8839179544256819
453,0.8644736102285402,0.8644736102285402,0.8644736102285402,0.8644736102285402,0.8644736102285402,0.8544736102285402,0.8644736102285402,0.9044736102285402,0.8994736102285402,0.8994736102285402,0.8894736102285402,0.8894736102285402,0.9094736102285402
454,0.9645626733294728,0.9745626733294728,0.9945626733294728,0.9945626733294728,0.9745626733294728,0.9845626733294728,0.9745626733294728,0.9645626733294728,0.9445626733294727,0.9345626733294727,0.9345626733294727,0.9245626733294727,0.9245626733294727
455,0.9029232156889078,0.9029232156889078,0.9029232156889078,0.9029232156889078,0.9129232156889078,0.9129232156889078,0.9129232156889078,0.9129232156889078,0.9129232156889078,0.9229232156889078,0.9429232156889078,0.9379232156889078,0.9279232156889078
456,0.9771231700580512,0.9671231700580512,0.9771231700580512,0.9571231700580511,0.9671231700580512,0.9771231700580512,0.9771231700580512,0.9771231700580512,0.9871231700580512,0.9871231700580512,0.9871231700580512,0.9571231700580511,0.9821231700580512
457,0.8802863347693108,0.8802863347693108,0.8802863347693108,0.8802863347693108,0.8802863347693108,0.8702863347693108,0.8602863347693108,0.8502863347693108,0.8502863347693108,0.8502863347693108,0.8502863347693108,0.8702863347693108,0.8802863347693108
458,0.9346488554895069,0.9346488554895069,0.9346488554895069,0.9346488554895069,0.9346488554895069,0.9346488554895069,0.9346488554895069,0.944648855489507,0.944648855489507,0.944648855489507,0.954648855489507,0.944648855489507,0.944648855489507
459,0.8216638950995484,0.8216638950995484,0.8116638950995484,0.7916638950995484,0.7816638950995484,0.7916638950995484,0.7916638950995484,0.8016638950995484,0.8016638950995484,0.7816638950995484,0.7916638950995484,0.7916638950995484,0.7916638950995484
460,0.8673607186736858,0.8673607186736858,0.8673607186736858,0.8573607186736858,0.8473607186736858,0.8873607186736858,0.8873607186736858,0.8773607186736858,0.8873607186736858,0.8873607186736858,0.8873607186736858,0.8873607186736858,0.8873607186736858
461,0.8268177457807481,0.8268177457807481,0.8168177457807481,0.8168177457807481,0.8168177457807481,0.8168177457807481,0.8368177457807481,0.8268177457807481,0.8168177457807481,0.8268177457807481,0.8268177457807481,0.8268177457807481,0.8268177457807481
462,0.8629554635164118,0.8529554635164118,0.8629554635164118,0.8429554635164118,0.8429554635164118,0.8429554635164118,0.8429554635164118,0.8529554635164118,0.8429554635164118,0.8429554635164118,0.8629554635164118,0.8729554635164118,0.8529554635164118
463,0.9416455308065592,0.9416455308065592,0.9316455308065592,0.9666455308065592,0.9566455308065592,0.9466455308065592,0.9766455308065592,0.9766455308065592,0.9766455308065592,0.9766455308065592,0.9766455308065592,0.9666455308065592,0.9366455308065592
464,0.8562491439962846,0.8662491439962846,0.8562491439962846,0.8862491439962846,0.8762491439962846,0.8862491439962846,0.8862491439962846,0.8962491439962846,0.8862491439962846,0.8712491439962846,0.8712491439962846,0.8712491439962846,0.8812491439962846
465,0.897221848147545,0.917221848147545,0.917221848147545,0.927221848147545,0.917221848147545,0.917221848147545,0.917221848147545,0.917221848147545,0.917221848147545,0.897221848147545,0.927221848147545,0.927221848147545,0.917221848147545
466,0.9501945064333335,0.9601945064333335,0.9701945064333335,0.9701945064333335,0.9501945064333335,0.9301945064333335,0.9301945064333335,0.9301945064333335,0.9301945064333335,0.9501945064333335,0.9501945064333335,0.9401945064333335,0.9301945064333335
467,0.9382070409309782,0.9582070409309782,0.9682070409309782,0.9782070409309782,0.9682070409309782,0.9532070409309782,0.9332070409309782,0.9432070409309782,0.9532070409309782,0.9432070409309782,0.9532070409309782,0.9432070409309782,0.9432070409309782
468,0.9294392050452075,0.9294392050452075,0.9394392050452075,0.9394392050452075,0.9594392050452075,0.9594392050452075,0.9694392050452075,0.9644392050452075,0.9544392050452075,0.9744392050452075,0.9744392050452075,0.9744392050452075,0.9744392050452075
469,0.8447008244075821,0.8547008244075821,0.8447008244075821,0.8547008244075821,0.8547008244075821,0.8547008244075821,0.8647008244075821,0.8547008244075821,0.8547008244075821,0.8547008244075821,0.8747008244075821,0.8747008244075821,0.8747008244075821
470,0.8848043634311084,0.9048043634311084,0.9048043634311084,0.8948043634311084,0.9248043634311084,0.9048043634311084,0.9048043634311084,0.8948043634311084,0.9248043634311084,0.9198043634311084,0.9198043634311084,0.9198043634311084,0.9198043634311084
471,0.9045660171256218,0.8845660171256218,0.8945660171256218,0.8945660171256218,0.8945660171256218,0.8845660171256218,0.8845660171256218,0.8945660171256218,0.8945660171256218,0.9145660171256218,0.8845660171256218,0.8845660171256218,0.8845660171256218
472,0.8784835361410603,0.8584835361410603,0.8584835361410603,0.8484835361410603,0.8584835361410603,0.8684835361410603,0.8784835361410603,0.8784835361410603,0.8784835361410603,0.9084835361410604,0.9084835361410604,0.9084835361410604,0.9084835361410604
473,0.9074569477812454,0.9074569477812454,0.9074569477812454,0.8874569477812454,0.8874569477812454,0.9074569477812454,0.9074569477812454,0.9074569477812454,0.9074569477812454,0.9174569477812454,0.9074569477812454,0.9074569477812454,0.8974569477812454
474,0.9408735580862221,0.9508735580862221,0.9508735580862221,0.9608735580862221,0.9508735580862221,0.9408735580862221,0.9308735580862221,0.9308735580862221,0.9308735580862221,0.9208735580862221,0.9208735580862221,0.900873558086222,0.900873558086222
475,0.8783187430891649,0.8683187430891649,0.8783187430891649,0.8883187430891649,0.8883187430891649,0.9083187430891649,0.8983187430891649,0.9083187430891649,0.9083187430891649,0.8883187430891649,0.8983187430891649,0.8983187430891649,0.8983187430891649
476,0.8766648543750272,0.9166648543750272,0.9166648543750272,0.8966648543750272,0.8666648543750272,0.8666648543750272,0.8766648543750272,0.8666648543750272,0.8566648543750272,0.8666648543750272,0.8666648543750272,0.8666648543750272,0.8666648543750272
477,0.8833520321994863,0.8833520321994863,0.8733520321994863,0.8633520321994863,0.8733520321994863,0.8733520321994863,0.8733520321994863,0.8733520321994863,0.8733520321994863,0.8733520321994863,0.8733520321994863,0.8733520321994863,0.8833520321994863
478,0.9063305546595868,0.9063305546595868,0.9263305546595868,0.9363305546595868,0.9363305546595868,0.9463305546595868,0.9363305546595868,0.9163305546595868,0.9163305546595868,0.9163305546595868,0.8963305546595868,0.8963305546595868,0.8863305546595868
479,0.9094941173745138,0.9094941173745138,0.8994941173745138,0.8994941173745138,0.8994941173745138,0.9094941173745138,0.8994941173745138,0.8894941173745138,0.8694941173745138,0.8894941173745138,0.8994941173745138,0.8994941173745138,0.8994941173745138
480,0.8566945414936348,0.8466945414936348,0.8466945414936348,0.8366945414936348,0.8366945414936348,0.8366945414936348,0.8266945414936347,0.8266945414936347,0.8266945414936347,0.8266945414936347,0.8166945414936347,0.8166945414936347,0.8166945414936347
481,0.8779559410668017,0.8779559410668017,0.8779559410668017,0.8479559410668017,0.8479559410668017,0.8679559410668017,0.8679559410668017,0.8879559410668018,0.8879559410668018,0.8979559410668018,0.8979559410668018,0.8979559410668018,0.8879559410668018
482,0.9121983790433454,0.9221983790433455,0.9221983790433455,0.9021983790433454,0.9221983790433455,0.9221983790433455,0.8821983790433454,0.8721983790433454,0.8721983790433454,0.8821983790433454,0.8821983790433454,0.8821983790433454,0.8921983790433454
483,0.9463222378045519,0.9463222378045519,0.956322237804552,0.966322237804552,0.956322237804552,0.956322237804552,0.9363222378045519,0.9363222378045519,0.9463222378045519,0.9463222378045519,0.966322237804552,0.956322237804552,0.9463222378045519
484,0.889139109290546,0.899139109290546,0.899139109290546,0.899139109290546,0.899139109290546,0.8591391092905459,0.879139109290546,0.889139109290546,0.899139109290546,0.899139109290546,0.909139109290546,0.909139109290546,0.909139109290546
485,0.9315489945864118,0.9115489945864118,0.9015489945864118,0.9115489945864118,0.9115489945864118,0.9115489945864118,0.9315489945864118,0.9315489945864118,0.9315489945864118,0.9315489945864118,0.9215489945864118,0.9415489945864118,0.9515489945864118
486,0.8991217072463891,0.8891217072463891,0.8891217072463891,0.8891217072463891,0.8891217072463891,0.8991217072463891,0.8991217072463891,0.8991217072463891,0.8991217072463891,0.8991217072463891,0.8991217072463891,0.879121707246389,0.879121707246389
487,0.8210801853364215,0.8110801853364215,0.7910801853364214,0.7910801853364214,0.7810801853364214,0.7860801853364214,0.7860801853364214,0.7960801853364214,0.7960801853364214,0.8160801853364215,0.8060801853364215,0.8060801853364215,0.8160801853364215
488,0.8362557936606219,0.8362557936606219,0.8462557936606219,0.8562557936606219,0.8562557936606219,0.8462557936606219,0.8562557936606219,0.8762557936606219,0.8762557936606219,0.8762557936606219,0.8662557936606219,0.8462557936606219,0.8462557936606219
489,0.8448159009536251,0.8448159009536251,0.8448159009536251,0.8448159009536251,0.8448159009536251,0.8648159009536251,0.8748159009536252,0.8848159009536252,0.8798159009536252,0.8798159009536252,0.8698159009536252,0.8598159009536251,0.8598159009536251
490,0.9485528491734361,0.9485528491734361,0.9385528491734361,0.9285528491734361,0.9285528491734361,0.9535528491734361,0.9535528491734361,0.9535528491734361,0.9535528491734361,0.9535528491734361,0.9635528491734361,0.9635528491734361,0.9635528491734361
491,0.8947222475223378,0.8947222475223378,0.8847222475223377,0.8547222475223377,0.8547222475223377,0.8747222475223377,0.8647222475223377,0.8647222475223377,0.8847222475223377,0.8847222475223377,0.8847222475223377,0.8847222475223377,0.8747222475223377
492,0.9345082398629462,0.9145082398629462,0.9245082398629462,0.9245082398629462,0.9245082398629462,0.9045082398629462,0.9145082398629462,0.9145082398629462,0.9145082398629462,0.9145082398629462,0.9145082398629462,0.9245082398629462,0.9245082398629462
493,0.8600209849978013,0.8600209849978013,0.8700209849978013,0.8500209849978013,0.8500209849978013,0.8600209849978013,0.8600209849978013,0.8500209849978013,0.8500209849978013,0.8500209849978013,0.8500209849978013,0.8400209849978013,0.8300209849978013
494,0.9377632966558938,0.9377632966558938,0.9577632966558938,0.9677632966558938,0.9527632966558938,0.9527632966558938,0.9527632966558938,0.9527632966558938,0.9627632966558938,0.9827632966558938,0.9827632966558938,0.9727632966558938,0.9627632966558938
495,0.9298006151067771,0.9398006151067771,0.9398006151067771,0.9498006151067772,0.9698006151067772,0.9698006151067772,0.9648006151067772,0.9648006151067772,0.9448006151067772,0.9248006151067771,0.9148006151067771,0.9048006151067771,0.8948006151067771
496,0.8874099011100726,0.8874099011100726,0.8674099011100725,0.8674099011100725,0.8574099011100725,0.8774099011100726,0.8674099011100725,0.8574099011100725,0.8574099011100725,0.8474099011100725,0.8474099011100725,0.8524099011100725,0.8624099011100725
497,0.8877270677825342,0.8877270677825342,0.8977270677825342,0.8627270677825342,0.8727270677825342,0.8727270677825342,0.8727270677825342,0.8827270677825342,0.8827270677825342,0.8827270677825342,0.8927270677825342,0.8927270677825342,0.8827270677825342
498,0.9922831481414742,0.9722831481414742,0.9622831481414742,0.9622831481414742,0.9522831481414742,0.9572831481414742,0.9572831481414742,0.9572831481414742,0.9572831481414742,0.9572831481414742,0.9672831481414742,0.9972831481414742,1.0
499,0.8572866930781227,0.8572866930781227,0.8172866930781226,0.8372866930781226,0.8172866930781226,0.8172866930781226,0.8222866930781226,0.8222866930781226,0.8322866930781226,0.8322866930781226,0.8322866930781226,0.8322866930781226,0.8222866930781226
500,0.8780577364739972,0.8980577364739972,0.8980577364739972,0.8880577364739972,0.8880577364739972,0.9180577364739972,0.9180577364739972,0.9130577364739972,0.9030577364739972,0.9030577364739972,0.9130577364739972,0.9030577364739972,0.9030577364739972
501,0.8992029525631265,0.8992029525631265,0.8992029525631265,0.9092029525631266,0.8992029525631265,0.8992029525631265,0.8992029525631265,0.9092029525631266,0.8992029525631265,0.8692029525631265,0.8692029525631265,0.8692029525631265,0.8692029525631265
502,0.8354063698749293,0.8354063698749293,0.8354063698749293,0.8454063698749293,0.8454063698749293,0.8454063698749293,0.8454063698749293,0.8554063698749294,0.8554063698749294,0.8454063698749293,0.8654063698749294,0.8654063698749294,0.8654063698749294
503,0.9922248747537348,0.9922248747537348,0.9922248747537348,0.9722248747537348,0.9922248747537348,0.9922248747537348,0.9822248747537348,0.9722248747537348,0.9522248747537347,0.9722248747537348,0.9722248747537348,0.9722248747537348,0.9822248747537348
504,0.9044098025348514,0.9244098025348514,0.9444098025348514,0.9394098025348514,0.9394098025348514,0.9394098025348514,0.9394098025348514,0.9394098025348514,0.9394098025348514,0.9294098025348514,0.9294098025348514,0.9394098025348514,0.9094098025348514
505,0.8664666127991766,0.8364666127991766,0.8364666127991766,0.8364666127991766,0.8364666127991766,0.8514666127991766,0.8514666127991766,0.8514666127991766,0.8514666127991766,0.8514666127991766,0.8514666127991766,0.8514666127991766,0.8614666127991766
506,0.8972461670964874,0.8872461670964874,0.8872461670964874,0.8672461670964874,0.8572461670964874,0.8572461670964874,0.8572461670964874,0.8622461670964874,0.8622461670964874,0.8622461670964874,0.8722461670964874,0.8822461670964874,0.8622461670964874
507,0.8800536119209388,0.8800536119209388,0.8900536119209388,0.8900536119209388,0.8900536119209388,0.8900536119209388,0.8900536119209388,0.9000536119209388,0.9000536119209388,0.8900536119209388,0.8900536119209388,0.8800536119209388,0.8800536119209388
508,0.8978639470183326,0.8878639470183326,0.9078639470183326,0.9078639470183326,0.9078639470183326,0.9278639470183326,0.9178639470183326,0.9078639470183326,0.9078639470183326,0.9078639470183326,0.9278639470183326,0.9178639470183326,0.8978639470183326
509,0.8852597405262316,0.8952597405262316,0.8952597405262316,0.8952597405262316,0.8952597405262316,0.8852597405262316,0.8952597405262316,0.9052597405262316,0.9252597405262316,0.9052597405262316,0.8802597405262316,0.8902597405262316,0.9002597405262316
510,0.8540482145422424,0.8540482145422424,0.8540482145422424,0.8640482145422425,0.8640482145422425,0.8640482145422425,0.8640482145422425,0.8640482145422425,0.8840482145422425,0.8690482145422425,0.8690482145422425,0.8790482145422425,0.8890482145422425
511,0.8823826975921714,0.8823826975921714,0.8823826975921714,0.8823826975921714,0.8923826975921714,0.8923826975921714,0.8923826975921714,0.8923826975921714,0.8823826975921714,0.8623826975921713,0.8523826975921713,0.8523826975921713,0.8623826975921713
512,0.8427483233065658,0.8727483233065658,0.8727483233065658,0.8727483233065658,0.8727483233065658,0.8327483233065658,0.8327483233065658,0.8227483233065658,0.8527483233065658,0.8727483233065658,0.8527483233065658,0.8727483233065658,0.8827483233065658
513,0.9392179432169416,0.9592179432169416,0.9792179432169417,0.9792179432169417,0.9742179432169417,0.9642179432169417,0.9642179432169417,0.9642179432169417,0.9642179432169417,0.9842179432169417,0.9842179432169417,0.9842179432169417,0.9742179432169417
514,0.8635880465209801,0.8735880465209801,0.8835880465209801,0.8735880465209801,0.8435880465209801,0.8435880465209801,0.8435880465209801,0.8435880465209801,0.8435880465209801,0.8335880465209801,0.8335880465209801,0.8335880465209801,0.8335880465209801
515,0.8724065070636834,0.8924065070636834,0.8924065070636834,0.8924065070636834,0.9024065070636834,0.9124065070636834,0.9124065070636834,0.9074065070636834,0.8974065070636834,0.8974065070636834,0.8774065070636834,0.8774065070636834,0.8674065070636834
516,0.8891386820073685,0.8891386820073685,0.8891386820073685,0.8991386820073685,0.8891386820073685,0.8891386820073685,0.8991386820073685,0.9191386820073685,0.9091386820073685,0.8991386820073685,0.8891386820073685,0.8891386820073685,0.8791386820073684
517,0.9072680591987698,0.9072680591987698,0.9072680591987698,0.9072680591987698,0.8972680591987698,0.8872680591987698,0.8872680591987698,0.8872680591987698,0.8972680591987698,0.9072680591987698,0.8972680591987698,0.8972680591987698,0.8972680591987698
518,0.830399565054597,0.840399565054597,0.840399565054597,0.840399565054597,0.840399565054597,0.850399565054597,0.870399565054597,0.870399565054597,0.870399565054597,0.870399565054597,0.860399565054597,0.860399565054597,0.860399565054597
519,0.9148152845624561,0.9148152845624561,0.9348152845624561,0.9348152845624561,0.9348152845624561,0.9348152845624561,0.9248152845624561,0.9348152845624561,0.9348152845624561,0.9248152845624561,0.9048152845624561,0.8948152845624561,0.9048152845624561
520,0.8220793351267232,0.8320793351267232,0.8320793351267232,0.8520793351267232,0.8520793351267232,0.8520793351267232,0.8620793351267232,0.8620793351267232,0.8620793351267232,0.8520793351267232,0.8520793351267232,0.8370793351267232,0.8470793351267232
521,0.8755530174140155,0.8855530174140155,0.8855530174140155,0.8855530174140155,0.8855530174140155,0.9055530174140155,0.9155530174140155,0.9105530174140155,0.8805530174140155,0.8805530174140155,0.8705530174140155,0.8605530174140155,0.8605530174140155
522,0.8852199689345037,0.9252199689345038,0.9252199689345038,0.9152199689345037,0.9052199689345037,0.9052199689345037,0.9052199689345037,0.9052199689345037,0.9252199689345038,0.9202199689345038,0.9202199689345038,0.9102199689345037,0.9102199689345037
523,0.9142344840739958,0.9242344840739958,0.9142344840739958,0.9042344840739958,0.8942344840739958,0.8842344840739957,0.8842344840739957,0.8842344840739957,0.8992344840739958,0.9092344840739958,0.9092344840739958,0.9092344840739958,0.9092344840739958
524,0.8558151917822979,0.8658151917822979,0.8658151917822979,0.8458151917822979,0.8358151917822979,0.8358151917822979,0.8458151917822979,0.8558151917822979,0.8358151917822979,0.8258151917822979,0.8158151917822979,0.8258151917822979,0.8158151917822979
525,0.9019056480101918,0.8919056480101918,0.8919056480101918,0.8819056480101918,0.8919056480101918,0.8719056480101918,0.8719056480101918,0.8819056480101918,0.8819056480101918,0.8719056480101918,0.8919056480101918,0.9119056480101918,0.9119056480101918
526,0.9272527220899293,0.9272527220899293,0.9372527220899293,0.9472527220899293,0.9472527220899293,0.9272527220899293,0.9272527220899293,0.9372527220899293,0.9672527220899293,0.9372527220899293,0.9272527220899293,0.9272527220899293,0.9072527220899292
527,0.9680781080008618,0.9780781080008618,0.9680781080008618,0.9880781080008618,0.9780781080008618,0.9780781080008618,0.9880781080008618,0.9880781080008618,0.9880781080008618,0.9880781080008618,0.9880781080008618,0.9880781080008618,0.9980781080008618
528,0.8769994543620907,0.8469994543620907,0.8469994543620907,0.8369994543620907,0.8419994543620907,0.8419994543620907,0.8519994543620907,0.8419994543620907,0.8519994543620907,0.8419994543620907,0.8519994543620907,0.8419994543620907,0.8419994543620907
529,0.9303652793211981,0.9303652793211981,0.9303652793211981,0.9403652793211981,0.9403652793211981,0.9503652793211981,0.9603652793211981,0.9303652793211981,0.920365279321198,0.920365279321198,0.890365279321198,0.900365279321198,0.910365279321198
530,0.900277536134058,0.900277536134058,0.900277536134058,0.900277536134058,0.890277536134058,0.890277536134058,0.880277536134058,0.880277536134058,0.870277536134058,0.880277536134058,0.870277536134058,0.860277536134058,0.860277536134058
531,0.9020342725419184,0.8920342725419184,0.9020342725419184,0.9020342725419184,0.9020342725419184,0.9020342725419184,0.9120342725419184,0.9020342725419184,0.9020342725419184,0.9120342725419184,0.9120342725419184,0.9120342725419184,0.9220342725419184
532,0.8401985434447459,0.8401985434447459,0.8501985434447459,0.8501985434447459,0.8301985434447459,0.8201985434447459,0.8301985434447459,0.8401985434447459,0.8301985434447459,0.8301985434447459,0.8401985434447459,0.8301985434447459,0.8301985434447459
533,0.8961175290671549,0.8761175290671549,0.8761175290671549,0.8861175290671549,0.8861175290671549,0.8761175290671549,0.8761175290671549,0.8861175290671549,0.8961175290671549,0.8961175290671549,0.8761175290671549,0.8861175290671549,0.8761175290671549
534,0.945163809248906,0.955163809248906,0.955163809248906,0.955163809248906,0.955163809248906,0.975163809248906,0.960163809248906,0.950163809248906,0.950163809248906,0.960163809248906,0.960163809248906,0.940163809248906,0.940163809248906
535,0.8637612160973689,0.8637612160973689,0.8537612160973689,0.8637612160973689,0.8637612160973689,0.8737612160973689,0.8637612160973689,0.8637612160973689,0.8537612160973689,0.8537612160973689,0.8237612160973689,0.8337612160973689,0.8337612160973689
536,0.8824520571132181,0.9024520571132181,0.9124520571132181,0.9124520571132181,0.9124520571132181,0.9224520571132181,0.9024520571132181,0.9124520571132181,0.8924520571132181,0.9124520571132181,0.8824520571132181,0.8924520571132181,0.8824520571132181
537,0.8379868416582876,0.8279868416582876,0.8179868416582876,0.8279868416582876,0.8179868416582876,0.8179868416582876,0.8179868416582876,0.8179868416582876,0.8179868416582876,0.8429868416582876,0.8529868416582876,0.8529868416582876,0.8429868416582876
538,0.9011893276882224,0.8811893276882223,0.8811893276882223,0.8811893276882223,0.8811893276882223,0.8911893276882223,0.8711893276882223,0.8911893276882223,0.8911893276882223,0.8911893276882223,0.8611893276882223,0.8611893276882223,0.8611893276882223
539,0.8890955566149501,0.8890955566149501,0.8690955566149501,0.8690955566149501,0.8590955566149501,0.8590955566149501,0.8690955566149501,0.8690955566149501,0.8890955566149501,0.8990955566149501,0.9190955566149501,0.9290955566149501,0.9240955566149501
540,0.9355197545216769,0.9355197545216769,0.9155197545216769,0.9155197545216769,0.9355197545216769,0.9255197545216769,0.9355197545216769,0.9255197545216769,0.9255197545216769,0.9455197545216769,0.9555197545216769,0.9655197545216769,0.9655197545216769
541,0.8519172813635165,0.8519172813635165,0.8519172813635165,0.8519172813635165,0.8419172813635165,0.8419172813635165,0.8319172813635165,0.8319172813635165,0.8319172813635165,0.8119172813635165,0.8119172813635165,0.8219172813635165,0.8219172813635165
542,0.8782369378669416,0.8482369378669415,0.8482369378669415,0.8632369378669416,0.8632369378669416,0.8732369378669416,0.8732369378669416,0.8832369378669416,0.8732369378669416,0.8732369378669416,0.8732369378669416,0.8832369378669416,0.8632369378669416
543,0.9411405568272382,0.9411405568272382,0.9411405568272382,0.9411405568272382,0.9311405568272382,0.9311405568272382,0.9311405568272382,0.9611405568272382,0.9611405568272382,0.9611405568272382,0.9411405568272382,0.9411405568272382,0.9411405568272382
544,0.866843251225118,0.866843251225118,0.866843251225118,0.856843251225118,0.866843251225118,0.8468432512251179,0.8368432512251179,0.8368432512251179,0.8468432512251179,0.8468432512251179,0.8468432512251179,0.866843251225118,0.866843251225118
545,0.9027096692732979,0.9027096692732979,0.9027096692732979,0.9127096692732979,0.9327096692732979,0.9327096692732979,0.9227096692732979,0.9327096692732979,0.9227096692732979,0.9227096692732979,0.9227096692732979,0.9227096692732979,0.9127096692732979
546,0.9803373607405919,0.9803373607405919,0.9603373607405918,0.9503373607405918,0.9403373607405918,0.9603373607405918,0.9603373607405918,0.9603373607405918,0.9803373607405919,0.9803373607405919,0.9903373607405919,1.0,1.0
547,0.9236303191667034,0.9236303191667034,0.9236303191667034,0.9336303191667034,0.9336303191667034,0.9336303191667034,0.9436303191667034,0.9536303191667034,0.9536303191667034,0.9436303191667034,0.9536303191667034,0.9536303191667034,0.9386303191667034
548,0.883626075566287,0.853626075566287,0.853626075566287,0.853626075566287,0.868626075566287,0.868626075566287,0.878626075566287,0.898626075566287,0.898626075566287,0.908626075566287,0.9186260755662871,0.908626075566287,0.908626075566287
549,0.9743230812803163,0.9543230812803163,0.9643230812803163,0.9643230812803163,0.9643230812803163,0.9643230812803163,0.9643230812803163,0.9643230812803163,0.9643230812803163,0.9543230812803163,0.9543230812803163,0.9443230812803163,0.9543230812803163
550,0.9739112876861988,0.9739112876861988,0.9839112876861988,0.9939112876861989,1.0,1.0,1.0,0.995,0.985,0.975,0.975,0.985,0.995
551,0.9586730552697349,0.9386730552697349,0.9586730552697349,0.9586730552697349,0.9586730552697349,0.9586730552697349,0.9586730552697349,0.9386730552697349,0.9386730552697349,0.9286730552697349,0.9286730552697349,0.9486730552697349,0.9486730552697349
552,0.9469795169447868,0.9369795169447868,0.9369795169447868,0.9669795169447868,0.9669795169447868,0.9669795169447868,0.9669795169447868,0.9469795169447868,0.9569795169447868,0.9569795169447868,0.9669795169447868,0.9569795169447868,0.9669795169447868
553,0.9691774232392927,0.9591774232392927,0.9591774232392927,0.9591774232392927,0.9591774232392927,0.9591774232392927,0.9691774232392927,0.9791774232392927,0.9891774232392927,0.9891774232392927,1.0,1.0,1.0
554,0.9422903887243114,0.9422903887243114,0.9422903887243114,0.9422903887243114,0.9522903887243114,0.9522903887243114,0.9622903887243114,0.9622903887243114,0.9722903887243114,0.9422903887243114,0.9422903887243114,0.9422903887243114,0.9422903887243114
555,0.9647537158333022,0.9647537158333022,0.9647537158333022,0.9647537158333022,0.9447537158333021,0.9447537158333021,0.9447537158333021,0.9547537158333022,0.9347537158333021,0.9497537158333021,0.9397537158333021,0.9197537158333021,0.9297537158333021
556,0.9652398851119673,0.9652398851119673,0.9652398851119673,0.9752398851119674,0.9652398851119673,0.9652398851119673,0.9652398851119673,0.9352398851119673,0.9352398851119673,0.9352398851119673,0.9352398851119673,0.9352398851119673,0.9352398851119673
557,0.9308855545061253,0.9308855545061253,0.9308855545061253,0.9308855545061253,0.9308855545061253,0.9208855545061253,0.9208855545061253,0.9008855545061253,0.9108855545061253,0.8908855545061253,0.8958855545061253,0.9158855545061253,0.8958855545061253
558,0.917732564277061,0.917732564277061,0.917732564277061,0.927732564277061,0.927732564277061,0.927732564277061,0.927732564277061,0.927732564277061,0.927732564277061,0.937732564277061,0.947732564277061,0.937732564277061,0.937732564277061
559,0.8570198886120259,0.867019888612026,0.867019888612026,0.867019888612026,0.877019888612026,0.877019888612026,0.8570198886120259,0.8370198886120259,0.8470198886120259,0.8470198886120259,0.8370198886120259,0.8470198886120259,0.8470198886120259
560,0.887493429105508,0.907493429105508,0.917493429105508,0.917493429105508,0.907493429105508,0.907493429105508,0.907493429105508,0.927493429105508,0.922493429105508,0.922493429105508,0.922493429105508,0.922493429105508,0.912493429105508
561,0.8449343543991037,0.8649343543991037,0.8749343543991037,0.8749343543991037,0.8849343543991037,0.8799343543991037,0.8799343543991037,0.8699343543991037,0.8499343543991037,0.8499343543991037,0.8499343543991037,0.8499343543991037,0.8399343543991037
562,0.8366659630033436,0.8466659630033436,0.8466659630033436,0.8466659630033436,0.8466659630033436,0.8666659630033436,0.8666659630033436,0.8766659630033437,0.8666659630033436,0.8666659630033436,0.8666659630033436,0.8666659630033436,0.8466659630033436
563,0.9007244635209559,0.9107244635209559,0.9207244635209559,0.9207244635209559,0.940724463520956,0.940724463520956,0.935724463520956,0.9157244635209559,0.9157244635209559,0.8957244635209559,0.8857244635209559,0.8657244635209559,0.8857244635209559
564,0.9018001382309375,0.9118001382309375,0.9218001382309375,0.9118001382309375,0.9218001382309375,0.9218001382309375,0.9318001382309375,0.9318001382309375,0.9318001382309375,0.9318001382309375,0.9418001382309376,0.9118001382309375,0.9018001382309375
565,0.8687826004650285,0.8687826004650285,0.8587826004650285,0.8787826004650285,0.8787826004650285,0.8787826004650285,0.8987826004650286,0.8887826004650285,0.8987826004650286,0.8837826004650285,0.8837826004650285,0.8837826004650285,0.8937826004650286
566,0.9165679799512307,0.9165679799512307,0.8965679799512307,0.8765679799512307,0.8765679799512307,0.8765679799512307,0.8815679799512307,0.8815679799512307,0.8815679799512307,0.9015679799512307,0.9215679799512307,0.9415679799512308,0.9515679799512308
567,1.0,1.0,0.99,0.96,0.96,0.96,0.97,0.97,0.97,0.97,0.97,0.97,0.99
568,0.9257623113528802,0.9357623113528802,0.9457623113528802,0.9657623113528803,0.9657623113528803,0.9607623113528803,0.9507623113528803,0.9507623113528803,0.9407623113528802,0.9407623113528802,0.9307623113528802,0.9407623113528802,0.9307623113528802
569,0.8853413999238631,0.8853413999238631,0.8753413999238631,0.8853413999238631,0.8953413999238631,0.8753413999238631,0.8753413999238631,0.8853413999238631,0.8953413999238631,0.9053413999238631,0.8953413999238631,0.8953413999238631,0.9153413999238631
570,0.8534157152067852,0.8634157152067852,0.8634157152067852,0.8434157152067852,0.8434157152067852,0.8334157152067851,0.8334157152067851,0.8434157152067852,0.8634157152067852,0.8734157152067852,0.8534157152067852,0.8634157152067852,0.8534157152067852
571,0.8132079416862639,0.8232079416862639,0.8232079416862639,0.8332079416862639,0.8432079416862639,0.8532079416862639,0.8432079416862639,0.8432079416862639,0.8332079416862639,0.8532079416862639,0.8532079416862639,0.8432079416862639,0.8282079416862639
572,0.9306385433426231,0.9206385433426231,0.9106385433426231,0.9206385433426231,0.900638543342623,0.900638543342623,0.900638543342623,0.900638543342623,0.900638543342623,0.9106385433426231,0.9206385433426231,0.9406385433426231,0.9306385433426231
573,0.8227513110994416,0.8127513110994415,0.8127513110994415,0.8327513110994416,0.8327513110994416,0.8327513110994416,0.8427513110994416,0.8227513110994416,0.8227513110994416,0.8027513110994415,0.7927513110994415,0.8027513110994415,0.7927513110994415
574,0.8714602311035844,0.8714602311035844,0.8614602311035844,0.8514602311035844,0.8414602311035844,0.8514602311035844,0.8514602311035844,0.8314602311035844,0.8314602311035844,0.8364602311035844,0.8564602311035844,0.8564602311035844,0.8464602311035844
575,0.9488208261001814,0.9488208261001814,0.9488208261001814,0.9688208261001814,0.9588208261001814,0.9488208261001814,0.9488208261001814,0.9488208261001814,0.9288208261001814,0.9288208261001814,0.9288208261001814,0.9188208261001813,0.9188208261001813
576,0.918074936228132,0.938074936228132,0.928074936228132,0.928074936228132,0.918074936228132,0.918074936228132,0.918074936228132,0.8880749362281319,0.8880749362281319,0.903074936228132,0.903074936228132,0.913074936228132,0.903074936228132
577,1.0,0.99,0.99,1.0,0.99,0.98,0.98,0.99,0.98,0.98,0.98,1.0,1.0
578,0.8685716866167357,0.8385716866167356,0.8385716866167356,0.8285716866167356,0.8335716866167356,0.8435716866167356,0.8535716866167357,0.8535716866167357,0.8835716866167357,0.8935716866167357,0.9135716866167357,0.9135716866167357,0.9135716866167357
579,0.8523141960665136,0.8423141960665136,0.8323141960665136,0.8223141960665136,0.8123141960665136,0.8223141960665136,0.8223141960665136,0.8223141960665136,0.8323141960665136,0.8323141960665136,0.8323141960665136,0.8423141960665136,0.8423141960665136
580,0.9176873394750792,0.9176873394750792,0.9176873394750792,0.9176873394750792,0.9176873394750792,0.9076873394750792,0.9076873394750792,0.9076873394750792,0.9076873394750792,0.9076873394750792,0.9076873394750792,0.9176873394750792,0.9176873394750792
581,0.8225226488734841,0.8225226488734841,0.8125226488734841,0.7925226488734841,0.7925226488734841,0.8025226488734841,0.8025226488734841,0.8025226488734841,0.8025226488734841,0.8125226488734841,0.8125226488734841,0.8125226488734841,0.8125226488734841
582,0.8311617023198461,0.8311617023198461,0.8211617023198461,0.8311617023198461,0.8311617023198461,0.8611617023198461,0.8611617023198461,0.8611617023198461,0.8611617023198461,0.8611617023198461,0.8611617023198461,0.8611617023198461,0.8711617023198461
583,0.8989357391189697,0.9089357391189697,0.9089357391189697,0.9089357391189697,0.9189357391189698,0.9189357391189698,0.9189357391189698,0.8989357391189697,0.8889357391189697,0.8889357391189697,0.8889357391189697,0.8889357391189697,0.8689357391189697
584,0.9813992772041341,0.9913992772041341,1.0,1.0,1.0,0.99,0.98,0.99,0.98,1.0,0.985,0.985,0.995
585,0.9061251880401663,0.9161251880401663,0.9161251880401663,0.9161251880401663,0.9361251880401663,0.9361251880401663,0.9361251880401663,0.9161251880401663,0.9061251880401663,0.9061251880401663,0.9161251880401663,0.9061251880401663,0.8961251880401663
586,0.978627821112996,0.968627821112996,0.968627821112996,0.968627821112996,0.9586278211129959,0.9586278211129959,0.968627821112996,0.9586278211129959,0.9486278211129959,0.9586278211129959,0.9586278211129959,0.968627821112996,0.968627821112996
587,0.9109616892178908,0.9109616892178908,0.9109616892178908,0.9009616892178908,0.9009616892178908,0.9009616892178908,0.8909616892178908,0.8909616892178908,0.8909616892178908,0.8709616892178907,0.8709616892178907,0.8709616892178907,0.8759616892178907
588,1.0,0.99,0.97,0.98,0.97,0.97,0.97,0.96,0.96,0.98,0.98,0.97,0.98
589,0.8723094573947742,0.8623094573947742,0.8623094573947742,0.8523094573947742,0.8423094573947741,0.8423094573947741,0.8723094573947742,0.8723094573947742,0.8823094573947742,0.9023094573947742,0.9023094573947742,0.9123094573947742,0.9123094573947742
590,0.8626111085765718,0.8726111085765718,0.8826111085765718,0.8726111085765718,0.8826111085765718,0.8826111085765718,0.8926111085765718,0.8926111085765718,0.9026111085765718,0.8726111085765718,0.8726111085765718,0.8426111085765717,0.8626111085765718
591,0.9200433615916773,0.9200433615916773,0.9100433615916773,0.8900433615916773,0.9050433615916773,0.9050433615916773,0.8950433615916773,0.9150433615916773,0.9150433615916773,0.9150433615916773,0.8950433615916773,0.8850433615916773,0.8850433615916773
592,0.8758877047235121,0.8758877047235121,0.8758877047235121,0.8758877047235121,0.8658877047235121,0.8658877047235121,0.855887704723512,0.845887704723512,0.845887704723512,0.845887704723512,0.855887704723512,0.845887704723512,0.845887704723512
593,0.929777882817594,0.939777882817594,0.939777882817594,0.949777882817594,0.939777882817594,0.949777882817594,0.949777882817594,0.949777882817594,0.959777882817594,0.959777882817594,0.939777882817594,0.949777882817594,0.949777882817594
594,0.9048102458745282,0.9048102458745282,0.9348102458745282,0.9148102458745282,0.9148102458745282,0.9148102458745282,0.9048102458745282,0.9498102458745282,0.9498102458745282,0.9498102458745282,0.9298102458745282,0.9298102458745282,0.9298102458745282
595,0.9015556951862971,0.9015556951862971,0.8915556951862971,0.9015556951862971,0.8915556951862971,0.8915556951862971,0.9215556951862971,0.9015556951862971,0.9115556951862971,0.9115556951862971,0.9115556951862971,0.9215556951862971,0.9115556951862971
596,0.8910152041870043,0.8910152041870043,0.8910152041870043,0.8810152041870043,0.8910152041870043,0.8910152041870043,0.9010152041870043,0.9010152041870043,0.9210152041870043,0.9210152041870043,0.9010152041870043,0.9010152041870043,0.9310152041870043
597,0.8956487782785775,0.9056487782785775,0.9056487782785775,0.9156487782785775,0.9156487782785775,0.9056487782785775,0.8856487782785775,0.8856487782785775,0.8856487782785775,0.8856487782785775,0.8956487782785775,0.8956487782785775,0.8856487782785775
598,0.851976549561355,0.831976549561355,0.821976549561355,0.811976549561355,0.821976549561355,0.836976549561355,0.826976549561355,0.826976549561355,0.826976549561355,0.836976549561355,0.826976549561355,0.826976549561355,0.816976549561355
599,0.8560548140178346,0.8560548140178346,0.8460548140178346,0.8560548140178346,0.8460548140178346,0.8660548140178346,0.8660548140178346,0.8560548140178346,0.8560548140178346,0.8560548140178346,0.8460548140178346,0.8360548140178345,0.8360548140178345
600,0.9812181593401006,0.9812181593401006,0.9812181593401006,0.9812181593401006,0.9912181593401006,1.0,1.0,1.0,0.99,1.0,1.0,0.99,0.99
601,0.9006589200812993,0.9106589200812993,0.9206589200812993,0.9206589200812993,0.8806589200812993,0.8706589200812993,0.8806589200812993,0.8806589200812993,0.8706589200812993,0.8906589200812993,0.8706589200812993,0.8606589200812993,0.8656589200812993
602,0.9523349745758328,0.9323349745758328,0.9323349745758328,0.9323349745758328,0.9323349745758328,0.9523349745758328,0.9523349745758328,0.9323349745758328,0.9423349745758328,0.9823349745758329,0.9823349745758329,0.9673349745758328,0.9673349745758328
603,0.9037435876765674,0.9037435876765674,0.8937435876765674,0.8937435876765674,0.9137435876765674,0.9237435876765674,0.9437435876765674,0.9437435876765674,0.9437435876765674,0.9237435876765674,0.9437435876765674,0.9437435876765674,0.9337435876765674
604,0.9066547131144794,0.9066547131144794,0.9266547131144794,0.9466547131144795,0.9166547131144794,0.9266547131144794,0.9266547131144794,0.9166547131144794,0.9166547131144794,0.9166547131144794,0.9166547131144794,0.9266547131144794,0.9466547131144795
605,0.8007361241455301,0.8007361241455301,0.7807361241455301,0.7907361241455301,0.7907361241455301,0.7807361241455301,0.7807361241455301,0.7807361241455301,0.7807361241455301,0.77073612414553,0.77073612414553,0.77073612414553,0.76073612414553
606,0.9189617509064597,0.8989617509064597,0.8989617509064597,0.9089617509064597,0.9189617509064597,0.9189617509064597,0.9289617509064597,0.8989617509064597,0.8989617509064597,0.8989617509064597,0.8889617509064597,0.8989617509064597,0.8989617509064597
607,0.896945241007506,0.896945241007506,0.896945241007506,0.8869452410075059,0.8869452410075059,0.896945241007506,0.896945241007506,0.906945241007506,0.906945241007506,0.906945241007506,0.896945241007506,0.916945241007506,0.926945241007506
608,0.9596618302347384,0.9596618302347384,0.9596618302347384,0.9396618302347384,0.9596618302347384,0.9796618302347384,0.9696618302347384,0.9796618302347384,0.9796618302347384,0.9796618302347384,0.9896618302347384,0.9996618302347384,0.9996618302347384
609,0.9759818831748273,0.9759818831748273,0.9759818831748273,0.9759818831748273,0.9759818831748273,0.9659818831748272,0.9759818831748273,0.9759818831748273,0.9759818831748273,0.9759818831748273,0.9759818831748273,0.9959818831748273,0.9959818831748273
610,0.9375351162313675,0.9275351162313675,0.9375351162313675,0.9575351162313676,0.9575351162313676,0.9375351162313675,0.9475351162313675,0.9675351162313676,0.9675351162313676,0.9675351162313676,0.9675351162313676,0.9775351162313676,0.9775351162313676
611,0.9237851004878013,0.9237851004878013,0.9137851004878013,0.9137851004878013,0.9037851004878013,0.9237851004878013,0.9337851004878013,0.9437851004878013,0.9537851004878013,0.9437851004878013,0.9337851004878013,0.9437851004878013,0.9437851004878013
612,0.8954387325816155,0.8954387325816155,0.8954387325816155,0.9054387325816156,0.9054387325816156,0.9254387325816156,0.9104387325816156,0.9204387325816156,0.9104387325816156,0.8904387325816155,0.8904387325816155,0.8904387325816155,0.8904387325816155
613,0.8699687699636373,0.8799687699636373,0.8699687699636373,0.8699687699636373,0.8699687699636373,0.8699687699636373,0.8499687699636372,0.8599687699636372,0.8599687699636372,0.8699687699636373,0.8399687699636372,0.8399687699636372,0.8399687699636372
614,0.8835767195810753,0.8635767195810753,0.8735767195810753,0.8735767195810753,0.8835767195810753,0.8735767195810753,0.8635767195810753,0.8635767195810753,0.8635767195810753,0.8835767195810753,0.8935767195810753,0.8935767195810753,0.8935767195810753
615,0.8714849353764584,0.8714849353764584,0.8714849353764584,0.8714849353764584,0.8714849353764584,0.8714849353764584,0.8614849353764584,0.8514849353764584,0.8614849353764584,0.8914849353764585,0.8814849353764584,0.8814849353764584,0.8914849353764585
616,0.8846376851698438,0.8946376851698438,0.8946376851698438,0.8946376851698438,0.8946376851698438,0.8846376851698438,0.8646376851698437,0.8646376851698437,0.8646376851698437,0.8546376851698437,0.8546376851698437,0.8696376851698437,0.9096376851698438
617,0.9200583750870778,0.9200583750870778,0.9200583750870778,0.9200583750870778,0.9100583750870778,0.9000583750870778,0.9000583750870778,0.8900583750870777,0.8800583750870777,0.8800583750870777,0.8800583750870777,0.8800583750870777,0.8850583750870777
618,0.935966400858972,0.945966400858972,0.955966400858972,0.955966400858972,0.955966400858972,0.955966400858972,0.975966400858972,0.975966400858972,0.975966400858972,0.975966400858972,0.970966400858972,0.950966400858972,0.950966400858972
619,0.892818156795369,0.892818156795369,0.872818156795369,0.872818156795369,0.882818156795369,0.892818156795369,0.912818156795369,0.882818156795369,0.872818156795369,0.862818156795369,0.862818156795369,0.862818156795369,0.862818156795369
620,0.9923146386633392,0.9923146386633392,1.0,1.0,1.0,1.0,1.0,0.98,0.97,0.98,0.98,0.98,0.98
621,0.9365820607477792,0.9565820607477792,0.9565820607477792,0.9565820607477792,0.9565820607477792,0.9565820607477792,0.9565820607477792,0.9465820607477792,0.9465820607477792,0.9465820607477792,0.9465820607477792,0.9365820607477792,0.9365820607477792
622,0.8999744057252211,0.9299744057252212,0.9299744057252212,0.9199744057252212,0.9099744057252211,0.9099744057252211,0.9099744057252211,0.8999744057252211,0.9199744057252212,0.9099744057252211,0.9199744057252212,0.9199744057252212,0.8949744057252211
623,0.915164361526002,0.915164361526002,0.905164361526002,0.875164361526002,0.880164361526002,0.880164361526002,0.900164361526002,0.900164361526002,0.900164361526002,0.910164361526002,0.910164361526002,0.920164361526002,0.920164361526002
624,0.7961808447722442,0.7961808447722442,0.8161808447722442,0.7961808447722442,0.8161808447722442,0.7961808447722442,0.7961808447722442,0.8061808447722442,0.7961808447722442,0.7961808447722442,0.7861808447722441,0.7761808447722441,0.7861808447722441
625,0.9291442990382117,0.9291442990382117,0.9291442990382117,0.9191442990382117,0.9091442990382117,0.9091442990382117,0.9191442990382117,0.9191442990382117,0.9191442990382117,0.9191442990382117,0.9191442990382117,0.9191442990382117,0.9191442990382117
626,0.952502472355286,0.942502472355286,0.9325024723552859,0.9325024723552859,0.9325024723552859,0.9325024723552859,0.9225024723552859,0.9225024723552859,0.9225024723552859,0.9125024723552859,0.9225024723552859,0.9375024723552859,0.9275024723552859
627,0.8699014592336063,0.8599014592336063,0.8499014592336063,0.8599014592336063,0.8599014592336063,0.8599014592336063,0.8599014592336063,0.8699014592336063,0.8599014592336063,0.8599014592336063,0.8599014592336063,0.8699014592336063,0.8599014592336063
628,0.9023951176152819,0.9023951176152819,0.9023951176152819,0.8923951176152819,0.8823951176152819,0.8823951176152819,0.8723951176152819,0.8723951176152819,0.8823951176152819,0.8923951176152819,0.9023951176152819,0.9023951176152819,0.8823951176152819
629,0.9301665635880468,0.9301665635880468,0.9301665635880468,0.9301665635880468,0.9301665635880468,0.9401665635880468,0.9401665635880468,0.9401665635880468,0.9301665635880468,0.9301665635880468,0.9301665635880468,0.9401665635880468,0.9401665635880468
630,0.8543304124411906,0.8343304124411905,0.8243304124411905,0.8243304124411905,0.8143304124411905,0.8243304124411905,0.8393304124411906,0.8393304124411906,0.8393304124411906,0.8493304124411906,0.8093304124411905,0.8093304124411905,0.8093304124411905
631,0.9122424771063699,0.9222424771063699,0.9022424771063698,0.9022424771063698,0.9022424771063698,0.9022424771063698,0.9022424771063698,0.8922424771063698,0.8922424771063698,0.9022424771063698,0.9122424771063699,0.8922424771063698,0.9022424771063698
632,0.8937465176561606,0.8737465176561606,0.8737465176561606,0.9037465176561607,0.9037465176561607,0.8937465176561606,0.9037465176561607,0.9037465176561607,0.9037465176561607,0.9037465176561607,0.8937465176561606,0.9137465176561607,0.9337465176561607
633,0.9118649289365485,0.9218649289365485,0.9218649289365485,0.9318649289365485,0.9068649289365485,0.9068649289365485,0.8968649289365485,0.8968649289365485,0.8968649289365485,0.8968649289365485,0.8968649289365485,0.8968649289365485,0.9068649289365485
634,0.9393524236704156,0.9393524236704156,0.9493524236704156,0.9793524236704156,0.9743524236704156,0.9643524236704156,0.9643524236704156,0.9643524236704156,0.9743524236704156,0.9643524236704156,0.9643524236704156,0.9543524236704156,0.9543524236704156
635,0.794553629475155,0.784553629475155,0.794553629475155,0.794553629475155,0.784553629475155,0.804553629475155,0.784553629475155,0.794553629475155,0.784553629475155,0.784553629475155,0.7645536294751549,0.7745536294751549,0.784553629475155
636,0.9130341229164188,0.9330341229164189,0.9330341229164189,0.9430341229164189,0.9530341229164189,0.9480341229164189,0.9380341229164189,0.9380341229164189,0.9480341229164189,0.9380341229164189,0.9380341229164189,0.9280341229164188,0.9180341229164188
637,0.903256056968095,0.903256056968095,0.923256056968095,0.933256056968095,0.918256056968095,0.918256056968095,0.918256056968095,0.918256056968095,0.918256056968095,0.918256056968095,0.918256056968095,0.918256056968095,0.948256056968095
638,0.92686427078695,0.91686427078695,0.92686427078695,0.91686427078695,0.91686427078695,0.93686427078695,0.93686427078695,0.94686427078695,0.94686427078695,0.95686427078695,0.96686427078695,0.95686427078695,0.95686427078695
639,0.8547374663059576,0.8547374663059576,0.8647374663059576,0.8647374663059576,0.8447374663059576,0.8447374663059576,0.8447374663059576,0.8447374663059576,0.8547374663059576,0.8647374663059576,0.8747374663059576,0.8747374663059576,0.8747374663059576
640,1.0,0.99,0.99,0.96,0.96,0.965,0.975,0.975,1.0,1.0,1.0,0.99,0.99
641,0.938227830217351,0.948227830217351,0.948227830217351,0.948227830217351,0.968227830217351,0.958227830217351,0.958227830217351,0.948227830217351,0.948227830217351,0.958227830217351,0.958227830217351,0.968227830217351,0.953227830217351
642,0.8322957074339329,0.8222957074339329,0.8322957074339329,0.8322957074339329,0.8222957074339329,0.8322957074339329,0.8322957074339329,0.8322957074339329,0.8422957074339329,0.8422957074339329,0.8422957074339329,0.8422957074339329,0.8422957074339329
643,0.7517858017741411,0.7617858017741411,0.7617858017741411,0.7617858017741411,0.7417858017741411,0.7517858017741411,0.7417858017741411,0.7217858017741411,0.7217858017741411,0.7317858017741411,0.7317858017741411,0.7317858017741411,0.7217858017741411
644,0.9939302794793013,0.9939302794793013,0.9739302794793013,0.9839302794793013,0.9839302794793013,0.9839302794793013,0.9939302794793013,0.9739302794793013,1.0,1.0,0.99,0.99,0.99
645,0.9405202422426443,0.9605202422426443,0.9705202422426443,0.9555202422426443,0.9355202422426443,0.9355202422426443,0.9455202422426443,0.9355202422426443,0.9355202422426443,0.9255202422426443,0.9155202422426443,0.9055202422426443,0.9055202422426443
646,1.0,1.0,0.99,0.98,0.99,0.99,0.99,0.99,1.0,1.0,1.0,1.0,1.0
647,0.9041438464310467,0.9241438464310467,0.9341438464310468,0.9441438464310468,0.9441438464310468,0.9391438464310468,0.9391438464310468,0.9291438464310467,0.9291438464310467,0.9291438464310467,0.9391438464310468,0.9291438464310467,0.9191438464310467
648,0.9042798770121337,0.9042798770121337,0.9142798770121338,0.9042798770121337,0.8942798770121337,0.8942798770121337,0.9042798770121337,0.8942798770121337,0.8942798770121337,0.9042798770121337,0.9042798770121337,0.9042798770121337,0.9342798770121338
649,0.9160710353034168,0.9160710353034168,0.9060710353034168,0.9160710353034168,0.9260710353034168,0.9160710353034168,0.9160710353034168,0.9060710353034168,0.9260710353034168,0.9160710353034168,0.9360710353034168,0.9360710353034168,0.9260710353034168
650,0.9126404860589274,0.9126404860589274,0.8926404860589274,0.9226404860589275,0.9226404860589275,0.9026404860589274,0.9126404860589274,0.9026404860589274,0.9126404860589274,0.8926404860589274,0.9026404860589274,0.9026404860589274,0.8926404860589274
651,0.872880056962608,0.882880056962608,0.882880056962608,0.892880056962608,0.892880056962608,0.892880056962608,0.892880056962608,0.872880056962608,0.872880056962608,0.872880056962608,0.8628800569626079,0.8428800569626079,0.8428800569626079
652,0.9348097558332041,0.9648097558332042,0.9548097558332042,0.9548097558332042,0.9548097558332042,0.9548097558332042,0.9648097558332042,0.9548097558332042,0.9548097558332042,0.9448097558332041,0.9548097558332042,0.9548097558332042,0.9648097558332042
653,0.9262094954689243,0.9362094954689243,0.9562094954689243,0.9562094954689243,0.9662094954689243,0.9662094954689243,0.9612094954689243,0.9312094954689243,0.9112094954689243,0.9212094954689243,0.9312094954689243,0.9412094954689243,0.9412094954689243
654,0.9107778158579631,0.9107778158579631,0.9207778158579631,0.9207778158579631,0.9207778158579631,0.9107778158579631,0.9207778158579631,0.9107778158579631,0.9107778158579631,0.9307778158579632,0.9507778158579632,0.9457778158579632,0.9357778158579632
655,0.8050135919251347,0.8050135919251347,0.7850135919251346,0.8050135919251347,0.8050135919251347,0.8050135919251347,0.8150135919251347,0.8250135919251347,0.8450135919251347,0.8450135919251347,0.8350135919251347,0.8350135919251347,0.8450135919251347
656,0.878510486402674,0.878510486402674,0.878510486402674,0.848510486402674,0.858510486402674,0.868510486402674,0.848510486402674,0.858510486402674,0.878510486402674,0.858510486402674,0.868510486402674,0.878510486402674,0.878510486402674
657,0.9852101813582466,0.9752101813582466,0.9652101813582465,0.9752101813582466,0.9752101813582466,1.0,1.0,1.0,1.0,1.0,0.99,0.99,0.98
658,0.8999287720402012,0.8999287720402012,0.8999287720402012,0.8999287720402012,0.8899287720402012,0.8899287720402012,0.8899287720402012,0.8899287720402012,0.8899287720402012,0.8899287720402012,0.8899287720402012,0.8899287720402012,0.9099287720402012
659,0.9145852654522919,0.8845852654522919,0.8845852654522919,0.8745852654522919,0.8745852654522919,0.8745852654522919,0.8845852654522919,0.8745852654522919,0.8845852654522919,0.8845852654522919,0.8845852654522919,0.8745852654522919,0.8845852654522919
660,0.9237875749806789,0.9337875749806789,0.9137875749806789,0.9137875749806789,0.9037875749806789,0.9137875749806789,0.9137875749806789,0.9137875749806789,0.9137875749806789,0.9037875749806789,0.9037875749806789,0.9137875749806789,0.9437875749806789
661,0.9419544923635221,0.9319544923635221,0.9219544923635221,0.9219544923635221,0.9219544923635221,0.9319544923635221,0.9319544923635221,0.9219544923635221,0.9219544923635221,0.9319544923635221,0.9219544923635221,0.9219544923635221,0.9219544923635221
662,0.8871294650561689,0.8771294650561688,0.8771294650561688,0.8771294650561688,0.8971294650561689,0.9171294650561689,0.9171294650561689,0.9271294650561689,0.9221294650561689,0.9221294650561689,0.9221294650561689,0.9121294650561689,0.9021294650561689
663,0.9087915439978264,0.9087915439978264,0.9087915439978264,0.9087915439978264,0.9287915439978264,0.9387915439978264,0.9387915439978264,0.9187915439978264,0.9187915439978264,0.9287915439978264,0.9187915439978264,0.9187915439978264,0.9087915439978264
664,0.9196348974251797,0.9396348974251797,0.9296348974251797,0.9296348974251797,0.9296348974251797,0.9296348974251797,0.9396348974251797,0.9396348974251797,0.9596348974251797,0.9396348974251797,0.9396348974251797,0.9196348974251797,0.9296348974251797
665,0.9260655450846829,0.9260655450846829,0.9360655450846829,0.9260655450846829,0.9260655450846829,0.9260655450846829,0.9060655450846828,0.9160655450846829,0.9460655450846829,0.9460655450846829,0.9460655450846829,0.9560655450846829,0.9560655450846829
666,0.9328637400111316,0.9328637400111316,0.9528637400111316,0.9628637400111316,0.9528637400111316,0.9528637400111316,0.9428637400111316,0.9428637400111316,0.9428637400111316,0.9528637400111316,0.9528637400111316,0.9328637400111316,0.9428637400111316
667,0.8312412814727688,0.8412412814727688,0.8412412814727688,0.8412412814727688,0.8412412814727688,0.8312412814727688,0.8312412814727688,0.8512412814727688,0.8512412814727688,0.8512412814727688,0.8512412814727688,0.8412412814727688,0.8412412814727688
668,0.8362209275997187,0.8262209275997187,0.8362209275997187,0.8362209275997187,0.8362209275997187,0.8362209275997187,0.8362209275997187,0.8262209275997187,0.8462209275997187,0.8662209275997187,0.8662209275997187,0.8462209275997187,0.8462209275997187
669,0.9253479832754221,0.9353479832754221,0.9353479832754221,0.9353479832754221,0.9253479832754221,0.9253479832754221,0.9353479832754221,0.9353479832754221,0.9353479832754221,0.9353479832754221,0.9353479832754221,0.9153479832754221,0.9153479832754221
670,0.9864095882859505,0.9864095882859505,0.9864095882859505,0.9664095882859505,0.9764095882859505,0.9764095882859505,0.9864095882859505,1.0,1.0,1.0,1.0,1.0,1.0
671,0.7844306660891912,0.8044306660891912,0.8044306660891912,0.7944306660891912,0.7944306660891912,0.7844306660891912,0.7944306660891912,0.8144306660891912,0.8144306660891912,0.8144306660891912,0.8244306660891912,0.8194306660891912,0.8094306660891912
672,0.9336303007145949,0.9336303007145949,0.9436303007145949,0.9336303007145949,0.9036303007145948,0.9436303007145949,0.9436303007145949,0.9536303007145949,0.9536303007145949,0.9536303007145949,0.9636303007145949,0.9636303007145949,0.9736303007145949
673,0.8732174839283805,0.8832174839283805,0.8832174839283805,0.8832174839283805,0.8732174839283805,0.8732174839283805,0.8932174839283805,0.9032174839283805,0.9032174839283805,0.9032174839283805,0.9032174839283805,0.9032174839283805,0.9032174839283805
674,0.9546805088931056,0.9646805088931056,0.9646805088931056,0.9446805088931056,0.9446805088931056,0.9446805088931056,0.9246805088931056,0.9396805088931056,0.9596805088931056,0.9496805088931056,0.9496805088931056,0.9496805088931056,0.9496805088931056
675,0.8760443028542333,0.8560443028542333,0.8460443028542333,0.8460443028542333,0.8560443028542333,0.8460443028542333,0.8560443028542333,0.8560443028542333,0.8460443028542333,0.8610443028542333,0.8610443028542333,0.8510443028542333,0.8510443028542333
676,0.8764800761250985,0.8764800761250985,0.8664800761250985,0.8664800761250985,0.8864800761250985,0.8564800761250985,0.8664800761250985,0.8664800761250985,0.8564800761250985,0.8464800761250985,0.8464800761250985,0.8464800761250985,0.8564800761250985
677,0.8679504562095823,0.8579504562095823,0.8479504562095823,0.8679504562095823,0.8979504562095824,0.9079504562095824,0.9079504562095824,0.8979504562095824,0.8979504562095824,0.8829504562095823,0.8529504562095823,0.8429504562095823,0.8429504562095823
678,0.9367199328233636,0.9367199328233636,0.9467199328233636,0.9467199328233636,0.9567199328233637,0.9467199328233636,0.9367199328233636,0.9667199328233637,0.9667199328233637,0.9567199328233637,0.9467199328233636,0.9467199328233636,0.9467199328233636
679,0.9698237229255027,0.9598237229255027,0.9398237229255026,0.9498237229255027,0.9498237229255027,0.9498237229255027,0.9598237229255027,0.9598237229255027,0.9698237229255027,0.9698237229255027,0.9798237229255027,0.9998237229255027,0.9898237229255027
680,0.8860758060110144,0.9160758060110145,0.9160758060110145,0.8960758060110144,0.9060758060110145,0.9060758060110145,0.8960758060110144,0.8960758060110144,0.9160758060110145,0.9260758060110145,0.9260758060110145,0.9260758060110145,0.9260758060110145
681,0.858927477707188,0.858927477707188,0.838927477707188,0.848927477707188,0.848927477707188,0.858927477707188,0.858927477707188,0.858927477707188,0.858927477707188,0.868927477707188,0.858927477707188,0.848927477707188,0.838927477707188
682,0.9550292916861052,0.9250292916861051,0.9250292916861051,0.9250292916861051,0.9250292916861051,0.9250292916861051,0.9550292916861052,0.9650292916861052,0.9750292916861052,0.9500292916861052,0.9600292916861052,0.9400292916861052,0.9300292916861052
683,0.889390691457867,0.889390691457867,0.889390691457867,0.899390691457867,0.899390691457867,0.909390691457867,0.899390691457867,0.879390691457867,0.889390691457867,0.899390691457867,0.899390691457867,0.889390691457867,0.879390691457867
684,0.8987973717628472,0.9087973717628473,0.9087973717628473,0.9187973717628473,0.9287973717628473,0.9137973717628473,0.8937973717628472,0.9137973717628473,0.9137973717628473,0.9037973717628472,0.8937973717628472,0.9137973717628473,0.9037973717628472
685,0.9510581118118946,0.9410581118118946,0.9410581118118946,0.9410581118118946,0.9510581118118946,0.9410581118118946,0.9410581118118946,0.9410581118118946,0.9510581118118946,0.9410581118118946,0.9110581118118946,0.9160581118118946,0.9160581118118946
686,0.9084659488044349,0.9084659488044349,0.9184659488044349,0.9284659488044349,0.9184659488044349,0.8884659488044349,0.8784659488044348,0.8784659488044348,0.8784659488044348,0.8934659488044349,0.9034659488044349,0.9034659488044349,0.8834659488044349
687,0.9163544534377968,0.9163544534377968,0.9063544534377967,0.8963544534377967,0.8963544534377967,0.9163544534377968,0.9163544534377968,0.8963544534377967,0.8863544534377967,0.8963544534377967,0.9063544534377967,0.9263544534377968,0.9363544534377968
688,0.908721687550896,0.918721687550896,0.938721687550896,0.928721687550896,0.928721687550896,0.928721687550896,0.903721687550896,0.913721687550896,0.923721687550896,0.923721687550896,0.923721687550896,0.923721687550896,0.913721687550896
689,0.9354575836588275,0.9254575836588275,0.9254575836588275,0.9354575836588275,0.9354575836588275,0.9354575836588275,0.9254575836588275,0.9254575836588275,0.9354575836588275,0.9354575836588275,0.9554575836588275,0.9454575836588275,0.9354575836588275
690,0.909616325563285,0.899616325563285,0.899616325563285,0.919616325563285,0.919616325563285,0.919616325563285,0.939616325563285,0.949616325563285,0.939616325563285,0.929616325563285,0.939616325563285,0.939616325563285,0.929616325563285
691,0.9401199497599642,0.9401199497599642,0.9701199497599642,0.9801199497599642,0.9801199497599642,0.9801199497599642,0.9801199497599642,0.9801199497599642,0.9751199497599642,0.9751199497599642,0.9551199497599642,0.9351199497599642,0.9451199497599642
692,1.0,1.0,1.0,1.0,1.0,0.99,0.96,0.96,0.96,0.97,0.97,0.985,0.985
693,0.9176114111304956,0.9276114111304956,0.9276114111304956,0.9376114111304956,0.9376114111304956,0.9176114111304956,0.9276114111304956,0.9276114111304956,0.9076114111304956,0.9076114111304956,0.8776114111304956,0.8776114111304956,0.8826114111304956
694,0.9495929160318755,0.9595929160318755,0.9595929160318755,0.9695929160318755,0.9195929160318754,0.9095929160318754,0.9095929160318754,0.9095929160318754,0.9195929160318754,0.9195929160318754,0.9295929160318754,0.9295929160318754,0.9395929160318754
695,0.9424278006153782,0.9424278006153782,0.9624278006153782,0.9624278006153782,0.9624278006153782,0.9624278006153782,0.9624278006153782,0.9524278006153782,0.9424278006153782,0.9424278006153782,0.9424278006153782,0.9424278006153782,0.9224278006153782
696,0.9344713150463609,0.9144713150463609,0.944471315046361,0.944471315046361,0.9344713150463609,0.9344713150463609,0.9344713150463609,0.9244713150463609,0.9244713150463609,0.9344713150463609,0.9344713150463609,0.9244713150463609,0.9244713150463609
697,0.902953273463057,0.912953273463057,0.922953273463057,0.922953273463057,0.922953273463057,0.922953273463057,0.922953273463057,0.932953273463057,0.942953273463057,0.937953273463057,0.927953273463057,0.927953273463057,0.897953273463057
698,1.0,1.0,0.99,0.99,0.99,0.99,0.99,1.0,0.99,1.0,1.0,1.0,1.0
699,0.891028364617169,0.881028364617169,0.881028364617169,0.881028364617169,0.881028364617169,0.861028364617169,0.861028364617169,0.876028364617169,0.856028364617169,0.856028364617169,0.866028364617169,0.866028364617169,0.866028364617169
700,0.9246422140456768,0.9046422140456768,0.9046422140456768,0.8846422140456768,0.8846422140456768,0.8846422140456768,0.9046422140456768,0.9046422140456768,0.8946422140456768,0.9046422140456768,0.9046422140456768,0.9046422140456768,0.9046422140456768
701,0.8442962202595025,0.8442962202595025,0.8442962202595025,0.8342962202595025,0.8342962202595025,0.8442962202595025,0.8442962202595025,0.8542962202595025,0.8542962202595025,0.8442962202595025,0.8442962202595025,0.8442962202595025,0.8442962202595025
702,0.9090438372568093,0.9090438372568093,0.9290438372568093,0.9290438372568093,0.9290438372568093,0.9390438372568093,0.9490438372568093,0.9290438372568093,0.9040438372568093,0.9040438372568093,0.9040438372568093,0.8940438372568092,0.8940438372568092
703,0.8836665360738212,0.8836665360738212,0.8836665360738212,0.9036665360738212,0.9036665360738212,0.9036665360738212,0.9136665360738212,0.8986665360738212,0.9086665360738212,0.9286665360738212,0.9286665360738212,0.9286665360738212,0.9186665360738212
704,0.855531911986396,0.855531911986396,0.855531911986396,0.865531911986396,0.855531911986396,0.835531911986396,0.825531911986396,0.825531911986396,0.840531911986396,0.840531911986396,0.860531911986396,0.860531911986396,0.860531911986396
705,0.9206184029967887,0.9206184029967887,0.9206184029967887,0.9206184029967887,0.9106184029967886,0.9106184029967886,0.9306184029967887,0.9506184029967887,0.9506184029967887,0.9306184029967887,0.9306184029967887,0.9206184029967887,0.9206184029967887
706,0.8162686494754916,0.7962686494754916,0.8262686494754916,0.8162686494754916,0.8062686494754916,0.8162686494754916,0.8062686494754916,0.8062686494754916,0.8062686494754916,0.8162686494754916,0.8162686494754916,0.8162686494754916,0.8162686494754916
707,0.9917925485201234,0.9917925485201234,0.9717925485201234,0.9817925485201234,0.9817925485201234,0.9917925485201234,0.9917925485201234,0.9917925485201234,1.0,1.0,1.0,1.0,1.0
708,0.7825599023311055,0.7825599023311055,0.7925599023311055,0.8125599023311055,0.8025599023311055,0.7925599023311055,0.8025599023311055,0.7725599023311055,0.7525599023311055,0.7525599023311055,0.7625599023311055,0.7725599023311055,0.7825599023311055
709,0.9193442372309699,0.9193442372309699,0.9193442372309699,0.9293442372309699,0.9093442372309699,0.9093442372309699,0.8793442372309699,0.8793442372309699,0.8893442372309699,0.8893442372309699,0.8993442372309699,0.8893442372309699,0.8793442372309699
710,0.9689115794297467,0.9889115794297467,0.9789115794297467,0.9989115794297467,0.9989115794297467,0.9889115794297467,0.9989115794297467,0.9889115794297467,0.9889115794297467,0.9889115794297467,0.9789115794297467,0.9589115794297467,0.9489115794297467
711,0.8656446743603858,0.8656446743603858,0.8556446743603858,0.8656446743603858,0.8556446743603858,0.8656446743603858,0.8656446743603858,0.8556446743603858,0.8556446743603858,0.8556446743603858,0.8556446743603858,0.8856446743603859,0.8856446743603859
712,0.910403465621329,0.910403465621329,0.880403465621329,0.880403465621329,0.895403465621329,0.885403465621329,0.885403465621329,0.885403465621329,0.865403465621329,0.875403465621329,0.875403465621329,0.875403465621329,0.875403465621329
713,0.8711494703706192,0.8611494703706192,0.8711494703706192,0.8711494703706192,0.8711494703706192,0.8511494703706192,0.8411494703706192,0.8411494703706192,0.8411494703706192,0.8411494703706192,0.8511494703706192,0.8511494703706192,0.8711494703706192
714,0.9272792983294401,0.9272792983294401,0.9272792983294401,0.9172792983294401,0.8872792983294401,0.8922792983294401,0.9022792983294401,0.9122792983294401,0.9122792983294401,0.9022792983294401,0.9222792983294401,0.9122792983294401,0.9122792983294401
715,1.0,1.0,1.0,1.0,0.99,0.99,0.99,0.98,0.96,0.97,0.99,0.99,1.0
716,0.9254453094140774,0.9254453094140774,0.9254453094140774,0.9354453094140774,0.9454453094140775,0.9454453094140775,0.9454453094140775,0.9454453094140775,0.9354453094140774,0.9254453094140774,0.9454453094140775,0.9554453094140775,0.9554453094140775
717,0.870782947489373,0.870782947489373,0.890782947489373,0.890782947489373,0.860782947489373,0.850782947489373,0.860782947489373,0.840782947489373,0.840782947489373,0.830782947489373,0.830782947489373,0.830782947489373,0.830782947489373
718,0.8985366667817535,0.8985366667817535,0.8885366667817535,0.8885366667817535,0.8985366667817535,0.9085366667817535,0.9185366667817535,0.9085366667817535,0.9085366667817535,0.8985366667817535,0.8985366667817535,0.8985366667817535,0.8985366667817535
719,0.9864093816631837,0.9764093816631837,0.9664093816631837,0.9564093816631837,0.9564093816631837,0.9464093816631837,0.9514093816631837,0.9514093816631837,0.9514093816631837,0.9514093816631837,0.9614093816631837,0.9714093816631837,0.9714093816631837
720,0.8558991112998997,0.8458991112998997,0.8358991112998997,0.8358991112998997,0.8258991112998997,0.8258991112998997,0.8408991112998997,0.8408991112998997,0.8208991112998997,0.8308991112998997,0.8508991112998997,0.8808991112998997,0.8908991112998997
721,0.8479363022699133,0.8479363022699133,0.8479363022699133,0.8379363022699133,0.8379363022699133,0.8279363022699133,0.8579363022699134,0.8579363022699134,0.8679363022699134,0.8679363022699134,0.8579363022699134,0.8579363022699134,0.8179363022699133
722,0.933890529802761,0.913890529802761,0.943890529802761,0.943890529802761,0.933890529802761,0.943890529802761,0.953890529802761,0.943890529802761,0.973890529802761,0.968890529802761,0.948890529802761,0.968890529802761,0.978890529802761
723,0.9475375080825357,0.9575375080825357,0.9675375080825357,0.9675375080825357,0.9575375080825357,0.9475375080825357,0.9775375080825357,0.9775375080825357,0.9625375080825357,0.9525375080825357,0.9525375080825357,0.9525375080825357,0.9725375080825357
724,0.9999204121787661,1.0,0.98,0.97,0.96,0.96,0.94,0.94,0.94,0.95,0.95,0.95,0.94
725,0.927493299990388,0.937493299990388,0.937493299990388,0.937493299990388,0.937493299990388,0.937493299990388,0.957493299990388,0.967493299990388,0.967493299990388,0.947493299990388,0.957493299990388,0.947493299990388,0.937493299990388
726,0.8568262891781027,0.8368262891781026,0.8468262891781027,0.8568262891781027,0.8568262891781027,0.8668262891781027,0.8668262891781027,0.8468262891781027,0.8568262891781027,0.8668262891781027,0.8668262891781027,0.8568262891781027,0.8768262891781027
727,0.8925488940082938,0.9025488940082939,0.9125488940082939,0.9125488940082939,0.9125488940082939,0.9125488940082939,0.9225488940082939,0.9125488940082939,0.9125488940082939,0.9125488940082939,0.9025488940082939,0.8925488940082938,0.8925488940082938
728,0.9371127801143717,0.9371127801143717,0.9471127801143717,0.9271127801143717,0.9271127801143717,0.9271127801143717,0.9271127801143717,0.9071127801143717,0.9171127801143717,0.9271127801143717,0.9271127801143717,0.9271127801143717,0.9471127801143717
729,0.9325320964996987,0.9325320964996987,0.9225320964996987,0.9125320964996987,0.9125320964996987,0.9125320964996987,0.9125320964996987,0.9125320964996987,0.9225320964996987,0.9525320964996987,0.9525320964996987,0.9525320964996987,0.9525320964996987
730,0.7970846243658056,0.7870846243658056,0.7870846243658056,0.7870846243658056,0.7670846243658056,0.7770846243658056,0.7670846243658056,0.7870846243658056,0.7970846243658056,0.7770846243658056,0.7670846243658056,0.7570846243658056,0.7620846243658056
731,0.9202322197476969,0.9202322197476969,0.9002322197476968,0.9002322197476968,0.9202322197476969,0.9202322197476969,0.9202322197476969,0.9302322197476969,0.9302322197476969,0.9102322197476969,0.9202322197476969,0.9202322197476969,0.9502322197476969
732,0.9033172324567297,0.9133172324567297,0.9133172324567297,0.9233172324567297,0.9133172324567297,0.9133172324567297,0.9233172324567297,0.9333172324567297,0.9333172324567297,0.9233172324567297,0.9233172324567297,0.9233172324567297,0.9133172324567297
733,0.8340974478042622,0.8340974478042622,0.8240974478042622,0.8440974478042622,0.8340974478042622,0.8240974478042622,0.8240974478042622,0.8340974478042622,0.8440974478042622,0.8440974478042622,0.8540974478042622,0.8440974478042622,0.8440974478042622
734,0.921684809003111,0.921684809003111,0.931684809003111,0.931684809003111,0.941684809003111,0.941684809003111,0.941684809003111,0.921684809003111,0.931684809003111,0.931684809003111,0.931684809003111,0.931684809003111,0.911684809003111
735,0.9058115172229709,0.8958115172229709,0.8958115172229709,0.8958115172229709,0.8958115172229709,0.8958115172229709,0.8958115172229709,0.9058115172229709,0.9058115172229709,0.8758115172229709,0.8658115172229709,0.8658115172229709,0.8758115172229709
736,0.909997485060531,0.909997485060531,0.929997485060531,0.904997485060531,0.914997485060531,0.924997485060531,0.914997485060531,0.914997485060531,0.914997485060531,0.904997485060531,0.904997485060531,0.914997485060531,0.884997485060531
737,0.9824433704124668,0.9824433704124668,0.9824433704124668,0.9924433704124668,0.9924433704124668,0.9924433704124668,0.9824433704124668,0.9824433704124668,1.0,1.0,1.0,1.0,0.995
738,0.8705945821977629,0.8905945821977629,0.9005945821977629,0.8805945821977629,0.8605945821977629,0.8605945821977629,0.8605945821977629,0.8505945821977628,0.8605945821977629,0.8605945821977629,0.8605945821977629,0.8405945821977628,0.8605945821977629
739,0.8987481018459971,0.8887481018459971,0.8887481018459971,0.8887481018459971,0.878748101845997,0.8887481018459971,0.8887481018459971,0.8987481018459971,0.878748101845997,0.858748101845997,0.868748101845997,0.868748101845997,0.878748101845997
740,0.9051763882947258,0.9051763882947258,0.9051763882947258,0.9151763882947258,0.9151763882947258,0.9151763882947258,0.9051763882947258,0.9251763882947258,0.9001763882947258,0.9001763882947258,0.9101763882947258,0.9001763882947258,0.8701763882947258
741,0.9108943531101926,0.9108943531101926,0.8808943531101926,0.8708943531101926,0.8758943531101926,0.8758943531101926,0.8758943531101926,0.8858943531101926,0.8858943531101926,0.8858943531101926,0.8858943531101926,0.9058943531101926,0.8858943531101926
742,0.8593579844044411,0.8693579844044411,0.8493579844044411,0.8393579844044411,0.8293579844044411,0.8193579844044411,0.8493579844044411,0.8493579844044411,0.8793579844044411,0.8693579844044411,0.8693579844044411,0.8593579844044411,0.8493579844044411
743,0.809593517529364,0.819593517529364,0.829593517529364,0.8395935175293641,0.8395935175293641,0.8495935175293641,0.8495935175293641,0.8395935175293641,0.8395935175293641,0.829593517529364,0.804593517529364,0.814593517529364,0.794593517529364
744,0.8125740442319896,0.8025740442319896,0.8025740442319896,0.8325740442319897,0.8325740442319897,0.8325740442319897,0.8425740442319897,0.8425740442319897,0.8425740442319897,0.8425740442319897,0.8425740442319897,0.8225740442319897,0.8325740442319897
745,0.9611837112479175,0.9611837112479175,0.9711837112479175,0.9711837112479175,0.9511837112479175,0.9511837112479175,0.9411837112479174,0.9211837112479174,0.9211837112479174,0.9211837112479174,0.9411837112479174,0.9211837112479174,0.9211837112479174
746,0.8454150534210183,0.8454150534210183,0.8754150534210183,0.8604150534210183,0.8604150534210183,0.8604150534210183,0.8504150534210183,0.8504150534210183,0.8404150534210183,0.8204150534210183,0.8204150534210183,0.8104150534210183,0.8204150534210183
747,0.944695819717309,0.944695819717309,0.934695819717309,0.934695819717309,0.934695819717309,0.934695819717309,0.934695819717309,0.934695819717309,0.934695819717309,0.914695819717309,0.924695819717309,0.924695819717309,0.914695819717309
748,0.9378278949596683,0.9478278949596683,0.9578278949596684,0.9578278949596684,0.9378278949596683,0.9478278949596683,0.9278278949596683,0.9278278949596683,0.9278278949596683,0.9278278949596683,0.9478278949596683,0.9478278949596683,0.9478278949596683
749,0.9599659878192883,0.9599659878192883,0.9599659878192883,0.9599659878192883,0.9499659878192883,0.9499659878192883,0.9499659878192883,0.9499659878192883,0.9499659878192883,0.9499659878192883,0.9899659878192884,0.9799659878192883,0.9999659878192884
750,0.9891285059910001,0.9791285059910001,0.9691285059910001,0.9691285059910001,0.9691285059910001,0.9691285059910001,0.9591285059910001,0.9691285059910001,0.9691285059910001,0.9691285059910001,0.9691285059910001,0.9691285059910001,0.9691285059910001
751,0.8975020976488358,0.8975020976488358,0.9175020976488358,0.9175020976488358,0.9175020976488358,0.9175020976488358,0.9075020976488358,0.9075020976488358,0.9075020976488358,0.9075020976488358,0.9075020976488358,0.8975020976488358,0.8975020976488358
752,1.0,0.99,0.98,0.97,0.985,0.975,0.985,0.985,0.995,1.0,1.0,1.0,1.0
753,0.9076636564312479,0.8676636564312479,0.8876636564312479,0.8776636564312479,0.8876636564312479,0.8876636564312479,0.8876636564312479,0.8876636564312479,0.8976636564312479,0.8976636564312479,0.8776636564312479,0.8776636564312479,0.8926636564312479
754,0.8696516325248093,0.8596516325248093,0.8596516325248093,0.8596516325248093,0.8696516325248093,0.8796516325248093,0.8796516325248093,0.8896516325248093,0.8996516325248093,0.9096516325248093,0.9096516325248093,0.9096516325248093,0.9046516325248093
755,0.896023065645582,0.896023065645582,0.916023065645582,0.926023065645582,0.926023065645582,0.926023065645582,0.911023065645582,0.911023065645582,0.941023065645582,0.941023065645582,0.941023065645582,0.941023065645582,0.941023065645582
756,0.964565992396623,0.954565992396623,0.954565992396623,0.964565992396623,0.964565992396623,0.964565992396623,0.964565992396623,0.974565992396623,0.984565992396623,0.984565992396623,0.994565992396623,0.994565992396623,0.994565992396623
757,0.9004150322409102,0.9004150322409102,0.9204150322409103,0.9204150322409103,0.9104150322409102,0.9104150322409102,0.9104150322409102,0.9004150322409102,0.9204150322409103,0.9304150322409103,0.9304150322409103,0.9304150322409103,0.9304150322409103
758,0.8815727297986068,0.8615727297986068,0.8515727297986068,0.8665727297986068,0.8565727297986068,0.8465727297986068,0.8465727297986068,0.8565727297986068,0.8565727297986068,0.8565727297986068,0.8465727297986068,0.8565727297986068,0.8765727297986068
759,0.7962059848715531,0.7962059848715531,0.7962059848715531,0.7962059848715531,0.7962059848715531,0.7662059848715531,0.7662059848715531,0.7762059848715531,0.7762059848715531,0.7662059848715531,0.7812059848715531,0.7912059848715531,0.8112059848715532
760,0.9108565368497443,0.9008565368497443,0.8908565368497443,0.9008565368497443,0.8808565368497443,0.8908565368497443,0.9008565368497443,0.9108565368497443,0.9308565368497443,0.9208565368497443,0.9108565368497443,0.9108565368497443,0.9008565368497443
761,0.8153207023618527,0.8253207023618527,0.8153207023618527,0.8253207023618527,0.8253207023618527,0.8253207023618527,0.8353207023618527,0.8453207023618527,0.8453207023618527,0.8053207023618527,0.8403207023618527,0.8203207023618527,0.8003207023618527
762,0.9011660362590012,0.9011660362590012,0.9011660362590012,0.9211660362590012,0.9111660362590012,0.9211660362590012,0.9211660362590012,0.9211660362590012,0.9211660362590012,0.9311660362590012,0.9311660362590012,0.9211660362590012,0.9211660362590012
763,1.0,1.0,1.0,0.99,0.99,0.99,0.99,0.99,0.98,0.97,0.985,0.985,0.985
764,0.94150393865323,0.94150393865323,0.94150393865323,0.92150393865323,0.92150393865323,0.92150393865323,0.93150393865323,0.94150393865323,0.94150393865323,0.94150393865323,0.93150393865323,0.94150393865323,0.95150393865323
765,1.0,0.99,0.98,0.98,0.97,0.96,0.96,0.97,0.97,1.0,1.0,0.99,0.97
766,0.8370163193594502,0.8370163193594502,0.8470163193594502,0.8670163193594502,0.8670163193594502,0.8570163193594502,0.8570163193594502,0.8370163193594502,0.8470163193594502,0.8470163193594502,0.8470163193594502,0.8470163193594502,0.8470163193594502
767,0.9060661053806077,0.9160661053806077,0.9360661053806077,0.9210661053806077,0.9410661053806078,0.9410661053806078,0.9310661053806077,0.9310661053806077,0.9210661053806077,0.9310661053806077,0.9210661053806077,0.9310661053806077,0.9210661053806077
768,0.8823308224692608,0.9123308224692608,0.8923308224692608,0.8923308224692608,0.9023308224692608,0.9123308224692608,0.8973308224692608,0.9073308224692608,0.9173308224692608,0.9173308224692608,0.9173308224692608,0.9073308224692608,0.9073308224692608
769,0.7894429536364509,0.7894429536364509,0.8094429536364509,0.8094429536364509,0.8294429536364509,0.8294429536364509,0.8294429536364509,0.8294429536364509,0.8244429536364509,0.8244429536364509,0.8044429536364509,0.8244429536364509,0.8144429536364509
770,0.960518151235511,0.960518151235511,0.950518151235511,0.950518151235511,0.940518151235511,0.940518151235511,0.940518151235511,0.930518151235511,0.960518151235511,0.970518151235511,0.950518151235511,0.940518151235511,0.940518151235511
771,0.9202977079850754,0.9102977079850754,0.9002977079850754,0.9002977079850754,0.8802977079850753,0.8802977079850753,0.8902977079850753,0.8902977079850753,0.9002977079850754,0.9102977079850754,0.9102977079850754,0.9102977079850754,0.9002977079850754
772,0.9207228898230148,0.9307228898230148,0.9107228898230147,0.9207228898230148,0.9107228898230147,0.9107228898230147,0.9007228898230147,0.9107228898230147,0.8807228898230147,0.8807228898230147,0.8907228898230147,0.8907228898230147,0.8807228898230147
773,0.8810947538179618,0.8710947538179618,0.8510947538179617,0.8510947538179617,0.8610947538179617,0.8710947538179618,0.8510947538179617,0.8510947538179617,0.8410947538179617,0.8410947538179617,0.8410947538179617,0.8510947538179617,0.8510947538179617
774,0.8622869860897007,0.8522869860897007,0.8522869860897007,0.8722869860897007,0.8722869860897007,0.8722869860897007,0.8522869860897007,0.8622869860897007,0.8522869860897007,0.8422869860897007,0.8522869860897007,0.8522869860897007,0.8522869860897007
775,0.8929010166437342,0.8929010166437342,0.8929010166437342,0.8929010166437342,0.8829010166437342,0.8729010166437342,0.8829010166437342,0.9029010166437342,0.9029010166437342,0.9029010166437342,0.9129010166437342,0.9229010166437343,0.9129010166437342
776,0.9482464247890994,0.9482464247890994,0.9382464247890994,0.9732464247890994,0.9732464247890994,0.9732464247890994,0.9432464247890994,0.9432464247890994,0.9432464247890994,0.9632464247890994,0.9732464247890994,0.9732464247890994,0.9732464247890994
777,0.8256343566494673,0.8256343566494673,0.8256343566494673,0.8456343566494673,0.8456343566494673,0.8556343566494673,0.8656343566494673,0.8656343566494673,0.8656343566494673,0.8356343566494673,0.8656343566494673,0.8606343566494673,0.8606343566494673
778,0.8308274166452516,0.8308274166452516,0.8308274166452516,0.8308274166452516,0.8308274166452516,0.8408274166452516,0.8308274166452516,0.8408274166452516,0.8308274166452516,0.8308274166452516,0.8408274166452516,0.8208274166452516,0.8208274166452516
779,0.9270161645227217,0.8970161645227217,0.8870161645227217,0.9070161645227217,0.9070161645227217,0.8970161645227217,0.8970161645227217,0.9070161645227217,0.9070161645227217,0.9070161645227217,0.9070161645227217,0.9070161645227217,0.8970161645227217
780,0.8794062717080857,0.8894062717080857,0.8894062717080857,0.8894062717080857,0.8794062717080857,0.8694062717080857,0.8694062717080857,0.8994062717080857,0.8894062717080857,0.8894062717080857,0.8994062717080857,0.8794062717080857,0.8794062717080857
781,0.9146274974093513,0.9146274974093513,0.9346274974093514,0.9246274974093514,0.9246274974093514,0.9146274974093513,0.9346274974093514,0.9346274974093514,0.9046274974093513,0.9046274974093513,0.9146274974093513,0.9146274974093513,0.9046274974093513
782,0.832186437462007,0.832186437462007,0.822186437462007,0.822186437462007,0.812186437462007,0.812186437462007,0.812186437462007,0.812186437462007,0.812186437462007,0.802186437462007,0.802186437462007,0.812186437462007,0.812186437462007
783,0.8861935710368594,0.8861935710368594,0.8861935710368594,0.8861935710368594,0.8861935710368594,0.8961935710368594,0.8861935710368594,0.8861935710368594,0.9061935710368594,0.8961935710368594,0.8861935710368594,0.8861935710368594,0.8761935710368594
784,0.9149605277073487,0.9149605277073487,0.9249605277073487,0.9249605277073487,0.9149605277073487,0.9449605277073487,0.9449605277073487,0.9449605277073487,0.9449605277073487,0.9449605277073487,0.9549605277073487,0.9499605277073487,0.9399605277073487
785,0.972912548315141,0.972912548315141,0.982912548315141,0.982912548315141,0.982912548315141,0.982912548315141,0.972912548315141,0.972912548315141,0.972912548315141,0.962912548315141,0.982912548315141,0.972912548315141,0.962912548315141
786,0.9283606235750386,0.9083606235750386,0.8883606235750385,0.8933606235750385,0.8933606235750385,0.8933606235750385,0.8933606235750385,0.8933606235750385,0.9133606235750386,0.9033606235750385,0.9133606235750386,0.9433606235750386,0.9633606235750386
787,0.9054249782063777,0.8954249782063777,0.8954249782063777,0.8954249782063777,0.8954249782063777,0.8754249782063777,0.8854249782063777,0.8854249782063777,0.8754249782063777,0.8654249782063776,0.8704249782063777,0.8804249782063777,0.8804249782063777
788,0.8739248998689507,0.8739248998689507,0.8739248998689507,0.8839248998689507,0.8939248998689507,0.9039248998689507,0.9039248998689507,0.9139248998689508,0.9139248998689508,0.9089248998689508,0.8989248998689507,0.8989248998689507,0.8989248998689507
789,0.8687931404547202,0.8687931404547202,0.8687931404547202,0.8787931404547202,0.8987931404547203,0.8987931404547203,0.8787931404547202,0.8787931404547202,0.8787931404547202,0.8687931404547202,0.8687931404547202,0.8687931404547202,0.8687931404547202
790,0.8806297010064671,0.8806297010064671,0.8906297010064671,0.9106297010064671,0.9106297010064671,0.9106297010064671,0.9106297010064671,0.9006297010064671,0.9006297010064671,0.9206297010064671,0.9206297010064671,0.9206297010064671,0.9106297010064671
791,0.8663019579801077,0.8563019579801077,0.8663019579801077,0.8763019579801077,0.8963019579801077,0.8963019579801077,0.9063019579801077,0.9063019579801077,0.9013019579801077,0.8913019579801077,0.8913019579801077,0.9013019579801077,0.8813019579801077
792,0.8924007816051467,0.9224007816051467,0.9024007816051467,0.9324007816051467,0.9324007816051467,0.9324007816051467,0.9324007816051467,0.9324007816051467,0.9274007816051467,0.9274007816051467,0.9174007816051467,0.9174007816051467,0.9174007816051467
793,0.9312915134487033,0.9312915134487033,0.9212915134487033,0.9112915134487033,0.9112915134487033,0.9112915134487033,0.9012915134487033,0.9212915134487033,0.9212915134487033,0.8912915134487033,0.8912915134487033,0.8962915134487033,0.8962915134487033
794,0.9022611574014696,0.9122611574014696,0.9022611574014696,0.9022611574014696,0.9022611574014696,0.8922611574014696,0.8722611574014696,0.8822611574014696,0.8822611574014696,0.8722611574014696,0.8622611574014696,0.8722611574014696,0.8822611574014696
795,0.9159652032572472,0.9359652032572472,0.9109652032572472,0.8909652032572472,0.9009652032572472,0.8909652032572472,0.9009652032572472,0.9109652032572472,0.8909652032572472,0.9209652032572472,0.9309652032572472,0.9309652032572472,0.9109652032572472
796,0.9299852580958938,0.9299852580958938,0.9399852580958938,0.9199852580958938,0.9499852580958938,0.9499852580958938,0.9499852580958938,0.9499852580958938,0.9299852580958938,0.8999852580958938,0.8999852580958938,0.8899852580958938,0.8899852580958938
797,0.9249162921711768,0.9449162921711768,0.9649162921711768,0.9649162921711768,0.9649162921711768,0.9649162921711768,0.9599162921711768,0.9599162921711768,0.9499162921711768,0.9499162921711768,0.9399162921711768,0.9599162921711768,0.9599162921711768
798,0.886382273972952,0.886382273972952,0.876382273972952,0.886382273972952,0.896382273972952,0.896382273972952,0.906382273972952,0.916382273972952,0.906382273972952,0.886382273972952,0.886382273972952,0.896382273972952,0.866382273972952
799,0.9254220407624731,0.9254220407624731,0.9354220407624732,0.9454220407624732,0.9454220407624732,0.9354220407624732,0.9454220407624732,0.9454220407624732,0.9354220407624732,0.9354220407624732,0.9454220407624732,0.9354220407624732,0.9454220407624732
800,0.7754855775241355,0.7854855775241355,0.7554855775241355,0.7454855775241355,0.7554855775241355,0.7454855775241355,0.7454855775241355,0.7454855775241355,0.7454855775241355,0.7554855775241355,0.7454855775241355,0.7554855775241355,0.7654855775241355
801,0.8771878214049915,0.8771878214049915,0.8871878214049915,0.8871878214049915,0.8871878214049915,0.8871878214049915,0.8771878214049915,0.8771878214049915,0.8771878214049915,0.8871878214049915,0.8871878214049915,0.8671878214049915,0.8471878214049915
802,0.9360381465233458,0.9560381465233458,0.9560381465233458,0.9460381465233458,0.9660381465233459,0.9560381465233458,0.9660381465233459,0.9660381465233459,0.9760381465233459,0.9760381465233459,0.9760381465233459,0.9760381465233459,0.9760381465233459
803,0.9489928258226524,0.9289928258226524,0.9289928258226524,0.9089928258226524,0.9139928258226524,0.9339928258226524,0.9339928258226524,0.9139928258226524,0.9139928258226524,0.9239928258226524,0.9139928258226524,0.9139928258226524,0.9139928258226524
804,0.9322404534222812,0.9322404534222812,0.9322404534222812,0.9322404534222812,0.9322404534222812,0.9322404534222812,0.9522404534222813,0.9422404534222812,0.9422404534222812,0.9522404534222813,0.9522404534222813,0.9522404534222813,0.9522404534222813
805,0.9569444551953596,0.9769444551953597,0.9969444551953597,0.9769444551953597,0.9869444551953597,0.9969444551953597,0.9869444551953597,0.9769444551953597,0.9669444551953597,0.9669444551953597,0.9669444551953597,0.9669444551953597,0.9869444551953597
806,0.868871644902989,0.888871644902989,0.908871644902989,0.888871644902989,0.863871644902989,0.863871644902989,0.863871644902989,0.863871644902989,0.853871644902989,0.8438716449029889,0.8338716449029889,0.8238716449029889,0.8238716449029889
807,0.9986562668874592,0.9886562668874592,0.9786562668874592,0.9786562668874592,0.9786562668874592,0.9886562668874592,0.9786562668874592,0.9986562668874592,0.9986562668874592,0.9986562668874592,0.9986562668874592,0.9986562668874592,0.9986562668874592
808,0.8899605924436799,0.8699605924436798,0.8599605924436798,0.8749605924436799,0.8949605924436799,0.8949605924436799,0.8949605924436799,0.9049605924436799,0.9049605924436799,0.8949605924436799,0.8849605924436799,0.8749605924436799,0.8549605924436798
809,1.0,0.98,0.99,1.0,1.0,1.0,1.0,1.0,1.0,0.96,0.96,0.95,0.95
810,0.9059851316008438,0.9059851316008438,0.9259851316008438,0.9259851316008438,0.9259851316008438,0.9259851316008438,0.9159851316008438,0.9159851316008438,0.9159851316008438,0.9259851316008438,0.9059851316008438,0.9059851316008438,0.9059851316008438
811,0.9010969315513325,0.8910969315513325,0.8910969315513325,0.8910969315513325,0.9010969315513325,0.9110969315513325,0.9010969315513325,0.9010969315513325,0.9010969315513325,0.9010969315513325,0.9010969315513325,0.8610969315513325,0.8710969315513325
812,0.9273234352280194,0.9273234352280194,0.9273234352280194,0.9273234352280194,0.9173234352280194,0.9073234352280194,0.9173234352280194,0.9373234352280194,0.9073234352280194,0.9073234352280194,0.9073234352280194,0.9073234352280194,0.8973234352280194
813,0.906951958227519,0.916951958227519,0.916951958227519,0.946951958227519,0.946951958227519,0.936951958227519,0.946951958227519,0.946951958227519,0.936951958227519,0.936951958227519,0.936951958227519,0.926951958227519,0.936951958227519
814,0.9072527712008198,0.9072527712008198,0.9172527712008198,0.9272527712008198,0.9072527712008198,0.8872527712008198,0.8872527712008198,0.8772527712008198,0.8772527712008198,0.8772527712008198,0.8872527712008198,0.8772527712008198,0.8872527712008198
815,0.9680472894312774,0.9680472894312774,0.9780472894312774,0.9780472894312774,0.9880472894312774,0.9980472894312774,1.0,0.995,0.995,0.995,0.975,0.955,0.955
816,0.8666127388700344,0.8466127388700344,0.8466127388700344,0.8466127388700344,0.8666127388700344,0.8566127388700344,0.8666127388700344,0.8766127388700344,0.8766127388700344,0.8866127388700344,0.8766127388700344,0.8866127388700344,0.8766127388700344
817,0.9795575507464716,0.9695575507464715,0.9795575507464716,0.9895575507464716,0.9995575507464716,0.9995575507464716,0.9995575507464716,0.9895575507464716,0.9895575507464716,0.9895575507464716,0.9895575507464716,0.9895575507464716,0.9995575507464716
818,0.8756503235622043,0.8756503235622043,0.8656503235622043,0.8656503235622043,0.8556503235622043,0.8656503235622043,0.8756503235622043,0.8756503235622043,0.8856503235622043,0.8856503235622043,0.8756503235622043,0.8756503235622043,0.8856503235622043
819,0.9805171188985536,0.9905171188985537,1.0,1.0,1.0,1.0,0.98,1.0,1.0,1.0,1.0,1.0,0.995
820,0.8879383423431642,0.8879383423431642,0.8779383423431641,0.8779383423431641,0.8779383423431641,0.8779383423431641,0.8779383423431641,0.8879383423431642,0.8679383423431641,0.8879383423431642,0.9079383423431642,0.9279383423431642,0.9229383423431642
821,0.9509785360566811,0.9509785360566811,0.9309785360566811,0.9559785360566811,0.9459785360566811,0.9259785360566811,0.9059785360566811,0.9059785360566811,0.9059785360566811,0.9059785360566811,0.9059785360566811,0.9059785360566811,0.9159785360566811
822,0.9436521231356529,0.9436521231356529,0.9436521231356529,0.9436521231356529,0.963652123135653,0.963652123135653,0.973652123135653,0.953652123135653,0.973652123135653,0.973652123135653,0.9436521231356529,0.9436521231356529,0.9436521231356529
823,0.9777474361160623,0.9877474361160623,0.9877474361160623,0.9877474361160623,0.9977474361160623,0.9727474361160623,0.9727474361160623,0.9727474361160623,0.9827474361160623,0.9827474361160623,0.9827474361160623,0.9827474361160623,0.9927474361160623
824,0.8652590311983246,0.8752590311983246,0.8552590311983246,0.8352590311983246,0.8352590311983246,0.8502590311983246,0.8402590311983246,0.8602590311983246,0.8602590311983246,0.8602590311983246,0.8602590311983246,0.8602590311983246,0.8502590311983246
825,0.8985009241493308,0.8985009241493308,0.8985009241493308,0.8985009241493308,0.8885009241493308,0.8885009241493308,0.8985009241493308,0.8985009241493308,0.9185009241493308,0.9085009241493308,0.9085009241493308,0.8985009241493308,0.8985009241493308
826,0.8671551552400478,0.8671551552400478,0.8771551552400478,0.8971551552400479,0.8971551552400479,0.8971551552400479,0.8871551552400478,0.8871551552400478,0.8771551552400478,0.8671551552400478,0.8571551552400478,0.8571551552400478,0.8671551552400478
827,0.8824862273164769,0.8824862273164769,0.8524862273164768,0.8674862273164768,0.8574862273164768,0.8474862273164768,0.8574862273164768,0.8774862273164769,0.8674862273164768,0.8474862273164768,0.8574862273164768,0.8574862273164768,0.8574862273164768
828,0.8659276044157637,0.8759276044157637,0.8759276044157637,0.8759276044157637,0.8959276044157637,0.9059276044157637,0.9009276044157637,0.8809276044157637,0.8609276044157637,0.8609276044157637,0.8609276044157637,0.8409276044157636,0.8409276044157636
829,0.935879353520769,0.925879353520769,0.935879353520769,0.935879353520769,0.935879353520769,0.925879353520769,0.935879353520769,0.955879353520769,0.930879353520769,0.940879353520769,0.920879353520769,0.920879353520769,0.930879353520769
830,0.8825108083368519,0.8825108083368519,0.8725108083368519,0.8625108083368519,0.8525108083368519,0.8425108083368519,0.8425108083368519,0.8425108083368519,0.8625108083368519,0.8625108083368519,0.8625108083368519,0.8525108083368519,0.8675108083368519
831,0.8997700200775692,0.8997700200775692,0.8997700200775692,0.9097700200775692,0.9197700200775693,0.9197700200775693,0.9097700200775692,0.9097700200775692,0.9097700200775692,0.9097700200775692,0.9297700200775693,0.9297700200775693,0.9097700200775692
832,0.8114444235032628,0.8014444235032628,0.7914444235032628,0.7914444235032628,0.8014444235032628,0.8114444235032628,0.8214444235032629,0.8214444235032629,0.8214444235032629,0.8214444235032629,0.8214444235032629,0.8214444235032629,0.8314444235032629
833,0.9813935797686869,0.9813935797686869,0.9813935797686869,0.9513935797686869,0.9513935797686869,0.9513935797686869,0.9613935797686869,0.9513935797686869,0.9713935797686869,0.9713935797686869,0.9713935797686869,0.9613935797686869,0.9713935797686869
834,0.9312974306407367,0.9312974306407367,0.9312974306407367,0.9312974306407367,0.9112974306407366,0.9212974306407367,0.9212974306407367,0.9112974306407366,0.9012974306407366,0.9012974306407366,0.8912974306407366,0.8912974306407366,0.8912974306407366
835,0.9280961356051747,0.9280961356051747,0.9280961356051747,0.9380961356051747,0.9280961356051747,0.9380961356051747,0.9380961356051747,0.9480961356051747,0.9480961356051747,0.9580961356051747,0.9580961356051747,0.9280961356051747,0.9380961356051747
836,0.9056015876410894,0.9056015876410894,0.8956015876410894,0.9056015876410894,0.9056015876410894,0.9056015876410894,0.8856015876410894,0.8856015876410894,0.8856015876410894,0.8756015876410894,0.8956015876410894,0.8956015876410894,0.8956015876410894
837,0.8533594874560344,0.8533594874560344,0.8833594874560344,0.8533594874560344,0.8433594874560344,0.8433594874560344,0.8433594874560344,0.8433594874560344,0.8633594874560344,0.8533594874560344,0.8433594874560344,0.8533594874560344,0.8533594874560344
838,0.8698207700282559,0.8598207700282559,0.8698207700282559,0.8598207700282559,0.8598207700282559,0.8498207700282558,0.8498207700282558,0.8398207700282558,0.8498207700282558,0.8398207700282558,0.8398207700282558,0.8298207700282558,0.8398207700282558
839,0.9526784910049566,0.9426784910049566,0.9726784910049566,0.9526784910049566,0.9526784910049566,0.9526784910049566,0.9426784910049566,0.9626784910049566,0.9626784910049566,0.9626784910049566,0.9626784910049566,0.9626784910049566,0.9826784910049566
840,0.921199546620832,0.911199546620832,0.911199546620832,0.901199546620832,0.901199546620832,0.901199546620832,0.901199546620832,0.911199546620832,0.901199546620832,0.901199546620832,0.911199546620832,0.901199546620832,0.911199546620832
841,0.8309847983354256,0.8609847983354256,0.8709847983354256,0.8659847983354256,0.8559847983354256,0.8459847983354256,0.8459847983354256,0.8359847983354256,0.8359847983354256,0.8459847983354256,0.8459847983354256,0.8559847983354256,0.8359847983354256
842,0.9576228535706812,0.9476228535706812,0.9476228535706812,0.9776228535706812,0.9876228535706812,0.9876228535706812,0.9876228535706812,0.9876228535706812,0.9876228535706812,0.9726228535706812,0.9926228535706813,0.9826228535706812,0.9926228535706813
843,0.8903804345827991,0.9003804345827991,0.9103804345827992,0.9103804345827992,0.9103804345827992,0.9203804345827992,0.9103804345827992,0.9103804345827992,0.9003804345827991,0.9103804345827992,0.9003804345827991,0.9203804345827992,0.9053804345827992
844,1.0,1.0,1.0,1.0,0.99,0.98,0.98,0.98,0.98,0.98,0.99,0.99,0.98
845,0.9243381402240505,0.9343381402240505,0.9243381402240505,0.9343381402240505,0.9343381402240505,0.9343381402240505,0.9343381402240505,0.9543381402240505,0.9543381402240505,0.9393381402240505,0.9393381402240505,0.9593381402240505,0.9593381402240505
846,0.9204167296306943,0.9104167296306943,0.9104167296306943,0.9204167296306943,0.9204167296306943,0.9204167296306943,0.9104167296306943,0.8904167296306943,0.9104167296306943,0.8904167296306943,0.9104167296306943,0.9004167296306943,0.8804167296306943
847,0.8764080981598992,0.8564080981598992,0.8564080981598992,0.8564080981598992,0.8564080981598992,0.8564080981598992,0.8664080981598992,0.8564080981598992,0.8564080981598992,0.8464080981598991,0.8464080981598991,0.8614080981598992,0.8614080981598992
848,0.8269874231400793,0.8169874231400793,0.8369874231400793,0.8019874231400793,0.8219874231400793,0.8219874231400793,0.8319874231400793,0.8519874231400794,0.8519874231400794,0.8519874231400794,0.8519874231400794,0.8419874231400793,0.8419874231400793
849,1.0,1.0,1.0,0.99,0.99,0.99,0.98,0.98,0.98,0.97,0.96,0.98,1.0
850,0.9701326633178031,0.9701326633178031,0.9701326633178031,0.9601326633178031,0.9701326633178031,0.9501326633178031,0.9301326633178031,0.9401326633178031,0.9401326633178031,0.9401326633178031,0.9501326633178031,0.9301326633178031,0.9351326633178031
851,0.8869327444197342,0.8869327444197342,0.8869327444197342,0.9069327444197343,0.9069327444197343,0.8869327444197342,0.9069327444197343,0.8969327444197343,0.8869327444197342,0.8869327444197342,0.8869327444197342,0.8969327444197343,0.8869327444197342
852,0.9495036385267762,0.9395036385267762,0.9395036385267762,0.9395036385267762,0.9295036385267762,0.9295036385267762,0.9495036385267762,0.9495036385267762,0.9495036385267762,0.9495036385267762,0.9495036385267762,0.9395036385267762,0.9595036385267762
853,0.9330774859993217,0.9430774859993217,0.9430774859993217,0.9430774859993217,0.9330774859993217,0.9230774859993217,0.9230774859993217,0.9130774859993217,0.9130774859993217,0.9330774859993217,0.9330774859993217,0.9330774859993217,0.9430774859993217
854,0.8105117301888936,0.7905117301888935,0.8005117301888935,0.8005117301888935,0.7805117301888935,0.7955117301888935,0.8055117301888935,0.8155117301888936,0.7955117301888935,0.7855117301888935,0.7855117301888935,0.7755117301888935,0.7855117301888935
855,0.9700355387410814,0.9700355387410814,0.9600355387410814,0.9800355387410814,0.9600355387410814,0.9600355387410814,0.9700355387410814,0.9900355387410814,0.9900355387410814,0.9900355387410814,0.9700355387410814,0.9600355387410814,0.9600355387410814
856,0.9649077837999299,0.9649077837999299,0.9549077837999299,0.9649077837999299,0.9449077837999299,0.9449077837999299,0.9449077837999299,0.9449077837999299,0.9449077837999299,0.9549077837999299,0.9649077837999299,0.9449077837999299,0.9349077837999299
857,0.8677845262294442,0.8877845262294443,0.8877845262294443,0.8577845262294442,0.8677845262294442,0.8677845262294442,0.8777845262294443,0.8977845262294443,0.8827845262294443,0.8727845262294442,0.8927845262294443,0.9027845262294443,0.8927845262294443
858,0.8641242731275995,0.8541242731275995,0.8741242731275995,0.8541242731275995,0.8541242731275995,0.8541242731275995,0.8541242731275995,0.8641242731275995,0.8741242731275995,0.8741242731275995,0.8641242731275995,0.8441242731275995,0.8241242731275995
859,0.9297148532287745,0.9297148532287745,0.9297148532287745,0.9097148532287744,0.9097148532287744,0.9197148532287744,0.9197148532287744,0.9197148532287744,0.9297148532287745,0.9297148532287745,0.9097148532287744,0.8997148532287744,0.8997148532287744
860,0.886862249727252,0.876862249727252,0.876862249727252,0.886862249727252,0.876862249727252,0.876862249727252,0.886862249727252,0.876862249727252,0.876862249727252,0.866862249727252,0.876862249727252,0.856862249727252,0.856862249727252
861,0.9495487951279595,0.9595487951279595,0.9595487951279595,0.9595487951279595,0.9595487951279595,0.9795487951279596,0.9795487951279596,0.9795487951279596,0.9645487951279595,0.9745487951279596,0.9745487951279596,0.9945487951279596,0.9945487951279596
862,0.9147011802518893,0.9147011802518893,0.9147011802518893,0.9147011802518893,0.9147011802518893,0.9147011802518893,0.9147011802518893,0.9147011802518893,0.9147011802518893,0.9047011802518893,0.9047011802518893,0.9047011802518893,0.9047011802518893
863,0.8957260080342242,0.8957260080342242,0.8957260080342242,0.8957260080342242,0.8757260080342242,0.8757260080342242,0.8757260080342242,0.8857260080342242,0.8857260080342242,0.8757260080342242,0.8757260080342242,0.8857260080342242,0.8757260080342242
864,0.9288365554584407,0.9188365554584407,0.9388365554584407,0.9488365554584407,0.9288365554584407,0.9588365554584407,0.9588365554584407,0.9588365554584407,0.9588365554584407,0.9488365554584407,0.9488365554584407,0.9188365554584407,0.9088365554584407
865,0.9419712793288461,0.9419712793288461,0.9419712793288461,0.9419712793288461,0.9519712793288461,0.9419712793288461,0.9419712793288461,0.9419712793288461,0.9519712793288461,0.9419712793288461,0.9419712793288461,0.9419712793288461,0.9419712793288461
866,0.9356975803184581,0.9356975803184581,0.9356975803184581,0.9456975803184581,0.9356975803184581,0.9356975803184581,0.9356975803184581,0.9256975803184581,0.9256975803184581,0.9256975803184581,0.915697580318458,0.905697580318458,0.905697580318458
867,0.9709094552122982,0.9709094552122982,0.9809094552122982,0.9609094552122982,0.9609094552122982,0.9609094552122982,0.9609094552122982,0.9609094552122982,0.9609094552122982,0.9409094552122982,0.9509094552122982,0.9509094552122982,0.9609094552122982
868,0.9836193633338187,0.9836193633338187,1.0,0.98,0.98,0.97,0.98,0.98,0.96,0.97,0.97,0.97,0.97
869,0.8220203044354714,0.8220203044354714,0.8120203044354714,0.7920203044354713,0.7820203044354713,0.7870203044354713,0.7870203044354713,0.7970203044354713,0.7970203044354713,0.7970203044354713,0.8170203044354714,0.8170203044354714,0.8170203044354714
870,0.8721208580630724,0.8821208580630724,0.8821208580630724,0.8821208580630724,0.8821208580630724,0.8921208580630724,0.8821208580630724,0.9021208580630724,0.8871208580630724,0.8971208580630724,0.9071208580630724,0.9071208580630724,0.9071208580630724
871,0.931297635858501,0.921297635858501,0.901297635858501,0.916297635858501,0.926297635858501,0.916297635858501,0.946297635858501,0.946297635858501,0.946297635858501,0.946297635858501,0.936297635858501,0.946297635858501,0.956297635858501
872,0.8646100224172378,0.8646100224172378,0.8746100224172378,0.8746100224172378,0.9046100224172379,0.9046100224172379,0.8846100224172379,0.8646100224172378,0.8746100224172378,0.8746100224172378,0.8646100224172378,0.8346100224172378,0.8446100224172378
873,0.9266872292242482,0.9666872292242482,0.9566872292242482,0.9466872292242482,0.9566872292242482,0.9466872292242482,0.9466872292242482,0.9566872292242482,0.9466872292242482,0.9366872292242482,0.9266872292242482,0.9266872292242482,0.9166872292242482
874,0.9228944415200693,0.9028944415200693,0.9028944415200693,0.8928944415200692,0.9028944415200693,0.8928944415200692,0.9028944415200693,0.9128944415200693,0.9128944415200693,0.9128944415200693,0.8928944415200692,0.8928944415200692,0.8928944415200692
875,0.8794070363763504,0.8894070363763504,0.8894070363763504,0.9094070363763505,0.9194070363763505,0.9144070363763505,0.9044070363763504,0.9144070363763505,0.8844070363763504,0.8944070363763504,0.8944070363763504,0.8844070363763504,0.8944070363763504
876,0.9466924015185623,0.9366924015185623,0.9266924015185622,0.9466924015185623,0.9366924015185623,0.9266924015185622,0.9266924015185622,0.9516924015185623,0.9616924015185623,0.9616924015185623,0.9516924015185623,0.9516924015185623,0.9516924015185623
877,0.895665688147317,0.895665688147317,0.895665688147317,0.895665688147317,0.895665688147317,0.895665688147317,0.8756656881473169,0.8756656881473169,0.8556656881473169,0.8556656881473169,0.8606656881473169,0.8706656881473169,0.8706656881473169
878,1.0,1.0,1.0,0.99,1.0,0.99,0.98,0.98,0.99,0.99,0.99,1.0,1.0
879,0.9684966227204437,0.9784966227204437,0.9784966227204437,0.9784966227204437,0.9784966227204437,0.9784966227204437,0.9584966227204437,0.9584966227204437,0.9684966227204437,0.9584966227204437,0.9584966227204437,0.9384966227204437,0.9384966227204437
880,0.8754492867901484,0.8654492867901484,0.8554492867901484,0.8454492867901484,0.8454492867901484,0.8454492867901484,0.8554492867901484,0.8354492867901484,0.8354492867901484,0.8404492867901484,0.8304492867901484,0.8304492867901484,0.8404492867901484
881,1.0,1.0,1.0,1.0,1.0,1.0,0.99,0.99,0.98,0.98,0.98,0.98,1.0
882,0.9120073224290103,0.9120073224290103,0.9120073224290103,0.9020073224290103,0.9220073224290103,0.9220073224290103,0.9220073224290103,0.9320073224290103,0.9320073224290103,0.9070073224290103,0.9070073224290103,0.9070073224290103,0.9170073224290103
883,0.7978390895494835,0.7978390895494835,0.7978390895494835,0.8078390895494835,0.8078390895494835,0.8078390895494835,0.8078390895494835,0.8078390895494835,0.8178390895494835,0.8278390895494835,0.8078390895494835,0.8278390895494835,0.8278390895494835
884,0.883339846912257,0.873339846912257,0.873339846912257,0.873339846912257,0.873339846912257,0.873339846912257,0.893339846912257,0.893339846912257,0.903339846912257,0.903339846912257,0.923339846912257,0.923339846912257,0.923339846912257
885,0.8815523267597123,0.8715523267597123,0.8815523267597123,0.8715523267597123,0.8715523267597123,0.8715523267597123,0.8715523267597123,0.8715523267597123,0.8615523267597123,0.8615523267597123,0.8615523267597123,0.8715523267597123,0.8615523267597123
886,0.8897396770229481,0.8697396770229481,0.8697396770229481,0.8697396770229481,0.8697396770229481,0.8597396770229481,0.8697396770229481,0.8697396770229481,0.8697396770229481,0.8797396770229481,0.8797396770229481,0.8797396770229481,0.8797396770229481
887,0.9707802515391278,0.9507802515391278,0.9407802515391278,0.9407802515391278,0.9407802515391278,0.9557802515391278,0.9557802515391278,0.9657802515391278,0.9657802515391278,0.9657802515391278,0.9657802515391278,0.9757802515391278,0.9857802515391278
888,0.8971244239569189,0.8971244239569189,0.907124423956919,0.907124423956919,0.8971244239569189,0.8971244239569189,0.8771244239569189,0.8871244239569189,0.8871244239569189,0.8771244239569189,0.8771244239569189,0.8771244239569189,0.8871244239569189
889,0.9146724982070938,0.9146724982070938,0.9146724982070938,0.9046724982070938,0.9046724982070938,0.8746724982070938,0.8746724982070938,0.8746724982070938,0.8796724982070938,0.8896724982070938,0.9196724982070938,0.9496724982070939,0.9496724982070939
890,0.8803384259327366,0.8803384259327366,0.8903384259327366,0.8903384259327366,0.9103384259327366,0.9003384259327366,0.9003384259327366,0.9003384259327366,0.9003384259327366,0.9103384259327366,0.9103384259327366,0.9103384259327366,0.9103384259327366
891,0.9533228985956178,0.9533228985956178,0.9533228985956178,0.9533228985956178,0.9533228985956178,0.9533228985956178,0.9633228985956178,0.9633228985956178,0.9533228985956178,0.9533228985956178,0.9433228985956178,0.9533228985956178,0.9533228985956178
892,0.9162221952253056,0.9162221952253056,0.9062221952253056,0.9162221952253056,0.9162221952253056,0.8962221952253056,0.9062221952253056,0.9062221952253056,0.8962221952253056,0.8962221952253056,0.8962221952253056,0.9212221952253056,0.9112221952253056
893,0.9351044191598658,0.9151044191598657,0.8951044191598657,0.9051044191598657,0.9051044191598657,0.9151044191598657,0.9401044191598658,0.9401044191598658,0.9401044191598658,0.9301044191598657,0.9301044191598657,0.9401044191598658,0.9401044191598658
894,0.9713544926703862,0.9713544926703862,0.9813544926703862,0.9713544926703862,0.9513544926703862,0.9513544926703862,0.9713544926703862,0.9713544926703862,0.9713544926703862,0.9713544926703862,0.9713544926703862,0.9813544926703862,0.9713544926703862
895,0.9029328232779432,0.9029328232779432,0.8929328232779432,0.9029328232779432,0.8629328232779432,0.8629328232779432,0.8629328232779432,0.8729328232779432,0.8629328232779432,0.8629328232779432,0.8629328232779432,0.8679328232779432,0.8879328232779432
896,0.9480284841060991,0.9480284841060991,0.9580284841060991,0.9580284841060991,0.9580284841060991,0.9780284841060991,0.9780284841060991,0.9880284841060991,0.9880284841060991,0.9780284841060991,0.9780284841060991,0.9780284841060991,0.9580284841060991
897,0.9553141849768195,0.9653141849768195,0.9653141849768195,0.9653141849768195,0.9653141849768195,0.9753141849768195,0.9753141849768195,0.9553141849768195,0.9553141849768195,0.9453141849768195,0.9453141849768195,0.9453141849768195,0.9453141849768195
898,0.8779878679506441,0.8779878679506441,0.8779878679506441,0.8979878679506441,0.9079878679506441,0.9079878679506441,0.9079878679506441,0.8879878679506441,0.8579878679506441,0.8579878679506441,0.8579878679506441,0.8679878679506441,0.8779878679506441
899,0.9653581532632559,0.9753581532632559,0.9753581532632559,0.9753581532632559,0.9753581532632559,0.9653581532632559,0.9653581532632559,0.9653581532632559,0.9653581532632559,0.9653581532632559,0.9553581532632559,0.9353581532632559,0.9353581532632559
900,0.8922735171669487,0.8922735171669487,0.8922735171669487,0.8922735171669487,0.8822735171669487,0.8922735171669487,0.8822735171669487,0.8622735171669487,0.8522735171669487,0.8722735171669487,0.8722735171669487,0.8722735171669487,0.8622735171669487
901,0.8934675793571114,0.9034675793571114,0.9034675793571114,0.9034675793571114,0.9134675793571114,0.8934675793571114,0.8734675793571114,0.8734675793571114,0.8634675793571114,0.8784675793571114,0.8884675793571114,0.9084675793571114,0.9084675793571114
902,0.8757576972411891,0.8857576972411891,0.8857576972411891,0.8657576972411891,0.8557576972411891,0.8757576972411891,0.8857576972411891,0.8757576972411891,0.8557576972411891,0.8457576972411891,0.8457576972411891,0.8357576972411891,0.8407576972411891
903,0.8103319681555682,0.8203319681555682,0.8203319681555682,0.8303319681555682,0.8103319681555682,0.7903319681555682,0.7903319681555682,0.8003319681555682,0.8003319681555682,0.8003319681555682,0.8003319681555682,0.7703319681555681,0.7703319681555681
904,0.9348039344622933,0.9348039344622933,0.9348039344622933,0.9048039344622932,0.9048039344622932,0.9248039344622933,0.9348039344622933,0.9148039344622932,0.9148039344622932,0.9148039344622932,0.8948039344622932,0.8948039344622932,0.8998039344622932
905,0.9327761099122124,0.9427761099122124,0.9427761099122124,0.9327761099122124,0.9327761099122124,0.9327761099122124,0.9327761099122124,0.9327761099122124,0.9227761099122124,0.9227761099122124,0.9227761099122124,0.9027761099122124,0.9027761099122124
906,0.8666711535992104,0.8866711535992104,0.8616711535992104,0.8616711535992104,0.8616711535992104,0.8616711535992104,0.8616711535992104,0.8616711535992104,0.8616711535992104,0.8616711535992104,0.8816711535992104,0.8816711535992104,0.8716711535992104
907,0.945402967946538,0.945402967946538,0.955402967946538,0.955402967946538,0.965402967946538,0.965402967946538,0.975402967946538,0.960402967946538,0.960402967946538,0.960402967946538,0.970402967946538,0.940402967946538,0.950402967946538
908,0.8309522412831912,0.8309522412831912,0.8409522412831912,0.8409522412831912,0.8309522412831912,0.8309522412831912,0.8109522412831912,0.8009522412831912,0.8109522412831912,0.8309522412831912,0.8209522412831912,0.8109522412831912,0.8309522412831912
909,0.9301058200139866,0.9301058200139866,0.9201058200139866,0.9101058200139865,0.9101058200139865,0.9001058200139865,0.9201058200139866,0.9201058200139866,0.9101058200139865,0.9101058200139865,0.9201058200139866,0.8901058200139865,0.8901058200139865
910,0.8649041084718709,0.8649041084718709,0.8649041084718709,0.8549041084718709,0.8449041084718709,0.8349041084718709,0.8349041084718709,0.8449041084718709,0.8549041084718709,0.8549041084718709,0.884904108471871,0.894904108471871,0.904904108471871
911,0.9266006833933741,0.9266006833933741,0.9466006833933741,0.9266006833933741,0.9266006833933741,0.9266006833933741,0.9066006833933741,0.9066006833933741,0.9266006833933741,0.9266006833933741,0.9266006833933741,0.9066006833933741,0.9166006833933741
912,0.8678816072901516,0.8578816072901516,0.8378816072901516,0.8278816072901516,0.8278816072901516,0.8328816072901516,0.8328816072901516,0.8428816072901516,0.8328816072901516,0.8428816072901516,0.8628816072901516,0.8728816072901516,0.8728816072901516
913,0.8890434374499232,0.8890434374499232,0.8890434374499232,0.8490434374499232,0.8540434374499232,0.8540434374499232,0.8640434374499232,0.8640434374499232,0.8940434374499232,0.8940434374499232,0.9140434374499232,0.9040434374499232,0.9240434374499232
914,0.9886509341493742,0.9886509341493742,0.9886509341493742,0.9986509341493742,0.9986509341493742,1.0,1.0,0.98,0.98,0.98,0.98,0.98,0.99
915,0.9022652246213237,0.9022652246213237,0.9322652246213238,0.9322652246213238,0.9222652246213238,0.9122652246213238,0.9122652246213238,0.9122652246213238,0.9122652246213238,0.8922652246213237,0.8722652246213237,0.8622652246213237,0.8622652246213237
916,0.9067103413626623,0.8967103413626623,0.8767103413626622,0.8867103413626622,0.8767103413626622,0.8667103413626622,0.8767103413626622,0.8917103413626623,0.9117103413626623,0.8817103413626622,0.8817103413626622,0.8717103413626622,0.8717103413626622
917,0.8540873996166418,0.8540873996166418,0.8540873996166418,0.8840873996166418,0.8940873996166419,0.8890873996166418,0.8790873996166418,0.8590873996166418,0.8890873996166418,0.8690873996166418,0.8590873996166418,0.8690873996166418,0.8690873996166418
918,0.8995628483835635,0.8995628483835635,0.8895628483835635,0.8895628483835635,0.9095628483835635,0.9095628483835635,0.8995628483835635,0.9095628483835635,0.9095628483835635,0.9095628483835635,0.9095628483835635,0.9095628483835635,0.9195628483835635
919,0.976104805791519,0.976104805791519,0.986104805791519,0.956104805791519,0.976104805791519,0.956104805791519,0.976104805791519,0.976104805791519,0.976104805791519,0.976104805791519,0.996104805791519,0.986104805791519,0.996104805791519
920,0.9471813816103574,0.9471813816103574,0.9271813816103573,0.9171813816103573,0.9271813816103573,0.9371813816103574,0.9171813816103573,0.9171813816103573,0.9171813816103573,0.9171813816103573,0.9071813816103573,0.9171813816103573,0.9171813816103573
921,0.9866103570734215,0.9666103570734215,0.9666103570734215,0.9766103570734215,0.9766103570734215,0.9666103570734215,0.9766103570734215,0.9866103570734215,0.9766103570734215,0.9566103570734215,0.9566103570734215,0.9466103570734214,0.9466103570734214
922,0.954087932530092,0.954087932530092,0.944087932530092,0.924087932530092,0.914087932530092,0.924087932530092,0.924087932530092,0.924087932530092,0.939087932530092,0.9590879325300921,0.949087932530092,0.939087932530092,0.929087932530092
923,0.8360673643744743,0.8360673643744743,0.8360673643744743,0.8360673643744743,0.8360673643744743,0.8360673643744743,0.8360673643744743,0.8360673643744743,0.8260673643744743,0.8260673643744743,0.7960673643744742,0.8060673643744742,0.8260673643744743
924,0.9723906155386084,0.9723906155386084,0.9623906155386084,0.9623906155386084,0.9623906155386084,0.9623906155386084,0.9623906155386084,0.9623906155386084,0.9623906155386084,0.9623906155386084,0.9523906155386084,0.9523906155386084,0.9823906155386084
925,0.8934173039476251,0.8734173039476251,0.8984173039476251,0.8884173039476251,0.8884173039476251,0.8884173039476251,0.8884173039476251,0.8784173039476251,0.8784173039476251,0.8684173039476251,0.8684173039476251,0.858417303947625,0.8684173039476251
926,1.0,0.99,1.0,1.0,0.98,0.99,0.97,0.97,0.97,0.96,0.97,0.97,0.97
927,0.8828487744188284,0.8828487744188284,0.8828487744188284,0.9028487744188284,0.8928487744188284,0.9028487744188284,0.9228487744188284,0.8928487744188284,0.8828487744188284,0.9228487744188284,0.9228487744188284,0.9228487744188284,0.9178487744188284
928,0.8680403241016875,0.8680403241016875,0.9080403241016876,0.9080403241016876,0.9030403241016876,0.8930403241016875,0.8730403241016875,0.8630403241016875,0.8630403241016875,0.8830403241016875,0.8930403241016875,0.8930403241016875,0.8930403241016875
929,0.9481191731792931,0.9481191731792931,0.9481191731792931,0.9481191731792931,0.9581191731792931,0.9581191731792931,0.9481191731792931,0.938119173179293,0.9481191731792931,0.928119173179293,0.9531191731792931,0.9631191731792931,0.9731191731792931
930,0.9287545762854816,0.9287545762854816,0.9187545762854816,0.9087545762854816,0.9187545762854816,0.8887545762854816,0.8937545762854816,0.8937545762854816,0.8937545762854816,0.9037545762854816,0.9137545762854816,0.8937545762854816,0.9037545762854816
931,0.9423596097839559,0.9323596097839559,0.9423596097839559,0.9423596097839559,0.952359609783956,0.9323596097839559,0.9423596097839559,0.9423596097839559,0.962359609783956,0.972359609783956,0.962359609783956,0.952359609783956,0.952359609783956
932,0.854603861889279,0.854603861889279,0.874603861889279,0.864603861889279,0.864603861889279,0.854603861889279,0.854603861889279,0.8446038618892789,0.8246038618892789,0.8346038618892789,0.8346038618892789,0.8446038618892789,0.8446038618892789
933,0.8663707778640711,0.8663707778640711,0.8963707778640712,0.9063707778640712,0.9063707778640712,0.9063707778640712,0.9013707778640712,0.8913707778640712,0.9013707778640712,0.8913707778640712,0.8713707778640711,0.8713707778640711,0.8613707778640711
934,0.967049636198607,0.967049636198607,0.977049636198607,0.977049636198607,0.977049636198607,0.957049636198607,0.977049636198607,0.977049636198607,0.977049636198607,0.997049636198607,0.997049636198607,1.0,1.0
935,0.8582255509018142,0.8682255509018142,0.8682255509018142,0.8782255509018142,0.8782255509018142,0.8682255509018142,0.8682255509018142,0.8582255509018142,0.8682255509018142,0.8682255509018142,0.8782255509018142,0.8782255509018142,0.8682255509018142
936,0.9576233978487004,0.9476233978487004,0.9176233978487004,0.9276233978487004,0.9376233978487004,0.9376233978487004,0.9276233978487004,0.9276233978487004,0.9276233978487004,0.9276233978487004,0.9276233978487004,0.9476233978487004,0.9476233978487004
937,0.952685248088302,0.942685248088302,0.912685248088302,0.912685248088302,0.917685248088302,0.927685248088302,0.927685248088302,0.967685248088302,0.9976852480883021,0.987685248088302,0.987685248088302,0.9976852480883021,0.987685248088302
938,0.9078465335842482,0.9078465335842482,0.8878465335842481,0.8878465335842481,0.9128465335842482,0.9228465335842482,0.9228465335842482,0.9128465335842482,0.9128465335842482,0.9128465335842482,0.8928465335842481,0.9228465335842482,0.9428465335842482
939,0.8688413380580187,0.8688413380580187,0.8388413380580186,0.8288413380580186,0.8288413380580186,0.8388413380580186,0.8388413380580186,0.8588413380580187,0.8588413380580187,0.8388413380580186,0.8488413380580186,0.8488413380580186,0.8388413380580186
940,0.8867867580693704,0.8867867580693704,0.8767867580693703,0.8867867580693704,0.8567867580693703,0.8767867580693703,0.8767867580693703,0.8867867580693704,0.8867867580693704,0.8867867580693704,0.8967867580693704,0.8967867580693704,0.8967867580693704
941,0.9510571808368119,0.9510571808368119,0.9610571808368119,0.9610571808368119,0.9710571808368119,0.9810571808368119,0.9660571808368119,0.9760571808368119,0.9560571808368119,0.9560571808368119,0.9560571808368119,0.9560571808368119,0.9460571808368119
942,0.9172513067786601,0.9172513067786601,0.9172513067786601,0.9472513067786601,0.9372513067786601,0.9272513067786601,0.9272513067786601,0.9172513067786601,0.9272513067786601,0.9472513067786601,0.9572513067786601,0.9472513067786601,0.9372513067786601
943,0.8856553162208259,0.895655316220826,0.8856553162208259,0.895655316220826,0.8856553162208259,0.895655316220826,0.905655316220826,0.905655316220826,0.895655316220826,0.895655316220826,0.925655316220826,0.925655316220826,0.925655316220826
944,0.826979560904352,0.836979560904352,0.836979560904352,0.826979560904352,0.816979560904352,0.826979560904352,0.816979560904352,0.816979560904352,0.836979560904352,0.846979560904352,0.846979560904352,0.846979560904352,0.846979560904352
945,0.9464988044979866,0.9464988044979866,0.9464988044979866,0.9364988044979866,0.9364988044979866,0.9464988044979866,0.9364988044979866,0.9264988044979866,0.9264988044979866,0.9264988044979866,0.9264988044979866,0.9264988044979866,0.9264988044979866
946,0.8893619142374372,0.8893619142374372,0.8893619142374372,0.9093619142374372,0.9193619142374372,0.9093619142374372,0.9093619142374372,0.9193619142374372,0.9093619142374372,0.8893619142374372,0.9093619142374372,0.9293619142374372,0.9293619142374372
947,0.9399590236399964,0.9299590236399964,0.9599590236399964,0.9699590236399964,0.9699590236399964,0.9699590236399964,0.9599590236399964,0.9599590236399964,0.9599590236399964,0.9599590236399964,0.9599590236399964,0.9699590236399964,0.9799590236399964
948,0.8895240494471289,0.8895240494471289,0.8695240494471289,0.8795240494471289,0.8795240494471289,0.8695240494471289,0.8495240494471289,0.8495240494471289,0.8495240494471289,0.8595240494471289,0.8495240494471289,0.8545240494471289,0.8645240494471289
949,0.8565945144745368,0.8465945144745368,0.8465945144745368,0.8465945144745368,0.8465945144745368,0.8265945144745368,0.8265945144745368,0.8265945144745368,0.8265945144745368,0.8415945144745368,0.8415945144745368,0.8415945144745368,0.8815945144745369
950,0.9322008961107234,0.9422008961107234,0.9422008961107234,0.9422008961107234,0.9622008961107235,0.9322008961107234,0.9122008961107234,0.9122008961107234,0.9022008961107234,0.9022008961107234,0.8922008961107234,0.9122008961107234,0.9122008961107234
951,0.8970437289038754,0.9070437289038754,0.9070437289038754,0.9170437289038754,0.8870437289038754,0.8870437289038754,0.8870437289038754,0.8870437289038754,0.8870437289038754,0.8870437289038754,0.8870437289038754,0.8870437289038754,0.8670437289038754
952,0.9404127406531053,0.9504127406531053,0.9504127406531053,0.9604127406531053,0.9604127406531053,0.9204127406531053,0.9204127406531053,0.9204127406531053,0.9104127406531053,0.9204127406531053,0.9004127406531053,0.9204127406531053,0.9204127406531053
953,0.9667155390352098,0.9567155390352098,0.9567155390352098,0.9567155390352098,0.9467155390352098,0.9567155390352098,0.9567155390352098,0.9667155390352098,0.9667155390352098,0.9767155390352098,0.9867155390352098,0.9867155390352098,0.9867155390352098
954,0.9718154792858358,0.9818154792858358,0.9918154792858358,1.0,1.0,1.0,0.98,0.99,1.0,1.0,0.99,0.99,0.95
955,0.8853190251095135,0.8753190251095135,0.8853190251095135,0.9053190251095136,0.9053190251095136,0.8953190251095136,0.8953190251095136,0.9053190251095136,0.9153190251095136,0.9003190251095136,0.9003190251095136,0.8803190251095135,0.8803190251095135
956,0.8840652607185833,0.8840652607185833,0.8840652607185833,0.8940652607185833,0.8840652607185833,0.8940652607185833,0.8940652607185833,0.8940652607185833,0.8740652607185833,0.8840652607185833,0.8840652607185833,0.8840652607185833,0.8840652607185833
957,0.9472492682435417,0.9472492682435417,0.9272492682435417,0.9172492682435417,0.9172492682435417,0.9172492682435417,0.9072492682435417,0.9122492682435417,0.9222492682435417,0.9222492682435417,0.9122492682435417,0.9122492682435417,0.9222492682435417
958,0.8389207672219594,0.8389207672219594,0.8189207672219594,0.8289207672219594,0.8289207672219594,0.8189207672219594,0.8189207672219594,0.8189207672219594,0.8389207672219594,0.8689207672219594,0.8539207672219594,0.8439207672219594,0.8539207672219594
959,0.8714956860116144,0.8714956860116144,0.8714956860116144,0.8814956860116144,0.8814956860116144,0.8914956860116144,0.9014956860116144,0.9014956860116144,0.8914956860116144,0.9014956860116144,0.9014956860116144,0.9014956860116144,0.9014956860116144
960,0.9850193256439223,0.9850193256439223,0.9950193256439223,0.9950193256439223,0.9950193256439223,0.9950193256439223,0.9950193256439223,1.0,1.0,1.0,0.995,0.985,0.985
961,0.8413673871820644,0.8313673871820644,0.8213673871820644,0.8113673871820644,0.8113673871820644,0.8113673871820644,0.8013673871820644,0.8013673871820644,0.8013673871820644,0.8013673871820644,0.8013673871820644,0.8063673871820644,0.8063673871820644
962,0.919034120253226,0.919034120253226,0.929034120253226,0.919034120253226,0.9090341202532259,0.9090341202532259,0.929034120253226,0.929034120253226,0.929034120253226,0.939034120253226,0.939034120253226,0.939034120253226,0.949034120253226
963,0.9328150915060943,0.9228150915060943,0.9128150915060943,0.9128150915060943,0.9028150915060943,0.9028150915060943,0.8928150915060943,0.8978150915060943,0.8978150915060943,0.8978150915060943,0.9178150915060943,0.9078150915060943,0.9078150915060943
964,0.969329207015792,0.969329207015792,0.9593292070157919,0.9593292070157919,0.9593292070157919,0.9593292070157919,0.9393292070157919,0.9393292070157919,0.9293292070157919,0.9343292070157919,0.9343292070157919,0.9443292070157919,0.9543292070157919
965,0.903949138474925,0.903949138474925,0.923949138474925,0.923949138474925,0.893949138474925,0.913949138474925,0.903949138474925,0.893949138474925,0.913949138474925,0.903949138474925,0.913949138474925,0.883949138474925,0.883949138474925
966,0.9344776659714115,0.9044776659714114,0.8944776659714114,0.8944776659714114,0.8944776659714114,0.8994776659714114,0.8994776659714114,0.8994776659714114,0.9094776659714114,0.9294776659714115,0.9294776659714115,0.9394776659714115,0.9494776659714115
967,0.9965075475449248,0.9865075475449248,0.9865075475449248,0.9665075475449247,0.9765075475449247,0.9965075475449248,0.9865075475449248,0.9865075475449248,1.0,1.0,1.0,0.99,0.99
968,0.9273547634747519,0.9473547634747519,0.9473547634747519,0.9373547634747519,0.9373547634747519,0.9373547634747519,0.9473547634747519,0.9573547634747519,0.9373547634747519,0.9373547634747519,0.9373547634747519,0.9273547634747519,0.9373547634747519
969,0.9311030509159917,0.9211030509159917,0.9211030509159917,0.9311030509159917,0.9411030509159917,0.9311030509159917,0.9511030509159917,0.9311030509159917,0.9211030509159917,0.9111030509159916,0.9211030509159917,0.9311030509159917,0.9211030509159917
970,0.8316458474150896,0.8316458474150896,0.8416458474150896,0.8516458474150896,0.8216458474150896,0.8216458474150896,0.8116458474150896,0.8116458474150896,0.8116458474150896,0.8116458474150896,0.8216458474150896,0.8216458474150896,0.8316458474150896
971,0.8909164202759761,0.8909164202759761,0.9109164202759761,0.9309164202759761,0.9309164202759761,0.9309164202759761,0.9259164202759761,0.9159164202759761,0.9059164202759761,0.9059164202759761,0.9259164202759761,0.9159164202759761,0.8959164202759761
972,0.9363325916942248,0.9763325916942248,0.9663325916942248,0.9463325916942248,0.9563325916942248,0.9563325916942248,0.9563325916942248,0.9563325916942248,0.9563325916942248,0.9563325916942248,0.9463325916942248,0.9463325916942248,0.9463325916942248
973,0.94706272346169,0.94706272346169,0.94706272346169,0.95706272346169,0.95706272346169,0.95706272346169,0.94706272346169,0.94706272346169,0.9170627234616899,0.93206272346169,0.93206272346169,0.93206272346169,0.9220627234616899
974,0.924827621012797,0.924827621012797,0.924827621012797,0.914827621012797,0.914827621012797,0.904827621012797,0.904827621012797,0.934827621012797,0.934827621012797,0.934827621012797,0.924827621012797,0.924827621012797,0.934827621012797
975,1.0,1.0,1.0,1.0,1.0,1.0,1.0,0.98,0.97,0.97,0.97,0.96,0.97
976,0.9363384161879995,0.9163384161879995,0.9163384161879995,0.9363384161879995,0.9463384161879995,0.9463384161879995,0.9563384161879995,0.9663384161879995,0.9663384161879995,0.9563384161879995,0.9163384161879995,0.9163384161879995,0.9163384161879995
977,0.8839385424486971,0.8839385424486971,0.8939385424486971,0.8939385424486971,0.9039385424486971,0.9039385424486971,0.9039385424486971,0.8939385424486971,0.8839385424486971,0.8939385424486971,0.863938542448697,0.863938542448697,0.843938542448697
978,0.9597404893394067,0.9497404893394067,0.9497404893394067,0.9497404893394067,0.9397404893394067,0.9297404893394067,0.9297404893394067,0.9297404893394067,0.9297404893394067,0.9497404893394067,0.9397404893394067,0.9397404893394067,0.9397404893394067
979,0.9172670856115119,0.937267085611512,0.9172670856115119,0.9072670856115119,0.9072670856115119,0.9272670856115119,0.9272670856115119,0.9272670856115119,0.937267085611512,0.937267085611512,0.957267085611512,0.957267085611512,0.952267085611512
980,0.9204928267371855,0.9504928267371855,0.9504928267371855,0.9354928267371855,0.9554928267371855,0.9354928267371855,0.9454928267371855,0.9554928267371855,0.9454928267371855,0.9254928267371855,0.9154928267371855,0.9254928267371855,0.9354928267371855
981,0.9368022243120322,0.9168022243120322,0.9268022243120322,0.9268022243120322,0.9268022243120322,0.9468022243120322,0.9668022243120322,0.9668022243120322,0.9668022243120322,0.9518022243120322,0.9518022243120322,0.9518022243120322,0.9518022243120322
982,0.8681782927863195,0.8681782927863195,0.8781782927863195,0.8781782927863195,0.8781782927863195,0.8781782927863195,0.8781782927863195,0.8781782927863195,0.8681782927863195,0.8681782927863195,0.8881782927863195,0.8981782927863196,0.8981782927863196
983,0.8830070089967756,0.8730070089967756,0.8830070089967756,0.8630070089967756,0.8430070089967756,0.8530070089967756,0.8680070089967756,0.8680070089967756,0.8480070089967756,0.8480070089967756,0.8480070089967756,0.8480070089967756,0.8580070089967756
984,0.8567555188713669,0.8567555188713669,0.8567555188713669,0.8267555188713669,0.8367555188713669,0.8467555188713669,0.8367555188713669,0.8367555188713669,0.8467555188713669,0.8367555188713669,0.8667555188713669,0.8667555188713669,0.8667555188713669
985,0.952680516815447,0.962680516815447,0.982680516815447,0.952680516815447,0.962680516815447,0.962680516815447,0.972680516815447,0.972680516815447,0.972680516815447,0.952680516815447,0.942680516815447,0.942680516815447,0.932680516815447
986,0.9250131504758823,0.9450131504758823,0.9550131504758823,0.9250131504758823,0.9350131504758823,0.9050131504758823,0.9150131504758823,0.9150131504758823,0.9050131504758823,0.8950131504758823,0.8950131504758823,0.8950131504758823,0.9050131504758823
987,0.8438722756457079,0.8338722756457079,0.8338722756457079,0.8338722756457079,0.8238722756457079,0.8238722756457079,0.8438722756457079,0.8338722756457079,0.8338722756457079,0.8538722756457079,0.8438722756457079,0.8538722756457079,0.8538722756457079
988,0.9945481716650821,1.0,1.0,1.0,0.99,0.97,0.97,0.96,0.99,0.99,0.975,0.985,0.995
989,0.9101333026523725,0.9101333026523725,0.9001333026523725,0.9001333026523725,0.9001333026523725,0.9101333026523725,0.9101333026523725,0.9301333026523725,0.9501333026523725,0.9301333026523725,0.9301333026523725,0.9051333026523725,0.8751333026523724
990,0.8944279356214249,0.8644279356214248,0.8644279356214248,0.8544279356214248,0.8544279356214248,0.8644279356214248,0.8794279356214248,0.8794279356214248,0.8894279356214249,0.9294279356214249,0.9194279356214249,0.9194279356214249,0.9194279356214249
991,0.9206188191267555,0.9006188191267555,0.9006188191267555,0.9006188191267555,0.9006188191267555,0.9206188191267555,0.8906188191267554,0.9056188191267555,0.9256188191267555,0.9356188191267555,0.9456188191267555,0.9456188191267555,0.9456188191267555
992,0.9086971814595928,0.9086971814595928,0.9086971814595928,0.8786971814595927,0.8786971814595927,0.8886971814595928,0.8886971814595928,0.8786971814595927,0.8986971814595928,0.8986971814595928,0.8986971814595928,0.8986971814595928,0.9086971814595928
993,0.8427111862500156,0.8327111862500156,0.8527111862500156,0.8527111862500156,0.8427111862500156,0.8027111862500156,0.8027111862500156,0.8027111862500156,0.8027111862500156,0.8027111862500156,0.8027111862500156,0.8027111862500156,0.8077111862500156
994,0.9862436856944955,0.9862436856944955,0.9662436856944955,0.9662436856944955,0.9662436856944955,0.9562436856944955,0.9562436856944955,0.9662436856944955,0.9662436856944955,0.9762436856944955,0.9762436856944955,0.9662436856944955,0.9862436856944955
995,0.9409138783166022,0.9509138783166022,0.9509138783166022,0.9309138783166022,0.9309138783166022,0.9509138783166022,0.9509138783166022,0.9609138783166022,0.9709138783166023,0.9709138783166023,0.9509138783166022,0.9609138783166022,0.9609138783166022
996,0.9451546803300637,0.9651546803300637,0.9751546803300637,0.9751546803300637,0.9751546803300637,0.9651546803300637,0.9751546803300637,0.9751546803300637,0.9551546803300637,0.9551546803300637,0.9651546803300637,0.9651546803300637,0.9401546803300637
997,0.9403989013849209,0.9403989013849209,0.9503989013849209,0.9403989013849209,0.9303989013849209,0.9503989013849209,0.9503989013849209,0.9703989013849209,0.9803989013849209,0.9803989013849209,0.9803989013849209,0.9703989013849209,0.9703989013849209
998,0.8986618340418826,0.8986618340418826,0.9086618340418826,0.8986618340418826,0.8986618340418826,0.9186618340418826,0.8986618340418826,0.9286618340418826,0.9186618340418826,0.9186618340418826,0.9186618340418826,0.9186618340418826,0.9086618340418826
999,0.8873680298908316,0.8973680298908316,0.9173680298908317,0.9173680298908317,0.9173680298908317,0.9173680298908317,0.9173680298908317,0.9023680298908316,0.9223680298908317,0.8923680298908316,0.9123680298908317,0.9123680298908317,0.9123680298908317
