Time Step,Simulation,0,2,4,6,8,10,12,14,16,18,20,22
0,0.8326246982369495,0.8426246982369495,0.8426246982369495,0.8626246982369495,0.8476246982369495,0.8376246982369495,0.8376246982369495,0.8476246982369495,0.8476246982369495,0.8676246982369495,0.8576246982369495,0.8476246982369495,0.8576246982369495
1,0.8408861969168551,0.8408861969168551,0.8608861969168551,0.8608861969168551,0.8508861969168551,0.8608861969168551,0.8608861969168551,0.8508861969168551,0.8708861969168551,0.8608861969168551,0.8608861969168551,0.8808861969168551,0.8608861969168551
2,0.8611582690288289,0.8611582690288289,0.8311582690288288,0.8461582690288288,0.8461582690288288,0.8261582690288288,0.8461582690288288,0.8661582690288289,0.8761582690288289,0.8661582690288289,0.8661582690288289,0.8361582690288288,0.8361582690288288
3,0.8055380235488911,0.8055380235488911,0.7955380235488911,0.7955380235488911,0.8155380235488912,0.8155380235488912,0.8255380235488912,0.8255380235488912,0.8255380235488912,0.8255380235488912,0.8255380235488912,0.8255380235488912,0.8355380235488912
4,0.792970253826899,0.792970253826899,0.802970253826899,0.792970253826899,0.792970253826899,0.772970253826899,0.772970253826899,0.772970253826899,0.752970253826899,0.752970253826899,0.757970253826899,0.757970253826899,0.767970253826899
5,0.8834826499093785,0.8834826499093785,0.8734826499093785,0.8734826499093785,0.8834826499093785,0.8734826499093785,0.8634826499093785,0.8534826499093785,0.8634826499093785,0.8734826499093785,0.8834826499093785,0.9234826499093786,0.9234826499093786
6,0.9546957973061897,0.9546957973061897,0.9546957973061897,0.9546957973061897,0.9446957973061897,0.9346957973061897,0.9346957973061897,0.9346957973061897,0.9446957973061897,0.9246957973061897,0.9246957973061897,0.9246957973061897,0.9146957973061897
7,0.9154910823817876,0.9254910823817876,0.9254910823817876,0.9554910823817876,0.9504910823817876,0.9504910823817876,0.9404910823817876,0.9404910823817876,0.9404910823817876,0.9204910823817876,0.9504910823817876,0.9404910823817876,0.9404910823817876
8,0.7967566918064389,0.7967566918064389,0.7967566918064389,0.836756691806439,0.826756691806439,0.826756691806439,0.826756691806439,0.826756691806439,0.816756691806439,0.816756691806439,0.816756691806439,0.816756691806439,0.7917566918064389
9,0.7534540477253183,0.7334540477253183,0.7334540477253183,0.7334540477253183,0.7434540477253183,0.7234540477253183,0.7234540477253183,0.7384540477253183,0.7384540477253183,0.7384540477253183,0.7384540477253183,0.7484540477253183,0.7284540477253183
10,0.906017899933714,0.926017899933714,0.946017899933714,0.936017899933714,0.936017899933714,0.936017899933714,0.921017899933714,0.921017899933714,0.921017899933714,0.921017899933714,0.931017899933714,0.931017899933714,0.921017899933714
11,0.8464591046546484,0.8464591046546484,0.8464591046546484,0.8264591046546483,0.8264591046546483,0.8364591046546483,0.8464591046546484,0.8564591046546484,0.8564591046546484,0.8664591046546484,0.8864591046546484,0.8664591046546484,0.8764591046546484
12,0.8245107269987719,0.8245107269987719,0.8145107269987719,0.8045107269987719,0.8045107269987719,0.8045107269987719,0.8045107269987719,0.8145107269987719,0.8145107269987719,0.8245107269987719,0.854510726998772,0.854510726998772,0.864510726998772
13,0.8486816845762992,0.8486816845762992,0.8586816845762992,0.8586816845762992,0.8686816845762992,0.8686816845762992,0.8586816845762992,0.8486816845762992,0.8786816845762992,0.8686816845762992,0.8686816845762992,0.8786816845762992,0.8786816845762992
14,0.8381444952451761,0.8181444952451761,0.8181444952451761,0.8281444952451761,0.8281444952451761,0.8281444952451761,0.8181444952451761,0.8281444952451761,0.8181444952451761,0.8381444952451761,0.8381444952451761,0.8281444952451761,0.8081444952451761
15,0.9410248383289023,0.9610248383289023,0.9710248383289023,0.9610248383289023,0.9610248383289023,0.9510248383289023,0.9310248383289023,0.9210248383289023,0.9510248383289023,0.9510248383289023,0.9810248383289023,0.9510248383289023,0.9510248383289023
16,0.8140547292885045,0.8140547292885045,0.8040547292885045,0.8140547292885045,0.8040547292885045,0.7840547292885045,0.8040547292885045,0.8040547292885045,0.7940547292885045,0.7940547292885045,0.7940547292885045,0.8040547292885045,0.8040547292885045
17,0.8375371647971485,0.8475371647971485,0.8475371647971485,0.8575371647971485,0.8675371647971485,0.8775371647971485,0.8775371647971485,0.8775371647971485,0.8775371647971485,0.8775371647971485,0.8775371647971485,0.8775371647971485,0.8775371647971485
18,0.8990200984437807,0.9090200984437807,0.9190200984437807,0.9190200984437807,0.9090200984437807,0.9090200984437807,0.9090200984437807,0.9190200984437807,0.9090200984437807,0.8890200984437807,0.8890200984437807,0.8990200984437807,0.8990200984437807
19,0.7039724613563936,0.6939724613563936,0.6939724613563936,0.6939724613563936,0.6939724613563936,0.7039724613563936,0.7139724613563936,0.7039724613563936,0.7039724613563936,0.7039724613563936,0.7039724613563936,0.6939724613563936,0.6939724613563936
20,0.7720852644177637,0.7820852644177637,0.7820852644177637,0.7620852644177637,0.7520852644177637,0.7520852644177637,0.7420852644177637,0.7420852644177637,0.7570852644177637,0.7570852644177637,0.7570852644177637,0.7470852644177637,0.7470852644177637
21,0.806300413720175,0.816300413720175,0.826300413720175,0.836300413720175,0.816300413720175,0.816300413720175,0.806300413720175,0.806300413720175,0.806300413720175,0.796300413720175,0.796300413720175,0.796300413720175,0.796300413720175
22,0.8202185006652647,0.8302185006652647,0.8402185006652647,0.8402185006652647,0.8502185006652647,0.8402185006652647,0.8502185006652647,0.8602185006652647,0.8602185006652647,0.8552185006652647,0.8452185006652647,0.8452185006652647,0.8552185006652647
23,0.8576915707312686,0.8476915707312686,0.8676915707312686,0.8576915707312686,0.8676915707312686,0.8576915707312686,0.8676915707312686,0.8576915707312686,0.8476915707312686,0.8476915707312686,0.8576915707312686,0.8376915707312685,0.8676915707312686
24,0.8306022459857012,0.8406022459857012,0.8706022459857012,0.8706022459857012,0.8706022459857012,0.8656022459857012,0.8556022459857012,0.8556022459857012,0.8556022459857012,0.8556022459857012,0.8656022459857012,0.8556022459857012,0.8556022459857012
25,0.8035961679042796,0.8135961679042796,0.8335961679042796,0.8435961679042796,0.8385961679042796,0.8285961679042796,0.8085961679042796,0.8085961679042796,0.8085961679042796,0.8185961679042796,0.7985961679042796,0.7785961679042795,0.7685961679042795
26,0.7811971181718517,0.7811971181718517,0.7811971181718517,0.7911971181718517,0.7911971181718517,0.7811971181718517,0.8011971181718517,0.7811971181718517,0.7811971181718517,0.7811971181718517,0.7911971181718517,0.7811971181718517,0.7611971181718516
27,0.8273035759248898,0.8173035759248898,0.8073035759248898,0.7973035759248898,0.8123035759248898,0.8123035759248898,0.8123035759248898,0.8123035759248898,0.8123035759248898,0.8123035759248898,0.8123035759248898,0.8223035759248898,0.8223035759248898
28,0.8148334594594597,0.7948334594594597,0.7848334594594597,0.7848334594594597,0.7748334594594597,0.7798334594594597,0.7898334594594597,0.7898334594594597,0.7798334594594597,0.7998334594594597,0.7998334594594597,0.7998334594594597,0.7798334594594597
29,0.9038940995580521,0.9038940995580521,0.9038940995580521,0.8838940995580521,0.8738940995580521,0.8738940995580521,0.8838940995580521,0.8738940995580521,0.8738940995580521,0.8838940995580521,0.8738940995580521,0.8838940995580521,0.8838940995580521
30,0.7697694107814828,0.7597694107814827,0.7797694107814828,0.7797694107814828,0.7797694107814828,0.7797694107814828,0.7697694107814828,0.7697694107814828,0.7597694107814827,0.7597694107814827,0.7497694107814827,0.7597694107814827,0.7597694107814827
31,0.8599807315943874,0.8599807315943874,0.8799807315943874,0.8599807315943874,0.8799807315943874,0.8699807315943874,0.8699807315943874,0.8699807315943874,0.8699807315943874,0.8699807315943874,0.8699807315943874,0.8699807315943874,0.8699807315943874
32,0.8323246664237,0.8423246664237,0.8623246664237,0.8623246664237,0.8723246664237,0.8623246664237,0.8623246664237,0.8523246664237,0.8623246664237,0.8473246664237,0.8473246664237,0.8473246664237,0.8473246664237
33,0.7883734346429719,0.7883734346429719,0.798373434642972,0.7883734346429719,0.7883734346429719,0.798373434642972,0.7883734346429719,0.7783734346429719,0.798373434642972,0.7883734346429719,0.7883734346429719,0.7483734346429719,0.7483734346429719
34,0.8392264060595002,0.8392264060595002,0.8292264060595002,0.8492264060595002,0.8392264060595002,0.8492264060595002,0.8392264060595002,0.8392264060595002,0.8392264060595002,0.8492264060595002,0.8492264060595002,0.8492264060595002,0.8492264060595002
35,0.9099304721106612,0.9199304721106613,0.9099304721106612,0.9099304721106612,0.8999304721106612,0.9099304721106612,0.8999304721106612,0.8999304721106612,0.8999304721106612,0.9099304721106612,0.9099304721106612,0.9199304721106613,0.9199304721106613
36,0.8057296335958232,0.8057296335958232,0.7957296335958232,0.7757296335958231,0.7757296335958231,0.7657296335958231,0.7707296335958231,0.7707296335958231,0.7807296335958231,0.7807296335958231,0.8107296335958232,0.8007296335958232,0.8007296335958232
37,0.8054584627742624,0.8054584627742624,0.8054584627742624,0.8054584627742624,0.8054584627742624,0.8054584627742624,0.7954584627742624,0.7854584627742623,0.7954584627742624,0.7954584627742624,0.8254584627742624,0.8254584627742624,0.8154584627742624
38,0.8534164112770771,0.8534164112770771,0.8534164112770771,0.8434164112770771,0.8434164112770771,0.8234164112770771,0.8134164112770771,0.8134164112770771,0.8184164112770771,0.8184164112770771,0.8184164112770771,0.8184164112770771,0.8184164112770771
39,0.9036120654723014,0.8936120654723014,0.8836120654723014,0.8836120654723014,0.8836120654723014,0.8936120654723014,0.9136120654723014,0.9136120654723014,0.9236120654723015,0.9236120654723015,0.9236120654723015,0.9136120654723014,0.8936120654723014
40,0.8108116505097142,0.8208116505097142,0.8308116505097142,0.8308116505097142,0.8408116505097142,0.8508116505097142,0.8508116505097142,0.8208116505097142,0.8108116505097142,0.7808116505097141,0.7708116505097141,0.7708116505097141,0.7708116505097141
41,0.8875258990690358,0.8875258990690358,0.8875258990690358,0.8975258990690358,0.8975258990690358,0.8975258990690358,0.8875258990690358,0.8875258990690358,0.8875258990690358,0.8975258990690358,0.8975258990690358,0.9175258990690358,0.9175258990690358
42,0.8312066332060143,0.8212066332060143,0.8212066332060143,0.8112066332060143,0.8112066332060143,0.8112066332060143,0.8012066332060143,0.8162066332060143,0.7962066332060143,0.8062066332060143,0.8062066332060143,0.8062066332060143,0.8262066332060143
43,0.8398721580403116,0.8398721580403116,0.8398721580403116,0.8598721580403116,0.8598721580403116,0.8598721580403116,0.8398721580403116,0.8398721580403116,0.8298721580403116,0.8098721580403115,0.8098721580403115,0.7998721580403115,0.7998721580403115
44,0.8691140218120029,0.8491140218120029,0.8391140218120029,0.8491140218120029,0.8291140218120029,0.8391140218120029,0.8391140218120029,0.8491140218120029,0.8491140218120029,0.8391140218120029,0.8391140218120029,0.8391140218120029,0.8291140218120029
45,0.8561089934173143,0.8361089934173143,0.8261089934173143,0.8461089934173143,0.8561089934173143,0.8561089934173143,0.8561089934173143,0.8561089934173143,0.8561089934173143,0.8561089934173143,0.8561089934173143,0.8461089934173143,0.8461089934173143
46,0.8683769032986103,0.8683769032986103,0.8683769032986103,0.8983769032986103,0.8983769032986103,0.8783769032986103,0.8783769032986103,0.8683769032986103,0.8783769032986103,0.8683769032986103,0.8683769032986103,0.8683769032986103,0.8783769032986103
47,0.8641120949588301,0.8741120949588301,0.8741120949588301,0.8841120949588301,0.8841120949588301,0.8841120949588301,0.8841120949588301,0.8941120949588302,0.8841120949588301,0.8841120949588301,0.8841120949588301,0.8841120949588301,0.8841120949588301
48,0.8362250375303318,0.8362250375303318,0.8362250375303318,0.8362250375303318,0.8362250375303318,0.8462250375303318,0.8462250375303318,0.8462250375303318,0.8462250375303318,0.8562250375303319,0.8662250375303319,0.8762250375303319,0.8712250375303319
49,0.8378288816382213,0.8378288816382213,0.8278288816382213,0.8478288816382213,0.8378288816382213,0.8478288816382213,0.8278288816382213,0.8278288816382213,0.8278288816382213,0.8278288816382213,0.8378288816382213,0.8178288816382213,0.8078288816382213
50,0.7959588443009616,0.8059588443009617,0.8059588443009617,0.7959588443009616,0.7859588443009616,0.8059588443009617,0.8059588443009617,0.8159588443009617,0.8259588443009617,0.8259588443009617,0.8109588443009617,0.8009588443009616,0.7809588443009616
51,0.875038586548024,0.865038586548024,0.845038586548024,0.835038586548024,0.840038586548024,0.840038586548024,0.850038586548024,0.840038586548024,0.840038586548024,0.840038586548024,0.850038586548024,0.850038586548024,0.850038586548024
52,0.8382556329873686,0.8382556329873686,0.8382556329873686,0.8382556329873686,0.8482556329873686,0.8482556329873686,0.8382556329873686,0.8382556329873686,0.8482556329873686,0.8682556329873686,0.8782556329873686,0.8782556329873686,0.8732556329873686
53,0.9028494799411794,0.9028494799411794,0.9128494799411794,0.9128494799411794,0.9028494799411794,0.9028494799411794,0.9128494799411794,0.9128494799411794,0.9228494799411794,0.9128494799411794,0.9028494799411794,0.9128494799411794,0.9128494799411794
54,0.8868236646063936,0.8868236646063936,0.8768236646063936,0.8968236646063936,0.8768236646063936,0.8768236646063936,0.9068236646063936,0.9168236646063936,0.9268236646063936,0.9218236646063936,0.8918236646063936,0.8818236646063936,0.8818236646063936
55,0.8409643392872292,0.8409643392872292,0.8609643392872293,0.8359643392872292,0.8359643392872292,0.8059643392872292,0.8159643392872292,0.8259643392872292,0.8559643392872293,0.8359643392872292,0.8359643392872292,0.8159643392872292,0.7959643392872292
56,0.8788541419331212,0.8888541419331212,0.8888541419331212,0.8988541419331212,0.8788541419331212,0.8988541419331212,0.9088541419331212,0.9088541419331212,0.9088541419331212,0.9188541419331212,0.9138541419331212,0.8738541419331212,0.8838541419331212
57,0.8718762329605709,0.8718762329605709,0.8818762329605709,0.8818762329605709,0.8818762329605709,0.8818762329605709,0.901876232960571,0.901876232960571,0.911876232960571,0.906876232960571,0.8868762329605709,0.8768762329605709,0.8768762329605709
58,0.8688215858360381,0.8488215858360381,0.8488215858360381,0.8788215858360381,0.8788215858360381,0.8688215858360381,0.8688215858360381,0.8688215858360381,0.8488215858360381,0.828821585836038,0.828821585836038,0.833821585836038,0.833821585836038
59,0.8312362538255338,0.8412362538255338,0.8412362538255338,0.8312362538255338,0.8412362538255338,0.8512362538255338,0.8512362538255338,0.8412362538255338,0.8412362538255338,0.8212362538255338,0.8012362538255338,0.8012362538255338,0.8162362538255338
60,0.8447081368694782,0.8747081368694782,0.8747081368694782,0.8747081368694782,0.8647081368694782,0.8847081368694782,0.8797081368694782,0.8797081368694782,0.8797081368694782,0.8697081368694782,0.8697081368694782,0.8797081368694782,0.8797081368694782
61,0.8151695548835427,0.8351695548835427,0.8451695548835427,0.8451695548835427,0.8351695548835427,0.8451695548835427,0.8451695548835427,0.8301695548835427,0.8301695548835427,0.8401695548835427,0.8501695548835427,0.8401695548835427,0.8201695548835427
62,0.8133078506251694,0.8333078506251694,0.8333078506251694,0.8333078506251694,0.8433078506251694,0.8533078506251695,0.8433078506251694,0.8433078506251694,0.8433078506251694,0.8433078506251694,0.8333078506251694,0.8333078506251694,0.8333078506251694
63,0.8526815594184377,0.8626815594184377,0.8626815594184377,0.8526815594184377,0.8526815594184377,0.8526815594184377,0.8726815594184377,0.8726815594184377,0.8826815594184377,0.8826815594184377,0.8826815594184377,0.8626815594184377,0.8626815594184377
64,0.8360985926289305,0.8360985926289305,0.8360985926289305,0.8360985926289305,0.8360985926289305,0.8360985926289305,0.8260985926289305,0.8260985926289305,0.8360985926289305,0.8160985926289305,0.8260985926289305,0.8260985926289305,0.8160985926289305
65,0.831072664399162,0.821072664399162,0.821072664399162,0.811072664399162,0.811072664399162,0.801072664399162,0.816072664399162,0.826072664399162,0.806072664399162,0.786072664399162,0.786072664399162,0.786072664399162,0.786072664399162
66,0.9033519844427097,0.9133519844427097,0.9133519844427097,0.9033519844427097,0.9033519844427097,0.9133519844427097,0.9233519844427097,0.9433519844427097,0.9433519844427097,0.9433519844427097,0.9333519844427097,0.9333519844427097,0.9333519844427097
67,0.8317230754161098,0.8317230754161098,0.8217230754161098,0.8517230754161098,0.8617230754161098,0.8467230754161098,0.8567230754161098,0.8467230754161098,0.8467230754161098,0.8467230754161098,0.8367230754161098,0.8267230754161098,0.8267230754161098
68,0.8459783626644346,0.8459783626644346,0.8459783626644346,0.8559783626644346,0.8559783626644346,0.8559783626644346,0.8659783626644346,0.8359783626644346,0.8159783626644346,0.8159783626644346,0.8159783626644346,0.8159783626644346,0.8309783626644346
69,0.8157567877845397,0.8257567877845398,0.8257567877845398,0.8257567877845398,0.8357567877845398,0.8557567877845398,0.8507567877845398,0.8507567877845398,0.8307567877845398,0.8507567877845398,0.8507567877845398,0.8407567877845398,0.8207567877845398
70,0.8018252673610624,0.8018252673610624,0.8018252673610624,0.7818252673610624,0.8018252673610624,0.8118252673610624,0.8118252673610624,0.8118252673610624,0.7918252673610624,0.7918252673610624,0.7918252673610624,0.7918252673610624,0.7818252673610624
71,0.8010147313979601,0.8010147313979601,0.8010147313979601,0.7910147313979601,0.7910147313979601,0.8110147313979601,0.8110147313979601,0.7910147313979601,0.7910147313979601,0.7910147313979601,0.7810147313979601,0.7710147313979601,0.7710147313979601
72,0.7930522433621358,0.8130522433621358,0.8130522433621358,0.8330522433621358,0.8130522433621358,0.8130522433621358,0.8030522433621358,0.8230522433621358,0.8130522433621358,0.7880522433621358,0.7980522433621358,0.7980522433621358,0.7680522433621357
73,0.7920390413591931,0.7820390413591931,0.7720390413591931,0.7720390413591931,0.7820390413591931,0.7920390413591931,0.8020390413591931,0.7920390413591931,0.7620390413591931,0.7720390413591931,0.7720390413591931,0.7820390413591931,0.7720390413591931
74,0.8388938963368368,0.8488938963368368,0.8388938963368368,0.8188938963368367,0.8438938963368368,0.8438938963368368,0.8438938963368368,0.8438938963368368,0.8438938963368368,0.8438938963368368,0.8438938963368368,0.8338938963368367,0.8438938963368368
75,0.8356840644768125,0.8356840644768125,0.8556840644768126,0.8456840644768125,0.8456840644768125,0.8456840644768125,0.8356840644768125,0.8256840644768125,0.8256840644768125,0.8256840644768125,0.8456840644768125,0.8556840644768126,0.8556840644768126
76,0.8631194965236959,0.8431194965236959,0.8431194965236959,0.8431194965236959,0.8231194965236959,0.8331194965236959,0.8531194965236959,0.8531194965236959,0.8731194965236959,0.9031194965236959,0.9031194965236959,0.8981194965236959,0.8981194965236959
77,0.8794988828621094,0.8894988828621094,0.8794988828621094,0.8994988828621094,0.8994988828621094,0.8794988828621094,0.8794988828621094,0.8794988828621094,0.8794988828621094,0.9094988828621094,0.9094988828621094,0.8994988828621094,0.8994988828621094
78,0.8436894937322694,0.8536894937322694,0.8536894937322694,0.8336894937322694,0.8336894937322694,0.8436894937322694,0.8436894937322694,0.8436894937322694,0.8436894937322694,0.8436894937322694,0.8436894937322694,0.8436894937322694,0.8136894937322694
79,0.8060665855947775,0.8060665855947775,0.7860665855947775,0.7860665855947775,0.7960665855947775,0.7960665855947775,0.7760665855947775,0.7760665855947775,0.7910665855947775,0.7910665855947775,0.7710665855947775,0.7810665855947775,0.7910665855947775
80,0.810936545966843,0.8009365459668429,0.810936545966843,0.820936545966843,0.810936545966843,0.830936545966843,0.830936545966843,0.830936545966843,0.830936545966843,0.830936545966843,0.810936545966843,0.820936545966843,0.820936545966843
81,0.787690833352869,0.787690833352869,0.787690833352869,0.777690833352869,0.787690833352869,0.787690833352869,0.767690833352869,0.757690833352869,0.747690833352869,0.747690833352869,0.747690833352869,0.747690833352869,0.757690833352869
82,0.7511354434231365,0.7311354434231365,0.7411354434231365,0.7111354434231365,0.7111354434231365,0.7211354434231365,0.7311354434231365,0.7211354434231365,0.7211354434231365,0.7211354434231365,0.7111354434231365,0.7111354434231365,0.7161354434231365
83,0.8376582000376872,0.8276582000376872,0.8276582000376872,0.8376582000376872,0.8476582000376872,0.8476582000376872,0.8676582000376872,0.8676582000376872,0.8676582000376872,0.8676582000376872,0.8526582000376872,0.8526582000376872,0.8426582000376872
84,0.8396698624577712,0.8396698624577712,0.8196698624577712,0.8196698624577712,0.8196698624577712,0.7996698624577712,0.8046698624577712,0.8246698624577712,0.8346698624577712,0.8446698624577712,0.8446698624577712,0.8446698624577712,0.8546698624577712
85,0.831351443326283,0.831351443326283,0.821351443326283,0.8013514433262829,0.8013514433262829,0.8013514433262829,0.8013514433262829,0.8013514433262829,0.8013514433262829,0.8013514433262829,0.7913514433262829,0.8013514433262829,0.7913514433262829
86,0.8621089844689064,0.8521089844689064,0.8521089844689064,0.8521089844689064,0.8621089844689064,0.8521089844689064,0.8421089844689064,0.8321089844689064,0.8471089844689064,0.8371089844689064,0.8171089844689063,0.8171089844689063,0.8171089844689063
87,0.8500106946185619,0.8300106946185619,0.8400106946185619,0.8300106946185619,0.8500106946185619,0.8400106946185619,0.8500106946185619,0.8300106946185619,0.8300106946185619,0.8200106946185619,0.8100106946185619,0.8200106946185619,0.8100106946185619
88,0.8140638094640114,0.8140638094640114,0.8140638094640114,0.8140638094640114,0.8140638094640114,0.8240638094640114,0.8040638094640113,0.8140638094640114,0.8140638094640114,0.8140638094640114,0.8040638094640113,0.8040638094640113,0.7940638094640113
89,0.8428860971950451,0.8428860971950451,0.8328860971950451,0.8128860971950451,0.8128860971950451,0.8128860971950451,0.8128860971950451,0.8028860971950451,0.8028860971950451,0.8028860971950451,0.8078860971950451,0.8178860971950451,0.8378860971950451
90,0.8513949343298839,0.8713949343298839,0.8513949343298839,0.8313949343298839,0.8113949343298839,0.8213949343298839,0.8313949343298839,0.8313949343298839,0.8313949343298839,0.8713949343298839,0.8613949343298839,0.8913949343298839,0.8913949343298839
91,0.8774171737596624,0.8874171737596624,0.8874171737596624,0.8874171737596624,0.8774171737596624,0.8974171737596625,0.8574171737596624,0.8824171737596624,0.8824171737596624,0.8824171737596624,0.8924171737596625,0.9024171737596625,0.9024171737596625
92,0.8149996814254773,0.8249996814254773,0.8249996814254773,0.8349996814254773,0.8249996814254773,0.8349996814254773,0.8549996814254773,0.8499996814254773,0.8399996814254773,0.8399996814254773,0.8399996814254773,0.8399996814254773,0.8299996814254773
93,0.8995558921940175,0.8895558921940175,0.8795558921940175,0.8995558921940175,0.9095558921940176,0.9195558921940176,0.9295558921940176,0.9295558921940176,0.9145558921940176,0.9145558921940176,0.8945558921940175,0.8945558921940175,0.8645558921940175
94,0.8723001680728195,0.8723001680728195,0.8723001680728195,0.8723001680728195,0.8723001680728195,0.8723001680728195,0.8923001680728195,0.8723001680728195,0.8723001680728195,0.8523001680728195,0.8423001680728195,0.8523001680728195,0.8523001680728195
95,0.8442116943147159,0.8442116943147159,0.8442116943147159,0.8542116943147159,0.8542116943147159,0.8242116943147159,0.8342116943147159,0.8242116943147159,0.8342116943147159,0.8042116943147158,0.8092116943147158,0.8092116943147158,0.8092116943147158
96,0.7740982194568844,0.7740982194568844,0.7840982194568844,0.7840982194568844,0.7940982194568844,0.8040982194568844,0.8040982194568844,0.8140982194568844,0.8140982194568844,0.8040982194568844,0.8040982194568844,0.8040982194568844,0.7890982194568844
97,0.845072350394282,0.845072350394282,0.825072350394282,0.825072350394282,0.825072350394282,0.835072350394282,0.835072350394282,0.835072350394282,0.835072350394282,0.8150723503942819,0.825072350394282,0.825072350394282,0.825072350394282
98,0.848890045466865,0.858890045466865,0.848890045466865,0.838890045466865,0.848890045466865,0.838890045466865,0.838890045466865,0.858890045466865,0.858890045466865,0.838890045466865,0.828890045466865,0.848890045466865,0.848890045466865
99,0.9009648938039547,0.9009648938039547,0.8909648938039547,0.8909648938039547,0.9009648938039547,0.9109648938039547,0.8909648938039547,0.8909648938039547,0.9109648938039547,0.9109648938039547,0.9109648938039547,0.9109648938039547,0.9209648938039547
100,0.8190197729858133,0.8190197729858133,0.8590197729858133,0.8590197729858133,0.8590197729858133,0.8540197729858133,0.8440197729858133,0.8340197729858133,0.8340197729858133,0.8440197729858133,0.8440197729858133,0.8440197729858133,0.8440197729858133
101,0.882091025036217,0.882091025036217,0.8620910250362169,0.8620910250362169,0.8720910250362169,0.8620910250362169,0.892091025036217,0.902091025036217,0.902091025036217,0.912091025036217,0.922091025036217,0.912091025036217,0.902091025036217
102,0.8695148511064089,0.8595148511064089,0.8595148511064089,0.8495148511064089,0.8495148511064089,0.8695148511064089,0.8795148511064089,0.8595148511064089,0.8795148511064089,0.8595148511064089,0.8695148511064089,0.8795148511064089,0.8795148511064089
103,0.8344072248322415,0.8344072248322415,0.8344072248322415,0.8344072248322415,0.8444072248322415,0.8344072248322415,0.8344072248322415,0.8344072248322415,0.8344072248322415,0.8344072248322415,0.8444072248322415,0.8544072248322415,0.8544072248322415
104,0.8919310946977583,0.8819310946977583,0.8719310946977583,0.8619310946977583,0.8619310946977583,0.8819310946977583,0.8819310946977583,0.8819310946977583,0.8919310946977583,0.8919310946977583,0.8619310946977583,0.8619310946977583,0.8619310946977583
105,0.8711704732935072,0.8711704732935072,0.8711704732935072,0.8711704732935072,0.8711704732935072,0.8411704732935071,0.8561704732935072,0.8661704732935072,0.8661704732935072,0.8761704732935072,0.8761704732935072,0.8561704732935072,0.8561704732935072
106,0.7969330535705085,0.7969330535705085,0.7969330535705085,0.8069330535705085,0.8069330535705085,0.7969330535705085,0.7969330535705085,0.7969330535705085,0.7869330535705085,0.7969330535705085,0.7969330535705085,0.7969330535705085,0.7869330535705085
107,0.8495345333512156,0.8395345333512156,0.8395345333512156,0.8395345333512156,0.8595345333512157,0.8695345333512157,0.8495345333512156,0.8495345333512156,0.8695345333512157,0.8795345333512157,0.8695345333512157,0.8695345333512157,0.8495345333512156
108,0.8476810990833634,0.8476810990833634,0.8576810990833634,0.8576810990833634,0.8376810990833634,0.8376810990833634,0.8576810990833634,0.8676810990833634,0.8676810990833634,0.8776810990833634,0.8626810990833634,0.8626810990833634,0.8526810990833634
109,0.8778769305888598,0.8878769305888599,0.8778769305888598,0.8778769305888598,0.8878769305888599,0.8678769305888598,0.8678769305888598,0.8478769305888598,0.8578769305888598,0.8578769305888598,0.8578769305888598,0.8478769305888598,0.8578769305888598
110,0.8682269824520487,0.8582269824520486,0.8682269824520487,0.8682269824520487,0.8682269824520487,0.8682269824520487,0.8682269824520487,0.8882269824520487,0.8882269824520487,0.8882269824520487,0.8882269824520487,0.8982269824520487,0.8832269824520487
111,0.8219173279761264,0.7919173279761264,0.7919173279761264,0.8019173279761264,0.7919173279761264,0.7919173279761264,0.7919173279761264,0.8019173279761264,0.8019173279761264,0.7919173279761264,0.7819173279761263,0.7819173279761263,0.7869173279761263
112,0.857568436149804,0.837568436149804,0.827568436149804,0.817568436149804,0.822568436149804,0.832568436149804,0.832568436149804,0.822568436149804,0.832568436149804,0.852568436149804,0.852568436149804,0.862568436149804,0.842568436149804
113,0.7893094591368938,0.7993094591368938,0.7993094591368938,0.7793094591368938,0.7793094591368938,0.7593094591368937,0.7593094591368937,0.7593094591368937,0.7743094591368938,0.7843094591368938,0.7843094591368938,0.7843094591368938,0.7843094591368938
114,0.8689187931943767,0.8689187931943767,0.8789187931943767,0.8889187931943767,0.8889187931943767,0.8889187931943767,0.8989187931943767,0.8889187931943767,0.8789187931943767,0.8689187931943767,0.8389187931943767,0.8389187931943767,0.8389187931943767
115,0.9156495782590612,0.9256495782590612,0.9156495782590612,0.9156495782590612,0.9156495782590612,0.9156495782590612,0.9056495782590612,0.8956495782590612,0.9056495782590612,0.8956495782590612,0.9056495782590612,0.9156495782590612,0.9256495782590612
116,0.8709805769444101,0.8609805769444101,0.8609805769444101,0.8609805769444101,0.8509805769444101,0.8509805769444101,0.8509805769444101,0.8709805769444101,0.8909805769444101,0.8809805769444101,0.8909805769444101,0.8909805769444101,0.8809805769444101
117,0.8785873852016628,0.8885873852016628,0.8885873852016628,0.8885873852016628,0.8985873852016628,0.8885873852016628,0.9185873852016628,0.9085873852016628,0.9185873852016628,0.9085873852016628,0.9085873852016628,0.8885873852016628,0.8885873852016628
118,0.8651009096685643,0.8651009096685643,0.8451009096685643,0.8751009096685644,0.8851009096685644,0.8851009096685644,0.8951009096685644,0.8951009096685644,0.9051009096685644,0.8951009096685644,0.9051009096685644,0.9001009096685644,0.9001009096685644
119,0.783169769257388,0.783169769257388,0.793169769257388,0.783169769257388,0.783169769257388,0.793169769257388,0.793169769257388,0.793169769257388,0.793169769257388,0.793169769257388,0.793169769257388,0.763169769257388,0.773169769257388
120,0.9311195297507662,0.9411195297507662,0.9511195297507662,0.9611195297507662,0.9611195297507662,0.9611195297507662,0.9611195297507662,0.9611195297507662,0.9511195297507662,0.9511195297507662,0.9411195297507662,0.9711195297507662,0.9711195297507662
121,0.893788018558651,0.893788018558651,0.893788018558651,0.893788018558651,0.893788018558651,0.893788018558651,0.893788018558651,0.893788018558651,0.883788018558651,0.873788018558651,0.873788018558651,0.903788018558651,0.903788018558651
122,0.8997681719471969,0.8997681719471969,0.919768171947197,0.909768171947197,0.909768171947197,0.909768171947197,0.929768171947197,0.929768171947197,0.929768171947197,0.919768171947197,0.919768171947197,0.8997681719471969,0.8997681719471969
123,0.8803020386493262,0.9103020386493262,0.9003020386493262,0.8803020386493262,0.8803020386493262,0.8903020386493262,0.9003020386493262,0.8703020386493262,0.8703020386493262,0.8603020386493262,0.8603020386493262,0.8603020386493262,0.8503020386493262
124,0.8155897425437852,0.8155897425437852,0.8555897425437853,0.8455897425437853,0.8355897425437853,0.8355897425437853,0.8355897425437853,0.8355897425437853,0.8355897425437853,0.8555897425437853,0.8555897425437853,0.8555897425437853,0.8455897425437853
125,0.8228454865047531,0.8328454865047531,0.8328454865047531,0.8328454865047531,0.8328454865047531,0.8328454865047531,0.8328454865047531,0.8628454865047531,0.8578454865047531,0.8478454865047531,0.8378454865047531,0.8378454865047531,0.8378454865047531
126,0.8238123279541654,0.8038123279541654,0.8038123279541654,0.7938123279541653,0.7938123279541653,0.8138123279541654,0.8038123279541654,0.8138123279541654,0.8138123279541654,0.7938123279541653,0.7938123279541653,0.8138123279541654,0.8338123279541654
127,0.8366658132045277,0.8366658132045277,0.8466658132045277,0.8366658132045277,0.8166658132045277,0.8366658132045277,0.8266658132045277,0.8366658132045277,0.8566658132045277,0.8466658132045277,0.8566658132045277,0.8566658132045277,0.8466658132045277
128,0.8640527301369781,0.8440527301369781,0.8440527301369781,0.8440527301369781,0.8340527301369781,0.8240527301369781,0.8340527301369781,0.8340527301369781,0.8340527301369781,0.8340527301369781,0.8490527301369781,0.8490527301369781,0.8490527301369781
129,0.7976969480122991,0.777696948012299,0.767696948012299,0.767696948012299,0.782696948012299,0.782696948012299,0.782696948012299,0.762696948012299,0.772696948012299,0.7926969480122991,0.7926969480122991,0.762696948012299,0.772696948012299
130,0.7996304426181,0.8096304426181,0.8096304426181,0.8096304426181,0.7996304426181,0.8296304426181,0.8296304426181,0.8296304426181,0.8096304426181,0.8196304426181,0.8196304426181,0.8196304426181,0.8096304426181
131,0.8426890331062924,0.8326890331062924,0.8226890331062924,0.8226890331062924,0.8226890331062924,0.8326890331062924,0.8426890331062924,0.8426890331062924,0.8526890331062924,0.8526890331062924,0.8526890331062924,0.8526890331062924,0.8526890331062924
132,0.8605126405720627,0.8505126405720627,0.8605126405720627,0.8605126405720627,0.8505126405720627,0.8205126405720626,0.8305126405720626,0.8305126405720626,0.8205126405720626,0.8305126405720626,0.8205126405720626,0.8205126405720626,0.8405126405720627
133,0.7688711893120702,0.7788711893120702,0.7788711893120702,0.7688711893120702,0.7488711893120702,0.7388711893120702,0.7538711893120702,0.7538711893120702,0.7538711893120702,0.7538711893120702,0.7738711893120702,0.7838711893120702,0.7638711893120702
134,0.8862424847430882,0.8762424847430882,0.8762424847430882,0.8762424847430882,0.8862424847430882,0.8762424847430882,0.8762424847430882,0.8562424847430882,0.8562424847430882,0.8562424847430882,0.8562424847430882,0.8562424847430882,0.8562424847430882
135,0.8716800461479788,0.8616800461479788,0.8416800461479788,0.8416800461479788,0.8416800461479788,0.8566800461479788,0.8566800461479788,0.8466800461479788,0.8566800461479788,0.8566800461479788,0.8466800461479788,0.8266800461479787,0.8266800461479787
136,0.8518107208528152,0.8618107208528152,0.8618107208528152,0.8518107208528152,0.8518107208528152,0.8518107208528152,0.8518107208528152,0.8618107208528152,0.8618107208528152,0.8818107208528152,0.8818107208528152,0.8818107208528152,0.8918107208528152
137,0.7777630283212559,0.7477630283212559,0.7477630283212559,0.7377630283212558,0.7377630283212558,0.7427630283212558,0.7527630283212559,0.7527630283212559,0.7727630283212559,0.7427630283212558,0.7527630283212559,0.7527630283212559,0.7427630283212558
138,0.7818637289802881,0.7818637289802881,0.7818637289802881,0.7818637289802881,0.7818637289802881,0.7818637289802881,0.7718637289802881,0.7618637289802881,0.7618637289802881,0.7618637289802881,0.7618637289802881,0.7518637289802881,0.7668637289802881
139,0.8576392925704016,0.8676392925704016,0.8476392925704016,0.8476392925704016,0.8676392925704016,0.8676392925704016,0.8576392925704016,0.8276392925704016,0.8376392925704016,0.8176392925704016,0.8176392925704016,0.8176392925704016,0.8276392925704016
140,0.9158671923483619,0.9158671923483619,0.9158671923483619,0.8958671923483619,0.8858671923483619,0.8958671923483619,0.8858671923483619,0.8858671923483619,0.8758671923483619,0.8808671923483619,0.8808671923483619,0.8908671923483619,0.9108671923483619
141,0.8132912785426174,0.8232912785426174,0.8232912785426174,0.8232912785426174,0.8232912785426174,0.8232912785426174,0.8332912785426174,0.8432912785426174,0.8432912785426174,0.8532912785426174,0.8432912785426174,0.8432912785426174,0.8432912785426174
142,0.8471387830122603,0.8471387830122603,0.8571387830122603,0.8771387830122603,0.8621387830122603,0.8721387830122603,0.8821387830122603,0.8521387830122603,0.8521387830122603,0.8521387830122603,0.8621387830122603,0.8721387830122603,0.8821387830122603
143,0.7922643112073372,0.7522643112073372,0.7622643112073372,0.7722643112073372,0.7722643112073372,0.7622643112073372,0.7772643112073372,0.7772643112073372,0.7772643112073372,0.7672643112073372,0.7772643112073372,0.7772643112073372,0.7672643112073372
144,0.8711039293561003,0.8611039293561003,0.8511039293561002,0.8611039293561003,0.8511039293561002,0.8611039293561003,0.8511039293561002,0.8511039293561002,0.8511039293561002,0.8611039293561003,0.8411039293561002,0.8411039293561002,0.8411039293561002
145,0.8230692208839577,0.8230692208839577,0.8230692208839577,0.8230692208839577,0.8230692208839577,0.8330692208839577,0.8330692208839577,0.8330692208839577,0.8430692208839577,0.8330692208839577,0.8130692208839577,0.8230692208839577,0.8330692208839577
146,0.8398559150928907,0.8498559150928907,0.8598559150928907,0.8498559150928907,0.8698559150928907,0.8698559150928907,0.8798559150928907,0.8798559150928907,0.8798559150928907,0.8798559150928907,0.8748559150928907,0.8748559150928907,0.8748559150928907
147,0.8907365839903781,0.8807365839903781,0.8707365839903781,0.8607365839903781,0.8507365839903781,0.8507365839903781,0.8807365839903781,0.8907365839903781,0.8807365839903781,0.8607365839903781,0.8757365839903781,0.8757365839903781,0.8757365839903781
148,0.8475013562591753,0.8475013562591753,0.8475013562591753,0.8475013562591753,0.8475013562591753,0.8475013562591753,0.8475013562591753,0.8475013562591753,0.8475013562591753,0.8375013562591753,0.8475013562591753,0.8475013562591753,0.8275013562591753
149,0.812395173852382,0.812395173852382,0.802395173852382,0.822395173852382,0.822395173852382,0.832395173852382,0.807395173852382,0.827395173852382,0.827395173852382,0.837395173852382,0.8573951738523821,0.8573951738523821,0.8573951738523821
150,0.958964013165013,0.968964013165013,0.948964013165013,0.948964013165013,0.938964013165013,0.938964013165013,0.938964013165013,0.928964013165013,0.938964013165013,0.938964013165013,0.938964013165013,0.938964013165013,0.938964013165013
151,0.8497261462614508,0.8497261462614508,0.8497261462614508,0.8497261462614508,0.8497261462614508,0.8497261462614508,0.8497261462614508,0.8497261462614508,0.8597261462614508,0.8697261462614508,0.8797261462614508,0.8697261462614508,0.8597261462614508
152,0.7557053100583956,0.7457053100583956,0.7457053100583956,0.7357053100583956,0.7457053100583956,0.7457053100583956,0.7457053100583956,0.7457053100583956,0.7457053100583956,0.7457053100583956,0.7457053100583956,0.7357053100583956,0.7257053100583956
153,0.873548810285867,0.883548810285867,0.883548810285867,0.883548810285867,0.883548810285867,0.873548810285867,0.873548810285867,0.873548810285867,0.873548810285867,0.873548810285867,0.873548810285867,0.893548810285867,0.883548810285867
154,0.8398664990295177,0.8598664990295177,0.8598664990295177,0.8598664990295177,0.8598664990295177,0.8698664990295177,0.8798664990295177,0.8798664990295177,0.8698664990295177,0.8598664990295177,0.8698664990295177,0.8598664990295177,0.8698664990295177
155,0.7903284357889083,0.7903284357889083,0.7903284357889083,0.8003284357889083,0.8103284357889083,0.8003284357889083,0.7703284357889083,0.7703284357889083,0.7903284357889083,0.8103284357889083,0.8103284357889083,0.8303284357889084,0.8303284357889084
156,0.8328984832947052,0.8428984832947052,0.8428984832947052,0.8528984832947052,0.8528984832947052,0.8528984832947052,0.8528984832947052,0.8528984832947052,0.8728984832947052,0.8728984832947052,0.8628984832947052,0.8628984832947052,0.8528984832947052
157,0.8188666334706989,0.8088666334706989,0.8088666334706989,0.8088666334706989,0.8088666334706989,0.8088666334706989,0.7988666334706989,0.7888666334706989,0.8038666334706989,0.7938666334706989,0.7838666334706988,0.7838666334706988,0.7838666334706988
158,0.8712718334444322,0.8712718334444322,0.8812718334444322,0.8712718334444322,0.8712718334444322,0.8712718334444322,0.8612718334444321,0.8612718334444321,0.8612718334444321,0.8712718334444322,0.8812718334444322,0.9012718334444322,0.9012718334444322
159,0.8236793375015947,0.8236793375015947,0.8236793375015947,0.8336793375015947,0.8336793375015947,0.8236793375015947,0.8336793375015947,0.8336793375015947,0.8236793375015947,0.8236793375015947,0.8236793375015947,0.8236793375015947,0.8436793375015947
160,0.8574981123031591,0.8574981123031591,0.8474981123031591,0.8474981123031591,0.8474981123031591,0.8474981123031591,0.817498112303159,0.8374981123031591,0.817498112303159,0.817498112303159,0.8224981123031591,0.8224981123031591,0.8424981123031591
161,0.7812761397108835,0.7812761397108835,0.7812761397108835,0.7912761397108835,0.7812761397108835,0.7912761397108835,0.8012761397108835,0.8112761397108835,0.8112761397108835,0.8012761397108835,0.8012761397108835,0.8212761397108835,0.8212761397108835
162,0.8766301976698812,0.8766301976698812,0.8666301976698811,0.8666301976698811,0.8666301976698811,0.8566301976698811,0.8666301976698811,0.8666301976698811,0.8666301976698811,0.8666301976698811,0.8666301976698811,0.8666301976698811,0.8666301976698811
163,0.7925463645881764,0.7825463645881764,0.7925463645881764,0.7925463645881764,0.8125463645881764,0.8125463645881764,0.8225463645881764,0.8025463645881764,0.8025463645881764,0.7825463645881764,0.7625463645881764,0.7725463645881764,0.7725463645881764
164,0.8566605167157202,0.8666605167157202,0.8666605167157202,0.8766605167157202,0.8766605167157202,0.8966605167157202,0.8966605167157202,0.8916605167157202,0.8816605167157202,0.8816605167157202,0.8816605167157202,0.8816605167157202,0.8716605167157202
165,0.797864423575258,0.797864423575258,0.797864423575258,0.807864423575258,0.807864423575258,0.817864423575258,0.817864423575258,0.797864423575258,0.817864423575258,0.817864423575258,0.817864423575258,0.817864423575258,0.817864423575258
166,0.860572670329369,0.850572670329369,0.840572670329369,0.850572670329369,0.850572670329369,0.850572670329369,0.840572670329369,0.850572670329369,0.840572670329369,0.840572670329369,0.830572670329369,0.840572670329369,0.840572670329369
167,0.8109634179422092,0.8109634179422092,0.8109634179422092,0.8209634179422092,0.8309634179422092,0.8209634179422092,0.8209634179422092,0.8209634179422092,0.8209634179422092,0.8109634179422092,0.8409634179422092,0.8409634179422092,0.8409634179422092
168,0.8190677107970408,0.8090677107970408,0.8090677107970408,0.8190677107970408,0.8190677107970408,0.8190677107970408,0.8190677107970408,0.8090677107970408,0.8090677107970408,0.8190677107970408,0.8190677107970408,0.8390677107970408,0.8590677107970408
169,0.7404993154755961,0.7504993154755961,0.7504993154755961,0.7504993154755961,0.7404993154755961,0.7304993154755961,0.7304993154755961,0.7404993154755961,0.7404993154755961,0.7304993154755961,0.7404993154755961,0.7604993154755961,0.7204993154755961
170,0.9509007403886726,0.9609007403886726,0.9709007403886726,0.9509007403886726,0.9509007403886726,0.9309007403886725,0.9109007403886725,0.9109007403886725,0.9159007403886725,0.9159007403886725,0.9159007403886725,0.9159007403886725,0.9159007403886725
171,0.9460140252456941,0.9660140252456941,0.9660140252456941,0.9460140252456941,0.9660140252456941,0.9560140252456941,0.9660140252456941,0.9660140252456941,0.9460140252456941,0.9360140252456941,0.9360140252456941,0.9360140252456941,0.9460140252456941
172,0.8169016399234809,0.7969016399234808,0.7969016399234808,0.8269016399234809,0.8369016399234809,0.7969016399234808,0.7969016399234808,0.7869016399234808,0.8019016399234808,0.7919016399234808,0.7819016399234808,0.8019016399234808,0.8019016399234808
173,0.8988747405962844,0.8988747405962844,0.9288747405962844,0.9088747405962844,0.9088747405962844,0.9188747405962844,0.9188747405962844,0.9188747405962844,0.9188747405962844,0.9188747405962844,0.9188747405962844,0.9288747405962844,0.9288747405962844
174,0.7959721759692123,0.7959721759692123,0.7959721759692123,0.7959721759692123,0.7959721759692123,0.7959721759692123,0.7959721759692123,0.7959721759692123,0.7859721759692123,0.7859721759692123,0.7859721759692123,0.7859721759692123,0.7859721759692123
175,0.8329760132685069,0.8329760132685069,0.8529760132685069,0.8629760132685069,0.8629760132685069,0.8529760132685069,0.8529760132685069,0.8329760132685069,0.8329760132685069,0.8529760132685069,0.8629760132685069,0.8629760132685069,0.8529760132685069
176,0.7742266803257116,0.7842266803257116,0.7842266803257116,0.7842266803257116,0.7842266803257116,0.7942266803257116,0.7842266803257116,0.7942266803257116,0.8042266803257117,0.8042266803257117,0.8042266803257117,0.7842266803257116,0.7742266803257116
177,0.848591129217672,0.858591129217672,0.868591129217672,0.868591129217672,0.868591129217672,0.868591129217672,0.868591129217672,0.868591129217672,0.868591129217672,0.878591129217672,0.878591129217672,0.888591129217672,0.878591129217672
178,0.7634794926170545,0.7834794926170545,0.7834794926170545,0.8034794926170545,0.8034794926170545,0.8034794926170545,0.7984794926170545,0.7884794926170545,0.7984794926170545,0.7784794926170545,0.7784794926170545,0.7884794926170545,0.7984794926170545
179,0.8549987318590535,0.8349987318590535,0.8449987318590535,0.8449987318590535,0.8549987318590535,0.8649987318590535,0.8749987318590535,0.8849987318590535,0.8949987318590535,0.8849987318590535,0.8849987318590535,0.8549987318590535,0.8649987318590535
180,0.755146269854677,0.7951462698546771,0.7951462698546771,0.7901462698546771,0.780146269854677,0.7901462698546771,0.7901462698546771,0.7901462698546771,0.7901462698546771,0.780146269854677,0.780146269854677,0.7901462698546771,0.7901462698546771
181,0.889839651564686,0.909839651564686,0.9198396515646861,0.9198396515646861,0.9198396515646861,0.9198396515646861,0.9198396515646861,0.899839651564686,0.879839651564686,0.879839651564686,0.849839651564686,0.854839651564686,0.854839651564686
182,0.8243577654777486,0.8243577654777486,0.8643577654777487,0.8543577654777487,0.8443577654777487,0.8443577654777487,0.8343577654777486,0.8543577654777487,0.8543577654777487,0.8543577654777487,0.8643577654777487,0.8543577654777487,0.8643577654777487
183,0.7972435975817616,0.7772435975817615,0.7572435975817615,0.7672435975817615,0.7572435975817615,0.7572435975817615,0.7672435975817615,0.7572435975817615,0.7572435975817615,0.7672435975817615,0.7872435975817615,0.7872435975817615,0.7872435975817615
184,0.7166263328425,0.7466263328425,0.7466263328425,0.7366263328425,0.7466263328425,0.7466263328425,0.7466263328425,0.7566263328425,0.7566263328425,0.7566263328425,0.7466263328425,0.7466263328425,0.7566263328425
185,0.9328184819559543,0.9528184819559543,0.9528184819559543,0.9278184819559543,0.9278184819559543,0.9278184819559543,0.9578184819559543,0.9578184819559543,0.9578184819559543,0.9578184819559543,0.9678184819559543,0.9678184819559543,0.9578184819559543
186,0.8424118426946383,0.8524118426946383,0.8524118426946383,0.8424118426946383,0.8424118426946383,0.8424118426946383,0.8424118426946383,0.8424118426946383,0.8724118426946383,0.8724118426946383,0.8624118426946383,0.8324118426946383,0.8324118426946383
187,0.9116926679567185,0.9116926679567185,0.9016926679567185,0.9016926679567185,0.9116926679567185,0.9116926679567185,0.9116926679567185,0.9116926679567185,0.9116926679567185,0.9116926679567185,0.9016926679567185,0.9016926679567185,0.9116926679567185
188,0.8751461558839807,0.8751461558839807,0.8651461558839807,0.8651461558839807,0.8451461558839807,0.8451461558839807,0.8651461558839807,0.8651461558839807,0.8651461558839807,0.8651461558839807,0.8651461558839807,0.9001461558839807,0.9001461558839807
189,0.8106223840689576,0.8206223840689576,0.8206223840689576,0.8206223840689576,0.8306223840689576,0.8306223840689576,0.8206223840689576,0.8106223840689576,0.7906223840689576,0.7906223840689576,0.7906223840689576,0.7806223840689576,0.7706223840689576
190,0.9080077029998901,0.8980077029998901,0.9080077029998901,0.9080077029998901,0.9080077029998901,0.9080077029998901,0.8980077029998901,0.9180077029998901,0.9280077029998901,0.9180077029998901,0.9380077029998901,0.9380077029998901,0.9380077029998901
191,0.8741366899212726,0.8841366899212726,0.8741366899212726,0.8841366899212726,0.8841366899212726,0.8841366899212726,0.8941366899212726,0.8941366899212726,0.8941366899212726,0.9041366899212726,0.9041366899212726,0.9041366899212726,0.9041366899212726
192,0.809765267210966,0.829765267210966,0.804765267210966,0.794765267210966,0.794765267210966,0.794765267210966,0.784765267210966,0.784765267210966,0.784765267210966,0.784765267210966,0.784765267210966,0.784765267210966,0.814765267210966
193,0.8784253250019813,0.8884253250019813,0.9084253250019814,0.9084253250019814,0.8934253250019814,0.8834253250019813,0.8734253250019813,0.8734253250019813,0.8834253250019813,0.8834253250019813,0.8734253250019813,0.8934253250019814,0.9034253250019814
194,0.9053022287534238,0.8953022287534238,0.8953022287534238,0.8853022287534238,0.8853022287534238,0.8753022287534238,0.8753022287534238,0.8753022287534238,0.8753022287534238,0.8753022287534238,0.8653022287534238,0.8703022287534238,0.8803022287534238
195,0.8331431155177398,0.8531431155177398,0.8431431155177398,0.8531431155177398,0.8231431155177398,0.8031431155177398,0.8131431155177398,0.8131431155177398,0.8131431155177398,0.8231431155177398,0.8231431155177398,0.8131431155177398,0.8131431155177398
196,0.8302128063473856,0.8402128063473856,0.8502128063473856,0.8602128063473856,0.8402128063473856,0.8402128063473856,0.8402128063473856,0.8502128063473856,0.8502128063473856,0.8502128063473856,0.8502128063473856,0.8502128063473856,0.8502128063473856
197,0.812186207498496,0.822186207498496,0.822186207498496,0.842186207498496,0.827186207498496,0.817186207498496,0.807186207498496,0.807186207498496,0.817186207498496,0.817186207498496,0.827186207498496,0.827186207498496,0.827186207498496
198,0.8492748454544519,0.8392748454544519,0.8692748454544519,0.8792748454544519,0.8692748454544519,0.8692748454544519,0.8692748454544519,0.8692748454544519,0.8692748454544519,0.8592748454544519,0.8592748454544519,0.8792748454544519,0.8892748454544519
199,0.9020085891228208,0.9020085891228208,0.8920085891228208,0.9020085891228208,0.9020085891228208,0.9020085891228208,0.9020085891228208,0.9120085891228208,0.9020085891228208,0.9120085891228208,0.9220085891228208,0.9220085891228208,0.9220085891228208
200,0.8202622273189739,0.7902622273189739,0.7902622273189739,0.8102622273189739,0.8102622273189739,0.8102622273189739,0.8102622273189739,0.8202622273189739,0.8102622273189739,0.8102622273189739,0.8102622273189739,0.8202622273189739,0.8102622273189739
201,0.8520993692834251,0.8420993692834251,0.8220993692834251,0.8120993692834251,0.8320993692834251,0.8320993692834251,0.8420993692834251,0.8720993692834251,0.8820993692834251,0.8820993692834251,0.8670993692834251,0.8570993692834251,0.8570993692834251
202,0.8574031695642366,0.8674031695642366,0.8574031695642366,0.8674031695642366,0.8974031695642366,0.8974031695642366,0.8924031695642366,0.8924031695642366,0.8924031695642366,0.8924031695642366,0.8824031695642366,0.8924031695642366,0.8924031695642366
203,0.827284638756284,0.817284638756284,0.827284638756284,0.857284638756284,0.837284638756284,0.827284638756284,0.827284638756284,0.817284638756284,0.817284638756284,0.837284638756284,0.837284638756284,0.837284638756284,0.837284638756284
204,0.8121589795109453,0.8121589795109453,0.8221589795109453,0.8221589795109453,0.8221589795109453,0.8221589795109453,0.8221589795109453,0.8221589795109453,0.8221589795109453,0.8121589795109453,0.8021589795109453,0.8021589795109453,0.8021589795109453
205,0.8938639351710684,0.8838639351710684,0.9038639351710684,0.8938639351710684,0.8938639351710684,0.8838639351710684,0.8938639351710684,0.8938639351710684,0.8938639351710684,0.8938639351710684,0.8938639351710684,0.9038639351710684,0.9038639351710684
206,0.9637698398487665,0.9637698398487665,0.9637698398487665,0.9537698398487665,0.9637698398487665,0.9637698398487665,0.9537698398487665,0.9637698398487665,0.9737698398487665,0.9737698398487665,0.9387698398487665,0.9187698398487665,0.9187698398487665
207,0.7473390869160899,0.7373390869160898,0.7573390869160899,0.7223390869160898,0.7123390869160898,0.7223390869160898,0.7023390869160898,0.7023390869160898,0.7023390869160898,0.7023390869160898,0.7123390869160898,0.7123390869160898,0.7123390869160898
208,0.825254254782425,0.805254254782425,0.815254254782425,0.825254254782425,0.825254254782425,0.825254254782425,0.825254254782425,0.835254254782425,0.835254254782425,0.845254254782425,0.845254254782425,0.835254254782425,0.825254254782425
209,0.7976708803111283,0.7876708803111283,0.7876708803111283,0.7776708803111283,0.7776708803111283,0.8076708803111283,0.8176708803111283,0.8376708803111284,0.8376708803111284,0.8376708803111284,0.8176708803111283,0.8276708803111283,0.8176708803111283
210,0.8932395667435894,0.8832395667435894,0.8832395667435894,0.9232395667435894,0.9032395667435894,0.9132395667435894,0.9232395667435894,0.8832395667435894,0.8732395667435894,0.8832395667435894,0.8932395667435894,0.9332395667435894,0.9032395667435894
211,0.8611243051804557,0.8611243051804557,0.8711243051804557,0.8811243051804557,0.8811243051804557,0.8561243051804557,0.8461243051804557,0.8561243051804557,0.8661243051804557,0.8361243051804557,0.8561243051804557,0.8461243051804557,0.8761243051804557
212,0.9095953569402665,0.9195953569402665,0.9195953569402665,0.9095953569402665,0.9095953569402665,0.9095953569402665,0.9195953569402665,0.9395953569402665,0.9195953569402665,0.9195953569402665,0.9195953569402665,0.9295953569402665,0.9295953569402665
213,0.7896484925361595,0.7896484925361595,0.7896484925361595,0.7896484925361595,0.7996484925361595,0.7896484925361595,0.7896484925361595,0.7896484925361595,0.7996484925361595,0.7996484925361595,0.7896484925361595,0.7896484925361595,0.7896484925361595
214,0.8528373935416139,0.8728373935416139,0.8728373935416139,0.8728373935416139,0.8728373935416139,0.8628373935416139,0.8528373935416139,0.8528373935416139,0.8528373935416139,0.8428373935416139,0.8728373935416139,0.8478373935416139,0.8478373935416139
215,0.8176967730547574,0.8176967730547574,0.8076967730547574,0.8076967730547574,0.7976967730547574,0.7976967730547574,0.8076967730547574,0.8076967730547574,0.7976967730547574,0.7976967730547574,0.7976967730547574,0.7976967730547574,0.7876967730547574
216,0.8969414761625827,0.8969414761625827,0.9369414761625827,0.9169414761625827,0.9369414761625827,0.9319414761625827,0.9319414761625827,0.9119414761625827,0.9219414761625827,0.9219414761625827,0.9219414761625827,0.9219414761625827,0.9119414761625827
217,0.898839211840872,0.888839211840872,0.898839211840872,0.898839211840872,0.908839211840872,0.918839211840872,0.918839211840872,0.908839211840872,0.918839211840872,0.918839211840872,0.908839211840872,0.908839211840872,0.908839211840872
218,0.8369362324119197,0.8369362324119197,0.8469362324119197,0.8469362324119197,0.8469362324119197,0.8469362324119197,0.8469362324119197,0.8369362324119197,0.8369362324119197,0.8269362324119197,0.8369362324119197,0.8269362324119197,0.8169362324119197
219,0.8267594482248714,0.8367594482248714,0.8367594482248714,0.8467594482248714,0.8467594482248714,0.8467594482248714,0.8367594482248714,0.8367594482248714,0.8367594482248714,0.8367594482248714,0.8367594482248714,0.8267594482248714,0.8367594482248714
220,0.8276949894855744,0.8376949894855744,0.8376949894855744,0.8476949894855744,0.8576949894855744,0.8576949894855744,0.8576949894855744,0.8676949894855744,0.8676949894855744,0.8626949894855744,0.8626949894855744,0.8526949894855744,0.8626949894855744
221,0.894300458288576,0.894300458288576,0.894300458288576,0.894300458288576,0.894300458288576,0.894300458288576,0.894300458288576,0.894300458288576,0.894300458288576,0.904300458288576,0.904300458288576,0.904300458288576,0.904300458288576
222,0.9408973719291046,0.9308973719291046,0.9208973719291046,0.9308973719291046,0.9408973719291046,0.9308973719291046,0.9308973719291046,0.9308973719291046,0.9108973719291046,0.9008973719291046,0.9008973719291046,0.9008973719291046,0.9058973719291046
223,0.8113214923604262,0.8113214923604262,0.7713214923604261,0.7713214923604261,0.7713214923604261,0.7763214923604261,0.7863214923604261,0.8063214923604262,0.7963214923604262,0.7863214923604261,0.7863214923604261,0.8063214923604262,0.7963214923604262
224,0.8269309965572796,0.8369309965572796,0.8269309965572796,0.8269309965572796,0.8369309965572796,0.8369309965572796,0.8469309965572797,0.8569309965572797,0.8569309965572797,0.8569309965572797,0.8569309965572797,0.8569309965572797,0.8469309965572797
225,0.8632036938102314,0.8632036938102314,0.8632036938102314,0.8632036938102314,0.8632036938102314,0.8732036938102314,0.8832036938102314,0.8832036938102314,0.8832036938102314,0.8832036938102314,0.8832036938102314,0.8732036938102314,0.8932036938102315
226,0.8377863518315593,0.8377863518315593,0.8177863518315592,0.8277863518315592,0.8177863518315592,0.8177863518315592,0.8277863518315592,0.8277863518315592,0.8077863518315592,0.8077863518315592,0.8277863518315592,0.8277863518315592,0.8277863518315592
227,0.8276004633828752,0.8576004633828752,0.8576004633828752,0.8576004633828752,0.8576004633828752,0.8676004633828752,0.8676004633828752,0.8676004633828752,0.8626004633828752,0.8526004633828752,0.8326004633828752,0.8326004633828752,0.8326004633828752
228,0.8392939670072233,0.8392939670072233,0.8392939670072233,0.8492939670072233,0.8492939670072233,0.8492939670072233,0.8392939670072233,0.8392939670072233,0.8392939670072233,0.8092939670072232,0.7992939670072232,0.8092939670072232,0.8192939670072232
229,0.8243113306371596,0.8143113306371595,0.8043113306371595,0.8043113306371595,0.8043113306371595,0.8143113306371595,0.8043113306371595,0.8043113306371595,0.8043113306371595,0.7943113306371595,0.8043113306371595,0.8143113306371595,0.7943113306371595
230,0.8599310855477874,0.8599310855477874,0.8899310855477874,0.8699310855477874,0.8599310855477874,0.8499310855477874,0.8599310855477874,0.8599310855477874,0.8599310855477874,0.8599310855477874,0.8599310855477874,0.8899310855477874,0.8999310855477874
231,0.9254657774373187,0.9254657774373187,0.9254657774373187,0.9254657774373187,0.9054657774373187,0.9054657774373187,0.9054657774373187,0.9054657774373187,0.9054657774373187,0.8954657774373187,0.8954657774373187,0.8954657774373187,0.8954657774373187
232,0.7058089284627098,0.7058089284627098,0.7258089284627098,0.7358089284627098,0.7208089284627098,0.7008089284627098,0.7008089284627098,0.6808089284627098,0.6808089284627098,0.6808089284627098,0.7308089284627098,0.7308089284627098,0.7308089284627098
233,0.8404288761250918,0.8404288761250918,0.8304288761250918,0.8404288761250918,0.8404288761250918,0.8404288761250918,0.8404288761250918,0.8404288761250918,0.8504288761250918,0.8204288761250917,0.8204288761250917,0.8204288761250917,0.8204288761250917
234,0.8421193652547709,0.8421193652547709,0.872119365254771,0.872119365254771,0.857119365254771,0.867119365254771,0.867119365254771,0.877119365254771,0.877119365254771,0.877119365254771,0.877119365254771,0.877119365254771,0.867119365254771
235,0.8724500286547928,0.8724500286547928,0.8424500286547928,0.8624500286547928,0.8624500286547928,0.8424500286547928,0.8424500286547928,0.8574500286547928,0.8474500286547928,0.8574500286547928,0.8574500286547928,0.8474500286547928,0.8474500286547928
236,0.8792012936973732,0.8692012936973732,0.8692012936973732,0.8692012936973732,0.8692012936973732,0.8892012936973732,0.8892012936973732,0.8792012936973732,0.8792012936973732,0.8792012936973732,0.8992012936973732,0.8892012936973732,0.8792012936973732
237,0.8442075660753469,0.8042075660753468,0.8042075660753468,0.8042075660753468,0.8042075660753468,0.8042075660753468,0.8092075660753468,0.8192075660753468,0.8092075660753468,0.8092075660753468,0.8192075660753468,0.8192075660753468,0.8192075660753468
238,0.9020614888004026,0.9320614888004026,0.9320614888004026,0.9220614888004026,0.9120614888004026,0.9120614888004026,0.9020614888004026,0.9020614888004026,0.9020614888004026,0.9020614888004026,0.9020614888004026,0.9020614888004026,0.8820614888004026
239,0.8432560592075741,0.8432560592075741,0.8432560592075741,0.823256059207574,0.8332560592075741,0.8432560592075741,0.8532560592075741,0.8432560592075741,0.813256059207574,0.803256059207574,0.803256059207574,0.8332560592075741,0.8332560592075741
240,0.8233289057817632,0.8233289057817632,0.8133289057817632,0.8133289057817632,0.8033289057817632,0.8133289057817632,0.8033289057817632,0.8133289057817632,0.8133289057817632,0.8333289057817632,0.8333289057817632,0.8433289057817632,0.8433289057817632
241,0.7780557085952972,0.7680557085952971,0.7480557085952971,0.7580557085952971,0.7580557085952971,0.7680557085952971,0.7780557085952972,0.7980557085952972,0.8080557085952972,0.8080557085952972,0.8080557085952972,0.7680557085952971,0.7480557085952971
242,0.8718880210419877,0.8718880210419877,0.8618880210419877,0.8618880210419877,0.8618880210419877,0.8618880210419877,0.8718880210419877,0.8818880210419877,0.8718880210419877,0.8718880210419877,0.8718880210419877,0.8818880210419877,0.8918880210419877
243,0.8106841181838436,0.8106841181838436,0.8106841181838436,0.8106841181838436,0.8106841181838436,0.8306841181838436,0.8506841181838436,0.8506841181838436,0.8306841181838436,0.8306841181838436,0.8206841181838436,0.8206841181838436,0.8106841181838436
244,0.9075312851037048,0.9275312851037049,0.9175312851037049,0.9375312851037049,0.9375312851037049,0.9375312851037049,0.9475312851037049,0.9475312851037049,0.9475312851037049,0.9475312851037049,0.9375312851037049,0.9375312851037049,0.9375312851037049
245,0.90588831172438,0.90588831172438,0.90588831172438,0.93588831172438,0.92588831172438,0.92588831172438,0.92588831172438,0.91588831172438,0.92588831172438,0.92588831172438,0.92588831172438,0.93588831172438,0.93588831172438
246,0.8431635015164087,0.8631635015164087,0.8631635015164087,0.8731635015164088,0.8631635015164087,0.8631635015164087,0.8331635015164087,0.8331635015164087,0.8531635015164087,0.8531635015164087,0.8531635015164087,0.8431635015164087,0.8431635015164087
247,0.8949216237634854,0.8949216237634854,0.8849216237634854,0.8749216237634854,0.8749216237634854,0.8749216237634854,0.8649216237634854,0.8649216237634854,0.8649216237634854,0.8799216237634854,0.8999216237634854,0.8899216237634854,0.8999216237634854
248,0.7247817662954539,0.7247817662954539,0.6947817662954539,0.6947817662954539,0.7147817662954539,0.7247817662954539,0.7247817662954539,0.7247817662954539,0.7247817662954539,0.7347817662954539,0.7447817662954539,0.7447817662954539,0.7347817662954539
249,0.8548281104456256,0.8548281104456256,0.8448281104456256,0.8448281104456256,0.8448281104456256,0.8548281104456256,0.8548281104456256,0.8648281104456256,0.8748281104456256,0.8748281104456256,0.8748281104456256,0.8748281104456256,0.8748281104456256
250,0.8509096901668507,0.8709096901668507,0.8809096901668507,0.8909096901668507,0.8809096901668507,0.8809096901668507,0.8709096901668507,0.8709096901668507,0.8709096901668507,0.8809096901668507,0.8809096901668507,0.8659096901668507,0.8559096901668507
251,0.9059414443514625,0.9059414443514625,0.8859414443514625,0.8859414443514625,0.9109414443514625,0.9109414443514625,0.9009414443514625,0.9109414443514625,0.8909414443514625,0.9009414443514625,0.9009414443514625,0.8809414443514625,0.9009414443514625
252,0.7793539427763523,0.7793539427763523,0.7693539427763523,0.7593539427763523,0.7693539427763523,0.7693539427763523,0.7793539427763523,0.7793539427763523,0.7793539427763523,0.7893539427763523,0.7893539427763523,0.7893539427763523,0.7893539427763523
253,0.8203313634087341,0.8103313634087341,0.8303313634087341,0.8303313634087341,0.8203313634087341,0.8003313634087341,0.8203313634087341,0.8203313634087341,0.8203313634087341,0.8603313634087342,0.8603313634087342,0.8603313634087342,0.8503313634087342
254,0.8680892140470574,0.8480892140470574,0.8580892140470574,0.8380892140470574,0.8380892140470574,0.8280892140470574,0.8330892140470574,0.8430892140470574,0.8430892140470574,0.8430892140470574,0.8230892140470574,0.8230892140470574,0.8230892140470574
255,0.8218810688690862,0.8218810688690862,0.8418810688690862,0.8418810688690862,0.8318810688690862,0.8318810688690862,0.8318810688690862,0.8618810688690862,0.8568810688690862,0.8468810688690862,0.8268810688690862,0.8068810688690862,0.8068810688690862
256,0.9079462943252414,0.9079462943252414,0.9179462943252414,0.9379462943252415,0.9379462943252415,0.9279462943252414,0.9279462943252414,0.9279462943252414,0.9379462943252415,0.9479462943252415,0.9279462943252414,0.9279462943252414,0.9279462943252414
257,0.8559427705447321,0.8559427705447321,0.8759427705447321,0.8759427705447321,0.8759427705447321,0.8759427705447321,0.8759427705447321,0.8759427705447321,0.8759427705447321,0.8759427705447321,0.8959427705447321,0.8759427705447321,0.8759427705447321
258,0.9218845030914141,0.9418845030914141,0.9518845030914141,0.9518845030914141,0.9618845030914142,0.9418845030914141,0.9418845030914141,0.9318845030914141,0.9318845030914141,0.9418845030914141,0.9418845030914141,0.9518845030914141,0.9518845030914141
259,0.8786754620312067,0.8886754620312067,0.8886754620312067,0.8886754620312067,0.8886754620312067,0.8686754620312067,0.8786754620312067,0.8886754620312067,0.8886754620312067,0.8886754620312067,0.8886754620312067,0.8986754620312067,0.9186754620312068
260,0.8258244836720778,0.8258244836720778,0.8258244836720778,0.8258244836720778,0.8158244836720778,0.8158244836720778,0.8158244836720778,0.8358244836720778,0.8358244836720778,0.8358244836720778,0.8158244836720778,0.8158244836720778,0.8058244836720778
261,0.8144063574233866,0.7844063574233866,0.7994063574233866,0.8094063574233866,0.8194063574233866,0.8094063574233866,0.7994063574233866,0.7994063574233866,0.7994063574233866,0.7994063574233866,0.8394063574233867,0.8294063574233866,0.8294063574233866
262,0.8157827116750931,0.8157827116750931,0.7957827116750931,0.8157827116750931,0.7957827116750931,0.775782711675093,0.775782711675093,0.775782711675093,0.775782711675093,0.775782711675093,0.775782711675093,0.775782711675093,0.8157827116750931
263,0.8115101749767513,0.8115101749767513,0.8115101749767513,0.7915101749767512,0.8015101749767513,0.8315101749767513,0.8315101749767513,0.8115101749767513,0.7915101749767512,0.8015101749767513,0.8115101749767513,0.8115101749767513,0.8015101749767513
264,0.8842019399101051,0.8742019399101051,0.8742019399101051,0.8842019399101051,0.9042019399101051,0.9042019399101051,0.9042019399101051,0.9042019399101051,0.8742019399101051,0.8742019399101051,0.8842019399101051,0.8742019399101051,0.8842019399101051
265,0.9039463179991581,0.9039463179991581,0.9039463179991581,0.9039463179991581,0.9039463179991581,0.9139463179991582,0.9239463179991582,0.9239463179991582,0.9239463179991582,0.9439463179991582,0.9239463179991582,0.9239463179991582,0.9439463179991582
266,0.851485010089359,0.851485010089359,0.851485010089359,0.8414850100893589,0.8414850100893589,0.8414850100893589,0.8414850100893589,0.8414850100893589,0.8414850100893589,0.861485010089359,0.851485010089359,0.851485010089359,0.851485010089359
267,0.8115419955484887,0.8315419955484887,0.8315419955484887,0.8415419955484887,0.8315419955484887,0.8315419955484887,0.8315419955484887,0.8315419955484887,0.8315419955484887,0.8215419955484887,0.8415419955484887,0.8315419955484887,0.8115419955484887
268,0.8716370467619307,0.8816370467619307,0.8616370467619306,0.8416370467619306,0.8416370467619306,0.8716370467619307,0.8716370467619307,0.8516370467619306,0.8516370467619306,0.8716370467619307,0.8816370467619307,0.8816370467619307,0.8616370467619306
269,0.8625910093756722,0.8325910093756722,0.8225910093756722,0.8225910093756722,0.8425910093756722,0.8425910093756722,0.8225910093756722,0.8325910093756722,0.8325910093756722,0.8625910093756722,0.8725910093756722,0.8525910093756722,0.8625910093756722
270,0.7925716309404247,0.7925716309404247,0.8125716309404247,0.8125716309404247,0.8225716309404247,0.8225716309404247,0.8225716309404247,0.8325716309404247,0.8275716309404247,0.8275716309404247,0.8175716309404247,0.8375716309404247,0.8275716309404247
271,0.8461674768173743,0.8461674768173743,0.8361674768173742,0.8361674768173742,0.8361674768173742,0.8361674768173742,0.8361674768173742,0.8461674768173743,0.8561674768173743,0.8761674768173743,0.8661674768173743,0.8561674768173743,0.8561674768173743
272,0.7988420762810502,0.7988420762810502,0.7988420762810502,0.7988420762810502,0.7888420762810502,0.7788420762810502,0.7788420762810502,0.7788420762810502,0.8038420762810502,0.7638420762810502,0.7738420762810502,0.7938420762810502,0.7938420762810502
273,0.8162536942834836,0.7962536942834836,0.7962536942834836,0.8062536942834836,0.8062536942834836,0.7862536942834836,0.7862536942834836,0.7762536942834836,0.8062536942834836,0.8062536942834836,0.8162536942834836,0.8162536942834836,0.8062536942834836
274,0.7733920919030469,0.7633920919030469,0.7633920919030469,0.7633920919030469,0.7633920919030469,0.7833920919030469,0.7833920919030469,0.7933920919030469,0.7933920919030469,0.803392091903047,0.7883920919030469,0.7883920919030469,0.7883920919030469
275,0.8847536879306859,0.8747536879306859,0.8847536879306859,0.9047536879306859,0.8847536879306859,0.8847536879306859,0.8847536879306859,0.9147536879306859,0.9247536879306859,0.9247536879306859,0.9147536879306859,0.9147536879306859,0.9147536879306859
276,0.7771978687523416,0.7771978687523416,0.7771978687523416,0.7871978687523417,0.7671978687523416,0.7771978687523416,0.7471978687523416,0.7471978687523416,0.7621978687523416,0.7621978687523416,0.7421978687523416,0.7621978687523416,0.7621978687523416
277,0.8061580048002693,0.7861580048002693,0.7861580048002693,0.7861580048002693,0.7861580048002693,0.7861580048002693,0.7661580048002693,0.7661580048002693,0.7711580048002693,0.7811580048002693,0.8211580048002693,0.8111580048002693,0.8111580048002693
278,0.7770699219652558,0.7770699219652558,0.7870699219652558,0.7870699219652558,0.7970699219652558,0.7970699219652558,0.7970699219652558,0.7870699219652558,0.7970699219652558,0.7970699219652558,0.7870699219652558,0.7970699219652558,0.7870699219652558
279,0.8476561813423984,0.8476561813423984,0.8576561813423984,0.8576561813423984,0.8676561813423984,0.8676561813423984,0.8476561813423984,0.8476561813423984,0.8476561813423984,0.8476561813423984,0.8576561813423984,0.8576561813423984,0.8576561813423984
280,0.7448892407516059,0.7248892407516059,0.7498892407516059,0.7598892407516059,0.7598892407516059,0.7598892407516059,0.7798892407516059,0.7898892407516059,0.7698892407516059,0.7698892407516059,0.7698892407516059,0.7698892407516059,0.7498892407516059
281,0.7865936507425378,0.7965936507425379,0.8065936507425379,0.8265936507425379,0.8265936507425379,0.8165936507425379,0.8165936507425379,0.8065936507425379,0.7865936507425378,0.7865936507425378,0.7665936507425378,0.7665936507425378,0.7665936507425378
282,0.8332780896253448,0.8232780896253448,0.8432780896253448,0.8632780896253448,0.8732780896253448,0.8732780896253448,0.8632780896253448,0.8632780896253448,0.8532780896253448,0.8632780896253448,0.8632780896253448,0.8432780896253448,0.8132780896253448
283,0.8794122605203194,0.8894122605203194,0.8594122605203194,0.8794122605203194,0.8794122605203194,0.8694122605203194,0.8694122605203194,0.8794122605203194,0.9094122605203194,0.9094122605203194,0.8994122605203194,0.8794122605203194,0.8794122605203194
284,0.8435363089729049,0.8635363089729049,0.8335363089729049,0.8435363089729049,0.8335363089729049,0.8335363089729049,0.8535363089729049,0.8535363089729049,0.8535363089729049,0.8535363089729049,0.8435363089729049,0.8435363089729049,0.8335363089729049
285,0.9318441695167327,0.9218441695167326,0.9218441695167326,0.9218441695167326,0.9018441695167326,0.9018441695167326,0.9018441695167326,0.9168441695167326,0.9168441695167326,0.9168441695167326,0.9468441695167327,0.9368441695167327,0.9568441695167327
286,0.8455404696821829,0.8555404696821829,0.8655404696821829,0.8455404696821829,0.8455404696821829,0.8455404696821829,0.8555404696821829,0.8555404696821829,0.8655404696821829,0.8455404696821829,0.8355404696821829,0.8155404696821829,0.8155404696821829
287,0.9301503003575483,0.9301503003575483,0.9301503003575483,0.9101503003575483,0.9101503003575483,0.8901503003575483,0.9101503003575483,0.9101503003575483,0.9001503003575483,0.9301503003575483,0.9201503003575483,0.9601503003575483,0.9401503003575483
288,0.8625363141169663,0.8625363141169663,0.8625363141169663,0.8625363141169663,0.8825363141169663,0.8925363141169663,0.8925363141169663,0.8775363141169663,0.8675363141169663,0.8675363141169663,0.8675363141169663,0.8775363141169663,0.8575363141169663
289,0.9098468856371366,0.9398468856371366,0.9248468856371366,0.9148468856371366,0.9148468856371366,0.9148468856371366,0.9048468856371366,0.8948468856371365,0.9048468856371366,0.9048468856371366,0.8848468856371365,0.8848468856371365,0.8848468856371365
290,0.8887544582318115,0.8787544582318115,0.8787544582318115,0.8787544582318115,0.8587544582318115,0.8587544582318115,0.8737544582318115,0.8737544582318115,0.8737544582318115,0.8737544582318115,0.8937544582318115,0.8937544582318115,0.8937544582318115
291,0.9167855669323371,0.9167855669323371,0.9167855669323371,0.9167855669323371,0.9067855669323371,0.9067855669323371,0.9067855669323371,0.9267855669323372,0.9167855669323371,0.9167855669323371,0.9167855669323371,0.8867855669323371,0.8867855669323371
292,0.8564114440483811,0.8564114440483811,0.8664114440483811,0.8764114440483811,0.8764114440483811,0.8564114440483811,0.8564114440483811,0.8564114440483811,0.8464114440483811,0.8364114440483811,0.8364114440483811,0.8364114440483811,0.8364114440483811
293,0.9433990280539748,0.9233990280539748,0.9233990280539748,0.9233990280539748,0.9033990280539748,0.9083990280539748,0.9083990280539748,0.9183990280539748,0.9283990280539748,0.9183990280539748,0.9083990280539748,0.9083990280539748,0.9183990280539748
294,0.8551104815565649,0.8351104815565649,0.8451104815565649,0.8551104815565649,0.8851104815565649,0.8851104815565649,0.8651104815565649,0.8651104815565649,0.8551104815565649,0.8751104815565649,0.8751104815565649,0.8751104815565649,0.8851104815565649
295,0.7792532977606939,0.7692532977606938,0.7692532977606938,0.7792532977606939,0.7792532977606939,0.7792532977606939,0.7892532977606939,0.7792532977606939,0.7992532977606939,0.7992532977606939,0.7992532977606939,0.7892532977606939,0.7692532977606938
296,0.7894259347977294,0.7894259347977294,0.7894259347977294,0.8094259347977294,0.8094259347977294,0.7994259347977294,0.7994259347977294,0.8094259347977294,0.7994259347977294,0.7994259347977294,0.7994259347977294,0.7994259347977294,0.7994259347977294
297,0.8726593183679513,0.8826593183679513,0.8826593183679513,0.8826593183679513,0.8726593183679513,0.8726593183679513,0.8826593183679513,0.8826593183679513,0.8476593183679513,0.8576593183679513,0.8576593183679513,0.8576593183679513,0.8576593183679513
298,0.8268612943671297,0.8268612943671297,0.8368612943671297,0.8468612943671298,0.8668612943671298,0.8618612943671298,0.8618612943671298,0.8418612943671298,0.8518612943671298,0.8318612943671297,0.8318612943671297,0.8418612943671298,0.8418612943671298
299,0.7907124720314673,0.8007124720314673,0.7707124720314673,0.7707124720314673,0.7807124720314673,0.7807124720314673,0.7907124720314673,0.7907124720314673,0.8007124720314673,0.8107124720314673,0.8007124720314673,0.8207124720314674,0.8207124720314674
300,0.8338333855812792,0.8238333855812792,0.8238333855812792,0.8338333855812792,0.8438333855812792,0.8438333855812792,0.8438333855812792,0.8438333855812792,0.8438333855812792,0.8638333855812792,0.8488333855812792,0.8588333855812792,0.8588333855812792
301,0.8464250294888714,0.8464250294888714,0.8364250294888714,0.8464250294888714,0.8464250294888714,0.8764250294888715,0.8764250294888715,0.8664250294888715,0.8564250294888714,0.8564250294888714,0.8864250294888715,0.8864250294888715,0.8864250294888715
302,0.8822119709867449,0.8722119709867449,0.8422119709867448,0.8422119709867448,0.8422119709867448,0.8622119709867448,0.8622119709867448,0.8622119709867448,0.8422119709867448,0.8472119709867448,0.8472119709867448,0.8572119709867448,0.8672119709867449
303,0.8822709919336962,0.8822709919336962,0.8922709919336962,0.8922709919336962,0.8722709919336962,0.8622709919336962,0.8622709919336962,0.8522709919336962,0.8422709919336961,0.8472709919336961,0.8472709919336961,0.8572709919336962,0.8372709919336961
304,0.759958168091367,0.759958168091367,0.779958168091367,0.779958168091367,0.779958168091367,0.769958168091367,0.789958168091367,0.779958168091367,0.779958168091367,0.779958168091367,0.779958168091367,0.799958168091367,0.769958168091367
305,0.7654030181209732,0.7954030181209732,0.7954030181209732,0.8054030181209733,0.7954030181209732,0.8054030181209733,0.8004030181209733,0.8004030181209733,0.7904030181209732,0.7604030181209732,0.7504030181209732,0.7504030181209732,0.7904030181209732
306,0.772872528981867,0.772872528981867,0.782872528981867,0.762872528981867,0.762872528981867,0.762872528981867,0.762872528981867,0.752872528981867,0.742872528981867,0.762872528981867,0.772872528981867,0.782872528981867,0.782872528981867
307,0.8634891509660658,0.8434891509660658,0.8434891509660658,0.8234891509660658,0.8234891509660658,0.8234891509660658,0.8334891509660658,0.8484891509660658,0.8384891509660658,0.8284891509660658,0.8284891509660658,0.8284891509660658,0.8384891509660658
308,0.847903017979743,0.847903017979743,0.847903017979743,0.847903017979743,0.837903017979743,0.857903017979743,0.837903017979743,0.837903017979743,0.847903017979743,0.847903017979743,0.847903017979743,0.847903017979743,0.827903017979743
309,0.8459423616761249,0.8259423616761249,0.8359423616761249,0.8559423616761249,0.8559423616761249,0.8659423616761249,0.8759423616761249,0.8659423616761249,0.8659423616761249,0.8559423616761249,0.8559423616761249,0.8359423616761249,0.8359423616761249
310,0.8568441374732562,0.8568441374732562,0.8568441374732562,0.8668441374732562,0.8468441374732562,0.8268441374732561,0.8168441374732561,0.8168441374732561,0.8168441374732561,0.8368441374732561,0.8168441374732561,0.8168441374732561,0.8268441374732561
311,0.82698215553774,0.83698215553774,0.83698215553774,0.83698215553774,0.84698215553774,0.83698215553774,0.83698215553774,0.81698215553774,0.82698215553774,0.82698215553774,0.83698215553774,0.82698215553774,0.82698215553774
312,0.744851039240702,0.744851039240702,0.7348510392407019,0.7248510392407019,0.7248510392407019,0.7248510392407019,0.7048510392407019,0.7148510392407019,0.7248510392407019,0.7248510392407019,0.7248510392407019,0.7148510392407019,0.7248510392407019
313,0.8847588643436813,0.8847588643436813,0.8847588643436813,0.8847588643436813,0.8847588643436813,0.9047588643436814,0.9047588643436814,0.9047588643436814,0.9147588643436814,0.8847588643436813,0.8847588643436813,0.8647588643436813,0.8747588643436813
314,0.7904321734075925,0.7704321734075925,0.7904321734075925,0.7804321734075925,0.7904321734075925,0.8104321734075925,0.8304321734075926,0.8204321734075926,0.8204321734075926,0.8204321734075926,0.8204321734075926,0.8204321734075926,0.8204321734075926
315,0.9817182567651698,0.9917182567651698,0.9717182567651698,0.9617182567651698,0.9717182567651698,0.9717182567651698,0.9617182567651698,0.9617182567651698,0.9517182567651697,0.9517182567651697,0.9517182567651697,0.9517182567651697,0.9667182567651698
316,0.8423760218882188,0.8323760218882188,0.8323760218882188,0.8323760218882188,0.8223760218882188,0.8423760218882188,0.8323760218882188,0.8323760218882188,0.8423760218882188,0.8523760218882188,0.8723760218882188,0.8623760218882188,0.8723760218882188
317,0.7561836960785896,0.7661836960785896,0.7561836960785896,0.7461836960785896,0.7461836960785896,0.7461836960785896,0.7461836960785896,0.7461836960785896,0.7461836960785896,0.7461836960785896,0.7561836960785896,0.7461836960785896,0.7461836960785896
318,0.8065315278065834,0.7965315278065834,0.7965315278065834,0.7965315278065834,0.8065315278065834,0.8265315278065835,0.8165315278065834,0.7965315278065834,0.7865315278065834,0.8065315278065834,0.8065315278065834,0.7965315278065834,0.7965315278065834
319,0.8873817858086827,0.8873817858086827,0.8873817858086827,0.8873817858086827,0.8973817858086827,0.8973817858086827,0.8973817858086827,0.9173817858086827,0.9173817858086827,0.9023817858086827,0.8923817858086827,0.9023817858086827,0.9123817858086827
320,0.8398656450911479,0.8298656450911479,0.8298656450911479,0.8098656450911479,0.8198656450911479,0.8298656450911479,0.8298656450911479,0.8298656450911479,0.8198656450911479,0.8198656450911479,0.8198656450911479,0.8398656450911479,0.8298656450911479
321,0.7913999331139063,0.8013999331139063,0.7913999331139063,0.7913999331139063,0.7913999331139063,0.8013999331139063,0.8013999331139063,0.8013999331139063,0.8013999331139063,0.8013999331139063,0.7813999331139063,0.7913999331139063,0.8013999331139063
322,0.8290685731216335,0.7990685731216335,0.7890685731216335,0.7990685731216335,0.7990685731216335,0.8140685731216335,0.7840685731216335,0.7840685731216335,0.7840685731216335,0.7840685731216335,0.7840685731216335,0.7840685731216335,0.7840685731216335
323,0.8903888441640251,0.8803888441640251,0.8803888441640251,0.8903888441640251,0.8903888441640251,0.8903888441640251,0.8903888441640251,0.9003888441640251,0.9203888441640251,0.9203888441640251,0.9103888441640251,0.9203888441640251,0.9203888441640251
324,0.8619725883053303,0.8419725883053303,0.8419725883053303,0.8419725883053303,0.8519725883053303,0.8219725883053303,0.8319725883053303,0.8419725883053303,0.8519725883053303,0.8519725883053303,0.8519725883053303,0.8619725883053303,0.8619725883053303
325,0.9178359104062078,0.9178359104062078,0.9178359104062078,0.9178359104062078,0.9178359104062078,0.9178359104062078,0.9078359104062078,0.9178359104062078,0.9178359104062078,0.8978359104062078,0.8978359104062078,0.9078359104062078,0.9078359104062078
326,0.8371337381506949,0.8271337381506949,0.8271337381506949,0.8371337381506949,0.8371337381506949,0.8471337381506949,0.8371337381506949,0.8571337381506949,0.877133738150695,0.872133738150695,0.8421337381506949,0.8421337381506949,0.8221337381506949
327,0.85213055504984,0.85213055504984,0.82213055504984,0.83213055504984,0.84213055504984,0.84213055504984,0.82213055504984,0.81213055504984,0.81213055504984,0.82213055504984,0.82213055504984,0.81213055504984,0.83213055504984
328,0.7958569239330691,0.785856923933069,0.765856923933069,0.765856923933069,0.765856923933069,0.755856923933069,0.775856923933069,0.7958569239330691,0.7958569239330691,0.8158569239330691,0.8158569239330691,0.8158569239330691,0.8158569239330691
329,0.8096736146407061,0.8096736146407061,0.7996736146407061,0.7796736146407061,0.7796736146407061,0.7946736146407061,0.7846736146407061,0.7846736146407061,0.7846736146407061,0.7846736146407061,0.8046736146407061,0.8246736146407061,0.8246736146407061
330,0.8520908651213539,0.8520908651213539,0.8520908651213539,0.8120908651213539,0.8220908651213539,0.8370908651213539,0.8670908651213539,0.8670908651213539,0.8670908651213539,0.8670908651213539,0.8670908651213539,0.8870908651213539,0.8570908651213539
331,0.806787359685835,0.796787359685835,0.776787359685835,0.786787359685835,0.796787359685835,0.796787359685835,0.816787359685835,0.796787359685835,0.796787359685835,0.806787359685835,0.796787359685835,0.796787359685835,0.796787359685835
332,0.8236903511218066,0.8236903511218066,0.8236903511218066,0.8036903511218065,0.7936903511218065,0.7936903511218065,0.7936903511218065,0.7936903511218065,0.7836903511218065,0.7836903511218065,0.7886903511218065,0.7986903511218065,0.7986903511218065
333,0.9009811799567324,0.9109811799567324,0.9209811799567325,0.9009811799567324,0.8609811799567324,0.8609811799567324,0.8709811799567324,0.8709811799567324,0.8709811799567324,0.8809811799567324,0.8909811799567324,0.8809811799567324,0.8709811799567324
334,0.8491911002025002,0.8691911002025002,0.8891911002025003,0.8891911002025003,0.8841911002025002,0.8841911002025002,0.8841911002025002,0.8841911002025002,0.8741911002025002,0.8741911002025002,0.8541911002025002,0.8541911002025002,0.8541911002025002
335,0.9113350541563316,0.9113350541563316,0.9313350541563317,0.9213350541563317,0.9113350541563316,0.9113350541563316,0.9113350541563316,0.9113350541563316,0.9413350541563317,0.9263350541563317,0.9263350541563317,0.9363350541563317,0.9363350541563317
336,0.8805829434452791,0.8805829434452791,0.8905829434452791,0.8905829434452791,0.8605829434452791,0.8805829434452791,0.8805829434452791,0.8605829434452791,0.8505829434452791,0.8505829434452791,0.8705829434452791,0.8705829434452791,0.8605829434452791
337,0.8205913550701835,0.8105913550701835,0.7905913550701835,0.7905913550701835,0.7905913550701835,0.7905913550701835,0.8005913550701835,0.8005913550701835,0.7805913550701835,0.7855913550701835,0.7855913550701835,0.7855913550701835,0.7855913550701835
338,0.8342868480793633,0.8342868480793633,0.8342868480793633,0.8442868480793633,0.8442868480793633,0.8442868480793633,0.8342868480793633,0.8342868480793633,0.8342868480793633,0.8342868480793633,0.8242868480793633,0.8242868480793633,0.8342868480793633
339,0.8642961401384256,0.8642961401384256,0.8542961401384256,0.8542961401384256,0.8542961401384256,0.8442961401384256,0.8442961401384256,0.8442961401384256,0.8442961401384256,0.8542961401384256,0.8642961401384256,0.8642961401384256,0.8642961401384256
340,0.8129822477384923,0.8129822477384923,0.8329822477384923,0.8329822477384923,0.8329822477384923,0.8329822477384923,0.8329822477384923,0.8079822477384923,0.8179822477384923,0.7979822477384922,0.8079822477384923,0.8379822477384923,0.8179822477384923
341,0.8522747598367071,0.8522747598367071,0.8522747598367071,0.8422747598367071,0.8422747598367071,0.8522747598367071,0.8522747598367071,0.8322747598367071,0.8422747598367071,0.8522747598367071,0.8622747598367071,0.8622747598367071,0.8622747598367071
342,0.813621964123824,0.803621964123824,0.813621964123824,0.823621964123824,0.833621964123824,0.833621964123824,0.833621964123824,0.813621964123824,0.8436219641238241,0.8436219641238241,0.833621964123824,0.833621964123824,0.823621964123824
343,0.8414207257518119,0.8314207257518119,0.8314207257518119,0.8114207257518119,0.8114207257518119,0.8314207257518119,0.8214207257518119,0.8314207257518119,0.8314207257518119,0.8314207257518119,0.8314207257518119,0.8014207257518119,0.8114207257518119
344,0.8182377130516971,0.8182377130516971,0.8182377130516971,0.8182377130516971,0.8082377130516971,0.7982377130516971,0.7982377130516971,0.8282377130516971,0.8482377130516972,0.8382377130516971,0.8282377130516971,0.8282377130516971,0.8282377130516971
345,0.8081136806576124,0.7981136806576123,0.7781136806576123,0.7881136806576123,0.7881136806576123,0.7781136806576123,0.7931136806576123,0.7931136806576123,0.7931136806576123,0.7931136806576123,0.8131136806576124,0.7931136806576123,0.7831136806576123
346,0.8482593506660675,0.8282593506660675,0.8082593506660675,0.8082593506660675,0.8182593506660675,0.8182593506660675,0.8382593506660675,0.8182593506660675,0.8182593506660675,0.8182593506660675,0.8382593506660675,0.8482593506660675,0.8182593506660675
347,0.7676465067384759,0.7976465067384759,0.7976465067384759,0.7976465067384759,0.7976465067384759,0.7976465067384759,0.8076465067384759,0.8076465067384759,0.8076465067384759,0.7976465067384759,0.7976465067384759,0.7826465067384759,0.7926465067384759
348,0.7761497421854614,0.7661497421854614,0.7561497421854614,0.7561497421854614,0.7561497421854614,0.7361497421854614,0.7411497421854614,0.7511497421854614,0.7411497421854614,0.7511497421854614,0.7511497421854614,0.7511497421854614,0.7511497421854614
349,0.8658141026906825,0.8658141026906825,0.8558141026906825,0.8658141026906825,0.8858141026906825,0.8958141026906825,0.9058141026906825,0.9058141026906825,0.8958141026906825,0.8958141026906825,0.9058141026906825,0.8758141026906825,0.8658141026906825
350,0.847654456354128,0.847654456354128,0.8376544563541279,0.8376544563541279,0.8376544563541279,0.8376544563541279,0.8176544563541279,0.8276544563541279,0.847654456354128,0.847654456354128,0.857654456354128,0.857654456354128,0.847654456354128
351,0.8464016424428601,0.8464016424428601,0.8464016424428601,0.8564016424428601,0.8564016424428601,0.8564016424428601,0.8664016424428601,0.8564016424428601,0.8564016424428601,0.8464016424428601,0.8364016424428601,0.8364016424428601,0.8264016424428601
352,0.9858200944896419,0.9858200944896419,0.9958200944896419,0.9858200944896419,0.9958200944896419,1.0,0.99,0.96,0.96,0.98,0.98,0.98,0.97
353,0.8153427003588608,0.8053427003588608,0.8253427003588608,0.8453427003588608,0.8553427003588608,0.8503427003588608,0.8403427003588608,0.8503427003588608,0.8503427003588608,0.8503427003588608,0.8503427003588608,0.8403427003588608,0.8503427003588608
354,0.8238627737843441,0.8138627737843441,0.8238627737843441,0.8138627737843441,0.8138627737843441,0.8238627737843441,0.8338627737843441,0.8338627737843441,0.8338627737843441,0.8338627737843441,0.8338627737843441,0.8538627737843442,0.8538627737843442
355,0.8417851506253452,0.8117851506253452,0.8017851506253452,0.8017851506253452,0.8017851506253452,0.8417851506253452,0.8417851506253452,0.8417851506253452,0.8517851506253452,0.8517851506253452,0.8317851506253452,0.8117851506253452,0.8117851506253452
356,0.8428324718524464,0.8528324718524464,0.8228324718524463,0.8328324718524464,0.8428324718524464,0.8428324718524464,0.8228324718524463,0.8228324718524463,0.8328324718524464,0.8328324718524464,0.8328324718524464,0.8128324718524463,0.8228324718524463
357,0.8718142706762341,0.8718142706762341,0.8718142706762341,0.8718142706762341,0.8718142706762341,0.8618142706762341,0.8618142706762341,0.851814270676234,0.851814270676234,0.8618142706762341,0.8618142706762341,0.851814270676234,0.8768142706762341
358,0.8210735212338329,0.8310735212338329,0.8110735212338329,0.8110735212338329,0.8210735212338329,0.8210735212338329,0.8310735212338329,0.8410735212338329,0.8310735212338329,0.851073521233833,0.861073521233833,0.861073521233833,0.8410735212338329
359,0.8669418755151017,0.8769418755151017,0.8569418755151017,0.8369418755151017,0.8569418755151017,0.8569418755151017,0.8769418755151017,0.8969418755151017,0.8869418755151017,0.8969418755151017,0.8969418755151017,0.8819418755151017,0.8819418755151017
360,0.9378427100897925,0.9478427100897925,0.9478427100897925,0.9678427100897925,0.9778427100897925,0.9678427100897925,0.9778427100897925,0.9578427100897925,0.9578427100897925,0.9478427100897925,0.9578427100897925,0.9578427100897925,0.9578427100897925
361,0.8533076218632193,0.8733076218632193,0.8433076218632193,0.8433076218632193,0.8533076218632193,0.8633076218632193,0.8633076218632193,0.8733076218632193,0.8733076218632193,0.8733076218632193,0.8833076218632193,0.8833076218632193,0.8833076218632193
362,0.8361718970244177,0.8361718970244177,0.8561718970244178,0.8561718970244178,0.8361718970244177,0.8361718970244177,0.8361718970244177,0.8261718970244177,0.8261718970244177,0.8261718970244177,0.8161718970244177,0.8161718970244177,0.8261718970244177
363,0.8136631060046768,0.8236631060046768,0.8136631060046768,0.8036631060046768,0.8236631060046768,0.8036631060046768,0.8236631060046768,0.8036631060046768,0.8036631060046768,0.7836631060046768,0.8136631060046768,0.8136631060046768,0.7936631060046768
364,0.8820122460917359,0.8820122460917359,0.8920122460917359,0.8720122460917359,0.8820122460917359,0.8920122460917359,0.8720122460917359,0.8720122460917359,0.8820122460917359,0.8820122460917359,0.8920122460917359,0.8920122460917359,0.9020122460917359
365,0.8411012974626703,0.8411012974626703,0.8411012974626703,0.8511012974626703,0.8511012974626703,0.8511012974626703,0.8411012974626703,0.8411012974626703,0.8411012974626703,0.8511012974626703,0.8511012974626703,0.8511012974626703,0.8511012974626703
366,0.819668412461952,0.829668412461952,0.829668412461952,0.829668412461952,0.829668412461952,0.809668412461952,0.819668412461952,0.819668412461952,0.809668412461952,0.799668412461952,0.779668412461952,0.784668412461952,0.784668412461952
367,0.867933764024563,0.867933764024563,0.867933764024563,0.877933764024563,0.877933764024563,0.877933764024563,0.867933764024563,0.887933764024563,0.887933764024563,0.897933764024563,0.897933764024563,0.897933764024563,0.907933764024563
368,0.8458116111888413,0.8558116111888413,0.8558116111888413,0.8558116111888413,0.8458116111888413,0.8458116111888413,0.8358116111888413,0.8358116111888413,0.8458116111888413,0.8158116111888413,0.8258116111888413,0.8158116111888413,0.8258116111888413
369,0.9022020118237575,0.9222020118237575,0.9222020118237575,0.8972020118237575,0.8972020118237575,0.8972020118237575,0.8672020118237574,0.8772020118237575,0.8672020118237574,0.8772020118237575,0.8572020118237574,0.8572020118237574,0.8572020118237574
370,0.8957275682242054,0.8957275682242054,0.9057275682242054,0.9157275682242054,0.9157275682242054,0.9057275682242054,0.9057275682242054,0.8757275682242054,0.9157275682242054,0.9057275682242054,0.9057275682242054,0.8957275682242054,0.8957275682242054
371,0.8412916473227714,0.8312916473227714,0.8212916473227714,0.8212916473227714,0.8212916473227714,0.8212916473227714,0.8212916473227714,0.8212916473227714,0.8312916473227714,0.8312916473227714,0.8312916473227714,0.8312916473227714,0.8412916473227714
372,0.8210623213908153,0.8210623213908153,0.8210623213908153,0.8210623213908153,0.8210623213908153,0.8310623213908153,0.8410623213908153,0.8510623213908153,0.8360623213908153,0.8360623213908153,0.8360623213908153,0.8260623213908153,0.8260623213908153
373,0.8475340926930595,0.8575340926930595,0.8575340926930595,0.8475340926930595,0.8475340926930595,0.8475340926930595,0.8675340926930595,0.8675340926930595,0.8675340926930595,0.8775340926930595,0.8775340926930595,0.8775340926930595,0.8775340926930595
374,0.8179228180402829,0.8179228180402829,0.8179228180402829,0.8179228180402829,0.8179228180402829,0.7979228180402829,0.7879228180402829,0.7779228180402828,0.7879228180402829,0.7979228180402829,0.7779228180402828,0.7829228180402829,0.8029228180402829
375,0.9388635033709692,0.9288635033709692,0.9388635033709692,0.9288635033709692,0.9288635033709692,0.9388635033709692,0.9388635033709692,0.9288635033709692,0.9288635033709692,0.9088635033709692,0.9238635033709692,0.9438635033709692,0.9638635033709693
376,0.8565549667163668,0.8665549667163668,0.8665549667163668,0.8765549667163668,0.8965549667163668,0.8865549667163668,0.8715549667163668,0.8715549667163668,0.8515549667163668,0.8615549667163668,0.8515549667163668,0.8615549667163668,0.8515549667163668
377,0.8368630025631,0.8268630025631,0.8268630025631,0.7968630025630999,0.7968630025630999,0.8018630025631,0.8118630025631,0.8118630025631,0.8218630025631,0.8118630025631,0.8318630025631,0.8418630025631,0.8418630025631
378,0.7963840076016708,0.7963840076016708,0.7963840076016708,0.7963840076016708,0.7963840076016708,0.7863840076016708,0.7763840076016708,0.7763840076016708,0.7963840076016708,0.8063840076016708,0.8063840076016708,0.8063840076016708,0.7863840076016708
379,0.8295519789728698,0.8495519789728698,0.8495519789728698,0.8295519789728698,0.8295519789728698,0.8595519789728698,0.8595519789728698,0.8445519789728698,0.8445519789728698,0.8345519789728698,0.8245519789728698,0.8445519789728698,0.8545519789728698
380,0.7956957989348461,0.7956957989348461,0.8056957989348461,0.8056957989348461,0.8056957989348461,0.7856957989348461,0.7856957989348461,0.7956957989348461,0.7956957989348461,0.8056957989348461,0.8056957989348461,0.7956957989348461,0.8156957989348461
381,0.8337825451548526,0.8337825451548526,0.8337825451548526,0.8237825451548526,0.8237825451548526,0.8237825451548526,0.8337825451548526,0.8337825451548526,0.8337825451548526,0.8237825451548526,0.8237825451548526,0.8237825451548526,0.8137825451548526
382,0.7689715914053974,0.7689715914053974,0.7889715914053974,0.7889715914053974,0.7889715914053974,0.7889715914053974,0.7889715914053974,0.7689715914053974,0.7689715914053974,0.7689715914053974,0.7689715914053974,0.7589715914053974,0.7489715914053974
383,0.767612698516034,0.777612698516034,0.797612698516034,0.807612698516034,0.802612698516034,0.792612698516034,0.792612698516034,0.772612698516034,0.782612698516034,0.802612698516034,0.792612698516034,0.802612698516034,0.792612698516034
384,0.9603389077670624,0.9503389077670624,0.9603389077670624,0.9603389077670624,0.9603389077670624,0.9603389077670624,0.9903389077670625,1.0,1.0,0.99,0.99,0.99,0.99
385,0.910987552013526,0.930987552013526,0.920987552013526,0.930987552013526,0.930987552013526,0.910987552013526,0.910987552013526,0.930987552013526,0.950987552013526,0.945987552013526,0.945987552013526,0.925987552013526,0.935987552013526
386,0.8363104298944514,0.8363104298944514,0.8163104298944514,0.8263104298944514,0.8363104298944514,0.8363104298944514,0.8363104298944514,0.8363104298944514,0.8663104298944514,0.8513104298944514,0.8613104298944514,0.8513104298944514,0.8513104298944514
387,0.8169345229183277,0.8169345229183277,0.8169345229183277,0.8369345229183277,0.8269345229183277,0.8169345229183277,0.8269345229183277,0.8369345229183277,0.8469345229183277,0.8469345229183277,0.8469345229183277,0.8469345229183277,0.8469345229183277
388,0.8795324661297244,0.8795324661297244,0.8795324661297244,0.8795324661297244,0.8695324661297243,0.8695324661297243,0.8895324661297244,0.8995324661297244,0.8995324661297244,0.9195324661297244,0.9195324661297244,0.8995324661297244,0.8895324661297244
389,0.8992083398626086,0.8992083398626086,0.8892083398626086,0.8892083398626086,0.9092083398626086,0.9192083398626086,0.9192083398626086,0.9092083398626086,0.8992083398626086,0.9092083398626086,0.9092083398626086,0.9092083398626086,0.9092083398626086
390,0.782904306963907,0.792904306963907,0.792904306963907,0.792904306963907,0.792904306963907,0.792904306963907,0.782904306963907,0.782904306963907,0.802904306963907,0.792904306963907,0.792904306963907,0.792904306963907,0.782904306963907
391,0.8265999790107235,0.8365999790107235,0.8365999790107235,0.8565999790107235,0.8465999790107235,0.8465999790107235,0.8665999790107235,0.8565999790107235,0.8565999790107235,0.8465999790107235,0.8365999790107235,0.8365999790107235,0.8365999790107235
392,0.7754533289351657,0.8154533289351658,0.8154533289351658,0.8154533289351658,0.8154533289351658,0.8104533289351658,0.8004533289351657,0.8004533289351657,0.8204533289351658,0.8204533289351658,0.8204533289351658,0.8104533289351658,0.8104533289351658
393,0.908703916174866,0.908703916174866,0.908703916174866,0.898703916174866,0.898703916174866,0.898703916174866,0.898703916174866,0.898703916174866,0.918703916174866,0.938703916174866,0.938703916174866,0.938703916174866,0.928703916174866
394,0.9134232237116365,0.8934232237116365,0.8834232237116365,0.8834232237116365,0.8984232237116365,0.8884232237116365,0.8884232237116365,0.8984232237116365,0.8984232237116365,0.8984232237116365,0.8984232237116365,0.9084232237116365,0.9184232237116365
395,0.7513776797676621,0.7413776797676621,0.7313776797676621,0.7613776797676621,0.7613776797676621,0.7713776797676621,0.7713776797676621,0.7713776797676621,0.7613776797676621,0.7513776797676621,0.7513776797676621,0.7313776797676621,0.7413776797676621
396,0.8043128727254842,0.8043128727254842,0.8043128727254842,0.8143128727254842,0.8043128727254842,0.8143128727254842,0.8143128727254842,0.8243128727254843,0.8343128727254843,0.8343128727254843,0.8443128727254843,0.8443128727254843,0.8443128727254843
397,0.8756449326999558,0.8756449326999558,0.8756449326999558,0.8556449326999558,0.8356449326999558,0.8406449326999558,0.8506449326999558,0.8606449326999558,0.8606449326999558,0.8706449326999558,0.8606449326999558,0.8606449326999558,0.8406449326999558
398,0.7764763730123186,0.7464763730123186,0.7464763730123186,0.7464763730123186,0.7464763730123186,0.7364763730123186,0.7414763730123186,0.7414763730123186,0.7414763730123186,0.7514763730123186,0.7714763730123186,0.7914763730123187,0.8114763730123187
399,0.8760947712271769,0.8760947712271769,0.8760947712271769,0.886094771227177,0.896094771227177,0.896094771227177,0.896094771227177,0.906094771227177,0.906094771227177,0.906094771227177,0.906094771227177,0.906094771227177,0.906094771227177
400,0.8936869899760378,0.8936869899760378,0.8836869899760378,0.8936869899760378,0.8736869899760378,0.8736869899760378,0.8836869899760378,0.8636869899760378,0.8636869899760378,0.8736869899760378,0.8936869899760378,0.8936869899760378,0.9136869899760378
401,0.8318553048576507,0.8318553048576507,0.8318553048576507,0.8318553048576507,0.8318553048576507,0.8418553048576507,0.8318553048576507,0.8418553048576507,0.8418553048576507,0.8218553048576507,0.8118553048576507,0.7918553048576507,0.7918553048576507
402,0.8242914860384811,0.8442914860384811,0.8342914860384811,0.8442914860384811,0.8442914860384811,0.8342914860384811,0.8342914860384811,0.8342914860384811,0.8442914860384811,0.8442914860384811,0.8442914860384811,0.8342914860384811,0.8442914860384811
403,0.7915276284548372,0.7915276284548372,0.8015276284548372,0.8015276284548372,0.8115276284548372,0.8115276284548372,0.8015276284548372,0.7815276284548371,0.7815276284548371,0.7815276284548371,0.7715276284548371,0.7715276284548371,0.7715276284548371
404,0.8238637625653856,0.8538637625653857,0.8538637625653857,0.8538637625653857,0.8538637625653857,0.8638637625653857,0.8638637625653857,0.8638637625653857,0.8638637625653857,0.8538637625653857,0.8638637625653857,0.8638637625653857,0.8638637625653857
405,0.8236906423207108,0.8236906423207108,0.8236906423207108,0.8136906423207108,0.8136906423207108,0.7936906423207107,0.8086906423207108,0.7986906423207107,0.8086906423207108,0.7886906423207107,0.8086906423207108,0.8086906423207108,0.8086906423207108
406,0.9092016301942565,0.8892016301942565,0.8792016301942565,0.9092016301942565,0.9092016301942565,0.9092016301942565,0.9092016301942565,0.8992016301942565,0.8692016301942564,0.8692016301942564,0.8742016301942565,0.8842016301942565,0.8742016301942565
407,0.835271333527352,0.855271333527352,0.855271333527352,0.855271333527352,0.855271333527352,0.835271333527352,0.835271333527352,0.835271333527352,0.835271333527352,0.835271333527352,0.835271333527352,0.835271333527352,0.845271333527352
408,0.8669009793117929,0.8669009793117929,0.8669009793117929,0.8569009793117929,0.8769009793117929,0.8769009793117929,0.8969009793117929,0.8819009793117929,0.8919009793117929,0.8919009793117929,0.9019009793117929,0.9019009793117929,0.9019009793117929
409,0.8445600951548263,0.8145600951548263,0.8445600951548263,0.8445600951548263,0.8445600951548263,0.8545600951548263,0.8195600951548263,0.8195600951548263,0.8195600951548263,0.8095600951548263,0.7995600951548263,0.8095600951548263,0.7995600951548263
410,0.820786995291226,0.820786995291226,0.830786995291226,0.830786995291226,0.840786995291226,0.840786995291226,0.860786995291226,0.855786995291226,0.855786995291226,0.855786995291226,0.845786995291226,0.865786995291226,0.865786995291226
411,0.889091024741636,0.889091024741636,0.9090910247416361,0.899091024741636,0.899091024741636,0.9090910247416361,0.9090910247416361,0.899091024741636,0.889091024741636,0.879091024741636,0.879091024741636,0.879091024741636,0.879091024741636
412,0.913239033063667,0.9232390330636671,0.903239033063667,0.893239033063667,0.883239033063667,0.883239033063667,0.883239033063667,0.903239033063667,0.913239033063667,0.9232390330636671,0.9332390330636671,0.883239033063667,0.883239033063667
413,0.854922765818102,0.844922765818102,0.844922765818102,0.844922765818102,0.864922765818102,0.854922765818102,0.864922765818102,0.864922765818102,0.864922765818102,0.884922765818102,0.884922765818102,0.869922765818102,0.879922765818102
414,0.8823346504107172,0.8823346504107172,0.8823346504107172,0.8823346504107172,0.8923346504107172,0.8523346504107172,0.8523346504107172,0.8723346504107172,0.8723346504107172,0.8823346504107172,0.8823346504107172,0.8823346504107172,0.8823346504107172
415,0.8518991054970664,0.8318991054970664,0.8218991054970664,0.8318991054970664,0.8418991054970664,0.8318991054970664,0.8218991054970664,0.8218991054970664,0.8218991054970664,0.8218991054970664,0.8318991054970664,0.8418991054970664,0.8518991054970664
416,0.8886620736943529,0.8886620736943529,0.8886620736943529,0.9186620736943529,0.8886620736943529,0.8786620736943529,0.8886620736943529,0.8686620736943529,0.8686620736943529,0.8936620736943529,0.8936620736943529,0.8936620736943529,0.8836620736943529
417,0.8770830240534233,0.8670830240534233,0.9070830240534233,0.9170830240534233,0.9170830240534233,0.9120830240534233,0.9120830240534233,0.9020830240534233,0.9020830240534233,0.8920830240534233,0.8920830240534233,0.8920830240534233,0.8820830240534233
418,0.8896479302812261,0.8896479302812261,0.8696479302812261,0.8596479302812261,0.8496479302812261,0.8546479302812261,0.8546479302812261,0.8546479302812261,0.8646479302812261,0.8546479302812261,0.8546479302812261,0.8546479302812261,0.8646479302812261
419,0.8004301843364785,0.8004301843364785,0.8304301843364785,0.8204301843364785,0.8104301843364785,0.8204301843364785,0.8304301843364785,0.8404301843364785,0.8304301843364785,0.8004301843364785,0.8004301843364785,0.8204301843364785,0.8204301843364785
420,0.8676492321399367,0.8676492321399367,0.8576492321399367,0.8576492321399367,0.8576492321399367,0.8576492321399367,0.8576492321399367,0.8576492321399367,0.8876492321399367,0.8776492321399367,0.8876492321399367,0.8976492321399367,0.8776492321399367
421,0.7257693641994322,0.7257693641994322,0.7357693641994322,0.7357693641994322,0.7357693641994322,0.7357693641994322,0.7357693641994322,0.7557693641994322,0.7557693641994322,0.7557693641994322,0.7557693641994322,0.7557693641994322,0.7407693641994322
422,0.8732090203513849,0.8732090203513849,0.8532090203513849,0.8782090203513849,0.8882090203513849,0.8882090203513849,0.8882090203513849,0.898209020351385,0.898209020351385,0.908209020351385,0.918209020351385,0.918209020351385,0.918209020351385
423,0.7936267115332734,0.7936267115332734,0.7936267115332734,0.7836267115332733,0.7936267115332734,0.7836267115332733,0.7836267115332733,0.8036267115332734,0.7936267115332734,0.7836267115332733,0.7836267115332733,0.7736267115332733,0.7536267115332733
424,0.8591959380804364,0.8591959380804364,0.8691959380804364,0.8691959380804364,0.8791959380804364,0.8541959380804364,0.8441959380804364,0.8541959380804364,0.8541959380804364,0.8541959380804364,0.8541959380804364,0.8341959380804363,0.8341959380804363
425,0.8713869472358543,0.8613869472358543,0.8513869472358543,0.8513869472358543,0.8513869472358543,0.8613869472358543,0.8713869472358543,0.8513869472358543,0.8513869472358543,0.8613869472358543,0.8613869472358543,0.8913869472358543,0.8913869472358543
426,0.907325732438544,0.907325732438544,0.897325732438544,0.897325732438544,0.897325732438544,0.897325732438544,0.887325732438544,0.887325732438544,0.887325732438544,0.917325732438544,0.907325732438544,0.917325732438544,0.917325732438544
427,0.8843160444973978,0.8843160444973978,0.8743160444973977,0.8743160444973977,0.8743160444973977,0.8743160444973977,0.8943160444973978,0.8943160444973978,0.8843160444973978,0.8743160444973977,0.8743160444973977,0.8743160444973977,0.8743160444973977
428,0.814049390978875,0.814049390978875,0.794049390978875,0.7840493909788749,0.804049390978875,0.794049390978875,0.794049390978875,0.794049390978875,0.804049390978875,0.804049390978875,0.804049390978875,0.814049390978875,0.814049390978875
429,0.8386736440239175,0.8286736440239175,0.8186736440239175,0.8186736440239175,0.8186736440239175,0.8386736440239175,0.8486736440239175,0.8486736440239175,0.8486736440239175,0.8586736440239175,0.8686736440239176,0.8586736440239175,0.8486736440239175
430,0.8251562664348012,0.8251562664348012,0.8251562664348012,0.8251562664348012,0.8251562664348012,0.8251562664348012,0.8151562664348012,0.8151562664348012,0.8151562664348012,0.8151562664348012,0.8351562664348012,0.8551562664348012,0.8551562664348012
431,0.8091851913822456,0.7891851913822456,0.7991851913822456,0.7991851913822456,0.7791851913822456,0.7791851913822456,0.7891851913822456,0.7891851913822456,0.7891851913822456,0.7791851913822456,0.7791851913822456,0.7941851913822456,0.8041851913822456
432,0.8872132808071038,0.8972132808071038,0.9172132808071038,0.9022132808071038,0.9222132808071039,0.9222132808071039,0.9222132808071039,0.9222132808071039,0.9122132808071038,0.9122132808071038,0.8722132808071038,0.8622132808071038,0.8422132808071038
433,0.8260656522552248,0.8360656522552248,0.8160656522552248,0.8360656522552248,0.8460656522552248,0.8460656522552248,0.8460656522552248,0.8460656522552248,0.8660656522552248,0.8610656522552248,0.8510656522552248,0.8210656522552248,0.8110656522552248
434,0.8661467572093097,0.8661467572093097,0.8661467572093097,0.8761467572093097,0.8761467572093097,0.8761467572093097,0.8661467572093097,0.8761467572093097,0.8761467572093097,0.9061467572093097,0.8961467572093097,0.8961467572093097,0.8961467572093097
435,0.789409891038322,0.789409891038322,0.789409891038322,0.789409891038322,0.779409891038322,0.769409891038322,0.769409891038322,0.769409891038322,0.749409891038322,0.759409891038322,0.759409891038322,0.759409891038322,0.759409891038322
436,0.8749701906653659,0.8549701906653658,0.8749701906653659,0.8949701906653659,0.8749701906653659,0.8749701906653659,0.8949701906653659,0.8949701906653659,0.9049701906653659,0.9049701906653659,0.8849701906653659,0.8849701906653659,0.8849701906653659
437,0.8225978532954329,0.7825978532954329,0.8025978532954329,0.8025978532954329,0.8025978532954329,0.8025978532954329,0.8025978532954329,0.8025978532954329,0.8125978532954329,0.8325978532954329,0.8225978532954329,0.8325978532954329,0.8425978532954329
438,0.8996991577777456,0.9196991577777456,0.9396991577777456,0.9346991577777456,0.9346991577777456,0.9346991577777456,0.9246991577777456,0.9246991577777456,0.9346991577777456,0.9246991577777456,0.9146991577777456,0.9346991577777456,0.9246991577777456
439,0.7599180802434736,0.7599180802434736,0.7399180802434736,0.7399180802434736,0.7399180802434736,0.7399180802434736,0.7299180802434736,0.7199180802434736,0.7199180802434736,0.7249180802434736,0.7549180802434736,0.7449180802434736,0.7449180802434736
440,0.8294546527769869,0.849454652776987,0.859454652776987,0.859454652776987,0.869454652776987,0.869454652776987,0.869454652776987,0.869454652776987,0.849454652776987,0.849454652776987,0.869454652776987,0.849454652776987,0.8294546527769869
441,0.8789343952659817,0.8689343952659817,0.8689343952659817,0.8589343952659817,0.8589343952659817,0.8589343952659817,0.8589343952659817,0.8589343952659817,0.8489343952659817,0.8689343952659817,0.8689343952659817,0.8389343952659817,0.8389343952659817
442,0.7758592466504626,0.7758592466504626,0.7558592466504626,0.7558592466504626,0.7558592466504626,0.7358592466504625,0.7358592466504625,0.7558592466504626,0.7558592466504626,0.7558592466504626,0.7458592466504625,0.7458592466504625,0.7358592466504625
443,0.8324735922048244,0.8424735922048244,0.8324735922048244,0.8224735922048244,0.8424735922048244,0.8424735922048244,0.8424735922048244,0.8424735922048244,0.8424735922048244,0.8324735922048244,0.8224735922048244,0.8224735922048244,0.8224735922048244
444,0.8235704123145816,0.8235704123145816,0.8235704123145816,0.8035704123145816,0.8135704123145816,0.8035704123145816,0.8035704123145816,0.8035704123145816,0.7935704123145816,0.7935704123145816,0.7935704123145816,0.7935704123145816,0.7935704123145816
445,0.7734526372132278,0.7734526372132278,0.7734526372132278,0.7834526372132278,0.7634526372132278,0.7634526372132278,0.7634526372132278,0.7434526372132277,0.7434526372132277,0.7634526372132278,0.7634526372132278,0.7634526372132278,0.7734526372132278
446,0.798072408804444,0.788072408804444,0.788072408804444,0.788072408804444,0.788072408804444,0.788072408804444,0.808072408804444,0.798072408804444,0.7680724088044439,0.7680724088044439,0.7680724088044439,0.7680724088044439,0.7680724088044439
447,0.815793055964406,0.795793055964406,0.805793055964406,0.805793055964406,0.805793055964406,0.815793055964406,0.825793055964406,0.835793055964406,0.835793055964406,0.825793055964406,0.825793055964406,0.825793055964406,0.835793055964406
448,0.8354407133574917,0.8454407133574917,0.8154407133574917,0.8054407133574917,0.8054407133574917,0.8204407133574917,0.8404407133574917,0.8504407133574917,0.8304407133574917,0.8204407133574917,0.8104407133574917,0.8004407133574917,0.8104407133574917
449,0.8515736786904097,0.8415736786904097,0.8415736786904097,0.8415736786904097,0.8515736786904097,0.8615736786904097,0.8515736786904097,0.8515736786904097,0.8515736786904097,0.8515736786904097,0.8415736786904097,0.8515736786904097,0.8715736786904097
450,0.835291580374659,0.835291580374659,0.845291580374659,0.845291580374659,0.855291580374659,0.855291580374659,0.855291580374659,0.835291580374659,0.835291580374659,0.835291580374659,0.865291580374659,0.865291580374659,0.875291580374659
451,0.8669068137404048,0.8669068137404048,0.8769068137404048,0.8869068137404048,0.8769068137404048,0.8969068137404048,0.8869068137404048,0.8869068137404048,0.8869068137404048,0.8869068137404048,0.8769068137404048,0.8769068137404048,0.8569068137404048
452,0.7785221937130851,0.7785221937130851,0.7785221937130851,0.7785221937130851,0.7685221937130851,0.748522193713085,0.748522193713085,0.7685221937130851,0.7685221937130851,0.7885221937130851,0.7885221937130851,0.7885221937130851,0.7785221937130851
453,0.8319174308096046,0.8219174308096046,0.8219174308096046,0.8119174308096045,0.8019174308096045,0.8319174308096046,0.8219174308096046,0.8119174308096045,0.8019174308096045,0.8019174308096045,0.8019174308096045,0.8019174308096045,0.7919174308096045
454,0.8196331884378629,0.8296331884378629,0.8396331884378629,0.8396331884378629,0.8296331884378629,0.859633188437863,0.859633188437863,0.859633188437863,0.849633188437863,0.859633188437863,0.859633188437863,0.859633188437863,0.854633188437863
455,0.7655071469584763,0.7955071469584764,0.7955071469584764,0.8055071469584764,0.8055071469584764,0.8055071469584764,0.8055071469584764,0.8055071469584764,0.7755071469584763,0.7755071469584763,0.7755071469584763,0.7755071469584763,0.7755071469584763
456,0.8373164425923902,0.8473164425923903,0.8573164425923903,0.8473164425923903,0.8473164425923903,0.8473164425923903,0.8473164425923903,0.8573164425923903,0.8473164425923903,0.8273164425923902,0.8373164425923902,0.8373164425923902,0.8373164425923902
457,0.8604950887646737,0.8704950887646737,0.8704950887646737,0.8704950887646737,0.8704950887646737,0.8704950887646737,0.8704950887646737,0.8604950887646737,0.8604950887646737,0.8604950887646737,0.8604950887646737,0.8704950887646737,0.8904950887646738
458,0.8721182704740336,0.8721182704740336,0.8721182704740336,0.8721182704740336,0.8721182704740336,0.8721182704740336,0.8721182704740336,0.8721182704740336,0.8621182704740336,0.8621182704740336,0.8621182704740336,0.8621182704740336,0.8821182704740336
459,0.8491474734357214,0.8391474734357214,0.8291474734357214,0.8091474734357214,0.8141474734357214,0.8141474734357214,0.8141474734357214,0.8241474734357214,0.8241474734357214,0.8241474734357214,0.8441474734357214,0.8441474734357214,0.8541474734357214
460,0.8501623741856036,0.8501623741856036,0.8501623741856036,0.8501623741856036,0.8501623741856036,0.8501623741856036,0.8401623741856036,0.8301623741856036,0.8301623741856036,0.8201623741856036,0.8401623741856036,0.8401623741856036,0.8401623741856036
461,0.8511624495257984,0.8511624495257984,0.8511624495257984,0.8511624495257984,0.8311624495257984,0.8311624495257984,0.8311624495257984,0.8311624495257984,0.8411624495257984,0.8511624495257984,0.8611624495257985,0.8711624495257985,0.8711624495257985
462,0.8759749575063895,0.8859749575063895,0.8959749575063896,0.8959749575063896,0.8959749575063896,0.9059749575063896,0.8859749575063895,0.8859749575063895,0.8659749575063895,0.8659749575063895,0.8459749575063895,0.8459749575063895,0.8359749575063895
463,0.8840810234447662,0.8740810234447662,0.8940810234447663,0.9040810234447663,0.9040810234447663,0.9140810234447663,0.9140810234447663,0.9140810234447663,0.9040810234447663,0.9140810234447663,0.9140810234447663,0.9140810234447663,0.9040810234447663
464,0.8687943975918749,0.8687943975918749,0.8687943975918749,0.8787943975918749,0.8787943975918749,0.8387943975918749,0.8387943975918749,0.8387943975918749,0.8587943975918749,0.8687943975918749,0.8687943975918749,0.898794397591875,0.883794397591875
465,0.7547703448348271,0.7547703448348271,0.7647703448348271,0.7647703448348271,0.7647703448348271,0.7747703448348271,0.7747703448348271,0.7747703448348271,0.7547703448348271,0.7547703448348271,0.7447703448348271,0.7647703448348271,0.7547703448348271
466,0.8614479402492831,0.8814479402492831,0.8814479402492831,0.8814479402492831,0.8814479402492831,0.851447940249283,0.851447940249283,0.851447940249283,0.8614479402492831,0.8714479402492831,0.8814479402492831,0.8914479402492831,0.9014479402492831
467,0.9256207948627725,0.9256207948627725,0.9256207948627725,0.9656207948627725,0.9656207948627725,0.9656207948627725,0.9606207948627725,0.9506207948627725,0.9606207948627725,0.9606207948627725,0.9606207948627725,0.9606207948627725,0.9506207948627725
468,0.7852715119201669,0.7752715119201669,0.7652715119201668,0.7452715119201668,0.7552715119201668,0.7552715119201668,0.7452715119201668,0.7452715119201668,0.7552715119201668,0.7552715119201668,0.7552715119201668,0.7552715119201668,0.7552715119201668
469,0.8033150380165338,0.8133150380165338,0.8133150380165338,0.8233150380165338,0.8133150380165338,0.8133150380165338,0.8133150380165338,0.8133150380165338,0.8133150380165338,0.8333150380165338,0.8183150380165338,0.8183150380165338,0.7983150380165338
470,0.7826833295685804,0.7826833295685804,0.7726833295685804,0.7626833295685804,0.7626833295685804,0.7726833295685804,0.7726833295685804,0.7726833295685804,0.7826833295685804,0.7826833295685804,0.7726833295685804,0.7426833295685804,0.7426833295685804
471,0.8761720762879935,0.8761720762879935,0.8761720762879935,0.8661720762879935,0.8861720762879935,0.8961720762879936,0.8961720762879936,0.8861720762879935,0.8761720762879935,0.8661720762879935,0.8661720762879935,0.9061720762879936,0.8961720762879936
472,0.8883312578680084,0.8883312578680084,0.8883312578680084,0.8883312578680084,0.8783312578680084,0.8783312578680084,0.8783312578680084,0.8783312578680084,0.8683312578680084,0.8683312578680084,0.8683312578680084,0.8583312578680083,0.8583312578680083
473,0.8997588490352781,0.9197588490352782,0.9297588490352782,0.9297588490352782,0.9147588490352782,0.9247588490352782,0.9147588490352782,0.9147588490352782,0.9047588490352781,0.9147588490352782,0.9147588490352782,0.9247588490352782,0.9247588490352782
474,0.8446065780121919,0.8446065780121919,0.8246065780121918,0.8046065780121918,0.8046065780121918,0.8246065780121918,0.8146065780121918,0.8146065780121918,0.8346065780121918,0.8346065780121918,0.8246065780121918,0.8146065780121918,0.8046065780121918
475,0.9358340892068902,0.9358340892068902,0.9358340892068902,0.9358340892068902,0.9258340892068901,0.9258340892068901,0.9258340892068901,0.9258340892068901,0.9158340892068901,0.9158340892068901,0.9058340892068901,0.9158340892068901,0.9158340892068901
476,0.8199596397256799,0.8299596397256799,0.8299596397256799,0.8299596397256799,0.8399596397256799,0.8399596397256799,0.8399596397256799,0.8399596397256799,0.8499596397256799,0.8349596397256799,0.8249596397256799,0.8249596397256799,0.8249596397256799
477,0.8805706895749962,0.8805706895749962,0.8805706895749962,0.8805706895749962,0.8705706895749962,0.8605706895749962,0.8605706895749962,0.8605706895749962,0.8605706895749962,0.8805706895749962,0.9105706895749962,0.9105706895749962,0.9005706895749962
478,0.8738008102739012,0.8838008102739012,0.9038008102739012,0.8938008102739012,0.8938008102739012,0.8938008102739012,0.8838008102739012,0.8838008102739012,0.8738008102739012,0.8738008102739012,0.8838008102739012,0.8938008102739012,0.9038008102739012
479,0.9179848575721675,0.9179848575721675,0.9179848575721675,0.9079848575721675,0.9079848575721675,0.8879848575721675,0.8779848575721675,0.8779848575721675,0.8779848575721675,0.8829848575721675,0.8929848575721675,0.8929848575721675,0.9129848575721675
480,0.7704809210283939,0.800480921028394,0.800480921028394,0.800480921028394,0.785480921028394,0.785480921028394,0.795480921028394,0.795480921028394,0.7654809210283939,0.7654809210283939,0.7654809210283939,0.7454809210283939,0.7554809210283939
481,0.8753053073329253,0.8753053073329253,0.8753053073329253,0.8753053073329253,0.8653053073329253,0.8853053073329253,0.8653053073329253,0.8653053073329253,0.8753053073329253,0.8753053073329253,0.8653053073329253,0.8553053073329253,0.8553053073329253
482,0.8462532222583941,0.836253222258394,0.8462532222583941,0.8462532222583941,0.8462532222583941,0.8462532222583941,0.836253222258394,0.826253222258394,0.836253222258394,0.836253222258394,0.836253222258394,0.836253222258394,0.836253222258394
483,0.8040845609693574,0.8140845609693574,0.8040845609693574,0.8140845609693574,0.8140845609693574,0.8140845609693574,0.8140845609693574,0.8140845609693574,0.8140845609693574,0.8140845609693574,0.8040845609693574,0.8040845609693574,0.8140845609693574
484,0.8409698374038828,0.8509698374038828,0.8709698374038828,0.8709698374038828,0.8609698374038828,0.8509698374038828,0.8609698374038828,0.8509698374038828,0.8509698374038828,0.8709698374038828,0.8809698374038828,0.8809698374038828,0.8809698374038828
485,0.8216503292226268,0.8116503292226268,0.8216503292226268,0.8316503292226268,0.8216503292226268,0.8216503292226268,0.8116503292226268,0.7916503292226268,0.8216503292226268,0.8316503292226268,0.8616503292226269,0.8616503292226269,0.8516503292226268
486,0.7826183474250005,0.7726183474250005,0.7726183474250005,0.7726183474250005,0.7626183474250005,0.7626183474250005,0.7626183474250005,0.7526183474250004,0.7526183474250004,0.7426183474250004,0.7476183474250004,0.7576183474250004,0.7576183474250004
487,0.8177436408244363,0.8177436408244363,0.8177436408244363,0.8177436408244363,0.8177436408244363,0.8077436408244363,0.8177436408244363,0.8077436408244363,0.8477436408244363,0.8477436408244363,0.8477436408244363,0.8477436408244363,0.8277436408244363
488,0.9342408303689037,0.9642408303689037,0.9542408303689037,0.9542408303689037,0.9442408303689037,0.9442408303689037,0.9442408303689037,0.9442408303689037,0.9342408303689037,0.9742408303689037,0.9642408303689037,0.9342408303689037,0.9642408303689037
489,0.8570827478747253,0.8770827478747253,0.8670827478747253,0.8670827478747253,0.8670827478747253,0.8670827478747253,0.8370827478747253,0.8270827478747252,0.8270827478747252,0.8270827478747252,0.8270827478747252,0.8270827478747252,0.8270827478747252
490,0.8585812971713547,0.8485812971713547,0.8485812971713547,0.8485812971713547,0.8685812971713547,0.8785812971713547,0.8485812971713547,0.8485812971713547,0.8285812971713546,0.8435812971713547,0.8235812971713546,0.8235812971713546,0.8435812971713547
491,0.9121534714087466,0.9221534714087466,0.9321534714087466,0.9321534714087466,0.9321534714087466,0.9321534714087466,0.9121534714087466,0.8821534714087466,0.8821534714087466,0.8821534714087466,0.8821534714087466,0.8821534714087466,0.8721534714087466
492,0.8631173864821248,0.8731173864821248,0.8831173864821248,0.8831173864821248,0.8531173864821248,0.8431173864821248,0.8431173864821248,0.8631173864821248,0.8631173864821248,0.8631173864821248,0.8531173864821248,0.8531173864821248,0.8631173864821248
493,0.8731934223265484,0.8731934223265484,0.8731934223265484,0.8731934223265484,0.8531934223265484,0.8531934223265484,0.8631934223265484,0.8531934223265484,0.8531934223265484,0.8531934223265484,0.8531934223265484,0.8531934223265484,0.8531934223265484
494,0.8813730277638698,0.8913730277638698,0.8913730277638698,0.9113730277638699,0.9013730277638698,0.8913730277638698,0.9013730277638698,0.9013730277638698,0.9013730277638698,0.9013730277638698,0.8813730277638698,0.8813730277638698,0.9013730277638698
495,0.8559138897918133,0.8559138897918133,0.8759138897918133,0.8659138897918133,0.8659138897918133,0.8659138897918133,0.8759138897918133,0.8759138897918133,0.8759138897918133,0.8759138897918133,0.8509138897918133,0.8609138897918133,0.8509138897918133
496,0.7898341300380756,0.7898341300380756,0.7598341300380755,0.7598341300380755,0.7698341300380755,0.7698341300380755,0.7698341300380755,0.7698341300380755,0.7798341300380756,0.7598341300380755,0.7798341300380756,0.7698341300380755,0.7798341300380756
497,0.8531109988446105,0.8431109988446105,0.8431109988446105,0.8231109988446105,0.8231109988446105,0.8131109988446105,0.8131109988446105,0.8231109988446105,0.8231109988446105,0.8231109988446105,0.8231109988446105,0.8231109988446105,0.8231109988446105
498,0.9065149064231813,0.9165149064231813,0.9165149064231813,0.9165149064231813,0.9265149064231814,0.9365149064231814,0.9365149064231814,0.9465149064231814,0.9465149064231814,0.9365149064231814,0.9465149064231814,0.9365149064231814,0.9215149064231813
499,0.8083927400818649,0.8183927400818649,0.7883927400818649,0.7883927400818649,0.7883927400818649,0.7883927400818649,0.7983927400818649,0.7883927400818649,0.7983927400818649,0.7983927400818649,0.7883927400818649,0.7883927400818649,0.7983927400818649
500,0.8202613858245265,0.8002613858245264,0.8002613858245264,0.7902613858245264,0.7902613858245264,0.7902613858245264,0.7802613858245264,0.7852613858245264,0.7852613858245264,0.7952613858245264,0.7952613858245264,0.8052613858245264,0.8052613858245264
501,0.8638479410030866,0.8438479410030866,0.8338479410030866,0.8238479410030866,0.8288479410030866,0.8388479410030866,0.8388479410030866,0.8388479410030866,0.8388479410030866,0.8388479410030866,0.8688479410030866,0.8788479410030866,0.8888479410030866
502,0.9317867221078041,0.9417867221078041,0.9317867221078041,0.9317867221078041,0.9417867221078041,0.9317867221078041,0.9217867221078041,0.9217867221078041,0.9217867221078041,0.9017867221078041,0.9117867221078041,0.9217867221078041,0.9017867221078041
503,0.6957367607704026,0.6857367607704026,0.6957367607704026,0.6957367607704026,0.6957367607704026,0.6957367607704026,0.6957367607704026,0.6957367607704026,0.6957367607704026,0.6857367607704026,0.6857367607704026,0.6757367607704026,0.6857367607704026
504,0.8435239917291716,0.8435239917291716,0.8435239917291716,0.8535239917291716,0.8535239917291716,0.8535239917291716,0.8435239917291716,0.8235239917291716,0.8235239917291716,0.8235239917291716,0.8335239917291716,0.8335239917291716,0.8235239917291716
505,0.9097961598647912,0.9197961598647912,0.9297961598647912,0.9297961598647912,0.9047961598647912,0.9047961598647912,0.9047961598647912,0.8847961598647912,0.8947961598647912,0.9047961598647912,0.9247961598647912,0.9247961598647912,0.9247961598647912
506,0.6753452887408853,0.6553452887408853,0.6753452887408853,0.6853452887408853,0.6853452887408853,0.6853452887408853,0.6853452887408853,0.6953452887408853,0.7153452887408853,0.7153452887408853,0.7153452887408853,0.7153452887408853,0.7153452887408853
507,0.8713107922866521,0.8713107922866521,0.8713107922866521,0.8713107922866521,0.8713107922866521,0.8713107922866521,0.8713107922866521,0.8713107922866521,0.8713107922866521,0.8713107922866521,0.8713107922866521,0.8913107922866521,0.9013107922866521
508,0.906212832615371,0.886212832615371,0.886212832615371,0.886212832615371,0.886212832615371,0.886212832615371,0.911212832615371,0.921212832615371,0.931212832615371,0.931212832615371,0.901212832615371,0.911212832615371,0.921212832615371
509,0.7691674469053038,0.7691674469053038,0.7791674469053038,0.7691674469053038,0.7791674469053038,0.7791674469053038,0.7791674469053038,0.7691674469053038,0.7391674469053038,0.7391674469053038,0.7541674469053038,0.7641674469053038,0.7541674469053038
510,0.8436913884181458,0.8636913884181459,0.8736913884181459,0.8636913884181459,0.8836913884181459,0.8786913884181459,0.8886913884181459,0.8886913884181459,0.8886913884181459,0.8886913884181459,0.8886913884181459,0.8886913884181459,0.8886913884181459
511,0.7701736698204602,0.7801736698204602,0.7801736698204602,0.7901736698204602,0.7701736698204602,0.8001736698204602,0.8001736698204602,0.8001736698204602,0.8001736698204602,0.8001736698204602,0.8001736698204602,0.7901736698204602,0.7801736698204602
512,0.7560880641270673,0.7360880641270673,0.7460880641270673,0.7560880641270673,0.7360880641270673,0.7360880641270673,0.7460880641270673,0.7360880641270673,0.7360880641270673,0.7560880641270673,0.7560880641270673,0.7560880641270673,0.7760880641270673
513,0.7831668338642886,0.7731668338642886,0.7931668338642887,0.7931668338642887,0.7731668338642886,0.7631668338642886,0.7531668338642886,0.7631668338642886,0.7631668338642886,0.7531668338642886,0.7431668338642886,0.7531668338642886,0.7531668338642886
514,0.8970607408419378,0.8870607408419378,0.9170607408419378,0.9070607408419378,0.9170607408419378,0.9070607408419378,0.9070607408419378,0.9070607408419378,0.9070607408419378,0.8870607408419378,0.8770607408419377,0.8770607408419377,0.8770607408419377
515,0.7694374246385826,0.7694374246385826,0.7494374246385825,0.7294374246385825,0.7344374246385825,0.7444374246385825,0.7644374246385826,0.7844374246385826,0.7844374246385826,0.7844374246385826,0.7844374246385826,0.7644374246385826,0.7744374246385826
516,0.8179271522095695,0.8179271522095695,0.8079271522095695,0.8179271522095695,0.8179271522095695,0.8179271522095695,0.8179271522095695,0.8179271522095695,0.8179271522095695,0.8379271522095695,0.8379271522095695,0.8379271522095695,0.8379271522095695
517,0.8377346556423263,0.8277346556423263,0.8077346556423263,0.7977346556423263,0.8077346556423263,0.8177346556423263,0.8077346556423263,0.8077346556423263,0.8227346556423263,0.8127346556423263,0.8127346556423263,0.8127346556423263,0.8227346556423263
518,0.9027858390243354,0.9127858390243354,0.9127858390243354,0.9127858390243354,0.9227858390243354,0.9027858390243354,0.9027858390243354,0.8927858390243354,0.8827858390243354,0.8927858390243354,0.8927858390243354,0.8927858390243354,0.9027858390243354
519,0.8367393813868471,0.8367393813868471,0.8167393813868471,0.8167393813868471,0.8067393813868471,0.8217393813868471,0.8217393813868471,0.8217393813868471,0.8217393813868471,0.8217393813868471,0.8017393813868471,0.8217393813868471,0.8117393813868471
520,0.7498676171251715,0.7698676171251715,0.7798676171251715,0.7648676171251715,0.7848676171251715,0.7748676171251715,0.7848676171251715,0.7848676171251715,0.7548676171251715,0.7548676171251715,0.7548676171251715,0.7648676171251715,0.7548676171251715
521,0.8435378719611462,0.8335378719611461,0.8335378719611461,0.8235378719611461,0.8235378719611461,0.8335378719611461,0.8335378719611461,0.8035378719611461,0.8085378719611461,0.8185378719611461,0.8285378719611461,0.8385378719611462,0.8385378719611462
522,0.7676971662543425,0.7976971662543425,0.8076971662543425,0.8026971662543425,0.8026971662543425,0.7826971662543425,0.7726971662543425,0.7726971662543425,0.7626971662543425,0.7726971662543425,0.7726971662543425,0.7926971662543425,0.7926971662543425
523,0.8416380029490249,0.8416380029490249,0.8416380029490249,0.8516380029490249,0.8616380029490249,0.8366380029490249,0.8266380029490249,0.8066380029490249,0.8266380029490249,0.8266380029490249,0.8266380029490249,0.8366380029490249,0.8466380029490249
524,0.8287771079201486,0.8187771079201486,0.8187771079201486,0.7987771079201486,0.7987771079201486,0.8187771079201486,0.8287771079201486,0.8087771079201486,0.8487771079201486,0.8587771079201486,0.8437771079201486,0.8337771079201486,0.8337771079201486
525,0.7652265854958407,0.7552265854958407,0.7452265854958406,0.7752265854958407,0.7952265854958407,0.7802265854958407,0.7802265854958407,0.7902265854958407,0.8102265854958407,0.8102265854958407,0.8102265854958407,0.8102265854958407,0.8102265854958407
526,0.9264343670647174,0.9064343670647174,0.8964343670647174,0.8964343670647174,0.9114343670647174,0.8814343670647173,0.8814343670647173,0.8814343670647173,0.9014343670647174,0.9014343670647174,0.9014343670647174,0.8914343670647173,0.8914343670647173
527,0.8738953571438577,0.8738953571438577,0.8838953571438577,0.8938953571438577,0.8938953571438577,0.8938953571438577,0.8938953571438577,0.8938953571438577,0.8938953571438577,0.8938953571438577,0.9138953571438577,0.9138953571438577,0.9038953571438577
528,0.9610471925656818,0.9610471925656818,0.9610471925656818,0.9610471925656818,0.9410471925656818,0.9410471925656818,0.9210471925656818,0.9260471925656818,0.9260471925656818,0.9260471925656818,0.9360471925656818,0.9560471925656818,0.9660471925656818
529,0.8379872942085907,0.8379872942085907,0.8479872942085908,0.8379872942085907,0.8379872942085907,0.8379872942085907,0.8179872942085907,0.8379872942085907,0.8179872942085907,0.8179872942085907,0.8179872942085907,0.8179872942085907,0.8379872942085907
530,0.8781735610721148,0.8781735610721148,0.8881735610721148,0.8981735610721148,0.8981735610721148,0.8981735610721148,0.9081735610721148,0.8981735610721148,0.9081735610721148,0.9081735610721148,0.9081735610721148,0.9181735610721148,0.9181735610721148
531,0.7797914446575988,0.7797914446575988,0.7797914446575988,0.7597914446575987,0.7397914446575987,0.7397914446575987,0.7397914446575987,0.7397914446575987,0.7397914446575987,0.7397914446575987,0.7497914446575987,0.7647914446575987,0.7647914446575987
532,0.8544412835357582,0.8544412835357582,0.8544412835357582,0.8544412835357582,0.8544412835357582,0.8544412835357582,0.8344412835357582,0.8444412835357582,0.8444412835357582,0.8144412835357582,0.8244412835357582,0.8344412835357582,0.8344412835357582
533,0.8415632519201314,0.8515632519201314,0.8315632519201314,0.8615632519201314,0.8615632519201314,0.8615632519201314,0.8615632519201314,0.8815632519201314,0.8815632519201314,0.8715632519201314,0.8515632519201314,0.8415632519201314,0.8515632519201314
534,0.8780796446784896,0.8780796446784896,0.8780796446784896,0.8680796446784896,0.8880796446784897,0.8880796446784897,0.9180796446784897,0.9180796446784897,0.9180796446784897,0.9080796446784897,0.8980796446784897,0.9080796446784897,0.9180796446784897
535,0.8490380415007851,0.8590380415007851,0.8590380415007851,0.8690380415007851,0.8690380415007851,0.8690380415007851,0.8690380415007851,0.8790380415007851,0.8790380415007851,0.8790380415007851,0.8790380415007851,0.8890380415007851,0.8890380415007851
536,0.8937142824084624,0.8937142824084624,0.8937142824084624,0.8937142824084624,0.8837142824084624,0.8837142824084624,0.8937142824084624,0.8937142824084624,0.8937142824084624,0.8937142824084624,0.8937142824084624,0.9037142824084624,0.8737142824084624
537,0.8927732268528726,0.8827732268528726,0.8827732268528726,0.8727732268528726,0.8727732268528726,0.8827732268528726,0.8827732268528726,0.8727732268528726,0.9027732268528726,0.9027732268528726,0.9027732268528726,0.9027732268528726,0.9027732268528726
538,0.8647332591606958,0.8747332591606958,0.8647332591606958,0.8647332591606958,0.8647332591606958,0.8647332591606958,0.8647332591606958,0.8647332591606958,0.8647332591606958,0.8447332591606957,0.8447332591606957,0.8247332591606957,0.8247332591606957
539,0.776712525049426,0.746712525049426,0.756712525049426,0.756712525049426,0.766712525049426,0.736712525049426,0.736712525049426,0.741712525049426,0.741712525049426,0.731712525049426,0.731712525049426,0.731712525049426,0.741712525049426
540,0.8746967788432056,0.8846967788432056,0.8846967788432056,0.8846967788432056,0.8846967788432056,0.8846967788432056,0.8946967788432056,0.8946967788432056,0.9046967788432057,0.9046967788432057,0.8946967788432056,0.8946967788432056,0.8946967788432056
541,0.8439136962965909,0.8439136962965909,0.8439136962965909,0.8239136962965908,0.8239136962965908,0.8339136962965908,0.8439136962965909,0.8439136962965909,0.8439136962965909,0.8439136962965909,0.8439136962965909,0.8439136962965909,0.8439136962965909
542,0.8145392440792266,0.8145392440792266,0.7945392440792266,0.7945392440792266,0.7945392440792266,0.7745392440792266,0.7945392440792266,0.7945392440792266,0.7845392440792266,0.7845392440792266,0.8045392440792266,0.8145392440792266,0.8145392440792266
543,0.8329241285416424,0.8529241285416425,0.8529241285416425,0.8429241285416424,0.8529241285416425,0.8529241285416425,0.8529241285416425,0.8529241285416425,0.8629241285416425,0.8629241285416425,0.8729241285416425,0.8679241285416425,0.8579241285416425
544,0.811598437422209,0.791598437422209,0.801598437422209,0.811598437422209,0.801598437422209,0.791598437422209,0.801598437422209,0.791598437422209,0.781598437422209,0.771598437422209,0.781598437422209,0.781598437422209,0.781598437422209
545,0.8208307360027003,0.8308307360027003,0.8208307360027003,0.8208307360027003,0.8308307360027003,0.8208307360027003,0.8208307360027003,0.8208307360027003,0.8308307360027003,0.8308307360027003,0.8208307360027003,0.8208307360027003,0.8208307360027003
546,0.8020900251296081,0.8020900251296081,0.8120900251296082,0.8220900251296082,0.8020900251296081,0.8020900251296081,0.8020900251296081,0.8120900251296082,0.8120900251296082,0.8120900251296082,0.8020900251296081,0.8120900251296082,0.8020900251296081
547,0.7825567174070799,0.7825567174070799,0.7725567174070799,0.7825567174070799,0.7625567174070799,0.7525567174070799,0.7425567174070798,0.7525567174070799,0.7525567174070799,0.7825567174070799,0.8025567174070799,0.8125567174070799,0.8225567174070799
548,0.9175752774855093,0.9175752774855093,0.9175752774855093,0.9375752774855093,0.9125752774855093,0.9125752774855093,0.9125752774855093,0.9125752774855093,0.9125752774855093,0.9025752774855093,0.9125752774855093,0.9025752774855093,0.9025752774855093
549,0.828301585511425,0.828301585511425,0.818301585511425,0.808301585511425,0.808301585511425,0.818301585511425,0.818301585511425,0.808301585511425,0.828301585511425,0.848301585511425,0.828301585511425,0.838301585511425,0.848301585511425
550,0.8182900641711282,0.8182900641711282,0.8082900641711281,0.8082900641711281,0.7982900641711281,0.8082900641711281,0.8282900641711282,0.8182900641711282,0.8282900641711282,0.8282900641711282,0.8282900641711282,0.8182900641711282,0.8182900641711282
551,0.8045679421586881,0.8045679421586881,0.8145679421586881,0.8145679421586881,0.8345679421586881,0.8195679421586881,0.8195679421586881,0.8195679421586881,0.8095679421586881,0.8095679421586881,0.8195679421586881,0.8195679421586881,0.8195679421586881
552,0.775568244558979,0.775568244558979,0.785568244558979,0.785568244558979,0.785568244558979,0.795568244558979,0.795568244558979,0.785568244558979,0.775568244558979,0.775568244558979,0.785568244558979,0.755568244558979,0.755568244558979
553,0.8674265684068864,0.8474265684068863,0.8674265684068864,0.8674265684068864,0.8874265684068864,0.8974265684068864,0.8974265684068864,0.8774265684068864,0.8674265684068864,0.8574265684068864,0.8774265684068864,0.8774265684068864,0.8774265684068864
554,0.9472242901264092,0.9472242901264092,0.9572242901264092,0.9572242901264092,0.9572242901264092,0.9572242901264092,0.9572242901264092,0.9772242901264092,0.9772242901264092,0.9872242901264092,0.9872242901264092,0.9772242901264092,0.9622242901264092
555,0.8680361529759659,0.8880361529759659,0.8780361529759659,0.8780361529759659,0.8780361529759659,0.8780361529759659,0.8780361529759659,0.8780361529759659,0.8780361529759659,0.8780361529759659,0.8780361529759659,0.898036152975966,0.898036152975966
556,0.8519272918899498,0.8519272918899498,0.8319272918899497,0.8119272918899497,0.8119272918899497,0.8119272918899497,0.8419272918899497,0.8419272918899497,0.8519272918899498,0.8319272918899497,0.8319272918899497,0.8219272918899497,0.8519272918899498
557,0.8892016723553418,0.8892016723553418,0.8892016723553418,0.8992016723553418,0.9092016723553418,0.9092016723553418,0.9192016723553418,0.9192016723553418,0.9292016723553418,0.9292016723553418,0.9242016723553418,0.9142016723553418,0.9242016723553418
558,0.847594354747926,0.847594354747926,0.857594354747926,0.837594354747926,0.837594354747926,0.837594354747926,0.867594354747926,0.847594354747926,0.857594354747926,0.857594354747926,0.857594354747926,0.857594354747926,0.847594354747926
559,0.8914779862823361,0.8914779862823361,0.9014779862823361,0.9014779862823361,0.9014779862823361,0.9114779862823361,0.9214779862823361,0.9214779862823361,0.9214779862823361,0.9014779862823361,0.9114779862823361,0.9314779862823361,0.9314779862823361
560,0.8488498754419277,0.8488498754419277,0.8488498754419277,0.8588498754419277,0.8488498754419277,0.8388498754419277,0.8388498754419277,0.8388498754419277,0.8388498754419277,0.8488498754419277,0.8288498754419277,0.8288498754419277,0.8388498754419277
561,0.9028031818171114,0.9028031818171114,0.8928031818171114,0.8828031818171114,0.8928031818171114,0.9028031818171114,0.9228031818171114,0.9328031818171114,0.9328031818171114,0.9328031818171114,0.9328031818171114,0.9178031818171114,0.9078031818171114
562,0.7843487098706808,0.7843487098706808,0.7843487098706808,0.7943487098706808,0.8143487098706809,0.8243487098706809,0.8043487098706809,0.8143487098706809,0.8143487098706809,0.8043487098706809,0.8043487098706809,0.7743487098706808,0.7743487098706808
563,0.8735407731535464,0.8935407731535464,0.9135407731535464,0.9135407731535464,0.9135407731535464,0.9035407731535464,0.9135407731535464,0.8935407731535464,0.8935407731535464,0.8935407731535464,0.8735407731535464,0.8735407731535464,0.8635407731535464
564,0.850258740320737,0.850258740320737,0.850258740320737,0.850258740320737,0.870258740320737,0.880258740320737,0.870258740320737,0.880258740320737,0.870258740320737,0.880258740320737,0.865258740320737,0.855258740320737,0.855258740320737
565,0.9055887416481176,0.8855887416481176,0.8855887416481176,0.9105887416481176,0.9205887416481177,0.8905887416481176,0.9005887416481176,0.9005887416481176,0.9105887416481176,0.9105887416481176,0.9105887416481176,0.9005887416481176,0.9005887416481176
566,0.9021743674795629,0.9221743674795629,0.932174367479563,0.932174367479563,0.942174367479563,0.932174367479563,0.9121743674795629,0.932174367479563,0.9121743674795629,0.9121743674795629,0.9121743674795629,0.9021743674795629,0.9021743674795629
567,0.8612858748734789,0.8612858748734789,0.8612858748734789,0.8512858748734788,0.8512858748734788,0.8512858748734788,0.8612858748734789,0.8412858748734788,0.8212858748734788,0.8262858748734788,0.8362858748734788,0.8562858748734788,0.8462858748734788
568,0.8111354081402314,0.8111354081402314,0.8111354081402314,0.8211354081402314,0.8311354081402315,0.8211354081402314,0.8411354081402315,0.8311354081402315,0.8311354081402315,0.8311354081402315,0.8111354081402314,0.8111354081402314,0.7911354081402314
569,0.7167665827922238,0.6967665827922238,0.6967665827922238,0.6967665827922238,0.7067665827922238,0.7267665827922238,0.7267665827922238,0.7167665827922238,0.7167665827922238,0.7467665827922239,0.7467665827922239,0.7267665827922238,0.7267665827922238
570,0.8321302872359996,0.8221302872359996,0.8321302872359996,0.8321302872359996,0.8321302872359996,0.8421302872359996,0.8321302872359996,0.8321302872359996,0.8321302872359996,0.8021302872359996,0.8021302872359996,0.8021302872359996,0.7921302872359995
571,0.8524512314963812,0.8424512314963812,0.8824512314963813,0.8824512314963813,0.8924512314963813,0.8824512314963813,0.8624512314963813,0.8624512314963813,0.8624512314963813,0.8724512314963813,0.8724512314963813,0.8824512314963813,0.8824512314963813
572,0.9104764208136071,0.9004764208136071,0.9004764208136071,0.8904764208136071,0.8904764208136071,0.8904764208136071,0.8904764208136071,0.8904764208136071,0.8804764208136071,0.8804764208136071,0.8804764208136071,0.8804764208136071,0.8804764208136071
573,0.8376269933330932,0.8376269933330932,0.8376269933330932,0.8376269933330932,0.8476269933330932,0.8576269933330932,0.8576269933330932,0.8376269933330932,0.8576269933330932,0.8576269933330932,0.8676269933330932,0.8576269933330932,0.8576269933330932
574,0.8163486319782384,0.8363486319782384,0.8263486319782384,0.8263486319782384,0.8263486319782384,0.8463486319782384,0.8463486319782384,0.8463486319782384,0.8263486319782384,0.8063486319782384,0.8063486319782384,0.8263486319782384,0.8163486319782384
575,0.8470711497874568,0.8270711497874568,0.8270711497874568,0.8270711497874568,0.8270711497874568,0.8270711497874568,0.8270711497874568,0.8270711497874568,0.8170711497874568,0.8070711497874568,0.8070711497874568,0.8070711497874568,0.8170711497874568
576,0.7745421679617355,0.7945421679617355,0.8045421679617355,0.8045421679617355,0.8145421679617355,0.8045421679617355,0.7745421679617355,0.7645421679617355,0.7645421679617355,0.7645421679617355,0.7645421679617355,0.7545421679617355,0.7545421679617355
577,0.8269069923928201,0.81690699239282,0.81690699239282,0.81690699239282,0.81690699239282,0.80690699239282,0.79690699239282,0.81690699239282,0.81690699239282,0.80690699239282,0.8269069923928201,0.79690699239282,0.80690699239282
578,0.9409388379250787,0.9309388379250787,0.9309388379250787,0.9509388379250787,0.9509388379250787,0.9509388379250787,0.9509388379250787,0.9609388379250787,0.9609388379250787,0.9509388379250787,0.9509388379250787,0.9609388379250787,0.9609388379250787
579,0.8231394654323408,0.8431394654323409,0.8531394654323409,0.8531394654323409,0.8231394654323408,0.8431394654323409,0.8431394654323409,0.8631394654323409,0.8631394654323409,0.8531394654323409,0.8631394654323409,0.8631394654323409,0.8631394654323409
580,0.8283734700760031,0.8283734700760031,0.8383734700760032,0.8283734700760031,0.8283734700760031,0.8183734700760031,0.8183734700760031,0.8183734700760031,0.8083734700760031,0.8383734700760032,0.8383734700760032,0.8383734700760032,0.8483734700760032
581,0.7994806156247533,0.7894806156247532,0.7994806156247533,0.8094806156247533,0.8094806156247533,0.8094806156247533,0.8094806156247533,0.8094806156247533,0.7994806156247533,0.8094806156247533,0.8094806156247533,0.8094806156247533,0.8094806156247533
582,0.7681311052360538,0.7681311052360538,0.7881311052360538,0.7981311052360538,0.8081311052360538,0.8081311052360538,0.8031311052360538,0.7931311052360538,0.7631311052360538,0.7331311052360537,0.7231311052360537,0.7431311052360537,0.7531311052360538
583,0.8736289658358628,0.8636289658358628,0.8636289658358628,0.8336289658358628,0.8436289658358628,0.8586289658358628,0.8686289658358628,0.8686289658358628,0.8486289658358628,0.8486289658358628,0.8386289658358628,0.8386289658358628,0.8586289658358628
584,0.9074640387482996,0.9174640387482996,0.9174640387482996,0.9174640387482996,0.9174640387482996,0.9374640387482996,0.9374640387482996,0.9474640387482997,0.9474640387482997,0.9474640387482997,0.9474640387482997,0.9424640387482996,0.9324640387482996
585,0.9195918680864201,0.9295918680864201,0.9295918680864201,0.9495918680864202,0.9595918680864202,0.9545918680864202,0.9345918680864201,0.9545918680864202,0.9445918680864201,0.9445918680864201,0.9445918680864201,0.9545918680864202,0.9245918680864201
586,0.8530552610225381,0.8530552610225381,0.8530552610225381,0.8330552610225381,0.8530552610225381,0.8530552610225381,0.8530552610225381,0.8530552610225381,0.8430552610225381,0.8430552610225381,0.8430552610225381,0.8430552610225381,0.8230552610225381
587,0.7599879501254918,0.7599879501254918,0.7699879501254918,0.7499879501254918,0.7299879501254918,0.7199879501254918,0.7299879501254918,0.7199879501254918,0.7199879501254918,0.7299879501254918,0.7399879501254918,0.7299879501254918,0.7299879501254918
588,0.8542008943066592,0.8642008943066593,0.8542008943066592,0.8542008943066592,0.8442008943066592,0.8442008943066592,0.8342008943066592,0.8142008943066592,0.8142008943066592,0.8192008943066592,0.8192008943066592,0.8192008943066592,0.8192008943066592
589,0.751113438809972,0.7411134388099719,0.7311134388099719,0.751113438809972,0.7411134388099719,0.7411134388099719,0.7411134388099719,0.7411134388099719,0.7311134388099719,0.7311134388099719,0.7311134388099719,0.7211134388099719,0.7211134388099719
590,0.779146437142611,0.789146437142611,0.809146437142611,0.809146437142611,0.794146437142611,0.794146437142611,0.794146437142611,0.804146437142611,0.814146437142611,0.814146437142611,0.804146437142611,0.764146437142611,0.774146437142611
591,0.8158877953524329,0.8158877953524329,0.8158877953524329,0.855887795352433,0.845887795352433,0.835887795352433,0.835887795352433,0.845887795352433,0.835887795352433,0.855887795352433,0.855887795352433,0.850887795352433,0.850887795352433
592,0.7982741885197787,0.7982741885197787,0.7982741885197787,0.8082741885197787,0.8082741885197787,0.7982741885197787,0.7982741885197787,0.7982741885197787,0.7782741885197787,0.7782741885197787,0.7782741885197787,0.7782741885197787,0.7982741885197787
593,0.8578583466032645,0.8578583466032645,0.8778583466032646,0.8478583466032645,0.8278583466032645,0.8278583466032645,0.8178583466032645,0.8278583466032645,0.8278583466032645,0.8278583466032645,0.8378583466032645,0.8478583466032645,0.8378583466032645
594,0.8700598391788144,0.8700598391788144,0.8700598391788144,0.8700598391788144,0.8800598391788144,0.8900598391788144,0.8800598391788144,0.8800598391788144,0.8600598391788143,0.8500598391788143,0.8400598391788143,0.8400598391788143,0.8300598391788143
595,0.8486564677510292,0.8486564677510292,0.8486564677510292,0.8386564677510292,0.8286564677510292,0.8086564677510292,0.8186564677510292,0.8186564677510292,0.8186564677510292,0.8336564677510292,0.8336564677510292,0.8236564677510292,0.8236564677510292
596,0.7861677240592595,0.8261677240592595,0.8061677240592595,0.8161677240592595,0.8161677240592595,0.8261677240592595,0.8261677240592595,0.8211677240592595,0.8111677240592595,0.7911677240592595,0.7911677240592595,0.7711677240592595,0.7711677240592595
597,0.8546932658591025,0.8646932658591026,0.8746932658591026,0.8746932658591026,0.8846932658591026,0.8846932658591026,0.8846932658591026,0.8846932658591026,0.8846932658591026,0.8746932658591026,0.8846932658591026,0.8846932658591026,0.8846932658591026
598,0.77012285012771,0.77012285012771,0.77012285012771,0.75012285012771,0.77012285012771,0.77012285012771,0.77012285012771,0.78012285012771,0.78012285012771,0.78012285012771,0.77012285012771,0.77012285012771,0.77012285012771
599,0.8500239514845623,0.8500239514845623,0.8400239514845623,0.8100239514845623,0.8150239514845623,0.8150239514845623,0.8250239514845623,0.8150239514845623,0.8150239514845623,0.8350239514845623,0.8350239514845623,0.8550239514845623,0.8550239514845623
600,0.8778231719829807,0.8878231719829807,0.8878231719829807,0.8878231719829807,0.8478231719829806,0.8578231719829806,0.8478231719829806,0.8478231719829806,0.8678231719829806,0.8578231719829806,0.8478231719829806,0.8628231719829806,0.8528231719829806
601,0.8122094081424547,0.8122094081424547,0.8122094081424547,0.8122094081424547,0.8322094081424547,0.8222094081424547,0.8322094081424547,0.8222094081424547,0.8122094081424547,0.8322094081424547,0.8522094081424547,0.8472094081424547,0.8272094081424547
602,0.8858032958637262,0.8858032958637262,0.8958032958637262,0.8858032958637262,0.8858032958637262,0.9058032958637262,0.9058032958637262,0.9158032958637262,0.9158032958637262,0.9258032958637262,0.9158032958637262,0.9158032958637262,0.9158032958637262
603,0.8565130854919321,0.8565130854919321,0.8765130854919321,0.8765130854919321,0.8865130854919321,0.8865130854919321,0.8965130854919321,0.8915130854919321,0.8615130854919321,0.8715130854919321,0.851513085491932,0.851513085491932,0.851513085491932
604,0.7915904824451372,0.8015904824451372,0.8015904824451372,0.7815904824451372,0.7915904824451372,0.8115904824451372,0.7865904824451372,0.7865904824451372,0.7865904824451372,0.7865904824451372,0.7865904824451372,0.7765904824451372,0.7865904824451372
605,0.8890211311813694,0.8890211311813694,0.8890211311813694,0.8890211311813694,0.8890211311813694,0.8690211311813694,0.8690211311813694,0.8590211311813694,0.8590211311813694,0.8590211311813694,0.8490211311813693,0.8690211311813694,0.8690211311813694
606,0.885547375877687,0.895547375877687,0.895547375877687,0.8755473758776869,0.8755473758776869,0.885547375877687,0.885547375877687,0.895547375877687,0.895547375877687,0.915547375877687,0.905547375877687,0.905547375877687,0.915547375877687
607,0.8741683419733253,0.8841683419733253,0.8841683419733253,0.8841683419733253,0.8941683419733253,0.8841683419733253,0.8841683419733253,0.9041683419733253,0.9041683419733253,0.9041683419733253,0.8941683419733253,0.8841683419733253,0.8841683419733253
608,0.7946833480636106,0.8046833480636106,0.7946833480636106,0.7846833480636106,0.7946833480636106,0.7946833480636106,0.8046833480636106,0.8146833480636106,0.8146833480636106,0.8146833480636106,0.8046833480636106,0.7946833480636106,0.7846833480636106
609,0.8219674239229687,0.8019674239229687,0.8019674239229687,0.8219674239229687,0.8119674239229687,0.8219674239229687,0.8119674239229687,0.7919674239229687,0.7919674239229687,0.8019674239229687,0.8019674239229687,0.7919674239229687,0.7819674239229687
610,0.9214373160198149,0.9314373160198149,0.9214373160198149,0.9214373160198149,0.9214373160198149,0.9114373160198149,0.9014373160198149,0.9014373160198149,0.9214373160198149,0.9214373160198149,0.9114373160198149,0.9114373160198149,0.9114373160198149
611,0.8679978953535527,0.8679978953535527,0.8879978953535527,0.8879978953535527,0.8779978953535527,0.8679978953535527,0.8579978953535526,0.8579978953535526,0.8579978953535526,0.8579978953535526,0.8579978953535526,0.8579978953535526,0.8679978953535527
612,0.8182983159443912,0.8182983159443912,0.8182983159443912,0.8182983159443912,0.8082983159443912,0.8082983159443912,0.8082983159443912,0.7982983159443912,0.8082983159443912,0.8182983159443912,0.8082983159443912,0.8082983159443912,0.7982983159443912
613,0.8391503326483398,0.8391503326483398,0.8491503326483398,0.8491503326483398,0.8491503326483398,0.8591503326483398,0.8591503326483398,0.8791503326483399,0.8691503326483399,0.8691503326483399,0.8691503326483399,0.8791503326483399,0.8791503326483399
614,0.7986814773753951,0.7986814773753951,0.7786814773753951,0.768681477375395,0.768681477375395,0.768681477375395,0.7836814773753951,0.7836814773753951,0.7836814773753951,0.7836814773753951,0.8036814773753951,0.8136814773753951,0.8136814773753951
615,0.7100544255493878,0.7000544255493878,0.7000544255493878,0.7100544255493878,0.6900544255493878,0.6900544255493878,0.6800544255493878,0.6800544255493878,0.6700544255493878,0.6900544255493878,0.6900544255493878,0.7000544255493878,0.6900544255493878
616,0.8854497143056828,0.8954497143056828,0.8754497143056827,0.8754497143056827,0.8754497143056827,0.8754497143056827,0.8754497143056827,0.8854497143056828,0.8854497143056828,0.9154497143056828,0.9004497143056828,0.9004497143056828,0.9004497143056828
617,0.7876927886324917,0.7876927886324917,0.7876927886324917,0.8076927886324917,0.7976927886324917,0.7976927886324917,0.7976927886324917,0.7976927886324917,0.7976927886324917,0.7976927886324917,0.8076927886324917,0.8076927886324917,0.8076927886324917
618,0.8911487141337626,0.8911487141337626,0.9111487141337626,0.9111487141337626,0.9111487141337626,0.9011487141337626,0.9011487141337626,0.8811487141337626,0.8911487141337626,0.8611487141337626,0.8611487141337626,0.8611487141337626,0.8811487141337626
619,0.7790210156822645,0.7790210156822645,0.7790210156822645,0.7690210156822644,0.7690210156822644,0.7590210156822644,0.7590210156822644,0.7490210156822644,0.7590210156822644,0.7790210156822645,0.7790210156822645,0.7790210156822645,0.7790210156822645
620,0.8297640567246805,0.8297640567246805,0.8297640567246805,0.8297640567246805,0.8497640567246805,0.8497640567246805,0.8297640567246805,0.8397640567246805,0.8397640567246805,0.8397640567246805,0.8397640567246805,0.8597640567246805,0.8597640567246805
621,0.7871835070502545,0.7871835070502545,0.7771835070502545,0.7771835070502545,0.7871835070502545,0.7971835070502545,0.7771835070502545,0.7571835070502545,0.7571835070502545,0.7671835070502545,0.7571835070502545,0.7571835070502545,0.7571835070502545
622,0.8727090663671231,0.8727090663671231,0.8527090663671231,0.8427090663671231,0.8427090663671231,0.8527090663671231,0.8527090663671231,0.8727090663671231,0.8727090663671231,0.8927090663671231,0.8827090663671231,0.8827090663671231,0.8827090663671231
623,0.8934416325125236,0.8934416325125236,0.8834416325125236,0.8834416325125236,0.8834416325125236,0.8834416325125236,0.8734416325125236,0.8634416325125236,0.8784416325125236,0.8884416325125236,0.8684416325125236,0.8784416325125236,0.8784416325125236
624,0.7893807353269842,0.7893807353269842,0.7993807353269842,0.8093807353269842,0.8193807353269842,0.8093807353269842,0.8093807353269842,0.8093807353269842,0.8293807353269842,0.8193807353269842,0.8043807353269842,0.8143807353269842,0.8043807353269842
625,0.7837086670801667,0.7837086670801667,0.7837086670801667,0.7637086670801667,0.7637086670801667,0.7737086670801667,0.7737086670801667,0.7837086670801667,0.8037086670801667,0.7937086670801667,0.7737086670801667,0.7837086670801667,0.7937086670801667
626,0.855817477562142,0.845817477562142,0.855817477562142,0.865817477562142,0.865817477562142,0.875817477562142,0.885817477562142,0.865817477562142,0.875817477562142,0.875817477562142,0.875817477562142,0.885817477562142,0.885817477562142
627,0.855473081784516,0.845473081784516,0.845473081784516,0.845473081784516,0.865473081784516,0.875473081784516,0.885473081784516,0.875473081784516,0.875473081784516,0.875473081784516,0.895473081784516,0.885473081784516,0.875473081784516
628,0.8281033988841955,0.8381033988841955,0.8381033988841955,0.8281033988841955,0.8381033988841955,0.8181033988841955,0.8281033988841955,0.8281033988841955,0.8381033988841955,0.8481033988841955,0.8481033988841955,0.8581033988841955,0.8581033988841955
629,0.7892203671345365,0.7792203671345365,0.7692203671345365,0.7692203671345365,0.7692203671345365,0.7492203671345364,0.7592203671345364,0.7692203671345365,0.7942203671345365,0.7942203671345365,0.8042203671345365,0.7842203671345365,0.7842203671345365
630,0.8013877654562933,0.8013877654562933,0.8113877654562933,0.8013877654562933,0.7813877654562933,0.7813877654562933,0.7813877654562933,0.8013877654562933,0.7813877654562933,0.7813877654562933,0.7713877654562933,0.7813877654562933,0.7813877654562933
631,0.8830402042745906,0.8730402042745906,0.8730402042745906,0.8830402042745906,0.8830402042745906,0.8830402042745906,0.8830402042745906,0.8830402042745906,0.8730402042745906,0.8730402042745906,0.8930402042745906,0.9030402042745906,0.9030402042745906
632,0.7808651974094498,0.7808651974094498,0.7808651974094498,0.7708651974094498,0.7608651974094498,0.7608651974094498,0.7408651974094498,0.7458651974094498,0.7558651974094498,0.7558651974094498,0.7758651974094498,0.7958651974094498,0.8058651974094498
633,0.8052561425318258,0.8352561425318258,0.8352561425318258,0.8452561425318258,0.8352561425318258,0.8352561425318258,0.8152561425318258,0.8252561425318258,0.8252561425318258,0.8052561425318258,0.8052561425318258,0.7952561425318257,0.7852561425318257
634,0.8912088451985296,0.8912088451985296,0.8912088451985296,0.8712088451985296,0.8812088451985296,0.8712088451985296,0.8812088451985296,0.8612088451985296,0.8612088451985296,0.8612088451985296,0.8612088451985296,0.8812088451985296,0.8812088451985296
635,0.7903152721220432,0.7603152721220432,0.7703152721220432,0.7803152721220432,0.7803152721220432,0.7603152721220432,0.7603152721220432,0.7753152721220432,0.7653152721220432,0.7853152721220432,0.7753152721220432,0.7753152721220432,0.7453152721220432
636,0.8008304354460651,0.8208304354460652,0.8308304354460652,0.8108304354460651,0.8308304354460652,0.8408304354460652,0.8308304354460652,0.8308304354460652,0.8208304354460652,0.8408304354460652,0.8408304354460652,0.8308304354460652,0.8208304354460652
637,0.8172982147860055,0.8172982147860055,0.8172982147860055,0.8272982147860055,0.8272982147860055,0.8172982147860055,0.8272982147860055,0.8272982147860055,0.7872982147860055,0.7772982147860055,0.7772982147860055,0.7872982147860055,0.7872982147860055
638,0.8430010854992239,0.8430010854992239,0.8430010854992239,0.8330010854992239,0.8430010854992239,0.8630010854992239,0.8630010854992239,0.8430010854992239,0.8330010854992239,0.8530010854992239,0.8430010854992239,0.8130010854992239,0.8230010854992239
639,0.7918376372522421,0.8018376372522421,0.8018376372522421,0.8018376372522421,0.8018376372522421,0.8118376372522421,0.8218376372522421,0.8118376372522421,0.8118376372522421,0.8018376372522421,0.8218376372522421,0.8218376372522421,0.8218376372522421
640,0.8416424680447554,0.8416424680447554,0.8516424680447554,0.8416424680447554,0.8316424680447554,0.8316424680447554,0.8316424680447554,0.8316424680447554,0.8316424680447554,0.8316424680447554,0.8416424680447554,0.8316424680447554,0.8316424680447554
641,0.8241973922678024,0.8341973922678024,0.8241973922678024,0.8341973922678024,0.8241973922678024,0.8141973922678024,0.8041973922678024,0.8241973922678024,0.8241973922678024,0.8141973922678024,0.8041973922678024,0.7941973922678024,0.7941973922678024
642,0.8630891022749096,0.8630891022749096,0.8630891022749096,0.8630891022749096,0.8630891022749096,0.8930891022749097,0.9030891022749097,0.8980891022749097,0.8980891022749097,0.8780891022749097,0.8780891022749097,0.8880891022749097,0.8980891022749097
643,0.8870571968848099,0.9070571968848099,0.9070571968848099,0.9170571968848099,0.9270571968848099,0.9170571968848099,0.9170571968848099,0.9070571968848099,0.9070571968848099,0.9170571968848099,0.9020571968848099,0.9120571968848099,0.9120571968848099
644,0.8640168343781717,0.8540168343781717,0.8440168343781717,0.8340168343781716,0.8540168343781717,0.8540168343781717,0.8540168343781717,0.8640168343781717,0.8840168343781717,0.8940168343781717,0.8840168343781717,0.8740168343781717,0.8640168343781717
645,0.8294177482558539,0.8194177482558539,0.8194177482558539,0.8494177482558539,0.8694177482558539,0.8694177482558539,0.8694177482558539,0.8594177482558539,0.8494177482558539,0.8494177482558539,0.8244177482558539,0.8244177482558539,0.8344177482558539
646,0.8376935504480526,0.8376935504480526,0.8376935504480526,0.8176935504480526,0.8176935504480526,0.8176935504480526,0.8076935504480526,0.7976935504480526,0.8076935504480526,0.8076935504480526,0.8276935504480526,0.8276935504480526,0.8276935504480526
647,0.8267684778236002,0.8267684778236002,0.8167684778236002,0.8267684778236002,0.8167684778236002,0.7867684778236002,0.7967684778236002,0.7967684778236002,0.7967684778236002,0.8117684778236002,0.8117684778236002,0.8117684778236002,0.8117684778236002
648,0.7250247673969139,0.7450247673969139,0.7450247673969139,0.7350247673969139,0.7350247673969139,0.7650247673969139,0.7600247673969139,0.7600247673969139,0.7400247673969139,0.7400247673969139,0.7400247673969139,0.7500247673969139,0.7600247673969139
649,0.8421326499656205,0.8521326499656205,0.8621326499656206,0.8721326499656206,0.8721326499656206,0.8521326499656205,0.8521326499656205,0.8521326499656205,0.8321326499656205,0.8421326499656205,0.8421326499656205,0.8421326499656205,0.8521326499656205
650,0.7699363174428773,0.7599363174428773,0.7899363174428773,0.7799363174428773,0.7899363174428773,0.7899363174428773,0.7699363174428773,0.7699363174428773,0.7699363174428773,0.7699363174428773,0.7599363174428773,0.7599363174428773,0.7399363174428772
651,0.8602156784937669,0.8602156784937669,0.8702156784937669,0.8602156784937669,0.8402156784937669,0.8502156784937669,0.8602156784937669,0.8802156784937669,0.8902156784937669,0.8602156784937669,0.8602156784937669,0.8402156784937669,0.8502156784937669
652,0.8518820885215781,0.8518820885215781,0.8618820885215781,0.8518820885215781,0.8818820885215781,0.8618820885215781,0.8618820885215781,0.8618820885215781,0.8718820885215781,0.8518820885215781,0.8418820885215781,0.8518820885215781,0.8718820885215781
653,0.8111224312256416,0.8111224312256416,0.8111224312256416,0.8211224312256417,0.8211224312256417,0.8211224312256417,0.8311224312256417,0.8511224312256417,0.8511224312256417,0.8461224312256417,0.8461224312256417,0.8461224312256417,0.8361224312256417
654,0.8863084958104481,0.8863084958104481,0.9063084958104481,0.9063084958104481,0.9063084958104481,0.8813084958104481,0.8813084958104481,0.8913084958104481,0.8813084958104481,0.8813084958104481,0.8713084958104481,0.8813084958104481,0.8813084958104481
655,0.8290241965040316,0.8290241965040316,0.8390241965040316,0.8290241965040316,0.8290241965040316,0.8190241965040316,0.8090241965040316,0.8190241965040316,0.7890241965040315,0.7890241965040315,0.8090241965040316,0.8190241965040316,0.7990241965040316
656,0.9084918002776957,0.9084918002776957,0.8884918002776957,0.8984918002776957,0.8984918002776957,0.8984918002776957,0.9184918002776957,0.9384918002776957,0.9234918002776957,0.9234918002776957,0.9234918002776957,0.9234918002776957,0.9234918002776957
657,0.8091874955023487,0.8191874955023487,0.8291874955023487,0.8291874955023487,0.8191874955023487,0.8291874955023487,0.8291874955023487,0.8491874955023487,0.8441874955023487,0.8341874955023487,0.8341874955023487,0.8241874955023487,0.8341874955023487
658,0.8337490025086589,0.8337490025086589,0.8137490025086589,0.8137490025086589,0.8137490025086589,0.8137490025086589,0.8137490025086589,0.8237490025086589,0.7937490025086589,0.7937490025086589,0.7937490025086589,0.7937490025086589,0.7937490025086589
659,0.8926197171574168,0.9126197171574169,0.9126197171574169,0.9226197171574169,0.9226197171574169,0.9126197171574169,0.9126197171574169,0.9126197171574169,0.9126197171574169,0.9326197171574169,0.9126197171574169,0.9126197171574169,0.9226197171574169
660,0.8744887182485257,0.9044887182485257,0.8844887182485257,0.8644887182485257,0.8944887182485257,0.9044887182485257,0.8894887182485257,0.8894887182485257,0.8794887182485257,0.8694887182485257,0.8694887182485257,0.8994887182485257,0.8794887182485257
661,0.8815414756024805,0.8715414756024805,0.9015414756024805,0.8915414756024805,0.8815414756024805,0.8615414756024805,0.8615414756024805,0.8615414756024805,0.8515414756024805,0.8415414756024805,0.8515414756024805,0.8515414756024805,0.8615414756024805
662,0.8890754853506206,0.8790754853506206,0.8790754853506206,0.8990754853506207,0.8990754853506207,0.8990754853506207,0.9190754853506207,0.9190754853506207,0.8990754853506207,0.9090754853506207,0.8990754853506207,0.9190754853506207,0.9040754853506207
663,0.8417269213690641,0.8317269213690641,0.8117269213690641,0.8117269213690641,0.8117269213690641,0.8017269213690641,0.8067269213690641,0.8067269213690641,0.8167269213690641,0.8167269213690641,0.8067269213690641,0.8067269213690641,0.8067269213690641
664,0.8737519230236663,0.8737519230236663,0.8637519230236663,0.8737519230236663,0.8737519230236663,0.8737519230236663,0.8737519230236663,0.8737519230236663,0.8837519230236663,0.8937519230236664,0.8637519230236663,0.8637519230236663,0.8737519230236663
665,0.8394526801104206,0.8694526801104207,0.8694526801104207,0.8594526801104206,0.8394526801104206,0.8594526801104206,0.8594526801104206,0.8594526801104206,0.8594526801104206,0.8344526801104206,0.8644526801104206,0.8644526801104206,0.8344526801104206
666,0.8630284491236319,0.8430284491236318,0.8930284491236319,0.8930284491236319,0.9030284491236319,0.9030284491236319,0.8830284491236319,0.8830284491236319,0.9030284491236319,0.8980284491236319,0.8980284491236319,0.8980284491236319,0.8880284491236319
667,0.8619471765075857,0.8519471765075857,0.8419471765075857,0.8419471765075857,0.8419471765075857,0.8519471765075857,0.8519471765075857,0.8519471765075857,0.8519471765075857,0.8419471765075857,0.8319471765075857,0.8419471765075857,0.8419471765075857
668,0.7289591125230741,0.7289591125230741,0.7289591125230741,0.7389591125230741,0.7089591125230741,0.7339591125230741,0.7239591125230741,0.7039591125230741,0.7039591125230741,0.6939591125230741,0.6939591125230741,0.6939591125230741,0.6839591125230741
669,0.782093899467523,0.7720938994675229,0.782093899467523,0.782093899467523,0.782093899467523,0.7720938994675229,0.7720938994675229,0.7620938994675229,0.7720938994675229,0.7720938994675229,0.7720938994675229,0.7720938994675229,0.7520938994675229
670,0.8053477990608268,0.8153477990608268,0.8153477990608268,0.8353477990608268,0.8153477990608268,0.8153477990608268,0.8053477990608268,0.8253477990608268,0.8353477990608268,0.8353477990608268,0.8203477990608268,0.8203477990608268,0.8203477990608268
671,0.8442335093829808,0.8742335093829808,0.8742335093829808,0.8542335093829808,0.8442335093829808,0.8242335093829808,0.8242335093829808,0.8342335093829808,0.8142335093829808,0.8442335093829808,0.8342335093829808,0.8042335093829808,0.8092335093829808
672,0.8128262234583697,0.8228262234583698,0.8028262234583697,0.8028262234583697,0.8128262234583697,0.8128262234583697,0.8128262234583697,0.8228262234583698,0.8428262234583698,0.8428262234583698,0.8328262234583698,0.8328262234583698,0.8528262234583698
673,0.8607069650025809,0.8607069650025809,0.8707069650025809,0.8707069650025809,0.8607069650025809,0.8807069650025809,0.900706965002581,0.890706965002581,0.890706965002581,0.900706965002581,0.900706965002581,0.900706965002581,0.895706965002581
674,0.8136499862528115,0.8136499862528115,0.8136499862528115,0.8236499862528115,0.8236499862528115,0.8236499862528115,0.8236499862528115,0.8336499862528115,0.8136499862528115,0.8336499862528115,0.8336499862528115,0.8336499862528115,0.8336499862528115
675,0.752818832977998,0.752818832977998,0.732818832977998,0.712818832977998,0.717818832977998,0.717818832977998,0.717818832977998,0.727818832977998,0.727818832977998,0.747818832977998,0.737818832977998,0.727818832977998,0.717818832977998
676,0.9248694304672566,0.9648694304672566,0.9648694304672566,0.9648694304672566,0.9598694304672566,0.9498694304672566,0.9398694304672566,0.9498694304672566,0.9598694304672566,0.9598694304672566,0.9298694304672566,0.9298694304672566,0.9498694304672566
677,0.7413644534391903,0.7313644534391903,0.7413644534391903,0.7513644534391903,0.7513644534391903,0.7413644534391903,0.7413644534391903,0.7413644534391903,0.7313644534391903,0.7313644534391903,0.7313644534391903,0.7213644534391903,0.7313644534391903
678,0.8901549677121096,0.8801549677121095,0.8801549677121095,0.8701549677121095,0.8601549677121095,0.8601549677121095,0.8501549677121095,0.8501549677121095,0.8501549677121095,0.8501549677121095,0.8551549677121095,0.8651549677121095,0.8651549677121095
679,0.7755382406294331,0.7755382406294331,0.7755382406294331,0.7855382406294331,0.7755382406294331,0.7755382406294331,0.7755382406294331,0.7955382406294331,0.7855382406294331,0.7955382406294331,0.8055382406294331,0.8155382406294331,0.8055382406294331
680,0.9112881492695087,0.8812881492695087,0.8812881492695087,0.8812881492695087,0.8912881492695087,0.9112881492695087,0.9012881492695087,0.9012881492695087,0.8812881492695087,0.8912881492695087,0.8912881492695087,0.9012881492695087,0.8912881492695087
681,0.763898984843511,0.763898984843511,0.763898984843511,0.763898984843511,0.773898984843511,0.7838989848435111,0.773898984843511,0.773898984843511,0.7838989848435111,0.7838989848435111,0.7938989848435111,0.7938989848435111,0.8038989848435111
682,0.951091956788633,0.951091956788633,0.951091956788633,0.971091956788633,0.971091956788633,0.971091956788633,0.971091956788633,0.971091956788633,0.961091956788633,0.981091956788633,0.981091956788633,0.961091956788633,0.951091956788633
683,0.8456297383783031,0.8656297383783031,0.8756297383783032,0.8606297383783031,0.8506297383783031,0.8406297383783031,0.8006297383783031,0.8006297383783031,0.8006297383783031,0.8006297383783031,0.8006297383783031,0.8006297383783031,0.8006297383783031
684,0.9834247734772691,0.9834247734772691,0.9934247734772691,0.9934247734772691,0.9834247734772691,0.9734247734772691,0.9734247734772691,0.9734247734772691,0.9734247734772691,0.9834247734772691,0.9734247734772691,0.9834247734772691,0.9934247734772691
685,0.9485321563386684,0.9585321563386684,0.9485321563386684,0.9285321563386684,0.9185321563386684,0.9185321563386684,0.9385321563386684,0.9185321563386684,0.9185321563386684,0.9335321563386684,0.9335321563386684,0.9435321563386684,0.9435321563386684
686,0.790313910636484,0.780313910636484,0.770313910636484,0.760313910636484,0.760313910636484,0.775313910636484,0.775313910636484,0.765313910636484,0.755313910636484,0.755313910636484,0.765313910636484,0.765313910636484,0.755313910636484
687,0.8163775357795907,0.8063775357795907,0.8063775357795907,0.8063775357795907,0.8063775357795907,0.8063775357795907,0.8063775357795907,0.8063775357795907,0.8063775357795907,0.7963775357795907,0.7963775357795907,0.7963775357795907,0.8063775357795907
688,0.8572393245990281,0.8472393245990281,0.8472393245990281,0.8472393245990281,0.8472393245990281,0.8472393245990281,0.8572393245990281,0.8672393245990281,0.8672393245990281,0.8772393245990281,0.8772393245990281,0.8872393245990281,0.8872393245990281
689,0.8905831817708358,0.8705831817708358,0.8705831817708358,0.8805831817708358,0.8905831817708358,0.8905831817708358,0.8705831817708358,0.8505831817708358,0.8555831817708358,0.8655831817708358,0.8655831817708358,0.8655831817708358,0.8855831817708358
690,0.8326766037784831,0.8226766037784831,0.812676603778483,0.802676603778483,0.802676603778483,0.802676603778483,0.8226766037784831,0.8326766037784831,0.8326766037784831,0.8426766037784831,0.8226766037784831,0.8526766037784831,0.8426766037784831
691,0.7924703898096778,0.7824703898096778,0.7924703898096778,0.7824703898096778,0.7924703898096778,0.7924703898096778,0.7724703898096777,0.7624703898096777,0.7624703898096777,0.7724703898096777,0.7724703898096777,0.7524703898096777,0.7574703898096777
692,0.8783253832106284,0.8883253832106284,0.8883253832106284,0.8883253832106284,0.8883253832106284,0.8883253832106284,0.8883253832106284,0.9183253832106284,0.8983253832106284,0.8983253832106284,0.9083253832106284,0.9083253832106284,0.8983253832106284
693,0.8772216656084197,0.8872216656084198,0.8772216656084197,0.8572216656084197,0.8372216656084197,0.8372216656084197,0.8572216656084197,0.8572216656084197,0.8572216656084197,0.8972216656084198,0.8972216656084198,0.8772216656084197,0.8672216656084197
694,0.9004598404751607,0.9004598404751607,0.9004598404751607,0.9204598404751607,0.9204598404751607,0.9204598404751607,0.9404598404751607,0.9354598404751607,0.9354598404751607,0.9354598404751607,0.9254598404751607,0.9354598404751607,0.9354598404751607
695,0.8004423171507177,0.7904423171507177,0.7904423171507177,0.7904423171507177,0.8004423171507177,0.8004423171507177,0.7904423171507177,0.8004423171507177,0.8204423171507177,0.8204423171507177,0.8304423171507177,0.8204423171507177,0.8104423171507177
696,0.8658924010708804,0.8758924010708804,0.8558924010708804,0.8558924010708804,0.8558924010708804,0.8558924010708804,0.8558924010708804,0.8458924010708804,0.8758924010708804,0.8858924010708804,0.8758924010708804,0.8858924010708804,0.8958924010708804
697,0.8245152923224214,0.8445152923224214,0.8245152923224214,0.8245152923224214,0.8345152923224214,0.8345152923224214,0.8345152923224214,0.8445152923224214,0.8445152923224214,0.8545152923224214,0.8645152923224214,0.8545152923224214,0.8395152923224214
698,0.8004944982430006,0.8004944982430006,0.8004944982430006,0.8004944982430006,0.8104944982430006,0.8104944982430006,0.8104944982430006,0.8104944982430006,0.8104944982430006,0.8404944982430006,0.8304944982430006,0.8154944982430006,0.8254944982430006
699,0.8941595279420448,0.9041595279420448,0.9041595279420448,0.8941595279420448,0.8941595279420448,0.8941595279420448,0.8941595279420448,0.8941595279420448,0.9141595279420448,0.9141595279420448,0.9141595279420448,0.9141595279420448,0.8941595279420448
700,0.8631884774199928,0.8531884774199928,0.8531884774199928,0.8731884774199928,0.8731884774199928,0.8731884774199928,0.8731884774199928,0.8731884774199928,0.8731884774199928,0.8531884774199928,0.8431884774199928,0.8331884774199928,0.8481884774199928
701,0.7397928049205049,0.7197928049205049,0.7297928049205049,0.7397928049205049,0.7397928049205049,0.7397928049205049,0.7397928049205049,0.7497928049205049,0.7497928049205049,0.7597928049205049,0.7597928049205049,0.7597928049205049,0.7597928049205049
702,0.8136809606139418,0.8136809606139418,0.8236809606139418,0.8236809606139418,0.8236809606139418,0.8236809606139418,0.8236809606139418,0.8336809606139418,0.8336809606139418,0.8236809606139418,0.8236809606139418,0.8136809606139418,0.8036809606139418
703,0.8098033685032919,0.8098033685032919,0.7998033685032919,0.7998033685032919,0.7998033685032919,0.7798033685032919,0.7998033685032919,0.7998033685032919,0.8098033685032919,0.8098033685032919,0.8098033685032919,0.8198033685032919,0.849803368503292
704,0.7779457817884626,0.7779457817884626,0.7779457817884626,0.7879457817884626,0.7879457817884626,0.7979457817884626,0.8079457817884627,0.8179457817884627,0.8129457817884627,0.8129457817884627,0.8029457817884627,0.7829457817884626,0.7629457817884626
705,0.809259797213875,0.839259797213875,0.849259797213875,0.844259797213875,0.834259797213875,0.834259797213875,0.834259797213875,0.814259797213875,0.834259797213875,0.834259797213875,0.824259797213875,0.834259797213875,0.824259797213875
706,0.8382643853052291,0.8282643853052291,0.8282643853052291,0.8382643853052291,0.8382643853052291,0.8382643853052291,0.8382643853052291,0.8382643853052291,0.8382643853052291,0.8482643853052291,0.8682643853052291,0.8682643853052291,0.8532643853052291
707,0.8487127904249121,0.8487127904249121,0.8787127904249121,0.8787127904249121,0.8637127904249121,0.8737127904249121,0.8837127904249121,0.8837127904249121,0.8837127904249121,0.8837127904249121,0.8837127904249121,0.8837127904249121,0.8737127904249121
708,0.7513834455865647,0.7713834455865647,0.7813834455865647,0.7913834455865647,0.7713834455865647,0.7713834455865647,0.7813834455865647,0.7813834455865647,0.7913834455865647,0.7863834455865647,0.7663834455865647,0.7963834455865647,0.7963834455865647
709,0.8982103209332657,0.8782103209332657,0.8782103209332657,0.8782103209332657,0.8782103209332657,0.8682103209332657,0.8782103209332657,0.8882103209332657,0.8782103209332657,0.8782103209332657,0.8882103209332657,0.8882103209332657,0.9182103209332657
710,0.7952362725653933,0.7852362725653933,0.8052362725653933,0.8052362725653933,0.8152362725653933,0.8052362725653933,0.8052362725653933,0.8252362725653933,0.8352362725653933,0.8352362725653933,0.8352362725653933,0.8352362725653933,0.8302362725653933
711,0.8760402304895885,0.8860402304895885,0.8860402304895885,0.8760402304895885,0.8660402304895884,0.8560402304895884,0.8460402304895884,0.8560402304895884,0.8560402304895884,0.8660402304895884,0.8560402304895884,0.8760402304895885,0.8860402304895885
712,0.8675414698716242,0.8675414698716242,0.8875414698716242,0.8975414698716242,0.8975414698716242,0.8975414698716242,0.8875414698716242,0.8775414698716242,0.8775414698716242,0.9075414698716242,0.8975414698716242,0.8975414698716242,0.8875414698716242
713,0.8206909587667878,0.8206909587667878,0.8306909587667878,0.8406909587667878,0.8606909587667878,0.8606909587667878,0.8556909587667878,0.8556909587667878,0.8556909587667878,0.8556909587667878,0.8356909587667878,0.8356909587667878,0.8556909587667878
714,0.8087313511982379,0.8187313511982379,0.8087313511982379,0.8087313511982379,0.7887313511982379,0.7887313511982379,0.7887313511982379,0.7787313511982379,0.7937313511982379,0.7937313511982379,0.8037313511982379,0.7937313511982379,0.7737313511982379
715,0.8465059933521957,0.8465059933521957,0.8365059933521957,0.8465059933521957,0.8465059933521957,0.8465059933521957,0.8565059933521957,0.8565059933521957,0.8665059933521957,0.8665059933521957,0.8765059933521957,0.8665059933521957,0.8665059933521957
716,0.807559737150735,0.817559737150735,0.807559737150735,0.817559737150735,0.817559737150735,0.817559737150735,0.787559737150735,0.767559737150735,0.767559737150735,0.767559737150735,0.767559737150735,0.767559737150735,0.772559737150735
717,0.7928051797566699,0.8028051797566699,0.8028051797566699,0.7928051797566699,0.7928051797566699,0.7928051797566699,0.7728051797566698,0.7628051797566698,0.7728051797566698,0.7728051797566698,0.7728051797566698,0.7728051797566698,0.7728051797566698
718,0.8135457907863738,0.8135457907863738,0.8235457907863738,0.8035457907863738,0.7935457907863738,0.7835457907863738,0.7735457907863738,0.7735457907863738,0.7935457907863738,0.7935457907863738,0.8135457907863738,0.8135457907863738,0.8235457907863738
719,0.8523745152488887,0.8523745152488887,0.8523745152488887,0.8423745152488887,0.8323745152488887,0.8423745152488887,0.8723745152488888,0.8523745152488887,0.8623745152488888,0.8423745152488887,0.8423745152488887,0.8423745152488887,0.8623745152488888
720,0.8059018222669392,0.8059018222669392,0.8259018222669392,0.8259018222669392,0.8259018222669392,0.8359018222669392,0.8459018222669392,0.8459018222669392,0.8409018222669392,0.8409018222669392,0.8409018222669392,0.8409018222669392,0.8309018222669392
721,0.8410968248624265,0.8410968248624265,0.8310968248624265,0.8310968248624265,0.8410968248624265,0.8510968248624265,0.8410968248624265,0.8510968248624265,0.8510968248624265,0.8510968248624265,0.8510968248624265,0.8510968248624265,0.8510968248624265
722,0.7046015788273231,0.7046015788273231,0.6746015788273231,0.7046015788273231,0.7046015788273231,0.7046015788273231,0.6946015788273231,0.6846015788273231,0.6846015788273231,0.6846015788273231,0.7046015788273231,0.7046015788273231,0.7246015788273231
723,0.8988117654601034,0.8988117654601034,0.8988117654601034,0.9188117654601035,0.9088117654601034,0.9188117654601035,0.8988117654601034,0.8888117654601034,0.8988117654601034,0.9088117654601034,0.9288117654601035,0.9288117654601035,0.9288117654601035
724,0.8265611349490459,0.8365611349490459,0.8265611349490459,0.8265611349490459,0.8265611349490459,0.8265611349490459,0.8365611349490459,0.8365611349490459,0.8365611349490459,0.8365611349490459,0.8265611349490459,0.8265611349490459,0.8265611349490459
725,0.7971651878261705,0.7971651878261705,0.7871651878261705,0.7771651878261705,0.7771651878261705,0.7771651878261705,0.7871651878261705,0.7771651878261705,0.7671651878261705,0.7671651878261705,0.7771651878261705,0.7771651878261705,0.7671651878261705
726,0.8895114317093777,0.8695114317093777,0.8695114317093777,0.8695114317093777,0.8695114317093777,0.8695114317093777,0.8695114317093777,0.8895114317093777,0.8895114317093777,0.8795114317093777,0.8695114317093777,0.8495114317093777,0.8695114317093777
727,0.8107682542092978,0.8107682542092978,0.8007682542092978,0.8107682542092978,0.8107682542092978,0.8107682542092978,0.7907682542092977,0.7807682542092977,0.7807682542092977,0.7707682542092977,0.7757682542092977,0.7857682542092977,0.7757682542092977
728,0.8702441161514302,0.8602441161514301,0.8602441161514301,0.8702441161514302,0.8702441161514302,0.8602441161514301,0.8602441161514301,0.8602441161514301,0.8602441161514301,0.8602441161514301,0.8602441161514301,0.8602441161514301,0.8502441161514301
729,0.8915199458373941,0.8915199458373941,0.8815199458373941,0.8715199458373941,0.8615199458373941,0.8765199458373941,0.8765199458373941,0.8765199458373941,0.8765199458373941,0.8765199458373941,0.8865199458373941,0.8865199458373941,0.8865199458373941
730,0.8127404914921447,0.8027404914921447,0.8027404914921447,0.8027404914921447,0.8027404914921447,0.8027404914921447,0.8227404914921447,0.8527404914921447,0.8427404914921447,0.8327404914921447,0.8527404914921447,0.8477404914921447,0.8477404914921447
731,0.742874576230873,0.742874576230873,0.732874576230873,0.722874576230873,0.722874576230873,0.722874576230873,0.722874576230873,0.732874576230873,0.722874576230873,0.722874576230873,0.712874576230873,0.712874576230873,0.712874576230873
732,0.7895821012123428,0.8095821012123429,0.8095821012123429,0.8095821012123429,0.8095821012123429,0.8295821012123429,0.8245821012123429,0.8245821012123429,0.8145821012123429,0.7945821012123429,0.7745821012123428,0.8045821012123429,0.8045821012123429
733,0.8686203711610394,0.8786203711610394,0.8436203711610394,0.8236203711610394,0.8336203711610394,0.8336203711610394,0.8336203711610394,0.8336203711610394,0.8336203711610394,0.8236203711610394,0.8236203711610394,0.8236203711610394,0.8236203711610394
734,0.8804158281693613,0.8804158281693613,0.8904158281693613,0.9104158281693613,0.9104158281693613,0.9004158281693613,0.9004158281693613,0.9004158281693613,0.8904158281693613,0.8804158281693613,0.8604158281693612,0.8604158281693612,0.8604158281693612
735,0.8991197803925783,0.8991197803925783,0.8991197803925783,0.8891197803925783,0.8991197803925783,0.8991197803925783,0.8891197803925783,0.8891197803925783,0.8891197803925783,0.8791197803925783,0.8891197803925783,0.8791197803925783,0.8791197803925783
736,0.8437948684198421,0.8637948684198421,0.8837948684198421,0.8837948684198421,0.8837948684198421,0.8837948684198421,0.8837948684198421,0.8837948684198421,0.8837948684198421,0.8787948684198421,0.8787948684198421,0.8687948684198421,0.8687948684198421
737,0.8090553789237315,0.7990553789237315,0.7990553789237315,0.8090553789237315,0.8190553789237315,0.8190553789237315,0.8190553789237315,0.8290553789237315,0.8090553789237315,0.7990553789237315,0.7990553789237315,0.8290553789237315,0.8190553789237315
738,0.8268792481175934,0.8268792481175934,0.8268792481175934,0.8268792481175934,0.8268792481175934,0.8268792481175934,0.8268792481175934,0.8368792481175934,0.8368792481175934,0.8468792481175934,0.8468792481175934,0.8668792481175934,0.8668792481175934
739,0.9000460644282026,0.8900460644282026,0.9000460644282026,0.8800460644282025,0.9000460644282026,0.9100460644282026,0.9300460644282026,0.9150460644282026,0.8950460644282026,0.8850460644282026,0.8750460644282025,0.8550460644282025,0.8650460644282025
740,0.8745847333633565,0.8745847333633565,0.8645847333633565,0.8845847333633565,0.8745847333633565,0.8545847333633565,0.8645847333633565,0.8745847333633565,0.8845847333633565,0.8645847333633565,0.8745847333633565,0.8845847333633565,0.8745847333633565
741,0.8007180250372132,0.7907180250372132,0.7707180250372132,0.7707180250372132,0.7607180250372132,0.7607180250372132,0.7607180250372132,0.7657180250372132,0.7757180250372132,0.7757180250372132,0.7657180250372132,0.7757180250372132,0.7957180250372132
742,0.8059354186411979,0.8259354186411979,0.8359354186411979,0.8359354186411979,0.8209354186411979,0.8009354186411979,0.8009354186411979,0.8109354186411979,0.8309354186411979,0.8309354186411979,0.8509354186411979,0.8509354186411979,0.8509354186411979
743,0.8070551526489927,0.8070551526489927,0.8170551526489928,0.8370551526489928,0.8370551526489928,0.8470551526489928,0.8470551526489928,0.8420551526489928,0.8320551526489928,0.8320551526489928,0.8220551526489928,0.8320551526489928,0.8320551526489928
744,0.8391510587369322,0.8591510587369322,0.8591510587369322,0.8591510587369322,0.8591510587369322,0.8391510587369322,0.8491510587369322,0.8591510587369322,0.8591510587369322,0.8491510587369322,0.8491510587369322,0.8291510587369322,0.8191510587369322
745,0.8851156889505973,0.8751156889505973,0.8651156889505973,0.8751156889505973,0.8751156889505973,0.8851156889505973,0.8851156889505973,0.8651156889505973,0.8651156889505973,0.8751156889505973,0.8851156889505973,0.8851156889505973,0.8751156889505973
746,0.8108200748804388,0.8008200748804388,0.8008200748804388,0.8008200748804388,0.8008200748804388,0.7908200748804388,0.7908200748804388,0.8008200748804388,0.8108200748804388,0.8408200748804389,0.8408200748804389,0.8308200748804389,0.8508200748804389
747,0.8209141018014778,0.8209141018014778,0.8209141018014778,0.8309141018014778,0.8209141018014778,0.8209141018014778,0.8209141018014778,0.8109141018014778,0.8409141018014779,0.8309141018014778,0.8409141018014779,0.8309141018014778,0.8309141018014778
748,0.7756609984047019,0.7656609984047019,0.7656609984047019,0.7656609984047019,0.7656609984047019,0.7656609984047019,0.7756609984047019,0.7856609984047019,0.7856609984047019,0.7856609984047019,0.7856609984047019,0.795660998404702,0.795660998404702
749,0.9572157559912392,0.9572157559912392,0.9672157559912392,0.9672157559912392,0.9872157559912392,0.9872157559912392,0.9772157559912392,0.9772157559912392,0.9972157559912392,0.9922157559912392,0.9722157559912392,0.9722157559912392,0.9622157559912392
750,0.8266797255411152,0.8066797255411152,0.8066797255411152,0.8066797255411152,0.8066797255411152,0.8066797255411152,0.8466797255411153,0.8566797255411153,0.8566797255411153,0.8666797255411153,0.8616797255411153,0.8616797255411153,0.8516797255411153
751,0.8220134852931352,0.8220134852931352,0.8320134852931352,0.8320134852931352,0.8220134852931352,0.8020134852931352,0.8220134852931352,0.8320134852931352,0.8020134852931352,0.7920134852931352,0.8070134852931352,0.8070134852931352,0.7870134852931352
752,0.9347019144992758,0.9147019144992757,0.8947019144992757,0.8997019144992757,0.9097019144992757,0.9097019144992757,0.9397019144992758,0.9497019144992758,0.9397019144992758,0.9397019144992758,0.9497019144992758,0.9497019144992758,0.9497019144992758
753,0.89404870819018,0.90404870819018,0.90404870819018,0.90404870819018,0.91404870819018,0.90404870819018,0.90404870819018,0.89404870819018,0.89404870819018,0.89404870819018,0.89404870819018,0.89404870819018,0.89404870819018
754,0.8714917003933786,0.8614917003933786,0.8514917003933786,0.8314917003933786,0.8414917003933786,0.8414917003933786,0.8414917003933786,0.8414917003933786,0.8514917003933786,0.8414917003933786,0.8414917003933786,0.8414917003933786,0.8414917003933786
755,0.8061354959324949,0.8061354959324949,0.8061354959324949,0.7961354959324949,0.7861354959324949,0.7761354959324949,0.7761354959324949,0.7911354959324949,0.8111354959324949,0.7911354959324949,0.7911354959324949,0.7911354959324949,0.8011354959324949
756,0.7725910661954749,0.7725910661954749,0.7625910661954749,0.7625910661954749,0.7725910661954749,0.7725910661954749,0.7725910661954749,0.7825910661954749,0.7725910661954749,0.7625910661954749,0.7625910661954749,0.7625910661954749,0.7625910661954749
757,0.8653023124677169,0.8553023124677169,0.8653023124677169,0.895302312467717,0.875302312467717,0.875302312467717,0.875302312467717,0.875302312467717,0.875302312467717,0.875302312467717,0.8453023124677169,0.8353023124677169,0.8353023124677169
758,0.8915110883591879,0.8815110883591879,0.8815110883591879,0.8815110883591879,0.8915110883591879,0.8815110883591879,0.8815110883591879,0.8515110883591879,0.8565110883591879,0.8665110883591879,0.8665110883591879,0.8665110883591879,0.8865110883591879
759,0.7988096118377926,0.7988096118377926,0.7988096118377926,0.7788096118377926,0.7988096118377926,0.7888096118377926,0.7988096118377926,0.8088096118377927,0.7988096118377926,0.7888096118377926,0.7888096118377926,0.7888096118377926,0.7988096118377926
760,0.7823490500370548,0.7923490500370548,0.8023490500370548,0.7923490500370548,0.7823490500370548,0.8223490500370548,0.8123490500370548,0.8023490500370548,0.8023490500370548,0.8223490500370548,0.8223490500370548,0.8123490500370548,0.7923490500370548
761,0.814995903679368,0.814995903679368,0.834995903679368,0.8549959036793681,0.8499959036793681,0.839995903679368,0.819995903679368,0.809995903679368,0.809995903679368,0.799995903679368,0.799995903679368,0.799995903679368,0.799995903679368
762,0.925450169387371,0.925450169387371,0.925450169387371,0.905450169387371,0.905450169387371,0.905450169387371,0.895450169387371,0.915450169387371,0.915450169387371,0.905450169387371,0.915450169387371,0.895450169387371,0.885450169387371
763,0.810894488446268,0.810894488446268,0.800894488446268,0.790894488446268,0.770894488446268,0.770894488446268,0.770894488446268,0.770894488446268,0.775894488446268,0.775894488446268,0.785894488446268,0.805894488446268,0.795894488446268
764,0.8619257724009187,0.8619257724009187,0.8619257724009187,0.8719257724009187,0.8719257724009187,0.8719257724009187,0.8719257724009187,0.8619257724009187,0.8619257724009187,0.8319257724009187,0.8319257724009187,0.8219257724009187,0.8319257724009187
765,0.8366252878082437,0.8266252878082437,0.8366252878082437,0.8466252878082438,0.8566252878082438,0.8566252878082438,0.8666252878082438,0.8666252878082438,0.8766252878082438,0.8766252878082438,0.8766252878082438,0.8766252878082438,0.8716252878082438
766,0.7866653800774202,0.7866653800774202,0.7966653800774202,0.7866653800774202,0.7866653800774202,0.7966653800774202,0.7666653800774201,0.7766653800774201,0.7666653800774201,0.8166653800774202,0.8166653800774202,0.8166653800774202,0.8166653800774202
767,0.8737995873522436,0.9037995873522436,0.8837995873522436,0.8837995873522436,0.8737995873522436,0.8737995873522436,0.9037995873522436,0.9037995873522436,0.9037995873522436,0.8837995873522436,0.8737995873522436,0.9037995873522436,0.9037995873522436
768,0.9272809901491512,0.9272809901491512,0.9272809901491512,0.9272809901491512,0.9272809901491512,0.9072809901491512,0.9172809901491512,0.9172809901491512,0.9172809901491512,0.9172809901491512,0.9372809901491512,0.9372809901491512,0.9372809901491512
769,0.8846602737113312,0.8846602737113312,0.9046602737113312,0.9046602737113312,0.9046602737113312,0.9046602737113312,0.9046602737113312,0.9046602737113312,0.9046602737113312,0.9146602737113312,0.9146602737113312,0.9246602737113312,0.9246602737113312
770,0.8896088134518633,0.8896088134518633,0.8896088134518633,0.8896088134518633,0.8996088134518633,0.9296088134518633,0.9296088134518633,0.9246088134518633,0.9146088134518633,0.9246088134518633,0.9246088134518633,0.9246088134518633,0.9146088134518633
771,0.8534882722019889,0.8334882722019888,0.8234882722019888,0.8234882722019888,0.8234882722019888,0.8234882722019888,0.8334882722019888,0.8234882722019888,0.8434882722019889,0.8534882722019889,0.8434882722019889,0.8334882722019888,0.8334882722019888
772,0.8744443578163332,0.8744443578163332,0.8944443578163332,0.8744443578163332,0.8944443578163332,0.8944443578163332,0.8944443578163332,0.8944443578163332,0.9044443578163333,0.8844443578163332,0.8944443578163332,0.9044443578163333,0.8844443578163332
773,0.8606120462326993,0.8806120462326993,0.8606120462326993,0.8406120462326993,0.8506120462326993,0.8506120462326993,0.8506120462326993,0.8506120462326993,0.8506120462326993,0.8206120462326992,0.8206120462326992,0.8306120462326992,0.8206120462326992
774,0.7832959890501304,0.7932959890501304,0.7932959890501304,0.7932959890501304,0.7832959890501304,0.7932959890501304,0.8132959890501305,0.8132959890501305,0.8032959890501304,0.8032959890501304,0.7932959890501304,0.7932959890501304,0.8032959890501304
775,0.8661902296330093,0.8761902296330093,0.8861902296330093,0.8861902296330093,0.8861902296330093,0.8961902296330093,0.8961902296330093,0.8961902296330093,0.8861902296330093,0.8861902296330093,0.8861902296330093,0.8961902296330093,0.8961902296330093
776,0.7845024925951264,0.7845024925951264,0.7645024925951264,0.7645024925951264,0.7545024925951264,0.7745024925951264,0.7745024925951264,0.7645024925951264,0.7845024925951264,0.7845024925951264,0.7845024925951264,0.7845024925951264,0.7845024925951264
777,0.8090173106419102,0.8190173106419102,0.8290173106419102,0.8190173106419102,0.7990173106419102,0.7990173106419102,0.7990173106419102,0.7890173106419102,0.8140173106419102,0.8140173106419102,0.8240173106419102,0.8240173106419102,0.8240173106419102
778,0.8892886050419493,0.9092886050419493,0.8842886050419493,0.9142886050419493,0.9142886050419493,0.9142886050419493,0.9242886050419493,0.9142886050419493,0.9142886050419493,0.9042886050419493,0.8942886050419493,0.8942886050419493,0.9142886050419493
779,0.8192171011997185,0.8192171011997185,0.8292171011997185,0.8092171011997185,0.8092171011997185,0.7992171011997184,0.8092171011997185,0.8192171011997185,0.8192171011997185,0.8192171011997185,0.7992171011997184,0.7992171011997184,0.7992171011997184
780,0.8455731506868934,0.8255731506868934,0.8155731506868934,0.8155731506868934,0.8155731506868934,0.8255731506868934,0.8255731506868934,0.8255731506868934,0.8155731506868934,0.8305731506868934,0.8305731506868934,0.8305731506868934,0.8205731506868934
781,0.8700888246880203,0.8600888246880203,0.8500888246880203,0.8500888246880203,0.8600888246880203,0.8500888246880203,0.8500888246880203,0.8500888246880203,0.8500888246880203,0.8500888246880203,0.8400888246880203,0.8600888246880203,0.8600888246880203
782,0.7895309673744484,0.8195309673744484,0.8295309673744484,0.8195309673744484,0.8195309673744484,0.8295309673744484,0.8245309673744484,0.8145309673744484,0.8145309673744484,0.7945309673744484,0.7945309673744484,0.7945309673744484,0.7945309673744484
783,0.7458116357883128,0.7258116357883128,0.7258116357883128,0.7258116357883128,0.7258116357883128,0.7158116357883128,0.7158116357883128,0.7158116357883128,0.7158116357883128,0.7158116357883128,0.7158116357883128,0.7158116357883128,0.7258116357883128
784,0.844696869344269,0.844696869344269,0.824696869344269,0.824696869344269,0.824696869344269,0.804696869344269,0.804696869344269,0.809696869344269,0.809696869344269,0.809696869344269,0.839696869344269,0.819696869344269,0.809696869344269
785,0.7665079033931829,0.7665079033931829,0.7665079033931829,0.7765079033931829,0.7565079033931829,0.7365079033931828,0.7365079033931828,0.7515079033931829,0.7515079033931829,0.7715079033931829,0.7815079033931829,0.7915079033931829,0.7715079033931829
786,0.8410167971020699,0.8410167971020699,0.8510167971020699,0.8710167971020699,0.8710167971020699,0.8710167971020699,0.8810167971020699,0.8810167971020699,0.8760167971020699,0.8660167971020699,0.8560167971020699,0.8560167971020699,0.8660167971020699
787,0.8879550226931265,0.8879550226931265,0.9079550226931266,0.9079550226931266,0.9079550226931266,0.9079550226931266,0.9079550226931266,0.8779550226931265,0.8779550226931265,0.8879550226931265,0.8779550226931265,0.8979550226931265,0.8629550226931265
788,0.7191091072923887,0.7191091072923887,0.7191091072923887,0.6891091072923887,0.6791091072923887,0.6841091072923887,0.6941091072923887,0.7041091072923887,0.6841091072923887,0.6941091072923887,0.7041091072923887,0.7341091072923888,0.7241091072923888
789,0.8463579202351887,0.8463579202351887,0.8563579202351888,0.8363579202351887,0.8463579202351887,0.8563579202351888,0.8563579202351888,0.8663579202351888,0.8763579202351888,0.8613579202351888,0.8513579202351887,0.8413579202351887,0.8213579202351887
790,0.8869822643118692,0.8869822643118692,0.8769822643118692,0.8769822643118692,0.8969822643118692,0.8969822643118692,0.9169822643118692,0.8669822643118692,0.8569822643118692,0.8569822643118692,0.8669822643118692,0.8469822643118692,0.8669822643118692
791,0.8070008833960723,0.8070008833960723,0.8170008833960724,0.8170008833960724,0.8170008833960724,0.8170008833960724,0.7970008833960723,0.7970008833960723,0.8070008833960723,0.8070008833960723,0.8270008833960724,0.8270008833960724,0.8470008833960724
792,0.8611215180985697,0.8611215180985697,0.8511215180985697,0.8411215180985697,0.8211215180985697,0.8311215180985697,0.8311215180985697,0.8311215180985697,0.8311215180985697,0.8211215180985697,0.8211215180985697,0.8411215180985697,0.8661215180985697
793,0.7441116639012028,0.7441116639012028,0.7441116639012028,0.7441116639012028,0.7441116639012028,0.7341116639012027,0.7241116639012027,0.7141116639012027,0.7241116639012027,0.7141116639012027,0.7141116639012027,0.7141116639012027,0.7291116639012027
794,0.9341762378101911,0.9341762378101911,0.9441762378101911,0.9541762378101911,0.9541762378101911,0.9291762378101911,0.9391762378101911,0.9291762378101911,0.9391762378101911,0.9491762378101911,0.9391762378101911,0.9391762378101911,0.9491762378101911
795,0.8930777227373363,0.9130777227373363,0.9130777227373363,0.9130777227373363,0.9230777227373363,0.9230777227373363,0.9330777227373364,0.9280777227373364,0.9180777227373363,0.9180777227373363,0.9080777227373363,0.8980777227373363,0.8980777227373363
796,0.8348647589062224,0.8248647589062224,0.8348647589062224,0.8348647589062224,0.8048647589062223,0.8148647589062223,0.8248647589062224,0.8448647589062224,0.8448647589062224,0.8548647589062224,0.8448647589062224,0.8548647589062224,0.8448647589062224
797,0.8470506910431932,0.8470506910431932,0.8270506910431932,0.8170506910431932,0.8320506910431932,0.8420506910431932,0.8320506910431932,0.8320506910431932,0.8220506910431932,0.8120506910431932,0.8220506910431932,0.8220506910431932,0.8220506910431932
798,0.7935304772543916,0.7835304772543916,0.8035304772543916,0.8135304772543916,0.8135304772543916,0.8135304772543916,0.8135304772543916,0.8035304772543916,0.7935304772543916,0.7935304772543916,0.7935304772543916,0.7935304772543916,0.7935304772543916
799,0.8213131053061467,0.8213131053061467,0.8113131053061466,0.8313131053061467,0.8213131053061467,0.8113131053061466,0.8013131053061466,0.8013131053061466,0.8013131053061466,0.8013131053061466,0.8013131053061466,0.8013131053061466,0.8013131053061466
800,0.899288929439478,0.919288929439478,0.919288929439478,0.919288929439478,0.919288929439478,0.919288929439478,0.909288929439478,0.899288929439478,0.879288929439478,0.879288929439478,0.889288929439478,0.889288929439478,0.869288929439478
801,0.9241059244334328,0.9141059244334327,0.9141059244334327,0.9241059244334328,0.9341059244334328,0.9341059244334328,0.9341059244334328,0.9441059244334328,0.9341059244334328,0.9441059244334328,0.9341059244334328,0.9341059244334328,0.9441059244334328
802,0.8005112333082142,0.7905112333082142,0.7905112333082142,0.7905112333082142,0.7805112333082141,0.7805112333082141,0.7605112333082141,0.7655112333082141,0.7655112333082141,0.7655112333082141,0.7755112333082141,0.7855112333082142,0.7855112333082142
803,0.8932739938530276,0.8932739938530276,0.8932739938530276,0.8932739938530276,0.8932739938530276,0.8932739938530276,0.8832739938530276,0.8932739938530276,0.8932739938530276,0.8732739938530276,0.8732739938530276,0.8632739938530276,0.8632739938530276
804,0.7750606884211853,0.7650606884211852,0.7650606884211852,0.7650606884211852,0.7750606884211853,0.7750606884211853,0.7750606884211853,0.7850606884211853,0.8150606884211853,0.8150606884211853,0.8150606884211853,0.8150606884211853,0.8100606884211853
805,0.8557519030773846,0.8557519030773846,0.8557519030773846,0.8757519030773846,0.8857519030773846,0.8857519030773846,0.8707519030773846,0.8507519030773846,0.8507519030773846,0.8507519030773846,0.8507519030773846,0.8707519030773846,0.8707519030773846
806,0.8706180222507429,0.8506180222507429,0.8506180222507429,0.8406180222507429,0.8406180222507429,0.8506180222507429,0.8756180222507429,0.905618022250743,0.8956180222507429,0.8956180222507429,0.8756180222507429,0.8756180222507429,0.8656180222507429
807,0.8642588537134743,0.8742588537134743,0.8942588537134744,0.8792588537134743,0.8692588537134743,0.8492588537134743,0.8492588537134743,0.8492588537134743,0.8492588537134743,0.8492588537134743,0.8592588537134743,0.8592588537134743,0.8892588537134744
808,0.8335103369637265,0.8135103369637264,0.8135103369637264,0.8235103369637264,0.8435103369637265,0.8435103369637265,0.8535103369637265,0.8535103369637265,0.8635103369637265,0.8635103369637265,0.8635103369637265,0.8535103369637265,0.8535103369637265
809,0.8448230708534721,0.8548230708534721,0.8448230708534721,0.8448230708534721,0.8448230708534721,0.8548230708534721,0.8548230708534721,0.8548230708534721,0.8348230708534721,0.8248230708534721,0.804823070853472,0.804823070853472,0.8248230708534721
810,0.8065542310374781,0.7965542310374781,0.8065542310374781,0.8065542310374781,0.7765542310374781,0.7965542310374781,0.8065542310374781,0.8065542310374781,0.8065542310374781,0.7965542310374781,0.7965542310374781,0.7865542310374781,0.7865542310374781
811,0.7988176544746425,0.8188176544746425,0.8188176544746425,0.8188176544746425,0.8388176544746425,0.8288176544746425,0.8188176544746425,0.8188176544746425,0.8388176544746425,0.8338176544746425,0.8438176544746425,0.8438176544746425,0.8438176544746425
812,0.9066200550085792,0.9066200550085792,0.9166200550085792,0.9066200550085792,0.9066200550085792,0.9166200550085792,0.9166200550085792,0.9266200550085792,0.9266200550085792,0.9366200550085793,0.9216200550085792,0.9216200550085792,0.9316200550085793
813,0.8197504277982817,0.8297504277982817,0.8297504277982817,0.8197504277982817,0.8397504277982817,0.8497504277982817,0.8497504277982817,0.8497504277982817,0.8497504277982817,0.8497504277982817,0.8397504277982817,0.8397504277982817,0.8497504277982817
814,0.8320758265087319,0.8320758265087319,0.8420758265087319,0.8420758265087319,0.8420758265087319,0.8420758265087319,0.8420758265087319,0.8520758265087319,0.8270758265087319,0.8170758265087319,0.8170758265087319,0.8170758265087319,0.8370758265087319
815,0.8446889967500526,0.8546889967500526,0.8446889967500526,0.8446889967500526,0.8446889967500526,0.8446889967500526,0.8546889967500526,0.8346889967500526,0.8446889967500526,0.8346889967500526,0.8446889967500526,0.8446889967500526,0.8846889967500526
816,0.8579825391083934,0.8479825391083934,0.8579825391083934,0.8379825391083934,0.8579825391083934,0.8479825391083934,0.8479825391083934,0.8479825391083934,0.8479825391083934,0.8279825391083934,0.8379825391083934,0.8479825391083934,0.8479825391083934
817,0.7701754397286742,0.7701754397286742,0.7801754397286742,0.7901754397286742,0.7901754397286742,0.8101754397286742,0.8101754397286742,0.8101754397286742,0.8001754397286742,0.8101754397286742,0.8001754397286742,0.8001754397286742,0.8001754397286742
818,0.7914280490890662,0.8014280490890662,0.8014280490890662,0.7814280490890662,0.7914280490890662,0.7914280490890662,0.8114280490890662,0.8214280490890662,0.8214280490890662,0.8214280490890662,0.8214280490890662,0.8314280490890662,0.8314280490890662
819,0.8640291814591168,0.8640291814591168,0.8640291814591168,0.8640291814591168,0.8640291814591168,0.8740291814591168,0.8740291814591168,0.8840291814591168,0.8740291814591168,0.8840291814591168,0.8840291814591168,0.8840291814591168,0.8840291814591168
820,0.8197343624984923,0.8197343624984923,0.8397343624984923,0.8397343624984923,0.8397343624984923,0.8397343624984923,0.8597343624984923,0.8597343624984923,0.8597343624984923,0.8397343624984923,0.8397343624984923,0.8497343624984923,0.8597343624984923
821,0.8114303926010615,0.8314303926010616,0.8414303926010616,0.8514303926010616,0.8514303926010616,0.8464303926010616,0.8464303926010616,0.8364303926010616,0.8364303926010616,0.8364303926010616,0.8164303926010615,0.8064303926010615,0.7964303926010615
822,0.932213802920795,0.942213802920795,0.942213802920795,0.942213802920795,0.942213802920795,0.942213802920795,0.932213802920795,0.902213802920795,0.902213802920795,0.912213802920795,0.922213802920795,0.932213802920795,0.942213802920795
823,0.8173967627162176,0.8173967627162176,0.8273967627162176,0.8173967627162176,0.8173967627162176,0.8573967627162177,0.8523967627162177,0.8523967627162177,0.8523967627162177,0.8423967627162177,0.8423967627162177,0.8223967627162176,0.8423967627162177
824,0.8314540329586471,0.8414540329586471,0.8614540329586471,0.8614540329586471,0.8614540329586471,0.8414540329586471,0.8614540329586471,0.8514540329586471,0.8714540329586471,0.8714540329586471,0.8714540329586471,0.8714540329586471,0.8614540329586471
825,0.8250502927484139,0.8250502927484139,0.8250502927484139,0.8150502927484139,0.8050502927484139,0.8150502927484139,0.8450502927484139,0.8450502927484139,0.8450502927484139,0.8550502927484139,0.8450502927484139,0.8550502927484139,0.8350502927484139
826,0.8431680798644149,0.8431680798644149,0.8631680798644149,0.8531680798644149,0.8431680798644149,0.8431680798644149,0.8531680798644149,0.8531680798644149,0.8731680798644149,0.8731680798644149,0.8731680798644149,0.8631680798644149,0.8631680798644149
827,0.8991965322618556,0.8991965322618556,0.8991965322618556,0.8991965322618556,0.8991965322618556,0.8991965322618556,0.8991965322618556,0.8891965322618556,0.8791965322618556,0.8791965322618556,0.8991965322618556,0.9091965322618556,0.8891965322618556
828,0.8500955143186628,0.8700955143186628,0.8600955143186628,0.8600955143186628,0.8600955143186628,0.8500955143186628,0.8400955143186628,0.8200955143186628,0.8100955143186628,0.8100955143186628,0.8100955143186628,0.8100955143186628,0.8100955143186628
829,0.8388950445607022,0.8288950445607022,0.8288950445607022,0.8288950445607022,0.8288950445607022,0.8388950445607022,0.8288950445607022,0.8188950445607022,0.8388950445607022,0.8488950445607022,0.8688950445607022,0.8688950445607022,0.8688950445607022
830,0.8926592916651163,0.8826592916651163,0.8826592916651163,0.8826592916651163,0.9176592916651163,0.9076592916651163,0.9076592916651163,0.8976592916651163,0.9176592916651163,0.9176592916651163,0.9176592916651163,0.9176592916651163,0.9176592916651163
831,0.8723272836885081,0.8923272836885081,0.8623272836885081,0.8423272836885081,0.8573272836885081,0.8473272836885081,0.8573272836885081,0.8673272836885081,0.8673272836885081,0.8673272836885081,0.8373272836885081,0.8573272836885081,0.8573272836885081
832,0.896961931504462,0.906961931504462,0.886961931504462,0.886961931504462,0.906961931504462,0.906961931504462,0.906961931504462,0.926961931504462,0.926961931504462,0.926961931504462,0.926961931504462,0.936961931504462,0.926961931504462
833,0.9254153329802197,0.9254153329802197,0.9254153329802197,0.9354153329802197,0.9654153329802198,0.9654153329802198,0.9654153329802198,0.9654153329802198,0.9604153329802197,0.9604153329802197,0.9504153329802197,0.9504153329802197,0.9404153329802197
834,0.8169948490678036,0.8269948490678036,0.8269948490678036,0.8269948490678036,0.8369948490678036,0.8469948490678036,0.8469948490678036,0.8369948490678036,0.8369948490678036,0.8469948490678036,0.8169948490678036,0.8169948490678036,0.8069948490678036
835,0.8696355982255153,0.8796355982255153,0.8896355982255153,0.8796355982255153,0.8996355982255153,0.8996355982255153,0.8996355982255153,0.8996355982255153,0.8896355982255153,0.8696355982255153,0.8796355982255153,0.8896355982255153,0.8896355982255153
836,0.8676612146729459,0.8676612146729459,0.8476612146729459,0.8376612146729459,0.8476612146729459,0.8476612146729459,0.8476612146729459,0.8476612146729459,0.8576612146729459,0.8476612146729459,0.8576612146729459,0.8476612146729459,0.8376612146729459
837,0.8412559039330204,0.8612559039330204,0.8612559039330204,0.8612559039330204,0.8612559039330204,0.8712559039330204,0.8712559039330204,0.8612559039330204,0.8612559039330204,0.8612559039330204,0.8512559039330204,0.8312559039330204,0.8212559039330204
838,0.8139277828597551,0.8239277828597551,0.8139277828597551,0.8339277828597551,0.8339277828597551,0.8339277828597551,0.8439277828597551,0.8289277828597551,0.8389277828597551,0.8289277828597551,0.8189277828597551,0.8289277828597551,0.8089277828597551
839,0.9071807276520268,0.9171807276520269,0.9171807276520269,0.9171807276520269,0.9171807276520269,0.9171807276520269,0.9171807276520269,0.9071807276520268,0.9071807276520268,0.9171807276520269,0.9171807276520269,0.9171807276520269,0.9271807276520269
840,0.8403239152510065,0.8303239152510065,0.8303239152510065,0.8303239152510065,0.8403239152510065,0.8403239152510065,0.8403239152510065,0.8303239152510065,0.8203239152510065,0.8403239152510065,0.8403239152510065,0.8503239152510065,0.8503239152510065
841,0.846552368519327,0.846552368519327,0.846552368519327,0.846552368519327,0.846552368519327,0.856552368519327,0.846552368519327,0.846552368519327,0.866552368519327,0.866552368519327,0.856552368519327,0.846552368519327,0.826552368519327
842,0.8706370604822165,0.8706370604822165,0.8906370604822165,0.8806370604822165,0.8806370604822165,0.8806370604822165,0.8906370604822165,0.8706370604822165,0.8906370604822165,0.8906370604822165,0.8706370604822165,0.8906370604822165,0.8906370604822165
843,0.866208458382324,0.866208458382324,0.8362084583823239,0.846208458382324,0.876208458382324,0.866208458382324,0.876208458382324,0.876208458382324,0.876208458382324,0.866208458382324,0.866208458382324,0.856208458382324,0.856208458382324
844,0.8742141806620263,0.8442141806620262,0.8642141806620263,0.8342141806620262,0.8342141806620262,0.8742141806620263,0.8742141806620263,0.8642141806620263,0.8642141806620263,0.8842141806620263,0.9042141806620263,0.9142141806620263,0.8942141806620263
845,0.8618533947191556,0.8718533947191556,0.8818533947191556,0.8818533947191556,0.8618533947191556,0.8618533947191556,0.8818533947191556,0.8818533947191556,0.8918533947191556,0.8918533947191556,0.8818533947191556,0.8818533947191556,0.8818533947191556
846,0.8478323875245417,0.8578323875245417,0.8478323875245417,0.8578323875245417,0.8678323875245417,0.8578323875245417,0.8678323875245417,0.8778323875245417,0.8778323875245417,0.8628323875245417,0.8628323875245417,0.8628323875245417,0.8628323875245417
847,0.8385551656598709,0.8385551656598709,0.8585551656598709,0.8685551656598709,0.8585551656598709,0.8485551656598709,0.8485551656598709,0.8485551656598709,0.8485551656598709,0.8485551656598709,0.8485551656598709,0.8485551656598709,0.8485551656598709
848,0.7391284020956349,0.7391284020956349,0.7291284020956349,0.7091284020956349,0.7091284020956349,0.6991284020956349,0.7091284020956349,0.7091284020956349,0.7091284020956349,0.7091284020956349,0.7091284020956349,0.7241284020956349,0.7141284020956349
849,0.8401574947389094,0.8101574947389094,0.8251574947389094,0.8251574947389094,0.8051574947389094,0.8051574947389094,0.8051574947389094,0.8151574947389094,0.8151574947389094,0.8351574947389094,0.8351574947389094,0.8151574947389094,0.8151574947389094
850,0.8379847992492565,0.8379847992492565,0.8279847992492565,0.8279847992492565,0.8279847992492565,0.8279847992492565,0.8079847992492565,0.8079847992492565,0.7979847992492565,0.8029847992492565,0.8029847992492565,0.8029847992492565,0.8129847992492565
851,0.8684077637045354,0.8684077637045354,0.8784077637045354,0.8884077637045354,0.8884077637045354,0.8884077637045354,0.8784077637045354,0.8784077637045354,0.8884077637045354,0.8884077637045354,0.8884077637045354,0.8684077637045354,0.8784077637045354
852,0.8394576823396538,0.8394576823396538,0.8494576823396538,0.8494576823396538,0.8794576823396538,0.8794576823396538,0.8594576823396538,0.8794576823396538,0.8494576823396538,0.8494576823396538,0.8094576823396538,0.8094576823396538,0.8094576823396538
853,0.8192164361040504,0.8292164361040504,0.8292164361040504,0.8192164361040504,0.8192164361040504,0.8192164361040504,0.8192164361040504,0.8092164361040504,0.8192164361040504,0.8192164361040504,0.8192164361040504,0.8192164361040504,0.8192164361040504
854,0.861193614929448,0.851193614929448,0.861193614929448,0.841193614929448,0.861193614929448,0.871193614929448,0.881193614929448,0.881193614929448,0.861193614929448,0.861193614929448,0.861193614929448,0.841193614929448,0.821193614929448
855,0.8685337995045985,0.8685337995045985,0.8685337995045985,0.8885337995045985,0.8885337995045985,0.8885337995045985,0.8885337995045985,0.8885337995045985,0.8885337995045985,0.8885337995045985,0.8985337995045986,0.8985337995045986,0.8985337995045986
856,0.8180214855272613,0.8180214855272613,0.8180214855272613,0.8180214855272613,0.8180214855272613,0.8180214855272613,0.8180214855272613,0.8180214855272613,0.8280214855272613,0.8380214855272613,0.8380214855272613,0.8380214855272613,0.8080214855272613
857,0.8004802429256872,0.8204802429256872,0.8304802429256872,0.8204802429256872,0.8404802429256872,0.8404802429256872,0.8354802429256872,0.8254802429256872,0.8254802429256872,0.8454802429256872,0.8454802429256872,0.8254802429256872,0.8354802429256872
858,0.8811664925547499,0.8811664925547499,0.8611664925547499,0.8711664925547499,0.8511664925547499,0.8511664925547499,0.8611664925547499,0.8611664925547499,0.8711664925547499,0.8911664925547499,0.9011664925547499,0.8911664925547499,0.8911664925547499
859,0.7945274805258129,0.7945274805258129,0.7945274805258129,0.7945274805258129,0.7645274805258129,0.7945274805258129,0.7845274805258129,0.7845274805258129,0.7945274805258129,0.7745274805258129,0.7745274805258129,0.7745274805258129,0.7745274805258129
860,0.8240649413501364,0.8340649413501364,0.8140649413501364,0.8140649413501364,0.8040649413501364,0.8040649413501364,0.8040649413501364,0.7940649413501364,0.7940649413501364,0.8040649413501364,0.8140649413501364,0.8140649413501364,0.8140649413501364
861,0.8221222108808474,0.8221222108808474,0.8021222108808473,0.7921222108808473,0.8021222108808473,0.7821222108808473,0.8021222108808473,0.8021222108808473,0.8021222108808473,0.8121222108808474,0.8121222108808474,0.7921222108808473,0.8021222108808473
862,0.9170525759576205,0.9470525759576205,0.9470525759576205,0.9270525759576205,0.9270525759576205,0.9170525759576205,0.9170525759576205,0.9270525759576205,0.9070525759576205,0.9070525759576205,0.9070525759576205,0.9070525759576205,0.9170525759576205
863,0.8142925634768898,0.7942925634768898,0.7942925634768898,0.7942925634768898,0.7942925634768898,0.7942925634768898,0.7942925634768898,0.7942925634768898,0.7942925634768898,0.7942925634768898,0.8142925634768898,0.8142925634768898,0.8142925634768898
864,0.9080329925965759,0.8880329925965759,0.8980329925965759,0.8980329925965759,0.8780329925965759,0.8780329925965759,0.8780329925965759,0.8780329925965759,0.8680329925965758,0.8980329925965759,0.8980329925965759,0.9080329925965759,0.9180329925965759
865,0.9539039094919392,0.9739039094919392,0.9539039094919392,0.9539039094919392,0.9639039094919392,0.9539039094919392,0.9539039094919392,0.9539039094919392,0.9539039094919392,0.9639039094919392,0.9639039094919392,0.9439039094919391,0.9339039094919391
866,0.7867331329751412,0.7867331329751412,0.7667331329751412,0.7917331329751413,0.8017331329751413,0.8117331329751413,0.8117331329751413,0.8117331329751413,0.8117331329751413,0.8217331329751413,0.8217331329751413,0.8217331329751413,0.8217331329751413
867,0.81273343008974,0.78273343008974,0.79273343008974,0.78273343008974,0.79773343008974,0.80773343008974,0.79773343008974,0.79773343008974,0.80773343008974,0.80773343008974,0.79773343008974,0.79773343008974,0.79773343008974
868,0.8546006383205419,0.8546006383205419,0.8546006383205419,0.8546006383205419,0.8346006383205419,0.8246006383205419,0.8246006383205419,0.8146006383205419,0.8246006383205419,0.8396006383205419,0.8496006383205419,0.8496006383205419,0.8596006383205419
869,0.8563112823030294,0.8663112823030295,0.8563112823030294,0.8263112823030294,0.8363112823030294,0.8163112823030294,0.8163112823030294,0.8213112823030294,0.8213112823030294,0.8313112823030294,0.8313112823030294,0.8313112823030294,0.8713112823030295
870,0.7775596972031799,0.7875596972031799,0.7675596972031798,0.7675596972031798,0.7975596972031799,0.7875596972031799,0.7975596972031799,0.7975596972031799,0.7975596972031799,0.7775596972031799,0.7575596972031798,0.7575596972031798,0.7575596972031798
871,0.8506273406730849,0.8506273406730849,0.8506273406730849,0.8406273406730849,0.8406273406730849,0.8506273406730849,0.8706273406730849,0.8706273406730849,0.8806273406730849,0.8706273406730849,0.8706273406730849,0.8806273406730849,0.8706273406730849
872,0.7617882142657388,0.7617882142657388,0.7617882142657388,0.7717882142657388,0.7617882142657388,0.7717882142657388,0.7817882142657389,0.8017882142657389,0.7917882142657389,0.7717882142657388,0.7717882142657388,0.7617882142657388,0.7617882142657388
873,0.7435779926192967,0.7435779926192967,0.7535779926192967,0.7535779926192967,0.7735779926192967,0.7735779926192967,0.7735779926192967,0.7635779926192967,0.7535779926192967,0.7435779926192967,0.7635779926192967,0.7835779926192967,0.7785779926192967
874,0.7831535797953465,0.7831535797953465,0.7931535797953465,0.7931535797953465,0.7831535797953465,0.7931535797953465,0.8031535797953465,0.8031535797953465,0.8031535797953465,0.7781535797953465,0.7681535797953465,0.7681535797953465,0.7681535797953465
875,0.8648966752986395,0.8648966752986395,0.8648966752986395,0.8748966752986395,0.8648966752986395,0.8848966752986395,0.8848966752986395,0.8848966752986395,0.9048966752986395,0.9048966752986395,0.8948966752986395,0.8948966752986395,0.8848966752986395
876,0.8244685607932863,0.8144685607932863,0.8344685607932864,0.8344685607932864,0.8344685607932864,0.8444685607932864,0.8644685607932864,0.8644685607932864,0.8644685607932864,0.8594685607932864,0.8494685607932864,0.8494685607932864,0.8594685607932864
877,0.9269763407132173,0.9269763407132173,0.9369763407132173,0.9369763407132173,0.9369763407132173,0.9469763407132173,0.9469763407132173,0.9369763407132173,0.9369763407132173,0.9469763407132173,0.9669763407132174,0.9669763407132174,0.9619763407132174
878,0.8609311019203297,0.8709311019203297,0.8709311019203297,0.8709311019203297,0.8709311019203297,0.8509311019203297,0.8409311019203297,0.8409311019203297,0.8509311019203297,0.8309311019203297,0.8459311019203297,0.8359311019203297,0.8359311019203297
879,0.8650377534808656,0.8650377534808656,0.8750377534808657,0.8750377534808657,0.8750377534808657,0.8850377534808657,0.8750377534808657,0.8650377534808656,0.8550377534808656,0.8550377534808656,0.8750377534808657,0.8950377534808657,0.8950377534808657
880,0.829071050446599,0.809071050446599,0.799071050446599,0.799071050446599,0.799071050446599,0.799071050446599,0.799071050446599,0.789071050446599,0.799071050446599,0.789071050446599,0.794071050446599,0.804071050446599,0.804071050446599
881,0.8125431400050763,0.8225431400050763,0.8325431400050763,0.8325431400050763,0.8325431400050763,0.8125431400050763,0.8025431400050763,0.8125431400050763,0.8325431400050763,0.8325431400050763,0.8325431400050763,0.8325431400050763,0.8325431400050763
882,0.9095695470208026,0.9095695470208026,0.8995695470208026,0.8895695470208026,0.8895695470208026,0.9145695470208026,0.8945695470208026,0.8745695470208026,0.8945695470208026,0.8945695470208026,0.8845695470208026,0.8845695470208026,0.8645695470208026
883,0.8698443602130581,0.8698443602130581,0.8498443602130581,0.8598443602130581,0.8598443602130581,0.8698443602130581,0.8698443602130581,0.8698443602130581,0.8698443602130581,0.8898443602130581,0.8898443602130581,0.8648443602130581,0.8648443602130581
884,0.8912562177374028,0.8912562177374028,0.8812562177374028,0.9012562177374028,0.9212562177374028,0.9112562177374028,0.9012562177374028,0.9112562177374028,0.9112562177374028,0.9112562177374028,0.8912562177374028,0.8712562177374028,0.8612562177374028
885,0.8481123116494929,0.8481123116494929,0.8481123116494929,0.8681123116494929,0.8881123116494929,0.8881123116494929,0.8881123116494929,0.8831123116494929,0.8731123116494929,0.8731123116494929,0.8931123116494929,0.8731123116494929,0.8431123116494929
886,0.764418194574096,0.734418194574096,0.734418194574096,0.734418194574096,0.744418194574096,0.754418194574096,0.754418194574096,0.754418194574096,0.784418194574096,0.794418194574096,0.794418194574096,0.794418194574096,0.794418194574096
887,0.8007945934779322,0.8007945934779322,0.8007945934779322,0.8107945934779323,0.7907945934779322,0.7907945934779322,0.8007945934779322,0.8307945934779323,0.8307945934779323,0.7907945934779322,0.7907945934779322,0.7807945934779322,0.7607945934779322
888,0.9733296707626826,0.9833296707626826,0.9633296707626826,0.9833296707626826,0.9633296707626826,0.9633296707626826,0.9633296707626826,0.9833296707626826,0.9833296707626826,0.9833296707626826,0.9933296707626826,0.9733296707626826,0.9533296707626826
889,0.8567257558078576,0.8467257558078576,0.8467257558078576,0.8767257558078576,0.8767257558078576,0.8867257558078576,0.8867257558078576,0.8767257558078576,0.8667257558078576,0.8667257558078576,0.8767257558078576,0.8867257558078576,0.8867257558078576
890,0.8407211537207065,0.8507211537207066,0.8407211537207065,0.8407211537207065,0.8207211537207065,0.8107211537207065,0.8107211537207065,0.8407211537207065,0.8107211537207065,0.8107211537207065,0.8107211537207065,0.8307211537207065,0.8507211537207066
891,0.879066571083523,0.9090665710835231,0.8990665710835231,0.8990665710835231,0.8990665710835231,0.8990665710835231,0.889066571083523,0.889066571083523,0.9090665710835231,0.9090665710835231,0.894066571083523,0.884066571083523,0.894066571083523
892,0.8059398760119674,0.8059398760119674,0.8059398760119674,0.7959398760119674,0.7959398760119674,0.7759398760119673,0.8059398760119674,0.8259398760119674,0.8259398760119674,0.8459398760119674,0.8359398760119674,0.8159398760119674,0.8259398760119674
893,0.8477505417071473,0.8477505417071473,0.8477505417071473,0.8677505417071473,0.8677505417071473,0.8677505417071473,0.8677505417071473,0.8477505417071473,0.8377505417071472,0.8277505417071472,0.8277505417071472,0.8377505417071472,0.8277505417071472
894,0.7963397844110773,0.7763397844110773,0.7763397844110773,0.7763397844110773,0.7763397844110773,0.7763397844110773,0.7763397844110773,0.7863397844110773,0.7763397844110773,0.7963397844110773,0.7863397844110773,0.7763397844110773,0.7763397844110773
895,0.7601910345937436,0.7701910345937436,0.7501910345937436,0.7401910345937436,0.7301910345937436,0.7201910345937436,0.7301910345937436,0.7501910345937436,0.7501910345937436,0.7501910345937436,0.7401910345937436,0.7501910345937436,0.7401910345937436
896,0.8450067075474341,0.8350067075474341,0.8350067075474341,0.8450067075474341,0.8350067075474341,0.8350067075474341,0.8250067075474341,0.8350067075474341,0.8150067075474341,0.8050067075474341,0.8150067075474341,0.8150067075474341,0.8050067075474341
897,0.8040184308370137,0.8040184308370137,0.7940184308370137,0.7940184308370137,0.7940184308370137,0.7940184308370137,0.7740184308370137,0.7640184308370137,0.7640184308370137,0.7640184308370137,0.7640184308370137,0.7640184308370137,0.7840184308370137
898,0.8412498788051243,0.8612498788051243,0.8612498788051243,0.8712498788051243,0.8612498788051243,0.8612498788051243,0.8712498788051243,0.8712498788051243,0.8712498788051243,0.8812498788051243,0.8812498788051243,0.8812498788051243,0.8762498788051243
899,0.877699970533113,0.887699970533113,0.887699970533113,0.897699970533113,0.897699970533113,0.897699970533113,0.897699970533113,0.907699970533113,0.887699970533113,0.887699970533113,0.897699970533113,0.887699970533113,0.877699970533113
900,0.8281448465454417,0.8281448465454417,0.8281448465454417,0.8081448465454417,0.8281448465454417,0.8281448465454417,0.8381448465454417,0.8481448465454418,0.8481448465454418,0.8481448465454418,0.8581448465454418,0.8581448465454418,0.8581448465454418
901,0.9281859811240445,0.9281859811240445,0.9081859811240445,0.8881859811240445,0.8881859811240445,0.8881859811240445,0.8881859811240445,0.8881859811240445,0.8881859811240445,0.8931859811240445,0.9031859811240445,0.8931859811240445,0.8931859811240445
902,0.7933599181258268,0.7733599181258268,0.7733599181258268,0.7633599181258268,0.7733599181258268,0.7633599181258268,0.7783599181258268,0.7783599181258268,0.7683599181258268,0.7583599181258268,0.7583599181258268,0.7683599181258268,0.7783599181258268
903,0.9299731978595862,0.9599731978595862,0.9499731978595862,0.9399731978595862,0.9399731978595862,0.9399731978595862,0.9199731978595862,0.9499731978595862,0.9299731978595862,0.9299731978595862,0.9199731978595862,0.9399731978595862,0.9599731978595862
904,0.8878564639401492,0.8978564639401492,0.9078564639401492,0.9178564639401492,0.8978564639401492,0.8878564639401492,0.9078564639401492,0.8778564639401492,0.8978564639401492,0.9078564639401492,0.8878564639401492,0.9078564639401492,0.9078564639401492
905,0.8739180205375836,0.8739180205375836,0.8739180205375836,0.8739180205375836,0.8739180205375836,0.8739180205375836,0.8639180205375836,0.8639180205375836,0.8539180205375836,0.8539180205375836,0.8439180205375836,0.8589180205375836,0.8889180205375836
906,0.809389500447026,0.809389500447026,0.819389500447026,0.819389500447026,0.799389500447026,0.7693895004470259,0.7743895004470259,0.7843895004470259,0.7843895004470259,0.7643895004470259,0.7643895004470259,0.7843895004470259,0.7843895004470259
907,0.8936317637558241,0.9036317637558241,0.9036317637558241,0.8836317637558241,0.8636317637558241,0.8736317637558241,0.8936317637558241,0.8736317637558241,0.8636317637558241,0.8536317637558241,0.8636317637558241,0.8636317637558241,0.8786317637558241
908,0.8550356150097389,0.8550356150097389,0.8550356150097389,0.8550356150097389,0.8450356150097389,0.8450356150097389,0.8450356150097389,0.8550356150097389,0.8450356150097389,0.8350356150097389,0.8450356150097389,0.8450356150097389,0.8550356150097389
909,0.8741904957557819,0.8841904957557819,0.8741904957557819,0.8741904957557819,0.8641904957557819,0.8741904957557819,0.8841904957557819,0.8841904957557819,0.8841904957557819,0.8841904957557819,0.8841904957557819,0.8841904957557819,0.8841904957557819
910,0.8760700684205026,0.8760700684205026,0.8660700684205026,0.8660700684205026,0.8860700684205026,0.8860700684205026,0.8560700684205026,0.8660700684205026,0.8860700684205026,0.8960700684205026,0.8960700684205026,0.8960700684205026,0.9060700684205026
911,0.8985706797195264,0.8985706797195264,0.8985706797195264,0.8885706797195264,0.8885706797195264,0.9085706797195264,0.9185706797195264,0.9285706797195264,0.9385706797195265,0.9385706797195265,0.9385706797195265,0.9185706797195264,0.9185706797195264
912,0.7900971621745158,0.7900971621745158,0.7900971621745158,0.8000971621745158,0.7900971621745158,0.7700971621745157,0.7700971621745157,0.7900971621745158,0.7800971621745157,0.7900971621745158,0.7700971621745157,0.7800971621745157,0.7800971621745157
913,0.895405353049369,0.895405353049369,0.895405353049369,0.895405353049369,0.895405353049369,0.915405353049369,0.925405353049369,0.925405353049369,0.925405353049369,0.915405353049369,0.915405353049369,0.905405353049369,0.915405353049369
914,0.8968888097736716,0.9068888097736716,0.8968888097736716,0.8868888097736716,0.8868888097736716,0.8868888097736716,0.8968888097736716,0.8868888097736716,0.8968888097736716,0.8968888097736716,0.8868888097736716,0.8868888097736716,0.8868888097736716
915,0.9110350248067461,0.9010350248067461,0.9110350248067461,0.8910350248067461,0.9010350248067461,0.9010350248067461,0.9010350248067461,0.9010350248067461,0.9110350248067461,0.9110350248067461,0.9210350248067461,0.9210350248067461,0.9210350248067461
916,0.9324639800491161,0.9224639800491161,0.9424639800491161,0.9524639800491161,0.9424639800491161,0.9424639800491161,0.9424639800491161,0.9424639800491161,0.9024639800491161,0.9224639800491161,0.9324639800491161,0.9324639800491161,0.9324639800491161
917,0.8409946996234612,0.8509946996234612,0.8409946996234612,0.8409946996234612,0.8309946996234612,0.8209946996234612,0.8459946996234612,0.8459946996234612,0.8259946996234612,0.8259946996234612,0.8259946996234612,0.8159946996234612,0.8159946996234612
918,0.9344484624849034,0.9344484624849034,0.9244484624849034,0.9344484624849034,0.9444484624849034,0.9144484624849034,0.9144484624849034,0.9144484624849034,0.9144484624849034,0.9144484624849034,0.9144484624849034,0.9144484624849034,0.9344484624849034
919,0.8462970752841933,0.8362970752841933,0.8362970752841933,0.8262970752841933,0.8262970752841933,0.8262970752841933,0.8262970752841933,0.8262970752841933,0.8162970752841933,0.8262970752841933,0.8062970752841933,0.8112970752841933,0.8112970752841933
920,0.8611225217890502,0.8511225217890502,0.8711225217890503,0.8811225217890503,0.8811225217890503,0.8811225217890503,0.8811225217890503,0.8911225217890503,0.8911225217890503,0.8911225217890503,0.8911225217890503,0.8811225217890503,0.8811225217890503
921,0.8572778914947069,0.8572778914947069,0.8372778914947069,0.8272778914947069,0.8272778914947069,0.8172778914947069,0.8222778914947069,0.8322778914947069,0.8522778914947069,0.8622778914947069,0.8522778914947069,0.8522778914947069,0.8522778914947069
922,0.7773999287683849,0.7673999287683849,0.7673999287683849,0.7673999287683849,0.7873999287683849,0.7873999287683849,0.7873999287683849,0.7673999287683849,0.7673999287683849,0.7873999287683849,0.7873999287683849,0.7773999287683849,0.797399928768385
923,0.8725495148092937,0.8625495148092936,0.8725495148092937,0.8625495148092936,0.8525495148092936,0.8525495148092936,0.8625495148092936,0.8525495148092936,0.8525495148092936,0.8625495148092936,0.8625495148092936,0.8625495148092936,0.8625495148092936
924,0.8479552618792534,0.8379552618792534,0.8379552618792534,0.8379552618792534,0.8379552618792534,0.8479552618792534,0.8479552618792534,0.8279552618792534,0.8279552618792534,0.8379552618792534,0.8279552618792534,0.8279552618792534,0.8279552618792534
925,0.8638837914960293,0.8638837914960293,0.8938837914960294,0.8838837914960294,0.8838837914960294,0.8838837914960294,0.9038837914960294,0.8988837914960294,0.9088837914960294,0.8988837914960294,0.8988837914960294,0.8988837914960294,0.8888837914960294
926,0.8768615026485731,0.8768615026485731,0.8768615026485731,0.8868615026485731,0.8868615026485731,0.8868615026485731,0.8868615026485731,0.8868615026485731,0.8968615026485731,0.9068615026485731,0.9068615026485731,0.9168615026485731,0.9168615026485731
927,0.8678194987521138,0.8678194987521138,0.8678194987521138,0.8678194987521138,0.8678194987521138,0.8678194987521138,0.8478194987521138,0.8478194987521138,0.8378194987521138,0.8478194987521138,0.8478194987521138,0.8278194987521138,0.8278194987521138
928,0.8903082397365965,0.8803082397365964,0.8903082397365965,0.8903082397365965,0.9103082397365965,0.9003082397365965,0.9003082397365965,0.9003082397365965,0.9003082397365965,0.8803082397365964,0.8903082397365965,0.8803082397365964,0.8903082397365965
929,0.8796075739101662,0.8796075739101662,0.8796075739101662,0.8796075739101662,0.8696075739101662,0.8696075739101662,0.8496075739101662,0.8596075739101662,0.8796075739101662,0.8796075739101662,0.8796075739101662,0.8796075739101662,0.8896075739101662
930,0.8916177101486917,0.8716177101486917,0.8816177101486917,0.8816177101486917,0.8816177101486917,0.8816177101486917,0.8916177101486917,0.8916177101486917,0.8916177101486917,0.9016177101486917,0.9016177101486917,0.9016177101486917,0.9116177101486918
931,0.8540364380221361,0.8540364380221361,0.8540364380221361,0.8340364380221361,0.8340364380221361,0.8340364380221361,0.8240364380221361,0.8440364380221361,0.8340364380221361,0.8340364380221361,0.8240364380221361,0.8140364380221361,0.8140364380221361
932,0.8364050990955693,0.8364050990955693,0.8364050990955693,0.8364050990955693,0.8364050990955693,0.8364050990955693,0.8464050990955693,0.8464050990955693,0.8564050990955693,0.8364050990955693,0.8264050990955693,0.8564050990955693,0.8464050990955693
933,0.8092983038771087,0.8092983038771087,0.7992983038771087,0.7992983038771087,0.8342983038771087,0.8342983038771087,0.8442983038771087,0.8342983038771087,0.8442983038771087,0.8442983038771087,0.8442983038771087,0.8542983038771087,0.8442983038771087
934,0.8448736698016293,0.8548736698016293,0.8548736698016293,0.8448736698016293,0.8548736698016293,0.8448736698016293,0.8648736698016293,0.8648736698016293,0.8548736698016293,0.8548736698016293,0.8448736698016293,0.8548736698016293,0.8648736698016293
935,0.8624919937913698,0.8924919937913698,0.8924919937913698,0.8924919937913698,0.8824919937913698,0.8524919937913698,0.8424919937913697,0.8524919937913698,0.8524919937913698,0.8524919937913698,0.8524919937913698,0.8524919937913698,0.8524919937913698
936,0.8688144715697398,0.8788144715697398,0.8788144715697398,0.8588144715697398,0.8788144715697398,0.8788144715697398,0.8788144715697398,0.8688144715697398,0.8788144715697398,0.8788144715697398,0.9088144715697398,0.9038144715697398,0.8838144715697398
937,0.8488448704094299,0.8288448704094299,0.8288448704094299,0.8188448704094299,0.8288448704094299,0.8288448704094299,0.8288448704094299,0.8188448704094299,0.8388448704094299,0.8388448704094299,0.8388448704094299,0.8388448704094299,0.8388448704094299
938,0.791401826240554,0.781401826240554,0.781401826240554,0.771401826240554,0.771401826240554,0.801401826240554,0.791401826240554,0.771401826240554,0.761401826240554,0.761401826240554,0.776401826240554,0.776401826240554,0.776401826240554
939,0.8514586507223059,0.8514586507223059,0.8514586507223059,0.8414586507223059,0.8314586507223058,0.8314586507223058,0.8314586507223058,0.8214586507223058,0.8364586507223059,0.8364586507223059,0.8364586507223059,0.8364586507223059,0.8464586507223059
940,0.8504489986109549,0.8204489986109549,0.8204489986109549,0.8104489986109549,0.8104489986109549,0.8104489986109549,0.8154489986109549,0.8154489986109549,0.8154489986109549,0.8154489986109549,0.8254489986109549,0.8454489986109549,0.8554489986109549
941,0.8520792288896181,0.8520792288896181,0.8520792288896181,0.8420792288896181,0.8420792288896181,0.8420792288896181,0.832079228889618,0.832079228889618,0.822079228889618,0.837079228889618,0.837079228889618,0.837079228889618,0.837079228889618
942,0.8575497179123863,0.8475497179123863,0.8375497179123863,0.8275497179123863,0.8425497179123863,0.8725497179123863,0.8625497179123863,0.8525497179123863,0.8625497179123863,0.8625497179123863,0.8625497179123863,0.8625497179123863,0.8325497179123863
943,0.7887121753796141,0.7787121753796141,0.7587121753796141,0.7587121753796141,0.7587121753796141,0.7487121753796141,0.7487121753796141,0.7487121753796141,0.7487121753796141,0.7537121753796141,0.7537121753796141,0.7637121753796141,0.7637121753796141
944,0.850552484260389,0.850552484260389,0.850552484260389,0.860552484260389,0.850552484260389,0.850552484260389,0.850552484260389,0.830552484260389,0.840552484260389,0.840552484260389,0.830552484260389,0.840552484260389,0.830552484260389
945,0.8603959292346307,0.8603959292346307,0.8203959292346307,0.8303959292346307,0.8403959292346307,0.8403959292346307,0.8303959292346307,0.8303959292346307,0.8403959292346307,0.8403959292346307,0.8303959292346307,0.8303959292346307,0.8303959292346307
946,0.7984465220936822,0.7984465220936822,0.7884465220936822,0.7884465220936822,0.7784465220936821,0.7884465220936822,0.7884465220936822,0.7884465220936822,0.7884465220936822,0.7984465220936822,0.7684465220936821,0.7684465220936821,0.7684465220936821
947,0.7882252704645712,0.7682252704645712,0.7682252704645712,0.7782252704645712,0.7782252704645712,0.7982252704645713,0.7982252704645713,0.7982252704645713,0.7882252704645712,0.7882252704645712,0.7782252704645712,0.7782252704645712,0.7682252704645712
948,0.8523831649511322,0.8623831649511322,0.8623831649511322,0.8623831649511322,0.8623831649511322,0.8723831649511322,0.8723831649511322,0.8723831649511322,0.8623831649511322,0.8623831649511322,0.8623831649511322,0.8623831649511322,0.8523831649511322
949,0.8853529134244822,0.8853529134244822,0.8853529134244822,0.8853529134244822,0.8853529134244822,0.8853529134244822,0.8753529134244822,0.8553529134244822,0.8703529134244822,0.8603529134244822,0.8603529134244822,0.8403529134244822,0.8403529134244822
950,0.797046582837657,0.807046582837657,0.807046582837657,0.7870465828376569,0.7870465828376569,0.7870465828376569,0.7870465828376569,0.7870465828376569,0.7870465828376569,0.7570465828376569,0.7620465828376569,0.7720465828376569,0.7620465828376569
951,0.8318379811860934,0.8218379811860934,0.8218379811860934,0.8218379811860934,0.8218379811860934,0.8318379811860934,0.8318379811860934,0.8318379811860934,0.8418379811860934,0.8418379811860934,0.8218379811860934,0.8318379811860934,0.8318379811860934
952,0.9548726441485491,0.9548726441485491,0.9748726441485491,0.9848726441485491,0.9548726441485491,0.9748726441485491,0.9848726441485491,0.9948726441485491,0.9848726441485491,0.9848726441485491,0.9848726441485491,0.9698726441485491,0.9398726441485491
953,0.8654880905795129,0.8654880905795129,0.8654880905795129,0.8854880905795129,0.895488090579513,0.895488090579513,0.8854880905795129,0.8654880905795129,0.8554880905795129,0.8754880905795129,0.895488090579513,0.895488090579513,0.905488090579513
954,0.8628092958514453,0.8628092958514453,0.8828092958514453,0.8828092958514453,0.8828092958514453,0.8928092958514453,0.8928092958514453,0.8828092958514453,0.8828092958514453,0.8828092958514453,0.8828092958514453,0.8728092958514453,0.8728092958514453
955,0.8654683468957994,0.8554683468957994,0.8754683468957994,0.8754683468957994,0.8654683468957994,0.8354683468957994,0.8354683468957994,0.8354683468957994,0.8354683468957994,0.8354683468957994,0.8254683468957994,0.8354683468957994,0.8354683468957994
956,0.8662513608771543,0.8462513608771542,0.8562513608771543,0.8562513608771543,0.8562513608771543,0.8562513608771543,0.8362513608771542,0.8362513608771542,0.8362513608771542,0.8262513608771542,0.8262513608771542,0.8362513608771542,0.8262513608771542
957,0.9407800241123687,0.9507800241123687,0.9507800241123687,0.9607800241123687,0.9607800241123687,0.9807800241123688,0.9707800241123687,0.9707800241123687,0.9607800241123687,0.9807800241123688,0.9757800241123687,0.9657800241123687,0.9657800241123687
958,0.7927232695879627,0.7827232695879627,0.7927232695879627,0.7827232695879627,0.7927232695879627,0.7927232695879627,0.7727232695879627,0.7727232695879627,0.7727232695879627,0.7627232695879627,0.7627232695879627,0.7627232695879627,0.7527232695879627
959,0.8633973799587963,0.8633973799587963,0.8733973799587963,0.8733973799587963,0.8633973799587963,0.8533973799587963,0.8633973799587963,0.8633973799587963,0.8433973799587963,0.8633973799587963,0.8633973799587963,0.8533973799587963,0.8533973799587963
960,0.8039685893836185,0.8139685893836185,0.8139685893836185,0.8139685893836185,0.8139685893836185,0.8139685893836185,0.8139685893836185,0.7939685893836185,0.7939685893836185,0.7939685893836185,0.7939685893836185,0.7839685893836185,0.7839685893836185
961,0.8453928239948248,0.8353928239948248,0.8353928239948248,0.8353928239948248,0.8253928239948248,0.8153928239948248,0.8053928239948248,0.8053928239948248,0.8103928239948248,0.8103928239948248,0.8203928239948248,0.8203928239948248,0.8203928239948248
962,0.8289600428438764,0.8189600428438764,0.8189600428438764,0.8289600428438764,0.8189600428438764,0.8089600428438763,0.7889600428438763,0.7889600428438763,0.7889600428438763,0.7939600428438763,0.8039600428438763,0.8039600428438763,0.7939600428438763
963,0.7900534841597042,0.8100534841597042,0.8000534841597042,0.7800534841597042,0.7800534841597042,0.7800534841597042,0.7900534841597042,0.7900534841597042,0.7900534841597042,0.7900534841597042,0.7700534841597042,0.7700534841597042,0.7800534841597042
964,0.7963767069041168,0.7963767069041168,0.7863767069041168,0.8163767069041168,0.8063767069041168,0.7963767069041168,0.7963767069041168,0.7963767069041168,0.8063767069041168,0.8063767069041168,0.8163767069041168,0.8063767069041168,0.7963767069041168
965,0.8167732926926073,0.8167732926926073,0.7867732926926073,0.7967732926926073,0.7867732926926073,0.8017732926926073,0.8017732926926073,0.8017732926926073,0.8117732926926073,0.7917732926926073,0.7917732926926073,0.8117732926926073,0.8117732926926073
966,0.9666094777956624,0.9366094777956624,0.9366094777956624,0.9366094777956624,0.9266094777956624,0.9316094777956624,0.9316094777956624,0.9416094777956624,0.9416094777956624,0.9416094777956624,0.9416094777956624,0.9416094777956624,0.9516094777956624
967,0.8151193887221435,0.8251193887221435,0.8251193887221435,0.8451193887221435,0.8301193887221435,0.8301193887221435,0.8201193887221435,0.8201193887221435,0.8201193887221435,0.8201193887221435,0.8101193887221435,0.8101193887221435,0.8101193887221435
968,0.8440673736645989,0.854067373664599,0.864067373664599,0.864067373664599,0.864067373664599,0.874067373664599,0.859067373664599,0.879067373664599,0.879067373664599,0.869067373664599,0.879067373664599,0.859067373664599,0.859067373664599
969,0.7938815985475739,0.8138815985475739,0.8238815985475739,0.8238815985475739,0.8238815985475739,0.8138815985475739,0.7938815985475739,0.7938815985475739,0.7938815985475739,0.7838815985475739,0.7838815985475739,0.7938815985475739,0.7838815985475739
970,0.8794956493311309,0.8694956493311309,0.8594956493311309,0.8594956493311309,0.8894956493311309,0.8894956493311309,0.8794956493311309,0.8794956493311309,0.8694956493311309,0.8694956493311309,0.8694956493311309,0.8494956493311309,0.8394956493311309
971,0.7883059227352388,0.7983059227352388,0.8183059227352388,0.8183059227352388,0.8033059227352388,0.8033059227352388,0.8033059227352388,0.8133059227352388,0.8033059227352388,0.8033059227352388,0.8033059227352388,0.7933059227352388,0.7633059227352388
972,0.868429500338441,0.858429500338441,0.848429500338441,0.848429500338441,0.838429500338441,0.828429500338441,0.868429500338441,0.868429500338441,0.868429500338441,0.868429500338441,0.868429500338441,0.868429500338441,0.848429500338441
973,0.7576505016459852,0.7676505016459853,0.7776505016459853,0.7876505016459853,0.7976505016459853,0.7776505016459853,0.7776505016459853,0.7776505016459853,0.7876505016459853,0.7776505016459853,0.7676505016459853,0.7776505016459853,0.7676505016459853
974,0.813379352916656,0.793379352916656,0.793379352916656,0.783379352916656,0.793379352916656,0.793379352916656,0.793379352916656,0.783379352916656,0.7733793529166559,0.7733793529166559,0.7733793529166559,0.7783793529166559,0.788379352916656
975,0.864759794492205,0.864759794492205,0.874759794492205,0.864759794492205,0.874759794492205,0.874759794492205,0.874759794492205,0.874759794492205,0.874759794492205,0.874759794492205,0.884759794492205,0.904759794492205,0.899759794492205
976,0.930254977292986,0.940254977292986,0.950254977292986,0.940254977292986,0.920254977292986,0.920254977292986,0.920254977292986,0.920254977292986,0.920254977292986,0.920254977292986,0.910254977292986,0.910254977292986,0.910254977292986
977,0.8361817930653468,0.8261817930653468,0.8261817930653468,0.8361817930653468,0.8361817930653468,0.8461817930653468,0.8461817930653468,0.8461817930653468,0.8361817930653468,0.8361817930653468,0.8361817930653468,0.8161817930653468,0.8161817930653468
978,0.7842709692837699,0.7842709692837699,0.7842709692837699,0.79427096928377,0.7742709692837699,0.7642709692837699,0.7742709692837699,0.7842709692837699,0.7842709692837699,0.7742709692837699,0.7742709692837699,0.7642709692837699,0.7742709692837699
979,0.7748123142092121,0.7548123142092121,0.7548123142092121,0.7548123142092121,0.7448123142092121,0.7748123142092121,0.7448123142092121,0.7348123142092121,0.7348123142092121,0.7348123142092121,0.7398123142092121,0.7498123142092121,0.7498123142092121
980,0.8558052512878607,0.8558052512878607,0.8558052512878607,0.8458052512878607,0.8558052512878607,0.8558052512878607,0.8658052512878607,0.8458052512878607,0.8558052512878607,0.8458052512878607,0.8258052512878606,0.8358052512878607,0.8458052512878607
981,0.8433851761594802,0.8433851761594802,0.8333851761594802,0.8333851761594802,0.8033851761594801,0.8333851761594802,0.8233851761594801,0.8133851761594801,0.8333851761594802,0.8433851761594802,0.8433851761594802,0.8433851761594802,0.8533851761594802
982,0.8984575326102718,0.9084575326102718,0.9084575326102718,0.9084575326102718,0.9084575326102718,0.8884575326102718,0.8684575326102718,0.8884575326102718,0.8784575326102718,0.8784575326102718,0.8784575326102718,0.8784575326102718,0.9184575326102719
983,0.8716499198647955,0.8716499198647955,0.8516499198647954,0.8516499198647954,0.8516499198647954,0.8516499198647954,0.8316499198647954,0.8366499198647954,0.8466499198647954,0.8566499198647954,0.8466499198647954,0.8466499198647954,0.8466499198647954
984,0.8726027489841941,0.8526027489841941,0.8426027489841941,0.8426027489841941,0.8526027489841941,0.8426027489841941,0.8426027489841941,0.8426027489841941,0.8576027489841941,0.8576027489841941,0.8576027489841941,0.8776027489841941,0.8776027489841941
985,0.8393460837143798,0.8393460837143798,0.8393460837143798,0.8393460837143798,0.8393460837143798,0.8293460837143798,0.8293460837143798,0.8193460837143798,0.8193460837143798,0.8193460837143798,0.8293460837143798,0.8393460837143798,0.8393460837143798
986,0.7248557247405207,0.7048557247405207,0.7048557247405207,0.7248557247405207,0.7148557247405207,0.7348557247405207,0.7348557247405207,0.7348557247405207,0.7448557247405208,0.7448557247405208,0.7448557247405208,0.7548557247405208,0.7548557247405208
987,0.7714175687729096,0.7714175687729096,0.7714175687729096,0.7714175687729096,0.7814175687729096,0.7914175687729096,0.8114175687729096,0.8064175687729096,0.7964175687729096,0.7764175687729096,0.7764175687729096,0.7664175687729096,0.7564175687729096
988,0.8588419921321269,0.8588419921321269,0.8588419921321269,0.8488419921321269,0.8388419921321268,0.8188419921321268,0.8188419921321268,0.8238419921321268,0.8238419921321268,0.8438419921321269,0.8438419921321269,0.8538419921321269,0.8538419921321269
989,0.8243409453894268,0.8343409453894268,0.8343409453894268,0.8543409453894268,0.8543409453894268,0.8543409453894268,0.8393409453894268,0.8393409453894268,0.8293409453894268,0.8293409453894268,0.8293409453894268,0.8193409453894268,0.8093409453894268
990,0.8838502991865185,0.8638502991865185,0.8738502991865185,0.8738502991865185,0.8738502991865185,0.8638502991865185,0.8638502991865185,0.8838502991865185,0.8738502991865185,0.8838502991865185,0.9038502991865185,0.9238502991865185,0.9138502991865185
991,0.8049262987099095,0.8149262987099095,0.8149262987099095,0.8249262987099095,0.8249262987099095,0.8249262987099095,0.8249262987099095,0.8349262987099095,0.8449262987099095,0.8399262987099095,0.8399262987099095,0.8299262987099095,0.8299262987099095
992,0.8623639728558287,0.8723639728558287,0.8723639728558287,0.8723639728558287,0.9023639728558287,0.9023639728558287,0.8823639728558287,0.8723639728558287,0.8623639728558287,0.8623639728558287,0.8523639728558287,0.8523639728558287,0.8423639728558286
993,0.6907707656121842,0.7207707656121842,0.7057707656121842,0.7157707656121842,0.7057707656121842,0.7357707656121842,0.7257707656121842,0.7157707656121842,0.7057707656121842,0.6957707656121842,0.7057707656121842,0.6957707656121842,0.6957707656121842
994,0.7967891519652299,0.8067891519652299,0.8067891519652299,0.7967891519652299,0.7967891519652299,0.8067891519652299,0.8167891519652299,0.83678915196523,0.83678915196523,0.83178915196523,0.83178915196523,0.83178915196523,0.83178915196523
995,0.8495976757088655,0.8495976757088655,0.8095976757088654,0.8145976757088654,0.8345976757088654,0.8245976757088654,0.8145976757088654,0.8145976757088654,0.8145976757088654,0.8245976757088654,0.8245976757088654,0.8245976757088654,0.8245976757088654
996,0.8328388415697369,0.8328388415697369,0.8328388415697369,0.8328388415697369,0.8428388415697369,0.8528388415697369,0.8428388415697369,0.8128388415697368,0.8028388415697368,0.8028388415697368,0.8028388415697368,0.8028388415697368,0.8228388415697369
997,0.7747741238270794,0.7747741238270794,0.7847741238270795,0.7847741238270795,0.7947741238270795,0.7847741238270795,0.8047741238270795,0.7897741238270795,0.7897741238270795,0.7997741238270795,0.8197741238270795,0.8197741238270795,0.7997741238270795
998,0.8558349358577595,0.8458349358577595,0.8558349358577595,0.8858349358577595,0.8858349358577595,0.8758349358577595,0.8758349358577595,0.8558349358577595,0.8758349358577595,0.8508349358577595,0.8408349358577595,0.8408349358577595,0.8408349358577595
999,0.8336684348321175,0.8336684348321175,0.8336684348321175,0.8136684348321175,0.8036684348321175,0.8186684348321175,0.8186684348321175,0.8086684348321175,0.8086684348321175,0.8186684348321175,0.8086684348321175,0.8086684348321175,0.8086684348321175
