Time Step,Simulation,0,2,4,6,8,10,12,14,16,18,20,22
0,0.8393826942112504,0.8393826942112504,0.8393826942112504,0.8593826942112505,0.8793826942112505,0.8793826942112505,0.8793826942112505,0.8743826942112505,0.8643826942112505,0.8643826942112505,0.8443826942112505,0.8543826942112505,0.8643826942112505
1,0.8675399285183881,0.8675399285183881,0.8575399285183881,0.8475399285183881,0.8275399285183881,0.8275399285183881,0.8275399285183881,0.8375399285183881,0.8375399285183881,0.8525399285183881,0.8425399285183881,0.8225399285183881,0.8425399285183881
2,0.893631599715419,0.893631599715419,0.8836315997154189,0.8736315997154189,0.8636315997154189,0.8736315997154189,0.8636315997154189,0.8736315997154189,0.8736315997154189,0.8736315997154189,0.8736315997154189,0.8836315997154189,0.8836315997154189
3,0.8319475678108815,0.8319475678108815,0.8319475678108815,0.8219475678108815,0.8119475678108815,0.8219475678108815,0.8319475678108815,0.8419475678108815,0.8119475678108815,0.8219475678108815,0.8219475678108815,0.8219475678108815,0.8319475678108815
4,0.8235369808813376,0.8235369808813376,0.8235369808813376,0.8535369808813377,0.8635369808813377,0.8535369808813377,0.8335369808813377,0.8435369808813377,0.8335369808813377,0.8335369808813377,0.8335369808813377,0.8335369808813377,0.8235369808813376
5,0.8900867737213783,0.8900867737213783,0.8900867737213783,0.9000867737213784,0.9000867737213784,0.9100867737213784,0.8800867737213783,0.8800867737213783,0.8800867737213783,0.8800867737213783,0.8800867737213783,0.8900867737213783,0.8900867737213783
6,0.7955152136837988,0.7955152136837988,0.7955152136837988,0.8255152136837989,0.8155152136837989,0.7905152136837988,0.7705152136837988,0.7805152136837988,0.7905152136837988,0.7905152136837988,0.7905152136837988,0.7705152136837988,0.7705152136837988
7,0.8135005144622047,0.8135005144622047,0.8135005144622047,0.8135005144622047,0.8235005144622047,0.7835005144622047,0.7985005144622047,0.8085005144622047,0.8085005144622047,0.7985005144622047,0.7885005144622047,0.7885005144622047,0.7985005144622047
8,0.8405113773821016,0.8505113773821016,0.8405113773821016,0.8405113773821016,0.8205113773821016,0.8305113773821016,0.8305113773821016,0.8505113773821016,0.8705113773821016,0.8705113773821016,0.8605113773821016,0.8405113773821016,0.8505113773821016
9,0.892740203625753,0.882740203625753,0.902740203625753,0.902740203625753,0.882740203625753,0.862740203625753,0.852740203625753,0.852740203625753,0.862740203625753,0.872740203625753,0.862740203625753,0.862740203625753,0.882740203625753
10,0.8189562914114106,0.8089562914114106,0.7989562914114106,0.8289562914114106,0.8389562914114106,0.8589562914114106,0.8589562914114106,0.8589562914114106,0.8589562914114106,0.8589562914114106,0.8489562914114106,0.8489562914114106,0.8489562914114106
11,0.8801004820796271,0.8801004820796271,0.8601004820796271,0.8701004820796271,0.8701004820796271,0.8701004820796271,0.8701004820796271,0.8501004820796271,0.8401004820796271,0.8451004820796271,0.8551004820796271,0.8551004820796271,0.8451004820796271
12,0.8491424728586502,0.8491424728586502,0.8491424728586502,0.8391424728586502,0.8391424728586502,0.8491424728586502,0.8191424728586502,0.8191424728586502,0.8191424728586502,0.8291424728586502,0.8191424728586502,0.8341424728586502,0.8241424728586502
13,0.8122931456373785,0.8122931456373785,0.8222931456373785,0.8222931456373785,0.8122931456373785,0.8122931456373785,0.8322931456373786,0.8322931456373786,0.8222931456373785,0.8422931456373786,0.8322931456373786,0.8222931456373785,0.8122931456373785
14,0.8235031972827273,0.8235031972827273,0.8235031972827273,0.8335031972827273,0.8335031972827273,0.8135031972827272,0.8235031972827273,0.8235031972827273,0.8535031972827273,0.8535031972827273,0.8535031972827273,0.8435031972827273,0.8185031972827272
15,0.9324827616405301,0.9524827616405301,0.9524827616405301,0.9424827616405301,0.9324827616405301,0.9324827616405301,0.9424827616405301,0.9524827616405301,0.9524827616405301,0.9524827616405301,0.9424827616405301,0.9424827616405301,0.9524827616405301
16,0.9146408685928054,0.9146408685928054,0.9046408685928053,0.9046408685928053,0.9046408685928053,0.9246408685928054,0.8946408685928053,0.8946408685928053,0.8946408685928053,0.8946408685928053,0.9046408685928053,0.9146408685928054,0.8946408685928053
17,0.81794802889704,0.83794802889704,0.84794802889704,0.83794802889704,0.82794802889704,0.81794802889704,0.80794802889704,0.81794802889704,0.81794802889704,0.80794802889704,0.80794802889704,0.80794802889704,0.80794802889704
18,0.8554683947921756,0.8554683947921756,0.8454683947921756,0.8654683947921756,0.8654683947921756,0.8354683947921756,0.8454683947921756,0.8454683947921756,0.8454683947921756,0.8554683947921756,0.8454683947921756,0.8254683947921756,0.8254683947921756
19,0.8483675849399408,0.8483675849399408,0.8483675849399408,0.8483675849399408,0.8483675849399408,0.8483675849399408,0.8183675849399408,0.8333675849399408,0.8333675849399408,0.8433675849399408,0.8233675849399408,0.8433675849399408,0.8733675849399408
20,0.8840263901142181,0.8940263901142181,0.8840263901142181,0.8740263901142181,0.8540263901142181,0.8540263901142181,0.8690263901142181,0.8690263901142181,0.8890263901142181,0.9090263901142182,0.9090263901142182,0.9190263901142182,0.9190263901142182
21,0.871909257373487,0.891909257373487,0.881909257373487,0.851909257373487,0.871909257373487,0.871909257373487,0.881909257373487,0.881909257373487,0.891909257373487,0.901909257373487,0.886909257373487,0.896909257373487,0.886909257373487
22,0.8928491806960517,0.8828491806960517,0.8828491806960517,0.8828491806960517,0.8828491806960517,0.8828491806960517,0.8728491806960517,0.8828491806960517,0.8728491806960517,0.8728491806960517,0.8628491806960517,0.8728491806960517,0.8928491806960517
23,0.7679898577815195,0.7679898577815195,0.7679898577815195,0.7879898577815195,0.7979898577815195,0.7879898577815195,0.7979898577815195,0.7979898577815195,0.7779898577815195,0.7429898577815195,0.7429898577815195,0.7629898577815195,0.7529898577815195
24,0.8673635825083542,0.8673635825083542,0.8673635825083542,0.8673635825083542,0.8573635825083542,0.8373635825083542,0.8373635825083542,0.8373635825083542,0.8373635825083542,0.8523635825083542,0.8423635825083542,0.8423635825083542,0.8623635825083542
25,0.8116859104152285,0.8316859104152285,0.8216859104152285,0.8316859104152285,0.8316859104152285,0.8216859104152285,0.8516859104152286,0.8516859104152286,0.8216859104152285,0.8216859104152285,0.8416859104152286,0.8516859104152286,0.8216859104152285
26,0.890461277341092,0.890461277341092,0.890461277341092,0.890461277341092,0.890461277341092,0.870461277341092,0.870461277341092,0.870461277341092,0.890461277341092,0.890461277341092,0.880461277341092,0.860461277341092,0.850461277341092
27,0.8965695259714561,0.8965695259714561,0.9165695259714561,0.9165695259714561,0.9165695259714561,0.9165695259714561,0.9165695259714561,0.9165695259714561,0.8915695259714561,0.8615695259714561,0.8615695259714561,0.8615695259714561,0.8715695259714561
28,0.819785985984613,0.819785985984613,0.819785985984613,0.8397859859846131,0.8397859859846131,0.8297859859846131,0.819785985984613,0.8297859859846131,0.819785985984613,0.8397859859846131,0.8497859859846131,0.8497859859846131,0.8597859859846131
29,0.8784085419770157,0.8884085419770157,0.8884085419770157,0.8984085419770157,0.8984085419770157,0.8984085419770157,0.8984085419770157,0.9184085419770157,0.9134085419770157,0.9034085419770157,0.9034085419770157,0.8834085419770157,0.8734085419770157
30,0.8630831285761673,0.8730831285761673,0.8730831285761673,0.8730831285761673,0.8630831285761673,0.8730831285761673,0.8730831285761673,0.8830831285761673,0.8830831285761673,0.8730831285761673,0.8630831285761673,0.8630831285761673,0.8630831285761673
31,0.8267523443356914,0.8267523443356914,0.8267523443356914,0.8567523443356915,0.8567523443356915,0.8567523443356915,0.8567523443356915,0.8667523443356915,0.8367523443356915,0.8267523443356914,0.8267523443356914,0.8367523443356915,0.8367523443356915
32,0.8222865367671875,0.8322865367671876,0.8322865367671876,0.8422865367671876,0.8322865367671876,0.8222865367671875,0.7922865367671875,0.7922865367671875,0.7922865367671875,0.8022865367671875,0.7822865367671875,0.7822865367671875,0.7922865367671875
33,0.7656022383085831,0.7556022383085831,0.7356022383085831,0.7456022383085831,0.7756022383085831,0.7656022383085831,0.7656022383085831,0.7856022383085831,0.7856022383085831,0.7656022383085831,0.7556022383085831,0.7556022383085831,0.7756022383085831
34,0.8375742112295341,0.8375742112295341,0.8375742112295341,0.8275742112295341,0.8175742112295341,0.8275742112295341,0.8275742112295341,0.8275742112295341,0.8175742112295341,0.8275742112295341,0.8275742112295341,0.8275742112295341,0.8475742112295341
35,0.8151018060188346,0.8251018060188346,0.8251018060188346,0.8151018060188346,0.8451018060188347,0.8451018060188347,0.8451018060188347,0.8351018060188347,0.8351018060188347,0.8251018060188346,0.8251018060188346,0.8151018060188346,0.8151018060188346
36,0.8281550577573218,0.8181550577573218,0.8281550577573218,0.8281550577573218,0.8281550577573218,0.8181550577573218,0.8181550577573218,0.8381550577573218,0.8481550577573218,0.8381550577573218,0.8481550577573218,0.8381550577573218,0.8681550577573218
37,0.8338357350969485,0.8338357350969485,0.8238357350969485,0.8238357350969485,0.8338357350969485,0.8338357350969485,0.8538357350969485,0.8538357350969485,0.8638357350969486,0.8538357350969485,0.8538357350969485,0.8538357350969485,0.8438357350969485
38,0.8761250187364537,0.8661250187364536,0.8561250187364536,0.8811250187364537,0.8811250187364537,0.8711250187364536,0.8711250187364536,0.8611250187364536,0.8511250187364536,0.8511250187364536,0.8511250187364536,0.8411250187364536,0.8511250187364536
39,0.9562358554975715,0.9562358554975715,0.9862358554975715,0.9862358554975715,0.9762358554975715,0.9762358554975715,0.9762358554975715,0.9862358554975715,0.9962358554975715,0.9912358554975715,0.9812358554975715,0.9612358554975715,0.9612358554975715
40,0.8734460300864954,0.8734460300864954,0.8834460300864954,0.8834460300864954,0.8934460300864954,0.8934460300864954,0.9134460300864954,0.9134460300864954,0.9134460300864954,0.9084460300864954,0.8684460300864953,0.8284460300864953,0.8284460300864953
41,0.8629686969747149,0.8629686969747149,0.8629686969747149,0.8529686969747149,0.8529686969747149,0.8429686969747149,0.8429686969747149,0.8529686969747149,0.8529686969747149,0.8529686969747149,0.8529686969747149,0.8429686969747149,0.8429686969747149
42,0.8170922989734198,0.7970922989734198,0.7970922989734198,0.8070922989734198,0.8170922989734198,0.8270922989734198,0.8270922989734198,0.8170922989734198,0.8270922989734198,0.8270922989734198,0.8370922989734199,0.8370922989734199,0.8370922989734199
43,0.7873736406691918,0.7773736406691918,0.7673736406691918,0.7573736406691918,0.7573736406691918,0.7473736406691918,0.7573736406691918,0.7573736406691918,0.7473736406691918,0.7473736406691918,0.7573736406691918,0.7573736406691918,0.7573736406691918
44,0.8407796568426198,0.8407796568426198,0.8107796568426198,0.8007796568426198,0.8007796568426198,0.8057796568426198,0.8157796568426198,0.8257796568426198,0.8157796568426198,0.8057796568426198,0.8157796568426198,0.8157796568426198,0.8157796568426198
45,0.8209448352943415,0.8109448352943415,0.8109448352943415,0.8109448352943415,0.8209448352943415,0.8109448352943415,0.8209448352943415,0.8109448352943415,0.8009448352943415,0.8009448352943415,0.7809448352943414,0.7809448352943414,0.7909448352943415
46,0.8805178594563925,0.8705178594563925,0.8705178594563925,0.8705178594563925,0.8705178594563925,0.8605178594563925,0.8705178594563925,0.8705178594563925,0.8705178594563925,0.8905178594563925,0.8805178594563925,0.9005178594563925,0.9205178594563925
47,0.8638211991120289,0.8538211991120289,0.8538211991120289,0.8338211991120289,0.8238211991120289,0.8238211991120289,0.8238211991120289,0.8438211991120289,0.8438211991120289,0.8538211991120289,0.8438211991120289,0.8438211991120289,0.8438211991120289
48,0.812970555317322,0.812970555317322,0.802970555317322,0.802970555317322,0.802970555317322,0.802970555317322,0.832970555317322,0.852970555317322,0.847970555317322,0.847970555317322,0.847970555317322,0.847970555317322,0.847970555317322
49,0.8706793749466127,0.8806793749466127,0.8806793749466127,0.8606793749466127,0.8606793749466127,0.8906793749466128,0.8906793749466128,0.8906793749466128,0.8906793749466128,0.9006793749466128,0.9006793749466128,0.9006793749466128,0.9106793749466128
50,0.82842509520716,0.82842509520716,0.84842509520716,0.86842509520716,0.86842509520716,0.84842509520716,0.83842509520716,0.83842509520716,0.82842509520716,0.82842509520716,0.82842509520716,0.82842509520716,0.82842509520716
51,0.8311605988389879,0.8311605988389879,0.8411605988389879,0.8211605988389878,0.8211605988389878,0.8111605988389878,0.8211605988389878,0.8111605988389878,0.8311605988389879,0.8311605988389879,0.8111605988389878,0.8311605988389879,0.8311605988389879
52,0.8673541135495343,0.8673541135495343,0.8673541135495343,0.8673541135495343,0.8673541135495343,0.8473541135495343,0.8473541135495343,0.8273541135495343,0.8473541135495343,0.8723541135495343,0.8823541135495343,0.9023541135495343,0.9123541135495343
53,0.8801334908754547,0.9101334908754547,0.8951334908754547,0.8951334908754547,0.8751334908754547,0.8651334908754547,0.8651334908754547,0.8751334908754547,0.8751334908754547,0.8751334908754547,0.8651334908754547,0.8351334908754546,0.8351334908754546
54,0.8206699633986745,0.8206699633986745,0.8106699633986745,0.8106699633986745,0.8106699633986745,0.8306699633986745,0.8206699633986745,0.8006699633986745,0.8106699633986745,0.8006699633986745,0.8006699633986745,0.8106699633986745,0.8006699633986745
55,0.8351222559643976,0.8551222559643976,0.8551222559643976,0.8551222559643976,0.8451222559643976,0.8451222559643976,0.8551222559643976,0.8451222559643976,0.8451222559643976,0.8351222559643976,0.8351222559643976,0.8451222559643976,0.8451222559643976
56,0.8223704687193387,0.8223704687193387,0.8323704687193387,0.8523704687193387,0.8323704687193387,0.8323704687193387,0.8323704687193387,0.8223704687193387,0.8123704687193387,0.8123704687193387,0.8023704687193387,0.8023704687193387,0.7923704687193387
57,0.841826260599946,0.831826260599946,0.831826260599946,0.831826260599946,0.831826260599946,0.841826260599946,0.841826260599946,0.831826260599946,0.831826260599946,0.821826260599946,0.821826260599946,0.811826260599946,0.811826260599946
58,0.8663201403884656,0.8763201403884656,0.8963201403884656,0.8863201403884656,0.8763201403884656,0.8663201403884656,0.8463201403884656,0.8563201403884656,0.8463201403884656,0.8463201403884656,0.8563201403884656,0.8663201403884656,0.8963201403884656
59,0.8353805320939537,0.7953805320939537,0.8003805320939537,0.8003805320939537,0.8103805320939537,0.8003805320939537,0.8003805320939537,0.8003805320939537,0.8103805320939537,0.8103805320939537,0.8103805320939537,0.8203805320939537,0.8303805320939537
60,0.857209005708522,0.857209005708522,0.847209005708522,0.847209005708522,0.847209005708522,0.837209005708522,0.847209005708522,0.827209005708522,0.847209005708522,0.867209005708522,0.867209005708522,0.857209005708522,0.847209005708522
61,0.8122891459452137,0.8122891459452137,0.8222891459452137,0.8222891459452137,0.8322891459452137,0.8422891459452138,0.8422891459452138,0.8422891459452138,0.8322891459452137,0.8322891459452137,0.8322891459452137,0.8522891459452138,0.8472891459452138
62,0.7999781148380242,0.7999781148380242,0.7999781148380242,0.8099781148380242,0.8399781148380242,0.8399781148380242,0.8399781148380242,0.8399781148380242,0.8399781148380242,0.8349781148380242,0.8249781148380242,0.8349781148380242,0.8149781148380242
63,0.9440202813703105,0.9440202813703105,0.9540202813703105,0.9340202813703105,0.9440202813703105,0.9440202813703105,0.9340202813703105,0.9540202813703105,0.9540202813703105,0.9540202813703105,0.9440202813703105,0.9540202813703105,0.9640202813703105
64,0.8659005437834753,0.8359005437834752,0.8259005437834752,0.8359005437834752,0.8359005437834752,0.8359005437834752,0.8359005437834752,0.8459005437834752,0.8259005437834752,0.8359005437834752,0.8559005437834752,0.8559005437834752,0.8359005437834752
65,0.7758001285056586,0.7858001285056586,0.7758001285056586,0.7758001285056586,0.7758001285056586,0.7958001285056586,0.7758001285056586,0.7758001285056586,0.7758001285056586,0.7858001285056586,0.7758001285056586,0.7658001285056586,0.7558001285056586
66,0.935580927729672,0.905580927729672,0.905580927729672,0.905580927729672,0.895580927729672,0.900580927729672,0.910580927729672,0.910580927729672,0.910580927729672,0.910580927729672,0.920580927729672,0.910580927729672,0.890580927729672
67,0.818546153904111,0.808546153904111,0.808546153904111,0.818546153904111,0.818546153904111,0.818546153904111,0.818546153904111,0.828546153904111,0.838546153904111,0.838546153904111,0.838546153904111,0.848546153904111,0.833546153904111
68,0.8674508968553634,0.8474508968553633,0.8374508968553633,0.8524508968553633,0.8624508968553634,0.8824508968553634,0.8824508968553634,0.8924508968553634,0.9024508968553634,0.9024508968553634,0.9024508968553634,0.9024508968553634,0.9024508968553634
69,0.8697491691353703,0.8797491691353703,0.8897491691353703,0.8897491691353703,0.8697491691353703,0.8797491691353703,0.8797491691353703,0.8997491691353703,0.8597491691353703,0.8397491691353702,0.8397491691353702,0.8497491691353702,0.8297491691353702
70,0.8929046609212724,0.8529046609212724,0.8529046609212724,0.8529046609212724,0.8529046609212724,0.8529046609212724,0.8529046609212724,0.8579046609212724,0.8579046609212724,0.8679046609212724,0.8879046609212724,0.8579046609212724,0.8679046609212724
71,0.8547918085419476,0.8347918085419476,0.8347918085419476,0.8147918085419475,0.8197918085419476,0.8297918085419476,0.8497918085419476,0.8497918085419476,0.8497918085419476,0.8797918085419476,0.8597918085419476,0.8597918085419476,0.8797918085419476
72,0.7589899761559521,0.7589899761559521,0.7589899761559521,0.7589899761559521,0.7689899761559521,0.7389899761559521,0.7289899761559521,0.7389899761559521,0.7389899761559521,0.7589899761559521,0.7389899761559521,0.7389899761559521,0.7389899761559521
73,0.819037227639519,0.809037227639519,0.819037227639519,0.809037227639519,0.819037227639519,0.819037227639519,0.809037227639519,0.799037227639519,0.799037227639519,0.799037227639519,0.789037227639519,0.779037227639519,0.789037227639519
74,0.8164816070345049,0.8264816070345049,0.8164816070345049,0.8164816070345049,0.8264816070345049,0.8364816070345049,0.8364816070345049,0.8364816070345049,0.8264816070345049,0.8264816070345049,0.8264816070345049,0.8264816070345049,0.8064816070345049
75,0.9085231904206659,0.9185231904206659,0.9285231904206659,0.9285231904206659,0.9385231904206659,0.9485231904206659,0.9385231904206659,0.9285231904206659,0.9285231904206659,0.9285231904206659,0.9285231904206659,0.9185231904206659,0.9485231904206659
76,0.8465355666726575,0.8465355666726575,0.8465355666726575,0.8665355666726575,0.8415355666726575,0.8415355666726575,0.8415355666726575,0.8415355666726575,0.8415355666726575,0.8415355666726575,0.8415355666726575,0.8415355666726575,0.8615355666726575
77,0.899514378818083,0.889514378818083,0.889514378818083,0.899514378818083,0.9095143788180831,0.9095143788180831,0.9095143788180831,0.9095143788180831,0.9095143788180831,0.899514378818083,0.899514378818083,0.889514378818083,0.889514378818083
78,0.8043798046218409,0.8043798046218409,0.8443798046218409,0.8443798046218409,0.8443798046218409,0.8443798046218409,0.8443798046218409,0.8443798046218409,0.8393798046218409,0.8293798046218409,0.8193798046218409,0.8293798046218409,0.8093798046218409
79,0.9852984524311252,0.9852984524311252,0.9952984524311252,0.9952984524311252,0.9952984524311252,0.9852984524311252,0.9652984524311252,0.9652984524311252,0.9652984524311252,0.9652984524311252,0.9652984524311252,0.9652984524311252,0.9652984524311252
80,0.873217906786589,0.8632179067865889,0.8632179067865889,0.8632179067865889,0.8432179067865889,0.8332179067865889,0.8332179067865889,0.8432179067865889,0.8432179067865889,0.8582179067865889,0.8582179067865889,0.878217906786589,0.888217906786589
81,0.874028969148815,0.864028969148815,0.864028969148815,0.864028969148815,0.834028969148815,0.864028969148815,0.864028969148815,0.864028969148815,0.874028969148815,0.864028969148815,0.864028969148815,0.874028969148815,0.884028969148815
82,0.8061307439613165,0.8061307439613165,0.8061307439613165,0.8061307439613165,0.7861307439613164,0.7761307439613164,0.7761307439613164,0.7761307439613164,0.7761307439613164,0.7861307439613164,0.8161307439613165,0.8161307439613165,0.8161307439613165
83,0.8388899075656561,0.8388899075656561,0.8388899075656561,0.8488899075656561,0.8388899075656561,0.8588899075656561,0.8488899075656561,0.8488899075656561,0.8488899075656561,0.8588899075656561,0.8588899075656561,0.8588899075656561,0.818889907565656
84,0.8508712833083004,0.8408712833083004,0.8408712833083004,0.8408712833083004,0.8208712833083004,0.8358712833083004,0.8458712833083004,0.8458712833083004,0.8558712833083004,0.8658712833083004,0.8758712833083004,0.8658712833083004,0.8658712833083004
85,0.8739830579867354,0.8739830579867354,0.8539830579867353,0.8439830579867353,0.8539830579867353,0.8639830579867354,0.8639830579867354,0.8639830579867354,0.8539830579867353,0.8539830579867353,0.8439830579867353,0.8539830579867353,0.8639830579867354
86,0.8745097440189572,0.8745097440189572,0.8645097440189572,0.8645097440189572,0.8645097440189572,0.8545097440189572,0.8645097440189572,0.8745097440189572,0.8745097440189572,0.8545097440189572,0.8645097440189572,0.8545097440189572,0.8545097440189572
87,0.8255293728577597,0.8255293728577597,0.8155293728577597,0.8155293728577597,0.8155293728577597,0.8155293728577597,0.8155293728577597,0.8155293728577597,0.8255293728577597,0.8255293728577597,0.7955293728577597,0.8105293728577597,0.8005293728577597
88,0.8636392764077059,0.8536392764077059,0.8436392764077059,0.8436392764077059,0.8636392764077059,0.8636392764077059,0.8736392764077059,0.8736392764077059,0.8736392764077059,0.8836392764077059,0.8836392764077059,0.8936392764077059,0.8786392764077059
89,0.8632075644370842,0.8832075644370843,0.8832075644370843,0.8832075644370843,0.9032075644370843,0.8982075644370843,0.8882075644370843,0.8682075644370842,0.8682075644370842,0.8482075644370842,0.8582075644370842,0.8582075644370842,0.8482075644370842
90,0.8143797196427975,0.8143797196427975,0.8043797196427975,0.7843797196427975,0.7993797196427975,0.7993797196427975,0.7993797196427975,0.7993797196427975,0.8093797196427975,0.8093797196427975,0.8193797196427975,0.8193797196427975,0.8093797196427975
91,0.8658278535333507,0.8858278535333507,0.8958278535333507,0.9058278535333507,0.8958278535333507,0.8958278535333507,0.8958278535333507,0.8808278535333507,0.8708278535333507,0.9008278535333507,0.8808278535333507,0.8808278535333507,0.8808278535333507
92,0.8503938447167539,0.8203938447167539,0.8103938447167539,0.8153938447167539,0.8253938447167539,0.8153938447167539,0.8253938447167539,0.8153938447167539,0.8153938447167539,0.8153938447167539,0.8253938447167539,0.8153938447167539,0.8353938447167539
93,0.7528675605692243,0.7428675605692243,0.7528675605692243,0.7528675605692243,0.7528675605692243,0.7428675605692243,0.7428675605692243,0.7428675605692243,0.7528675605692243,0.7628675605692243,0.7528675605692243,0.7628675605692243,0.7628675605692243
94,0.8719838770575571,0.8719838770575571,0.8719838770575571,0.8619838770575571,0.8619838770575571,0.8619838770575571,0.8519838770575571,0.8619838770575571,0.8619838770575571,0.8619838770575571,0.8619838770575571,0.8619838770575571,0.8519838770575571
95,0.9072200275261482,0.9072200275261482,0.8972200275261482,0.8972200275261482,0.9072200275261482,0.8972200275261482,0.9072200275261482,0.9172200275261482,0.9372200275261482,0.9222200275261482,0.9222200275261482,0.9422200275261482,0.9422200275261482
96,0.927687690167823,0.927687690167823,0.927687690167823,0.917687690167823,0.907687690167823,0.887687690167823,0.897687690167823,0.917687690167823,0.917687690167823,0.917687690167823,0.917687690167823,0.907687690167823,0.907687690167823
97,0.710615684067473,0.730615684067473,0.730615684067473,0.730615684067473,0.740615684067473,0.730615684067473,0.730615684067473,0.730615684067473,0.720615684067473,0.720615684067473,0.730615684067473,0.730615684067473,0.730615684067473
98,0.8766520308333628,0.8766520308333628,0.8666520308333628,0.8666520308333628,0.8666520308333628,0.8366520308333628,0.8366520308333628,0.8466520308333628,0.8466520308333628,0.8616520308333628,0.8716520308333628,0.8816520308333629,0.8616520308333628
99,0.8647186254159487,0.8647186254159487,0.8347186254159487,0.8447186254159487,0.8247186254159486,0.8297186254159487,0.8397186254159487,0.8597186254159487,0.8797186254159487,0.8797186254159487,0.8597186254159487,0.8597186254159487,0.8697186254159487
100,0.825131151248373,0.835131151248373,0.845131151248373,0.855131151248373,0.855131151248373,0.845131151248373,0.865131151248373,0.835131151248373,0.835131151248373,0.835131151248373,0.815131151248373,0.805131151248373,0.805131151248373
101,0.8612642018341394,0.8512642018341394,0.8512642018341394,0.8512642018341394,0.8512642018341394,0.8612642018341394,0.8212642018341394,0.8262642018341394,0.8562642018341394,0.8662642018341394,0.8662642018341394,0.8562642018341394,0.8562642018341394
102,0.8442585161124112,0.8442585161124112,0.8542585161124112,0.8642585161124112,0.8542585161124112,0.8442585161124112,0.8142585161124112,0.8042585161124112,0.8242585161124112,0.8242585161124112,0.8142585161124112,0.8142585161124112,0.8292585161124112
103,0.9521643423827002,0.9321643423827002,0.9521643423827002,0.9421643423827002,0.9771643423827002,0.9771643423827002,0.9771643423827002,0.9771643423827002,0.9571643423827002,0.9571643423827002,0.9771643423827002,0.9771643423827002,0.9871643423827002
104,0.8548737856326357,0.8548737856326357,0.8448737856326357,0.8348737856326357,0.8348737856326357,0.8348737856326357,0.8598737856326357,0.8598737856326357,0.8498737856326357,0.8198737856326357,0.8198737856326357,0.8198737856326357,0.8198737856326357
105,0.8250650324572885,0.8050650324572884,0.8050650324572884,0.8150650324572885,0.8250650324572885,0.8150650324572885,0.8150650324572885,0.8150650324572885,0.7950650324572884,0.8100650324572884,0.8100650324572884,0.8200650324572885,0.8100650324572884
106,0.7975196644861798,0.7975196644861798,0.8075196644861798,0.8175196644861799,0.8075196644861798,0.8075196644861798,0.8175196644861799,0.8275196644861799,0.8125196644861798,0.8025196644861798,0.8025196644861798,0.8125196644861798,0.8125196644861798
107,0.8496543145735996,0.8596543145735996,0.8396543145735996,0.8496543145735996,0.8696543145735997,0.8696543145735997,0.8696543145735997,0.8796543145735997,0.8696543145735997,0.8896543145735997,0.8796543145735997,0.8896543145735997,0.8796543145735997
108,0.8457975343072537,0.8557975343072537,0.8557975343072537,0.8457975343072537,0.8657975343072537,0.8657975343072537,0.8657975343072537,0.8757975343072537,0.8557975343072537,0.8557975343072537,0.8557975343072537,0.8457975343072537,0.8357975343072537
109,0.8422051436888773,0.8522051436888773,0.8322051436888773,0.8522051436888773,0.8322051436888773,0.8522051436888773,0.8422051436888773,0.8422051436888773,0.8422051436888773,0.8422051436888773,0.8422051436888773,0.8422051436888773,0.8022051436888773
110,0.8744088961747368,0.8544088961747368,0.8544088961747368,0.8644088961747368,0.8544088961747368,0.8644088961747368,0.8844088961747368,0.8844088961747368,0.8944088961747368,0.8944088961747368,0.9044088961747369,0.9144088961747369,0.9144088961747369
111,0.8982258294376725,0.8982258294376725,0.8782258294376725,0.8782258294376725,0.8882258294376725,0.8982258294376725,0.8982258294376725,0.8982258294376725,0.9082258294376725,0.9082258294376725,0.9182258294376725,0.8932258294376725,0.9032258294376725
112,0.8561405493178952,0.8561405493178952,0.8561405493178952,0.8461405493178952,0.8461405493178952,0.8561405493178952,0.8561405493178952,0.8761405493178952,0.8561405493178952,0.8561405493178952,0.8561405493178952,0.8561405493178952,0.8661405493178952
113,0.8284798892815453,0.8184798892815452,0.8284798892815453,0.8184798892815452,0.8084798892815452,0.7984798892815452,0.7984798892815452,0.7984798892815452,0.7984798892815452,0.8184798892815452,0.8384798892815453,0.8384798892815453,0.8384798892815453
114,0.813205739397962,0.803205739397962,0.803205739397962,0.803205739397962,0.803205739397962,0.813205739397962,0.803205739397962,0.813205739397962,0.813205739397962,0.823205739397962,0.823205739397962,0.833205739397962,0.808205739397962
115,0.7758410352491081,0.7658410352491081,0.7558410352491081,0.7658410352491081,0.7558410352491081,0.7558410352491081,0.7558410352491081,0.745841035249108,0.745841035249108,0.7658410352491081,0.7758410352491081,0.8058410352491081,0.8058410352491081
116,0.8022639666643576,0.8022639666643576,0.8022639666643576,0.8122639666643576,0.8022639666643576,0.8122639666643576,0.8122639666643576,0.8122639666643576,0.8022639666643576,0.8022639666643576,0.8022639666643576,0.7922639666643576,0.7922639666643576
117,0.822997482446124,0.822997482446124,0.832997482446124,0.832997482446124,0.832997482446124,0.842997482446124,0.8529974824461241,0.8529974824461241,0.8529974824461241,0.8629974824461241,0.8629974824461241,0.8529974824461241,0.8529974824461241
118,0.8682392885321446,0.8782392885321446,0.8782392885321446,0.8582392885321446,0.8382392885321446,0.8532392885321446,0.8532392885321446,0.8232392885321446,0.8332392885321446,0.8432392885321446,0.8432392885321446,0.8232392885321446,0.8432392885321446
119,0.7903849641663028,0.7903849641663028,0.8003849641663028,0.8003849641663028,0.8103849641663028,0.8103849641663028,0.8103849641663028,0.8103849641663028,0.8003849641663028,0.7903849641663028,0.7803849641663028,0.7803849641663028,0.7803849641663028
120,0.8096317801994255,0.7896317801994255,0.7896317801994255,0.7796317801994255,0.7696317801994255,0.7696317801994255,0.7796317801994255,0.7946317801994255,0.7746317801994255,0.7946317801994255,0.7946317801994255,0.8046317801994255,0.7846317801994255
121,0.7879940926291893,0.7879940926291893,0.7779940926291893,0.7779940926291893,0.7879940926291893,0.7879940926291893,0.7879940926291893,0.7779940926291893,0.7579940926291893,0.7679940926291893,0.7679940926291893,0.7479940926291893,0.7479940926291893
122,0.8970654553304868,0.8970654553304868,0.9070654553304868,0.9070654553304868,0.8970654553304868,0.9070654553304868,0.9070654553304868,0.9070654553304868,0.9070654553304868,0.9070654553304868,0.9070654553304868,0.9070654553304868,0.9070654553304868
123,0.9198371979824643,0.9098371979824643,0.9098371979824643,0.9098371979824643,0.9198371979824643,0.9098371979824643,0.8998371979824643,0.8798371979824643,0.8848371979824643,0.8948371979824643,0.9048371979824643,0.9248371979824643,0.9248371979824643
124,0.8389304491002145,0.8089304491002145,0.7989304491002145,0.8089304491002145,0.8089304491002145,0.8089304491002145,0.8189304491002145,0.8289304491002145,0.8289304491002145,0.8089304491002145,0.8189304491002145,0.7989304491002145,0.8039304491002145
125,0.8007826214225338,0.8207826214225338,0.8207826214225338,0.8307826214225338,0.8407826214225338,0.8307826214225338,0.8307826214225338,0.8207826214225338,0.8107826214225338,0.8107826214225338,0.8007826214225338,0.8007826214225338,0.7907826214225337
126,0.9846890571245632,0.9946890571245632,0.9946890571245632,0.9846890571245632,0.9946890571245632,0.9946890571245632,0.9946890571245632,0.9846890571245632,0.9746890571245632,0.9646890571245632,0.9746890571245632,0.9946890571245632,0.9946890571245632
127,0.8236148930574937,0.8236148930574937,0.8236148930574937,0.8436148930574937,0.8536148930574937,0.8536148930574937,0.8636148930574937,0.8236148930574937,0.8236148930574937,0.8236148930574937,0.8336148930574937,0.8436148930574937,0.8436148930574937
128,0.8147884088234914,0.8147884088234914,0.8347884088234914,0.8447884088234914,0.8147884088234914,0.8247884088234914,0.8347884088234914,0.8547884088234914,0.8497884088234914,0.8297884088234914,0.8297884088234914,0.8297884088234914,0.8297884088234914
129,0.880479670765084,0.890479670765084,0.890479670765084,0.890479670765084,0.890479670765084,0.890479670765084,0.870479670765084,0.850479670765084,0.890479670765084,0.870479670765084,0.890479670765084,0.880479670765084,0.890479670765084
130,0.8587687699481483,0.8787687699481483,0.8487687699481483,0.8487687699481483,0.8487687699481483,0.8587687699481483,0.8587687699481483,0.8687687699481483,0.8687687699481483,0.8587687699481483,0.8487687699481483,0.8487687699481483,0.8387687699481483
131,0.7911599742247482,0.7911599742247482,0.7911599742247482,0.7811599742247481,0.7711599742247481,0.7611599742247481,0.7611599742247481,0.7611599742247481,0.7611599742247481,0.7511599742247481,0.7611599742247481,0.7611599742247481,0.7711599742247481
132,0.8653834158973259,0.8653834158973259,0.8653834158973259,0.8553834158973259,0.8453834158973259,0.8553834158973259,0.8553834158973259,0.8553834158973259,0.890383415897326,0.8703834158973259,0.8703834158973259,0.8703834158973259,0.8703834158973259
133,0.8914492559179892,0.8814492559179892,0.9014492559179892,0.9014492559179892,0.9214492559179892,0.9214492559179892,0.9114492559179892,0.8914492559179892,0.9014492559179892,0.9014492559179892,0.9114492559179892,0.9214492559179892,0.9314492559179892
134,0.8635665899717121,0.8735665899717121,0.8535665899717121,0.8535665899717121,0.8535665899717121,0.8535665899717121,0.8635665899717121,0.8435665899717121,0.8435665899717121,0.8635665899717121,0.8835665899717121,0.8635665899717121,0.8635665899717121
135,0.8086930957527929,0.8286930957527929,0.848693095752793,0.8286930957527929,0.8086930957527929,0.7986930957527929,0.7986930957527929,0.8286930957527929,0.8286930957527929,0.8286930957527929,0.8286930957527929,0.8286930957527929,0.8286930957527929
136,0.8599129401275274,0.8599129401275274,0.8699129401275274,0.8799129401275274,0.8999129401275274,0.8999129401275274,0.8949129401275274,0.8849129401275274,0.8749129401275274,0.8749129401275274,0.8749129401275274,0.8749129401275274,0.8949129401275274
137,0.8769502676741664,0.8569502676741664,0.8569502676741664,0.8569502676741664,0.8569502676741664,0.8569502676741664,0.8569502676741664,0.8569502676741664,0.8469502676741664,0.8369502676741664,0.8419502676741664,0.8519502676741664,0.8519502676741664
138,0.8419234035745573,0.8519234035745573,0.8419234035745573,0.8319234035745573,0.8319234035745573,0.8319234035745573,0.8419234035745573,0.8519234035745573,0.8519234035745573,0.8519234035745573,0.8619234035745573,0.8819234035745573,0.8769234035745573
139,0.7761221357931958,0.7661221357931958,0.7661221357931958,0.7661221357931958,0.7561221357931958,0.7361221357931957,0.7411221357931957,0.7511221357931958,0.7511221357931958,0.7711221357931958,0.7611221357931958,0.7911221357931958,0.7811221357931958
140,0.8052130767169222,0.8052130767169222,0.8452130767169223,0.8152130767169222,0.7952130767169222,0.7952130767169222,0.8052130767169222,0.8252130767169222,0.8452130767169223,0.8452130767169223,0.8452130767169223,0.8352130767169222,0.8352130767169222
141,0.8505078280880362,0.8505078280880362,0.8305078280880361,0.8305078280880361,0.8305078280880361,0.8405078280880361,0.8105078280880361,0.8155078280880361,0.8155078280880361,0.8255078280880361,0.8255078280880361,0.8255078280880361,0.8155078280880361
142,0.8309627900025027,0.8309627900025027,0.8009627900025027,0.8109627900025027,0.8009627900025027,0.8109627900025027,0.8109627900025027,0.8109627900025027,0.8009627900025027,0.8159627900025027,0.8159627900025027,0.7959627900025027,0.8159627900025027
143,0.8515207332967651,0.8515207332967651,0.8515207332967651,0.8615207332967652,0.8615207332967652,0.8615207332967652,0.8715207332967652,0.8715207332967652,0.8715207332967652,0.8715207332967652,0.8515207332967651,0.8515207332967651,0.8515207332967651
144,0.8369168184300312,0.8269168184300312,0.8269168184300312,0.8469168184300312,0.8369168184300312,0.8569168184300312,0.8469168184300312,0.8369168184300312,0.8569168184300312,0.8469168184300312,0.8569168184300312,0.8569168184300312,0.8569168184300312
145,0.8710308034893023,0.8810308034893023,0.8810308034893023,0.8910308034893023,0.8910308034893023,0.8910308034893023,0.8810308034893023,0.9010308034893023,0.8910308034893023,0.8910308034893023,0.8910308034893023,0.8810308034893023,0.8610308034893023
146,0.9242485236992329,0.934248523699233,0.934248523699233,0.934248523699233,0.934248523699233,0.934248523699233,0.964248523699233,0.959248523699233,0.949248523699233,0.949248523699233,0.959248523699233,0.949248523699233,0.939248523699233
147,0.8593948149667027,0.8693948149667027,0.8693948149667027,0.8893948149667027,0.8993948149667027,0.8943948149667027,0.8843948149667027,0.8843948149667027,0.8943948149667027,0.8943948149667027,0.8843948149667027,0.8843948149667027,0.8843948149667027
148,0.8456188620364438,0.8456188620364438,0.8356188620364438,0.8656188620364438,0.8556188620364438,0.8856188620364438,0.8556188620364438,0.8256188620364437,0.8256188620364437,0.8156188620364437,0.8156188620364437,0.8156188620364437,0.8156188620364437
149,0.8286099863390466,0.8086099863390466,0.8186099863390466,0.7886099863390466,0.7936099863390466,0.8036099863390466,0.8036099863390466,0.7936099863390466,0.7936099863390466,0.8036099863390466,0.8236099863390466,0.8236099863390466,0.8336099863390466
150,0.8484064349532552,0.8084064349532551,0.8134064349532552,0.8234064349532552,0.8234064349532552,0.8434064349532552,0.8634064349532552,0.8534064349532552,0.8334064349532552,0.8234064349532552,0.8434064349532552,0.8434064349532552,0.8534064349532552
151,0.8473307459101987,0.8473307459101987,0.8473307459101987,0.8473307459101987,0.8673307459101988,0.8773307459101988,0.8873307459101988,0.8873307459101988,0.8673307459101988,0.8873307459101988,0.8873307459101988,0.8773307459101988,0.8773307459101988
152,0.8325574786265822,0.8425574786265823,0.8325574786265822,0.8325574786265822,0.8225574786265822,0.8325574786265822,0.8525574786265823,0.8525574786265823,0.8525574786265823,0.8625574786265823,0.8325574786265822,0.8425574786265823,0.8525574786265823
153,0.8590342825860651,0.8590342825860651,0.8590342825860651,0.8590342825860651,0.8590342825860651,0.8490342825860651,0.8490342825860651,0.8490342825860651,0.8490342825860651,0.8490342825860651,0.8590342825860651,0.8690342825860651,0.8890342825860651
154,0.8706856704708652,0.8606856704708652,0.8606856704708652,0.8506856704708652,0.8406856704708652,0.8506856704708652,0.8506856704708652,0.8606856704708652,0.8506856704708652,0.8306856704708652,0.8356856704708652,0.8356856704708652,0.8356856704708652
155,0.8766869128685435,0.8666869128685435,0.8766869128685435,0.8666869128685435,0.8566869128685435,0.8466869128685435,0.8466869128685435,0.8466869128685435,0.8466869128685435,0.8566869128685435,0.8566869128685435,0.8566869128685435,0.8466869128685435
156,0.8073147026931328,0.8073147026931328,0.8173147026931328,0.7973147026931328,0.7873147026931328,0.7873147026931328,0.7773147026931327,0.7773147026931327,0.7873147026931328,0.8123147026931328,0.7923147026931328,0.8123147026931328,0.8123147026931328
157,0.7657493543607325,0.7657493543607325,0.7657493543607325,0.7557493543607325,0.7557493543607325,0.7557493543607325,0.7557493543607325,0.7557493543607325,0.7557493543607325,0.7557493543607325,0.7357493543607325,0.7457493543607325,0.7457493543607325
158,0.8289857768268728,0.8189857768268728,0.8089857768268728,0.8289857768268728,0.8389857768268728,0.8289857768268728,0.8289857768268728,0.8189857768268728,0.8089857768268728,0.8189857768268728,0.8189857768268728,0.8389857768268728,0.8189857768268728
159,0.8391808549346448,0.8391808549346448,0.8391808549346448,0.8491808549346448,0.8491808549346448,0.8491808549346448,0.8691808549346448,0.8791808549346448,0.8791808549346448,0.8741808549346448,0.8641808549346448,0.8641808549346448,0.8441808549346448
160,0.7297454609805962,0.7297454609805962,0.7497454609805962,0.7397454609805962,0.7497454609805962,0.7697454609805963,0.7697454609805963,0.7597454609805963,0.7697454609805963,0.7697454609805963,0.7697454609805963,0.7697454609805963,0.7647454609805963
161,0.88053203185943,0.86053203185943,0.8505320318594299,0.8505320318594299,0.8505320318594299,0.86553203185943,0.86553203185943,0.86553203185943,0.89553203185943,0.91553203185943,0.90553203185943,0.90553203185943,0.91553203185943
162,0.8487771634322914,0.8587771634322914,0.8787771634322914,0.8687771634322914,0.8687771634322914,0.8687771634322914,0.8487771634322914,0.8487771634322914,0.8487771634322914,0.8387771634322914,0.8387771634322914,0.8587771634322914,0.8687771634322914
163,0.8593393898315457,0.8593393898315457,0.8593393898315457,0.8493393898315457,0.8493393898315457,0.8493393898315457,0.8493393898315457,0.8493393898315457,0.8693393898315457,0.8693393898315457,0.8593393898315457,0.8593393898315457,0.8593393898315457
164,0.8495776523806622,0.8495776523806622,0.8495776523806622,0.8495776523806622,0.8495776523806622,0.8595776523806622,0.8595776523806622,0.8595776523806622,0.8495776523806622,0.8495776523806622,0.8495776523806622,0.8395776523806622,0.8495776523806622
165,0.8769861777508284,0.8769861777508284,0.9069861777508285,0.9169861777508285,0.9169861777508285,0.9069861777508285,0.9069861777508285,0.9069861777508285,0.8869861777508284,0.8669861777508284,0.8769861777508284,0.8769861777508284,0.8769861777508284
166,0.8351839624003529,0.8351839624003529,0.8251839624003529,0.8151839624003528,0.7951839624003528,0.7951839624003528,0.7951839624003528,0.8001839624003528,0.8001839624003528,0.8101839624003528,0.8101839624003528,0.8101839624003528,0.8101839624003528
167,0.8642255391230467,0.8542255391230467,0.8442255391230467,0.8642255391230467,0.8642255391230467,0.8542255391230467,0.8642255391230467,0.8742255391230467,0.8742255391230467,0.8742255391230467,0.8742255391230467,0.8842255391230467,0.8842255391230467
168,0.8591425230557924,0.8591425230557924,0.8691425230557924,0.8691425230557924,0.8591425230557924,0.8491425230557924,0.8591425230557924,0.8491425230557924,0.8691425230557924,0.8891425230557924,0.8741425230557924,0.8841425230557924,0.8841425230557924
169,0.85958584514487,0.83958584514487,0.84958584514487,0.85958584514487,0.86958584514487,0.84958584514487,0.85958584514487,0.85958584514487,0.86958584514487,0.86958584514487,0.87958584514487,0.87958584514487,0.87958584514487
170,0.9370110283885351,0.9370110283885351,0.9370110283885351,0.9570110283885351,0.9570110283885351,0.9570110283885351,0.9570110283885351,0.9570110283885351,0.9770110283885352,0.9720110283885351,0.9720110283885351,0.9720110283885351,0.9620110283885351
171,0.8418615313060069,0.861861531306007,0.8418615313060069,0.8418615313060069,0.8318615313060069,0.8118615313060069,0.8018615313060069,0.8018615313060069,0.8018615313060069,0.8068615313060069,0.8268615313060069,0.8268615313060069,0.8268615313060069
172,0.8918502742328188,0.8918502742328188,0.8718502742328188,0.8718502742328188,0.8818502742328188,0.9018502742328188,0.8918502742328188,0.8918502742328188,0.8818502742328188,0.8818502742328188,0.8918502742328188,0.8918502742328188,0.8818502742328188
173,0.9228397695210812,0.9428397695210812,0.9428397695210812,0.9428397695210812,0.9328397695210812,0.9228397695210812,0.9228397695210812,0.9328397695210812,0.9328397695210812,0.9528397695210812,0.9528397695210812,0.9628397695210812,0.9428397695210812
174,0.8448916176123665,0.8348916176123665,0.8248916176123665,0.8248916176123665,0.8448916176123665,0.8348916176123665,0.8348916176123665,0.8448916176123665,0.8448916176123665,0.8348916176123665,0.8348916176123665,0.8348916176123665,0.8048916176123665
175,0.8400973506418841,0.8600973506418841,0.8800973506418841,0.8700973506418841,0.8700973506418841,0.8550973506418841,0.8550973506418841,0.8650973506418841,0.8650973506418841,0.8650973506418841,0.8450973506418841,0.8350973506418841,0.8350973506418841
176,0.8480564193757403,0.8480564193757403,0.8380564193757403,0.8380564193757403,0.8380564193757403,0.8380564193757403,0.8680564193757403,0.8880564193757403,0.8880564193757403,0.8830564193757403,0.8830564193757403,0.8830564193757403,0.8730564193757403
177,0.8692773765683942,0.8792773765683942,0.8892773765683942,0.8892773765683942,0.8792773765683942,0.8592773765683942,0.8492773765683942,0.8492773765683942,0.8392773765683942,0.8292773765683942,0.8292773765683942,0.8292773765683942,0.8392773765683942
178,0.8847458368223061,0.8647458368223061,0.8647458368223061,0.8847458368223061,0.8747458368223061,0.8647458368223061,0.8947458368223061,0.8947458368223061,0.8947458368223061,0.8947458368223061,0.8947458368223061,0.9147458368223061,0.9147458368223061
179,0.9047854065064953,0.9247854065064953,0.9147854065064953,0.8947854065064953,0.8947854065064953,0.9047854065064953,0.8847854065064953,0.8747854065064953,0.8747854065064953,0.8897854065064953,0.8897854065064953,0.8697854065064953,0.8797854065064953
180,0.8141136474329391,0.8141136474329391,0.8141136474329391,0.8241136474329391,0.8241136474329391,0.8241136474329391,0.8441136474329392,0.8441136474329392,0.8441136474329392,0.8441136474329392,0.8541136474329392,0.8541136474329392,0.8541136474329392
181,0.8107668059850204,0.8107668059850204,0.7907668059850204,0.7807668059850204,0.7707668059850203,0.7707668059850203,0.7757668059850203,0.7957668059850204,0.7957668059850204,0.7757668059850203,0.7857668059850204,0.7857668059850204,0.7857668059850204
182,0.8504626183982347,0.8704626183982347,0.8704626183982347,0.8704626183982347,0.8704626183982347,0.8704626183982347,0.8704626183982347,0.8604626183982347,0.8604626183982347,0.8604626183982347,0.8604626183982347,0.8604626183982347,0.8604626183982347
183,0.8540857522414004,0.8740857522414004,0.8740857522414004,0.8840857522414004,0.8640857522414004,0.8440857522414004,0.8440857522414004,0.8340857522414004,0.8340857522414004,0.8340857522414004,0.8140857522414003,0.8190857522414003,0.8190857522414003
184,0.8175559535455453,0.8175559535455453,0.8175559535455453,0.8175559535455453,0.8275559535455453,0.8275559535455453,0.8175559535455453,0.8175559535455453,0.7875559535455453,0.7875559535455453,0.7975559535455453,0.7975559535455453,0.7975559535455453
185,0.7975877273993143,0.8075877273993143,0.7975877273993143,0.8075877273993143,0.7875877273993143,0.7775877273993143,0.7775877273993143,0.7775877273993143,0.7675877273993142,0.7675877273993142,0.7675877273993142,0.7675877273993142,0.7675877273993142
186,0.8432588747431009,0.8432588747431009,0.8432588747431009,0.8632588747431009,0.8632588747431009,0.8632588747431009,0.8632588747431009,0.8732588747431009,0.8732588747431009,0.8732588747431009,0.8532588747431009,0.8432588747431009,0.8432588747431009
187,0.7294606826671741,0.7294606826671741,0.7194606826671741,0.7494606826671741,0.7394606826671741,0.7394606826671741,0.7194606826671741,0.7194606826671741,0.7194606826671741,0.7294606826671741,0.7394606826671741,0.7394606826671741,0.7394606826671741
188,0.8662112659089178,0.8662112659089178,0.8662112659089178,0.8562112659089178,0.8762112659089178,0.8762112659089178,0.8762112659089178,0.8762112659089178,0.8562112659089178,0.8462112659089178,0.8362112659089178,0.8262112659089178,0.8262112659089178
189,0.9211340592255767,0.9111340592255767,0.9011340592255767,0.9011340592255767,0.9011340592255767,0.9011340592255767,0.9011340592255767,0.8911340592255766,0.8911340592255766,0.9111340592255767,0.9411340592255767,0.9611340592255767,0.9411340592255767
190,0.8425631896242826,0.8425631896242826,0.8425631896242826,0.8525631896242826,0.8625631896242826,0.8625631896242826,0.8625631896242826,0.8625631896242826,0.8625631896242826,0.8725631896242826,0.8575631896242826,0.8375631896242826,0.8475631896242826
191,0.8455644736503546,0.8555644736503546,0.8755644736503546,0.8655644736503546,0.8655644736503546,0.8755644736503546,0.8655644736503546,0.8655644736503546,0.8655644736503546,0.8655644736503546,0.8655644736503546,0.8655644736503546,0.8555644736503546
192,0.8582547743320819,0.8382547743320818,0.8382547743320818,0.8282547743320818,0.8282547743320818,0.8382547743320818,0.8282547743320818,0.8282547743320818,0.8282547743320818,0.8482547743320819,0.8482547743320819,0.8482547743320819,0.8582547743320819
193,0.8359348772183991,0.8459348772183991,0.8559348772183991,0.8459348772183991,0.8459348772183991,0.8359348772183991,0.8359348772183991,0.8359348772183991,0.8359348772183991,0.8359348772183991,0.8359348772183991,0.8659348772183991,0.8559348772183991
194,0.8879474691328686,0.8879474691328686,0.8779474691328686,0.8979474691328686,0.9079474691328686,0.9179474691328686,0.9279474691328686,0.9179474691328686,0.9179474691328686,0.9079474691328686,0.9079474691328686,0.8979474691328686,0.8979474691328686
195,0.8187225594855915,0.8187225594855915,0.7887225594855914,0.8187225594855915,0.8087225594855915,0.8087225594855915,0.8087225594855915,0.7987225594855915,0.8237225594855915,0.7937225594855915,0.7837225594855914,0.7837225594855914,0.7837225594855914
196,0.8943036722745995,0.8943036722745995,0.8643036722745995,0.8793036722745995,0.8593036722745995,0.8693036722745995,0.8893036722745995,0.8893036722745995,0.8793036722745995,0.8893036722745995,0.9093036722745995,0.9093036722745995,0.9393036722745995
197,0.8246040182175176,0.8246040182175176,0.8246040182175176,0.8546040182175176,0.8346040182175176,0.8246040182175176,0.8246040182175176,0.8146040182175176,0.8046040182175176,0.8046040182175176,0.8046040182175176,0.8046040182175176,0.8046040182175176
198,0.8898006038169652,0.8698006038169652,0.8598006038169652,0.8598006038169652,0.8698006038169652,0.8598006038169652,0.8748006038169652,0.8748006038169652,0.8848006038169652,0.8848006038169652,0.8948006038169652,0.8948006038169652,0.8948006038169652
199,0.8405025648672961,0.8405025648672961,0.8605025648672961,0.8505025648672961,0.8605025648672961,0.8605025648672961,0.8605025648672961,0.8605025648672961,0.8605025648672961,0.8605025648672961,0.8805025648672962,0.8605025648672961,0.8605025648672961
200,0.8888050528257646,0.8788050528257646,0.8688050528257646,0.8588050528257646,0.8688050528257646,0.8938050528257646,0.8938050528257646,0.8738050528257646,0.8438050528257646,0.8438050528257646,0.8438050528257646,0.8438050528257646,0.8438050528257646
201,0.8947666241371638,0.8847666241371638,0.8647666241371638,0.8647666241371638,0.8747666241371638,0.8747666241371638,0.8747666241371638,0.8647666241371638,0.8647666241371638,0.8547666241371638,0.8747666241371638,0.8847666241371638,0.8947666241371638
202,0.8308590347121538,0.8008590347121538,0.8108590347121538,0.8108590347121538,0.8308590347121538,0.8408590347121538,0.8408590347121538,0.8408590347121538,0.8308590347121538,0.8108590347121538,0.8008590347121538,0.8008590347121538,0.7908590347121538
203,0.869328382095537,0.869328382095537,0.849328382095537,0.859328382095537,0.879328382095537,0.879328382095537,0.879328382095537,0.879328382095537,0.909328382095537,0.909328382095537,0.899328382095537,0.899328382095537,0.889328382095537
204,0.8836946229601572,0.8836946229601572,0.8836946229601572,0.8836946229601572,0.8636946229601572,0.8736946229601572,0.8536946229601572,0.8536946229601572,0.8436946229601572,0.8536946229601572,0.8536946229601572,0.8536946229601572,0.8436946229601572
205,0.8445629811484282,0.8445629811484282,0.8345629811484282,0.8445629811484282,0.8545629811484282,0.8545629811484282,0.8745629811484282,0.8545629811484282,0.8845629811484282,0.8745629811484282,0.8845629811484282,0.8745629811484282,0.8595629811484282
206,0.8671770163267001,0.8671770163267001,0.8771770163267001,0.8771770163267001,0.8771770163267001,0.8471770163267001,0.8371770163267,0.8371770163267,0.8271770163267,0.8271770163267,0.8371770163267,0.8571770163267001,0.8471770163267001
207,0.8958612566152331,0.865861256615233,0.8758612566152331,0.8858612566152331,0.8858612566152331,0.8758612566152331,0.8958612566152331,0.9058612566152331,0.9158612566152331,0.9258612566152331,0.9258612566152331,0.9258612566152331,0.9258612566152331
208,0.8538254658533592,0.8738254658533592,0.8738254658533592,0.8738254658533592,0.8638254658533592,0.8538254658533592,0.8538254658533592,0.8338254658533591,0.8538254658533592,0.8538254658533592,0.8538254658533592,0.8538254658533592,0.8538254658533592
209,0.9019856373265825,0.9019856373265825,0.9119856373265826,0.9119856373265826,0.9219856373265826,0.9219856373265826,0.9219856373265826,0.9219856373265826,0.9319856373265826,0.9319856373265826,0.9169856373265826,0.9269856373265826,0.9269856373265826
210,0.8165718958048,0.8165718958048,0.8065718958048,0.8065718958048,0.8065718958048,0.8165718958048,0.8065718958048,0.8065718958048,0.8065718958048,0.7965718958048,0.8065718958048,0.7765718958048,0.7765718958048
211,0.7981134597733878,0.7881134597733878,0.7881134597733878,0.7881134597733878,0.8081134597733878,0.7981134597733878,0.8381134597733878,0.8381134597733878,0.8331134597733878,0.8231134597733878,0.8131134597733878,0.8131134597733878,0.8031134597733878
212,0.7962603648671721,0.8162603648671721,0.8262603648671721,0.8262603648671721,0.8162603648671721,0.8162603648671721,0.8162603648671721,0.8162603648671721,0.8162603648671721,0.8262603648671721,0.8262603648671721,0.8262603648671721,0.8162603648671721
213,0.8724733741381089,0.8324733741381088,0.8374733741381089,0.8374733741381089,0.8474733741381089,0.8374733741381089,0.8374733741381089,0.8374733741381089,0.8374733741381089,0.8474733741381089,0.8474733741381089,0.8674733741381089,0.8674733741381089
214,0.8554568216877256,0.8454568216877256,0.8454568216877256,0.8454568216877256,0.8454568216877256,0.8254568216877256,0.8154568216877256,0.8254568216877256,0.8254568216877256,0.8254568216877256,0.8354568216877256,0.8254568216877256,0.8354568216877256
215,0.9635812490361795,0.9635812490361795,0.9535812490361795,0.9635812490361795,0.9435812490361795,0.9685812490361795,0.9985812490361795,0.9885812490361795,0.9785812490361795,0.9585812490361795,0.9585812490361795,0.9585812490361795,0.9585812490361795
216,0.9043270025300233,0.8943270025300233,0.8843270025300233,0.8743270025300233,0.8893270025300233,0.8793270025300233,0.8793270025300233,0.8893270025300233,0.8793270025300233,0.8793270025300233,0.8693270025300233,0.8793270025300233,0.8793270025300233
217,0.8295745177394065,0.8395745177394065,0.8495745177394065,0.8495745177394065,0.8495745177394065,0.8595745177394065,0.8495745177394065,0.8295745177394065,0.8095745177394065,0.8095745177394065,0.8345745177394065,0.8545745177394065,0.8745745177394065
218,0.7967883489077263,0.7767883489077263,0.7767883489077263,0.7567883489077263,0.7617883489077263,0.7817883489077263,0.7817883489077263,0.8017883489077263,0.8017883489077263,0.7817883489077263,0.7717883489077263,0.8217883489077263,0.8217883489077263
219,0.8425055513517661,0.8425055513517661,0.8425055513517661,0.8425055513517661,0.8225055513517661,0.8225055513517661,0.8325055513517661,0.8525055513517661,0.8525055513517661,0.8525055513517661,0.8325055513517661,0.8225055513517661,0.8325055513517661
220,0.8844367351015191,0.8944367351015191,0.8944367351015191,0.8844367351015191,0.8844367351015191,0.8744367351015191,0.8744367351015191,0.8744367351015191,0.8944367351015191,0.8944367351015191,0.9044367351015191,0.9044367351015191,0.9044367351015191
221,0.8490405973838178,0.8490405973838178,0.8790405973838178,0.8690405973838178,0.8590405973838178,0.8590405973838178,0.8690405973838178,0.8590405973838178,0.8590405973838178,0.8590405973838178,0.8390405973838178,0.8390405973838178,0.8390405973838178
222,0.8508931199176097,0.8608931199176098,0.8608931199176098,0.8608931199176098,0.8608931199176098,0.8608931199176098,0.8608931199176098,0.8608931199176098,0.8508931199176097,0.8508931199176097,0.8608931199176098,0.8608931199176098,0.8708931199176098
223,0.9281647538352092,0.9281647538352092,0.9281647538352092,0.9381647538352093,0.9381647538352093,0.9481647538352093,0.9581647538352093,0.9681647538352093,0.9631647538352093,0.9631647538352093,0.9531647538352093,0.9431647538352093,0.9531647538352093
224,0.8910969720552904,0.8710969720552904,0.8710969720552904,0.8710969720552904,0.8810969720552904,0.9010969720552904,0.9010969720552904,0.9010969720552904,0.9010969720552904,0.9010969720552904,0.9010969720552904,0.9110969720552904,0.8910969720552904
225,0.8930608123321286,0.9030608123321286,0.9030608123321286,0.8930608123321286,0.9130608123321287,0.9130608123321287,0.8880608123321286,0.8880608123321286,0.9180608123321287,0.9180608123321287,0.9180608123321287,0.9280608123321287,0.9280608123321287
226,0.831960844370869,0.851960844370869,0.851960844370869,0.826960844370869,0.816960844370869,0.806960844370869,0.806960844370869,0.826960844370869,0.836960844370869,0.836960844370869,0.8669608443708691,0.8569608443708691,0.8569608443708691
227,0.8285671025322371,0.8285671025322371,0.8185671025322371,0.8285671025322371,0.8285671025322371,0.8285671025322371,0.8285671025322371,0.8385671025322371,0.8385671025322371,0.8385671025322371,0.8385671025322371,0.8185671025322371,0.8185671025322371
228,0.7648574414875908,0.7648574414875908,0.7648574414875908,0.7648574414875908,0.7748574414875908,0.7748574414875908,0.7748574414875908,0.7748574414875908,0.7648574414875908,0.7448574414875908,0.7548574414875908,0.7648574414875908,0.7848574414875908
229,0.854808822326731,0.854808822326731,0.854808822326731,0.834808822326731,0.834808822326731,0.824808822326731,0.834808822326731,0.834808822326731,0.824808822326731,0.839808822326731,0.809808822326731,0.809808822326731,0.809808822326731
230,0.8437695048404621,0.8437695048404621,0.8437695048404621,0.8437695048404621,0.8437695048404621,0.8437695048404621,0.8437695048404621,0.8437695048404621,0.8537695048404621,0.8537695048404621,0.8437695048404621,0.8437695048404621,0.8437695048404621
231,0.8962014860980054,0.8862014860980054,0.8862014860980054,0.8862014860980054,0.8762014860980054,0.8662014860980054,0.8562014860980054,0.8762014860980054,0.8862014860980054,0.8862014860980054,0.8562014860980054,0.8562014860980054,0.8562014860980054
232,0.8257190237962071,0.8357190237962071,0.8357190237962071,0.8357190237962071,0.8457190237962071,0.8457190237962071,0.8557190237962071,0.8657190237962071,0.8557190237962071,0.8557190237962071,0.8557190237962071,0.8557190237962071,0.8657190237962071
233,0.825889720807117,0.825889720807117,0.825889720807117,0.825889720807117,0.825889720807117,0.835889720807117,0.855889720807117,0.865889720807117,0.860889720807117,0.850889720807117,0.850889720807117,0.850889720807117,0.850889720807117
234,0.8955550281077973,0.8855550281077973,0.8755550281077973,0.8755550281077973,0.8655550281077973,0.8755550281077973,0.8855550281077973,0.8755550281077973,0.8755550281077973,0.8755550281077973,0.8855550281077973,0.8855550281077973,0.8855550281077973
235,0.8148544651889977,0.8048544651889977,0.8248544651889977,0.8048544651889977,0.8048544651889977,0.8248544651889977,0.8248544651889977,0.8148544651889977,0.8148544651889977,0.8248544651889977,0.8248544651889977,0.8048544651889977,0.8348544651889978
236,0.8775595257067421,0.8875595257067421,0.8875595257067421,0.9175595257067422,0.9125595257067421,0.9025595257067421,0.9025595257067421,0.8825595257067421,0.8725595257067421,0.8725595257067421,0.8725595257067421,0.8925595257067421,0.8725595257067421
237,0.8935086159296038,0.8935086159296038,0.9235086159296039,0.9235086159296039,0.9035086159296039,0.8935086159296038,0.9035086159296039,0.9035086159296039,0.8935086159296038,0.8935086159296038,0.8735086159296038,0.8935086159296038,0.9035086159296039
238,0.8898000365668601,0.8798000365668601,0.8798000365668601,0.8698000365668601,0.8698000365668601,0.8698000365668601,0.8948000365668601,0.9348000365668602,0.9348000365668602,0.9348000365668602,0.9348000365668602,0.9348000365668602,0.9348000365668602
239,0.9034351007809994,0.9134351007809994,0.8934351007809994,0.8934351007809994,0.8934351007809994,0.8834351007809994,0.8834351007809994,0.8834351007809994,0.8934351007809994,0.8834351007809994,0.8934351007809994,0.8934351007809994,0.8934351007809994
240,0.8420864609134459,0.8620864609134459,0.8720864609134459,0.8820864609134459,0.8820864609134459,0.8820864609134459,0.8820864609134459,0.8820864609134459,0.8620864609134459,0.8520864609134459,0.8520864609134459,0.8420864609134459,0.8420864609134459
241,0.8015230021811843,0.8015230021811843,0.7815230021811843,0.7815230021811843,0.7815230021811843,0.7915230021811843,0.7915230021811843,0.7815230021811843,0.8015230021811843,0.8115230021811843,0.8115230021811843,0.8115230021811843,0.8415230021811844
242,0.8950948474506216,0.8650948474506216,0.8550948474506216,0.8600948474506216,0.8600948474506216,0.8600948474506216,0.8600948474506216,0.8600948474506216,0.8700948474506216,0.8700948474506216,0.8900948474506216,0.8900948474506216,0.9000948474506216
243,0.8263174493639787,0.8163174493639787,0.8163174493639787,0.8163174493639787,0.8263174493639787,0.8463174493639787,0.8463174493639787,0.8563174493639787,0.8463174493639787,0.8363174493639787,0.8163174493639787,0.8263174493639787,0.8163174493639787
244,0.8369490916675976,0.8369490916675976,0.8369490916675976,0.8169490916675975,0.8169490916675975,0.8169490916675975,0.8269490916675976,0.8269490916675976,0.8369490916675976,0.8169490916675975,0.8169490916675975,0.8269490916675976,0.8269490916675976
245,0.7947188139329535,0.7947188139329535,0.7947188139329535,0.8047188139329535,0.7947188139329535,0.7847188139329535,0.7947188139329535,0.7947188139329535,0.7947188139329535,0.7947188139329535,0.7947188139329535,0.7747188139329535,0.7847188139329535
246,0.8813781116069006,0.9013781116069006,0.8813781116069006,0.8813781116069006,0.8713781116069006,0.8713781116069006,0.8713781116069006,0.8713781116069006,0.8713781116069006,0.9013781116069006,0.9013781116069006,0.9113781116069006,0.9113781116069006
247,0.8850947845095362,0.8950947845095362,0.8950947845095362,0.8850947845095362,0.8850947845095362,0.8750947845095361,0.8750947845095361,0.8650947845095361,0.8650947845095361,0.8650947845095361,0.8550947845095361,0.8550947845095361,0.8550947845095361
248,0.8492057735540605,0.8492057735540605,0.8592057735540605,0.8492057735540605,0.8492057735540605,0.8492057735540605,0.8492057735540605,0.8492057735540605,0.8592057735540605,0.8592057735540605,0.8692057735540605,0.8692057735540605,0.8592057735540605
249,0.8879863382852198,0.8879863382852198,0.8779863382852198,0.8779863382852198,0.8979863382852198,0.8979863382852198,0.8979863382852198,0.8879863382852198,0.8679863382852198,0.8679863382852198,0.8679863382852198,0.8779863382852198,0.8679863382852198
250,0.8308131283047553,0.8308131283047553,0.8208131283047553,0.8008131283047553,0.8308131283047553,0.8308131283047553,0.8508131283047553,0.8508131283047553,0.8508131283047553,0.8608131283047553,0.8608131283047553,0.8608131283047553,0.8608131283047553
251,0.9109567433608461,0.9109567433608461,0.9109567433608461,0.9109567433608461,0.9009567433608461,0.9009567433608461,0.870956743360846,0.8759567433608461,0.8759567433608461,0.8759567433608461,0.8859567433608461,0.9059567433608461,0.8959567433608461
252,0.8615350153334254,0.8515350153334253,0.8515350153334253,0.8415350153334253,0.8415350153334253,0.8415350153334253,0.8515350153334253,0.8515350153334253,0.8515350153334253,0.8415350153334253,0.8415350153334253,0.8665350153334254,0.8765350153334254
253,0.8199077547406295,0.8199077547406295,0.8299077547406295,0.8299077547406295,0.8199077547406295,0.8299077547406295,0.8499077547406295,0.8299077547406295,0.8299077547406295,0.8299077547406295,0.8299077547406295,0.8399077547406295,0.8199077547406295
254,0.7715106598486658,0.7815106598486659,0.7715106598486658,0.7515106598486658,0.7415106598486658,0.7565106598486658,0.7465106598486658,0.7465106598486658,0.7565106598486658,0.7765106598486659,0.7765106598486659,0.7665106598486658,0.7765106598486659
255,0.8716432875005448,0.8716432875005448,0.8716432875005448,0.8716432875005448,0.8716432875005448,0.8816432875005448,0.8716432875005448,0.8716432875005448,0.8716432875005448,0.8516432875005447,0.8516432875005447,0.8316432875005447,0.8416432875005447
256,0.8101827147826567,0.8101827147826567,0.8101827147826567,0.8101827147826567,0.8001827147826567,0.8001827147826567,0.8001827147826567,0.8101827147826567,0.8101827147826567,0.8001827147826567,0.8101827147826567,0.8301827147826567,0.8301827147826567
257,0.8618090144579199,0.8518090144579199,0.8518090144579199,0.8518090144579199,0.8518090144579199,0.8518090144579199,0.8518090144579199,0.8418090144579199,0.8418090144579199,0.8718090144579199,0.8618090144579199,0.8518090144579199,0.8518090144579199
258,0.8592038997713612,0.8592038997713612,0.8692038997713613,0.8692038997713613,0.8692038997713613,0.8592038997713612,0.8592038997713612,0.8892038997713613,0.8742038997713613,0.9042038997713613,0.8842038997713613,0.8842038997713613,0.8842038997713613
259,0.8665540815010401,0.8665540815010401,0.8765540815010401,0.8765540815010401,0.8765540815010401,0.8765540815010401,0.8765540815010401,0.8665540815010401,0.8665540815010401,0.8565540815010401,0.83655408150104,0.83655408150104,0.8565540815010401
260,0.8129988226216851,0.8429988226216851,0.8329988226216851,0.8329988226216851,0.8229988226216851,0.8329988226216851,0.8329988226216851,0.8329988226216851,0.8329988226216851,0.8329988226216851,0.8229988226216851,0.8329988226216851,0.8229988226216851
261,0.9281482987885399,0.9281482987885399,0.9381482987885399,0.9481482987885399,0.9581482987885399,0.9431482987885399,0.9131482987885399,0.9231482987885399,0.9531482987885399,0.9431482987885399,0.9731482987885399,0.9731482987885399,0.9731482987885399
262,0.8850128316815723,0.8850128316815723,0.9050128316815723,0.9050128316815723,0.9050128316815723,0.9150128316815723,0.9000128316815723,0.9000128316815723,0.9000128316815723,0.9000128316815723,0.9100128316815723,0.8900128316815723,0.8900128316815723
263,0.9050163190271021,0.9050163190271021,0.9050163190271021,0.8950163190271021,0.9050163190271021,0.9050163190271021,0.9250163190271021,0.9250163190271021,0.9250163190271021,0.9350163190271021,0.9250163190271021,0.9250163190271021,0.9150163190271021
264,0.8158498848904391,0.8258498848904391,0.8358498848904391,0.8358498848904391,0.8158498848904391,0.8258498848904391,0.8058498848904391,0.7958498848904391,0.785849884890439,0.785849884890439,0.785849884890439,0.8058498848904391,0.8258498848904391
265,0.8351677389970401,0.8351677389970401,0.8351677389970401,0.8351677389970401,0.8351677389970401,0.8451677389970401,0.8551677389970401,0.8551677389970401,0.8551677389970401,0.8451677389970401,0.8151677389970401,0.8151677389970401,0.8151677389970401
266,0.8013516537964456,0.7913516537964456,0.7913516537964456,0.7813516537964456,0.7813516537964456,0.7713516537964455,0.7713516537964455,0.7863516537964456,0.7863516537964456,0.7863516537964456,0.7863516537964456,0.7863516537964456,0.7863516537964456
267,0.789800844984997,0.779800844984997,0.779800844984997,0.779800844984997,0.779800844984997,0.779800844984997,0.779800844984997,0.789800844984997,0.789800844984997,0.789800844984997,0.789800844984997,0.789800844984997,0.789800844984997
268,0.9018459943565464,0.9018459943565464,0.9018459943565464,0.9318459943565465,0.9318459943565465,0.9318459943565465,0.9418459943565465,0.9418459943565465,0.9418459943565465,0.9418459943565465,0.9368459943565465,0.9368459943565465,0.9368459943565465
269,0.7579093921241155,0.7579093921241155,0.7479093921241154,0.7479093921241154,0.7479093921241154,0.7279093921241154,0.7279093921241154,0.7279093921241154,0.7379093921241154,0.7379093921241154,0.7479093921241154,0.7479093921241154,0.7479093921241154
270,0.768195798122595,0.758195798122595,0.738195798122595,0.738195798122595,0.753195798122595,0.763195798122595,0.773195798122595,0.753195798122595,0.763195798122595,0.763195798122595,0.763195798122595,0.763195798122595,0.763195798122595
271,0.7892096499539178,0.7792096499539178,0.7792096499539178,0.8092096499539179,0.8292096499539179,0.8292096499539179,0.8192096499539179,0.8292096499539179,0.8292096499539179,0.8242096499539179,0.8242096499539179,0.8142096499539179,0.8242096499539179
272,0.8615341457684366,0.8615341457684366,0.8615341457684366,0.8715341457684366,0.8815341457684366,0.8615341457684366,0.8715341457684366,0.8715341457684366,0.8715341457684366,0.8715341457684366,0.8815341457684366,0.8915341457684366,0.8915341457684366
273,0.8169607592431178,0.8169607592431178,0.7869607592431178,0.7869607592431178,0.7869607592431178,0.8019607592431178,0.8019607592431178,0.7919607592431178,0.8019607592431178,0.8019607592431178,0.7919607592431178,0.7919607592431178,0.7819607592431178
274,0.8629954051606978,0.8629954051606978,0.8629954051606978,0.8629954051606978,0.8329954051606978,0.8229954051606978,0.8279954051606978,0.8379954051606978,0.8379954051606978,0.8479954051606978,0.8779954051606979,0.8779954051606979,0.8779954051606979
275,0.8863801785218445,0.8863801785218445,0.8863801785218445,0.8863801785218445,0.9063801785218445,0.9063801785218445,0.9063801785218445,0.8763801785218445,0.8963801785218445,0.8963801785218445,0.9163801785218445,0.9263801785218445,0.9213801785218445
276,0.9078244113347906,0.8878244113347906,0.8878244113347906,0.9078244113347906,0.9078244113347906,0.8978244113347906,0.8978244113347906,0.9078244113347906,0.9078244113347906,0.9078244113347906,0.8878244113347906,0.9128244113347906,0.9128244113347906
277,0.8324195584241503,0.8324195584241503,0.8324195584241503,0.8524195584241503,0.8424195584241503,0.8424195584241503,0.8324195584241503,0.8324195584241503,0.8324195584241503,0.8424195584241503,0.8524195584241503,0.8424195584241503,0.8624195584241503
278,0.9053841740198021,0.9153841740198021,0.9153841740198021,0.9053841740198021,0.9053841740198021,0.8853841740198021,0.865384174019802,0.8703841740198021,0.8703841740198021,0.8703841740198021,0.8803841740198021,0.9003841740198021,0.8903841740198021
279,0.8697107740971938,0.8797107740971938,0.8597107740971938,0.8497107740971938,0.8497107740971938,0.8497107740971938,0.8597107740971938,0.8497107740971938,0.8797107740971938,0.8797107740971938,0.8997107740971938,0.8997107740971938,0.8997107740971938
280,0.8260264869699971,0.8360264869699972,0.8360264869699972,0.8360264869699972,0.8560264869699972,0.8560264869699972,0.8560264869699972,0.8560264869699972,0.8460264869699972,0.8560264869699972,0.8560264869699972,0.8460264869699972,0.8560264869699972
281,0.7584369807385025,0.7584369807385025,0.7484369807385025,0.7484369807385025,0.7384369807385025,0.7384369807385025,0.7484369807385025,0.7484369807385025,0.7384369807385025,0.7284369807385025,0.7434369807385025,0.7334369807385025,0.7434369807385025
282,0.8820417924490416,0.8820417924490416,0.8920417924490416,0.8820417924490416,0.8720417924490416,0.8720417924490416,0.8720417924490416,0.8620417924490416,0.8420417924490415,0.8420417924490415,0.8470417924490415,0.8570417924490416,0.8770417924490416
283,0.8882400799833275,0.8882400799833275,0.9182400799833276,0.9282400799833276,0.9282400799833276,0.9182400799833276,0.9182400799833276,0.9182400799833276,0.9282400799833276,0.9232400799833276,0.9132400799833276,0.8932400799833276,0.8932400799833276
284,0.905709389332088,0.925709389332088,0.915709389332088,0.885709389332088,0.885709389332088,0.875709389332088,0.875709389332088,0.885709389332088,0.895709389332088,0.915709389332088,0.925709389332088,0.925709389332088,0.915709389332088
285,0.8308143537381641,0.8408143537381642,0.8208143537381641,0.8208143537381641,0.8108143537381641,0.8108143537381641,0.8108143537381641,0.8108143537381641,0.8108143537381641,0.8358143537381642,0.8258143537381641,0.8258143537381641,0.8458143537381642
286,0.8587508888648726,0.8687508888648726,0.8587508888648726,0.8587508888648726,0.8587508888648726,0.8587508888648726,0.8487508888648726,0.8587508888648726,0.8287508888648726,0.8287508888648726,0.8287508888648726,0.8387508888648726,0.8387508888648726
287,0.8828667544044742,0.8728667544044741,0.8828667544044742,0.8728667544044741,0.8628667544044741,0.8828667544044742,0.8928667544044742,0.8828667544044742,0.8928667544044742,0.8928667544044742,0.8928667544044742,0.8928667544044742,0.9028667544044742
288,0.8077973334167062,0.7977973334167062,0.7877973334167062,0.7977973334167062,0.7877973334167062,0.7777973334167062,0.7777973334167062,0.7877973334167062,0.7877973334167062,0.7877973334167062,0.7677973334167062,0.7727973334167062,0.7827973334167062
289,0.8159688345070663,0.8059688345070662,0.8259688345070663,0.8259688345070663,0.8259688345070663,0.8159688345070663,0.8359688345070663,0.8359688345070663,0.8259688345070663,0.8259688345070663,0.8259688345070663,0.7959688345070662,0.8059688345070662
290,0.8510649863477667,0.8510649863477667,0.8510649863477667,0.8510649863477667,0.8410649863477667,0.8310649863477667,0.8410649863477667,0.8510649863477667,0.8510649863477667,0.8710649863477667,0.8610649863477667,0.8610649863477667,0.8610649863477667
291,0.8228364661754708,0.8228364661754708,0.8228364661754708,0.8328364661754708,0.8228364661754708,0.8128364661754708,0.8128364661754708,0.8128364661754708,0.8228364661754708,0.8328364661754708,0.8128364661754708,0.8128364661754708,0.8028364661754708
292,0.8123060455101498,0.8223060455101499,0.8323060455101499,0.8223060455101499,0.8323060455101499,0.8423060455101499,0.8273060455101499,0.8273060455101499,0.8273060455101499,0.8373060455101499,0.8373060455101499,0.8473060455101499,0.8473060455101499
293,0.8511631258626993,0.8311631258626992,0.8311631258626992,0.8511631258626993,0.8411631258626993,0.8511631258626993,0.8211631258626992,0.8211631258626992,0.8211631258626992,0.8211631258626992,0.8361631258626993,0.8261631258626992,0.8261631258626992
294,0.8647054914571727,0.8647054914571727,0.8747054914571727,0.8547054914571727,0.8447054914571727,0.8347054914571727,0.8497054914571727,0.8597054914571727,0.8497054914571727,0.8497054914571727,0.8297054914571727,0.8297054914571727,0.8397054914571727
295,0.8245552247312448,0.8245552247312448,0.8145552247312448,0.8145552247312448,0.8145552247312448,0.8245552247312448,0.8245552247312448,0.8145552247312448,0.8145552247312448,0.8345552247312448,0.8345552247312448,0.8245552247312448,0.8245552247312448
296,0.914876337345601,0.914876337345601,0.894876337345601,0.894876337345601,0.919876337345601,0.929876337345601,0.919876337345601,0.919876337345601,0.929876337345601,0.939876337345601,0.919876337345601,0.929876337345601,0.929876337345601
297,0.8806767835887003,0.8806767835887003,0.8706767835887003,0.8806767835887003,0.8706767835887003,0.8706767835887003,0.8706767835887003,0.8806767835887003,0.8806767835887003,0.8806767835887003,0.8806767835887003,0.8806767835887003,0.8606767835887003
298,0.8758301218275963,0.8658301218275963,0.8858301218275964,0.9158301218275964,0.9158301218275964,0.9108301218275964,0.9108301218275964,0.9008301218275964,0.9008301218275964,0.9008301218275964,0.9008301218275964,0.9108301218275964,0.9108301218275964
299,0.8333175227037452,0.8133175227037451,0.8383175227037452,0.8283175227037451,0.8283175227037451,0.8183175227037451,0.8183175227037451,0.8283175227037451,0.8283175227037451,0.8283175227037451,0.8283175227037451,0.8483175227037452,0.8383175227037452
300,0.8352493684885767,0.8352493684885767,0.8252493684885767,0.8452493684885767,0.8352493684885767,0.8352493684885767,0.8252493684885767,0.8152493684885767,0.8152493684885767,0.7952493684885766,0.7952493684885766,0.8152493684885767,0.7952493684885766
301,0.8424071238518633,0.8424071238518633,0.8324071238518633,0.8324071238518633,0.8324071238518633,0.8524071238518633,0.8524071238518633,0.8324071238518633,0.8424071238518633,0.8424071238518633,0.8424071238518633,0.8524071238518633,0.8524071238518633
302,0.8270406202945569,0.8270406202945569,0.837040620294557,0.8020406202945569,0.7920406202945569,0.7920406202945569,0.8020406202945569,0.8020406202945569,0.8020406202945569,0.8020406202945569,0.7920406202945569,0.8020406202945569,0.7820406202945569
303,0.9024666324276004,0.8924666324276004,0.8924666324276004,0.9024666324276004,0.9024666324276004,0.9124666324276004,0.9324666324276004,0.9224666324276004,0.9324666324276004,0.9324666324276004,0.9124666324276004,0.9124666324276004,0.9224666324276004
304,0.8716985133462858,0.8616985133462858,0.8716985133462858,0.8716985133462858,0.8716985133462858,0.8616985133462858,0.8516985133462858,0.8316985133462858,0.8366985133462858,0.8466985133462858,0.8466985133462858,0.8566985133462858,0.8866985133462858
305,0.8752919468814128,0.8752919468814128,0.8652919468814128,0.8652919468814128,0.8652919468814128,0.8852919468814128,0.8852919468814128,0.9152919468814128,0.9152919468814128,0.8852919468814128,0.9052919468814128,0.8852919468814128,0.8852919468814128
306,0.9011703060319343,0.9111703060319343,0.9011703060319343,0.9011703060319343,0.9111703060319343,0.9111703060319343,0.9111703060319343,0.9111703060319343,0.9111703060319343,0.9111703060319343,0.9311703060319343,0.9411703060319343,0.9311703060319343
307,0.9056047796960383,0.9256047796960383,0.9256047796960383,0.9356047796960383,0.9356047796960383,0.9206047796960383,0.9306047796960383,0.9306047796960383,0.9306047796960383,0.9306047796960383,0.9406047796960383,0.9306047796960383,0.9306047796960383
308,0.8874331172982933,0.8874331172982933,0.8874331172982933,0.8774331172982933,0.8674331172982933,0.8774331172982933,0.8974331172982933,0.8974331172982933,0.8974331172982933,0.9174331172982934,0.9174331172982934,0.9174331172982934,0.9074331172982933
309,0.8354549492049784,0.8454549492049784,0.8354549492049784,0.8354549492049784,0.8154549492049784,0.8354549492049784,0.8354549492049784,0.8354549492049784,0.8354549492049784,0.8054549492049784,0.7954549492049784,0.8004549492049784,0.8104549492049784
310,0.8544103179074305,0.8444103179074305,0.8344103179074305,0.8444103179074305,0.8644103179074305,0.8544103179074305,0.8544103179074305,0.8444103179074305,0.8444103179074305,0.8344103179074305,0.8344103179074305,0.8744103179074305,0.8844103179074305
311,0.8497297406602639,0.8697297406602639,0.8697297406602639,0.8697297406602639,0.8697297406602639,0.8897297406602639,0.8797297406602639,0.8497297406602639,0.8597297406602639,0.8597297406602639,0.8697297406602639,0.8697297406602639,0.8697297406602639
312,0.9005130086900531,0.9005130086900531,0.8905130086900531,0.9005130086900531,0.9005130086900531,0.9005130086900531,0.8905130086900531,0.8805130086900531,0.8805130086900531,0.8905130086900531,0.8605130086900531,0.8605130086900531,0.8805130086900531
313,0.9167506153921662,0.9167506153921662,0.9067506153921662,0.9067506153921662,0.9067506153921662,0.8967506153921662,0.9067506153921662,0.9167506153921662,0.9267506153921662,0.9167506153921662,0.8967506153921662,0.8967506153921662,0.8967506153921662
314,0.8149953329538422,0.8049953329538422,0.8049953329538422,0.8149953329538422,0.8049953329538422,0.8249953329538422,0.8349953329538422,0.8349953329538422,0.8249953329538422,0.8249953329538422,0.8149953329538422,0.8149953329538422,0.8149953329538422
315,0.8308685856283804,0.8308685856283804,0.8308685856283804,0.8308685856283804,0.8408685856283804,0.8308685856283804,0.8408685856283804,0.8408685856283804,0.8308685856283804,0.8408685856283804,0.8308685856283804,0.8308685856283804,0.8208685856283804
316,0.8008775259207193,0.8108775259207193,0.8008775259207193,0.8108775259207193,0.8208775259207193,0.8108775259207193,0.8008775259207193,0.7908775259207192,0.7908775259207192,0.7908775259207192,0.7908775259207192,0.7908775259207192,0.7908775259207192
317,0.829655307317858,0.829655307317858,0.829655307317858,0.849655307317858,0.849655307317858,0.859655307317858,0.839655307317858,0.839655307317858,0.849655307317858,0.859655307317858,0.849655307317858,0.839655307317858,0.829655307317858
318,0.78995890472747,0.77995890472747,0.75995890472747,0.76995890472747,0.77995890472747,0.75995890472747,0.74995890472747,0.74995890472747,0.75995890472747,0.75995890472747,0.76995890472747,0.77995890472747,0.75995890472747
319,0.8454858886357053,0.8454858886357053,0.8454858886357053,0.8554858886357053,0.8454858886357053,0.8454858886357053,0.8454858886357053,0.8754858886357053,0.8854858886357053,0.8804858886357053,0.8804858886357053,0.8704858886357053,0.8804858886357053
320,0.7820503583231276,0.7720503583231276,0.7820503583231276,0.7820503583231276,0.7620503583231276,0.7620503583231276,0.7620503583231276,0.7520503583231276,0.7620503583231276,0.7870503583231276,0.8170503583231277,0.8170503583231277,0.8170503583231277
321,0.8035343874717746,0.7935343874717746,0.7935343874717746,0.7835343874717746,0.7835343874717746,0.7935343874717746,0.7735343874717746,0.7935343874717746,0.7935343874717746,0.8035343874717746,0.8035343874717746,0.8235343874717747,0.8335343874717747
322,0.9468223485822843,0.9468223485822843,0.9468223485822843,0.9468223485822843,0.9568223485822843,0.9468223485822843,0.9568223485822843,0.9668223485822843,0.9768223485822843,0.9568223485822843,0.9568223485822843,0.9568223485822843,0.9468223485822843
323,0.868669627344686,0.868669627344686,0.878669627344686,0.878669627344686,0.878669627344686,0.858669627344686,0.858669627344686,0.868669627344686,0.868669627344686,0.878669627344686,0.868669627344686,0.858669627344686,0.868669627344686
324,0.8188858282397669,0.8288858282397669,0.8288858282397669,0.8388858282397669,0.8488858282397669,0.8388858282397669,0.8588858282397669,0.8488858282397669,0.8488858282397669,0.8588858282397669,0.8388858282397669,0.8288858282397669,0.8388858282397669
325,0.8278029625785044,0.8278029625785044,0.8278029625785044,0.8078029625785044,0.7978029625785044,0.7978029625785044,0.8078029625785044,0.8078029625785044,0.8178029625785044,0.8078029625785044,0.7878029625785044,0.7878029625785044,0.7928029625785044
326,0.8747500315456969,0.8647500315456969,0.8747500315456969,0.8747500315456969,0.8747500315456969,0.8447500315456968,0.8347500315456968,0.8447500315456968,0.8447500315456968,0.8347500315456968,0.8397500315456968,0.8397500315456968,0.8497500315456968
327,0.837710817548596,0.807710817548596,0.807710817548596,0.817710817548596,0.837710817548596,0.837710817548596,0.847710817548596,0.837710817548596,0.877710817548596,0.877710817548596,0.877710817548596,0.877710817548596,0.877710817548596
328,0.8780267046565308,0.8680267046565308,0.8680267046565308,0.8580267046565307,0.8580267046565307,0.8580267046565307,0.8580267046565307,0.8580267046565307,0.8680267046565308,0.8880267046565308,0.8680267046565308,0.8680267046565308,0.8880267046565308
329,0.8700685985096639,0.8900685985096639,0.8900685985096639,0.9100685985096639,0.9000685985096639,0.9000685985096639,0.9100685985096639,0.9100685985096639,0.9050685985096639,0.9050685985096639,0.9050685985096639,0.8950685985096639,0.8950685985096639
330,0.8981453089911287,0.8881453089911286,0.8881453089911286,0.8681453089911286,0.8681453089911286,0.8781453089911286,0.8781453089911286,0.8781453089911286,0.8881453089911286,0.8981453089911287,0.9381453089911287,0.9331453089911287,0.9331453089911287
331,0.7657285687785796,0.7457285687785796,0.7707285687785796,0.7707285687785796,0.7807285687785797,0.7807285687785797,0.8007285687785797,0.7807285687785797,0.7607285687785796,0.7607285687785796,0.7607285687785796,0.7807285687785797,0.7807285687785797
332,0.819559174965286,0.829559174965286,0.859559174965286,0.854559174965286,0.834559174965286,0.834559174965286,0.834559174965286,0.854559174965286,0.854559174965286,0.844559174965286,0.844559174965286,0.854559174965286,0.844559174965286
333,0.8706231284440731,0.8706231284440731,0.8706231284440731,0.8806231284440731,0.8806231284440731,0.8806231284440731,0.8906231284440731,0.8906231284440731,0.9006231284440731,0.8906231284440731,0.9006231284440731,0.9006231284440731,0.8856231284440731
334,0.832768721628492,0.832768721628492,0.8727687216284921,0.8677687216284921,0.857768721628492,0.837768721628492,0.837768721628492,0.837768721628492,0.837768721628492,0.847768721628492,0.847768721628492,0.847768721628492,0.827768721628492
335,0.7968642815559261,0.7968642815559261,0.7768642815559261,0.7868642815559261,0.7868642815559261,0.7768642815559261,0.7768642815559261,0.7668642815559261,0.7668642815559261,0.7818642815559261,0.7918642815559261,0.7918642815559261,0.8018642815559262
336,0.8312403519521496,0.8512403519521496,0.8412403519521496,0.8412403519521496,0.8612403519521497,0.8512403519521496,0.8512403519521496,0.8712403519521497,0.8662403519521497,0.8562403519521496,0.8562403519521496,0.8562403519521496,0.8662403519521497
337,0.8218849119382462,0.8218849119382462,0.8218849119382462,0.8318849119382462,0.8418849119382462,0.8418849119382462,0.8318849119382462,0.8418849119382462,0.8418849119382462,0.8418849119382462,0.8418849119382462,0.8518849119382462,0.8518849119382462
338,0.8706771068560933,0.8706771068560933,0.8806771068560934,0.8706771068560933,0.8506771068560933,0.8406771068560933,0.8406771068560933,0.8556771068560933,0.8556771068560933,0.8456771068560933,0.8456771068560933,0.8556771068560933,0.8656771068560933
339,0.8593655683628946,0.8593655683628946,0.8493655683628946,0.8493655683628946,0.8493655683628946,0.8493655683628946,0.8493655683628946,0.8493655683628946,0.8493655683628946,0.8693655683628946,0.8693655683628946,0.8593655683628946,0.8593655683628946
340,0.801084248275205,0.821084248275205,0.821084248275205,0.821084248275205,0.801084248275205,0.801084248275205,0.801084248275205,0.801084248275205,0.801084248275205,0.801084248275205,0.801084248275205,0.781084248275205,0.7710842482752049
341,0.8619831534797044,0.8719831534797045,0.8719831534797045,0.8719831534797045,0.8619831534797044,0.8619831534797044,0.8619831534797044,0.8619831534797044,0.8519831534797044,0.8419831534797044,0.8419831534797044,0.8419831534797044,0.8419831534797044
342,0.8912033106871263,0.9012033106871263,0.9012033106871263,0.9012033106871263,0.9012033106871263,0.9012033106871263,0.9012033106871263,0.8912033106871263,0.8912033106871263,0.8912033106871263,0.8912033106871263,0.9012033106871263,0.9212033106871264
343,0.849530672506369,0.849530672506369,0.859530672506369,0.8895306725063691,0.8895306725063691,0.8895306725063691,0.8895306725063691,0.8895306725063691,0.8895306725063691,0.8895306725063691,0.8895306725063691,0.8795306725063691,0.8695306725063691
344,0.8618927001750368,0.8718927001750368,0.8318927001750368,0.8418927001750368,0.8418927001750368,0.8318927001750368,0.8418927001750368,0.8618927001750368,0.8618927001750368,0.8918927001750369,0.8918927001750369,0.8818927001750368,0.8918927001750369
345,0.8414779823083817,0.8314779823083817,0.8414779823083817,0.8414779823083817,0.8214779823083816,0.8114779823083816,0.8114779823083816,0.8114779823083816,0.8114779823083816,0.8014779823083816,0.8014779823083816,0.8014779823083816,0.8114779823083816
346,0.8900790840745914,0.8900790840745914,0.8900790840745914,0.9000790840745914,0.9000790840745914,0.9000790840745914,0.9000790840745914,0.8900790840745914,0.8900790840745914,0.8900790840745914,0.8900790840745914,0.9000790840745914,0.9000790840745914
347,0.894957198926106,0.904957198926106,0.914957198926106,0.9349571989261061,0.9349571989261061,0.9349571989261061,0.9349571989261061,0.9349571989261061,0.9349571989261061,0.9349571989261061,0.9299571989261061,0.9199571989261061,0.9199571989261061
348,0.8411863546306357,0.8411863546306357,0.8411863546306357,0.8611863546306358,0.8711863546306358,0.8711863546306358,0.8611863546306358,0.8711863546306358,0.8711863546306358,0.8611863546306358,0.8611863546306358,0.8611863546306358,0.8711863546306358
349,0.8920005899454673,0.8920005899454673,0.9020005899454673,0.9020005899454673,0.9120005899454673,0.9020005899454673,0.8920005899454673,0.8920005899454673,0.8920005899454673,0.8820005899454673,0.9020005899454673,0.9020005899454673,0.8820005899454673
350,0.7658197848588509,0.7658197848588509,0.7658197848588509,0.7658197848588509,0.785819784858851,0.795819784858851,0.795819784858851,0.775819784858851,0.7658197848588509,0.785819784858851,0.785819784858851,0.795819784858851,0.795819784858851
351,0.9403233593564905,0.9303233593564905,0.9303233593564905,0.9303233593564905,0.9403233593564905,0.9403233593564905,0.9603233593564905,0.9603233593564905,0.9403233593564905,0.9503233593564905,0.9503233593564905,0.9503233593564905,0.9503233593564905
352,0.8937568626908076,0.9037568626908076,0.9137568626908076,0.9237568626908076,0.9037568626908076,0.9037568626908076,0.9137568626908076,0.9137568626908076,0.9137568626908076,0.9137568626908076,0.9137568626908076,0.9137568626908076,0.9137568626908076
353,0.8197220597299423,0.8197220597299423,0.8297220597299423,0.8297220597299423,0.8397220597299423,0.8597220597299423,0.8597220597299423,0.8197220597299423,0.8197220597299423,0.8097220597299423,0.8097220597299423,0.8297220597299423,0.8297220597299423
354,0.9055420205865128,0.9055420205865128,0.8955420205865128,0.8955420205865128,0.8955420205865128,0.9055420205865128,0.9055420205865128,0.9055420205865128,0.8755420205865128,0.8655420205865128,0.8855420205865128,0.8955420205865128,0.9055420205865128
355,0.8181988561755738,0.8381988561755738,0.8581988561755738,0.8531988561755738,0.8531988561755738,0.8431988561755738,0.8631988561755738,0.8631988561755738,0.8631988561755738,0.8531988561755738,0.8531988561755738,0.8531988561755738,0.8531988561755738
356,0.7763420789117881,0.7763420789117881,0.7963420789117881,0.7863420789117881,0.7863420789117881,0.7863420789117881,0.7863420789117881,0.7563420789117881,0.746342078911788,0.746342078911788,0.7563420789117881,0.7763420789117881,0.7763420789117881
357,0.8389433494354512,0.8589433494354513,0.8589433494354513,0.8589433494354513,0.8589433494354513,0.8339433494354512,0.8339433494354512,0.8439433494354512,0.8439433494354512,0.8139433494354512,0.8039433494354512,0.8039433494354512,0.8039433494354512
358,0.9154709257973264,0.9254709257973264,0.9154709257973264,0.9154709257973264,0.8954709257973263,0.8954709257973263,0.9054709257973264,0.9154709257973264,0.9154709257973264,0.9354709257973264,0.9254709257973264,0.9254709257973264,0.9254709257973264
359,0.8934459950566195,0.8934459950566195,0.8734459950566195,0.8734459950566195,0.8734459950566195,0.8834459950566195,0.8834459950566195,0.9234459950566195,0.9134459950566195,0.8934459950566195,0.8934459950566195,0.8934459950566195,0.8834459950566195
360,0.8450964573058855,0.8350964573058854,0.8350964573058854,0.8450964573058855,0.8350964573058854,0.8350964573058854,0.8450964573058855,0.8250964573058854,0.8450964573058855,0.8450964573058855,0.8350964573058854,0.8350964573058854,0.8150964573058854
361,0.832701667398808,0.832701667398808,0.842701667398808,0.852701667398808,0.862701667398808,0.847701667398808,0.847701667398808,0.847701667398808,0.857701667398808,0.847701667398808,0.847701667398808,0.827701667398808,0.837701667398808
362,0.8394592169275605,0.8394592169275605,0.8194592169275605,0.8294592169275605,0.8194592169275605,0.8194592169275605,0.8094592169275605,0.8244592169275605,0.8144592169275605,0.8144592169275605,0.8144592169275605,0.8144592169275605,0.8244592169275605
363,0.9038181286877841,0.9138181286877841,0.9238181286877841,0.9238181286877841,0.9238181286877841,0.9338181286877841,0.9238181286877841,0.9238181286877841,0.9438181286877841,0.9388181286877841,0.9288181286877841,0.8988181286877841,0.9088181286877841
364,0.8958840959133492,0.8758840959133491,0.8858840959133492,0.8858840959133492,0.8958840959133492,0.8858840959133492,0.8858840959133492,0.8958840959133492,0.9058840959133492,0.8758840959133491,0.8758840959133491,0.8758840959133491,0.8858840959133492
365,0.8608384745364678,0.8708384745364678,0.8708384745364678,0.8708384745364678,0.8808384745364678,0.8808384745364678,0.8808384745364678,0.9008384745364678,0.8808384745364678,0.8808384745364678,0.8608384745364678,0.8608384745364678,0.8808384745364678
366,0.8822131081688378,0.9222131081688378,0.9222131081688378,0.9222131081688378,0.9172131081688378,0.9072131081688378,0.9072131081688378,0.9072131081688378,0.8972131081688378,0.8872131081688378,0.8872131081688378,0.8772131081688378,0.8772131081688378
367,0.8229327024712882,0.8329327024712883,0.8429327024712883,0.8429327024712883,0.8429327024712883,0.8529327024712883,0.8629327024712883,0.8429327024712883,0.8179327024712882,0.8079327024712882,0.8079327024712882,0.8079327024712882,0.7879327024712882
368,0.8719201907500713,0.8819201907500713,0.8819201907500713,0.8819201907500713,0.8819201907500713,0.8819201907500713,0.8919201907500713,0.8719201907500713,0.8819201907500713,0.9019201907500713,0.8869201907500713,0.8969201907500713,0.8969201907500713
369,0.9155617902306525,0.9155617902306525,0.9155617902306525,0.9255617902306525,0.9355617902306526,0.9255617902306525,0.9355617902306526,0.9555617902306526,0.9455617902306526,0.9355617902306526,0.9355617902306526,0.9355617902306526,0.9455617902306526
370,0.8587643151986197,0.8487643151986197,0.8487643151986197,0.8487643151986197,0.8687643151986197,0.8987643151986198,0.8987643151986198,0.8937643151986198,0.8837643151986198,0.8637643151986197,0.8737643151986197,0.8737643151986197,0.8737643151986197
371,0.8482975390792004,0.8482975390792004,0.8182975390792003,0.8182975390792003,0.8082975390792003,0.8082975390792003,0.8182975390792003,0.8182975390792003,0.8182975390792003,0.8332975390792003,0.8232975390792003,0.8232975390792003,0.8232975390792003
372,0.9543702042425415,0.9543702042425415,0.9443702042425415,0.9443702042425415,0.9443702042425415,0.9543702042425415,0.9543702042425415,0.9543702042425415,0.9543702042425415,0.9343702042425415,0.9443702042425415,0.9443702042425415,0.9443702042425415
373,0.860952694546651,0.890952694546651,0.870952694546651,0.850952694546651,0.850952694546651,0.830952694546651,0.830952694546651,0.820952694546651,0.820952694546651,0.825952694546651,0.835952694546651,0.845952694546651,0.845952694546651
374,0.8742940512954194,0.8942940512954194,0.8842940512954194,0.9142940512954194,0.9042940512954194,0.9042940512954194,0.8892940512954194,0.8892940512954194,0.8892940512954194,0.8892940512954194,0.9092940512954194,0.9092940512954194,0.8992940512954194
375,0.8412673602578865,0.8512673602578865,0.8312673602578865,0.8312673602578865,0.8312673602578865,0.8212673602578865,0.8312673602578865,0.8312673602578865,0.8212673602578865,0.8212673602578865,0.8462673602578865,0.8662673602578865,0.8762673602578865
376,0.7791813865952756,0.7891813865952756,0.8091813865952756,0.7941813865952756,0.7941813865952756,0.8041813865952756,0.8041813865952756,0.8141813865952756,0.8141813865952756,0.8041813865952756,0.8041813865952756,0.8041813865952756,0.8041813865952756
377,0.8670466482970839,0.8770466482970839,0.8770466482970839,0.8970466482970839,0.8820466482970839,0.8820466482970839,0.8420466482970839,0.8420466482970839,0.8320466482970839,0.8320466482970839,0.8420466482970839,0.8620466482970839,0.8620466482970839
378,0.9329548255297099,0.9429548255297099,0.9529548255297099,0.9429548255297099,0.9429548255297099,0.9529548255297099,0.9529548255297099,0.9329548255297099,0.9429548255297099,0.9629548255297099,0.9629548255297099,0.9629548255297099,0.9729548255297099
379,0.9167074708198243,0.9167074708198243,0.9167074708198243,0.9167074708198243,0.9067074708198243,0.9067074708198243,0.8967074708198243,0.8767074708198243,0.8817074708198243,0.8917074708198243,0.8917074708198243,0.8817074708198243,0.8817074708198243
380,0.9251388285130973,0.9251388285130973,0.9351388285130973,0.9351388285130973,0.9451388285130973,0.9451388285130973,0.9451388285130973,0.9551388285130973,0.9551388285130973,0.9551388285130973,0.9451388285130973,0.9451388285130973,0.9251388285130973
381,0.8670238844901486,0.8670238844901486,0.8670238844901486,0.8570238844901485,0.8570238844901485,0.8570238844901485,0.8570238844901485,0.8470238844901485,0.8270238844901485,0.8320238844901485,0.8420238844901485,0.8420238844901485,0.8420238844901485
382,0.8557585119926822,0.8557585119926822,0.8357585119926821,0.8357585119926821,0.8357585119926821,0.8357585119926821,0.8357585119926821,0.8457585119926821,0.8157585119926821,0.8207585119926821,0.8407585119926821,0.8507585119926822,0.8507585119926822
383,0.886966875107708,0.886966875107708,0.886966875107708,0.916966875107708,0.916966875107708,0.916966875107708,0.916966875107708,0.906966875107708,0.906966875107708,0.906966875107708,0.906966875107708,0.906966875107708,0.916966875107708
384,0.8982202030578997,0.9082202030578997,0.9082202030578997,0.9082202030578997,0.9282202030578998,0.9082202030578997,0.9282202030578998,0.9282202030578998,0.9282202030578998,0.9282202030578998,0.9082202030578997,0.9082202030578997,0.9082202030578997
385,0.824533166927858,0.8345331669278581,0.8345331669278581,0.824533166927858,0.824533166927858,0.8445331669278581,0.8445331669278581,0.8545331669278581,0.8645331669278581,0.8595331669278581,0.8495331669278581,0.8595331669278581,0.8595331669278581
386,0.9125745919665562,0.9225745919665562,0.9325745919665562,0.9425745919665562,0.9525745919665563,0.9475745919665562,0.9475745919665562,0.9475745919665562,0.9475745919665562,0.9475745919665562,0.9475745919665562,0.9275745919665562,0.9275745919665562
387,0.8651353167292862,0.8651353167292862,0.8651353167292862,0.8351353167292862,0.8551353167292862,0.8551353167292862,0.8451353167292862,0.8551353167292862,0.8651353167292862,0.8651353167292862,0.8651353167292862,0.8551353167292862,0.8651353167292862
388,0.9013381809559626,0.9013381809559626,0.9013381809559626,0.9213381809559626,0.9313381809559627,0.9213381809559626,0.9213381809559626,0.9113381809559626,0.9113381809559626,0.9213381809559626,0.9013381809559626,0.9013381809559626,0.9013381809559626
389,0.910022405844079,0.920022405844079,0.910022405844079,0.910022405844079,0.910022405844079,0.890022405844079,0.940022405844079,0.940022405844079,0.940022405844079,0.940022405844079,0.940022405844079,0.940022405844079,0.950022405844079
390,0.8498064136615622,0.8498064136615622,0.8198064136615621,0.8098064136615621,0.8098064136615621,0.8298064136615622,0.8298064136615622,0.8398064136615622,0.8398064136615622,0.8398064136615622,0.8598064136615622,0.8398064136615622,0.8398064136615622
391,0.8590264521973058,0.8390264521973058,0.8290264521973058,0.8290264521973058,0.8290264521973058,0.8440264521973058,0.8540264521973058,0.8740264521973058,0.8740264521973058,0.8740264521973058,0.8940264521973058,0.8840264521973058,0.8940264521973058
392,0.8226272391641786,0.8226272391641786,0.8226272391641786,0.8126272391641786,0.8126272391641786,0.8226272391641786,0.8126272391641786,0.8126272391641786,0.8326272391641786,0.8326272391641786,0.8526272391641786,0.8626272391641786,0.8626272391641786
393,0.8200378542808717,0.8300378542808717,0.8300378542808717,0.8300378542808717,0.8400378542808717,0.8400378542808717,0.8300378542808717,0.8300378542808717,0.8200378542808717,0.8200378542808717,0.8200378542808717,0.8300378542808717,0.8200378542808717
394,0.8784562140609671,0.848456214060967,0.8584562140609671,0.8584562140609671,0.8584562140609671,0.8584562140609671,0.8584562140609671,0.8584562140609671,0.848456214060967,0.848456214060967,0.848456214060967,0.8584562140609671,0.838456214060967
395,0.8398898231038533,0.8398898231038533,0.8598898231038533,0.8598898231038533,0.8498898231038533,0.8598898231038533,0.8298898231038533,0.8298898231038533,0.8298898231038533,0.8198898231038533,0.8098898231038533,0.8198898231038533,0.8198898231038533
396,0.8246740277013822,0.8146740277013822,0.7946740277013822,0.8246740277013822,0.8246740277013822,0.8346740277013822,0.8346740277013822,0.8346740277013822,0.8346740277013822,0.8146740277013822,0.8346740277013822,0.8346740277013822,0.8346740277013822
397,0.8402212683362072,0.8302212683362072,0.8102212683362072,0.8102212683362072,0.8202212683362072,0.8502212683362073,0.8602212683362073,0.8352212683362072,0.8452212683362073,0.8452212683362073,0.8352212683362072,0.8552212683362073,0.8552212683362073
398,0.8311385346691311,0.8311385346691311,0.8311385346691311,0.8611385346691312,0.8461385346691311,0.8461385346691311,0.8461385346691311,0.8561385346691311,0.8561385346691311,0.8161385346691311,0.8261385346691311,0.8161385346691311,0.8061385346691311
399,0.7983527402370638,0.7983527402370638,0.7983527402370638,0.7883527402370638,0.7983527402370638,0.7983527402370638,0.8083527402370638,0.8183527402370638,0.8283527402370638,0.8083527402370638,0.8083527402370638,0.7983527402370638,0.7983527402370638
400,0.7828005465439353,0.7828005465439353,0.7728005465439353,0.7728005465439353,0.7628005465439353,0.7628005465439353,0.7628005465439353,0.7528005465439352,0.7678005465439353,0.7478005465439352,0.7878005465439353,0.7678005465439353,0.7778005465439353
401,0.8733800551521126,0.8733800551521126,0.8733800551521126,0.8833800551521126,0.8733800551521126,0.8733800551521126,0.9033800551521126,0.9033800551521126,0.9033800551521126,0.9133800551521126,0.9083800551521126,0.8983800551521126,0.8883800551521126
402,0.8847863258353296,0.8747863258353296,0.8947863258353296,0.8747863258353296,0.8747863258353296,0.8747863258353296,0.8747863258353296,0.8647863258353296,0.8647863258353296,0.8547863258353295,0.8747863258353296,0.8847863258353296,0.9047863258353296
403,0.8377851354721955,0.8377851354721955,0.8277851354721955,0.8477851354721955,0.8477851354721955,0.8477851354721955,0.8477851354721955,0.8477851354721955,0.8477851354721955,0.8377851354721955,0.8177851354721954,0.8077851354721954,0.7977851354721954
404,0.795481135429857,0.785481135429857,0.805481135429857,0.835481135429857,0.830481135429857,0.830481135429857,0.820481135429857,0.820481135429857,0.820481135429857,0.820481135429857,0.810481135429857,0.810481135429857,0.820481135429857
405,0.9554456246624077,0.9354456246624077,0.9354456246624077,0.9154456246624076,0.9204456246624076,0.9204456246624076,0.9204456246624076,0.9204456246624076,0.9404456246624077,0.9304456246624077,0.9204456246624076,0.9304456246624077,0.9204456246624076
406,0.8544279656754519,0.8544279656754519,0.8444279656754519,0.8444279656754519,0.8344279656754519,0.8544279656754519,0.8544279656754519,0.8544279656754519,0.8544279656754519,0.8444279656754519,0.8344279656754519,0.8344279656754519,0.8444279656754519
407,0.8232122362488085,0.8132122362488085,0.7932122362488084,0.7932122362488084,0.7832122362488084,0.7832122362488084,0.7832122362488084,0.7932122362488084,0.7832122362488084,0.7932122362488084,0.7832122362488084,0.7882122362488084,0.7882122362488084
408,0.8509897257393201,0.8509897257393201,0.8709897257393201,0.8709897257393201,0.8809897257393201,0.8809897257393201,0.8809897257393201,0.8809897257393201,0.8809897257393201,0.8709897257393201,0.8459897257393201,0.8459897257393201,0.8459897257393201
409,0.8811503803101876,0.8711503803101875,0.8611503803101875,0.8611503803101875,0.8611503803101875,0.8611503803101875,0.8611503803101875,0.8411503803101875,0.8411503803101875,0.8461503803101875,0.8461503803101875,0.8561503803101875,0.8461503803101875
410,0.8518651856234903,0.8718651856234904,0.8468651856234903,0.8468651856234903,0.8668651856234904,0.8668651856234904,0.8668651856234904,0.8568651856234903,0.8668651856234904,0.8668651856234904,0.8868651856234904,0.8868651856234904,0.8868651856234904
411,0.8814391877852179,0.8814391877852179,0.8814391877852179,0.8714391877852179,0.8714391877852179,0.8814391877852179,0.8714391877852179,0.8614391877852179,0.8614391877852179,0.8614391877852179,0.8614391877852179,0.8614391877852179,0.8614391877852179
412,0.8371145503382823,0.8471145503382823,0.8371145503382823,0.8271145503382823,0.8371145503382823,0.8271145503382823,0.8171145503382823,0.8271145503382823,0.8171145503382823,0.8171145503382823,0.8271145503382823,0.8371145503382823,0.8271145503382823
413,0.859172167080164,0.839172167080164,0.849172167080164,0.849172167080164,0.829172167080164,0.829172167080164,0.829172167080164,0.8191721670801639,0.8191721670801639,0.8191721670801639,0.8241721670801639,0.834172167080164,0.834172167080164
414,0.8318399847694017,0.8318399847694017,0.8318399847694017,0.8318399847694017,0.8318399847694017,0.7918399847694017,0.7918399847694017,0.7918399847694017,0.8018399847694017,0.8218399847694017,0.8218399847694017,0.8118399847694017,0.8118399847694017
415,0.8830413114484689,0.8830413114484689,0.8630413114484689,0.8630413114484689,0.8630413114484689,0.8630413114484689,0.8430413114484688,0.8480413114484688,0.8480413114484688,0.8580413114484688,0.8580413114484688,0.8580413114484688,0.8780413114484689
416,0.8236389516475471,0.8436389516475471,0.8536389516475471,0.8536389516475471,0.8536389516475471,0.8436389516475471,0.8436389516475471,0.8186389516475471,0.8086389516475471,0.8086389516475471,0.7986389516475471,0.7986389516475471,0.8086389516475471
417,0.8511370297584963,0.8511370297584963,0.8811370297584963,0.8661370297584963,0.8461370297584963,0.8361370297584962,0.8461370297584963,0.8461370297584963,0.8361370297584962,0.8361370297584962,0.8261370297584962,0.8261370297584962,0.8261370297584962
418,0.8225287658443692,0.8325287658443692,0.8425287658443692,0.8125287658443692,0.8125287658443692,0.8125287658443692,0.8125287658443692,0.8125287658443692,0.8125287658443692,0.8125287658443692,0.8025287658443692,0.8025287658443692,0.8025287658443692
419,0.8284704099573059,0.8084704099573059,0.8184704099573059,0.8284704099573059,0.8484704099573059,0.8484704099573059,0.858470409957306,0.868470409957306,0.868470409957306,0.863470409957306,0.8434704099573059,0.8434704099573059,0.8434704099573059
420,0.8691741419570929,0.8591741419570929,0.8591741419570929,0.8891741419570929,0.8691741419570929,0.8691741419570929,0.8691741419570929,0.8591741419570929,0.8491741419570928,0.8491741419570928,0.8391741419570928,0.8391741419570928,0.8491741419570928
421,0.9098623825870633,0.9098623825870633,0.9098623825870633,0.9098623825870633,0.8998623825870633,0.8998623825870633,0.8898623825870633,0.8898623825870633,0.8898623825870633,0.8898623825870633,0.8898623825870633,0.9098623825870633,0.9198623825870633
422,0.7758270491108078,0.7758270491108078,0.7758270491108078,0.7758270491108078,0.7758270491108078,0.7758270491108078,0.7858270491108078,0.7858270491108078,0.7858270491108078,0.7958270491108078,0.7758270491108078,0.7758270491108078,0.7658270491108078
423,0.7984775936064376,0.7984775936064376,0.7984775936064376,0.7884775936064375,0.7884775936064375,0.7984775936064376,0.7784775936064375,0.7884775936064375,0.7784775936064375,0.7684775936064375,0.7784775936064375,0.7784775936064375,0.7884775936064375
424,0.8359333709641074,0.8259333709641073,0.8259333709641073,0.8259333709641073,0.8459333709641074,0.8459333709641074,0.8559333709641074,0.8659333709641074,0.8659333709641074,0.8559333709641074,0.8559333709641074,0.8759333709641074,0.8759333709641074
425,0.8120236265886323,0.8120236265886323,0.8220236265886323,0.8120236265886323,0.8020236265886322,0.8020236265886322,0.7820236265886322,0.7720236265886322,0.7770236265886322,0.7870236265886322,0.7770236265886322,0.7870236265886322,0.7870236265886322
426,0.8506374389761542,0.8306374389761542,0.8306374389761542,0.8506374389761542,0.8506374389761542,0.8406374389761542,0.8206374389761542,0.8406374389761542,0.8406374389761542,0.8756374389761542,0.8756374389761542,0.8856374389761542,0.8856374389761542
427,0.8147700660469259,0.8147700660469259,0.8347700660469259,0.8247700660469259,0.8147700660469259,0.8247700660469259,0.8147700660469259,0.8147700660469259,0.8147700660469259,0.8147700660469259,0.8247700660469259,0.8147700660469259,0.8147700660469259
428,0.8818163747015947,0.9018163747015947,0.9118163747015947,0.9118163747015947,0.9218163747015947,0.9218163747015947,0.9218163747015947,0.9218163747015947,0.9018163747015947,0.9018163747015947,0.9018163747015947,0.9018163747015947,0.9118163747015947
429,0.804762933726678,0.834762933726678,0.834762933726678,0.834762933726678,0.824762933726678,0.824762933726678,0.824762933726678,0.824762933726678,0.834762933726678,0.834762933726678,0.819762933726678,0.839762933726678,0.829762933726678
430,0.9163350616495909,0.9163350616495909,0.9263350616495909,0.9263350616495909,0.8963350616495909,0.8763350616495909,0.8763350616495909,0.8813350616495909,0.8913350616495909,0.8913350616495909,0.8913350616495909,0.9013350616495909,0.8813350616495909
431,0.8689283965313953,0.8689283965313953,0.8789283965313953,0.8589283965313953,0.8589283965313953,0.8989283965313953,0.8989283965313953,0.8989283965313953,0.8989283965313953,0.8889283965313953,0.8789283965313953,0.8689283965313953,0.8689283965313953
432,0.8298317693877,0.8398317693877,0.8398317693877,0.8398317693877,0.8198317693877,0.8198317693877,0.8598317693877,0.8298317693877,0.8198317693877,0.8098317693877,0.7998317693877,0.8298317693877,0.8298317693877
433,0.8935057873577339,0.9035057873577339,0.9235057873577339,0.9085057873577339,0.9085057873577339,0.9085057873577339,0.8985057873577339,0.8985057873577339,0.8985057873577339,0.8785057873577339,0.8985057873577339,0.8885057873577339,0.8885057873577339
434,0.8670376630987368,0.8770376630987368,0.8870376630987368,0.9070376630987368,0.9070376630987368,0.9070376630987368,0.9020376630987368,0.9020376630987368,0.8920376630987368,0.8920376630987368,0.8820376630987368,0.8920376630987368,0.8820376630987368
435,0.8604822224979302,0.8604822224979302,0.8604822224979302,0.8604822224979302,0.8504822224979302,0.8404822224979301,0.8504822224979302,0.8504822224979302,0.8504822224979302,0.8504822224979302,0.8404822224979301,0.8404822224979301,0.8204822224979301
436,0.902563924777483,0.902563924777483,0.902563924777483,0.902563924777483,0.912563924777483,0.902563924777483,0.902563924777483,0.912563924777483,0.9225639247774831,0.9225639247774831,0.902563924777483,0.882563924777483,0.892563924777483
437,0.8313426019955135,0.8513426019955135,0.8513426019955135,0.8513426019955135,0.8513426019955135,0.8513426019955135,0.8513426019955135,0.8713426019955135,0.8713426019955135,0.8663426019955135,0.8663426019955135,0.8563426019955135,0.8463426019955135
438,0.9086426653566996,0.9086426653566996,0.9086426653566996,0.9286426653566996,0.9386426653566996,0.9486426653566996,0.9486426653566996,0.9386426653566996,0.9386426653566996,0.9286426653566996,0.9286426653566996,0.9286426653566996,0.9086426653566996
439,0.8804012097536915,0.8804012097536915,0.8804012097536915,0.8804012097536915,0.8704012097536915,0.8604012097536915,0.8604012097536915,0.9004012097536915,0.8904012097536915,0.9004012097536915,0.9004012097536915,0.9004012097536915,0.9004012097536915
440,0.8705973138059002,0.8705973138059002,0.8805973138059002,0.8705973138059002,0.8605973138059002,0.8705973138059002,0.8605973138059002,0.8505973138059002,0.8705973138059002,0.8705973138059002,0.8605973138059002,0.8605973138059002,0.8705973138059002
441,0.7908819529130846,0.7908819529130846,0.7908819529130846,0.7908819529130846,0.7908819529130846,0.7808819529130846,0.7808819529130846,0.7808819529130846,0.8008819529130846,0.8008819529130846,0.8108819529130846,0.8108819529130846,0.8008819529130846
442,0.8457505093239064,0.8457505093239064,0.8457505093239064,0.8357505093239064,0.8457505093239064,0.8257505093239064,0.8257505093239064,0.8257505093239064,0.8257505093239064,0.8257505093239064,0.8157505093239064,0.8057505093239063,0.8107505093239064
443,0.9112240101755484,0.8812240101755484,0.8962240101755484,0.8962240101755484,0.8862240101755484,0.9162240101755484,0.9162240101755484,0.9362240101755485,0.9362240101755485,0.9362240101755485,0.9362240101755485,0.9362240101755485,0.9462240101755485
444,0.8733956897086013,0.8633956897086013,0.8633956897086013,0.8333956897086012,0.8333956897086012,0.8383956897086012,0.8383956897086012,0.8483956897086012,0.8483956897086012,0.8483956897086012,0.8583956897086013,0.8583956897086013,0.8583956897086013
445,0.815951766516813,0.855951766516813,0.855951766516813,0.850951766516813,0.840951766516813,0.850951766516813,0.850951766516813,0.850951766516813,0.840951766516813,0.840951766516813,0.820951766516813,0.820951766516813,0.820951766516813
446,0.8179295075916544,0.8379295075916544,0.8379295075916544,0.8379295075916544,0.8279295075916544,0.8279295075916544,0.8079295075916544,0.7879295075916544,0.7979295075916544,0.7979295075916544,0.7979295075916544,0.7879295075916544,0.7879295075916544
447,0.8570581258908989,0.8570581258908989,0.8670581258908989,0.8470581258908989,0.8270581258908989,0.8270581258908989,0.8370581258908989,0.8270581258908989,0.8270581258908989,0.8270581258908989,0.8270581258908989,0.8270581258908989,0.8270581258908989
448,0.7891569396520006,0.7891569396520006,0.8191569396520006,0.8091569396520006,0.8091569396520006,0.8091569396520006,0.8091569396520006,0.7891569396520006,0.7991569396520006,0.7991569396520006,0.8191569396520006,0.8041569396520006,0.8141569396520006
449,0.8427825390904979,0.852782539090498,0.8427825390904979,0.8327825390904979,0.8327825390904979,0.852782539090498,0.8327825390904979,0.8327825390904979,0.8427825390904979,0.852782539090498,0.862782539090498,0.862782539090498,0.862782539090498
450,0.8682528447212103,0.8882528447212104,0.8632528447212103,0.8632528447212103,0.8532528447212103,0.8532528447212103,0.8432528447212103,0.8332528447212103,0.8332528447212103,0.8332528447212103,0.8232528447212103,0.8232528447212103,0.8232528447212103
451,0.8383499010256337,0.8283499010256337,0.8183499010256337,0.8083499010256336,0.8233499010256337,0.8233499010256337,0.8333499010256337,0.8333499010256337,0.8333499010256337,0.8533499010256337,0.8533499010256337,0.8433499010256337,0.8433499010256337
452,0.8177588282761467,0.8377588282761467,0.8177588282761467,0.8177588282761467,0.7977588282761466,0.7777588282761466,0.7777588282761466,0.7877588282761466,0.7777588282761466,0.7777588282761466,0.7827588282761466,0.7827588282761466,0.7927588282761466
453,0.8684818762043794,0.8984818762043795,0.8984818762043795,0.8884818762043795,0.8784818762043795,0.8784818762043795,0.8784818762043795,0.8584818762043794,0.8584818762043794,0.8484818762043794,0.8684818762043794,0.8584818762043794,0.8884818762043795
454,0.8228873978177821,0.8028873978177821,0.8028873978177821,0.8028873978177821,0.8028873978177821,0.8128873978177821,0.8128873978177821,0.8028873978177821,0.7928873978177821,0.8028873978177821,0.782887397817782,0.782887397817782,0.787887397817782
455,0.8220013627765697,0.8320013627765697,0.8420013627765697,0.8320013627765697,0.8420013627765697,0.8420013627765697,0.8620013627765697,0.8520013627765697,0.8520013627765697,0.8370013627765697,0.8070013627765696,0.8470013627765697,0.8370013627765697
456,0.8685831593502839,0.8885831593502839,0.8885831593502839,0.8785831593502839,0.8585831593502838,0.8585831593502838,0.8585831593502838,0.8885831593502839,0.8885831593502839,0.8885831593502839,0.8785831593502839,0.8485831593502838,0.8485831593502838
457,0.8671687044202325,0.8671687044202325,0.8671687044202325,0.8771687044202325,0.8771687044202325,0.8871687044202325,0.8971687044202326,0.8971687044202326,0.8671687044202325,0.8571687044202325,0.8571687044202325,0.8571687044202325,0.8371687044202325
458,0.7873086404370926,0.7873086404370926,0.8073086404370926,0.8173086404370926,0.8273086404370926,0.8173086404370926,0.8273086404370926,0.8223086404370926,0.8223086404370926,0.8123086404370926,0.8123086404370926,0.8123086404370926,0.8023086404370926
459,0.8704007238243749,0.8604007238243749,0.8604007238243749,0.8704007238243749,0.8704007238243749,0.8704007238243749,0.8704007238243749,0.880400723824375,0.880400723824375,0.8604007238243749,0.8604007238243749,0.8604007238243749,0.8604007238243749
460,0.8245457283602926,0.8245457283602926,0.8245457283602926,0.8445457283602926,0.8045457283602926,0.7845457283602926,0.7895457283602926,0.7895457283602926,0.7995457283602926,0.7995457283602926,0.8195457283602926,0.8195457283602926,0.8395457283602926
461,0.8199928765194888,0.8199928765194888,0.8099928765194888,0.8099928765194888,0.7999928765194888,0.8099928765194888,0.8099928765194888,0.8299928765194888,0.8299928765194888,0.8299928765194888,0.8399928765194888,0.8399928765194888,0.8599928765194889
462,0.8732594325603306,0.8732594325603306,0.8632594325603306,0.8732594325603306,0.8632594325603306,0.8632594325603306,0.8732594325603306,0.8732594325603306,0.8732594325603306,0.8732594325603306,0.8732594325603306,0.8732594325603306,0.8332594325603305
463,0.8864369892321726,0.8764369892321726,0.8664369892321726,0.8564369892321726,0.8764369892321726,0.8764369892321726,0.8864369892321726,0.8764369892321726,0.8764369892321726,0.8564369892321726,0.8664369892321726,0.8664369892321726,0.8664369892321726
464,0.8326891553324218,0.8326891553324218,0.8526891553324218,0.8626891553324219,0.8626891553324219,0.8726891553324219,0.8726891553324219,0.8726891553324219,0.8726891553324219,0.8726891553324219,0.8726891553324219,0.8626891553324219,0.8726891553324219
465,0.8030942918250522,0.8130942918250522,0.8330942918250522,0.8330942918250522,0.8330942918250522,0.7930942918250522,0.7930942918250522,0.7930942918250522,0.7930942918250522,0.7930942918250522,0.8130942918250522,0.8230942918250522,0.8130942918250522
466,0.9088316204796134,0.9088316204796134,0.9088316204796134,0.9088316204796134,0.8988316204796134,0.9088316204796134,0.9088316204796134,0.9088316204796134,0.9288316204796134,0.9388316204796134,0.9388316204796134,0.9288316204796134,0.9288316204796134
467,0.8222217036211077,0.8122217036211077,0.8122217036211077,0.8122217036211077,0.8022217036211077,0.8022217036211077,0.7922217036211077,0.7922217036211077,0.7922217036211077,0.8022217036211077,0.7922217036211077,0.8022217036211077,0.8022217036211077
468,0.8032761739402554,0.7932761739402554,0.7932761739402554,0.7832761739402554,0.7832761739402554,0.7832761739402554,0.7832761739402554,0.7732761739402554,0.7732761739402554,0.7832761739402554,0.7932761739402554,0.8132761739402554,0.8132761739402554
469,0.9071533049913566,0.8971533049913566,0.8971533049913566,0.9171533049913566,0.9071533049913566,0.9171533049913566,0.9071533049913566,0.8971533049913566,0.8971533049913566,0.8771533049913566,0.8771533049913566,0.8771533049913566,0.8671533049913566
470,0.8670534268156807,0.8670534268156807,0.8670534268156807,0.8670534268156807,0.8670534268156807,0.8670534268156807,0.8670534268156807,0.8870534268156807,0.8870534268156807,0.8870534268156807,0.8970534268156807,0.8970534268156807,0.8670534268156807
471,0.9073848555082227,0.9273848555082227,0.9173848555082227,0.9173848555082227,0.9173848555082227,0.9173848555082227,0.9173848555082227,0.9273848555082227,0.8973848555082227,0.8973848555082227,0.8973848555082227,0.8973848555082227,0.8973848555082227
472,0.824845536492579,0.834845536492579,0.834845536492579,0.834845536492579,0.824845536492579,0.814845536492579,0.824845536492579,0.814845536492579,0.804845536492579,0.824845536492579,0.834845536492579,0.834845536492579,0.834845536492579
473,0.8125073291565046,0.8125073291565046,0.8125073291565046,0.8125073291565046,0.8025073291565046,0.7825073291565046,0.7925073291565046,0.7925073291565046,0.8125073291565046,0.8325073291565046,0.8325073291565046,0.8325073291565046,0.8425073291565046
474,0.8493273661145458,0.8493273661145458,0.8493273661145458,0.8693273661145459,0.8493273661145458,0.8293273661145458,0.8293273661145458,0.8393273661145458,0.8393273661145458,0.8393273661145458,0.8393273661145458,0.8293273661145458,0.8193273661145458
475,0.8488964656440796,0.8488964656440796,0.8488964656440796,0.8588964656440796,0.8488964656440796,0.8588964656440796,0.8188964656440796,0.8088964656440796,0.8188964656440796,0.8188964656440796,0.8188964656440796,0.8288964656440796,0.8288964656440796
476,0.9235119869525871,0.9235119869525871,0.9235119869525871,0.9135119869525871,0.893511986952587,0.893511986952587,0.893511986952587,0.903511986952587,0.903511986952587,0.9135119869525871,0.9135119869525871,0.903511986952587,0.903511986952587
477,0.8566478595918731,0.8666478595918731,0.8566478595918731,0.8766478595918731,0.8766478595918731,0.8566478595918731,0.8566478595918731,0.836647859591873,0.8566478595918731,0.8766478595918731,0.8766478595918731,0.8666478595918731,0.8866478595918731
478,0.8368544549949462,0.8068544549949461,0.8068544549949461,0.8218544549949461,0.8118544549949461,0.8218544549949461,0.8418544549949462,0.8518544549949462,0.8318544549949461,0.8218544549949461,0.8518544549949462,0.8618544549949462,0.8518544549949462
479,0.8286672171040596,0.8186672171040595,0.8386672171040596,0.8386672171040596,0.8186672171040595,0.7986672171040595,0.8086672171040595,0.7886672171040595,0.7936672171040595,0.8036672171040595,0.8136672171040595,0.8036672171040595,0.8236672171040595
480,0.8636515653492686,0.8636515653492686,0.8636515653492686,0.8836515653492686,0.8836515653492686,0.8636515653492686,0.8636515653492686,0.8636515653492686,0.8636515653492686,0.8636515653492686,0.8436515653492686,0.8436515653492686,0.8436515653492686
481,0.7911897422304676,0.7911897422304676,0.8111897422304676,0.8111897422304676,0.8111897422304676,0.8111897422304676,0.8011897422304676,0.7911897422304676,0.7811897422304676,0.7811897422304676,0.7811897422304676,0.7711897422304675,0.7711897422304675
482,0.8521747454802807,0.8521747454802807,0.8421747454802807,0.8421747454802807,0.8321747454802807,0.8521747454802807,0.8521747454802807,0.8521747454802807,0.8621747454802807,0.8521747454802807,0.8421747454802807,0.8521747454802807,0.8521747454802807
483,0.8341994071846534,0.8341994071846534,0.8341994071846534,0.8241994071846533,0.8241994071846533,0.8241994071846533,0.8241994071846533,0.8241994071846533,0.8241994071846533,0.8241994071846533,0.8141994071846533,0.8341994071846534,0.8341994071846534
484,0.9191645341116255,0.9191645341116255,0.9391645341116255,0.9591645341116255,0.9491645341116255,0.9491645341116255,0.9391645341116255,0.9291645341116255,0.9191645341116255,0.9191645341116255,0.9091645341116255,0.8791645341116254,0.8891645341116254
485,0.9447953048478864,0.9447953048478864,0.9447953048478864,0.9447953048478864,0.9447953048478864,0.9347953048478864,0.9347953048478864,0.9347953048478864,0.9347953048478864,0.9247953048478864,0.9247953048478864,0.9347953048478864,0.9147953048478864
486,0.9156418885877172,0.9156418885877172,0.8956418885877172,0.8956418885877172,0.9056418885877172,0.8856418885877172,0.8856418885877172,0.8856418885877172,0.9006418885877172,0.9006418885877172,0.9006418885877172,0.8906418885877172,0.8906418885877172
487,0.9107929421257507,0.9107929421257507,0.9107929421257507,0.9207929421257507,0.9407929421257507,0.9407929421257507,0.9257929421257507,0.9257929421257507,0.9357929421257507,0.9357929421257507,0.9357929421257507,0.9357929421257507,0.9457929421257507
488,0.8163005443117177,0.8263005443117177,0.8363005443117177,0.8363005443117177,0.8363005443117177,0.8363005443117177,0.8463005443117178,0.8313005443117177,0.8213005443117177,0.8213005443117177,0.8213005443117177,0.8113005443117177,0.8113005443117177
489,0.9081471693947343,0.8781471693947343,0.8781471693947343,0.8781471693947343,0.8781471693947343,0.8881471693947343,0.8681471693947342,0.8681471693947342,0.8681471693947342,0.8781471693947343,0.8781471693947343,0.8881471693947343,0.8781471693947343
490,0.8896345883098089,0.8896345883098089,0.9096345883098089,0.8896345883098089,0.9096345883098089,0.9096345883098089,0.9096345883098089,0.9096345883098089,0.9096345883098089,0.9096345883098089,0.9096345883098089,0.8996345883098089,0.9196345883098089
491,0.839480990566099,0.849480990566099,0.849480990566099,0.814480990566099,0.814480990566099,0.814480990566099,0.824480990566099,0.824480990566099,0.814480990566099,0.804480990566099,0.794480990566099,0.794480990566099,0.824480990566099
492,0.8022153826072052,0.7922153826072051,0.7822153826072051,0.7822153826072051,0.7922153826072051,0.7922153826072051,0.7822153826072051,0.7722153826072051,0.7722153826072051,0.7722153826072051,0.7722153826072051,0.7622153826072051,0.7722153826072051
493,0.8558886817931326,0.8658886817931326,0.8458886817931326,0.8458886817931326,0.8458886817931326,0.8458886817931326,0.8358886817931326,0.8158886817931326,0.8458886817931326,0.8558886817931326,0.8558886817931326,0.8458886817931326,0.8458886817931326
494,0.8212353359700691,0.8212353359700691,0.8112353359700691,0.8012353359700691,0.8112353359700691,0.8412353359700692,0.8212353359700691,0.8212353359700691,0.8312353359700692,0.8512353359700692,0.8512353359700692,0.8362353359700692,0.8362353359700692
495,0.8782614847662273,0.8782614847662273,0.8782614847662273,0.8882614847662273,0.8882614847662273,0.8682614847662273,0.8682614847662273,0.8682614847662273,0.8582614847662273,0.8482614847662273,0.8482614847662273,0.8382614847662273,0.8482614847662273
496,0.823127098189079,0.813127098189079,0.823127098189079,0.843127098189079,0.843127098189079,0.8531270981890791,0.843127098189079,0.818127098189079,0.808127098189079,0.808127098189079,0.818127098189079,0.798127098189079,0.828127098189079
497,0.88887177837208,0.88887177837208,0.87887177837208,0.85887177837208,0.86887177837208,0.8488717783720799,0.85887177837208,0.85887177837208,0.86887177837208,0.85887177837208,0.85887177837208,0.85887177837208,0.85887177837208
498,0.8381934353027725,0.8281934353027725,0.8281934353027725,0.8281934353027725,0.8381934353027725,0.8681934353027725,0.8681934353027725,0.8681934353027725,0.8681934353027725,0.8681934353027725,0.8581934353027725,0.8481934353027725,0.8381934353027725
499,0.8905693011325577,0.8805693011325577,0.8905693011325577,0.9105693011325577,0.9005693011325577,0.8905693011325577,0.8805693011325577,0.8805693011325577,0.9105693011325577,0.9005693011325577,0.8905693011325577,0.8905693011325577,0.8905693011325577
500,0.8914716974506457,0.9014716974506457,0.8914716974506457,0.8614716974506457,0.8614716974506457,0.8514716974506457,0.8614716974506457,0.8714716974506457,0.8714716974506457,0.8514716974506457,0.8514716974506457,0.8514716974506457,0.8514716974506457
501,0.8619977517294494,0.8719977517294494,0.8819977517294494,0.8919977517294494,0.8769977517294494,0.8769977517294494,0.8469977517294494,0.8569977517294494,0.8869977517294494,0.8669977517294494,0.9069977517294494,0.9069977517294494,0.9069977517294494
502,0.8317475142552417,0.8417475142552417,0.8317475142552417,0.8317475142552417,0.8117475142552417,0.8117475142552417,0.8117475142552417,0.8117475142552417,0.8117475142552417,0.8117475142552417,0.7917475142552417,0.7967475142552417,0.8067475142552417
503,0.8063758515045027,0.8163758515045028,0.8163758515045028,0.8063758515045027,0.8263758515045028,0.8263758515045028,0.8263758515045028,0.8013758515045027,0.7913758515045027,0.7913758515045027,0.8013758515045027,0.7813758515045027,0.7813758515045027
504,0.79870644375743,0.79870644375743,0.78870644375743,0.76870644375743,0.78370644375743,0.78370644375743,0.77370644375743,0.77370644375743,0.78370644375743,0.78370644375743,0.78370644375743,0.8037064437574301,0.8037064437574301
505,0.8765998342549803,0.8865998342549803,0.8765998342549803,0.8565998342549803,0.8665998342549803,0.8565998342549803,0.8565998342549803,0.8565998342549803,0.8815998342549803,0.8815998342549803,0.8815998342549803,0.8815998342549803,0.8815998342549803
506,0.8061019689387067,0.8061019689387067,0.8061019689387067,0.8061019689387067,0.8161019689387067,0.8061019689387067,0.8061019689387067,0.8061019689387067,0.7961019689387067,0.8061019689387067,0.8061019689387067,0.8061019689387067,0.8361019689387067
507,0.7736022826561236,0.7636022826561236,0.7436022826561236,0.7536022826561236,0.7736022826561236,0.7736022826561236,0.7736022826561236,0.7736022826561236,0.7736022826561236,0.7836022826561236,0.7836022826561236,0.7836022826561236,0.7736022826561236
508,0.8814114389753345,0.8814114389753345,0.8814114389753345,0.8514114389753344,0.8614114389753345,0.8614114389753345,0.8514114389753344,0.8614114389753345,0.8614114389753345,0.8414114389753344,0.8414114389753344,0.8414114389753344,0.8464114389753344
509,0.8167979298284863,0.8167979298284863,0.8267979298284863,0.8267979298284863,0.8267979298284863,0.8167979298284863,0.8167979298284863,0.7967979298284863,0.7867979298284863,0.7867979298284863,0.7967979298284863,0.7967979298284863,0.7967979298284863
510,0.8302701287191613,0.8402701287191613,0.8502701287191613,0.8402701287191613,0.8602701287191613,0.8702701287191613,0.8402701287191613,0.8202701287191613,0.8102701287191613,0.8102701287191613,0.8102701287191613,0.8202701287191613,0.8302701287191613
511,0.8075362081155067,0.8375362081155068,0.8475362081155068,0.8475362081155068,0.8375362081155068,0.8375362081155068,0.8275362081155068,0.8275362081155068,0.8025362081155067,0.7925362081155067,0.8125362081155068,0.8125362081155068,0.8125362081155068
512,0.8497511804577222,0.8297511804577222,0.8197511804577222,0.8347511804577222,0.8347511804577222,0.8247511804577222,0.8347511804577222,0.8347511804577222,0.8247511804577222,0.8447511804577222,0.8447511804577222,0.8447511804577222,0.8547511804577222
513,0.8703714848959132,0.8703714848959132,0.8803714848959132,0.8903714848959132,0.9003714848959132,0.9003714848959132,0.9103714848959132,0.9103714848959132,0.9103714848959132,0.9053714848959132,0.8953714848959132,0.8953714848959132,0.8753714848959132
514,0.842485309268665,0.8724853092686651,0.8524853092686651,0.842485309268665,0.8624853092686651,0.832485309268665,0.832485309268665,0.832485309268665,0.812485309268665,0.812485309268665,0.832485309268665,0.842485309268665,0.8524853092686651
515,0.8107986013996181,0.8107986013996181,0.8207986013996181,0.8207986013996181,0.7807986013996181,0.7807986013996181,0.7807986013996181,0.7707986013996181,0.8107986013996181,0.8207986013996181,0.8107986013996181,0.8107986013996181,0.8207986013996181
516,0.8464579389407398,0.8564579389407398,0.8564579389407398,0.8564579389407398,0.8564579389407398,0.8564579389407398,0.8464579389407398,0.8364579389407398,0.8564579389407398,0.8664579389407399,0.8664579389407399,0.8664579389407399,0.8864579389407399
517,0.897159839693876,0.887159839693876,0.887159839693876,0.887159839693876,0.897159839693876,0.887159839693876,0.887159839693876,0.887159839693876,0.887159839693876,0.887159839693876,0.887159839693876,0.907159839693876,0.9371598396938761
518,0.8048941437994651,0.8048941437994651,0.7948941437994651,0.7848941437994651,0.7848941437994651,0.7848941437994651,0.7748941437994651,0.7848941437994651,0.7848941437994651,0.7948941437994651,0.7948941437994651,0.7948941437994651,0.7948941437994651
519,0.8427009561987943,0.8327009561987943,0.8527009561987943,0.8527009561987943,0.8527009561987943,0.8627009561987943,0.8627009561987943,0.8727009561987943,0.8727009561987943,0.8627009561987943,0.8527009561987943,0.8527009561987943,0.8527009561987943
520,0.8632329283482151,0.833232928348215,0.833232928348215,0.823232928348215,0.823232928348215,0.833232928348215,0.833232928348215,0.833232928348215,0.8432329283482151,0.833232928348215,0.833232928348215,0.8632329283482151,0.8532329283482151
521,0.7988697391748009,0.8088697391748009,0.8188697391748009,0.8188697391748009,0.8088697391748009,0.7988697391748009,0.7988697391748009,0.7988697391748009,0.7988697391748009,0.8288697391748009,0.8188697391748009,0.8188697391748009,0.8288697391748009
522,0.8348200799208418,0.8448200799208418,0.8448200799208418,0.8248200799208418,0.8248200799208418,0.8248200799208418,0.8148200799208418,0.8148200799208418,0.8248200799208418,0.8148200799208418,0.8148200799208418,0.8398200799208418,0.8398200799208418
523,0.8548604387867048,0.8648604387867048,0.8548604387867048,0.8548604387867048,0.8748604387867048,0.8448604387867048,0.8248604387867048,0.8348604387867048,0.8548604387867048,0.8448604387867048,0.8448604387867048,0.8448604387867048,0.8148604387867048
524,0.822830788236855,0.822830788236855,0.8028307882368549,0.8028307882368549,0.8028307882368549,0.7928307882368549,0.7928307882368549,0.7828307882368549,0.7828307882368549,0.7878307882368549,0.7978307882368549,0.7978307882368549,0.7778307882368549
525,0.8968089774523745,0.8968089774523745,0.8768089774523745,0.8768089774523745,0.8768089774523745,0.8768089774523745,0.8768089774523745,0.8768089774523745,0.8968089774523745,0.9168089774523746,0.9168089774523746,0.8968089774523745,0.8868089774523745
526,0.8433062932181101,0.8433062932181101,0.8233062932181101,0.8233062932181101,0.8433062932181101,0.8433062932181101,0.8633062932181101,0.8633062932181101,0.8633062932181101,0.8633062932181101,0.8333062932181101,0.8683062932181101,0.8683062932181101
527,0.8213189619050907,0.8413189619050907,0.8413189619050907,0.8413189619050907,0.8413189619050907,0.8413189619050907,0.8313189619050907,0.8413189619050907,0.8413189619050907,0.8613189619050907,0.8613189619050907,0.8513189619050907,0.8513189619050907
528,0.8865096918544951,0.8865096918544951,0.8865096918544951,0.8665096918544951,0.8865096918544951,0.9165096918544952,0.9165096918544952,0.9265096918544952,0.9215096918544952,0.9215096918544952,0.9215096918544952,0.9215096918544952,0.9215096918544952
529,0.9110243284001097,0.9010243284001097,0.9010243284001097,0.8710243284001097,0.8710243284001097,0.8710243284001097,0.8710243284001097,0.8710243284001097,0.8810243284001097,0.8710243284001097,0.9010243284001097,0.9010243284001097,0.9010243284001097
530,0.8464577746647446,0.8664577746647446,0.8664577746647446,0.8664577746647446,0.8664577746647446,0.8764577746647446,0.8564577746647446,0.8464577746647446,0.8264577746647446,0.8264577746647446,0.8164577746647446,0.8164577746647446,0.8314577746647446
531,0.892538970113651,0.892538970113651,0.892538970113651,0.892538970113651,0.882538970113651,0.882538970113651,0.872538970113651,0.897538970113651,0.897538970113651,0.897538970113651,0.897538970113651,0.897538970113651,0.917538970113651
532,0.8069062770650608,0.8269062770650608,0.8269062770650608,0.8469062770650608,0.8419062770650608,0.8319062770650608,0.8319062770650608,0.8319062770650608,0.8019062770650608,0.8119062770650608,0.8119062770650608,0.8019062770650608,0.7919062770650608
533,0.8022617006855246,0.8222617006855246,0.8222617006855246,0.8222617006855246,0.8022617006855246,0.8022617006855246,0.8122617006855246,0.8022617006855246,0.8022617006855246,0.7922617006855246,0.8122617006855246,0.8222617006855246,0.8222617006855246
534,0.8282766176922012,0.8282766176922012,0.8382766176922012,0.8482766176922012,0.8082766176922012,0.8182766176922012,0.8182766176922012,0.8182766176922012,0.8182766176922012,0.8182766176922012,0.8482766176922012,0.8582766176922012,0.8582766176922012
535,0.8430063658911272,0.8430063658911272,0.8430063658911272,0.8430063658911272,0.8330063658911272,0.8330063658911272,0.8330063658911272,0.8330063658911272,0.8330063658911272,0.8330063658911272,0.8330063658911272,0.8630063658911272,0.8630063658911272
536,0.8284193710025899,0.8284193710025899,0.8584193710025899,0.8684193710025899,0.8684193710025899,0.8684193710025899,0.8684193710025899,0.8684193710025899,0.8684193710025899,0.8684193710025899,0.8584193710025899,0.8434193710025899,0.8534193710025899
537,0.8102208084456405,0.8102208084456405,0.7902208084456405,0.7902208084456405,0.8102208084456405,0.8002208084456405,0.8002208084456405,0.8002208084456405,0.7802208084456405,0.7802208084456405,0.7802208084456405,0.7952208084456405,0.7952208084456405
538,0.8700755143494868,0.8800755143494868,0.8500755143494868,0.8300755143494868,0.8350755143494868,0.8250755143494868,0.8250755143494868,0.8350755143494868,0.8450755143494868,0.8550755143494868,0.8350755143494868,0.8450755143494868,0.8450755143494868
539,0.8546939222455591,0.8446939222455591,0.8446939222455591,0.8446939222455591,0.8446939222455591,0.8446939222455591,0.834693922245559,0.834693922245559,0.834693922245559,0.834693922245559,0.8546939222455591,0.8646939222455591,0.8646939222455591
540,0.9124742465671847,0.9124742465671847,0.9224742465671847,0.9424742465671847,0.9224742465671847,0.9424742465671847,0.9324742465671847,0.9324742465671847,0.9324742465671847,0.9424742465671847,0.9424742465671847,0.9424742465671847,0.9424742465671847
541,0.9163266945187278,0.9163266945187278,0.9163266945187278,0.9063266945187278,0.9063266945187278,0.9163266945187278,0.9163266945187278,0.8863266945187278,0.8863266945187278,0.8763266945187278,0.8813266945187278,0.8913266945187278,0.8813266945187278
542,0.7662136955666943,0.7562136955666943,0.7662136955666943,0.7662136955666943,0.7662136955666943,0.7862136955666943,0.7862136955666943,0.7862136955666943,0.7962136955666943,0.8062136955666943,0.8062136955666943,0.7862136955666943,0.7862136955666943
543,0.8481156888384938,0.8281156888384937,0.8281156888384937,0.8281156888384937,0.8481156888384938,0.8581156888384938,0.8581156888384938,0.8681156888384938,0.8781156888384938,0.8781156888384938,0.8881156888384938,0.8881156888384938,0.8881156888384938
544,0.8798470508829735,0.8798470508829735,0.8998470508829736,0.9098470508829736,0.8998470508829736,0.8898470508829736,0.8798470508829735,0.8798470508829735,0.8798470508829735,0.8798470508829735,0.8398470508829735,0.8448470508829735,0.8448470508829735
545,0.8718477915358743,0.8618477915358743,0.8618477915358743,0.8418477915358743,0.8318477915358743,0.8318477915358743,0.8368477915358743,0.8368477915358743,0.8468477915358743,0.8368477915358743,0.8468477915358743,0.8668477915358743,0.8568477915358743
546,0.8149806854742729,0.8149806854742729,0.8049806854742729,0.7849806854742729,0.7849806854742729,0.7749806854742729,0.7849806854742729,0.8049806854742729,0.7949806854742729,0.8049806854742729,0.7949806854742729,0.7849806854742729,0.7749806854742729
547,0.8426443321526047,0.8526443321526047,0.8226443321526047,0.8426443321526047,0.8426443321526047,0.8426443321526047,0.8426443321526047,0.8426443321526047,0.8526443321526047,0.8626443321526047,0.8526443321526047,0.8426443321526047,0.8526443321526047
548,0.8929017997729802,0.8829017997729802,0.8729017997729802,0.8829017997729802,0.8829017997729802,0.8829017997729802,0.8829017997729802,0.8829017997729802,0.8829017997729802,0.8629017997729802,0.8829017997729802,0.8829017997729802,0.8829017997729802
549,0.8370966875989972,0.8370966875989972,0.8370966875989972,0.8270966875989972,0.8270966875989972,0.8170966875989972,0.8170966875989972,0.8170966875989972,0.8370966875989972,0.8370966875989972,0.8370966875989972,0.8270966875989972,0.8370966875989972
550,0.8061898733302454,0.8261898733302454,0.8361898733302454,0.8211898733302454,0.8311898733302454,0.8211898733302454,0.8211898733302454,0.8211898733302454,0.8211898733302454,0.8111898733302454,0.8111898733302454,0.8211898733302454,0.8011898733302454
551,0.9110718599947498,0.9010718599947498,0.9110718599947498,0.9010718599947498,0.9110718599947498,0.9210718599947498,0.9010718599947498,0.9010718599947498,0.9210718599947498,0.9110718599947498,0.9110718599947498,0.8910718599947498,0.8910718599947498
552,0.8081815719904663,0.7981815719904662,0.7881815719904662,0.7881815719904662,0.7881815719904662,0.7881815719904662,0.7881815719904662,0.7881815719904662,0.8131815719904663,0.8231815719904663,0.8231815719904663,0.8131815719904663,0.7931815719904662
553,0.8726004695278738,0.8626004695278738,0.8626004695278738,0.8526004695278738,0.8526004695278738,0.8626004695278738,0.8626004695278738,0.8426004695278738,0.8576004695278738,0.8476004695278738,0.8676004695278738,0.8776004695278738,0.8676004695278738
554,0.8666611900644835,0.8766611900644835,0.8566611900644835,0.8566611900644835,0.8466611900644835,0.8466611900644835,0.8466611900644835,0.8366611900644835,0.8466611900644835,0.8466611900644835,0.8666611900644835,0.8666611900644835,0.8966611900644835
555,0.8567476677663876,0.8667476677663876,0.8667476677663876,0.8567476677663876,0.8467476677663875,0.8467476677663875,0.8567476677663876,0.8567476677663876,0.8567476677663876,0.8767476677663876,0.8867476677663876,0.8867476677663876,0.8867476677663876
556,0.9001843291536075,0.9101843291536075,0.9001843291536075,0.9001843291536075,0.9101843291536075,0.9301843291536075,0.9301843291536075,0.9401843291536075,0.9401843291536075,0.9351843291536075,0.9251843291536075,0.9151843291536075,0.9051843291536075
557,0.8141516171620035,0.8141516171620035,0.8141516171620035,0.8341516171620035,0.8241516171620035,0.8541516171620035,0.8341516171620035,0.8241516171620035,0.8241516171620035,0.8241516171620035,0.8041516171620035,0.7841516171620034,0.7841516171620034
558,0.8710042911366127,0.8710042911366127,0.8710042911366127,0.8810042911366127,0.8810042911366127,0.8710042911366127,0.8710042911366127,0.8710042911366127,0.8710042911366127,0.8510042911366127,0.8510042911366127,0.8610042911366127,0.8710042911366127
559,0.8746825780019762,0.8746825780019762,0.8846825780019762,0.8646825780019762,0.8646825780019762,0.8746825780019762,0.8746825780019762,0.8746825780019762,0.8546825780019762,0.8546825780019762,0.8546825780019762,0.8446825780019762,0.8646825780019762
560,0.9030251875531035,0.9230251875531035,0.9430251875531035,0.9380251875531035,0.9380251875531035,0.9380251875531035,0.9380251875531035,0.9280251875531035,0.9180251875531035,0.9180251875531035,0.9180251875531035,0.9180251875531035,0.9080251875531035
561,0.8529158469438943,0.8529158469438943,0.8529158469438943,0.8429158469438943,0.8329158469438943,0.8329158469438943,0.8329158469438943,0.8129158469438943,0.8329158469438943,0.8329158469438943,0.8329158469438943,0.8429158469438943,0.8429158469438943
562,0.8362597915727381,0.8062597915727381,0.8062597915727381,0.8162597915727381,0.8162597915727381,0.8162597915727381,0.8062597915727381,0.8062597915727381,0.8062597915727381,0.8162597915727381,0.8162597915727381,0.8262597915727381,0.8062597915727381
563,0.8576585315906957,0.8476585315906957,0.8476585315906957,0.8376585315906957,0.8476585315906957,0.8476585315906957,0.8276585315906957,0.8276585315906957,0.8276585315906957,0.8476585315906957,0.8276585315906957,0.8276585315906957,0.8376585315906957
564,0.901283556003862,0.891283556003862,0.891283556003862,0.891283556003862,0.891283556003862,0.891283556003862,0.911283556003862,0.911283556003862,0.941283556003862,0.921283556003862,0.901283556003862,0.911283556003862,0.911283556003862
565,0.8253199204371136,0.7953199204371135,0.7953199204371135,0.8053199204371135,0.8053199204371135,0.8153199204371135,0.8253199204371136,0.8153199204371135,0.8253199204371136,0.8253199204371136,0.8153199204371135,0.8153199204371135,0.8153199204371135
566,0.8631554510920784,0.8731554510920784,0.8731554510920784,0.8731554510920784,0.8631554510920784,0.8731554510920784,0.8831554510920784,0.8631554510920784,0.8631554510920784,0.8631554510920784,0.8631554510920784,0.8831554510920784,0.9031554510920784
567,0.9125441495430587,0.9325441495430588,0.9325441495430588,0.9225441495430587,0.9125441495430587,0.9125441495430587,0.9125441495430587,0.9125441495430587,0.9025441495430587,0.9025441495430587,0.8925441495430587,0.8925441495430587,0.8825441495430587
568,0.8066910053202666,0.7966910053202666,0.7766910053202666,0.7916910053202666,0.7916910053202666,0.7916910053202666,0.7816910053202666,0.7916910053202666,0.7816910053202666,0.7816910053202666,0.7816910053202666,0.7716910053202666,0.7816910053202666
569,0.8137658338847945,0.8137658338847945,0.8137658338847945,0.8137658338847945,0.7937658338847945,0.7937658338847945,0.7937658338847945,0.8137658338847945,0.8037658338847945,0.8037658338847945,0.8237658338847945,0.8237658338847945,0.8337658338847945
570,0.8886756724067486,0.8986756724067486,0.8886756724067486,0.8986756724067486,0.8786756724067486,0.8686756724067486,0.8486756724067486,0.8486756724067486,0.8536756724067486,0.8536756724067486,0.8636756724067486,0.8436756724067486,0.8536756724067486
571,0.8646337418284197,0.8646337418284197,0.8746337418284197,0.8746337418284197,0.8746337418284197,0.8846337418284197,0.8846337418284197,0.8846337418284197,0.8946337418284197,0.8846337418284197,0.8846337418284197,0.8846337418284197,0.8846337418284197
572,0.909110426337612,0.909110426337612,0.889110426337612,0.889110426337612,0.8791104263376119,0.8791104263376119,0.8791104263376119,0.889110426337612,0.889110426337612,0.899110426337612,0.899110426337612,0.899110426337612,0.899110426337612
573,0.8762374196990739,0.8662374196990739,0.8662374196990739,0.8762374196990739,0.8862374196990739,0.8962374196990739,0.8762374196990739,0.8762374196990739,0.8862374196990739,0.8862374196990739,0.8862374196990739,0.8862374196990739,0.8862374196990739
574,0.8694999204689674,0.8494999204689674,0.8394999204689674,0.8394999204689674,0.8594999204689674,0.8694999204689674,0.8494999204689674,0.8594999204689674,0.8594999204689674,0.8794999204689674,0.8694999204689674,0.8594999204689674,0.8594999204689674
575,0.812834405290197,0.812834405290197,0.812834405290197,0.812834405290197,0.812834405290197,0.822834405290197,0.812834405290197,0.822834405290197,0.832834405290197,0.812834405290197,0.832834405290197,0.832834405290197,0.822834405290197
576,0.9033346927924025,0.9033346927924025,0.8933346927924025,0.8833346927924025,0.8833346927924025,0.8833346927924025,0.8733346927924025,0.8733346927924025,0.8833346927924025,0.8833346927924025,0.8733346927924025,0.8733346927924025,0.8633346927924025
577,0.7726955931536339,0.7926955931536339,0.8026955931536339,0.8026955931536339,0.8026955931536339,0.8026955931536339,0.7826955931536339,0.7926955931536339,0.7826955931536339,0.7826955931536339,0.7926955931536339,0.7926955931536339,0.7826955931536339
578,0.855798689245593,0.855798689245593,0.855798689245593,0.825798689245593,0.845798689245593,0.845798689245593,0.865798689245593,0.865798689245593,0.885798689245593,0.885798689245593,0.895798689245593,0.895798689245593,0.890798689245593
579,0.9045148834602733,0.8945148834602733,0.9145148834602733,0.9145148834602733,0.9245148834602733,0.9345148834602733,0.9345148834602733,0.9345148834602733,0.9345148834602733,0.9345148834602733,0.9345148834602733,0.9345148834602733,0.9245148834602733
580,0.8350380383331883,0.8350380383331883,0.8350380383331883,0.8350380383331883,0.8350380383331883,0.8350380383331883,0.8350380383331883,0.8350380383331883,0.8350380383331883,0.8250380383331883,0.8150380383331883,0.8050380383331883,0.8150380383331883
581,0.8129980667302138,0.8129980667302138,0.8029980667302138,0.8129980667302138,0.8129980667302138,0.8229980667302138,0.8129980667302138,0.8229980667302138,0.8229980667302138,0.8229980667302138,0.8329980667302138,0.8329980667302138,0.8229980667302138
582,0.7687596119955113,0.7587596119955113,0.7687596119955113,0.7687596119955113,0.7687596119955113,0.7787596119955114,0.7987596119955114,0.8087596119955114,0.8087596119955114,0.8087596119955114,0.8087596119955114,0.8087596119955114,0.8087596119955114
583,0.8447825061419858,0.8447825061419858,0.8447825061419858,0.8547825061419858,0.8547825061419858,0.8747825061419858,0.8747825061419858,0.8747825061419858,0.8647825061419858,0.8547825061419858,0.8647825061419858,0.8847825061419858,0.8847825061419858
584,0.9143095053150886,0.9043095053150886,0.9143095053150886,0.9143095053150886,0.9143095053150886,0.9143095053150886,0.9443095053150886,0.9343095053150886,0.9343095053150886,0.9343095053150886,0.9343095053150886,0.9343095053150886,0.9243095053150886
585,0.8407083307507047,0.8407083307507047,0.8307083307507047,0.8207083307507047,0.8107083307507047,0.8107083307507047,0.8107083307507047,0.8107083307507047,0.8257083307507047,0.8257083307507047,0.8257083307507047,0.8257083307507047,0.8057083307507047
586,0.8935804819160829,0.8935804819160829,0.9035804819160829,0.9035804819160829,0.9035804819160829,0.9035804819160829,0.8835804819160828,0.8935804819160829,0.8835804819160828,0.8735804819160828,0.8635804819160828,0.8535804819160828,0.8635804819160828
587,0.7917088357448232,0.8017088357448232,0.7917088357448232,0.8017088357448232,0.8117088357448232,0.8117088357448232,0.8317088357448232,0.8317088357448232,0.8267088357448232,0.8267088357448232,0.8267088357448232,0.8167088357448232,0.8067088357448232
588,0.9098037677923837,0.8998037677923837,0.8998037677923837,0.8998037677923837,0.9098037677923837,0.8998037677923837,0.8698037677923837,0.8748037677923837,0.8848037677923837,0.8948037677923837,0.8948037677923837,0.8948037677923837,0.8948037677923837
589,0.9004780944134596,0.9004780944134596,0.8904780944134596,0.8904780944134596,0.8904780944134596,0.8904780944134596,0.8904780944134596,0.8904780944134596,0.8804780944134596,0.8604780944134596,0.8804780944134596,0.8704780944134596,0.8604780944134596
590,0.7614075605881894,0.7814075605881894,0.7814075605881894,0.7914075605881894,0.7764075605881894,0.7764075605881894,0.7664075605881894,0.7464075605881894,0.7564075605881894,0.7564075605881894,0.7564075605881894,0.7564075605881894,0.7564075605881894
591,0.9108690716807685,0.9208690716807685,0.9208690716807685,0.9208690716807685,0.9408690716807685,0.9408690716807685,0.9408690716807685,0.9408690716807685,0.9408690716807685,0.9508690716807685,0.9508690716807685,0.9458690716807685,0.9458690716807685
592,0.7876253587133218,0.7876253587133218,0.7976253587133219,0.8076253587133219,0.8176253587133219,0.8176253587133219,0.8176253587133219,0.8026253587133219,0.7926253587133218,0.7926253587133218,0.7926253587133218,0.8026253587133219,0.8126253587133219
593,0.7875086745199973,0.7875086745199973,0.7575086745199973,0.7775086745199973,0.7875086745199973,0.7975086745199973,0.7675086745199973,0.7775086745199973,0.7775086745199973,0.7775086745199973,0.7475086745199973,0.7475086745199973,0.7525086745199973
594,0.8763474802972037,0.8863474802972037,0.8763474802972037,0.8863474802972037,0.8863474802972037,0.8863474802972037,0.8863474802972037,0.8863474802972037,0.8863474802972037,0.8863474802972037,0.8863474802972037,0.8963474802972037,0.8863474802972037
595,0.7394448607041988,0.7094448607041988,0.7244448607041988,0.7344448607041988,0.7244448607041988,0.7344448607041988,0.7244448607041988,0.7344448607041988,0.7344448607041988,0.7344448607041988,0.7344448607041988,0.7344448607041988,0.7144448607041988
596,0.8485695837607458,0.8385695837607458,0.8485695837607458,0.8485695837607458,0.8385695837607458,0.8485695837607458,0.8485695837607458,0.8585695837607458,0.8785695837607458,0.8685695837607458,0.8785695837607458,0.8635695837607458,0.8835695837607458
597,0.9163399996317735,0.9363399996317735,0.9463399996317735,0.9563399996317735,0.9463399996317735,0.9563399996317735,0.9563399996317735,0.9513399996317735,0.9513399996317735,0.9413399996317735,0.9413399996317735,0.9513399996317735,0.9413399996317735
598,0.838924014734178,0.838924014734178,0.838924014734178,0.828924014734178,0.828924014734178,0.818924014734178,0.848924014734178,0.868924014734178,0.868924014734178,0.868924014734178,0.868924014734178,0.878924014734178,0.873924014734178
599,0.8346897534982693,0.8446897534982694,0.8446897534982694,0.8246897534982693,0.8146897534982693,0.8146897534982693,0.7946897534982693,0.7946897534982693,0.7996897534982693,0.7996897534982693,0.8096897534982693,0.7996897534982693,0.8096897534982693
600,0.8441984394953578,0.8441984394953578,0.8241984394953578,0.8241984394953578,0.8441984394953578,0.8641984394953578,0.8641984394953578,0.8641984394953578,0.8441984394953578,0.8741984394953578,0.8591984394953578,0.8691984394953578,0.8391984394953578
601,0.9178059642885825,0.8978059642885825,0.9178059642885825,0.9178059642885825,0.9178059642885825,0.9278059642885825,0.9478059642885825,0.9478059642885825,0.9478059642885825,0.9478059642885825,0.9278059642885825,0.9278059642885825,0.9278059642885825
602,0.7862947304744523,0.7662947304744523,0.7662947304744523,0.7562947304744523,0.7962947304744523,0.7962947304744523,0.8062947304744523,0.8062947304744523,0.8062947304744523,0.7962947304744523,0.7962947304744523,0.7962947304744523,0.8062947304744523
603,0.9064192512177646,0.9064192512177646,0.8864192512177645,0.8864192512177645,0.8664192512177645,0.8664192512177645,0.8864192512177645,0.8864192512177645,0.8864192512177645,0.9064192512177646,0.9264192512177646,0.9264192512177646,0.9164192512177646
604,0.8403932158973525,0.8503932158973525,0.8503932158973525,0.8403932158973525,0.8503932158973525,0.8403932158973525,0.8403932158973525,0.8403932158973525,0.8303932158973525,0.8303932158973525,0.8303932158973525,0.8303932158973525,0.8303932158973525
605,0.8756069263254157,0.8756069263254157,0.8856069263254157,0.8956069263254157,0.8956069263254157,0.8756069263254157,0.8656069263254157,0.8556069263254157,0.8556069263254157,0.8556069263254157,0.8556069263254157,0.8456069263254157,0.8356069263254157
606,0.8353155006840546,0.8253155006840546,0.8253155006840546,0.8153155006840546,0.8253155006840546,0.8153155006840546,0.8353155006840546,0.8353155006840546,0.8153155006840546,0.8153155006840546,0.7953155006840545,0.8253155006840546,0.8253155006840546
607,0.8679201038294871,0.8979201038294872,0.9079201038294872,0.9079201038294872,0.8979201038294872,0.8879201038294872,0.8879201038294872,0.8779201038294872,0.8779201038294872,0.8779201038294872,0.8679201038294871,0.8979201038294872,0.8979201038294872
608,0.8170366891802388,0.8270366891802388,0.8270366891802388,0.8170366891802388,0.7970366891802387,0.8070366891802387,0.8170366891802388,0.8170366891802388,0.8170366891802388,0.8170366891802388,0.7970366891802387,0.8070366891802387,0.8070366891802387
609,0.8954939711002706,0.9054939711002706,0.9054939711002706,0.9054939711002706,0.9254939711002707,0.9354939711002707,0.9304939711002707,0.9304939711002707,0.9304939711002707,0.9004939711002706,0.9004939711002706,0.9004939711002706,0.8604939711002706
610,0.823509637075676,0.823509637075676,0.813509637075676,0.813509637075676,0.813509637075676,0.823509637075676,0.823509637075676,0.823509637075676,0.823509637075676,0.843509637075676,0.8535096370756761,0.8635096370756761,0.8635096370756761
611,0.8151949136037032,0.8051949136037032,0.8151949136037032,0.8351949136037032,0.8451949136037032,0.8301949136037032,0.8001949136037032,0.8001949136037032,0.8001949136037032,0.8001949136037032,0.8101949136037032,0.8101949136037032,0.8201949136037032
612,0.9190178861501446,0.9190178861501446,0.9190178861501446,0.9190178861501446,0.9190178861501446,0.8990178861501446,0.8990178861501446,0.8990178861501446,0.8790178861501445,0.8890178861501445,0.8890178861501445,0.8890178861501445,0.8990178861501446
613,0.8443759160929116,0.8443759160929116,0.8343759160929116,0.8343759160929116,0.8443759160929116,0.8643759160929116,0.8743759160929117,0.8643759160929116,0.8643759160929116,0.8643759160929116,0.8643759160929116,0.8643759160929116,0.8543759160929116
614,0.8266420674399674,0.8166420674399674,0.8166420674399674,0.8266420674399674,0.8266420674399674,0.8266420674399674,0.8366420674399674,0.8166420674399674,0.7866420674399673,0.7866420674399673,0.7866420674399673,0.7966420674399673,0.8266420674399674
615,0.787214670716444,0.777214670716444,0.767214670716444,0.767214670716444,0.757214670716444,0.787214670716444,0.807214670716444,0.807214670716444,0.797214670716444,0.787214670716444,0.817214670716444,0.8272146707164441,0.822214670716444
616,0.8899400700707599,0.9099400700707599,0.8899400700707599,0.9099400700707599,0.8899400700707599,0.8899400700707599,0.8799400700707599,0.8799400700707599,0.8799400700707599,0.8799400700707599,0.8699400700707599,0.8699400700707599,0.8899400700707599
617,0.8867230394898722,0.8667230394898722,0.8667230394898722,0.8667230394898722,0.8667230394898722,0.8567230394898722,0.8567230394898722,0.8767230394898722,0.8767230394898722,0.8867230394898722,0.8967230394898722,0.8967230394898722,0.8967230394898722
618,0.8350214747644632,0.8350214747644632,0.8250214747644632,0.8250214747644632,0.8350214747644632,0.8350214747644632,0.7950214747644632,0.8000214747644632,0.8000214747644632,0.8000214747644632,0.8100214747644632,0.8100214747644632,0.8000214747644632
619,0.8625386595496909,0.8625386595496909,0.8725386595496909,0.8725386595496909,0.8625386595496909,0.8625386595496909,0.8625386595496909,0.8725386595496909,0.8825386595496909,0.8825386595496909,0.8825386595496909,0.8825386595496909,0.9025386595496909
620,0.859320144582929,0.849320144582929,0.819320144582929,0.819320144582929,0.819320144582929,0.829320144582929,0.829320144582929,0.829320144582929,0.819320144582929,0.819320144582929,0.819320144582929,0.819320144582929,0.824320144582929
621,0.8573484092342926,0.8573484092342926,0.8873484092342926,0.8973484092342926,0.8973484092342926,0.8973484092342926,0.8873484092342926,0.8723484092342926,0.8723484092342926,0.8723484092342926,0.8723484092342926,0.8823484092342926,0.8823484092342926
622,0.8104912802453713,0.8104912802453713,0.8104912802453713,0.8104912802453713,0.8204912802453713,0.8304912802453713,0.8304912802453713,0.8104912802453713,0.8104912802453713,0.8304912802453713,0.8404912802453713,0.8404912802453713,0.8504912802453714
623,0.8597306521376348,0.8597306521376348,0.8797306521376348,0.8797306521376348,0.8697306521376348,0.8497306521376348,0.8397306521376348,0.8397306521376348,0.8397306521376348,0.8197306521376347,0.8197306521376347,0.8297306521376347,0.8297306521376347
624,0.8485200504202813,0.8685200504202814,0.8785200504202814,0.8885200504202814,0.8885200504202814,0.8835200504202814,0.8735200504202814,0.8935200504202814,0.8935200504202814,0.8935200504202814,0.8935200504202814,0.8935200504202814,0.8935200504202814
625,0.8425054988276037,0.8225054988276037,0.8225054988276037,0.8225054988276037,0.8025054988276037,0.8025054988276037,0.8225054988276037,0.8225054988276037,0.8225054988276037,0.8225054988276037,0.8225054988276037,0.8025054988276037,0.8025054988276037
626,0.8787145249556366,0.8587145249556366,0.8587145249556366,0.8387145249556366,0.8437145249556366,0.8537145249556366,0.8637145249556366,0.8637145249556366,0.8637145249556366,0.8437145249556366,0.8437145249556366,0.8437145249556366,0.8437145249556366
627,0.956790694999703,0.966790694999703,0.966790694999703,0.966790694999703,0.966790694999703,0.966790694999703,0.9767906949997031,0.9767906949997031,0.9767906949997031,0.9767906949997031,0.9767906949997031,0.9967906949997031,0.9867906949997031
628,0.8388953367769514,0.8388953367769514,0.8488953367769514,0.8388953367769514,0.8388953367769514,0.8288953367769514,0.8588953367769514,0.8588953367769514,0.8338953367769514,0.8338953367769514,0.8338953367769514,0.8338953367769514,0.8338953367769514
629,0.9065884264429377,0.9065884264429377,0.9065884264429377,0.9065884264429377,0.9065884264429377,0.9165884264429377,0.9165884264429377,0.9165884264429377,0.8865884264429377,0.8865884264429377,0.9065884264429377,0.9065884264429377,0.8865884264429377
630,0.8077848246700602,0.8177848246700602,0.8177848246700602,0.8177848246700602,0.8177848246700602,0.8177848246700602,0.8077848246700602,0.8377848246700602,0.8377848246700602,0.8377848246700602,0.8477848246700602,0.8477848246700602,0.8477848246700602
631,0.9316346379890609,0.9516346379890609,0.9516346379890609,0.9516346379890609,0.9416346379890609,0.9316346379890609,0.9516346379890609,0.9616346379890609,0.9716346379890609,0.9716346379890609,0.9416346379890609,0.9616346379890609,0.9616346379890609
632,0.7840359577156928,0.7940359577156928,0.7590359577156928,0.7590359577156928,0.7590359577156928,0.7790359577156928,0.7890359577156928,0.7890359577156928,0.8090359577156928,0.7890359577156928,0.7790359577156928,0.7690359577156928,0.7690359577156928
633,0.8612999851366429,0.8512999851366428,0.8412999851366428,0.8412999851366428,0.8412999851366428,0.8612999851366429,0.8712999851366429,0.8512999851366428,0.8512999851366428,0.8312999851366428,0.8212999851366428,0.8212999851366428,0.8312999851366428
634,0.8638098346755692,0.8738098346755692,0.8538098346755691,0.8538098346755691,0.8438098346755691,0.8638098346755692,0.8438098346755691,0.8538098346755691,0.8638098346755692,0.8738098346755692,0.8538098346755691,0.8438098346755691,0.8438098346755691
635,0.9262504855259844,0.9362504855259844,0.9462504855259845,0.9562504855259845,0.9262504855259844,0.9162504855259844,0.9262504855259844,0.9262504855259844,0.9262504855259844,0.9362504855259844,0.9362504855259844,0.9362504855259844,0.9362504855259844
636,0.8001269047381926,0.8101269047381926,0.8201269047381926,0.8101269047381926,0.8101269047381926,0.8101269047381926,0.8301269047381926,0.8101269047381926,0.8001269047381926,0.8001269047381926,0.8001269047381926,0.8001269047381926,0.7801269047381926
637,0.8304632513727953,0.8504632513727953,0.8404632513727953,0.8204632513727953,0.8204632513727953,0.8204632513727953,0.8204632513727953,0.8104632513727953,0.8104632513727953,0.8104632513727953,0.8004632513727953,0.7904632513727953,0.7954632513727953
638,0.8204466298695337,0.8204466298695337,0.7904466298695336,0.8004466298695336,0.7904466298695336,0.7804466298695336,0.7804466298695336,0.7904466298695336,0.7904466298695336,0.7804466298695336,0.7854466298695336,0.7854466298695336,0.7954466298695336
639,0.8695444380811008,0.8595444380811008,0.8695444380811008,0.8495444380811008,0.8495444380811008,0.8395444380811008,0.8395444380811008,0.8295444380811008,0.8295444380811008,0.8295444380811008,0.8295444380811008,0.8345444380811008,0.8445444380811008
640,0.847083626734698,0.857083626734698,0.857083626734698,0.857083626734698,0.857083626734698,0.857083626734698,0.8370836267346979,0.8370836267346979,0.847083626734698,0.867083626734698,0.857083626734698,0.847083626734698,0.847083626734698
641,0.8183344987776376,0.7883344987776376,0.7783344987776376,0.7783344987776376,0.7833344987776376,0.7833344987776376,0.7933344987776376,0.7933344987776376,0.7833344987776376,0.7833344987776376,0.7933344987776376,0.8133344987776376,0.8133344987776376
642,0.8673701384720574,0.8673701384720574,0.8673701384720574,0.8373701384720573,0.8373701384720573,0.8273701384720573,0.8323701384720573,0.8323701384720573,0.8423701384720573,0.8423701384720573,0.8423701384720573,0.8423701384720573,0.8623701384720573
643,0.9464614458273314,0.9464614458273314,0.9464614458273314,0.9464614458273314,0.9564614458273314,0.9364614458273314,0.9364614458273314,0.9364614458273314,0.9264614458273314,0.9064614458273313,0.9114614458273314,0.9114614458273314,0.9214614458273314
644,0.8362119308078952,0.8562119308078953,0.8462119308078953,0.8562119308078953,0.8662119308078953,0.8662119308078953,0.8562119308078953,0.8362119308078952,0.8162119308078952,0.8162119308078952,0.8162119308078952,0.8162119308078952,0.8262119308078952
645,0.8761225493445867,0.8861225493445867,0.8961225493445867,0.8861225493445867,0.8861225493445867,0.8861225493445867,0.8861225493445867,0.8861225493445867,0.8661225493445867,0.8761225493445867,0.9061225493445867,0.9061225493445867,0.9061225493445867
646,0.9191415661141938,0.9091415661141938,0.8991415661141938,0.8991415661141938,0.8991415661141938,0.8991415661141938,0.8891415661141938,0.9041415661141938,0.9041415661141938,0.8941415661141938,0.8841415661141938,0.8841415661141938,0.8841415661141938
647,0.8263321416141193,0.8263321416141193,0.8263321416141193,0.8263321416141193,0.8363321416141193,0.8463321416141193,0.8163321416141193,0.8163321416141193,0.8163321416141193,0.8263321416141193,0.8463321416141193,0.8563321416141193,0.8663321416141193
648,0.8415401555578282,0.8415401555578282,0.8415401555578282,0.8515401555578282,0.8515401555578282,0.8615401555578283,0.8815401555578283,0.8815401555578283,0.8815401555578283,0.8765401555578283,0.8765401555578283,0.8765401555578283,0.8665401555578283
649,0.8580791578836382,0.8580791578836382,0.8580791578836382,0.8780791578836382,0.8780791578836382,0.8680791578836382,0.8480791578836382,0.8580791578836382,0.8580791578836382,0.8480791578836382,0.8480791578836382,0.8780791578836382,0.8580791578836382
650,0.8724524377217661,0.8724524377217661,0.8824524377217661,0.862452437721766,0.8724524377217661,0.8824524377217661,0.8824524377217661,0.8824524377217661,0.8824524377217661,0.8924524377217661,0.8824524377217661,0.8824524377217661,0.9124524377217661
651,0.7905740202620681,0.7805740202620681,0.7805740202620681,0.7805740202620681,0.7705740202620681,0.7605740202620681,0.7605740202620681,0.7605740202620681,0.7755740202620681,0.7755740202620681,0.7855740202620681,0.7855740202620681,0.8255740202620682
652,0.854775597292576,0.844775597292576,0.854775597292576,0.864775597292576,0.864775597292576,0.864775597292576,0.834775597292576,0.814775597292576,0.814775597292576,0.819775597292576,0.819775597292576,0.819775597292576,0.819775597292576
653,0.893645837258166,0.883645837258166,0.883645837258166,0.893645837258166,0.893645837258166,0.903645837258166,0.893645837258166,0.893645837258166,0.893645837258166,0.903645837258166,0.903645837258166,0.9336458372581661,0.9286458372581661
654,0.8212151134651682,0.8312151134651682,0.8512151134651682,0.8412151134651682,0.8412151134651682,0.8162151134651682,0.8162151134651682,0.8062151134651682,0.7962151134651682,0.8162151134651682,0.8462151134651682,0.8162151134651682,0.8262151134651682
655,0.8583772342445576,0.8583772342445576,0.8483772342445576,0.8483772342445576,0.8483772342445576,0.8383772342445576,0.8483772342445576,0.8583772342445576,0.8783772342445576,0.8583772342445576,0.8783772342445576,0.8883772342445576,0.8883772342445576
656,0.8162826227255733,0.8162826227255733,0.8162826227255733,0.8262826227255733,0.8162826227255733,0.8162826227255733,0.8162826227255733,0.8262826227255733,0.8262826227255733,0.8262826227255733,0.8462826227255733,0.8362826227255733,0.8362826227255733
657,0.8142424542279535,0.8242424542279535,0.8242424542279535,0.8442424542279535,0.8292424542279535,0.8292424542279535,0.8292424542279535,0.8292424542279535,0.8292424542279535,0.8292424542279535,0.8092424542279535,0.8192424542279535,0.8492424542279535
658,0.8411532285012097,0.8411532285012097,0.8311532285012097,0.8311532285012097,0.8211532285012096,0.8311532285012097,0.8311532285012097,0.8311532285012097,0.8411532285012097,0.8411532285012097,0.8311532285012097,0.8211532285012096,0.8211532285012096
659,0.8793871129858465,0.8593871129858465,0.8693871129858465,0.8793871129858465,0.8793871129858465,0.8593871129858465,0.8693871129858465,0.8893871129858465,0.8893871129858465,0.8893871129858465,0.8793871129858465,0.8693871129858465,0.8693871129858465
660,0.9030050018941397,0.9130050018941397,0.8930050018941397,0.8830050018941397,0.8630050018941396,0.8730050018941397,0.8830050018941397,0.9030050018941397,0.8930050018941397,0.8830050018941397,0.8830050018941397,0.8930050018941397,0.9030050018941397
661,0.8285241095997593,0.8485241095997593,0.8685241095997593,0.8685241095997593,0.8685241095997593,0.8385241095997593,0.8385241095997593,0.8385241095997593,0.8485241095997593,0.8385241095997593,0.8385241095997593,0.8385241095997593,0.8385241095997593
662,0.8390140642521009,0.8390140642521009,0.8390140642521009,0.8390140642521009,0.8390140642521009,0.8190140642521009,0.8690140642521009,0.8790140642521009,0.8790140642521009,0.8590140642521009,0.8690140642521009,0.8540140642521009,0.8540140642521009
663,0.8650444505668606,0.8850444505668607,0.8950444505668607,0.8550444505668606,0.8850444505668607,0.8750444505668606,0.8650444505668606,0.8650444505668606,0.8650444505668606,0.8650444505668606,0.8450444505668606,0.8550444505668606,0.8250444505668606
664,0.7987109267141408,0.8087109267141408,0.8087109267141408,0.8087109267141408,0.8087109267141408,0.8087109267141408,0.8087109267141408,0.8087109267141408,0.8087109267141408,0.8087109267141408,0.8087109267141408,0.8287109267141408,0.8387109267141408
665,0.8962988637537581,0.8762988637537581,0.8762988637537581,0.8762988637537581,0.8962988637537581,0.9162988637537581,0.9062988637537581,0.8962988637537581,0.8962988637537581,0.9162988637537581,0.9162988637537581,0.8962988637537581,0.8862988637537581
666,0.8924970213468926,0.8924970213468926,0.8724970213468926,0.8524970213468925,0.8524970213468925,0.8574970213468925,0.8674970213468925,0.8574970213468925,0.8574970213468925,0.8574970213468925,0.8674970213468925,0.8674970213468925,0.8574970213468925
667,0.8054996615849804,0.8054996615849804,0.8054996615849804,0.8154996615849804,0.7954996615849804,0.8054996615849804,0.8054996615849804,0.8054996615849804,0.8154996615849804,0.8254996615849804,0.8454996615849805,0.8454996615849805,0.8404996615849805
668,0.8163402542251433,0.8063402542251433,0.8063402542251433,0.8063402542251433,0.7863402542251433,0.7863402542251433,0.7763402542251433,0.8063402542251433,0.7963402542251433,0.8063402542251433,0.8063402542251433,0.7863402542251433,0.7963402542251433
669,0.8073391265497135,0.7973391265497135,0.8073391265497135,0.8073391265497135,0.8073391265497135,0.8373391265497135,0.8173391265497135,0.8073391265497135,0.8073391265497135,0.8073391265497135,0.7873391265497135,0.7873391265497135,0.7773391265497135
670,0.7968573712602255,0.7968573712602255,0.8068573712602255,0.8068573712602255,0.8168573712602255,0.8168573712602255,0.8068573712602255,0.8168573712602255,0.7968573712602255,0.8068573712602255,0.8068573712602255,0.8068573712602255,0.8068573712602255
671,0.9189932475273196,0.9089932475273196,0.8989932475273196,0.8789932475273196,0.8789932475273196,0.8839932475273196,0.8839932475273196,0.8839932475273196,0.8939932475273196,0.8839932475273196,0.9039932475273196,0.9039932475273196,0.8839932475273196
672,0.8845391547515443,0.8745391547515443,0.8445391547515443,0.8445391547515443,0.8545391547515443,0.8445391547515443,0.8645391547515443,0.8645391547515443,0.8845391547515443,0.8945391547515443,0.8945391547515443,0.9045391547515443,0.9045391547515443
673,0.80709467512884,0.80709467512884,0.80709467512884,0.80709467512884,0.80709467512884,0.77709467512884,0.79709467512884,0.80709467512884,0.81709467512884,0.82709467512884,0.82709467512884,0.82709467512884,0.82709467512884
674,0.8954392866685768,0.8954392866685768,0.8854392866685767,0.8854392866685767,0.8854392866685767,0.8954392866685768,0.9054392866685768,0.9054392866685768,0.9054392866685768,0.9054392866685768,0.9054392866685768,0.9054392866685768,0.8954392866685768
675,0.8433068260681,0.8233068260681,0.8133068260681,0.8033068260681,0.8033068260681,0.8083068260681,0.8083068260681,0.8283068260681,0.8183068260681,0.8183068260681,0.8183068260681,0.8183068260681,0.8183068260681
676,0.8307375790361958,0.8207375790361958,0.8107375790361958,0.7907375790361958,0.7957375790361958,0.7957375790361958,0.8157375790361958,0.8057375790361958,0.8157375790361958,0.8357375790361958,0.8457375790361958,0.8457375790361958,0.8457375790361958
677,0.8624614001964926,0.8624614001964926,0.8624614001964926,0.8424614001964926,0.8424614001964926,0.8724614001964927,0.8724614001964927,0.8724614001964927,0.8824614001964927,0.8924614001964927,0.8924614001964927,0.8924614001964927,0.8924614001964927
678,0.8793733958938197,0.9193733958938197,0.9193733958938197,0.9143733958938197,0.9143733958938197,0.9043733958938197,0.9043733958938197,0.8943733958938197,0.9043733958938197,0.9043733958938197,0.9243733958938197,0.9243733958938197,0.9243733958938197
679,0.8810284065456867,0.8610284065456867,0.8610284065456867,0.8610284065456867,0.8810284065456867,0.8810284065456867,0.8810284065456867,0.8810284065456867,0.8910284065456867,0.8610284065456867,0.8410284065456867,0.8410284065456867,0.8510284065456867
680,0.8817024002924168,0.8817024002924168,0.8717024002924167,0.8517024002924167,0.8517024002924167,0.8517024002924167,0.8517024002924167,0.8517024002924167,0.8517024002924167,0.8517024002924167,0.8417024002924167,0.8517024002924167,0.8517024002924167
681,0.9004921563256797,0.9004921563256797,0.9004921563256797,0.9104921563256797,0.9104921563256797,0.9104921563256797,0.9004921563256797,0.9004921563256797,0.8904921563256797,0.9104921563256797,0.9204921563256797,0.9204921563256797,0.9404921563256797
682,0.8208603315213026,0.8108603315213025,0.8208603315213026,0.8208603315213026,0.8408603315213026,0.8308603315213026,0.8308603315213026,0.8308603315213026,0.8308603315213026,0.8308603315213026,0.8308603315213026,0.8308603315213026,0.8208603315213026
683,0.8012881458973787,0.7912881458973787,0.7912881458973787,0.8112881458973787,0.8212881458973788,0.8312881458973788,0.8412881458973788,0.8412881458973788,0.8412881458973788,0.8362881458973788,0.8262881458973788,0.8162881458973787,0.8162881458973787
684,0.8656788250025905,0.8656788250025905,0.8556788250025905,0.8456788250025905,0.8456788250025905,0.8456788250025905,0.8256788250025905,0.8256788250025905,0.8356788250025905,0.8356788250025905,0.8356788250025905,0.8456788250025905,0.8456788250025905
685,0.8305570768657272,0.8305570768657272,0.8305570768657272,0.8305570768657272,0.8305570768657272,0.8405570768657272,0.8305570768657272,0.8305570768657272,0.8305570768657272,0.8005570768657272,0.8005570768657272,0.7905570768657272,0.7955570768657272
686,0.871598305603889,0.871598305603889,0.881598305603889,0.881598305603889,0.881598305603889,0.871598305603889,0.871598305603889,0.8515983056038889,0.8415983056038889,0.8515983056038889,0.8515983056038889,0.8415983056038889,0.861598305603889
687,0.8463096560184913,0.8363096560184913,0.8563096560184913,0.8663096560184913,0.8663096560184913,0.8663096560184913,0.8863096560184913,0.8863096560184913,0.8863096560184913,0.8763096560184913,0.8563096560184913,0.8563096560184913,0.8463096560184913
688,0.8558274134073586,0.8558274134073586,0.8558274134073586,0.8558274134073586,0.8158274134073585,0.8208274134073585,0.8408274134073586,0.8208274134073585,0.8308274134073586,0.8308274134073586,0.8408274134073586,0.8308274134073586,0.8508274134073586
689,0.7905280239425752,0.7805280239425751,0.7805280239425751,0.7805280239425751,0.7705280239425751,0.7905280239425752,0.8005280239425752,0.8005280239425752,0.8105280239425752,0.8205280239425752,0.8205280239425752,0.8205280239425752,0.8205280239425752
690,0.8609676121400653,0.8509676121400653,0.8409676121400653,0.8409676121400653,0.8709676121400654,0.8609676121400653,0.8709676121400654,0.8709676121400654,0.8609676121400653,0.8509676121400653,0.8509676121400653,0.8809676121400654,0.8809676121400654
691,0.8010316106556381,0.8010316106556381,0.8010316106556381,0.8010316106556381,0.8010316106556381,0.7810316106556381,0.7810316106556381,0.8010316106556381,0.8210316106556381,0.8410316106556381,0.8410316106556381,0.8110316106556381,0.8010316106556381
692,0.8874403359025738,0.8974403359025738,0.8974403359025738,0.9074403359025738,0.8974403359025738,0.8774403359025738,0.8874403359025738,0.8874403359025738,0.9074403359025738,0.9074403359025738,0.8874403359025738,0.8574403359025737,0.8724403359025737
693,0.861210374428069,0.881210374428069,0.861210374428069,0.871210374428069,0.891210374428069,0.9012103744280691,0.891210374428069,0.9012103744280691,0.891210374428069,0.891210374428069,0.871210374428069,0.871210374428069,0.891210374428069
694,0.8578860592466727,0.8578860592466727,0.8678860592466727,0.8778860592466727,0.8678860592466727,0.8778860592466727,0.8778860592466727,0.8978860592466728,0.8928860592466727,0.8928860592466727,0.8928860592466727,0.8828860592466727,0.8828860592466727
695,0.840481010349628,0.840481010349628,0.840481010349628,0.840481010349628,0.840481010349628,0.840481010349628,0.840481010349628,0.840481010349628,0.850481010349628,0.850481010349628,0.860481010349628,0.850481010349628,0.850481010349628
696,0.8507646582714414,0.8607646582714414,0.8707646582714414,0.8807646582714415,0.8807646582714415,0.8657646582714414,0.8457646582714414,0.8357646582714414,0.8357646582714414,0.8457646582714414,0.8457646582714414,0.8357646582714414,0.8257646582714414
697,0.8646599892617168,0.8646599892617168,0.8846599892617169,0.8846599892617169,0.8946599892617169,0.8846599892617169,0.8746599892617168,0.8646599892617168,0.8846599892617169,0.8946599892617169,0.8946599892617169,0.8746599892617168,0.8646599892617168
698,0.875095118059356,0.875095118059356,0.885095118059356,0.875095118059356,0.875095118059356,0.875095118059356,0.875095118059356,0.875095118059356,0.875095118059356,0.895095118059356,0.895095118059356,0.875095118059356,0.875095118059356
699,0.794764275127374,0.784764275127374,0.784764275127374,0.794764275127374,0.804764275127374,0.814764275127374,0.804764275127374,0.804764275127374,0.794764275127374,0.804764275127374,0.804764275127374,0.804764275127374,0.804764275127374
700,0.8723928773427019,0.8323928773427018,0.8423928773427019,0.8573928773427019,0.8273928773427018,0.8373928773427018,0.8573928773427019,0.8473928773427019,0.8473928773427019,0.8573928773427019,0.8573928773427019,0.8773928773427019,0.8673928773427019
701,0.9087947620361131,0.9087947620361131,0.8887947620361131,0.8887947620361131,0.8887947620361131,0.868794762036113,0.8787947620361131,0.8787947620361131,0.8887947620361131,0.8987947620361131,0.8887947620361131,0.8787947620361131,0.8787947620361131
702,0.7888638820871209,0.7788638820871209,0.7788638820871209,0.7788638820871209,0.7988638820871209,0.7988638820871209,0.8088638820871209,0.8088638820871209,0.8188638820871209,0.7888638820871209,0.7888638820871209,0.7988638820871209,0.8088638820871209
703,0.90893598065122,0.90893598065122,0.90893598065122,0.89893598065122,0.89893598065122,0.9189359806512201,0.89893598065122,0.89893598065122,0.89893598065122,0.88893598065122,0.9189359806512201,0.9289359806512201,0.90393598065122
704,0.8651127583094795,0.8551127583094795,0.8451127583094795,0.8651127583094795,0.8651127583094795,0.8751127583094795,0.8751127583094795,0.8751127583094795,0.8851127583094796,0.8551127583094795,0.8551127583094795,0.8751127583094795,0.8951127583094796
705,0.9243320093855343,0.9143320093855343,0.9143320093855343,0.9243320093855343,0.8843320093855342,0.8893320093855343,0.8993320093855343,0.8993320093855343,0.8993320093855343,0.8993320093855343,0.9093320093855343,0.9093320093855343,0.9093320093855343
706,0.7989610925131586,0.8289610925131586,0.8389610925131586,0.8389610925131586,0.8189610925131586,0.7989610925131586,0.7989610925131586,0.7889610925131586,0.7889610925131586,0.7889610925131586,0.7689610925131586,0.7789610925131586,0.7789610925131586
707,0.8569573162793944,0.8469573162793944,0.8569573162793944,0.8669573162793944,0.8669573162793944,0.8569573162793944,0.8569573162793944,0.8469573162793944,0.8569573162793944,0.8669573162793944,0.8769573162793944,0.8769573162793944,0.8669573162793944
708,0.9069946413101354,0.9169946413101354,0.9069946413101354,0.9069946413101354,0.8969946413101354,0.9169946413101354,0.9169946413101354,0.9369946413101354,0.9269946413101354,0.9269946413101354,0.9169946413101354,0.9169946413101354,0.9169946413101354
709,0.8747127110182582,0.8747127110182582,0.8747127110182582,0.8747127110182582,0.8447127110182582,0.8447127110182582,0.8547127110182582,0.8547127110182582,0.8747127110182582,0.8947127110182582,0.8847127110182582,0.8447127110182582,0.8347127110182582
710,0.8682638525756476,0.8682638525756476,0.8782638525756477,0.8682638525756476,0.8682638525756476,0.8482638525756476,0.8382638525756476,0.8482638525756476,0.8582638525756476,0.8582638525756476,0.8682638525756476,0.8782638525756477,0.8982638525756477
711,0.8070540639046985,0.8170540639046985,0.8170540639046985,0.7970540639046985,0.8070540639046985,0.8070540639046985,0.8070540639046985,0.8070540639046985,0.7970540639046985,0.8070540639046985,0.8270540639046985,0.8170540639046985,0.8070540639046985
712,0.8635614921627666,0.8535614921627666,0.8635614921627666,0.8735614921627666,0.8635614921627666,0.8435614921627665,0.8685614921627666,0.8685614921627666,0.8485614921627666,0.8685614921627666,0.8785614921627666,0.8885614921627666,0.8785614921627666
713,0.8945915671662461,0.8745915671662461,0.8745915671662461,0.8845915671662461,0.8945915671662461,0.8945915671662461,0.8845915671662461,0.8945915671662461,0.9045915671662461,0.9145915671662461,0.9345915671662461,0.9345915671662461,0.9345915671662461
714,0.8594013079307461,0.8694013079307461,0.8694013079307461,0.8594013079307461,0.8494013079307461,0.8494013079307461,0.8494013079307461,0.8494013079307461,0.8394013079307461,0.8594013079307461,0.8494013079307461,0.8494013079307461,0.8494013079307461
715,0.8658378382977516,0.8658378382977516,0.8558378382977516,0.8558378382977516,0.8458378382977516,0.8458378382977516,0.8458378382977516,0.8258378382977516,0.8258378382977516,0.8258378382977516,0.8258378382977516,0.8308378382977516,0.8308378382977516
716,0.8469590838881663,0.8369590838881663,0.8169590838881663,0.8369590838881663,0.8569590838881663,0.8669590838881663,0.8569590838881663,0.8569590838881663,0.8669590838881663,0.8669590838881663,0.8469590838881663,0.8469590838881663,0.8569590838881663
717,0.7885901082142741,0.7985901082142741,0.7885901082142741,0.7685901082142741,0.7685901082142741,0.7685901082142741,0.7485901082142741,0.7485901082142741,0.7535901082142741,0.7635901082142741,0.7535901082142741,0.7635901082142741,0.7635901082142741
718,0.8915473277003985,0.8815473277003985,0.8715473277003984,0.8815473277003985,0.9015473277003985,0.9015473277003985,0.9215473277003985,0.9215473277003985,0.9065473277003985,0.9165473277003985,0.9365473277003985,0.9265473277003985,0.9165473277003985
719,0.8691641769618161,0.8691641769618161,0.8891641769618162,0.8991641769618162,0.8891641769618162,0.8991641769618162,0.8891641769618162,0.8891641769618162,0.8691641769618161,0.8591641769618161,0.8991641769618162,0.8791641769618161,0.8691641769618161
720,0.8297587930401614,0.8297587930401614,0.8297587930401614,0.8197587930401614,0.8197587930401614,0.7997587930401614,0.7997587930401614,0.7897587930401614,0.7947587930401614,0.8047587930401614,0.7947587930401614,0.7947587930401614,0.7947587930401614
721,0.8274704400721172,0.8174704400721172,0.8074704400721172,0.8074704400721172,0.8074704400721172,0.7874704400721172,0.7974704400721172,0.8074704400721172,0.8074704400721172,0.8074704400721172,0.8074704400721172,0.8074704400721172,0.8324704400721172
722,0.829887259316698,0.809887259316698,0.809887259316698,0.809887259316698,0.799887259316698,0.799887259316698,0.799887259316698,0.809887259316698,0.809887259316698,0.819887259316698,0.819887259316698,0.819887259316698,0.809887259316698
723,0.7182455611384811,0.7182455611384811,0.6982455611384811,0.6982455611384811,0.6982455611384811,0.7082455611384811,0.6982455611384811,0.6782455611384811,0.6782455611384811,0.6882455611384811,0.6882455611384811,0.6882455611384811,0.6882455611384811
724,0.8890418333444734,0.8990418333444734,0.9290418333444734,0.9290418333444734,0.9240418333444734,0.9240418333444734,0.9240418333444734,0.9240418333444734,0.9240418333444734,0.9140418333444734,0.9140418333444734,0.8940418333444734,0.8940418333444734
725,0.816823374035881,0.806823374035881,0.786823374035881,0.786823374035881,0.786823374035881,0.786823374035881,0.776823374035881,0.776823374035881,0.776823374035881,0.776823374035881,0.781823374035881,0.781823374035881,0.791823374035881
726,0.8917746352968963,0.8917746352968963,0.8917746352968963,0.8917746352968963,0.8917746352968963,0.9017746352968963,0.9317746352968963,0.9217746352968963,0.9217746352968963,0.9067746352968963,0.9167746352968963,0.9067746352968963,0.9067746352968963
727,0.8580472668141443,0.8680472668141443,0.8980472668141444,0.8780472668141444,0.8780472668141444,0.8980472668141444,0.8880472668141444,0.8880472668141444,0.8680472668141443,0.8880472668141444,0.8780472668141444,0.8580472668141443,0.8680472668141443
728,0.8979350520021454,0.8979350520021454,0.9179350520021454,0.9279350520021454,0.9379350520021454,0.9329350520021454,0.9229350520021454,0.9229350520021454,0.8929350520021454,0.8829350520021454,0.8829350520021454,0.8729350520021454,0.8629350520021454
729,0.8531668552792239,0.8531668552792239,0.8531668552792239,0.8531668552792239,0.8631668552792239,0.8631668552792239,0.8631668552792239,0.8631668552792239,0.8831668552792239,0.8731668552792239,0.8731668552792239,0.8631668552792239,0.8631668552792239
730,0.8758060636813197,0.8958060636813198,0.8858060636813198,0.8958060636813198,0.8958060636813198,0.9158060636813198,0.9158060636813198,0.8958060636813198,0.8958060636813198,0.9058060636813198,0.9158060636813198,0.9108060636813198,0.9108060636813198
731,0.8726787639314146,0.8726787639314146,0.8726787639314146,0.8526787639314146,0.8626787639314146,0.8526787639314146,0.8526787639314146,0.8526787639314146,0.8776787639314146,0.8776787639314146,0.8676787639314146,0.8676787639314146,0.8876787639314146
732,0.8422101267501301,0.82221012675013,0.82221012675013,0.82221012675013,0.81221012675013,0.82221012675013,0.8322101267501301,0.8322101267501301,0.8422101267501301,0.8422101267501301,0.8422101267501301,0.82221012675013,0.80221012675013
733,0.8539237857362793,0.8539237857362793,0.8539237857362793,0.8639237857362793,0.8439237857362792,0.8439237857362792,0.8439237857362792,0.8439237857362792,0.8439237857362792,0.8439237857362792,0.8339237857362792,0.8139237857362792,0.8239237857362792
734,0.901849143429671,0.891849143429671,0.901849143429671,0.911849143429671,0.911849143429671,0.891849143429671,0.881849143429671,0.881849143429671,0.881849143429671,0.871849143429671,0.871849143429671,0.881849143429671,0.861849143429671
735,0.8458093815841119,0.8258093815841119,0.8258093815841119,0.8358093815841119,0.8458093815841119,0.8458093815841119,0.8458093815841119,0.8458093815841119,0.8458093815841119,0.8458093815841119,0.8458093815841119,0.8458093815841119,0.8558093815841119
736,0.8329429191152339,0.8429429191152339,0.8529429191152339,0.8279429191152339,0.8279429191152339,0.8279429191152339,0.8179429191152339,0.8279429191152339,0.8479429191152339,0.8379429191152339,0.8379429191152339,0.8179429191152339,0.8179429191152339
737,0.829654952605881,0.829654952605881,0.849654952605881,0.869654952605881,0.849654952605881,0.849654952605881,0.849654952605881,0.829654952605881,0.839654952605881,0.839654952605881,0.839654952605881,0.829654952605881,0.829654952605881
738,0.8759243016166,0.8759243016166,0.8659243016166,0.8859243016166,0.8859243016166,0.8859243016166,0.9059243016166,0.9059243016166,0.9059243016166,0.9059243016166,0.8859243016166,0.8559243016165999,0.8559243016165999
739,0.8479254918239415,0.8479254918239415,0.8479254918239415,0.8479254918239415,0.8379254918239415,0.8379254918239415,0.8279254918239415,0.8479254918239415,0.8479254918239415,0.8479254918239415,0.8379254918239415,0.8379254918239415,0.8079254918239415
740,0.8914522707918637,0.8814522707918637,0.8814522707918637,0.8714522707918637,0.8914522707918637,0.8914522707918637,0.9114522707918638,0.9114522707918638,0.9014522707918637,0.9014522707918637,0.8914522707918637,0.9314522707918638,0.9214522707918638
741,0.8625338991602973,0.8625338991602973,0.8825338991602973,0.8825338991602973,0.8825338991602973,0.9025338991602974,0.9025338991602974,0.9025338991602974,0.9025338991602974,0.8975338991602974,0.8875338991602973,0.8975338991602974,0.8775338991602973
742,0.8516653495560607,0.8516653495560607,0.8616653495560607,0.8916653495560607,0.8916653495560607,0.8916653495560607,0.8916653495560607,0.8716653495560607,0.8616653495560607,0.8616653495560607,0.8616653495560607,0.8516653495560607,0.8716653495560607
743,0.855486948360209,0.865486948360209,0.865486948360209,0.865486948360209,0.885486948360209,0.870486948360209,0.860486948360209,0.860486948360209,0.870486948360209,0.890486948360209,0.890486948360209,0.880486948360209,0.880486948360209
744,0.9291371790004855,0.9391371790004855,0.9391371790004855,0.9391371790004855,0.9491371790004856,0.9591371790004856,0.9491371790004856,0.9591371790004856,0.9441371790004855,0.9341371790004855,0.9541371790004856,0.9541371790004856,0.9541371790004856
745,0.7839538597189819,0.7939538597189819,0.8239538597189819,0.8239538597189819,0.8239538597189819,0.8239538597189819,0.8239538597189819,0.8239538597189819,0.8189538597189819,0.8189538597189819,0.8089538597189819,0.7989538597189819,0.7989538597189819
746,0.8403863045894718,0.8103863045894718,0.8103863045894718,0.8203863045894718,0.8203863045894718,0.8203863045894718,0.8203863045894718,0.8203863045894718,0.8203863045894718,0.8203863045894718,0.8403863045894718,0.8403863045894718,0.8403863045894718
747,0.8140963162346115,0.7840963162346115,0.7740963162346115,0.7790963162346115,0.7790963162346115,0.7890963162346115,0.7790963162346115,0.8090963162346115,0.8190963162346115,0.8090963162346115,0.8490963162346116,0.8490963162346116,0.8490963162346116
748,0.8841727445887689,0.8841727445887689,0.904172744588769,0.904172744588769,0.8841727445887689,0.8641727445887689,0.8541727445887689,0.8441727445887689,0.8441727445887689,0.8441727445887689,0.8541727445887689,0.8641727445887689,0.8741727445887689
749,0.8414403285769017,0.8314403285769016,0.8214403285769016,0.8014403285769016,0.8114403285769016,0.8114403285769016,0.8264403285769016,0.8464403285769017,0.8664403285769017,0.8664403285769017,0.8664403285769017,0.8764403285769017,0.8764403285769017
750,0.8755532559392089,0.8755532559392089,0.9055532559392089,0.9055532559392089,0.9055532559392089,0.9055532559392089,0.9055532559392089,0.8905532559392089,0.8805532559392089,0.8805532559392089,0.8805532559392089,0.8705532559392088,0.8605532559392088
751,0.8298229653394594,0.8298229653394594,0.8198229653394594,0.8098229653394594,0.8098229653394594,0.8298229653394594,0.8498229653394594,0.8398229653394594,0.8398229653394594,0.8398229653394594,0.8398229653394594,0.8498229653394594,0.8498229653394594
752,0.8341976770829775,0.8141976770829775,0.8141976770829775,0.8241976770829775,0.8141976770829775,0.8241976770829775,0.8341976770829775,0.8241976770829775,0.8241976770829775,0.8341976770829775,0.8341976770829775,0.8341976770829775,0.8341976770829775
753,0.8445444733903451,0.8445444733903451,0.8545444733903451,0.8545444733903451,0.8645444733903451,0.8645444733903451,0.8645444733903451,0.8445444733903451,0.8445444733903451,0.8445444733903451,0.8445444733903451,0.8445444733903451,0.8345444733903451
754,0.7877290376182702,0.7777290376182702,0.7977290376182702,0.8077290376182702,0.7977290376182702,0.7877290376182702,0.7877290376182702,0.8177290376182702,0.8277290376182702,0.8227290376182702,0.8127290376182702,0.8027290376182702,0.7927290376182702
755,0.8768264850626577,0.8768264850626577,0.8768264850626577,0.8868264850626577,0.8868264850626577,0.8868264850626577,0.8868264850626577,0.8868264850626577,0.8668264850626577,0.8768264850626577,0.8768264850626577,0.8768264850626577,0.8868264850626577
756,0.8334088155640645,0.8334088155640645,0.8434088155640646,0.8434088155640646,0.8434088155640646,0.8634088155640646,0.8484088155640646,0.8384088155640645,0.8284088155640645,0.8184088155640645,0.8284088155640645,0.8384088155640645,0.8384088155640645
757,0.8444901514065372,0.8344901514065372,0.8244901514065371,0.8244901514065371,0.8244901514065371,0.8344901514065372,0.8444901514065372,0.8544901514065372,0.8544901514065372,0.8544901514065372,0.8544901514065372,0.8344901514065372,0.8644901514065372
758,0.8554392043552396,0.8654392043552396,0.8654392043552396,0.8654392043552396,0.8654392043552396,0.8754392043552396,0.8554392043552396,0.8554392043552396,0.8254392043552395,0.8154392043552395,0.8254392043552395,0.8254392043552395,0.8254392043552395
759,0.868527053917961,0.858527053917961,0.868527053917961,0.868527053917961,0.858527053917961,0.848527053917961,0.848527053917961,0.828527053917961,0.828527053917961,0.838527053917961,0.828527053917961,0.828527053917961,0.828527053917961
760,0.8675255601844161,0.8875255601844161,0.8975255601844161,0.9075255601844161,0.8975255601844161,0.8975255601844161,0.9075255601844161,0.9075255601844161,0.9075255601844161,0.9025255601844161,0.8925255601844161,0.9025255601844161,0.8825255601844161
761,0.8501863642397668,0.8401863642397668,0.8401863642397668,0.8401863642397668,0.8301863642397668,0.8301863642397668,0.8301863642397668,0.8301863642397668,0.8401863642397668,0.8401863642397668,0.8401863642397668,0.8301863642397668,0.8401863642397668
762,0.871496922592331,0.881496922592331,0.881496922592331,0.881496922592331,0.881496922592331,0.891496922592331,0.881496922592331,0.846496922592331,0.856496922592331,0.856496922592331,0.856496922592331,0.836496922592331,0.836496922592331
763,0.9029673947399715,0.9129673947399715,0.9329673947399715,0.9329673947399715,0.9429673947399715,0.9379673947399715,0.9379673947399715,0.9079673947399715,0.9179673947399715,0.9179673947399715,0.9379673947399715,0.9079673947399715,0.9079673947399715
764,0.8224192406992658,0.8324192406992658,0.8324192406992658,0.8324192406992658,0.8224192406992658,0.8224192406992658,0.8224192406992658,0.8324192406992658,0.8424192406992658,0.8324192406992658,0.8324192406992658,0.8024192406992657,0.7924192406992657
765,0.8574716571695445,0.8574716571695445,0.8674716571695446,0.8774716571695446,0.8674716571695446,0.8674716571695446,0.8574716571695445,0.8474716571695445,0.8874716571695446,0.8874716571695446,0.8874716571695446,0.8874716571695446,0.8874716571695446
766,0.8291521228861172,0.8491521228861172,0.8491521228861172,0.8491521228861172,0.8191521228861172,0.8191521228861172,0.8191521228861172,0.8191521228861172,0.7991521228861171,0.8091521228861172,0.8091521228861172,0.8191521228861172,0.8291521228861172
767,0.8263515642564067,0.8363515642564067,0.8263515642564067,0.8263515642564067,0.8363515642564067,0.8463515642564067,0.8463515642564067,0.8363515642564067,0.8163515642564066,0.8263515642564067,0.8163515642564066,0.8063515642564066,0.7963515642564066
768,0.828082262976364,0.838082262976364,0.838082262976364,0.848082262976364,0.858082262976364,0.858082262976364,0.843082262976364,0.843082262976364,0.853082262976364,0.843082262976364,0.843082262976364,0.833082262976364,0.813082262976364
769,0.8308129447066983,0.8408129447066983,0.8408129447066983,0.8408129447066983,0.8408129447066983,0.8408129447066983,0.8508129447066983,0.8508129447066983,0.8508129447066983,0.8708129447066983,0.8708129447066983,0.8608129447066983,0.8508129447066983
770,0.8185711785964922,0.8385711785964922,0.8385711785964922,0.8285711785964922,0.8185711785964922,0.8485711785964922,0.8585711785964922,0.8585711785964922,0.8385711785964922,0.7985711785964922,0.8085711785964922,0.8085711785964922,0.7885711785964922
771,0.8813161229059073,0.8813161229059073,0.8613161229059073,0.8813161229059073,0.8813161229059073,0.8813161229059073,0.8813161229059073,0.9013161229059073,0.9013161229059073,0.8913161229059073,0.8813161229059073,0.8813161229059073,0.8813161229059073
772,0.9177854225347586,0.9177854225347586,0.9177854225347586,0.9277854225347586,0.9277854225347586,0.9077854225347586,0.8977854225347586,0.8877854225347586,0.8877854225347586,0.8877854225347586,0.8877854225347586,0.8877854225347586,0.9027854225347586
773,0.9026912872156643,0.9026912872156643,0.8826912872156643,0.8926912872156643,0.8826912872156643,0.8926912872156643,0.8826912872156643,0.8826912872156643,0.8926912872156643,0.8926912872156643,0.9026912872156643,0.9026912872156643,0.9126912872156643
774,0.845786479994628,0.835786479994628,0.865786479994628,0.865786479994628,0.865786479994628,0.855786479994628,0.845786479994628,0.845786479994628,0.855786479994628,0.835786479994628,0.825786479994628,0.845786479994628,0.875786479994628
775,0.850889535237782,0.860889535237782,0.850889535237782,0.870889535237782,0.870889535237782,0.890889535237782,0.885889535237782,0.875889535237782,0.875889535237782,0.885889535237782,0.885889535237782,0.875889535237782,0.875889535237782
776,0.853197038931765,0.883197038931765,0.868197038931765,0.858197038931765,0.848197038931765,0.848197038931765,0.858197038931765,0.858197038931765,0.868197038931765,0.878197038931765,0.868197038931765,0.848197038931765,0.858197038931765
777,0.8653528722905864,0.8653528722905864,0.8553528722905864,0.8453528722905864,0.8553528722905864,0.8653528722905864,0.8653528722905864,0.8853528722905865,0.9053528722905865,0.9053528722905865,0.9053528722905865,0.9003528722905865,0.9003528722905865
778,0.8321855859004635,0.8521855859004636,0.8521855859004636,0.8321855859004635,0.8321855859004635,0.8321855859004635,0.8521855859004636,0.8721855859004636,0.8721855859004636,0.8671855859004636,0.8671855859004636,0.8671855859004636,0.8671855859004636
779,0.8564810792688151,0.8664810792688151,0.8664810792688151,0.8564810792688151,0.8164810792688151,0.8164810792688151,0.8164810792688151,0.8214810792688151,0.8314810792688151,0.8414810792688151,0.8414810792688151,0.8614810792688151,0.8614810792688151
780,0.8741266569599067,0.8841266569599067,0.8841266569599067,0.8841266569599067,0.8841266569599067,0.8641266569599066,0.8641266569599066,0.8841266569599067,0.8741266569599067,0.8841266569599067,0.8541266569599066,0.8541266569599066,0.8341266569599066
781,0.8119328130266434,0.8119328130266434,0.7919328130266434,0.8019328130266434,0.8119328130266434,0.8119328130266434,0.8319328130266435,0.8319328130266435,0.8219328130266434,0.8019328130266434,0.8019328130266434,0.7919328130266434,0.7919328130266434
782,0.8360346804637787,0.8260346804637787,0.8260346804637787,0.8160346804637787,0.8160346804637787,0.8160346804637787,0.8160346804637787,0.8260346804637787,0.8260346804637787,0.8260346804637787,0.8360346804637787,0.8160346804637787,0.7960346804637787
783,0.8631529764004111,0.8631529764004111,0.8631529764004111,0.8531529764004111,0.8731529764004111,0.8731529764004111,0.8731529764004111,0.8631529764004111,0.8531529764004111,0.8631529764004111,0.8631529764004111,0.8731529764004111,0.8731529764004111
784,0.8005344313815871,0.8005344313815871,0.8005344313815871,0.8005344313815871,0.7905344313815871,0.8005344313815871,0.8005344313815871,0.8005344313815871,0.8005344313815871,0.7805344313815871,0.7805344313815871,0.7805344313815871,0.7805344313815871
785,0.8210153649593154,0.8210153649593154,0.8210153649593154,0.8210153649593154,0.8210153649593154,0.8410153649593154,0.8410153649593154,0.8310153649593154,0.8410153649593154,0.8110153649593154,0.8110153649593154,0.8010153649593154,0.8010153649593154
786,0.8936779535072047,0.8936779535072047,0.8936779535072047,0.8936779535072047,0.8836779535072047,0.8836779535072047,0.8836779535072047,0.9036779535072047,0.8936779535072047,0.8936779535072047,0.8936779535072047,0.9136779535072047,0.9136779535072047
787,0.8058828756507962,0.7958828756507962,0.7958828756507962,0.7958828756507962,0.8058828756507962,0.8258828756507962,0.8258828756507962,0.8158828756507962,0.8058828756507962,0.8058828756507962,0.7958828756507962,0.7958828756507962,0.7958828756507962
788,0.8800779369190993,0.8800779369190993,0.8700779369190993,0.8700779369190993,0.8700779369190993,0.8700779369190993,0.8600779369190993,0.8600779369190993,0.8600779369190993,0.8500779369190993,0.8650779369190993,0.8650779369190993,0.8950779369190993
789,0.8391429995448291,0.8391429995448291,0.8491429995448291,0.8591429995448291,0.8591429995448291,0.8491429995448291,0.8491429995448291,0.8591429995448291,0.8591429995448291,0.8591429995448291,0.8591429995448291,0.8591429995448291,0.8791429995448291
790,0.8350400538816193,0.8450400538816193,0.8550400538816193,0.8650400538816193,0.8550400538816193,0.8550400538816193,0.8550400538816193,0.8650400538816193,0.8650400538816193,0.8550400538816193,0.8550400538816193,0.8550400538816193,0.8550400538816193
791,0.7441515251635779,0.7641515251635779,0.7541515251635779,0.7641515251635779,0.7641515251635779,0.7541515251635779,0.7341515251635778,0.7241515251635778,0.7141515251635778,0.7341515251635778,0.7241515251635778,0.7241515251635778,0.7241515251635778
792,0.8223986253229948,0.8023986253229948,0.8023986253229948,0.8323986253229948,0.8323986253229948,0.8223986253229948,0.8223986253229948,0.8123986253229948,0.8123986253229948,0.8423986253229948,0.8173986253229948,0.8173986253229948,0.8273986253229948
793,0.856780439033815,0.856780439033815,0.846780439033815,0.8367804390338149,0.846780439033815,0.846780439033815,0.846780439033815,0.846780439033815,0.846780439033815,0.8267804390338149,0.8167804390338149,0.8167804390338149,0.8217804390338149
794,0.8440671568857203,0.8540671568857203,0.8440671568857203,0.8440671568857203,0.8440671568857203,0.8440671568857203,0.8240671568857203,0.8140671568857203,0.8140671568857203,0.8140671568857203,0.8140671568857203,0.8040671568857203,0.8040671568857203
795,0.8356882593991773,0.8356882593991773,0.8256882593991773,0.8056882593991773,0.8056882593991773,0.8256882593991773,0.8456882593991774,0.8456882593991774,0.8456882593991774,0.8456882593991774,0.8356882593991773,0.8456882593991774,0.8456882593991774
796,0.8679762556782816,0.8679762556782816,0.8579762556782816,0.8579762556782816,0.8579762556782816,0.8779762556782816,0.8779762556782816,0.8779762556782816,0.8679762556782816,0.8679762556782816,0.8679762556782816,0.8679762556782816,0.8679762556782816
797,0.8704787198648352,0.8704787198648352,0.8704787198648352,0.8804787198648352,0.8904787198648352,0.9004787198648352,0.9004787198648352,0.9004787198648352,0.8854787198648352,0.8854787198648352,0.8854787198648352,0.8854787198648352,0.9154787198648352
798,0.8705392339027571,0.8505392339027571,0.8605392339027571,0.8605392339027571,0.8505392339027571,0.8405392339027571,0.8405392339027571,0.8555392339027571,0.8555392339027571,0.8355392339027571,0.8355392339027571,0.8355392339027571,0.8555392339027571
799,0.8126471426791235,0.8126471426791235,0.8226471426791235,0.8126471426791235,0.8126471426791235,0.8026471426791235,0.7826471426791235,0.7976471426791235,0.7976471426791235,0.7876471426791235,0.7876471426791235,0.8076471426791235,0.7876471426791235
800,0.887773561687175,0.897773561687175,0.897773561687175,0.887773561687175,0.887773561687175,0.887773561687175,0.887773561687175,0.887773561687175,0.867773561687175,0.867773561687175,0.887773561687175,0.877773561687175,0.877773561687175
801,0.8335745566066279,0.8335745566066279,0.843574556606628,0.8235745566066279,0.853574556606628,0.853574556606628,0.853574556606628,0.863574556606628,0.843574556606628,0.843574556606628,0.8335745566066279,0.8235745566066279,0.858574556606628
802,0.8840427250289202,0.8840427250289202,0.8840427250289202,0.8740427250289202,0.8840427250289202,0.8740427250289202,0.8740427250289202,0.8740427250289202,0.8540427250289202,0.8540427250289202,0.8540427250289202,0.8540427250289202,0.8440427250289202
803,0.8839372938471663,0.8939372938471664,0.8939372938471664,0.9039372938471664,0.9139372938471664,0.9039372938471664,0.8839372938471663,0.8839372938471663,0.8739372938471663,0.8739372938471663,0.8839372938471663,0.8839372938471663,0.8839372938471663
804,0.8621737445437835,0.8621737445437835,0.8621737445437835,0.8621737445437835,0.8721737445437835,0.8521737445437835,0.8421737445437835,0.8421737445437835,0.8671737445437835,0.8671737445437835,0.8571737445437835,0.8471737445437835,0.8571737445437835
805,0.7713261880770206,0.7713261880770206,0.7813261880770206,0.7813261880770206,0.7813261880770206,0.7913261880770206,0.8013261880770206,0.7913261880770206,0.8013261880770206,0.8013261880770206,0.8013261880770206,0.7863261880770206,0.7863261880770206
806,0.9081383438045895,0.8981383438045895,0.8981383438045895,0.9181383438045895,0.9181383438045895,0.9081383438045895,0.9081383438045895,0.9281383438045895,0.9281383438045895,0.9381383438045895,0.9381383438045895,0.9481383438045895,0.9431383438045895
807,0.876755002494291,0.8667550024942909,0.8567550024942909,0.8467550024942909,0.8567550024942909,0.8567550024942909,0.8567550024942909,0.8567550024942909,0.8567550024942909,0.8567550024942909,0.8567550024942909,0.8367550024942909,0.8417550024942909
808,0.9621299008449516,0.9521299008449516,0.9521299008449516,0.9521299008449516,0.9421299008449516,0.9421299008449516,0.9421299008449516,0.9521299008449516,0.9521299008449516,0.9421299008449516,0.9421299008449516,0.9421299008449516,0.9721299008449517
809,0.8722289708434436,0.8722289708434436,0.8722289708434436,0.8822289708434436,0.8922289708434437,0.8922289708434437,0.8922289708434437,0.8922289708434437,0.8822289708434436,0.8722289708434436,0.8822289708434436,0.8722289708434436,0.8622289708434436
810,0.8494638549716271,0.8494638549716271,0.8394638549716271,0.8694638549716271,0.8694638549716271,0.8694638549716271,0.8694638549716271,0.8894638549716272,0.8844638549716272,0.8744638549716272,0.8744638549716272,0.8744638549716272,0.8844638549716272
811,0.8454722430671221,0.8554722430671221,0.8854722430671221,0.8854722430671221,0.8854722430671221,0.8804722430671221,0.8704722430671221,0.8504722430671221,0.8504722430671221,0.8404722430671221,0.8304722430671221,0.8104722430671221,0.8304722430671221
812,0.8348719630678612,0.8348719630678612,0.8248719630678611,0.8248719630678611,0.8348719630678612,0.8248719630678611,0.8148719630678611,0.8148719630678611,0.8548719630678612,0.8448719630678612,0.8448719630678612,0.8448719630678612,0.8448719630678612
813,0.8129002989547913,0.8129002989547913,0.8229002989547913,0.8029002989547913,0.8029002989547913,0.8029002989547913,0.7829002989547913,0.8029002989547913,0.8129002989547913,0.7929002989547913,0.7929002989547913,0.8029002989547913,0.7929002989547913
814,0.869144288647724,0.869144288647724,0.869144288647724,0.869144288647724,0.879144288647724,0.879144288647724,0.849144288647724,0.849144288647724,0.849144288647724,0.849144288647724,0.869144288647724,0.889144288647724,0.909144288647724
815,0.8397568924105917,0.8297568924105917,0.7997568924105917,0.7997568924105917,0.8047568924105917,0.8147568924105917,0.8347568924105917,0.8147568924105917,0.8247568924105917,0.8347568924105917,0.8447568924105917,0.8447568924105917,0.8347568924105917
816,0.8634688840116171,0.8634688840116171,0.8634688840116171,0.8534688840116171,0.8534688840116171,0.8334688840116171,0.8634688840116171,0.8734688840116172,0.8634688840116171,0.8534688840116171,0.8534688840116171,0.8334688840116171,0.8234688840116171
817,0.8682627561760421,0.8682627561760421,0.8782627561760421,0.8682627561760421,0.8682627561760421,0.8582627561760421,0.8582627561760421,0.8782627561760421,0.8682627561760421,0.8682627561760421,0.8782627561760421,0.8782627561760421,0.8482627561760421
818,0.771838300394087,0.771838300394087,0.781838300394087,0.771838300394087,0.791838300394087,0.801838300394087,0.801838300394087,0.791838300394087,0.801838300394087,0.801838300394087,0.811838300394087,0.811838300394087,0.801838300394087
819,0.8477022186827045,0.8477022186827045,0.8477022186827045,0.8377022186827044,0.8277022186827044,0.8277022186827044,0.8477022186827045,0.8277022186827044,0.8277022186827044,0.8177022186827044,0.8477022186827045,0.8577022186827045,0.8477022186827045
820,0.8649580134542532,0.8749580134542532,0.8849580134542532,0.8849580134542532,0.8749580134542532,0.8649580134542532,0.8649580134542532,0.8649580134542532,0.8649580134542532,0.8649580134542532,0.8749580134542532,0.8549580134542532,0.8649580134542532
821,0.8560516857200305,0.8560516857200305,0.8760516857200306,0.8660516857200306,0.8660516857200306,0.8660516857200306,0.8560516857200305,0.8560516857200305,0.8560516857200305,0.8660516857200306,0.8760516857200306,0.8760516857200306,0.8760516857200306
822,0.816264290698425,0.826264290698425,0.826264290698425,0.826264290698425,0.826264290698425,0.826264290698425,0.846264290698425,0.831264290698425,0.831264290698425,0.831264290698425,0.831264290698425,0.831264290698425,0.831264290698425
823,0.8355235567279506,0.8355235567279506,0.8255235567279506,0.8255235567279506,0.8155235567279506,0.8155235567279506,0.8055235567279506,0.8205235567279506,0.8205235567279506,0.8205235567279506,0.8205235567279506,0.8205235567279506,0.8205235567279506
824,0.8039356995382696,0.8139356995382696,0.7939356995382696,0.8039356995382696,0.8239356995382696,0.7989356995382696,0.7989356995382696,0.7989356995382696,0.7889356995382696,0.7889356995382696,0.7889356995382696,0.7589356995382696,0.7689356995382696
825,0.857180017131471,0.877180017131471,0.887180017131471,0.867180017131471,0.857180017131471,0.847180017131471,0.867180017131471,0.877180017131471,0.877180017131471,0.867180017131471,0.887180017131471,0.897180017131471,0.887180017131471
826,0.865443917899303,0.865443917899303,0.865443917899303,0.865443917899303,0.875443917899303,0.895443917899303,0.885443917899303,0.895443917899303,0.895443917899303,0.885443917899303,0.885443917899303,0.885443917899303,0.875443917899303
827,0.8764079594732155,0.8764079594732155,0.8664079594732155,0.8664079594732155,0.8664079594732155,0.8664079594732155,0.8464079594732155,0.8614079594732155,0.8614079594732155,0.8614079594732155,0.8614079594732155,0.8514079594732155,0.8514079594732155
828,0.7987981652138386,0.8187981652138386,0.7887981652138386,0.7887981652138386,0.7887981652138386,0.7887981652138386,0.8187981652138386,0.8087981652138386,0.8287981652138386,0.8287981652138386,0.8137981652138386,0.8137981652138386,0.8137981652138386
829,0.7768178450486936,0.7768178450486936,0.7768178450486936,0.7768178450486936,0.7568178450486935,0.7568178450486935,0.7568178450486935,0.7568178450486935,0.7668178450486935,0.7668178450486935,0.7568178450486935,0.7568178450486935,0.7668178450486935
830,0.8882093268497934,0.8982093268497934,0.8982093268497934,0.8882093268497934,0.9082093268497934,0.9082093268497934,0.8882093268497934,0.8782093268497934,0.8982093268497934,0.8982093268497934,0.8882093268497934,0.8882093268497934,0.8882093268497934
831,0.9124285877128518,0.9224285877128519,0.9324285877128519,0.9324285877128519,0.9324285877128519,0.9324285877128519,0.9124285877128518,0.9324285877128519,0.9324285877128519,0.9124285877128518,0.8724285877128518,0.8724285877128518,0.8774285877128518
832,0.8944977096199189,0.9144977096199189,0.9144977096199189,0.9144977096199189,0.9144977096199189,0.9044977096199189,0.8944977096199189,0.8744977096199189,0.8844977096199189,0.8944977096199189,0.9044977096199189,0.8944977096199189,0.8944977096199189
833,0.8324063050365869,0.8324063050365869,0.8224063050365868,0.8024063050365868,0.8024063050365868,0.8024063050365868,0.8124063050365868,0.8024063050365868,0.7924063050365868,0.7924063050365868,0.7924063050365868,0.7974063050365868,0.8174063050365868
834,0.882323704655117,0.862323704655117,0.882323704655117,0.892323704655117,0.902323704655117,0.892323704655117,0.882323704655117,0.872323704655117,0.872323704655117,0.872323704655117,0.862323704655117,0.862323704655117,0.892323704655117
835,0.7796096232905154,0.7796096232905154,0.7796096232905154,0.7696096232905154,0.7696096232905154,0.7696096232905154,0.7896096232905154,0.7996096232905154,0.8096096232905154,0.8196096232905155,0.8196096232905155,0.8196096232905155,0.8196096232905155
836,0.8566212303220093,0.8566212303220093,0.8566212303220093,0.8666212303220093,0.8666212303220093,0.8666212303220093,0.8766212303220093,0.8866212303220093,0.8966212303220094,0.8966212303220094,0.8916212303220094,0.8916212303220094,0.8916212303220094
837,0.8157893745713634,0.8157893745713634,0.8157893745713634,0.8257893745713634,0.8257893745713634,0.8357893745713634,0.8157893745713634,0.8257893745713634,0.8357893745713634,0.8257893745713634,0.8157893745713634,0.8057893745713633,0.8057893745713633
838,0.9293341796855809,0.9093341796855808,0.8993341796855808,0.8993341796855808,0.9093341796855808,0.9193341796855808,0.9193341796855808,0.9393341796855809,0.9193341796855808,0.9193341796855808,0.9193341796855808,0.9093341796855808,0.9193341796855808
839,0.903124437964102,0.903124437964102,0.903124437964102,0.923124437964102,0.903124437964102,0.903124437964102,0.903124437964102,0.913124437964102,0.933124437964102,0.918124437964102,0.928124437964102,0.938124437964102,0.938124437964102
840,0.8942228912047883,0.8942228912047883,0.8942228912047883,0.8942228912047883,0.8942228912047883,0.9142228912047883,0.9142228912047883,0.8742228912047882,0.8742228912047882,0.8842228912047883,0.9042228912047883,0.8942228912047883,0.8942228912047883
841,0.8480258565435816,0.8480258565435816,0.8580258565435817,0.8680258565435817,0.8780258565435817,0.8680258565435817,0.8680258565435817,0.8680258565435817,0.8880258565435817,0.8830258565435817,0.8930258565435817,0.8930258565435817,0.8730258565435817
842,0.8723235980779496,0.8723235980779496,0.8723235980779496,0.8723235980779496,0.8823235980779496,0.8823235980779496,0.8923235980779496,0.9023235980779496,0.9123235980779496,0.9123235980779496,0.8923235980779496,0.8923235980779496,0.8823235980779496
843,0.8067758982018132,0.7967758982018132,0.8067758982018132,0.7967758982018132,0.7867758982018132,0.7867758982018132,0.8067758982018132,0.8167758982018132,0.8067758982018132,0.7967758982018132,0.7967758982018132,0.7967758982018132,0.7967758982018132
844,0.7847422418197977,0.8047422418197977,0.7947422418197977,0.8047422418197977,0.8247422418197977,0.8197422418197977,0.8097422418197977,0.7897422418197977,0.7897422418197977,0.7897422418197977,0.7897422418197977,0.7897422418197977,0.7897422418197977
845,0.8224297656423915,0.8224297656423915,0.8224297656423915,0.8224297656423915,0.8224297656423915,0.8324297656423915,0.8524297656423915,0.8524297656423915,0.8324297656423915,0.8324297656423915,0.8324297656423915,0.8224297656423915,0.8224297656423915
846,0.8820882473157365,0.8720882473157365,0.8620882473157365,0.8720882473157365,0.8620882473157365,0.8820882473157365,0.8820882473157365,0.8720882473157365,0.8720882473157365,0.8820882473157365,0.8820882473157365,0.8820882473157365,0.8920882473157365
847,0.8664424154118363,0.8664424154118363,0.8864424154118363,0.8764424154118363,0.8764424154118363,0.8764424154118363,0.8764424154118363,0.8964424154118363,0.8864424154118363,0.8764424154118363,0.9064424154118363,0.9064424154118363,0.9064424154118363
848,0.8604289006883629,0.8604289006883629,0.8604289006883629,0.8504289006883629,0.8504289006883629,0.8504289006883629,0.8504289006883629,0.8504289006883629,0.8504289006883629,0.8404289006883628,0.8404289006883628,0.8404289006883628,0.8404289006883628
849,0.9300519150974773,0.9300519150974773,0.9300519150974773,0.9300519150974773,0.9300519150974773,0.9200519150974773,0.9400519150974773,0.9400519150974773,0.9400519150974773,0.9400519150974773,0.9300519150974773,0.9400519150974773,0.9300519150974773
850,0.8442302629888623,0.8542302629888623,0.8742302629888623,0.8642302629888623,0.8342302629888623,0.8542302629888623,0.8542302629888623,0.8542302629888623,0.8542302629888623,0.8542302629888623,0.8742302629888623,0.8742302629888623,0.8442302629888623
851,0.8526066645354228,0.8526066645354228,0.8626066645354228,0.8726066645354228,0.8826066645354228,0.8926066645354228,0.8626066645354228,0.8626066645354228,0.8626066645354228,0.8626066645354228,0.8726066645354228,0.8726066645354228,0.8726066645354228
852,0.8815398610294609,0.8915398610294609,0.8815398610294609,0.8715398610294609,0.8615398610294609,0.8615398610294609,0.8615398610294609,0.8815398610294609,0.8715398610294609,0.8915398610294609,0.8915398610294609,0.8815398610294609,0.8815398610294609
853,0.9402837078814277,0.9402837078814277,0.9302837078814277,0.9302837078814277,0.9302837078814277,0.9502837078814277,0.9502837078814277,0.9502837078814277,0.9402837078814277,0.9602837078814277,0.9502837078814277,0.9502837078814277,0.9402837078814277
854,0.8258487164831916,0.8258487164831916,0.8358487164831916,0.8458487164831916,0.8458487164831916,0.8458487164831916,0.8458487164831916,0.8358487164831916,0.8358487164831916,0.8258487164831916,0.8358487164831916,0.8458487164831916,0.8458487164831916
855,0.7881603946256642,0.7881603946256642,0.7881603946256642,0.7981603946256642,0.8181603946256643,0.8181603946256643,0.7881603946256642,0.7781603946256642,0.7881603946256642,0.7881603946256642,0.7881603946256642,0.7881603946256642,0.7781603946256642
856,0.871891496134087,0.841891496134087,0.856891496134087,0.866891496134087,0.836891496134087,0.836891496134087,0.846891496134087,0.846891496134087,0.826891496134087,0.856891496134087,0.836891496134087,0.846891496134087,0.836891496134087
857,0.7681134945613792,0.7581134945613792,0.7481134945613792,0.7481134945613792,0.7581134945613792,0.7481134945613792,0.7581134945613792,0.7581134945613792,0.7481134945613792,0.7381134945613792,0.7781134945613792,0.7981134945613793,0.7881134945613792
858,0.8338901295614022,0.8338901295614022,0.8238901295614022,0.8238901295614022,0.8238901295614022,0.8338901295614022,0.8138901295614022,0.8138901295614022,0.8238901295614022,0.8238901295614022,0.8038901295614022,0.8188901295614022,0.8188901295614022
859,0.8126354798948308,0.8126354798948308,0.8226354798948308,0.7926354798948307,0.7926354798948307,0.7926354798948307,0.7826354798948307,0.7726354798948307,0.7726354798948307,0.7826354798948307,0.7826354798948307,0.7726354798948307,0.7726354798948307
860,0.8280844558198692,0.8280844558198692,0.8180844558198692,0.8180844558198692,0.8180844558198692,0.8080844558198692,0.8080844558198692,0.8080844558198692,0.7980844558198692,0.7880844558198692,0.7980844558198692,0.8080844558198692,0.8080844558198692
861,0.7760673860825773,0.7560673860825773,0.7560673860825773,0.7460673860825773,0.7610673860825773,0.7710673860825773,0.7910673860825773,0.8010673860825773,0.8010673860825773,0.8010673860825773,0.7910673860825773,0.8010673860825773,0.8210673860825773
862,0.8895278823441272,0.8895278823441272,0.8895278823441272,0.8895278823441272,0.8895278823441272,0.9095278823441272,0.8895278823441272,0.8895278823441272,0.9095278823441272,0.9195278823441272,0.9195278823441272,0.8995278823441272,0.8795278823441272
863,0.8500532152825303,0.8500532152825303,0.8200532152825303,0.8300532152825303,0.8500532152825303,0.8500532152825303,0.8500532152825303,0.8300532152825303,0.8300532152825303,0.8300532152825303,0.8300532152825303,0.8100532152825303,0.8100532152825303
864,0.9148194345416306,0.9148194345416306,0.9048194345416306,0.9348194345416306,0.9348194345416306,0.9448194345416306,0.9448194345416306,0.9448194345416306,0.9548194345416307,0.9498194345416306,0.9398194345416306,0.9198194345416306,0.9198194345416306
865,0.8042444245665513,0.8142444245665513,0.8042444245665513,0.8042444245665513,0.8042444245665513,0.8042444245665513,0.7842444245665513,0.7842444245665513,0.7742444245665513,0.7642444245665513,0.7692444245665513,0.7792444245665513,0.7892444245665513
866,0.8599234606700235,0.8399234606700234,0.8599234606700235,0.8599234606700235,0.8599234606700235,0.8499234606700234,0.8599234606700235,0.8599234606700235,0.8599234606700235,0.8499234606700234,0.8799234606700235,0.8699234606700235,0.8699234606700235
867,0.8993823548581893,0.8993823548581893,0.8793823548581893,0.8793823548581893,0.8793823548581893,0.8693823548581893,0.8693823548581893,0.8593823548581893,0.8593823548581893,0.8643823548581893,0.8743823548581893,0.8643823548581893,0.8643823548581893
868,0.8454724801762568,0.8354724801762567,0.8454724801762568,0.8454724801762568,0.8354724801762567,0.8654724801762568,0.8654724801762568,0.8754724801762568,0.8754724801762568,0.8754724801762568,0.8854724801762568,0.8754724801762568,0.8854724801762568
869,0.8963275420205239,0.8863275420205239,0.8963275420205239,0.8863275420205239,0.9163275420205239,0.9163275420205239,0.8963275420205239,0.8763275420205239,0.8963275420205239,0.8863275420205239,0.8863275420205239,0.8863275420205239,0.8963275420205239
870,0.8104081213027061,0.8004081213027061,0.7904081213027061,0.8004081213027061,0.7804081213027061,0.8004081213027061,0.8004081213027061,0.7904081213027061,0.7904081213027061,0.8104081213027061,0.8204081213027061,0.8304081213027061,0.8404081213027061
871,0.8136408413046595,0.8136408413046595,0.8136408413046595,0.8036408413046595,0.8036408413046595,0.7836408413046595,0.7836408413046595,0.7836408413046595,0.7836408413046595,0.7736408413046595,0.7836408413046595,0.7736408413046595,0.7836408413046595
872,0.8476844467981772,0.8476844467981772,0.8476844467981772,0.8476844467981772,0.8576844467981772,0.8876844467981773,0.8776844467981773,0.8626844467981772,0.8626844467981772,0.8326844467981772,0.8326844467981772,0.8226844467981772,0.8226844467981772
873,0.9130616958491118,0.9130616958491118,0.9030616958491118,0.8830616958491118,0.9130616958491118,0.9130616958491118,0.9130616958491118,0.9030616958491118,0.8930616958491118,0.8830616958491118,0.8930616958491118,0.8830616958491118,0.9030616958491118
874,0.818392018821728,0.828392018821728,0.798392018821728,0.798392018821728,0.823392018821728,0.823392018821728,0.813392018821728,0.803392018821728,0.7833920188217279,0.7833920188217279,0.7833920188217279,0.7733920188217279,0.7733920188217279
875,0.8541996813392667,0.8441996813392667,0.8341996813392667,0.8241996813392667,0.8241996813392667,0.8341996813392667,0.8341996813392667,0.8341996813392667,0.8541996813392667,0.8741996813392667,0.8941996813392667,0.8941996813392667,0.8891996813392667
876,0.7834273145214073,0.7834273145214073,0.7734273145214073,0.7634273145214073,0.7734273145214073,0.7734273145214073,0.7734273145214073,0.7634273145214073,0.7534273145214073,0.7434273145214073,0.7484273145214073,0.7484273145214073,0.7784273145214073
877,0.8152602028767117,0.8052602028767117,0.8052602028767117,0.8052602028767117,0.8052602028767117,0.8052602028767117,0.8052602028767117,0.8052602028767117,0.8052602028767117,0.8052602028767117,0.8052602028767117,0.8052602028767117,0.8052602028767117
878,0.8651727649207084,0.8351727649207084,0.8551727649207084,0.8751727649207084,0.8751727649207084,0.8851727649207084,0.8851727649207084,0.8851727649207084,0.8851727649207084,0.8851727649207084,0.8851727649207084,0.8951727649207084,0.8801727649207084
879,0.8780238154166004,0.8880238154166004,0.8880238154166004,0.8780238154166004,0.8780238154166004,0.8680238154166003,0.8580238154166003,0.8580238154166003,0.8580238154166003,0.8680238154166003,0.8680238154166003,0.8580238154166003,0.8580238154166003
880,0.818750612729251,0.818750612729251,0.818750612729251,0.848750612729251,0.858750612729251,0.858750612729251,0.858750612729251,0.853750612729251,0.843750612729251,0.843750612729251,0.863750612729251,0.863750612729251,0.843750612729251
881,0.8929573184810746,0.8929573184810746,0.8829573184810746,0.8829573184810746,0.8829573184810746,0.8829573184810746,0.8829573184810746,0.8829573184810746,0.8829573184810746,0.8829573184810746,0.8929573184810746,0.8929573184810746,0.8629573184810746
882,0.8438869661744773,0.8538869661744773,0.8538869661744773,0.8438869661744773,0.8538869661744773,0.8638869661744774,0.8738869661744774,0.8638869661744774,0.8638869661744774,0.8738869661744774,0.8738869661744774,0.8638869661744774,0.8838869661744774
883,0.799490776349335,0.809490776349335,0.789490776349335,0.789490776349335,0.779490776349335,0.799490776349335,0.799490776349335,0.819490776349335,0.799490776349335,0.809490776349335,0.809490776349335,0.819490776349335,0.799490776349335
884,0.9118230791406097,0.9118230791406097,0.9218230791406097,0.9318230791406097,0.9318230791406097,0.9518230791406097,0.9518230791406097,0.9468230791406097,0.9468230791406097,0.9368230791406097,0.9468230791406097,0.9368230791406097,0.9468230791406097
885,0.7915151281792462,0.8015151281792462,0.8015151281792462,0.7815151281792462,0.7715151281792462,0.7715151281792462,0.7615151281792462,0.7715151281792462,0.7715151281792462,0.7815151281792462,0.7815151281792462,0.7715151281792462,0.7715151281792462
886,0.8998577898027682,0.8998577898027682,0.8998577898027682,0.8798577898027682,0.8898577898027682,0.8898577898027682,0.8998577898027682,0.9098577898027682,0.8898577898027682,0.8898577898027682,0.8898577898027682,0.8898577898027682,0.8598577898027682
887,0.834141381941194,0.824141381941194,0.854141381941194,0.844141381941194,0.834141381941194,0.844141381941194,0.834141381941194,0.834141381941194,0.814141381941194,0.804141381941194,0.794141381941194,0.799141381941194,0.799141381941194
888,0.8919939782168645,0.8819939782168645,0.8919939782168645,0.9019939782168646,0.9019939782168646,0.8919939782168645,0.8919939782168645,0.8919939782168645,0.8919939782168645,0.8919939782168645,0.8919939782168645,0.9019939782168646,0.9019939782168646
889,0.8800874908530965,0.9000874908530965,0.9100874908530965,0.9200874908530965,0.9200874908530965,0.9200874908530965,0.9200874908530965,0.9100874908530965,0.9000874908530965,0.9000874908530965,0.8900874908530965,0.8900874908530965,0.8800874908530965
890,0.8243613716835939,0.8443613716835939,0.864361371683594,0.8593613716835939,0.8593613716835939,0.8593613716835939,0.8593613716835939,0.8493613716835939,0.8093613716835939,0.8093613716835939,0.7993613716835939,0.8293613716835939,0.8193613716835939
891,0.822565947902536,0.822565947902536,0.802565947902536,0.822565947902536,0.812565947902536,0.822565947902536,0.802565947902536,0.802565947902536,0.802565947902536,0.792565947902536,0.802565947902536,0.802565947902536,0.802565947902536
892,0.8575311009697872,0.8575311009697872,0.8575311009697872,0.8575311009697872,0.8775311009697873,0.8875311009697873,0.8875311009697873,0.8775311009697873,0.8775311009697873,0.8775311009697873,0.8675311009697872,0.8675311009697872,0.8875311009697873
893,0.8126214517951464,0.8126214517951464,0.8126214517951464,0.8326214517951465,0.8226214517951465,0.8326214517951465,0.8226214517951465,0.8326214517951465,0.8326214517951465,0.8426214517951465,0.8426214517951465,0.8226214517951465,0.8426214517951465
894,0.8093779605152521,0.8093779605152521,0.8393779605152522,0.8193779605152521,0.8093779605152521,0.8093779605152521,0.8093779605152521,0.8093779605152521,0.8193779605152521,0.7993779605152521,0.7993779605152521,0.7993779605152521,0.8093779605152521
895,0.8079637639298425,0.7679637639298424,0.7679637639298424,0.7679637639298424,0.7729637639298425,0.7729637639298425,0.7829637639298425,0.7729637639298425,0.7729637639298425,0.7729637639298425,0.7729637639298425,0.7829637639298425,0.7829637639298425
896,0.9208235409526334,0.9208235409526334,0.9208235409526334,0.9208235409526334,0.9108235409526334,0.9208235409526334,0.9408235409526334,0.9508235409526334,0.9608235409526334,0.9608235409526334,0.9608235409526334,0.9608235409526334,0.9608235409526334
897,0.865139829622466,0.865139829622466,0.855139829622466,0.845139829622466,0.855139829622466,0.865139829622466,0.865139829622466,0.8751398296224661,0.8851398296224661,0.865139829622466,0.8751398296224661,0.8751398296224661,0.8951398296224661
898,0.8155504968390093,0.8155504968390093,0.8255504968390093,0.8255504968390093,0.8255504968390093,0.8255504968390093,0.8255504968390093,0.8155504968390093,0.8255504968390093,0.8155504968390093,0.7955504968390092,0.7955504968390092,0.8055504968390093
899,0.8345720912036271,0.8245720912036271,0.8345720912036271,0.8445720912036271,0.8445720912036271,0.8245720912036271,0.8345720912036271,0.8345720912036271,0.8445720912036271,0.8345720912036271,0.8545720912036271,0.8445720912036271,0.8445720912036271
900,0.8631985264808728,0.8731985264808728,0.8431985264808728,0.8431985264808728,0.8631985264808728,0.8631985264808728,0.8531985264808728,0.8531985264808728,0.8531985264808728,0.8531985264808728,0.8531985264808728,0.8431985264808728,0.8431985264808728
901,0.8695142466648312,0.8695142466648312,0.8795142466648312,0.8795142466648312,0.8995142466648313,0.8795142466648312,0.8795142466648312,0.8995142466648313,0.8995142466648313,0.8995142466648313,0.9095142466648313,0.9045142466648313,0.9045142466648313
902,0.8187426788472374,0.8187426788472374,0.8187426788472374,0.8287426788472374,0.8287426788472374,0.8187426788472374,0.8487426788472374,0.8387426788472374,0.8487426788472374,0.8487426788472374,0.8487426788472374,0.8287426788472374,0.8187426788472374
903,0.8418357409966267,0.8418357409966267,0.8318357409966267,0.8518357409966267,0.8618357409966267,0.8618357409966267,0.8618357409966267,0.8368357409966267,0.8768357409966268,0.8768357409966268,0.8668357409966267,0.8668357409966267,0.8668357409966267
904,0.8608819974351848,0.8608819974351848,0.8608819974351848,0.8508819974351848,0.8308819974351848,0.8308819974351848,0.8308819974351848,0.8208819974351848,0.8208819974351848,0.8208819974351848,0.8208819974351848,0.8308819974351848,0.8208819974351848
905,0.8501022873288056,0.8501022873288056,0.8501022873288056,0.8401022873288055,0.8401022873288055,0.8301022873288055,0.8201022873288055,0.8301022873288055,0.8301022873288055,0.8101022873288055,0.8301022873288055,0.8401022873288055,0.8501022873288056
906,0.9141067510632332,0.9441067510632333,0.9341067510632333,0.9341067510632333,0.9441067510632333,0.9541067510632333,0.9491067510632333,0.9491067510632333,0.9491067510632333,0.9391067510632333,0.9391067510632333,0.9491067510632333,0.9391067510632333
907,0.85766417992427,0.87766417992427,0.86766417992427,0.85766417992427,0.87766417992427,0.87766417992427,0.85266417992427,0.85266417992427,0.85266417992427,0.86266417992427,0.86266417992427,0.86266417992427,0.87266417992427
908,0.8206873307606055,0.8206873307606055,0.8406873307606055,0.8406873307606055,0.8506873307606055,0.8306873307606055,0.8306873307606055,0.8306873307606055,0.8206873307606055,0.8106873307606055,0.8206873307606055,0.8206873307606055,0.8106873307606055
909,0.8670541210496066,0.8670541210496066,0.8770541210496066,0.8970541210496066,0.8970541210496066,0.8970541210496066,0.8970541210496066,0.8870541210496066,0.8870541210496066,0.8970541210496066,0.9070541210496066,0.8970541210496066,0.8820541210496066
910,0.8332661592845891,0.8132661592845891,0.7932661592845891,0.7932661592845891,0.7932661592845891,0.7982661592845891,0.7982661592845891,0.7982661592845891,0.7982661592845891,0.8082661592845891,0.8082661592845891,0.8082661592845891,0.8282661592845891
911,0.86527733440317,0.87527733440317,0.89527733440317,0.89527733440317,0.88027733440317,0.88027733440317,0.88027733440317,0.87027733440317,0.86027733440317,0.86027733440317,0.84027733440317,0.84027733440317,0.84027733440317
912,0.7952563743267629,0.8052563743267629,0.8052563743267629,0.8052563743267629,0.7752563743267629,0.7752563743267629,0.7952563743267629,0.7952563743267629,0.7952563743267629,0.8052563743267629,0.8052563743267629,0.7752563743267629,0.7552563743267628
913,0.8489949864948999,0.8489949864948999,0.8589949864948999,0.8589949864948999,0.8589949864948999,0.8589949864948999,0.8489949864948999,0.8489949864948999,0.8389949864948999,0.8389949864948999,0.8289949864948999,0.8389949864948999,0.8289949864948999
914,0.81077148527566,0.81077148527566,0.81077148527566,0.82077148527566,0.82077148527566,0.80077148527566,0.78077148527566,0.77077148527566,0.77077148527566,0.77577148527566,0.78577148527566,0.77577148527566,0.78577148527566
915,0.8690126691855973,0.8590126691855973,0.8590126691855973,0.8690126691855973,0.8690126691855973,0.8690126691855973,0.8790126691855973,0.8790126691855973,0.8990126691855973,0.8890126691855973,0.8690126691855973,0.8790126691855973,0.8890126691855973
916,0.8608944203358451,0.8708944203358451,0.8708944203358451,0.8808944203358451,0.8708944203358451,0.8808944203358451,0.8908944203358451,0.8908944203358451,0.9008944203358451,0.9008944203358451,0.8958944203358451,0.8958944203358451,0.8958944203358451
917,0.835694590840459,0.835694590840459,0.8556945908404591,0.8456945908404591,0.8456945908404591,0.8456945908404591,0.8656945908404591,0.8656945908404591,0.8656945908404591,0.8456945908404591,0.8456945908404591,0.8456945908404591,0.8456945908404591
918,0.8797674199752946,0.8697674199752946,0.8497674199752946,0.8497674199752946,0.8497674199752946,0.8497674199752946,0.8497674199752946,0.8497674199752946,0.8397674199752946,0.8497674199752946,0.8497674199752946,0.8497674199752946,0.8797674199752946
919,0.8529474628711093,0.8429474628711093,0.8429474628711093,0.8429474628711093,0.8329474628711093,0.8329474628711093,0.8329474628711093,0.8329474628711093,0.8529474628711093,0.8229474628711093,0.8229474628711093,0.8429474628711093,0.8429474628711093
920,0.8030222375124383,0.8030222375124383,0.8030222375124383,0.8230222375124383,0.8130222375124383,0.8130222375124383,0.8330222375124383,0.8230222375124383,0.8230222375124383,0.8130222375124383,0.8030222375124383,0.8030222375124383,0.8030222375124383
921,0.8378130459094791,0.8378130459094791,0.8378130459094791,0.8378130459094791,0.8278130459094791,0.8178130459094791,0.8278130459094791,0.8278130459094791,0.8378130459094791,0.8078130459094791,0.8078130459094791,0.8278130459094791,0.8178130459094791
922,0.886316442754664,0.886316442754664,0.896316442754664,0.906316442754664,0.886316442754664,0.876316442754664,0.876316442754664,0.876316442754664,0.9113164427546641,0.891316442754664,0.9113164427546641,0.901316442754664,0.901316442754664
923,0.842564423905384,0.852564423905384,0.852564423905384,0.852564423905384,0.862564423905384,0.872564423905384,0.872564423905384,0.872564423905384,0.852564423905384,0.852564423905384,0.832564423905384,0.822564423905384,0.822564423905384
924,0.8708370552604405,0.8608370552604405,0.8608370552604405,0.8708370552604405,0.8608370552604405,0.8508370552604405,0.8508370552604405,0.8408370552604405,0.8308370552604405,0.8308370552604405,0.8308370552604405,0.8408370552604405,0.8308370552604405
925,0.8238620829978877,0.8238620829978877,0.8238620829978877,0.8238620829978877,0.8338620829978877,0.8238620829978877,0.8338620829978877,0.8538620829978877,0.8538620829978877,0.8538620829978877,0.8438620829978877,0.8338620829978877,0.8438620829978877
926,0.8178134779240875,0.8278134779240875,0.8278134779240875,0.8278134779240875,0.8278134779240875,0.8378134779240876,0.8378134779240876,0.8378134779240876,0.8378134779240876,0.8478134779240876,0.8478134779240876,0.8278134779240875,0.8278134779240875
927,0.8584406068413024,0.8284406068413024,0.8434406068413024,0.8634406068413024,0.8634406068413024,0.8734406068413024,0.8634406068413024,0.8734406068413024,0.8634406068413024,0.8534406068413024,0.8634406068413024,0.8734406068413024,0.8634406068413024
928,0.9374712903302751,0.9274712903302751,0.9074712903302751,0.9074712903302751,0.8974712903302751,0.9024712903302751,0.9124712903302751,0.9124712903302751,0.9124712903302751,0.9324712903302751,0.9324712903302751,0.9524712903302751,0.9324712903302751
929,0.8257558390579602,0.8357558390579602,0.8457558390579603,0.8557558390579603,0.8457558390579603,0.8457558390579603,0.8457558390579603,0.8457558390579603,0.8457558390579603,0.8457558390579603,0.8557558390579603,0.8657558390579603,0.8457558390579603
930,0.8652068595969068,0.8552068595969068,0.8452068595969068,0.8452068595969068,0.8352068595969068,0.8452068595969068,0.8552068595969068,0.8452068595969068,0.8352068595969068,0.8352068595969068,0.8352068595969068,0.8352068595969068,0.8452068595969068
931,0.8504817056616653,0.8704817056616653,0.8704817056616653,0.8704817056616653,0.8704817056616653,0.8904817056616653,0.8904817056616653,0.8704817056616653,0.8704817056616653,0.8704817056616653,0.8804817056616653,0.8804817056616653,0.8804817056616653
932,0.8253501841600223,0.8253501841600223,0.8253501841600223,0.8353501841600223,0.8453501841600223,0.8453501841600223,0.8353501841600223,0.8553501841600223,0.8553501841600223,0.8553501841600223,0.8403501841600223,0.8203501841600223,0.8203501841600223
933,0.9347373889579957,0.9347373889579957,0.9347373889579957,0.9247373889579957,0.9247373889579957,0.9247373889579957,0.9047373889579957,0.9047373889579957,0.9047373889579957,0.9347373889579957,0.9347373889579957,0.9247373889579957,0.9347373889579957
934,0.8129977460259935,0.8129977460259935,0.8029977460259935,0.8029977460259935,0.8029977460259935,0.8129977460259935,0.7729977460259935,0.7829977460259935,0.7829977460259935,0.7829977460259935,0.7829977460259935,0.7829977460259935,0.7729977460259935
935,0.8384403363128005,0.8384403363128005,0.8484403363128005,0.8384403363128005,0.8284403363128005,0.8184403363128004,0.8184403363128004,0.8184403363128004,0.8184403363128004,0.8184403363128004,0.8184403363128004,0.8184403363128004,0.8284403363128005
936,0.8238038357531416,0.8238038357531416,0.8338038357531417,0.8238038357531416,0.8238038357531416,0.8238038357531416,0.8238038357531416,0.8438038357531417,0.8238038357531416,0.8238038357531416,0.8238038357531416,0.8338038357531417,0.8338038357531417
937,0.8598695818243975,0.8498695818243975,0.8598695818243975,0.8298695818243975,0.8298695818243975,0.8298695818243975,0.8398695818243975,0.8298695818243975,0.8198695818243975,0.8498695818243975,0.8498695818243975,0.8598695818243975,0.8698695818243976
938,0.8621530279400799,0.8521530279400799,0.8621530279400799,0.8621530279400799,0.8621530279400799,0.8521530279400799,0.8421530279400798,0.8521530279400799,0.8521530279400799,0.8721530279400799,0.8721530279400799,0.8921530279400799,0.8771530279400799
939,0.8279193944367891,0.8379193944367891,0.8379193944367891,0.8379193944367891,0.8379193944367891,0.8479193944367891,0.8679193944367891,0.8679193944367891,0.8379193944367891,0.8379193944367891,0.8279193944367891,0.8279193944367891,0.782919394436789
940,0.8220735064649476,0.8420735064649476,0.8320735064649476,0.8320735064649476,0.8420735064649476,0.8520735064649476,0.8620735064649476,0.8520735064649476,0.8370735064649476,0.8470735064649476,0.8370735064649476,0.8370735064649476,0.8470735064649476
941,0.9121366622378667,0.9121366622378667,0.9121366622378667,0.9121366622378667,0.9121366622378667,0.9421366622378667,0.9421366622378667,0.9421366622378667,0.9521366622378667,0.9521366622378667,0.9521366622378667,0.9521366622378667,0.9421366622378667
942,0.8169139745598745,0.8069139745598745,0.8069139745598745,0.8069139745598745,0.7969139745598744,0.7969139745598744,0.7969139745598744,0.7969139745598744,0.7769139745598744,0.7819139745598744,0.7919139745598744,0.7919139745598744,0.7819139745598744
943,0.8984783343477669,0.8984783343477669,0.8984783343477669,0.9084783343477669,0.9084783343477669,0.9184783343477669,0.9084783343477669,0.9084783343477669,0.9184783343477669,0.9284783343477669,0.938478334347767,0.933478334347767,0.933478334347767
944,0.8405045301357821,0.8505045301357821,0.8305045301357821,0.8405045301357821,0.8405045301357821,0.8405045301357821,0.8405045301357821,0.8405045301357821,0.8405045301357821,0.8405045301357821,0.810504530135782,0.810504530135782,0.810504530135782
945,0.8918331259052437,0.8818331259052437,0.8818331259052437,0.8818331259052437,0.8918331259052437,0.8918331259052437,0.8918331259052437,0.8818331259052437,0.8718331259052436,0.8718331259052436,0.8818331259052437,0.8818331259052437,0.8718331259052436
946,0.8991133520165677,0.8991133520165677,0.9191133520165677,0.9391133520165678,0.9391133520165678,0.9391133520165678,0.9391133520165678,0.9341133520165678,0.9241133520165677,0.9041133520165677,0.9141133520165677,0.9141133520165677,0.9241133520165677
947,0.8976622559786845,0.8776622559786845,0.8876622559786845,0.8876622559786845,0.8876622559786845,0.8876622559786845,0.8676622559786845,0.8676622559786845,0.8676622559786845,0.8776622559786845,0.8776622559786845,0.8576622559786845,0.8626622559786845
948,0.9129895041592727,0.8829895041592727,0.8979895041592727,0.8979895041592727,0.8979895041592727,0.9079895041592727,0.9179895041592727,0.9079895041592727,0.9079895041592727,0.9179895041592727,0.9379895041592727,0.9479895041592727,0.9479895041592727
949,0.788682920382084,0.798682920382084,0.808682920382084,0.798682920382084,0.788682920382084,0.788682920382084,0.788682920382084,0.798682920382084,0.798682920382084,0.798682920382084,0.808682920382084,0.798682920382084,0.808682920382084
950,0.8241008850307967,0.8241008850307967,0.8141008850307967,0.8141008850307967,0.7941008850307967,0.8041008850307967,0.7941008850307967,0.8041008850307967,0.7941008850307967,0.8041008850307967,0.8041008850307967,0.8041008850307967,0.7941008850307967
951,0.8613361948462553,0.8813361948462554,0.8513361948462553,0.8513361948462553,0.8413361948462553,0.8413361948462553,0.8313361948462553,0.8313361948462553,0.8313361948462553,0.8413361948462553,0.8513361948462553,0.8513361948462553,0.8613361948462553
952,0.819656187346957,0.819656187346957,0.819656187346957,0.819656187346957,0.849656187346957,0.859656187346957,0.859656187346957,0.854656187346957,0.854656187346957,0.854656187346957,0.854656187346957,0.854656187346957,0.824656187346957
953,0.8592017322450595,0.8592017322450595,0.8592017322450595,0.8492017322450595,0.8692017322450595,0.8592017322450595,0.8592017322450595,0.8592017322450595,0.8492017322450595,0.8292017322450594,0.8292017322450594,0.8292017322450594,0.8492017322450595
954,0.8835386942732935,0.8835386942732935,0.8935386942732935,0.8935386942732935,0.8835386942732935,0.8835386942732935,0.9035386942732935,0.9135386942732935,0.9135386942732935,0.9135386942732935,0.8985386942732935,0.9085386942732935,0.8985386942732935
955,0.8268570415147347,0.8268570415147347,0.8168570415147347,0.8168570415147347,0.8068570415147347,0.8168570415147347,0.8568570415147347,0.8368570415147347,0.8268570415147347,0.8368570415147347,0.8368570415147347,0.8368570415147347,0.8268570415147347
956,0.8798065954756794,0.8998065954756794,0.8998065954756794,0.9198065954756794,0.9148065954756794,0.9048065954756794,0.9048065954756794,0.9148065954756794,0.9048065954756794,0.9048065954756794,0.8948065954756794,0.8848065954756794,0.8748065954756794
957,0.8462533012605616,0.8262533012605616,0.8562533012605617,0.8662533012605617,0.8662533012605617,0.8562533012605617,0.8562533012605617,0.8562533012605617,0.8662533012605617,0.8662533012605617,0.8862533012605617,0.8862533012605617,0.8812533012605617
958,0.8952452666075194,0.9052452666075194,0.9052452666075194,0.8952452666075194,0.8952452666075194,0.8752452666075193,0.8752452666075193,0.8752452666075193,0.8752452666075193,0.8652452666075193,0.8652452666075193,0.8652452666075193,0.8752452666075193
959,0.8875840047005091,0.8875840047005091,0.8775840047005091,0.8775840047005091,0.8675840047005091,0.8925840047005091,0.8925840047005091,0.8925840047005091,0.8925840047005091,0.8925840047005091,0.8925840047005091,0.9025840047005091,0.8825840047005091
960,0.8875903418142964,0.8975903418142964,0.8975903418142964,0.9075903418142964,0.8975903418142964,0.8975903418142964,0.8975903418142964,0.9075903418142964,0.9175903418142964,0.9175903418142964,0.9175903418142964,0.9175903418142964,0.9075903418142964
961,0.8813199570650114,0.8913199570650114,0.9013199570650114,0.9013199570650114,0.8913199570650114,0.8913199570650114,0.9013199570650114,0.9213199570650115,0.9213199570650115,0.9213199570650115,0.9113199570650115,0.9013199570650114,0.9013199570650114
962,0.8599848071952356,0.8599848071952356,0.8699848071952356,0.8699848071952356,0.8699848071952356,0.8799848071952356,0.8899848071952356,0.8899848071952356,0.8999848071952357,0.8999848071952357,0.8949848071952357,0.8749848071952356,0.8749848071952356
963,0.8772989053401987,0.8572989053401987,0.8572989053401987,0.8472989053401987,0.8572989053401987,0.8572989053401987,0.8472989053401987,0.8472989053401987,0.8622989053401987,0.8722989053401987,0.8622989053401987,0.8422989053401987,0.8422989053401987
964,0.8924314088929347,0.8824314088929347,0.8824314088929347,0.9024314088929347,0.8924314088929347,0.9124314088929347,0.9224314088929347,0.9324314088929347,0.9124314088929347,0.9224314088929347,0.9124314088929347,0.9024314088929347,0.9024314088929347
965,0.8663917694639355,0.8763917694639355,0.8763917694639355,0.8563917694639355,0.8663917694639355,0.8363917694639355,0.8513917694639355,0.8513917694639355,0.8413917694639355,0.8413917694639355,0.8413917694639355,0.8513917694639355,0.8313917694639354
966,0.8608752542685709,0.8708752542685709,0.8608752542685709,0.8608752542685709,0.8608752542685709,0.8708752542685709,0.8808752542685709,0.890875254268571,0.8708752542685709,0.8708752542685709,0.8808752542685709,0.8708752542685709,0.8608752542685709
967,0.8905997772634062,0.8905997772634062,0.9005997772634062,0.9005997772634062,0.9005997772634062,0.9005997772634062,0.8905997772634062,0.8905997772634062,0.8905997772634062,0.8805997772634062,0.8805997772634062,0.8605997772634062,0.8505997772634062
968,0.7521641778493868,0.7521641778493868,0.7521641778493868,0.7421641778493868,0.7621641778493868,0.7721641778493868,0.7721641778493868,0.7821641778493869,0.7821641778493869,0.7621641778493868,0.7621641778493868,0.7521641778493868,0.7621641778493868
969,0.8824473600816781,0.8824473600816781,0.8824473600816781,0.8824473600816781,0.8924473600816781,0.9024473600816781,0.9124473600816781,0.9124473600816781,0.9124473600816781,0.9124473600816781,0.9024473600816781,0.9024473600816781,0.9024473600816781
970,0.8684504408331549,0.8584504408331549,0.8484504408331549,0.8684504408331549,0.8684504408331549,0.8684504408331549,0.8884504408331549,0.8784504408331549,0.8884504408331549,0.8784504408331549,0.8684504408331549,0.8684504408331549,0.8584504408331549
971,0.873141140123752,0.873141140123752,0.873141140123752,0.883141140123752,0.873141140123752,0.853141140123752,0.873141140123752,0.893141140123752,0.883141140123752,0.873141140123752,0.883141140123752,0.873141140123752,0.873141140123752
972,0.8076691636734205,0.8176691636734205,0.8076691636734205,0.8076691636734205,0.8076691636734205,0.8276691636734205,0.8176691636734205,0.8176691636734205,0.8176691636734205,0.8076691636734205,0.7876691636734204,0.7776691636734204,0.7776691636734204
973,0.8135747555131504,0.8235747555131504,0.8135747555131504,0.8035747555131504,0.8035747555131504,0.8035747555131504,0.8235747555131504,0.8135747555131504,0.8035747555131504,0.7935747555131504,0.7935747555131504,0.7935747555131504,0.7935747555131504
974,0.8572549955862824,0.8472549955862824,0.8472549955862824,0.8472549955862824,0.8572549955862824,0.8572549955862824,0.8872549955862824,0.8972549955862824,0.8672549955862824,0.8672549955862824,0.8672549955862824,0.8472549955862824,0.8472549955862824
975,0.9236679089869361,0.9236679089869361,0.9136679089869361,0.9136679089869361,0.893667908986936,0.883667908986936,0.883667908986936,0.883667908986936,0.888667908986936,0.888667908986936,0.888667908986936,0.898667908986936,0.9086679089869361
976,0.7943552910656178,0.8143552910656178,0.7943552910656178,0.7943552910656178,0.7943552910656178,0.7843552910656177,0.7843552910656177,0.7943552910656178,0.7943552910656178,0.8143552910656178,0.8143552910656178,0.8143552910656178,0.8143552910656178
977,0.928957987216851,0.908957987216851,0.908957987216851,0.908957987216851,0.8989579872168509,0.8889579872168509,0.8889579872168509,0.8889579872168509,0.8989579872168509,0.8989579872168509,0.918957987216851,0.928957987216851,0.918957987216851
978,0.8934321453794621,0.8734321453794621,0.8534321453794621,0.8834321453794621,0.8834321453794621,0.8934321453794621,0.9034321453794621,0.9034321453794621,0.9034321453794621,0.8934321453794621,0.8834321453794621,0.8834321453794621,0.9034321453794621
979,0.8180220424466783,0.8180220424466783,0.8180220424466783,0.8180220424466783,0.8380220424466783,0.8380220424466783,0.8580220424466783,0.8380220424466783,0.8380220424466783,0.8280220424466783,0.8280220424466783,0.8280220424466783,0.8180220424466783
980,0.91680399248488,0.89680399248488,0.89680399248488,0.88680399248488,0.89680399248488,0.89680399248488,0.89680399248488,0.89680399248488,0.90680399248488,0.87680399248488,0.88680399248488,0.90180399248488,0.90180399248488
981,0.7597513443227278,0.7797513443227279,0.7697513443227278,0.7697513443227278,0.7797513443227279,0.7797513443227279,0.7697513443227278,0.7697513443227278,0.7697513443227278,0.7797513443227279,0.7597513443227278,0.7597513443227278,0.7597513443227278
982,0.8660862312401016,0.8560862312401016,0.8560862312401016,0.8560862312401016,0.8560862312401016,0.8560862312401016,0.8560862312401016,0.8660862312401016,0.8860862312401017,0.8760862312401017,0.8760862312401017,0.8860862312401017,0.8560862312401016
983,0.9449718233914898,0.9449718233914898,0.9449718233914898,0.9449718233914898,0.9249718233914898,0.9049718233914897,0.9149718233914897,0.9149718233914897,0.9149718233914897,0.9049718233914897,0.9049718233914897,0.9149718233914897,0.9149718233914897
984,0.8003908440713654,0.8003908440713654,0.8103908440713654,0.8003908440713654,0.8003908440713654,0.8003908440713654,0.8203908440713654,0.8303908440713654,0.8303908440713654,0.8403908440713654,0.8403908440713654,0.8353908440713654,0.8353908440713654
985,0.8110654581762399,0.8410654581762399,0.8410654581762399,0.8310654581762399,0.8310654581762399,0.8310654581762399,0.8110654581762399,0.8110654581762399,0.8110654581762399,0.8210654581762399,0.8210654581762399,0.8210654581762399,0.8110654581762399
986,0.8787038935489253,0.8687038935489253,0.8687038935489253,0.8787038935489253,0.8687038935489253,0.8687038935489253,0.8687038935489253,0.8587038935489253,0.8587038935489253,0.8587038935489253,0.8387038935489253,0.8387038935489253,0.8487038935489253
987,0.7409274575239517,0.7409274575239517,0.7609274575239517,0.7609274575239517,0.7609274575239517,0.7359274575239517,0.7359274575239517,0.7459274575239517,0.7359274575239517,0.7359274575239517,0.7459274575239517,0.7359274575239517,0.7159274575239517
988,0.8626515576932323,0.8626515576932323,0.8626515576932323,0.8626515576932323,0.8626515576932323,0.8526515576932323,0.8426515576932323,0.8326515576932323,0.8326515576932323,0.8326515576932323,0.8226515576932323,0.8226515576932323,0.8226515576932323
989,0.8653751555150283,0.8653751555150283,0.8653751555150283,0.8653751555150283,0.8653751555150283,0.8653751555150283,0.8853751555150283,0.8853751555150283,0.8953751555150283,0.8953751555150283,0.8853751555150283,0.8853751555150283,0.8753751555150283
990,0.7914882133267546,0.7914882133267546,0.7814882133267546,0.7814882133267546,0.7914882133267546,0.8114882133267546,0.8114882133267546,0.8114882133267546,0.8114882133267546,0.8114882133267546,0.8214882133267546,0.8214882133267546,0.8064882133267546
991,0.7965604379039477,0.7965604379039477,0.7865604379039477,0.8065604379039477,0.7965604379039477,0.8165604379039477,0.7915604379039477,0.7715604379039477,0.7715604379039477,0.7715604379039477,0.7815604379039477,0.7815604379039477,0.8015604379039477
992,0.8406516308735543,0.8506516308735543,0.8406516308735543,0.8406516308735543,0.8406516308735543,0.8506516308735543,0.8606516308735543,0.8606516308735543,0.8706516308735543,0.8606516308735543,0.8706516308735543,0.8706516308735543,0.8706516308735543
993,0.9174824416706575,0.9074824416706575,0.8974824416706575,0.8974824416706575,0.8974824416706575,0.8974824416706575,0.8974824416706575,0.8974824416706575,0.8874824416706575,0.8874824416706575,0.8774824416706575,0.8774824416706575,0.8774824416706575
994,0.8861456390920166,0.8861456390920166,0.8961456390920166,0.8861456390920166,0.8961456390920166,0.8961456390920166,0.9161456390920166,0.9261456390920166,0.9261456390920166,0.9161456390920166,0.9161456390920166,0.9011456390920166,0.8911456390920166
995,0.8451942576164552,0.8551942576164552,0.8551942576164552,0.8651942576164552,0.8651942576164552,0.8751942576164552,0.8751942576164552,0.8651942576164552,0.8651942576164552,0.8551942576164552,0.8551942576164552,0.8551942576164552,0.8751942576164552
996,0.820933307245338,0.820933307245338,0.820933307245338,0.810933307245338,0.830933307245338,0.830933307245338,0.830933307245338,0.830933307245338,0.810933307245338,0.800933307245338,0.790933307245338,0.800933307245338,0.7809333072453379
997,0.8844749027794584,0.9044749027794584,0.9044749027794584,0.9044749027794584,0.9044749027794584,0.8944749027794584,0.8744749027794584,0.8944749027794584,0.9044749027794584,0.8844749027794584,0.8744749027794584,0.8744749027794584,0.8844749027794584
998,0.8100243354033477,0.8100243354033477,0.8100243354033477,0.8000243354033477,0.8000243354033477,0.8000243354033477,0.8000243354033477,0.7800243354033477,0.7900243354033477,0.8100243354033477,0.8000243354033477,0.8000243354033477,0.8100243354033477
999,0.8875076298103648,0.8775076298103648,0.8675076298103648,0.8675076298103648,0.8675076298103648,0.8575076298103648,0.8675076298103648,0.8775076298103648,0.8875076298103648,0.8775076298103648,0.8775076298103648,0.8675076298103648,0.8775076298103648
