Time Step,Simulation,0,2,4,6,8,10,12,14,16,18,20,22
0,0.8014511598829659,0.8114511598829659,0.8114511598829659,0.8114511598829659,0.8114511598829659,0.7914511598829659,0.7914511598829659,0.7814511598829659,0.7714511598829659,0.7814511598829659,0.7814511598829659,0.7814511598829659,0.8114511598829659
1,0.902309893610374,0.912309893610374,0.912309893610374,0.902309893610374,0.902309893610374,0.922309893610374,0.912309893610374,0.912309893610374,0.8923098936103739,0.8823098936103739,0.8923098936103739,0.8923098936103739,0.8923098936103739
2,0.8586950180963187,0.8786950180963187,0.8536950180963186,0.8336950180963186,0.8336950180963186,0.8336950180963186,0.8336950180963186,0.8336950180963186,0.8536950180963186,0.8636950180963187,0.8936950180963187,0.8836950180963187,0.8836950180963187
3,0.8434503277291749,0.8434503277291749,0.8434503277291749,0.8334503277291749,0.8134503277291749,0.8134503277291749,0.8134503277291749,0.8134503277291749,0.8034503277291749,0.8134503277291749,0.8134503277291749,0.8134503277291749,0.8134503277291749
4,0.8838394948963695,0.8838394948963695,0.8738394948963695,0.8738394948963695,0.8938394948963695,0.9038394948963695,0.8938394948963695,0.8838394948963695,0.8838394948963695,0.8738394948963695,0.8738394948963695,0.8838394948963695,0.8638394948963695
5,0.8027528256498476,0.7927528256498476,0.7727528256498476,0.7727528256498476,0.7727528256498476,0.7927528256498476,0.7927528256498476,0.7927528256498476,0.7827528256498476,0.7927528256498476,0.7927528256498476,0.8027528256498476,0.8027528256498476
6,0.9221054698639212,0.9121054698639212,0.9121054698639212,0.8921054698639211,0.8821054698639211,0.8821054698639211,0.8921054698639211,0.8921054698639211,0.9071054698639212,0.9071054698639212,0.8971054698639211,0.8871054698639211,0.8971054698639211
7,0.8362116383219688,0.8262116383219688,0.8262116383219688,0.8162116383219687,0.8162116383219687,0.8162116383219687,0.8062116383219687,0.8062116383219687,0.8212116383219688,0.8212116383219688,0.8312116383219688,0.8212116383219688,0.8212116383219688
8,0.8704748768187589,0.8704748768187589,0.8704748768187589,0.8604748768187589,0.8504748768187589,0.8604748768187589,0.8504748768187589,0.8704748768187589,0.8804748768187589,0.8704748768187589,0.8704748768187589,0.8704748768187589,0.8704748768187589
9,0.8407913318966034,0.8207913318966034,0.8107913318966034,0.8107913318966034,0.8107913318966034,0.8207913318966034,0.8307913318966034,0.8307913318966034,0.8207913318966034,0.8207913318966034,0.8007913318966033,0.8007913318966033,0.8057913318966033
10,0.9266856407597144,0.9266856407597144,0.9366856407597144,0.9366856407597144,0.9466856407597144,0.9366856407597144,0.9266856407597144,0.9466856407597144,0.9466856407597144,0.9466856407597144,0.9666856407597144,0.9616856407597144,0.9516856407597144
11,0.8687465293092437,0.8787465293092437,0.8887465293092437,0.8787465293092437,0.8787465293092437,0.8787465293092437,0.8787465293092437,0.8487465293092437,0.8687465293092437,0.8687465293092437,0.8587465293092437,0.8587465293092437,0.8587465293092437
12,0.8861647061424078,0.9261647061424079,0.9161647061424079,0.9011647061424078,0.9111647061424079,0.9111647061424079,0.9111647061424079,0.8911647061424078,0.9011647061424078,0.9011647061424078,0.9111647061424079,0.8911647061424078,0.9111647061424079
13,0.8320742269638313,0.8220742269638313,0.8220742269638313,0.8120742269638312,0.8220742269638313,0.8220742269638313,0.8320742269638313,0.8320742269638313,0.8520742269638313,0.8520742269638313,0.8520742269638313,0.8620742269638313,0.8620742269638313
14,0.8454678170981379,0.8554678170981379,0.8454678170981379,0.8454678170981379,0.8454678170981379,0.8454678170981379,0.8654678170981379,0.8554678170981379,0.8654678170981379,0.8654678170981379,0.8854678170981379,0.8804678170981379,0.8704678170981379
15,0.8127164469238036,0.8327164469238036,0.8227164469238036,0.8427164469238037,0.8327164469238036,0.8427164469238037,0.8527164469238037,0.8427164469238037,0.8427164469238037,0.8527164469238037,0.8477164469238037,0.8477164469238037,0.8377164469238036
16,0.8300268785092125,0.8200268785092125,0.8100268785092125,0.8100268785092125,0.8100268785092125,0.8100268785092125,0.8100268785092125,0.8100268785092125,0.8100268785092125,0.8100268785092125,0.8400268785092125,0.8400268785092125,0.8400268785092125
17,0.8907968788616127,0.8707968788616127,0.8807968788616127,0.8807968788616127,0.8907968788616127,0.9107968788616128,0.8807968788616127,0.8907968788616127,0.8607968788616127,0.8757968788616127,0.8757968788616127,0.8857968788616127,0.8957968788616127
18,0.855639512978836,0.855639512978836,0.845639512978836,0.845639512978836,0.855639512978836,0.855639512978836,0.855639512978836,0.835639512978836,0.835639512978836,0.845639512978836,0.835639512978836,0.865639512978836,0.865639512978836
19,0.883094902783205,0.893094902783205,0.903094902783205,0.903094902783205,0.913094902783205,0.903094902783205,0.903094902783205,0.903094902783205,0.903094902783205,0.883094902783205,0.893094902783205,0.903094902783205,0.903094902783205
20,0.896878546135262,0.886878546135262,0.886878546135262,0.896878546135262,0.906878546135262,0.906878546135262,0.906878546135262,0.906878546135262,0.906878546135262,0.916878546135262,0.916878546135262,0.906878546135262,0.906878546135262
21,0.9653889984398335,0.9653889984398335,0.9653889984398335,0.9753889984398335,0.9753889984398335,0.9753889984398335,0.9553889984398335,0.9753889984398335,0.9853889984398335,0.9853889984398335,0.9653889984398335,0.9753889984398335,0.9853889984398335
22,0.8597439414612643,0.8597439414612643,0.8797439414612643,0.8797439414612643,0.8797439414612643,0.8897439414612643,0.8897439414612643,0.8597439414612643,0.8897439414612643,0.8897439414612643,0.8997439414612644,0.8897439414612643,0.8897439414612643
23,0.831558530998018,0.831558530998018,0.831558530998018,0.851558530998018,0.861558530998018,0.846558530998018,0.846558530998018,0.846558530998018,0.866558530998018,0.866558530998018,0.856558530998018,0.836558530998018,0.826558530998018
24,0.9313940632517397,0.9313940632517397,0.9313940632517397,0.9413940632517397,0.9413940632517397,0.9413940632517397,0.9513940632517397,0.9513940632517397,0.9513940632517397,0.9513940632517397,0.9613940632517397,0.9313940632517397,0.9213940632517397
25,0.8156224725092721,0.8156224725092721,0.8056224725092721,0.7956224725092721,0.7856224725092721,0.7856224725092721,0.8056224725092721,0.7956224725092721,0.7956224725092721,0.7956224725092721,0.7956224725092721,0.7956224725092721,0.7756224725092721
26,0.8833362330169765,0.8833362330169765,0.8833362330169765,0.8733362330169765,0.8733362330169765,0.8733362330169765,0.8633362330169765,0.8633362330169765,0.8733362330169765,0.8733362330169765,0.8933362330169765,0.8933362330169765,0.8833362330169765
27,0.869983758190643,0.849983758190643,0.839983758190643,0.839983758190643,0.839983758190643,0.849983758190643,0.859983758190643,0.829983758190643,0.829983758190643,0.829983758190643,0.834983758190643,0.844983758190643,0.844983758190643
28,0.913067487000131,0.933067487000131,0.923067487000131,0.913067487000131,0.913067487000131,0.913067487000131,0.943067487000131,0.943067487000131,0.943067487000131,0.943067487000131,0.943067487000131,0.943067487000131,0.943067487000131
29,0.8959186650450923,0.8859186650450923,0.8959186650450923,0.9159186650450923,0.9259186650450923,0.9159186650450923,0.9359186650450924,0.9359186650450924,0.9359186650450924,0.9359186650450924,0.9309186650450924,0.9309186650450924,0.9309186650450924
30,0.826439208805336,0.826439208805336,0.8064392088053359,0.8064392088053359,0.8064392088053359,0.8164392088053359,0.8164392088053359,0.826439208805336,0.8064392088053359,0.7864392088053359,0.7914392088053359,0.8014392088053359,0.8014392088053359
31,0.8703241223825391,0.8703241223825391,0.8703241223825391,0.8703241223825391,0.8703241223825391,0.8803241223825391,0.8803241223825391,0.8803241223825391,0.8803241223825391,0.8903241223825391,0.9003241223825391,0.9103241223825391,0.9053241223825391
32,0.8402197711109767,0.8402197711109767,0.8202197711109767,0.8302197711109767,0.8302197711109767,0.8102197711109766,0.8002197711109766,0.8002197711109766,0.8052197711109766,0.8052197711109766,0.8152197711109767,0.8152197711109767,0.8152197711109767
33,0.9094276150953579,0.9094276150953579,0.9094276150953579,0.9094276150953579,0.8994276150953578,0.8994276150953578,0.8994276150953578,0.8894276150953578,0.8794276150953578,0.8794276150953578,0.8794276150953578,0.8894276150953578,0.8894276150953578
34,0.9002790395163668,0.9002790395163668,0.8802790395163668,0.8802790395163668,0.8702790395163668,0.8602790395163668,0.8602790395163668,0.8602790395163668,0.8702790395163668,0.8852790395163668,0.8652790395163668,0.8752790395163668,0.8752790395163668
35,0.8052151252282242,0.8052151252282242,0.7952151252282242,0.7952151252282242,0.8152151252282243,0.8252151252282243,0.8352151252282243,0.8352151252282243,0.8152151252282243,0.8152151252282243,0.8352151252282243,0.8152151252282243,0.8052151252282242
36,0.94213720965448,0.95213720965448,0.95213720965448,0.95213720965448,0.97213720965448,0.96213720965448,0.96213720965448,0.95213720965448,0.98213720965448,0.97213720965448,0.95213720965448,0.95213720965448,0.95213720965448
37,0.8261529992285152,0.7961529992285151,0.8061529992285151,0.8261529992285152,0.8161529992285151,0.8161529992285151,0.8161529992285151,0.8161529992285151,0.8461529992285152,0.8461529992285152,0.8461529992285152,0.8461529992285152,0.8461529992285152
38,0.9127814935052797,0.9027814935052797,0.9027814935052797,0.8927814935052797,0.8727814935052797,0.8827814935052797,0.8727814935052797,0.8827814935052797,0.8927814935052797,0.8927814935052797,0.9127814935052797,0.9027814935052797,0.9027814935052797
39,0.8643513746447634,0.8543513746447634,0.8543513746447634,0.8543513746447634,0.8543513746447634,0.8543513746447634,0.8743513746447634,0.8743513746447634,0.8743513746447634,0.8643513746447634,0.8643513746447634,0.8443513746447634,0.8443513746447634
40,0.878300561103878,0.878300561103878,0.868300561103878,0.858300561103878,0.868300561103878,0.868300561103878,0.868300561103878,0.858300561103878,0.838300561103878,0.838300561103878,0.843300561103878,0.843300561103878,0.853300561103878
41,0.9106032396263148,0.9006032396263148,0.9006032396263148,0.8906032396263148,0.8906032396263148,0.8906032396263148,0.8906032396263148,0.8806032396263148,0.8906032396263148,0.8906032396263148,0.8806032396263148,0.8906032396263148,0.9106032396263148
42,0.9019975972168474,0.9019975972168474,0.9019975972168474,0.9019975972168474,0.9019975972168474,0.8919975972168473,0.9119975972168474,0.9019975972168474,0.9119975972168474,0.9119975972168474,0.9119975972168474,0.9219975972168474,0.9219975972168474
43,0.8598536093045992,0.8598536093045992,0.8498536093045992,0.8498536093045992,0.8398536093045992,0.8198536093045992,0.8248536093045992,0.8348536093045992,0.8248536093045992,0.8348536093045992,0.8348536093045992,0.8448536093045992,0.8448536093045992
44,0.8717416490699236,0.8517416490699236,0.8717416490699236,0.8617416490699236,0.8517416490699236,0.8517416490699236,0.8617416490699236,0.8817416490699236,0.9017416490699236,0.9017416490699236,0.9017416490699236,0.9017416490699236,0.8817416490699236
45,0.7944147161412836,0.8044147161412836,0.8044147161412836,0.8144147161412836,0.8144147161412836,0.8144147161412836,0.7644147161412835,0.7644147161412835,0.7544147161412835,0.7544147161412835,0.7644147161412835,0.7744147161412835,0.7744147161412835
46,0.864427886177936,0.864427886177936,0.8244278861779359,0.8244278861779359,0.834427886177936,0.844427886177936,0.8244278861779359,0.8244278861779359,0.8244278861779359,0.829427886177936,0.829427886177936,0.8194278861779359,0.8194278861779359
47,0.8247168479143249,0.8247168479143249,0.8047168479143249,0.7947168479143248,0.7847168479143248,0.7847168479143248,0.8047168479143249,0.7947168479143248,0.7947168479143248,0.7847168479143248,0.7897168479143248,0.7897168479143248,0.7897168479143248
48,0.9005949523539177,0.8805949523539177,0.8605949523539177,0.8705949523539177,0.8705949523539177,0.8705949523539177,0.8705949523539177,0.8705949523539177,0.8605949523539177,0.8605949523539177,0.8805949523539177,0.8705949523539177,0.8605949523539177
49,0.8612016232071616,0.8512016232071616,0.8712016232071617,0.8912016232071617,0.9012016232071617,0.8912016232071617,0.9012016232071617,0.9012016232071617,0.9012016232071617,0.8712016232071617,0.8612016232071616,0.8512016232071616,0.8512016232071616
50,0.9032607332999377,0.8832607332999377,0.9032607332999377,0.8932607332999377,0.8932607332999377,0.9032607332999377,0.8932607332999377,0.8932607332999377,0.8932607332999377,0.8832607332999377,0.8932607332999377,0.8632607332999377,0.8682607332999377
51,0.837947472961243,0.857947472961243,0.837947472961243,0.8279474729612429,0.8279474729612429,0.7979474729612429,0.7979474729612429,0.8029474729612429,0.8029474729612429,0.8129474729612429,0.8129474729612429,0.8029474729612429,0.8029474729612429
52,0.847752227452295,0.847752227452295,0.8377522274522949,0.8277522274522949,0.8277522274522949,0.847752227452295,0.867752227452295,0.867752227452295,0.857752227452295,0.877752227452295,0.862752227452295,0.872752227452295,0.852752227452295
53,0.8370121281979008,0.8470121281979008,0.8370121281979008,0.8270121281979008,0.8270121281979008,0.8270121281979008,0.8470121281979008,0.8570121281979008,0.8670121281979009,0.8470121281979008,0.8470121281979008,0.8470121281979008,0.8370121281979008
54,0.863956569101569,0.863956569101569,0.863956569101569,0.863956569101569,0.863956569101569,0.843956569101569,0.833956569101569,0.833956569101569,0.833956569101569,0.843956569101569,0.843956569101569,0.843956569101569,0.843956569101569
55,0.8582016565046682,0.8582016565046682,0.8482016565046682,0.8682016565046682,0.8482016565046682,0.8482016565046682,0.8482016565046682,0.8382016565046682,0.8282016565046681,0.8282016565046681,0.8482016565046682,0.8482016565046682,0.8482016565046682
56,0.8661882967614355,0.8661882967614355,0.8561882967614355,0.8561882967614355,0.8561882967614355,0.8661882967614355,0.8661882967614355,0.8661882967614355,0.8661882967614355,0.8461882967614355,0.8461882967614355,0.8461882967614355,0.8261882967614355
57,0.8240928114135004,0.8340928114135004,0.8440928114135005,0.8440928114135005,0.8440928114135005,0.8440928114135005,0.8190928114135004,0.8190928114135004,0.8290928114135004,0.8290928114135004,0.8290928114135004,0.8290928114135004,0.7990928114135004
58,0.8112636252320758,0.7912636252320758,0.7712636252320758,0.7712636252320758,0.7712636252320758,0.7762636252320758,0.7862636252320758,0.7962636252320758,0.8062636252320758,0.8162636252320759,0.8162636252320759,0.8162636252320759,0.8062636252320758
59,0.8515816004785568,0.8615816004785568,0.8715816004785568,0.8715816004785568,0.8815816004785568,0.8615816004785568,0.8815816004785568,0.8815816004785568,0.8815816004785568,0.8715816004785568,0.8465816004785568,0.8565816004785568,0.8565816004785568
60,0.8697768998477345,0.8797768998477346,0.8597768998477345,0.8597768998477345,0.8597768998477345,0.8497768998477345,0.8297768998477345,0.8297768998477345,0.8397768998477345,0.8697768998477345,0.8397768998477345,0.8697768998477345,0.8697768998477345
61,0.8901677705549229,0.8901677705549229,0.8801677705549229,0.8701677705549229,0.8701677705549229,0.8901677705549229,0.8601677705549229,0.8701677705549229,0.9001677705549229,0.9201677705549229,0.9051677705549229,0.9151677705549229,0.9051677705549229
62,0.8954416691070092,0.9054416691070092,0.8954416691070092,0.8954416691070092,0.9054416691070092,0.8954416691070092,0.8954416691070092,0.8954416691070092,0.9054416691070092,0.9054416691070092,0.8954416691070092,0.8954416691070092,0.8954416691070092
63,0.8309004786076083,0.8309004786076083,0.8409004786076083,0.8309004786076083,0.8309004786076083,0.8309004786076083,0.8409004786076083,0.8709004786076083,0.8659004786076083,0.8359004786076083,0.8359004786076083,0.8459004786076083,0.8459004786076083
64,0.8966496864790365,0.9066496864790365,0.9266496864790366,0.9266496864790366,0.9166496864790366,0.9166496864790366,0.9166496864790366,0.8966496864790365,0.8966496864790365,0.8866496864790365,0.9066496864790365,0.9166496864790366,0.9166496864790366
65,0.9183372383873902,0.9283372383873902,0.9283372383873902,0.9283372383873902,0.9283372383873902,0.9283372383873902,0.9283372383873902,0.9283372383873902,0.9183372383873902,0.8983372383873902,0.9233372383873902,0.9233372383873902,0.9333372383873902
66,0.893605080056289,0.883605080056289,0.873605080056289,0.873605080056289,0.883605080056289,0.883605080056289,0.893605080056289,0.903605080056289,0.893605080056289,0.883605080056289,0.883605080056289,0.893605080056289,0.923605080056289
67,0.8331977860147326,0.8331977860147326,0.8331977860147326,0.8331977860147326,0.8331977860147326,0.8331977860147326,0.8331977860147326,0.8431977860147326,0.8431977860147326,0.8631977860147326,0.8731977860147326,0.8681977860147326,0.8481977860147326
68,0.8426384252606915,0.8526384252606916,0.8526384252606916,0.8626384252606916,0.8226384252606915,0.8426384252606915,0.8526384252606916,0.8626384252606916,0.8626384252606916,0.8626384252606916,0.8626384252606916,0.8626384252606916,0.8626384252606916
69,0.9482013877946851,0.9482013877946851,0.9582013877946851,0.9582013877946851,0.9582013877946851,0.9582013877946851,0.9482013877946851,0.9382013877946851,0.9182013877946851,0.9332013877946851,0.9332013877946851,0.9332013877946851,0.9332013877946851
70,0.8862470907395439,0.9062470907395439,0.9262470907395439,0.9162470907395439,0.9162470907395439,0.9262470907395439,0.9162470907395439,0.9162470907395439,0.8962470907395439,0.8962470907395439,0.8962470907395439,0.9062470907395439,0.8962470907395439
71,0.8332880639235832,0.8132880639235832,0.8132880639235832,0.8132880639235832,0.8032880639235832,0.8182880639235832,0.8382880639235832,0.8282880639235832,0.8182880639235832,0.8182880639235832,0.7982880639235832,0.8082880639235832,0.8282880639235832
72,0.7994916860455157,0.7994916860455157,0.8094916860455157,0.8094916860455157,0.8194916860455157,0.8094916860455157,0.7994916860455157,0.7994916860455157,0.7994916860455157,0.7894916860455157,0.7594916860455156,0.7644916860455157,0.7644916860455157
73,0.7652818380161633,0.7852818380161634,0.7602818380161633,0.7602818380161633,0.7702818380161633,0.7702818380161633,0.7702818380161633,0.7602818380161633,0.7602818380161633,0.7602818380161633,0.7602818380161633,0.7602818380161633,0.7602818380161633
74,0.9100600539447699,0.9100600539447699,0.9100600539447699,0.8900600539447698,0.9000600539447698,0.9100600539447699,0.9100600539447699,0.9300600539447699,0.9300600539447699,0.9300600539447699,0.9200600539447699,0.9200600539447699,0.9200600539447699
75,0.8411847237776553,0.8511847237776553,0.8611847237776553,0.8511847237776553,0.8711847237776553,0.8711847237776553,0.8711847237776553,0.8611847237776553,0.8611847237776553,0.8511847237776553,0.8611847237776553,0.8511847237776553,0.8511847237776553
76,0.9151787815940221,0.9351787815940221,0.9451787815940221,0.9451787815940221,0.9451787815940221,0.9351787815940221,0.9051787815940221,0.9051787815940221,0.9151787815940221,0.9151787815940221,0.9051787815940221,0.9251787815940221,0.9351787815940221
77,0.9183221051926007,0.8983221051926007,0.8983221051926007,0.8883221051926007,0.9083221051926007,0.8983221051926007,0.9233221051926007,0.9233221051926007,0.8833221051926007,0.9133221051926007,0.9133221051926007,0.8933221051926007,0.8933221051926007
78,0.8351669033353276,0.8551669033353276,0.8551669033353276,0.8251669033353276,0.8251669033353276,0.8151669033353276,0.8251669033353276,0.8251669033353276,0.8451669033353276,0.8651669033353276,0.8651669033353276,0.8751669033353277,0.8751669033353277
79,0.8318221526916685,0.8318221526916685,0.8318221526916685,0.8318221526916685,0.8318221526916685,0.8318221526916685,0.8218221526916685,0.8418221526916685,0.8618221526916685,0.8618221526916685,0.8618221526916685,0.8468221526916685,0.8468221526916685
80,0.8547086392953015,0.8447086392953015,0.8647086392953015,0.8647086392953015,0.8547086392953015,0.8547086392953015,0.8547086392953015,0.8447086392953015,0.8347086392953015,0.8347086392953015,0.8347086392953015,0.8447086392953015,0.8447086392953015
81,0.8511273592670675,0.8511273592670675,0.8511273592670675,0.8411273592670675,0.8411273592670675,0.8411273592670675,0.8611273592670675,0.8711273592670675,0.8711273592670675,0.8711273592670675,0.8711273592670675,0.8711273592670675,0.8611273592670675
82,0.8229653552957531,0.7829653552957531,0.7879653552957531,0.7879653552957531,0.7879653552957531,0.7979653552957531,0.7979653552957531,0.7979653552957531,0.8179653552957531,0.8079653552957531,0.8079653552957531,0.8179653552957531,0.8379653552957531
83,0.8757844045035426,0.8657844045035425,0.8657844045035425,0.8657844045035425,0.8657844045035425,0.8657844045035425,0.8557844045035425,0.8557844045035425,0.8457844045035425,0.8457844045035425,0.8657844045035425,0.8657844045035425,0.8657844045035425
84,0.809849958670036,0.809849958670036,0.809849958670036,0.809849958670036,0.819849958670036,0.819849958670036,0.7898499586700359,0.7998499586700359,0.7998499586700359,0.819849958670036,0.829849958670036,0.829849958670036,0.829849958670036
85,0.8522608635138335,0.8522608635138335,0.8522608635138335,0.8522608635138335,0.8522608635138335,0.8522608635138335,0.8722608635138335,0.8522608635138335,0.8322608635138334,0.8322608635138334,0.8322608635138334,0.8322608635138334,0.8322608635138334
86,0.827280546060871,0.817280546060871,0.817280546060871,0.797280546060871,0.807280546060871,0.807280546060871,0.807280546060871,0.807280546060871,0.807280546060871,0.807280546060871,0.807280546060871,0.797280546060871,0.797280546060871
87,0.8354930539302494,0.8354930539302494,0.8254930539302494,0.8154930539302494,0.8154930539302494,0.8154930539302494,0.8354930539302494,0.8454930539302494,0.8354930539302494,0.8254930539302494,0.8154930539302494,0.8054930539302494,0.8054930539302494
88,0.8473677212347314,0.8473677212347314,0.8473677212347314,0.8573677212347314,0.8473677212347314,0.8573677212347314,0.8573677212347314,0.8573677212347314,0.8373677212347314,0.8373677212347314,0.8373677212347314,0.8173677212347313,0.8323677212347314
89,0.8571784223257635,0.8571784223257635,0.8571784223257635,0.8571784223257635,0.8671784223257635,0.8671784223257635,0.8571784223257635,0.8471784223257635,0.8271784223257634,0.8271784223257634,0.8271784223257634,0.8271784223257634,0.8271784223257634
90,0.9017910490919232,0.8917910490919232,0.8817910490919232,0.8617910490919232,0.8667910490919232,0.8667910490919232,0.8667910490919232,0.8867910490919232,0.8867910490919232,0.8867910490919232,0.8967910490919232,0.8967910490919232,0.8767910490919232
91,0.8139704578617195,0.8239704578617195,0.8139704578617195,0.7839704578617195,0.7839704578617195,0.7839704578617195,0.7839704578617195,0.7839704578617195,0.7839704578617195,0.7839704578617195,0.7739704578617195,0.7789704578617195,0.7889704578617195
92,0.8985798006530231,0.8885798006530231,0.8785798006530231,0.8585798006530231,0.8885798006530231,0.9085798006530231,0.9285798006530231,0.9385798006530232,0.9385798006530232,0.9185798006530231,0.9185798006530231,0.8985798006530231,0.8985798006530231
93,0.8004150193176586,0.8004150193176586,0.8204150193176586,0.8004150193176586,0.8104150193176586,0.8104150193176586,0.8104150193176586,0.7804150193176586,0.7704150193176585,0.7704150193176585,0.7704150193176585,0.7704150193176585,0.7704150193176585
94,0.9198160146875156,0.9098160146875156,0.8998160146875156,0.8998160146875156,0.8998160146875156,0.8998160146875156,0.9098160146875156,0.9198160146875156,0.9198160146875156,0.9098160146875156,0.9098160146875156,0.9098160146875156,0.9298160146875156
95,0.9482331727868558,0.9482331727868558,0.9382331727868558,0.9282331727868558,0.9282331727868558,0.9532331727868558,0.9532331727868558,0.9532331727868558,0.9532331727868558,0.9532331727868558,0.9532331727868558,0.9532331727868558,0.9632331727868558
96,0.8855593127215615,0.8655593127215615,0.8655593127215615,0.8655593127215615,0.8655593127215615,0.8755593127215615,0.8655593127215615,0.8655593127215615,0.8655593127215615,0.8755593127215615,0.8655593127215615,0.8755593127215615,0.8855593127215615
97,0.8083260530408533,0.8083260530408533,0.8083260530408533,0.8183260530408533,0.8183260530408533,0.8283260530408533,0.8383260530408533,0.8283260530408533,0.8383260530408533,0.8383260530408533,0.8383260530408533,0.8283260530408533,0.8383260530408533
98,0.8636485372397552,0.8636485372397552,0.8836485372397552,0.8836485372397552,0.8836485372397552,0.8736485372397552,0.8536485372397552,0.8536485372397552,0.8536485372397552,0.8536485372397552,0.8436485372397552,0.8436485372397552,0.8436485372397552
99,0.8172064425609492,0.8372064425609492,0.8372064425609492,0.8572064425609492,0.8572064425609492,0.8572064425609492,0.8572064425609492,0.8372064425609492,0.8372064425609492,0.8272064425609492,0.8072064425609492,0.8072064425609492,0.8172064425609492
100,0.8908735602419299,0.8908735602419299,0.9108735602419299,0.8808735602419299,0.8808735602419299,0.9008735602419299,0.9208735602419299,0.9208735602419299,0.9208735602419299,0.9208735602419299,0.9308735602419299,0.9008735602419299,0.9008735602419299
101,0.875258013738067,0.875258013738067,0.905258013738067,0.915258013738067,0.910258013738067,0.910258013738067,0.890258013738067,0.860258013738067,0.850258013738067,0.840258013738067,0.840258013738067,0.830258013738067,0.830258013738067
102,0.8591684665900151,0.8591684665900151,0.8791684665900151,0.8791684665900151,0.8591684665900151,0.8591684665900151,0.8491684665900151,0.8491684665900151,0.8291684665900151,0.8291684665900151,0.8291684665900151,0.8441684665900151,0.8541684665900151
103,0.8248531917034082,0.8148531917034082,0.8148531917034082,0.8448531917034082,0.8448531917034082,0.8448531917034082,0.8348531917034082,0.8348531917034082,0.8248531917034082,0.8248531917034082,0.8248531917034082,0.8148531917034082,0.8048531917034082
104,0.9103291447367762,0.9303291447367762,0.9303291447367762,0.9403291447367762,0.9303291447367762,0.9303291447367762,0.9303291447367762,0.9003291447367762,0.9003291447367762,0.8903291447367762,0.9103291447367762,0.9503291447367762,0.9403291447367762
105,0.9091786065972634,0.8991786065972633,0.8991786065972633,0.9091786065972634,0.9191786065972634,0.9391786065972634,0.9391786065972634,0.9291786065972634,0.9491786065972634,0.9441786065972634,0.9341786065972634,0.9241786065972634,0.9241786065972634
106,0.8087067184525882,0.8187067184525882,0.7987067184525882,0.7987067184525882,0.7987067184525882,0.7987067184525882,0.7987067184525882,0.7987067184525882,0.7687067184525882,0.7687067184525882,0.7687067184525882,0.7687067184525882,0.7887067184525882
107,0.9103343687992292,0.9103343687992292,0.9103343687992292,0.9003343687992292,0.9103343687992292,0.9103343687992292,0.8903343687992292,0.8903343687992292,0.8903343687992292,0.8903343687992292,0.8903343687992292,0.8903343687992292,0.8703343687992292
108,0.90514812728643,0.90514812728643,0.92514812728643,0.89514812728643,0.90514812728643,0.90514812728643,0.90514812728643,0.90514812728643,0.92514812728643,0.90514812728643,0.89514812728643,0.86514812728643,0.86514812728643
109,0.9055274223005118,0.9055274223005118,0.9055274223005118,0.9355274223005118,0.9255274223005118,0.9255274223005118,0.9355274223005118,0.9205274223005118,0.9005274223005117,0.8905274223005117,0.9105274223005118,0.9005274223005117,0.8705274223005117
110,0.8459585397085287,0.8459585397085287,0.8459585397085287,0.8659585397085288,0.8659585397085288,0.8659585397085288,0.8559585397085288,0.8559585397085288,0.8559585397085288,0.8559585397085288,0.8359585397085287,0.8359585397085287,0.8259585397085287
111,0.8908537245063953,0.8908537245063953,0.8908537245063953,0.9008537245063953,0.9108537245063953,0.9008537245063953,0.9108537245063953,0.9108537245063953,0.9008537245063953,0.8908537245063953,0.8808537245063953,0.8808537245063953,0.8908537245063953
112,0.8641349057251586,0.8441349057251586,0.8341349057251586,0.8491349057251586,0.8491349057251586,0.8491349057251586,0.8691349057251586,0.8791349057251586,0.8791349057251586,0.8691349057251586,0.8791349057251586,0.8791349057251586,0.8691349057251586
113,0.9027468688893799,0.8827468688893799,0.8827468688893799,0.8827468688893799,0.8827468688893799,0.8827468688893799,0.8627468688893799,0.8627468688893799,0.8627468688893799,0.8627468688893799,0.8627468688893799,0.8627468688893799,0.8677468688893799
114,0.8361688843513853,0.8461688843513853,0.8461688843513853,0.8561688843513853,0.8461688843513853,0.8261688843513852,0.8261688843513852,0.8261688843513852,0.8161688843513852,0.8261688843513852,0.8161688843513852,0.8061688843513852,0.7961688843513852
115,0.9038819846157835,0.9038819846157835,0.9038819846157835,0.9038819846157835,0.9138819846157835,0.9138819846157835,0.9238819846157835,0.9138819846157835,0.9138819846157835,0.9238819846157835,0.9338819846157835,0.9138819846157835,0.9038819846157835
116,0.8557207782088039,0.8357207782088039,0.8357207782088039,0.8657207782088039,0.8457207782088039,0.8257207782088039,0.8357207782088039,0.8357207782088039,0.8357207782088039,0.8457207782088039,0.8457207782088039,0.8557207782088039,0.8457207782088039
117,0.8736316562080539,0.8736316562080539,0.883631656208054,0.883631656208054,0.883631656208054,0.883631656208054,0.903631656208054,0.903631656208054,0.903631656208054,0.888631656208054,0.888631656208054,0.8686316562080539,0.8486316562080539
118,0.8956995591447389,0.8956995591447389,0.8956995591447389,0.8656995591447388,0.8806995591447389,0.8806995591447389,0.8906995591447389,0.8906995591447389,0.8906995591447389,0.8906995591447389,0.8806995591447389,0.8806995591447389,0.8806995591447389
119,0.8108394432718081,0.8208394432718081,0.8308394432718081,0.8308394432718081,0.8408394432718082,0.8308394432718081,0.8408394432718082,0.8508394432718082,0.8408394432718082,0.8408394432718082,0.8408394432718082,0.8408394432718082,0.8258394432718081
120,0.8520877684815926,0.8520877684815926,0.8420877684815926,0.8420877684815926,0.8520877684815926,0.8520877684815926,0.8420877684815926,0.8220877684815926,0.8220877684815926,0.8220877684815926,0.8120877684815926,0.8120877684815926,0.8120877684815926
121,0.887175074868746,0.897175074868746,0.897175074868746,0.887175074868746,0.907175074868746,0.907175074868746,0.897175074868746,0.897175074868746,0.907175074868746,0.917175074868746,0.917175074868746,0.917175074868746,0.907175074868746
122,0.8837678013895669,0.8837678013895669,0.8737678013895669,0.8937678013895669,0.8937678013895669,0.8937678013895669,0.8937678013895669,0.8837678013895669,0.8837678013895669,0.8837678013895669,0.8737678013895669,0.8637678013895669,0.8637678013895669
123,0.8782757784788924,0.8782757784788924,0.8682757784788924,0.8682757784788924,0.8682757784788924,0.8582757784788924,0.8482757784788924,0.8482757784788924,0.8682757784788924,0.8582757784788924,0.8782757784788924,0.8782757784788924,0.8882757784788924
124,0.8635303981836208,0.8635303981836208,0.8635303981836208,0.8635303981836208,0.8635303981836208,0.8635303981836208,0.8435303981836207,0.8435303981836207,0.8335303981836207,0.8485303981836207,0.8485303981836207,0.8485303981836207,0.8485303981836207
125,0.8453689961821835,0.8653689961821835,0.8653689961821835,0.8753689961821836,0.8753689961821836,0.8603689961821835,0.8603689961821835,0.8603689961821835,0.8603689961821835,0.8603689961821835,0.8603689961821835,0.8803689961821836,0.8603689961821835
126,0.8518716708676262,0.8518716708676262,0.8518716708676262,0.8518716708676262,0.8718716708676262,0.8618716708676262,0.8618716708676262,0.8618716708676262,0.8718716708676262,0.8818716708676262,0.8668716708676262,0.8668716708676262,0.8668716708676262
127,0.8779145247064846,0.8679145247064846,0.8679145247064846,0.8679145247064846,0.8679145247064846,0.8679145247064846,0.8679145247064846,0.8679145247064846,0.8979145247064846,0.8979145247064846,0.9079145247064846,0.9179145247064846,0.9179145247064846
128,0.8464526585786464,0.8764526585786464,0.8614526585786464,0.8614526585786464,0.8714526585786464,0.8714526585786464,0.8814526585786464,0.8814526585786464,0.8714526585786464,0.8714526585786464,0.8614526585786464,0.8614526585786464,0.8714526585786464
129,0.8354213816074303,0.8154213816074303,0.8054213816074303,0.8054213816074303,0.8054213816074303,0.7954213816074303,0.7954213816074303,0.7954213816074303,0.8054213816074303,0.7954213816074303,0.8254213816074303,0.8254213816074303,0.8454213816074303
130,0.8743240376481382,0.8743240376481382,0.8643240376481381,0.8643240376481381,0.8943240376481382,0.9043240376481382,0.8943240376481382,0.8843240376481382,0.8943240376481382,0.8943240376481382,0.8943240376481382,0.8843240376481382,0.8843240376481382
131,0.8441590564752444,0.8441590564752444,0.8041590564752443,0.8091590564752443,0.8091590564752443,0.8291590564752443,0.8191590564752443,0.8191590564752443,0.7991590564752443,0.7991590564752443,0.8091590564752443,0.8091590564752443,0.8191590564752443
132,0.777639216608603,0.767639216608603,0.767639216608603,0.777639216608603,0.767639216608603,0.757639216608603,0.767639216608603,0.777639216608603,0.777639216608603,0.807639216608603,0.8176392166086031,0.8176392166086031,0.8176392166086031
133,0.8321562893746409,0.8321562893746409,0.8321562893746409,0.8221562893746409,0.8221562893746409,0.8221562893746409,0.8121562893746409,0.8321562893746409,0.862156289374641,0.8521562893746409,0.8421562893746409,0.8421562893746409,0.8521562893746409
134,0.9236260853621058,0.9236260853621058,0.9136260853621058,0.9486260853621058,0.9486260853621058,0.9586260853621058,0.9586260853621058,0.9286260853621058,0.9386260853621058,0.9486260853621058,0.9486260853621058,0.9486260853621058,0.9486260853621058
135,0.8458955827627457,0.8358955827627457,0.8358955827627457,0.8358955827627457,0.8058955827627456,0.8108955827627456,0.8108955827627456,0.8208955827627457,0.8208955827627457,0.8208955827627457,0.8408955827627457,0.8508955827627457,0.8508955827627457
136,0.8573376535726784,0.8473376535726784,0.8473376535726784,0.8473376535726784,0.8473376535726784,0.8573376535726784,0.8673376535726784,0.8673376535726784,0.8673376535726784,0.8673376535726784,0.8873376535726785,0.8873376535726785,0.8873376535726785
137,0.9279181058110237,0.9279181058110237,0.9379181058110238,0.9379181058110238,0.9279181058110237,0.9479181058110238,0.9379181058110238,0.9279181058110237,0.9179181058110237,0.9179181058110237,0.9079181058110237,0.9079181058110237,0.9179181058110237
138,0.9237132273954172,0.9237132273954172,0.8937132273954171,0.9037132273954172,0.9037132273954172,0.9137132273954172,0.9137132273954172,0.9137132273954172,0.9137132273954172,0.9137132273954172,0.9137132273954172,0.9237132273954172,0.9237132273954172
139,0.8925039558073968,0.9125039558073968,0.9025039558073968,0.9225039558073969,0.9225039558073969,0.9125039558073968,0.9225039558073969,0.9225039558073969,0.9225039558073969,0.9075039558073968,0.9075039558073968,0.9075039558073968,0.9175039558073969
140,0.8082452028453418,0.7982452028453418,0.7982452028453418,0.7982452028453418,0.7882452028453418,0.7982452028453418,0.7882452028453418,0.7882452028453418,0.7882452028453418,0.7882452028453418,0.7882452028453418,0.7782452028453418,0.7782452028453418
141,0.7987416325041585,0.7987416325041585,0.7887416325041585,0.7887416325041585,0.7787416325041585,0.7787416325041585,0.7787416325041585,0.7587416325041585,0.7687416325041585,0.7787416325041585,0.7987416325041585,0.7787416325041585,0.7987416325041585
142,0.9267681635704894,0.9267681635704894,0.9267681635704894,0.9267681635704894,0.9367681635704894,0.9367681635704894,0.9367681635704894,0.9367681635704894,0.9367681635704894,0.9367681635704894,0.9367681635704894,0.9167681635704894,0.8967681635704894
143,0.8687922939466871,0.8787922939466871,0.8487922939466871,0.8387922939466871,0.8387922939466871,0.8387922939466871,0.8387922939466871,0.8587922939466871,0.8587922939466871,0.8687922939466871,0.8587922939466871,0.8587922939466871,0.8587922939466871
144,0.8485393801134843,0.8385393801134843,0.8585393801134843,0.8485393801134843,0.8585393801134843,0.8485393801134843,0.8485393801134843,0.8585393801134843,0.8485393801134843,0.8485393801134843,0.8585393801134843,0.8585393801134843,0.8285393801134843
145,0.8851869847590694,0.8451869847590694,0.8451869847590694,0.8451869847590694,0.8551869847590694,0.8701869847590694,0.8501869847590694,0.8601869847590694,0.8401869847590694,0.8401869847590694,0.8501869847590694,0.8401869847590694,0.8401869847590694
146,0.8187233538966089,0.7987233538966089,0.8087233538966089,0.8087233538966089,0.7987233538966089,0.7987233538966089,0.7987233538966089,0.7787233538966088,0.7787233538966088,0.7837233538966089,0.7837233538966089,0.7837233538966089,0.7837233538966089
147,0.8615940129262085,0.8615940129262085,0.8615940129262085,0.8615940129262085,0.8515940129262085,0.8515940129262085,0.8415940129262085,0.8315940129262085,0.8315940129262085,0.8515940129262085,0.8715940129262085,0.8715940129262085,0.8715940129262085
148,0.8542328117146603,0.8542328117146603,0.8542328117146603,0.8442328117146602,0.8642328117146603,0.8642328117146603,0.8642328117146603,0.8642328117146603,0.8642328117146603,0.8442328117146602,0.8542328117146603,0.8542328117146603,0.8542328117146603
149,0.8508250400963064,0.8508250400963064,0.8608250400963064,0.8608250400963064,0.8508250400963064,0.8608250400963064,0.8608250400963064,0.8608250400963064,0.8608250400963064,0.8308250400963064,0.8308250400963064,0.8308250400963064,0.8308250400963064
150,0.8720682863665492,0.8720682863665492,0.8620682863665492,0.8720682863665492,0.8620682863665492,0.8620682863665492,0.8620682863665492,0.8720682863665492,0.8720682863665492,0.8620682863665492,0.8720682863665492,0.8720682863665492,0.8720682863665492
151,0.9280752664846736,0.9180752664846736,0.9180752664846736,0.9280752664846736,0.9180752664846736,0.9180752664846736,0.9180752664846736,0.9180752664846736,0.9080752664846736,0.8980752664846736,0.8980752664846736,0.9080752664846736,0.9080752664846736
152,0.8360442808481309,0.8360442808481309,0.8360442808481309,0.8260442808481309,0.8260442808481309,0.8060442808481308,0.8060442808481308,0.8060442808481308,0.8060442808481308,0.8060442808481308,0.8260442808481309,0.8360442808481309,0.8360442808481309
153,0.9000079444026551,0.9000079444026551,0.8900079444026551,0.9300079444026551,0.9300079444026551,0.9200079444026551,0.9300079444026551,0.9200079444026551,0.9100079444026551,0.8800079444026551,0.870007944402655,0.8800079444026551,0.9050079444026551
154,0.9142577300794209,0.9142577300794209,0.9042577300794209,0.9042577300794209,0.9142577300794209,0.8842577300794209,0.8992577300794209,0.8992577300794209,0.9092577300794209,0.9092577300794209,0.9092577300794209,0.8892577300794209,0.8892577300794209
155,0.9553057145110713,0.9553057145110713,0.9553057145110713,0.9553057145110713,0.9553057145110713,0.9553057145110713,0.9553057145110713,0.9253057145110712,0.9253057145110712,0.9253057145110712,0.9403057145110713,0.9503057145110713,0.9603057145110713
156,0.9036389439434924,0.9036389439434924,0.9036389439434924,0.9036389439434924,0.8936389439434924,0.9036389439434924,0.9036389439434924,0.9236389439434924,0.9236389439434924,0.9236389439434924,0.9236389439434924,0.9236389439434924,0.9036389439434924
157,0.9274631971477769,0.9374631971477769,0.9274631971477769,0.9274631971477769,0.9274631971477769,0.9074631971477769,0.9074631971477769,0.9074631971477769,0.9174631971477769,0.9174631971477769,0.9174631971477769,0.9074631971477769,0.8974631971477769
158,0.8749412537433326,0.8749412537433326,0.8749412537433326,0.8949412537433327,0.9049412537433327,0.9049412537433327,0.8849412537433327,0.8949412537433327,0.8949412537433327,0.8949412537433327,0.8949412537433327,0.8849412537433327,0.8749412537433326
159,0.9372344868717628,0.9372344868717628,0.9372344868717628,0.9572344868717628,0.9472344868717628,0.9272344868717628,0.9172344868717628,0.8972344868717628,0.8972344868717628,0.9022344868717628,0.9022344868717628,0.9122344868717628,0.9022344868717628
160,0.7909625510331026,0.7909625510331026,0.7909625510331026,0.7909625510331026,0.8009625510331027,0.7909625510331026,0.8009625510331027,0.8109625510331027,0.7909625510331026,0.8009625510331027,0.8209625510331027,0.8109625510331027,0.8109625510331027
161,0.8536561953286789,0.8736561953286789,0.8936561953286789,0.8936561953286789,0.8936561953286789,0.8936561953286789,0.8886561953286789,0.8786561953286789,0.8786561953286789,0.8586561953286789,0.8586561953286789,0.8586561953286789,0.8586561953286789
162,0.8887254975024035,0.8687254975024035,0.8787254975024035,0.8787254975024035,0.8787254975024035,0.8787254975024035,0.8587254975024035,0.8587254975024035,0.8587254975024035,0.8587254975024035,0.8587254975024035,0.8587254975024035,0.8487254975024034
163,0.9084600137352166,0.8884600137352165,0.8984600137352166,0.9084600137352166,0.9084600137352166,0.9084600137352166,0.9084600137352166,0.9284600137352166,0.9384600137352166,0.9184600137352166,0.9084600137352166,0.8984600137352166,0.8984600137352166
164,0.8741551546418174,0.8741551546418174,0.8741551546418174,0.8741551546418174,0.8841551546418174,0.9041551546418174,0.8841551546418174,0.8741551546418174,0.8741551546418174,0.8741551546418174,0.8841551546418174,0.8841551546418174,0.8841551546418174
165,0.9995312775597188,0.9995312775597188,0.9995312775597188,0.9995312775597188,0.9995312775597188,1.0,1.0,0.995,0.995,0.995,0.995,0.995,0.985
166,0.8517005431662725,0.8717005431662725,0.8717005431662725,0.8717005431662725,0.8917005431662726,0.8867005431662726,0.8867005431662726,0.8767005431662726,0.8767005431662726,0.8767005431662726,0.8867005431662726,0.8667005431662725,0.8667005431662725
167,0.8292806436851664,0.8292806436851664,0.8192806436851664,0.8192806436851664,0.8092806436851664,0.8092806436851664,0.7992806436851664,0.7892806436851664,0.7892806436851664,0.7892806436851664,0.7892806436851664,0.7892806436851664,0.7892806436851664
168,0.824923548515456,0.824923548515456,0.794923548515456,0.804923548515456,0.804923548515456,0.804923548515456,0.794923548515456,0.794923548515456,0.794923548515456,0.809923548515456,0.819923548515456,0.799923548515456,0.809923548515456
169,0.8871373143374015,0.8771373143374015,0.8871373143374015,0.8871373143374015,0.8671373143374015,0.8571373143374015,0.8671373143374015,0.8671373143374015,0.8771373143374015,0.8771373143374015,0.8971373143374015,0.9271373143374015,0.9271373143374015
170,0.8307323323691032,0.8207323323691031,0.8107323323691031,0.8107323323691031,0.8007323323691031,0.8107323323691031,0.8107323323691031,0.8407323323691032,0.8407323323691032,0.8207323323691031,0.8307323323691032,0.8307323323691032,0.8207323323691031
171,0.8628227654729161,0.8628227654729161,0.8728227654729162,0.8728227654729162,0.8728227654729162,0.8928227654729162,0.8928227654729162,0.8778227654729162,0.8778227654729162,0.8778227654729162,0.8778227654729162,0.8478227654729161,0.8478227654729161
172,0.9204963996570444,0.9104963996570444,0.9104963996570444,0.9104963996570444,0.9104963996570444,0.9204963996570444,0.9204963996570444,0.9404963996570445,0.9404963996570445,0.9504963996570445,0.9504963996570445,0.9604963996570445,0.9504963996570445
173,0.8054903771333404,0.7954903771333404,0.7954903771333404,0.7954903771333404,0.7954903771333404,0.7754903771333403,0.7754903771333403,0.7754903771333403,0.7654903771333403,0.7654903771333403,0.7654903771333403,0.7704903771333403,0.7804903771333404
174,0.8603344373557511,0.8703344373557511,0.8703344373557511,0.8603344373557511,0.8403344373557511,0.8403344373557511,0.8503344373557511,0.8403344373557511,0.8403344373557511,0.8303344373557511,0.8303344373557511,0.8403344373557511,0.8403344373557511
175,0.814057490438813,0.804057490438813,0.804057490438813,0.814057490438813,0.804057490438813,0.804057490438813,0.804057490438813,0.814057490438813,0.824057490438813,0.824057490438813,0.8440574904388131,0.814057490438813,0.814057490438813
176,0.9401334341172349,0.9201334341172349,0.9201334341172349,0.9201334341172349,0.9101334341172349,0.9101334341172349,0.9251334341172349,0.9251334341172349,0.9251334341172349,0.9151334341172349,0.9051334341172349,0.9051334341172349,0.9051334341172349
177,0.9245093203510972,0.9145093203510972,0.9045093203510972,0.8845093203510972,0.8895093203510972,0.8995093203510972,0.8995093203510972,0.8995093203510972,0.8895093203510972,0.8995093203510972,0.9195093203510972,0.9495093203510973,0.9695093203510973
178,0.9387465924194566,0.9387465924194566,0.9687465924194566,0.9687465924194566,0.9687465924194566,0.9687465924194566,0.9587465924194566,0.9687465924194566,0.9587465924194566,0.9337465924194566,0.9437465924194566,0.9337465924194566,0.9337465924194566
179,0.835815067576502,0.835815067576502,0.835815067576502,0.835815067576502,0.835815067576502,0.835815067576502,0.835815067576502,0.845815067576502,0.8658150675765021,0.8758150675765021,0.8758150675765021,0.8758150675765021,0.8758150675765021
180,0.8723000632016836,0.8723000632016836,0.8723000632016836,0.8723000632016836,0.8723000632016836,0.8823000632016836,0.8623000632016836,0.8623000632016836,0.8423000632016836,0.8523000632016836,0.8523000632016836,0.8523000632016836,0.8523000632016836
181,0.8913277893490258,0.8913277893490258,0.9013277893490258,0.9213277893490258,0.9313277893490258,0.9313277893490258,0.9313277893490258,0.9263277893490258,0.9163277893490258,0.8963277893490258,0.8963277893490258,0.9063277893490258,0.8963277893490258
182,0.8933472565865128,0.9033472565865128,0.9033472565865128,0.9133472565865128,0.9233472565865128,0.9233472565865128,0.9133472565865128,0.9233472565865128,0.9333472565865129,0.9283472565865128,0.9283472565865128,0.9283472565865128,0.9283472565865128
183,0.9322351508964619,0.9322351508964619,0.9322351508964619,0.9222351508964619,0.9022351508964619,0.9222351508964619,0.9122351508964619,0.9122351508964619,0.9122351508964619,0.9122351508964619,0.9372351508964619,0.9272351508964619,0.9272351508964619
184,0.8855745834166058,0.8855745834166058,0.8655745834166058,0.8655745834166058,0.8905745834166058,0.9005745834166058,0.9005745834166058,0.9105745834166058,0.9105745834166058,0.9205745834166058,0.9205745834166058,0.9205745834166058,0.9305745834166058
185,0.8804611895656589,0.8804611895656589,0.9104611895656589,0.9004611895656589,0.9104611895656589,0.9104611895656589,0.9004611895656589,0.8904611895656589,0.9004611895656589,0.9104611895656589,0.9204611895656589,0.9154611895656589,0.9054611895656589
186,0.898915522266923,0.8889155222669229,0.8889155222669229,0.898915522266923,0.898915522266923,0.8889155222669229,0.908915522266923,0.928915522266923,0.908915522266923,0.918915522266923,0.898915522266923,0.8789155222669229,0.8789155222669229
187,0.8373671049038451,0.8373671049038451,0.8473671049038451,0.8473671049038451,0.8573671049038452,0.8673671049038452,0.8573671049038452,0.8673671049038452,0.8573671049038452,0.8473671049038451,0.8173671049038451,0.8173671049038451,0.8273671049038451
188,0.7979736868942144,0.7979736868942144,0.7779736868942144,0.7879736868942144,0.7779736868942144,0.7879736868942144,0.7779736868942144,0.7679736868942144,0.7779736868942144,0.8029736868942144,0.8229736868942145,0.8229736868942145,0.8229736868942145
189,0.9476577148653181,0.9476577148653181,0.9376577148653181,0.9276577148653181,0.9526577148653181,0.9526577148653181,0.9526577148653181,0.9626577148653181,0.9326577148653181,0.9326577148653181,0.9326577148653181,0.9426577148653181,0.9426577148653181
190,0.8582052553624262,0.8582052553624262,0.8682052553624262,0.8682052553624262,0.8782052553624262,0.8882052553624262,0.8982052553624262,0.8882052553624262,0.8782052553624262,0.8682052553624262,0.8782052553624262,0.8682052553624262,0.8682052553624262
191,0.8128166412170251,0.8128166412170251,0.8128166412170251,0.7928166412170251,0.7928166412170251,0.7928166412170251,0.7828166412170251,0.7928166412170251,0.8028166412170251,0.8028166412170251,0.8128166412170251,0.8128166412170251,0.8128166412170251
192,0.8401072457134344,0.8401072457134344,0.8201072457134344,0.8201072457134344,0.8301072457134344,0.8301072457134344,0.8401072457134344,0.8501072457134344,0.8401072457134344,0.8401072457134344,0.8401072457134344,0.8401072457134344,0.8401072457134344
193,0.8317753301271589,0.8317753301271589,0.8317753301271589,0.8317753301271589,0.8317753301271589,0.8417753301271589,0.8417753301271589,0.8417753301271589,0.8417753301271589,0.8317753301271589,0.8217753301271589,0.8017753301271588,0.7917753301271588
194,0.9170574958545432,0.9170574958545432,0.9070574958545432,0.9070574958545432,0.9070574958545432,0.9170574958545432,0.9170574958545432,0.9070574958545432,0.9070574958545432,0.9070574958545432,0.9070574958545432,0.9170574958545432,0.9170574958545432
195,0.8976408183567286,0.8876408183567286,0.8876408183567286,0.8976408183567286,0.8976408183567286,0.8776408183567286,0.8876408183567286,0.8776408183567286,0.8676408183567286,0.8576408183567286,0.8576408183567286,0.8576408183567286,0.8576408183567286
196,0.9579804387131922,0.9479804387131922,0.9479804387131922,0.9479804387131922,0.9479804387131922,0.9479804387131922,0.9579804387131922,0.9379804387131921,0.9479804387131922,0.9479804387131922,0.9479804387131922,0.9479804387131922,0.9479804387131922
197,0.8586498510660944,0.8586498510660944,0.8586498510660944,0.8586498510660944,0.8586498510660944,0.8686498510660944,0.8686498510660944,0.8486498510660944,0.8486498510660944,0.8486498510660944,0.8486498510660944,0.8486498510660944,0.8686498510660944
198,0.743594288546906,0.753594288546906,0.733594288546906,0.743594288546906,0.733594288546906,0.723594288546906,0.743594288546906,0.743594288546906,0.733594288546906,0.723594288546906,0.753594288546906,0.753594288546906,0.743594288546906
199,0.8857934143455202,0.8757934143455202,0.8757934143455202,0.8757934143455202,0.8557934143455201,0.8557934143455201,0.8757934143455202,0.8757934143455202,0.9107934143455202,0.8807934143455202,0.8607934143455201,0.8607934143455201,0.8407934143455201
200,0.8003470722697077,0.8003470722697077,0.7803470722697077,0.7903470722697077,0.7803470722697077,0.7903470722697077,0.8003470722697077,0.8003470722697077,0.7903470722697077,0.7903470722697077,0.7903470722697077,0.8003470722697077,0.7803470722697077
201,0.883643882929352,0.893643882929352,0.893643882929352,0.903643882929352,0.9136438829293521,0.898643882929352,0.898643882929352,0.908643882929352,0.888643882929352,0.898643882929352,0.898643882929352,0.9186438829293521,0.9186438829293521
202,0.7886764579795548,0.7886764579795548,0.7986764579795548,0.7886764579795548,0.7986764579795548,0.7986764579795548,0.7986764579795548,0.7986764579795548,0.7986764579795548,0.7886764579795548,0.7686764579795548,0.7686764579795548,0.7686764579795548
203,0.8813528034619571,0.8813528034619571,0.8813528034619571,0.8613528034619571,0.8863528034619571,0.8963528034619571,0.9163528034619571,0.9163528034619571,0.9063528034619571,0.9063528034619571,0.9063528034619571,0.8863528034619571,0.8663528034619571
204,0.8871101121330855,0.8971101121330856,0.8971101121330856,0.9071101121330856,0.8971101121330856,0.8971101121330856,0.9071101121330856,0.8971101121330856,0.9171101121330856,0.9271101121330856,0.9271101121330856,0.9071101121330856,0.9171101121330856
205,0.9217363191368885,0.9117363191368885,0.8917363191368884,0.8917363191368884,0.8917363191368884,0.8817363191368884,0.9017363191368885,0.8917363191368884,0.8917363191368884,0.8917363191368884,0.8917363191368884,0.8917363191368884,0.9017363191368885
206,0.860453948327851,0.850453948327851,0.830453948327851,0.820453948327851,0.840453948327851,0.850453948327851,0.840453948327851,0.840453948327851,0.840453948327851,0.840453948327851,0.840453948327851,0.840453948327851,0.830453948327851
207,0.850344199510789,0.850344199510789,0.850344199510789,0.850344199510789,0.830344199510789,0.830344199510789,0.820344199510789,0.830344199510789,0.820344199510789,0.810344199510789,0.815344199510789,0.825344199510789,0.835344199510789
208,0.8388744239995216,0.8288744239995216,0.8288744239995216,0.8288744239995216,0.8188744239995216,0.8388744239995216,0.8588744239995216,0.8288744239995216,0.8288744239995216,0.8388744239995216,0.8488744239995216,0.8288744239995216,0.8488744239995216
209,0.8569211119643354,0.8669211119643354,0.8769211119643354,0.8769211119643354,0.8669211119643354,0.8569211119643354,0.8569211119643354,0.8669211119643354,0.8669211119643354,0.8769211119643354,0.8669211119643354,0.8569211119643354,0.8469211119643354
210,0.8556832198643812,0.8556832198643812,0.8556832198643812,0.8556832198643812,0.8556832198643812,0.8556832198643812,0.8456832198643812,0.8356832198643812,0.8456832198643812,0.8656832198643812,0.8656832198643812,0.8856832198643813,0.8856832198643813
211,0.8453484573503547,0.8553484573503547,0.8553484573503547,0.8553484573503547,0.8553484573503547,0.8553484573503547,0.8453484573503547,0.8553484573503547,0.8553484573503547,0.8553484573503547,0.8253484573503547,0.8153484573503547,0.8353484573503547
212,0.9386014608924139,0.9186014608924139,0.9186014608924139,0.9086014608924139,0.9236014608924139,0.8936014608924139,0.8936014608924139,0.8936014608924139,0.8936014608924139,0.8936014608924139,0.9236014608924139,0.9236014608924139,0.9236014608924139
213,0.9522321562929541,0.9822321562929541,0.9822321562929541,0.9722321562929541,0.9822321562929541,0.9822321562929541,0.9922321562929541,0.9922321562929541,0.9922321562929541,0.9822321562929541,0.9922321562929541,0.9922321562929541,0.9872321562929541
214,0.852322349406363,0.852322349406363,0.852322349406363,0.842322349406363,0.842322349406363,0.842322349406363,0.832322349406363,0.832322349406363,0.832322349406363,0.822322349406363,0.832322349406363,0.832322349406363,0.852322349406363
215,0.9030395627536659,0.9030395627536659,0.8930395627536659,0.8830395627536659,0.9030395627536659,0.9130395627536659,0.9030395627536659,0.8930395627536659,0.8930395627536659,0.8930395627536659,0.9230395627536659,0.9230395627536659,0.933039562753666
216,0.8779325501281816,0.8779325501281816,0.8779325501281816,0.8779325501281816,0.8779325501281816,0.8579325501281816,0.8579325501281816,0.8679325501281816,0.8679325501281816,0.8679325501281816,0.8679325501281816,0.8879325501281816,0.8779325501281816
217,0.8181313291655771,0.8081313291655771,0.798131329165577,0.8081313291655771,0.8181313291655771,0.8181313291655771,0.8081313291655771,0.8381313291655771,0.8381313291655771,0.8381313291655771,0.8581313291655771,0.8481313291655771,0.8481313291655771
218,0.8462903670459444,0.8562903670459444,0.8762903670459444,0.8662903670459444,0.8762903670459444,0.8762903670459444,0.8762903670459444,0.8662903670459444,0.8562903670459444,0.8562903670459444,0.8562903670459444,0.8362903670459444,0.8362903670459444
219,0.790819443347688,0.810819443347688,0.820819443347688,0.830819443347688,0.830819443347688,0.830819443347688,0.825819443347688,0.815819443347688,0.815819443347688,0.825819443347688,0.825819443347688,0.815819443347688,0.805819443347688
220,0.8394796597995766,0.8294796597995766,0.8294796597995766,0.8394796597995766,0.8494796597995766,0.8394796597995766,0.8294796597995766,0.8294796597995766,0.8294796597995766,0.8294796597995766,0.8294796597995766,0.8194796597995766,0.8394796597995766
221,0.8578295076094977,0.8378295076094977,0.8378295076094977,0.8478295076094977,0.8478295076094977,0.8478295076094977,0.8478295076094977,0.8478295076094977,0.8278295076094977,0.8278295076094977,0.8278295076094977,0.8178295076094977,0.8178295076094977
222,0.844729535731342,0.844729535731342,0.834729535731342,0.824729535731342,0.849729535731342,0.859729535731342,0.849729535731342,0.849729535731342,0.869729535731342,0.869729535731342,0.879729535731342,0.859729535731342,0.859729535731342
223,0.7835010138963385,0.7835010138963385,0.7735010138963385,0.7935010138963385,0.7935010138963385,0.7935010138963385,0.8035010138963385,0.7785010138963385,0.7885010138963385,0.8185010138963386,0.8185010138963386,0.8185010138963386,0.8185010138963386
224,0.8464542908495786,0.8564542908495786,0.8664542908495786,0.8564542908495786,0.8564542908495786,0.8564542908495786,0.8664542908495786,0.8664542908495786,0.8664542908495786,0.8664542908495786,0.8564542908495786,0.8564542908495786,0.8564542908495786
225,0.9774160007514459,0.9674160007514458,0.9674160007514458,0.9874160007514459,0.9874160007514459,0.9874160007514459,0.9874160007514459,0.9774160007514459,0.9874160007514459,0.9874160007514459,0.9774160007514459,0.9874160007514459,0.9874160007514459
226,0.8298531794093347,0.8298531794093347,0.8398531794093347,0.8398531794093347,0.8298531794093347,0.8398531794093347,0.8198531794093347,0.8198531794093347,0.8098531794093347,0.8098531794093347,0.7998531794093346,0.7998531794093346,0.7898531794093346
227,0.9238018666071933,0.9038018666071933,0.9038018666071933,0.9038018666071933,0.8938018666071933,0.8838018666071933,0.9038018666071933,0.8938018666071933,0.8938018666071933,0.8938018666071933,0.8938018666071933,0.9038018666071933,0.9038018666071933
228,0.8381278360711083,0.8281278360711083,0.8381278360711083,0.8381278360711083,0.8281278360711083,0.8281278360711083,0.8281278360711083,0.8281278360711083,0.8181278360711083,0.8281278360711083,0.8081278360711083,0.8231278360711083,0.8231278360711083
229,0.8266514309711013,0.8266514309711013,0.8366514309711013,0.8466514309711013,0.8666514309711013,0.8666514309711013,0.8666514309711013,0.8666514309711013,0.8566514309711013,0.8566514309711013,0.8416514309711013,0.8416514309711013,0.8416514309711013
230,0.8824092852066294,0.9024092852066294,0.9024092852066294,0.8924092852066294,0.9024092852066294,0.9024092852066294,0.9024092852066294,0.8924092852066294,0.8924092852066294,0.8824092852066294,0.8624092852066294,0.8524092852066294,0.8674092852066294
231,0.9155082771610181,0.9355082771610181,0.9255082771610181,0.9055082771610181,0.9055082771610181,0.8955082771610181,0.9055082771610181,0.9055082771610181,0.9155082771610181,0.9155082771610181,0.9155082771610181,0.9155082771610181,0.8955082771610181
232,0.8818104775229054,0.8918104775229054,0.8818104775229054,0.8918104775229054,0.8618104775229054,0.8618104775229054,0.8918104775229054,0.8918104775229054,0.8918104775229054,0.8818104775229054,0.8718104775229054,0.8618104775229054,0.8618104775229054
233,0.8323885593801809,0.8523885593801809,0.8623885593801809,0.8723885593801809,0.8673885593801809,0.8673885593801809,0.8573885593801809,0.8573885593801809,0.8173885593801808,0.8273885593801809,0.8273885593801809,0.8473885593801809,0.8173885593801808
234,0.9433217882039946,0.9433217882039946,0.9233217882039946,0.9233217882039946,0.9233217882039946,0.9433217882039946,0.9533217882039946,0.9733217882039946,0.9733217882039946,0.9833217882039946,0.9783217882039946,0.9683217882039946,0.9683217882039946
235,0.8992527550251312,0.8892527550251312,0.8592527550251312,0.8592527550251312,0.8642527550251312,0.8742527550251312,0.8842527550251312,0.8842527550251312,0.8842527550251312,0.8742527550251312,0.8742527550251312,0.8742527550251312,0.8642527550251312
236,0.8084745894974252,0.8084745894974252,0.8084745894974252,0.8084745894974252,0.7784745894974252,0.7684745894974252,0.7734745894974252,0.7734745894974252,0.7734745894974252,0.7734745894974252,0.7834745894974252,0.7834745894974252,0.7834745894974252
237,0.7888095878214489,0.7888095878214489,0.7788095878214489,0.7788095878214489,0.7688095878214489,0.7688095878214489,0.7688095878214489,0.7688095878214489,0.7588095878214489,0.7588095878214489,0.7588095878214489,0.7688095878214489,0.7688095878214489
238,0.8729478559017793,0.8729478559017793,0.8729478559017793,0.8829478559017793,0.8829478559017793,0.8729478559017793,0.8829478559017793,0.8729478559017793,0.8629478559017792,0.8629478559017792,0.8629478559017792,0.8629478559017792,0.8629478559017792
239,0.8266371205968025,0.8366371205968025,0.8466371205968025,0.8566371205968025,0.8566371205968025,0.8566371205968025,0.8416371205968025,0.8216371205968025,0.8016371205968025,0.8116371205968025,0.8116371205968025,0.8116371205968025,0.8216371205968025
240,0.9111951488409628,0.8911951488409627,0.8911951488409627,0.8811951488409627,0.8811951488409627,0.9011951488409627,0.8911951488409627,0.8911951488409627,0.8911951488409627,0.8811951488409627,0.8961951488409627,0.9061951488409627,0.9161951488409628
241,0.803404436446017,0.793404436446017,0.793404436446017,0.803404436446017,0.793404436446017,0.803404436446017,0.803404436446017,0.783404436446017,0.773404436446017,0.773404436446017,0.763404436446017,0.763404436446017,0.763404436446017
242,0.9444019930513454,0.9444019930513454,0.9444019930513454,0.9344019930513454,0.9344019930513454,0.9244019930513454,0.9044019930513454,0.9044019930513454,0.9094019930513454,0.9094019930513454,0.9194019930513454,0.9094019930513454,0.9194019930513454
243,0.9924491130966411,0.9724491130966411,0.9924491130966411,0.9824491130966411,1.0,1.0,1.0,0.99,0.99,0.98,0.95,0.96,0.96
244,0.9541832849566761,0.9441832849566761,0.9341832849566761,0.9341832849566761,0.9341832849566761,0.9341832849566761,0.9441832849566761,0.9341832849566761,0.9441832849566761,0.9341832849566761,0.9141832849566761,0.9191832849566761,0.9191832849566761
245,0.8352763486008329,0.8352763486008329,0.8352763486008329,0.8352763486008329,0.8352763486008329,0.8552763486008329,0.8652763486008329,0.8652763486008329,0.8552763486008329,0.8352763486008329,0.8552763486008329,0.8552763486008329,0.8652763486008329
246,0.8865631247892328,0.8865631247892328,0.9065631247892328,0.9165631247892329,0.9065631247892328,0.9065631247892328,0.8965631247892328,0.8865631247892328,0.9065631247892328,0.9265631247892329,0.9265631247892329,0.9265631247892329,0.9265631247892329
247,0.838609520730453,0.828609520730453,0.828609520730453,0.828609520730453,0.798609520730453,0.798609520730453,0.808609520730453,0.808609520730453,0.798609520730453,0.803609520730453,0.803609520730453,0.813609520730453,0.793609520730453
248,0.8719155236209879,0.8719155236209879,0.8719155236209879,0.8419155236209879,0.8419155236209879,0.8519155236209879,0.8319155236209879,0.8519155236209879,0.8419155236209879,0.8519155236209879,0.8419155236209879,0.8319155236209879,0.8319155236209879
249,0.9126730304095706,0.9226730304095706,0.9326730304095706,0.9426730304095706,0.9526730304095706,0.9476730304095706,0.9476730304095706,0.9376730304095706,0.9376730304095706,0.9276730304095706,0.9376730304095706,0.9376730304095706,0.9276730304095706
250,0.8596518046040641,0.8596518046040641,0.8596518046040641,0.8696518046040641,0.8696518046040641,0.8996518046040641,0.8946518046040641,0.8646518046040641,0.8646518046040641,0.8746518046040641,0.8746518046040641,0.8846518046040641,0.8646518046040641
251,0.8526233598127554,0.8526233598127554,0.8526233598127554,0.8426233598127554,0.8426233598127554,0.8726233598127554,0.8926233598127554,0.8826233598127554,0.8926233598127554,0.8876233598127554,0.8676233598127554,0.8476233598127554,0.8576233598127554
252,0.8681515964862203,0.8681515964862203,0.8581515964862203,0.8581515964862203,0.8781515964862203,0.8781515964862203,0.8781515964862203,0.8881515964862203,0.8881515964862203,0.8881515964862203,0.8881515964862203,0.8781515964862203,0.8881515964862203
253,0.8371877637185052,0.8271877637185052,0.8171877637185052,0.7971877637185052,0.7971877637185052,0.8021877637185052,0.8121877637185052,0.8121877637185052,0.8121877637185052,0.8321877637185052,0.8421877637185052,0.8421877637185052,0.8221877637185052
254,0.7846253515852676,0.7846253515852676,0.7746253515852676,0.7846253515852676,0.7846253515852676,0.7846253515852676,0.7746253515852676,0.7446253515852675,0.7496253515852676,0.7596253515852676,0.7596253515852676,0.7496253515852676,0.7496253515852676
255,0.898019116456283,0.908019116456283,0.908019116456283,0.898019116456283,0.918019116456283,0.918019116456283,0.918019116456283,0.918019116456283,0.898019116456283,0.898019116456283,0.908019116456283,0.898019116456283,0.898019116456283
256,0.8307651558960742,0.8307651558960742,0.8207651558960742,0.8207651558960742,0.8207651558960742,0.8207651558960742,0.8207651558960742,0.8207651558960742,0.8407651558960743,0.8407651558960743,0.8407651558960743,0.8107651558960742,0.7907651558960742
257,0.8266353961125102,0.8466353961125103,0.8466353961125103,0.8466353961125103,0.8366353961125103,0.8066353961125102,0.8316353961125103,0.8216353961125102,0.8216353961125102,0.8116353961125102,0.8016353961125102,0.7916353961125102,0.7916353961125102
258,0.876663751083156,0.866663751083156,0.866663751083156,0.866663751083156,0.866663751083156,0.866663751083156,0.856663751083156,0.856663751083156,0.846663751083156,0.846663751083156,0.846663751083156,0.856663751083156,0.846663751083156
259,0.8431306982395238,0.8531306982395238,0.8431306982395238,0.8431306982395238,0.8531306982395238,0.8531306982395238,0.8531306982395238,0.8631306982395238,0.8631306982395238,0.8531306982395238,0.8531306982395238,0.8431306982395238,0.8531306982395238
260,0.7961713036296034,0.7861713036296034,0.7861713036296034,0.7761713036296034,0.7761713036296034,0.7961713036296034,0.7761713036296034,0.7761713036296034,0.7961713036296034,0.8161713036296034,0.8161713036296034,0.8161713036296034,0.8161713036296034
261,0.9480346902123595,0.9680346902123595,0.9680346902123595,0.9780346902123596,0.9780346902123596,0.9630346902123595,0.9630346902123595,0.9830346902123596,0.9830346902123596,0.9730346902123596,0.9430346902123595,0.9330346902123595,0.9330346902123595
262,0.9812270486207163,0.9812270486207163,0.9812270486207163,0.9612270486207163,0.9612270486207163,0.9612270486207163,0.9812270486207163,0.9812270486207163,0.9512270486207163,0.9662270486207163,0.9762270486207163,0.9762270486207163,0.9562270486207163
263,0.9263796081876186,0.9363796081876186,0.9263796081876186,0.9163796081876185,0.9163796081876185,0.9263796081876186,0.9163796081876185,0.9063796081876185,0.9063796081876185,0.9163796081876185,0.9063796081876185,0.8963796081876185,0.8963796081876185
264,0.9175736686184031,0.877573668618403,0.887573668618403,0.897573668618403,0.897573668618403,0.897573668618403,0.907573668618403,0.9175736686184031,0.907573668618403,0.9175736686184031,0.9175736686184031,0.9275736686184031,0.9375736686184031
265,0.9162910015187855,0.9262910015187855,0.9362910015187855,0.9562910015187855,0.9262910015187855,0.9462910015187855,0.9562910015187855,0.9512910015187855,0.9412910015187855,0.9212910015187855,0.9212910015187855,0.9212910015187855,0.9012910015187855
266,0.8944106187513053,0.9044106187513054,0.9044106187513054,0.9144106187513054,0.9044106187513054,0.9344106187513054,0.9344106187513054,0.9344106187513054,0.9344106187513054,0.9344106187513054,0.9344106187513054,0.9244106187513054,0.9244106187513054
267,0.7922539894871221,0.7922539894871221,0.7922539894871221,0.7922539894871221,0.7922539894871221,0.7822539894871221,0.7722539894871221,0.7722539894871221,0.7822539894871221,0.8022539894871221,0.8222539894871221,0.8222539894871221,0.8222539894871221
268,0.8007835246928012,0.8007835246928012,0.7907835246928012,0.8107835246928012,0.8107835246928012,0.8307835246928013,0.8207835246928012,0.8207835246928012,0.8207835246928012,0.8207835246928012,0.8107835246928012,0.8207835246928012,0.8207835246928012
269,0.9538830646088035,0.9538830646088035,0.9438830646088034,0.9438830646088034,0.9438830646088034,0.9438830646088034,0.9638830646088035,0.9638830646088035,0.9738830646088035,0.9738830646088035,0.9538830646088035,0.9538830646088035,0.9638830646088035
270,0.8987247110366452,0.8987247110366452,0.9087247110366452,0.8887247110366452,0.8587247110366452,0.8587247110366452,0.8587247110366452,0.8587247110366452,0.8637247110366452,0.8737247110366452,0.8937247110366452,0.9037247110366452,0.8937247110366452
271,0.8022751599884602,0.8222751599884602,0.8322751599884602,0.8322751599884602,0.8322751599884602,0.8172751599884602,0.7772751599884602,0.7672751599884602,0.7772751599884602,0.7772751599884602,0.7772751599884602,0.7672751599884602,0.7672751599884602
272,0.853014433442806,0.8830144334428061,0.873014433442806,0.873014433442806,0.8830144334428061,0.873014433442806,0.873014433442806,0.863014433442806,0.863014433442806,0.843014433442806,0.833014433442806,0.823014433442806,0.833014433442806
273,0.8831058368821972,0.8931058368821972,0.9031058368821973,0.9131058368821973,0.9031058368821973,0.9031058368821973,0.9031058368821973,0.9131058368821973,0.9231058368821973,0.9181058368821973,0.9181058368821973,0.9081058368821973,0.9081058368821973
274,0.9593171753045087,0.9293171753045086,0.9293171753045086,0.9393171753045086,0.9293171753045086,0.9293171753045086,0.9393171753045086,0.9393171753045086,0.9393171753045086,0.9293171753045086,0.9293171753045086,0.9293171753045086,0.9493171753045087
275,0.8603476133371916,0.8603476133371916,0.8603476133371916,0.8603476133371916,0.8903476133371916,0.8803476133371916,0.8603476133371916,0.8703476133371916,0.8603476133371916,0.8703476133371916,0.8703476133371916,0.8903476133371916,0.8803476133371916
276,0.8939246514405976,0.9039246514405976,0.8939246514405976,0.8939246514405976,0.8939246514405976,0.9039246514405976,0.9139246514405976,0.9139246514405976,0.8939246514405976,0.8939246514405976,0.8939246514405976,0.8939246514405976,0.8839246514405976
277,0.8648317883841212,0.8548317883841212,0.8548317883841212,0.8848317883841212,0.8848317883841212,0.8948317883841213,0.8798317883841212,0.8798317883841212,0.8798317883841212,0.8798317883841212,0.8598317883841212,0.8398317883841212,0.8498317883841212
278,0.8533815282559853,0.8533815282559853,0.8333815282559853,0.8433815282559853,0.8633815282559854,0.8633815282559854,0.8533815282559853,0.8533815282559853,0.8633815282559854,0.8633815282559854,0.8633815282559854,0.8733815282559854,0.8833815282559854
279,0.8552286217629189,0.8552286217629189,0.8552286217629189,0.8552286217629189,0.8452286217629189,0.8552286217629189,0.8552286217629189,0.8452286217629189,0.8452286217629189,0.8752286217629189,0.8752286217629189,0.8852286217629189,0.8652286217629189
280,0.8964880630389762,0.8864880630389762,0.8664880630389762,0.8664880630389762,0.8764880630389762,0.8564880630389762,0.8564880630389762,0.8664880630389762,0.8664880630389762,0.8814880630389762,0.8814880630389762,0.8814880630389762,0.8814880630389762
281,0.8671290268107927,0.8771290268107927,0.8871290268107928,0.8871290268107928,0.8871290268107928,0.8771290268107927,0.8771290268107927,0.8771290268107927,0.8671290268107927,0.8771290268107927,0.8871290268107928,0.8971290268107928,0.8771290268107927
282,0.9020842413930992,0.9020842413930992,0.8920842413930992,0.8920842413930992,0.8820842413930992,0.8920842413930992,0.8820842413930992,0.8920842413930992,0.8920842413930992,0.8920842413930992,0.8620842413930991,0.8820842413930992,0.8820842413930992
283,0.873103152421016,0.873103152421016,0.883103152421016,0.863103152421016,0.863103152421016,0.843103152421016,0.853103152421016,0.853103152421016,0.863103152421016,0.863103152421016,0.873103152421016,0.853103152421016,0.843103152421016
284,0.8805911298067234,0.8805911298067234,0.8705911298067234,0.8905911298067234,0.8805911298067234,0.8505911298067234,0.8505911298067234,0.8605911298067234,0.8505911298067234,0.8705911298067234,0.8705911298067234,0.8905911298067234,0.8905911298067234
285,0.8640976813167996,0.8440976813167996,0.8240976813167996,0.8240976813167996,0.8340976813167996,0.8490976813167996,0.8590976813167996,0.8490976813167996,0.8590976813167996,0.8390976813167996,0.8390976813167996,0.8390976813167996,0.8190976813167996
286,0.9104661765896501,0.9304661765896501,0.9304661765896501,0.9304661765896501,0.9404661765896501,0.9404661765896501,0.9404661765896501,0.9404661765896501,0.9204661765896501,0.9104661765896501,0.9104661765896501,0.9104661765896501,0.9104661765896501
287,0.8870626907606399,0.8970626907606399,0.8970626907606399,0.8970626907606399,0.90706269076064,0.90706269076064,0.91706269076064,0.9020626907606399,0.9020626907606399,0.8720626907606399,0.8720626907606399,0.8820626907606399,0.8820626907606399
288,0.8577538774798956,0.8577538774798956,0.8577538774798956,0.8577538774798956,0.8677538774798956,0.8477538774798956,0.8477538774798956,0.8477538774798956,0.8677538774798956,0.8577538774798956,0.8677538774798956,0.8677538774798956,0.8677538774798956
289,0.8651688394386289,0.8751688394386289,0.8951688394386289,0.8801688394386289,0.8801688394386289,0.8601688394386289,0.8901688394386289,0.8701688394386289,0.8701688394386289,0.8601688394386289,0.8801688394386289,0.8801688394386289,0.8701688394386289
290,0.8224752340775155,0.8324752340775156,0.8524752340775156,0.8524752340775156,0.8524752340775156,0.8524752340775156,0.8374752340775156,0.8574752340775156,0.8474752340775156,0.8574752340775156,0.8574752340775156,0.8474752340775156,0.8474752340775156
291,0.9120856315748128,0.9120856315748128,0.8820856315748128,0.8720856315748128,0.8770856315748128,0.8770856315748128,0.8770856315748128,0.8870856315748128,0.8870856315748128,0.9070856315748128,0.9070856315748128,0.9070856315748128,0.9070856315748128
292,0.8657215948533779,0.8757215948533779,0.8557215948533778,0.8757215948533779,0.8757215948533779,0.8657215948533779,0.8357215948533778,0.8357215948533778,0.8257215948533778,0.8257215948533778,0.8257215948533778,0.8307215948533778,0.8307215948533778
293,0.8723109374276851,0.852310937427685,0.862310937427685,0.852310937427685,0.8723109374276851,0.8723109374276851,0.8723109374276851,0.8723109374276851,0.8723109374276851,0.8723109374276851,0.8823109374276851,0.8823109374276851,0.8823109374276851
294,0.8377058277344382,0.8277058277344382,0.8277058277344382,0.8177058277344382,0.8577058277344383,0.8677058277344383,0.8577058277344383,0.8477058277344383,0.8177058277344382,0.8177058277344382,0.7977058277344382,0.7977058277344382,0.7977058277344382
295,0.8290532120408594,0.8290532120408594,0.8290532120408594,0.8390532120408594,0.8490532120408594,0.8490532120408594,0.8690532120408594,0.8390532120408594,0.8390532120408594,0.8490532120408594,0.8490532120408594,0.8490532120408594,0.8390532120408594
296,0.847234464912349,0.847234464912349,0.867234464912349,0.867234464912349,0.877234464912349,0.877234464912349,0.857234464912349,0.857234464912349,0.857234464912349,0.857234464912349,0.877234464912349,0.887234464912349,0.877234464912349
297,0.8157269081056394,0.8157269081056394,0.8057269081056394,0.7957269081056394,0.7957269081056394,0.7957269081056394,0.7857269081056394,0.7757269081056394,0.7857269081056394,0.7857269081056394,0.7857269081056394,0.8057269081056394,0.8157269081056394
298,0.8364274602087308,0.8464274602087308,0.8464274602087308,0.8464274602087308,0.8464274602087308,0.8664274602087308,0.8514274602087308,0.8314274602087308,0.8314274602087308,0.8214274602087308,0.8014274602087308,0.8214274602087308,0.8214274602087308
299,0.883938055800692,0.883938055800692,0.893938055800692,0.883938055800692,0.873938055800692,0.873938055800692,0.873938055800692,0.883938055800692,0.883938055800692,0.8639380558006919,0.888938055800692,0.888938055800692,0.878938055800692
300,0.8573868102918631,0.8573868102918631,0.8673868102918632,0.8573868102918631,0.8473868102918631,0.8473868102918631,0.8673868102918632,0.8673868102918632,0.8673868102918632,0.8673868102918632,0.8773868102918632,0.8473868102918631,0.8473868102918631
301,0.9241884262387093,0.9241884262387093,0.9241884262387093,0.9241884262387093,0.9141884262387093,0.9241884262387093,0.9341884262387093,0.9241884262387093,0.9241884262387093,0.9241884262387093,0.9141884262387093,0.9141884262387093,0.9141884262387093
302,0.8122723097471589,0.8122723097471589,0.8122723097471589,0.8122723097471589,0.7822723097471589,0.7822723097471589,0.7722723097471589,0.7822723097471589,0.7822723097471589,0.7822723097471589,0.7722723097471589,0.7822723097471589,0.7822723097471589
303,0.870312057309758,0.860312057309758,0.860312057309758,0.860312057309758,0.860312057309758,0.850312057309758,0.850312057309758,0.875312057309758,0.865312057309758,0.865312057309758,0.865312057309758,0.865312057309758,0.855312057309758
304,0.9155603244371132,0.9055603244371132,0.9255603244371132,0.9355603244371132,0.9555603244371133,0.9355603244371132,0.9255603244371132,0.9155603244371132,0.9355603244371132,0.9155603244371132,0.9255603244371132,0.9455603244371132,0.9455603244371132
305,0.8809824812824925,0.8809824812824925,0.8809824812824925,0.8509824812824924,0.8509824812824924,0.8659824812824924,0.8559824812824924,0.8659824812824924,0.8659824812824924,0.8659824812824924,0.8659824812824924,0.8859824812824925,0.8859824812824925
306,0.8336121328517693,0.8536121328517693,0.8536121328517693,0.8336121328517693,0.8436121328517693,0.8436121328517693,0.8436121328517693,0.8436121328517693,0.8536121328517693,0.8736121328517693,0.8736121328517693,0.8636121328517693,0.8486121328517693
307,0.8706760519950651,0.8706760519950651,0.8706760519950651,0.8706760519950651,0.9006760519950652,0.9106760519950652,0.9106760519950652,0.9056760519950652,0.8956760519950652,0.8756760519950652,0.8556760519950651,0.8656760519950651,0.8656760519950651
308,0.8622322251823683,0.8622322251823683,0.8622322251823683,0.8622322251823683,0.8422322251823683,0.8522322251823683,0.8522322251823683,0.8322322251823683,0.8522322251823683,0.8522322251823683,0.8522322251823683,0.8622322251823683,0.8722322251823683
309,0.8370195311860502,0.8270195311860502,0.8370195311860502,0.8370195311860502,0.8470195311860502,0.8170195311860502,0.7970195311860502,0.7970195311860502,0.8020195311860502,0.8020195311860502,0.8220195311860502,0.8120195311860502,0.8320195311860502
310,0.8936105330034825,0.8936105330034825,0.8636105330034825,0.8636105330034825,0.8636105330034825,0.8736105330034825,0.8836105330034825,0.8836105330034825,0.8736105330034825,0.8836105330034825,0.8636105330034825,0.8736105330034825,0.8836105330034825
311,0.895879586964069,0.885879586964069,0.885879586964069,0.885879586964069,0.855879586964069,0.855879586964069,0.860879586964069,0.860879586964069,0.870879586964069,0.890879586964069,0.910879586964069,0.920879586964069,0.900879586964069
312,0.8976622608402085,0.8776622608402085,0.8876622608402085,0.8776622608402085,0.8976622608402085,0.8976622608402085,0.8876622608402085,0.9076622608402085,0.8976622608402085,0.8976622608402085,0.8976622608402085,0.8976622608402085,0.8976622608402085
313,0.8509232090383884,0.8509232090383884,0.8409232090383884,0.8609232090383884,0.8509232090383884,0.8509232090383884,0.8709232090383884,0.8709232090383884,0.8609232090383884,0.8609232090383884,0.8509232090383884,0.8509232090383884,0.8509232090383884
314,0.8959309963439388,0.9059309963439388,0.9059309963439388,0.9059309963439388,0.9159309963439388,0.9159309963439388,0.9259309963439388,0.9359309963439388,0.9259309963439388,0.9109309963439388,0.9109309963439388,0.9109309963439388,0.9109309963439388
315,0.9434721544283361,0.9434721544283361,0.9434721544283361,0.9634721544283361,0.9834721544283361,0.9734721544283361,0.9584721544283361,0.9484721544283361,0.9284721544283361,0.9484721544283361,0.9384721544283361,0.9384721544283361,0.9384721544283361
316,0.9137005739583289,0.9037005739583289,0.9037005739583289,0.9137005739583289,0.953700573958329,0.948700573958329,0.948700573958329,0.948700573958329,0.928700573958329,0.928700573958329,0.8987005739583289,0.8987005739583289,0.9087005739583289
317,0.8131231902820357,0.8131231902820357,0.8231231902820357,0.8231231902820357,0.8231231902820357,0.8231231902820357,0.8231231902820357,0.8231231902820357,0.8131231902820357,0.8131231902820357,0.8131231902820357,0.8031231902820357,0.7931231902820357
318,0.9427004602873301,0.9027004602873301,0.9027004602873301,0.9227004602873301,0.9227004602873301,0.9427004602873301,0.9527004602873301,0.9527004602873301,0.9527004602873301,0.9327004602873301,0.9427004602873301,0.9527004602873301,0.9727004602873301
319,0.8615796532362723,0.8715796532362723,0.9015796532362723,0.8965796532362723,0.8865796532362723,0.8865796532362723,0.8865796532362723,0.8765796532362723,0.8665796532362723,0.8765796532362723,0.8865796532362723,0.8865796532362723,0.8665796532362723
320,0.8705156252923607,0.8705156252923607,0.8505156252923607,0.8305156252923607,0.8355156252923607,0.8355156252923607,0.8455156252923607,0.8555156252923607,0.8655156252923607,0.8555156252923607,0.8555156252923607,0.8855156252923607,0.8655156252923607
321,1.0,0.99,0.99,0.98,1.0,1.0,0.99,0.98,0.98,1.0,1.0,1.0,1.0
322,0.8800638935047518,0.8800638935047518,0.8900638935047518,0.8700638935047518,0.8700638935047518,0.8700638935047518,0.8800638935047518,0.9000638935047518,0.8900638935047518,0.8900638935047518,0.8800638935047518,0.8800638935047518,0.8800638935047518
323,0.8746108545060679,0.8846108545060679,0.8946108545060679,0.8946108545060679,0.9046108545060679,0.9046108545060679,0.9146108545060679,0.8946108545060679,0.8846108545060679,0.8846108545060679,0.8846108545060679,0.8846108545060679,0.8946108545060679
324,0.9082977437393275,0.9082977437393275,0.9182977437393275,0.9182977437393275,0.9282977437393275,0.9282977437393275,0.9182977437393275,0.9082977437393275,0.8982977437393275,0.9082977437393275,0.9282977437393275,0.9282977437393275,0.9182977437393275
325,0.8297930247833555,0.8397930247833555,0.8497930247833555,0.8597930247833555,0.8597930247833555,0.8497930247833555,0.8497930247833555,0.8497930247833555,0.8497930247833555,0.8397930247833555,0.8297930247833555,0.8297930247833555,0.8297930247833555
326,0.8830570088394876,0.8730570088394876,0.8730570088394876,0.8830570088394876,0.8730570088394876,0.8830570088394876,0.8930570088394876,0.8930570088394876,0.9030570088394876,0.8930570088394876,0.9030570088394876,0.9130570088394876,0.9130570088394876
327,0.8991329472574663,0.8991329472574663,0.8891329472574663,0.8891329472574663,0.8891329472574663,0.9091329472574663,0.8991329472574663,0.8891329472574663,0.8791329472574663,0.8591329472574663,0.8791329472574663,0.9191329472574663,0.9091329472574663
328,0.8674761988242322,0.8974761988242322,0.8974761988242322,0.8874761988242322,0.8974761988242322,0.8974761988242322,0.9074761988242322,0.9024761988242322,0.9024761988242322,0.8924761988242322,0.9024761988242322,0.8924761988242322,0.8924761988242322
329,0.8208539897008926,0.8108539897008926,0.8108539897008926,0.8108539897008926,0.8108539897008926,0.8208539897008926,0.8208539897008926,0.8208539897008926,0.8308539897008926,0.8308539897008926,0.8208539897008926,0.8308539897008926,0.8208539897008926
330,0.859043250932463,0.859043250932463,0.839043250932463,0.839043250932463,0.819043250932463,0.819043250932463,0.819043250932463,0.819043250932463,0.829043250932463,0.839043250932463,0.859043250932463,0.859043250932463,0.869043250932463
331,0.8368720820659568,0.8368720820659568,0.8368720820659568,0.8368720820659568,0.8568720820659568,0.8668720820659568,0.8468720820659568,0.8468720820659568,0.8468720820659568,0.8368720820659568,0.8368720820659568,0.8268720820659567,0.8368720820659568
332,0.8371326936868411,0.8371326936868411,0.8371326936868411,0.8471326936868411,0.8471326936868411,0.8471326936868411,0.8471326936868411,0.8471326936868411,0.8471326936868411,0.8571326936868411,0.8671326936868411,0.8671326936868411,0.8671326936868411
333,0.9024106000218135,0.9124106000218135,0.9124106000218135,0.9124106000218135,0.8824106000218135,0.8624106000218135,0.8624106000218135,0.8674106000218135,0.8674106000218135,0.8574106000218135,0.8574106000218135,0.8674106000218135,0.9074106000218135
334,0.8778038324410006,0.8578038324410006,0.8778038324410006,0.8678038324410006,0.8578038324410006,0.8878038324410006,0.8778038324410006,0.8678038324410006,0.8578038324410006,0.8578038324410006,0.8378038324410005,0.8578038324410006,0.8578038324410006
335,0.8454528379349934,0.8454528379349934,0.8554528379349934,0.8454528379349934,0.8354528379349934,0.8354528379349934,0.8354528379349934,0.8854528379349934,0.8854528379349934,0.8804528379349934,0.8804528379349934,0.8704528379349934,0.8704528379349934
336,0.865611728171228,0.855611728171228,0.845611728171228,0.835611728171228,0.835611728171228,0.835611728171228,0.835611728171228,0.835611728171228,0.835611728171228,0.850611728171228,0.880611728171228,0.880611728171228,0.880611728171228
337,0.8910522566806455,0.8910522566806455,0.8810522566806455,0.8710522566806455,0.8910522566806455,0.8910522566806455,0.9010522566806455,0.9010522566806455,0.9010522566806455,0.8910522566806455,0.8810522566806455,0.8610522566806454,0.8610522566806454
338,0.8198151304333917,0.8098151304333917,0.8098151304333917,0.8448151304333917,0.8648151304333918,0.8648151304333918,0.8648151304333918,0.8548151304333917,0.8548151304333917,0.8448151304333917,0.8648151304333918,0.8648151304333918,0.8648151304333918
339,0.8520311860838049,0.8520311860838049,0.8420311860838049,0.8420311860838049,0.8220311860838049,0.8220311860838049,0.8520311860838049,0.8520311860838049,0.8520311860838049,0.8320311860838049,0.8420311860838049,0.8420311860838049,0.8420311860838049
340,0.9051558330241654,0.9051558330241654,0.9151558330241654,0.9151558330241654,0.9151558330241654,0.9151558330241654,0.9251558330241654,0.9251558330241654,0.9151558330241654,0.9151558330241654,0.9151558330241654,0.9151558330241654,0.9251558330241654
341,0.849399757814454,0.869399757814454,0.859399757814454,0.849399757814454,0.849399757814454,0.869399757814454,0.869399757814454,0.859399757814454,0.859399757814454,0.829399757814454,0.829399757814454,0.829399757814454,0.829399757814454
342,0.8827691029730579,0.8827691029730579,0.8727691029730579,0.8827691029730579,0.8827691029730579,0.8927691029730579,0.8927691029730579,0.9127691029730579,0.9127691029730579,0.9227691029730579,0.9127691029730579,0.9227691029730579,0.9227691029730579
343,0.9051728597251474,0.9051728597251474,0.8951728597251474,0.8951728597251474,0.8751728597251474,0.8751728597251474,0.8851728597251474,0.9051728597251474,0.9051728597251474,0.9051728597251474,0.9151728597251474,0.9151728597251474,0.8851728597251474
344,0.8982894686630938,0.9182894686630938,0.8882894686630938,0.9082894686630938,0.9082894686630938,0.9182894686630938,0.9182894686630938,0.9082894686630938,0.8582894686630937,0.8632894686630938,0.8832894686630938,0.8832894686630938,0.8932894686630938
345,0.8440035595739506,0.8440035595739506,0.8540035595739506,0.8740035595739506,0.8740035595739506,0.8640035595739506,0.8640035595739506,0.8640035595739506,0.8390035595739506,0.8190035595739505,0.8290035595739506,0.8290035595739506,0.8490035595739506
346,0.8681867820652731,0.8681867820652731,0.8481867820652731,0.8681867820652731,0.8781867820652731,0.8781867820652731,0.8781867820652731,0.8781867820652731,0.8781867820652731,0.8681867820652731,0.8681867820652731,0.8481867820652731,0.8381867820652731
347,0.9322633015908529,0.9422633015908529,0.9422633015908529,0.9422633015908529,0.9322633015908529,0.9122633015908529,0.9122633015908529,0.9022633015908529,0.9022633015908529,0.9122633015908529,0.9022633015908529,0.9022633015908529,0.9122633015908529
348,0.9063007217696384,0.8963007217696384,0.8963007217696384,0.8963007217696384,0.8963007217696384,0.8963007217696384,0.8963007217696384,0.8963007217696384,0.8963007217696384,0.8963007217696384,0.8963007217696384,0.8963007217696384,0.8963007217696384
349,0.8922499475780847,0.8922499475780847,0.8922499475780847,0.8922499475780847,0.8922499475780847,0.8822499475780847,0.8822499475780847,0.8822499475780847,0.8822499475780847,0.8722499475780847,0.8622499475780847,0.8772499475780847,0.8772499475780847
350,0.8896635774740086,0.8796635774740086,0.8696635774740086,0.8896635774740086,0.8896635774740086,0.8996635774740086,0.8996635774740086,0.8796635774740086,0.8896635774740086,0.8896635774740086,0.8896635774740086,0.8796635774740086,0.8796635774740086
351,0.8437787560514164,0.8437787560514164,0.8537787560514164,0.8437787560514164,0.8537787560514164,0.8537787560514164,0.8637787560514164,0.8437787560514164,0.8437787560514164,0.8637787560514164,0.8637787560514164,0.8637787560514164,0.8537787560514164
352,0.8725028514776608,0.8725028514776608,0.8625028514776608,0.8425028514776608,0.8425028514776608,0.8525028514776608,0.8525028514776608,0.8725028514776608,0.8625028514776608,0.8625028514776608,0.8625028514776608,0.8425028514776608,0.8425028514776608
353,0.8547954881125299,0.8447954881125299,0.8447954881125299,0.8447954881125299,0.8347954881125299,0.8447954881125299,0.8347954881125299,0.8347954881125299,0.8247954881125299,0.8247954881125299,0.8147954881125299,0.8197954881125299,0.8197954881125299
354,0.775291938834981,0.775291938834981,0.775291938834981,0.755291938834981,0.755291938834981,0.785291938834981,0.765291938834981,0.765291938834981,0.765291938834981,0.765291938834981,0.785291938834981,0.785291938834981,0.785291938834981
355,0.8734850945535559,0.883485094553556,0.8634850945535559,0.8734850945535559,0.893485094553556,0.893485094553556,0.893485094553556,0.893485094553556,0.883485094553556,0.883485094553556,0.8734850945535559,0.8734850945535559,0.8634850945535559
356,0.8117489988274817,0.8217489988274818,0.8517489988274818,0.8417489988274818,0.8217489988274818,0.8217489988274818,0.8117489988274817,0.8017489988274817,0.7917489988274817,0.7817489988274817,0.7717489988274817,0.7817489988274817,0.7717489988274817
357,0.8186698937926558,0.8386698937926558,0.8486698937926558,0.8486698937926558,0.8386698937926558,0.8386698937926558,0.8386698937926558,0.8286698937926558,0.8286698937926558,0.8186698937926558,0.8086698937926557,0.8086698937926557,0.8086698937926557
358,0.8902326759413326,0.8902326759413326,0.9102326759413326,0.9202326759413326,0.9202326759413326,0.9202326759413326,0.9302326759413326,0.9252326759413326,0.9152326759413326,0.8952326759413326,0.8952326759413326,0.8952326759413326,0.9152326759413326
359,0.8512205453294388,0.8312205453294388,0.8312205453294388,0.8312205453294388,0.8312205453294388,0.8512205453294388,0.8412205453294388,0.8512205453294388,0.8512205453294388,0.8412205453294388,0.8512205453294388,0.8612205453294388,0.8612205453294388
360,0.9051220671372202,0.8951220671372202,0.9151220671372202,0.8951220671372202,0.8851220671372202,0.8951220671372202,0.8951220671372202,0.8951220671372202,0.8951220671372202,0.8951220671372202,0.8951220671372202,0.8851220671372202,0.8751220671372202
361,0.8112160207818462,0.8212160207818462,0.8212160207818462,0.8212160207818462,0.8212160207818462,0.8312160207818462,0.8512160207818462,0.8512160207818462,0.8412160207818462,0.8412160207818462,0.8412160207818462,0.8262160207818462,0.8162160207818462
362,0.8390387497830564,0.8390387497830564,0.8390387497830564,0.8290387497830564,0.8290387497830564,0.8290387497830564,0.8190387497830564,0.8390387497830564,0.8490387497830564,0.8490387497830564,0.8390387497830564,0.8390387497830564,0.8490387497830564
363,0.919833245813828,0.909833245813828,0.909833245813828,0.8798332458138279,0.8848332458138279,0.904833245813828,0.914833245813828,0.924833245813828,0.914833245813828,0.914833245813828,0.924833245813828,0.904833245813828,0.914833245813828
364,0.7964887541259872,0.7864887541259872,0.7964887541259872,0.7864887541259872,0.7864887541259872,0.7864887541259872,0.7864887541259872,0.7764887541259872,0.7964887541259872,0.7764887541259872,0.7964887541259872,0.7964887541259872,0.7864887541259872
365,0.819858294976998,0.819858294976998,0.809858294976998,0.809858294976998,0.819858294976998,0.829858294976998,0.809858294976998,0.809858294976998,0.809858294976998,0.819858294976998,0.789858294976998,0.799858294976998,0.819858294976998
366,0.8540245853660597,0.8540245853660597,0.8640245853660597,0.8740245853660598,0.8540245853660597,0.8940245853660598,0.8640245853660597,0.8640245853660597,0.8640245853660597,0.8540245853660597,0.8440245853660597,0.8440245853660597,0.8340245853660597
367,0.9154114720675023,0.9254114720675023,0.9254114720675023,0.9254114720675023,0.9254114720675023,0.9254114720675023,0.9154114720675023,0.9254114720675023,0.9454114720675023,0.9354114720675023,0.9454114720675023,0.9254114720675023,0.9354114720675023
368,0.8858083928998346,0.8458083928998346,0.8658083928998346,0.8658083928998346,0.8758083928998346,0.9058083928998346,0.9258083928998346,0.9208083928998346,0.9208083928998346,0.9308083928998346,0.9208083928998346,0.9008083928998346,0.9108083928998346
369,0.8196178971226121,0.8096178971226121,0.8096178971226121,0.8096178971226121,0.8096178971226121,0.8196178971226121,0.8196178971226121,0.8196178971226121,0.8296178971226121,0.8296178971226121,0.8496178971226122,0.8496178971226122,0.8596178971226122
370,0.8053916047032459,0.8053916047032459,0.8053916047032459,0.8053916047032459,0.8053916047032459,0.7853916047032459,0.7653916047032459,0.7703916047032459,0.7803916047032459,0.7903916047032459,0.7903916047032459,0.7703916047032459,0.7803916047032459
371,0.8188252692357068,0.8088252692357067,0.8088252692357067,0.8188252692357068,0.8188252692357068,0.7888252692357067,0.8088252692357067,0.7988252692357067,0.7888252692357067,0.7888252692357067,0.7788252692357067,0.7788252692357067,0.7788252692357067
372,0.9314555040457402,0.9514555040457402,0.9414555040457402,0.9314555040457402,0.9314555040457402,0.9314555040457402,0.9314555040457402,0.9314555040457402,0.9514555040457402,0.9614555040457402,0.9614555040457402,0.9614555040457402,0.9464555040457402
373,0.8595620165536695,0.8595620165536695,0.8495620165536695,0.8395620165536695,0.8395620165536695,0.8495620165536695,0.8295620165536695,0.8295620165536695,0.8295620165536695,0.8295620165536695,0.8395620165536695,0.8195620165536694,0.8195620165536694
374,0.8233111772092258,0.8333111772092258,0.8333111772092258,0.8233111772092258,0.8033111772092257,0.8033111772092257,0.7833111772092257,0.7833111772092257,0.7883111772092257,0.7883111772092257,0.8183111772092257,0.8183111772092257,0.8083111772092257
375,0.9302730402396324,0.9202730402396324,0.9202730402396324,0.9302730402396324,0.9302730402396324,0.9502730402396324,0.9502730402396324,0.9502730402396324,0.9302730402396324,0.9202730402396324,0.9202730402396324,0.9302730402396324,0.9202730402396324
376,0.8951797763218092,0.8851797763218092,0.8851797763218092,0.8851797763218092,0.9051797763218092,0.9051797763218092,0.8851797763218092,0.8851797763218092,0.8951797763218092,0.9051797763218092,0.9151797763218092,0.9251797763218093,0.9251797763218093
377,0.8110965680128142,0.8110965680128142,0.8010965680128141,0.7710965680128141,0.7810965680128141,0.7810965680128141,0.7960965680128141,0.7960965680128141,0.7860965680128141,0.7860965680128141,0.7860965680128141,0.8060965680128142,0.7960965680128141
378,0.8512514759380881,0.8512514759380881,0.8512514759380881,0.8412514759380881,0.8512514759380881,0.8612514759380882,0.8712514759380882,0.8712514759380882,0.8912514759380882,0.8812514759380882,0.8812514759380882,0.8912514759380882,0.8812514759380882
379,0.8504440290794637,0.8704440290794637,0.8704440290794637,0.8504440290794637,0.8504440290794637,0.8504440290794637,0.8504440290794637,0.8304440290794637,0.8204440290794637,0.8204440290794637,0.8204440290794637,0.8204440290794637,0.8304440290794637
380,0.9024910617954716,0.9224910617954716,0.9324910617954716,0.9224910617954716,0.9224910617954716,0.9124910617954716,0.9224910617954716,0.9324910617954716,0.9324910617954716,0.9324910617954716,0.9324910617954716,0.9174910617954716,0.8974910617954716
381,0.897870970220744,0.867870970220744,0.867870970220744,0.857870970220744,0.867870970220744,0.882870970220744,0.892870970220744,0.872870970220744,0.892870970220744,0.872870970220744,0.872870970220744,0.872870970220744,0.872870970220744
382,0.891520623632502,0.891520623632502,0.891520623632502,0.921520623632502,0.921520623632502,0.921520623632502,0.901520623632502,0.8815206236325019,0.8815206236325019,0.8815206236325019,0.8815206236325019,0.8815206236325019,0.8715206236325019
383,0.8487395923924792,0.8687395923924792,0.8687395923924792,0.8487395923924792,0.8387395923924792,0.8287395923924792,0.8387395923924792,0.8287395923924792,0.8187395923924792,0.8287395923924792,0.8487395923924792,0.8587395923924792,0.8887395923924792
384,0.9105144147244197,0.9305144147244198,0.9305144147244198,0.9405144147244198,0.9405144147244198,0.9255144147244198,0.9255144147244198,0.9255144147244198,0.9155144147244197,0.8955144147244197,0.8955144147244197,0.8955144147244197,0.8755144147244197
385,0.8625932931003378,0.8625932931003378,0.8625932931003378,0.8525932931003378,0.8325932931003378,0.8325932931003378,0.8225932931003378,0.8225932931003378,0.8425932931003378,0.8525932931003378,0.8625932931003378,0.8325932931003378,0.8325932931003378
386,0.8844514403996306,0.8944514403996306,0.9044514403996307,0.9044514403996307,0.9044514403996307,0.9144514403996307,0.8994514403996307,0.8694514403996306,0.8694514403996306,0.8494514403996306,0.8494514403996306,0.8494514403996306,0.8494514403996306
387,0.8058877561888486,0.8058877561888486,0.8058877561888486,0.7758877561888485,0.7958877561888485,0.8158877561888486,0.8258877561888486,0.8458877561888486,0.8408877561888486,0.8308877561888486,0.8308877561888486,0.8408877561888486,0.8408877561888486
388,0.8988720293172647,0.8788720293172647,0.8588720293172647,0.8588720293172647,0.8588720293172647,0.8588720293172647,0.8588720293172647,0.8588720293172647,0.8788720293172647,0.8688720293172647,0.8688720293172647,0.8588720293172647,0.8588720293172647
389,0.8992219327271046,0.8792219327271046,0.8892219327271046,0.8592219327271046,0.8592219327271046,0.8692219327271046,0.8692219327271046,0.8792219327271046,0.8692219327271046,0.8692219327271046,0.8592219327271046,0.8592219327271046,0.8592219327271046
390,0.8376517219111189,0.8376517219111189,0.8176517219111189,0.8176517219111189,0.8076517219111189,0.8176517219111189,0.8426517219111189,0.8426517219111189,0.8426517219111189,0.8426517219111189,0.8626517219111189,0.8526517219111189,0.8326517219111189
391,0.8976070371103736,0.8776070371103736,0.8776070371103736,0.8776070371103736,0.8776070371103736,0.8576070371103736,0.8576070371103736,0.8576070371103736,0.8776070371103736,0.8776070371103736,0.8676070371103736,0.8576070371103736,0.8576070371103736
392,0.9019886072183447,0.8919886072183447,0.8819886072183447,0.9019886072183447,0.9019886072183447,0.9019886072183447,0.8919886072183447,0.8819886072183447,0.8819886072183447,0.8919886072183447,0.8719886072183447,0.8819886072183447,0.8819886072183447
393,0.9137328401442817,0.9137328401442817,0.8937328401442817,0.8937328401442817,0.9137328401442817,0.9137328401442817,0.9137328401442817,0.9037328401442817,0.9037328401442817,0.9037328401442817,0.9237328401442817,0.9337328401442817,0.9237328401442817
394,0.8841460472086262,0.8841460472086262,0.8941460472086262,0.8941460472086262,0.8841460472086262,0.8841460472086262,0.8841460472086262,0.8841460472086262,0.8941460472086262,0.9041460472086262,0.9241460472086263,0.9241460472086263,0.9141460472086262
395,0.7916715582349695,0.7916715582349695,0.8016715582349695,0.8216715582349695,0.8116715582349695,0.8016715582349695,0.7916715582349695,0.7916715582349695,0.7616715582349695,0.7716715582349695,0.7716715582349695,0.7716715582349695,0.7616715582349695
396,0.9182060604878404,0.9182060604878404,0.9082060604878404,0.9182060604878404,0.9182060604878404,0.9182060604878404,0.9282060604878404,0.9182060604878404,0.9182060604878404,0.8982060604878404,0.8982060604878404,0.8982060604878404,0.8882060604878403
397,0.9117532275706314,0.9117532275706314,0.9017532275706314,0.9117532275706314,0.9117532275706314,0.9117532275706314,0.9217532275706314,0.9217532275706314,0.9217532275706314,0.9017532275706314,0.9017532275706314,0.9117532275706314,0.9117532275706314
398,0.9412584001781836,0.9212584001781836,0.9212584001781836,0.9212584001781836,0.9212584001781836,0.9312584001781836,0.9312584001781836,0.9712584001781837,0.9812584001781837,0.9812584001781837,0.9712584001781837,0.9712584001781837,0.9712584001781837
399,0.8519891481716733,0.8719891481716733,0.8719891481716733,0.8619891481716733,0.8519891481716733,0.8319891481716732,0.8319891481716732,0.8319891481716732,0.8319891481716732,0.8319891481716732,0.8319891481716732,0.8219891481716732,0.8219891481716732
400,0.8902401278412019,0.8802401278412019,0.8602401278412019,0.8702401278412019,0.8702401278412019,0.8602401278412019,0.8702401278412019,0.9002401278412019,0.8702401278412019,0.8602401278412019,0.8752401278412019,0.8952401278412019,0.9052401278412019
401,0.8285324623778427,0.8385324623778427,0.8385324623778427,0.8385324623778427,0.8385324623778427,0.8685324623778428,0.8685324623778428,0.8635324623778428,0.8635324623778428,0.8435324623778427,0.8335324623778427,0.8435324623778427,0.8435324623778427
402,0.833081915729991,0.833081915729991,0.833081915729991,0.833081915729991,0.823081915729991,0.813081915729991,0.803081915729991,0.818081915729991,0.828081915729991,0.838081915729991,0.828081915729991,0.828081915729991,0.838081915729991
403,0.8585148154449368,0.8585148154449368,0.8685148154449368,0.8685148154449368,0.8685148154449368,0.8685148154449368,0.8685148154449368,0.8685148154449368,0.8485148154449368,0.8485148154449368,0.8385148154449368,0.8185148154449368,0.8185148154449368
404,0.8328167805227259,0.8228167805227259,0.8228167805227259,0.8228167805227259,0.8228167805227259,0.8228167805227259,0.8128167805227259,0.8028167805227259,0.8028167805227259,0.8128167805227259,0.8128167805227259,0.8028167805227259,0.8128167805227259
405,0.9040625499403047,0.9140625499403047,0.9040625499403047,0.9040625499403047,0.8740625499403046,0.8890625499403046,0.8890625499403046,0.8890625499403046,0.8890625499403046,0.8990625499403047,0.8990625499403047,0.9090625499403047,0.9090625499403047
406,0.7783528440248524,0.7783528440248524,0.7883528440248524,0.7883528440248524,0.7883528440248524,0.7883528440248524,0.7783528440248524,0.7883528440248524,0.7883528440248524,0.7883528440248524,0.7983528440248524,0.8083528440248524,0.8083528440248524
407,0.8636666718487509,0.8636666718487509,0.8436666718487509,0.8436666718487509,0.8336666718487509,0.8436666718487509,0.8436666718487509,0.8536666718487509,0.8536666718487509,0.8536666718487509,0.8736666718487509,0.9036666718487509,0.8986666718487509
408,0.8006607319733746,0.8006607319733746,0.8006607319733746,0.7906607319733746,0.7706607319733746,0.7706607319733746,0.7606607319733746,0.7656607319733746,0.7656607319733746,0.7756607319733746,0.7756607319733746,0.7756607319733746,0.7856607319733746
409,0.8876024493194394,0.8876024493194394,0.8476024493194394,0.8526024493194394,0.8626024493194394,0.8726024493194394,0.8726024493194394,0.8726024493194394,0.8826024493194394,0.8926024493194394,0.8926024493194394,0.8926024493194394,0.8926024493194394
410,0.8689242050152167,0.8689242050152167,0.8989242050152167,0.8989242050152167,0.8889242050152167,0.8889242050152167,0.8689242050152167,0.8589242050152167,0.8789242050152167,0.8889242050152167,0.8989242050152167,0.8989242050152167,0.8889242050152167
411,0.8539567130204766,0.8639567130204766,0.8839567130204766,0.8839567130204766,0.8689567130204766,0.8589567130204766,0.8489567130204766,0.8489567130204766,0.8489567130204766,0.8489567130204766,0.8689567130204766,0.8589567130204766,0.8689567130204766
412,0.8791633139494791,0.8891633139494791,0.8891633139494791,0.8891633139494791,0.8691633139494791,0.8691633139494791,0.8791633139494791,0.8891633139494791,0.8891633139494791,0.8991633139494791,0.8791633139494791,0.8991633139494791,0.9191633139494791
413,0.8768831839995057,0.8868831839995057,0.9068831839995057,0.9068831839995057,0.9168831839995057,0.9118831839995057,0.9018831839995057,0.9118831839995057,0.9018831839995057,0.8818831839995057,0.8918831839995057,0.8918831839995057,0.9018831839995057
414,0.8941306942718991,0.8941306942718991,0.9041306942718991,0.8941306942718991,0.884130694271899,0.884130694271899,0.884130694271899,0.9041306942718991,0.8941306942718991,0.9041306942718991,0.9141306942718991,0.9141306942718991,0.9041306942718991
415,0.8575324277193743,0.8675324277193743,0.8375324277193743,0.8375324277193743,0.8375324277193743,0.8375324277193743,0.8375324277193743,0.8275324277193743,0.8175324277193743,0.8175324277193743,0.8175324277193743,0.8175324277193743,0.8375324277193743
416,0.8778316280881837,0.8878316280881837,0.8978316280881837,0.8978316280881837,0.8978316280881837,0.9078316280881837,0.8978316280881837,0.8978316280881837,0.8778316280881837,0.8878316280881837,0.9178316280881837,0.9078316280881837,0.8928316280881837
417,0.8880383296939015,0.8880383296939015,0.8880383296939015,0.8880383296939015,0.8680383296939015,0.8680383296939015,0.8980383296939015,0.8980383296939015,0.9080383296939015,0.9080383296939015,0.8880383296939015,0.8980383296939015,0.8980383296939015
418,0.8759018019636815,0.8759018019636815,0.8759018019636815,0.8959018019636815,0.9059018019636815,0.9059018019636815,0.9059018019636815,0.8959018019636815,0.8959018019636815,0.8659018019636815,0.8359018019636815,0.8359018019636815,0.8359018019636815
419,0.906830540564059,0.916830540564059,0.916830540564059,0.916830540564059,0.916830540564059,0.916830540564059,0.936830540564059,0.906830540564059,0.906830540564059,0.906830540564059,0.876830540564059,0.876830540564059,0.886830540564059
420,0.8542758830993343,0.8642758830993343,0.8642758830993343,0.8542758830993343,0.8542758830993343,0.8542758830993343,0.8642758830993343,0.8442758830993343,0.8342758830993343,0.8342758830993343,0.8242758830993343,0.8142758830993343,0.8242758830993343
421,0.8728502063575014,0.8528502063575014,0.8528502063575014,0.8628502063575014,0.8628502063575014,0.8628502063575014,0.8828502063575014,0.8828502063575014,0.8728502063575014,0.8728502063575014,0.8828502063575014,0.8728502063575014,0.8728502063575014
422,0.8356066175897897,0.8256066175897897,0.8356066175897897,0.8356066175897897,0.8456066175897897,0.8456066175897897,0.8556066175897897,0.8456066175897897,0.8456066175897897,0.8356066175897897,0.8456066175897897,0.8256066175897897,0.8256066175897897
423,0.8873615226413741,0.8873615226413741,0.8973615226413741,0.8873615226413741,0.8873615226413741,0.8773615226413741,0.8773615226413741,0.8773615226413741,0.8773615226413741,0.8773615226413741,0.8773615226413741,0.8773615226413741,0.8773615226413741
424,0.8631447108293508,0.8531447108293508,0.8531447108293508,0.8531447108293508,0.8431447108293508,0.8431447108293508,0.8331447108293508,0.8331447108293508,0.8331447108293508,0.8231447108293508,0.8231447108293508,0.8231447108293508,0.8281447108293508
425,0.931020350741748,0.9410203507417481,0.9610203507417481,0.9610203507417481,0.9610203507417481,0.9610203507417481,0.9610203507417481,0.9710203507417481,0.9660203507417481,0.9560203507417481,0.9660203507417481,0.9660203507417481,0.9460203507417481
426,0.8555228529380269,0.8555228529380269,0.8555228529380269,0.8555228529380269,0.8455228529380269,0.8155228529380268,0.8155228529380268,0.8155228529380268,0.8155228529380268,0.8155228529380268,0.8155228529380268,0.8155228529380268,0.8255228529380269
427,0.8736047529793223,0.8736047529793223,0.8736047529793223,0.8736047529793223,0.8836047529793223,0.8836047529793223,0.9036047529793223,0.9136047529793223,0.8936047529793223,0.9036047529793223,0.8936047529793223,0.8836047529793223,0.9036047529793223
428,0.7568945956464438,0.7568945956464438,0.7668945956464438,0.7668945956464438,0.7768945956464438,0.7768945956464438,0.7768945956464438,0.7768945956464438,0.7968945956464438,0.7968945956464438,0.7918945956464438,0.7818945956464438,0.7818945956464438
429,0.8424036255406554,0.8424036255406554,0.8524036255406554,0.8524036255406554,0.8424036255406554,0.8324036255406554,0.8224036255406554,0.8224036255406554,0.8124036255406554,0.8274036255406554,0.8374036255406554,0.8474036255406554,0.8474036255406554
430,0.8536359617711099,0.8536359617711099,0.8436359617711099,0.8236359617711099,0.8236359617711099,0.8436359617711099,0.8336359617711099,0.8336359617711099,0.8236359617711099,0.8386359617711099,0.8386359617711099,0.8286359617711099,0.8286359617711099
431,0.7964881734529045,0.7764881734529044,0.7764881734529044,0.7664881734529044,0.7664881734529044,0.7664881734529044,0.7664881734529044,0.7664881734529044,0.7764881734529044,0.8064881734529045,0.8364881734529045,0.8164881734529045,0.8364881734529045
432,0.8299200318291505,0.8399200318291505,0.8299200318291505,0.8399200318291505,0.8399200318291505,0.8299200318291505,0.8299200318291505,0.8399200318291505,0.8099200318291505,0.8099200318291505,0.8199200318291505,0.8199200318291505,0.8299200318291505
433,0.8615219477296341,0.8515219477296341,0.8615219477296341,0.8315219477296341,0.8315219477296341,0.821521947729634,0.821521947729634,0.826521947729634,0.826521947729634,0.826521947729634,0.8365219477296341,0.8365219477296341,0.8465219477296341
434,0.802264085789499,0.802264085789499,0.802264085789499,0.802264085789499,0.812264085789499,0.8322640857894991,0.812264085789499,0.812264085789499,0.802264085789499,0.802264085789499,0.812264085789499,0.782264085789499,0.782264085789499
435,0.8750174235188672,0.8850174235188673,0.8850174235188673,0.8850174235188673,0.8750174235188672,0.8450174235188672,0.8450174235188672,0.8650174235188672,0.8750174235188672,0.8950174235188673,0.8950174235188673,0.9050174235188673,0.8850174235188673
436,0.9123683907983579,0.9123683907983579,0.8723683907983578,0.8723683907983578,0.8723683907983578,0.8823683907983578,0.8823683907983578,0.8923683907983578,0.9023683907983578,0.8923683907983578,0.8923683907983578,0.8923683907983578,0.9023683907983578
437,0.8637077064295997,0.8637077064295997,0.8737077064295997,0.8937077064295997,0.9037077064295997,0.8987077064295997,0.8887077064295997,0.8887077064295997,0.8887077064295997,0.8987077064295997,0.8987077064295997,0.8887077064295997,0.8787077064295997
438,0.8721535455742414,0.8621535455742414,0.8721535455742414,0.8721535455742414,0.8721535455742414,0.8721535455742414,0.8421535455742414,0.8521535455742414,0.8321535455742414,0.8321535455742414,0.8321535455742414,0.8321535455742414,0.8371535455742414
439,0.9618484904867471,0.9618484904867471,0.9618484904867471,0.9618484904867471,0.9818484904867472,0.9718484904867472,0.9718484904867472,0.9718484904867472,0.9718484904867472,0.9618484904867471,0.9518484904867471,0.9618484904867471,0.9718484904867472
440,0.8410266043535,0.8610266043535,0.8610266043535,0.8610266043535,0.8610266043535,0.8610266043535,0.8610266043535,0.8710266043535,0.8710266043535,0.8810266043535,0.8760266043535,0.8660266043535,0.8460266043535
441,0.9076389791154964,0.9076389791154964,0.9276389791154964,0.9276389791154964,0.9276389791154964,0.9276389791154964,0.9276389791154964,0.9476389791154964,0.9476389791154964,0.9476389791154964,0.9476389791154964,0.9276389791154964,0.9176389791154964
442,0.8267832630205781,0.8267832630205781,0.8267832630205781,0.8267832630205781,0.8167832630205781,0.8167832630205781,0.8567832630205782,0.8417832630205782,0.8517832630205782,0.8417832630205782,0.8317832630205781,0.8317832630205781,0.8417832630205782
443,0.860530802901756,0.860530802901756,0.870530802901756,0.860530802901756,0.860530802901756,0.880530802901756,0.880530802901756,0.880530802901756,0.890530802901756,0.890530802901756,0.890530802901756,0.890530802901756,0.870530802901756
444,0.8309781711186888,0.8109781711186888,0.8209781711186888,0.8209781711186888,0.8109781711186888,0.8109781711186888,0.8409781711186888,0.8609781711186888,0.8509781711186888,0.8609781711186888,0.8509781711186888,0.8509781711186888,0.8509781711186888
445,0.9355691965791804,0.9555691965791804,0.9755691965791804,0.9655691965791804,0.9505691965791804,0.9605691965791804,0.9405691965791804,0.9405691965791804,0.9605691965791804,0.9505691965791804,0.9505691965791804,0.9505691965791804,0.9505691965791804
446,0.8540640053645514,0.8540640053645514,0.8640640053645514,0.8740640053645514,0.8490640053645514,0.8490640053645514,0.8290640053645514,0.8190640053645514,0.8290640053645514,0.8190640053645514,0.8090640053645514,0.8090640053645514,0.8090640053645514
447,0.8212056508191539,0.8212056508191539,0.8212056508191539,0.8212056508191539,0.8512056508191539,0.8412056508191539,0.8612056508191539,0.8562056508191539,0.8662056508191539,0.8662056508191539,0.8562056508191539,0.8362056508191539,0.8562056508191539
448,0.8877300227497379,0.8877300227497379,0.8877300227497379,0.9077300227497379,0.9077300227497379,0.8877300227497379,0.8977300227497379,0.8977300227497379,0.9177300227497379,0.9177300227497379,0.8977300227497379,0.9077300227497379,0.9177300227497379
449,0.8514125972841786,0.8514125972841786,0.8614125972841786,0.8714125972841786,0.8714125972841786,0.8714125972841786,0.8814125972841786,0.8814125972841786,0.8714125972841786,0.8614125972841786,0.8514125972841786,0.8414125972841786,0.8214125972841786
450,0.8668418117401727,0.8468418117401727,0.8468418117401727,0.8768418117401727,0.8868418117401727,0.8868418117401727,0.8868418117401727,0.8868418117401727,0.8868418117401727,0.8668418117401727,0.8768418117401727,0.8968418117401727,0.8818418117401727
451,0.8573143002297038,0.8473143002297038,0.8673143002297038,0.8673143002297038,0.8673143002297038,0.8673143002297038,0.8673143002297038,0.8673143002297038,0.8673143002297038,0.8873143002297038,0.8873143002297038,0.8873143002297038,0.8973143002297038
452,0.8869325253593315,0.8869325253593315,0.8869325253593315,0.8869325253593315,0.8669325253593315,0.8669325253593315,0.8969325253593315,0.8969325253593315,0.8969325253593315,0.9069325253593316,0.8969325253593315,0.8969325253593315,0.9069325253593316
453,0.8751699156517982,0.8751699156517982,0.8751699156517982,0.8451699156517982,0.8451699156517982,0.8351699156517982,0.8351699156517982,0.8351699156517982,0.8651699156517982,0.8651699156517982,0.8451699156517982,0.8451699156517982,0.8551699156517982
454,0.7613152174233557,0.7513152174233557,0.7513152174233557,0.7613152174233557,0.7613152174233557,0.7713152174233557,0.7513152174233557,0.7413152174233557,0.7513152174233557,0.7613152174233557,0.7413152174233557,0.7413152174233557,0.7413152174233557
455,0.8200460968978112,0.8200460968978112,0.8200460968978112,0.8200460968978112,0.8400460968978112,0.8400460968978112,0.8400460968978112,0.8500460968978112,0.8400460968978112,0.8400460968978112,0.8400460968978112,0.8400460968978112,0.8400460968978112
456,0.8838518108669022,0.8838518108669022,0.8938518108669022,0.8838518108669022,0.8838518108669022,0.8838518108669022,0.8838518108669022,0.8938518108669022,0.9038518108669022,0.9038518108669022,0.9238518108669023,0.9188518108669023,0.9188518108669023
457,0.94330517842729,0.95330517842729,0.94330517842729,0.93330517842729,0.93330517842729,0.93330517842729,0.94330517842729,0.93330517842729,0.96330517842729,0.96330517842729,0.96330517842729,0.96330517842729,0.96330517842729
458,0.8656469683440277,0.8556469683440276,0.8556469683440276,0.8556469683440276,0.8656469683440277,0.8556469683440276,0.8556469683440276,0.8356469683440276,0.8256469683440276,0.8306469683440276,0.8306469683440276,0.8306469683440276,0.8306469683440276
459,0.8762471686826339,0.8762471686826339,0.8862471686826339,0.8962471686826339,0.8962471686826339,0.8862471686826339,0.8762471686826339,0.8762471686826339,0.8762471686826339,0.8962471686826339,0.9062471686826339,0.9062471686826339,0.8962471686826339
460,0.8919094197814946,0.8819094197814946,0.8819094197814946,0.8919094197814946,0.9019094197814946,0.8819094197814946,0.8819094197814946,0.8919094197814946,0.8919094197814946,0.9019094197814946,0.9019094197814946,0.9219094197814947,0.9219094197814947
461,0.9680199875542428,0.9680199875542428,0.9380199875542428,0.9530199875542428,0.9430199875542428,0.9430199875542428,0.9430199875542428,0.9330199875542428,0.9430199875542428,0.9530199875542428,0.9530199875542428,0.9330199875542428,0.9530199875542428
462,0.9186441204578618,0.9186441204578618,0.9086441204578618,0.9086441204578618,0.9086441204578618,0.9086441204578618,0.9186441204578618,0.9086441204578618,0.9086441204578618,0.9086441204578618,0.9186441204578618,0.9186441204578618,0.9286441204578618
463,0.8377012059453256,0.8377012059453256,0.8277012059453256,0.8477012059453256,0.8777012059453256,0.8777012059453256,0.8677012059453256,0.8677012059453256,0.8577012059453256,0.8577012059453256,0.8577012059453256,0.8577012059453256,0.8477012059453256
464,0.8588456818327082,0.8888456818327082,0.8738456818327082,0.8838456818327082,0.8638456818327082,0.8638456818327082,0.8738456818327082,0.8738456818327082,0.8738456818327082,0.8738456818327082,0.8638456818327082,0.8738456818327082,0.8638456818327082
465,0.7615502711920235,0.7715502711920235,0.7615502711920235,0.8015502711920235,0.8015502711920235,0.7915502711920235,0.7615502711920235,0.7715502711920235,0.7715502711920235,0.7615502711920235,0.7515502711920234,0.7315502711920234,0.7315502711920234
466,0.8569306295153004,0.8269306295153004,0.8369306295153004,0.8369306295153004,0.8169306295153004,0.8219306295153004,0.8219306295153004,0.8419306295153004,0.8719306295153004,0.8819306295153004,0.8919306295153004,0.8819306295153004,0.8619306295153004
467,0.8538417518294523,0.8438417518294523,0.8438417518294523,0.8538417518294523,0.8538417518294523,0.8538417518294523,0.8438417518294523,0.8338417518294523,0.8438417518294523,0.8538417518294523,0.8338417518294523,0.8338417518294523,0.8338417518294523
468,0.8096370600678607,0.8096370600678607,0.8196370600678607,0.8096370600678607,0.8096370600678607,0.8296370600678608,0.8096370600678607,0.8196370600678607,0.8196370600678607,0.8196370600678607,0.8296370600678608,0.8296370600678608,0.8096370600678607
469,0.8239357044910749,0.8239357044910749,0.8239357044910749,0.8139357044910749,0.8339357044910749,0.8339357044910749,0.8339357044910749,0.8439357044910749,0.8339357044910749,0.8339357044910749,0.8239357044910749,0.8339357044910749,0.8239357044910749
470,0.8406085936357137,0.8406085936357137,0.8406085936357137,0.8306085936357137,0.8606085936357137,0.8606085936357137,0.8606085936357137,0.8506085936357137,0.8506085936357137,0.8406085936357137,0.8406085936357137,0.8206085936357137,0.8206085936357137
471,0.8998906202698883,0.8898906202698883,0.8798906202698883,0.8798906202698883,0.8798906202698883,0.8798906202698883,0.8898906202698883,0.8898906202698883,0.8898906202698883,0.8898906202698883,0.8898906202698883,0.8898906202698883,0.8898906202698883
472,0.8688996728098175,0.8588996728098175,0.8488996728098175,0.8588996728098175,0.8388996728098175,0.8538996728098175,0.8738996728098175,0.8838996728098175,0.9138996728098175,0.9138996728098175,0.9138996728098175,0.8838996728098175,0.8838996728098175
473,0.9163789699981839,0.9263789699981839,0.9163789699981839,0.9163789699981839,0.9163789699981839,0.9263789699981839,0.9263789699981839,0.9163789699981839,0.9263789699981839,0.9163789699981839,0.9163789699981839,0.9163789699981839,0.9263789699981839
474,0.9396629521142668,0.9196629521142667,0.9296629521142667,0.9596629521142668,0.9596629521142668,0.9396629521142668,0.9296629521142667,0.9396629521142668,0.9396629521142668,0.9496629521142668,0.9496629521142668,0.9196629521142667,0.9196629521142667
475,0.845728886018964,0.835728886018964,0.825728886018964,0.835728886018964,0.835728886018964,0.825728886018964,0.815728886018964,0.825728886018964,0.845728886018964,0.855728886018964,0.855728886018964,0.875728886018964,0.875728886018964
476,0.8247635693268582,0.8247635693268582,0.8247635693268582,0.8147635693268582,0.8147635693268582,0.8147635693268582,0.8147635693268582,0.8247635693268582,0.8247635693268582,0.8347635693268582,0.8247635693268582,0.8047635693268582,0.8347635693268582
477,0.852709268297055,0.872709268297055,0.882709268297055,0.892709268297055,0.892709268297055,0.872709268297055,0.862709268297055,0.852709268297055,0.852709268297055,0.852709268297055,0.872709268297055,0.872709268297055,0.882709268297055
478,0.8868813295852607,0.8968813295852607,0.8968813295852607,0.8618813295852606,0.8618813295852606,0.8618813295852606,0.8618813295852606,0.8618813295852606,0.8618813295852606,0.8818813295852607,0.8718813295852607,0.8618813295852606,0.8418813295852606
479,0.8694798696895646,0.8794798696895646,0.8794798696895646,0.8594798696895646,0.8594798696895646,0.8594798696895646,0.8694798696895646,0.8694798696895646,0.8694798696895646,0.8794798696895646,0.8894798696895646,0.8894798696895646,0.8794798696895646
480,0.8344160430447598,0.8344160430447598,0.8444160430447598,0.8444160430447598,0.8444160430447598,0.8444160430447598,0.8744160430447598,0.8744160430447598,0.8644160430447598,0.8744160430447598,0.8694160430447598,0.8694160430447598,0.8594160430447598
481,0.8930793878794554,0.9030793878794554,0.9130793878794554,0.9130793878794554,0.9230793878794554,0.9080793878794554,0.9080793878794554,0.9280793878794554,0.9180793878794554,0.9180793878794554,0.9180793878794554,0.9080793878794554,0.9080793878794554
482,0.8599775974089279,0.8899775974089279,0.8899775974089279,0.8899775974089279,0.8999775974089279,0.8999775974089279,0.8949775974089279,0.8849775974089279,0.8949775974089279,0.8849775974089279,0.8849775974089279,0.8949775974089279,0.8849775974089279
483,0.8399839964614971,0.8299839964614971,0.8299839964614971,0.8099839964614971,0.8099839964614971,0.8099839964614971,0.7999839964614971,0.8049839964614971,0.8049839964614971,0.8049839964614971,0.8149839964614971,0.8149839964614971,0.8249839964614971
484,0.896018688535436,0.896018688535436,0.916018688535436,0.916018688535436,0.916018688535436,0.906018688535436,0.896018688535436,0.886018688535436,0.886018688535436,0.886018688535436,0.896018688535436,0.906018688535436,0.916018688535436
485,0.8137576842309262,0.8137576842309262,0.7837576842309262,0.8037576842309262,0.8237576842309262,0.8337576842309262,0.8337576842309262,0.8337576842309262,0.8437576842309262,0.8287576842309262,0.8487576842309262,0.8487576842309262,0.8487576842309262
486,0.8240208807286257,0.8340208807286257,0.8340208807286257,0.8340208807286257,0.8340208807286257,0.8240208807286257,0.8240208807286257,0.8240208807286257,0.8240208807286257,0.8140208807286257,0.8440208807286257,0.8640208807286257,0.8640208807286257
487,0.8875785624934396,0.8875785624934396,0.9175785624934396,0.9175785624934396,0.9175785624934396,0.9175785624934396,0.9275785624934396,0.9225785624934396,0.9225785624934396,0.9225785624934396,0.9225785624934396,0.9225785624934396,0.9225785624934396
488,0.9207455276990738,0.9307455276990738,0.9207455276990738,0.9507455276990738,0.9507455276990738,0.9357455276990738,0.9557455276990738,0.9457455276990738,0.9457455276990738,0.9457455276990738,0.9257455276990738,0.9357455276990738,0.9357455276990738
489,0.8619872413269881,0.8719872413269881,0.8919872413269881,0.9019872413269882,0.8819872413269881,0.8619872413269881,0.8619872413269881,0.8719872413269881,0.8719872413269881,0.8719872413269881,0.8819872413269881,0.8569872413269881,0.8469872413269881
490,0.8342574000773358,0.8242574000773358,0.8142574000773358,0.8042574000773358,0.8142574000773358,0.8142574000773358,0.8142574000773358,0.7942574000773358,0.7942574000773358,0.7992574000773358,0.7892574000773358,0.7892574000773358,0.7892574000773358
491,0.8657055200491413,0.8557055200491412,0.8557055200491412,0.8357055200491412,0.8457055200491412,0.8557055200491412,0.8557055200491412,0.8557055200491412,0.8557055200491412,0.8457055200491412,0.8357055200491412,0.8357055200491412,0.8457055200491412
492,0.8618148947020103,0.8718148947020103,0.8818148947020104,0.8918148947020104,0.8818148947020104,0.8718148947020103,0.8718148947020103,0.8618148947020103,0.8618148947020103,0.8718148947020103,0.8718148947020103,0.8718148947020103,0.8618148947020103
493,0.9271162963926399,0.9371162963926399,0.9371162963926399,0.9371162963926399,0.95711629639264,0.95711629639264,0.9421162963926399,0.9421162963926399,0.9421162963926399,0.9421162963926399,0.9421162963926399,0.9421162963926399,0.9321162963926399
494,0.8322443365594937,0.8322443365594937,0.8322443365594937,0.8222443365594937,0.8222443365594937,0.8422443365594937,0.8622443365594937,0.8622443365594937,0.8622443365594937,0.8622443365594937,0.8722443365594937,0.8672443365594937,0.8672443365594937
495,0.8971191548701567,0.9271191548701567,0.9371191548701567,0.9271191548701567,0.9121191548701567,0.8921191548701567,0.8821191548701567,0.8621191548701567,0.8721191548701567,0.8921191548701567,0.8721191548701567,0.8821191548701567,0.8821191548701567
496,0.8257800528162027,0.8257800528162027,0.8157800528162027,0.8157800528162027,0.8257800528162027,0.8157800528162027,0.8257800528162027,0.8257800528162027,0.8257800528162027,0.8257800528162027,0.8257800528162027,0.8257800528162027,0.8357800528162027
497,0.807859858052713,0.817859858052713,0.827859858052713,0.837859858052713,0.822859858052713,0.832859858052713,0.812859858052713,0.812859858052713,0.802859858052713,0.802859858052713,0.802859858052713,0.772859858052713,0.762859858052713
498,0.8602409835518278,0.8602409835518278,0.8502409835518278,0.8702409835518278,0.8802409835518278,0.8702409835518278,0.8702409835518278,0.8702409835518278,0.8702409835518278,0.9002409835518278,0.9002409835518278,0.9002409835518278,0.9002409835518278
499,0.8356264732236046,0.8356264732236046,0.8256264732236046,0.8256264732236046,0.8256264732236046,0.8256264732236046,0.8156264732236046,0.8256264732236046,0.8156264732236046,0.8256264732236046,0.8456264732236046,0.8356264732236046,0.8456264732236046
500,0.851647651729436,0.851647651729436,0.861647651729436,0.881647651729436,0.881647651729436,0.866647651729436,0.866647651729436,0.866647651729436,0.8966476517294361,0.886647651729436,0.8966476517294361,0.8966476517294361,0.8966476517294361
501,0.8784973002702239,0.8784973002702239,0.8784973002702239,0.8784973002702239,0.8884973002702239,0.8784973002702239,0.8984973002702239,0.8984973002702239,0.8884973002702239,0.8884973002702239,0.8884973002702239,0.8884973002702239,0.8684973002702239
502,0.8610154893424288,0.8410154893424288,0.8410154893424288,0.8510154893424288,0.8510154893424288,0.8710154893424288,0.8910154893424288,0.8760154893424288,0.8660154893424288,0.8760154893424288,0.8760154893424288,0.8760154893424288,0.8660154893424288
503,0.9197631805796195,0.9197631805796195,0.9397631805796195,0.9497631805796195,0.9497631805796195,0.9497631805796195,0.9497631805796195,0.9597631805796195,0.9547631805796195,0.9547631805796195,0.9547631805796195,0.9447631805796195,0.9347631805796195
504,0.8549128097221342,0.8849128097221343,0.8749128097221343,0.8749128097221343,0.8749128097221343,0.8749128097221343,0.8749128097221343,0.8749128097221343,0.8749128097221343,0.8849128097221343,0.8849128097221343,0.8849128097221343,0.8849128097221343
505,0.8120132379560207,0.8320132379560207,0.8320132379560207,0.8420132379560207,0.8520132379560207,0.8320132379560207,0.8420132379560207,0.8420132379560207,0.8420132379560207,0.8320132379560207,0.8220132379560207,0.8220132379560207,0.8320132379560207
506,0.8447006177462616,0.8447006177462616,0.8747006177462616,0.8647006177462616,0.8647006177462616,0.8847006177462616,0.8747006177462616,0.8747006177462616,0.8647006177462616,0.8647006177462616,0.8747006177462616,0.8747006177462616,0.8647006177462616
507,0.8646295902510379,0.8646295902510379,0.8846295902510379,0.904629590251038,0.904629590251038,0.904629590251038,0.8846295902510379,0.8746295902510379,0.8746295902510379,0.8746295902510379,0.8846295902510379,0.8846295902510379,0.8846295902510379
508,0.8522523317390777,0.8522523317390777,0.8722523317390777,0.8822523317390777,0.8822523317390777,0.8822523317390777,0.8922523317390777,0.8922523317390777,0.8922523317390777,0.8872523317390777,0.8872523317390777,0.8772523317390777,0.8472523317390777
509,0.8957477721850851,0.9057477721850851,0.9057477721850851,0.9057477721850851,0.9057477721850851,0.9057477721850851,0.8957477721850851,0.885747772185085,0.875747772185085,0.875747772185085,0.9057477721850851,0.9057477721850851,0.9057477721850851
510,0.892255116055337,0.892255116055337,0.902255116055337,0.902255116055337,0.902255116055337,0.867255116055337,0.857255116055337,0.857255116055337,0.857255116055337,0.857255116055337,0.857255116055337,0.857255116055337,0.847255116055337
511,0.8743556188792284,0.8643556188792284,0.8643556188792284,0.8643556188792284,0.8743556188792284,0.8743556188792284,0.8943556188792284,0.8843556188792284,0.8943556188792284,0.8943556188792284,0.8743556188792284,0.8743556188792284,0.9043556188792284
512,0.9152404242189712,0.9252404242189712,0.9052404242189712,0.8952404242189712,0.8952404242189712,0.8952404242189712,0.8752404242189712,0.8752404242189712,0.8802404242189712,0.8802404242189712,0.8902404242189712,0.8802404242189712,0.8802404242189712
513,0.9661651163887012,0.9661651163887012,0.9561651163887012,0.9661651163887012,0.9561651163887012,0.9661651163887012,0.9461651163887012,0.9361651163887011,0.9261651163887011,0.9361651163887011,0.9561651163887012,0.9461651163887012,0.9261651163887011
514,0.8184511299618513,0.8284511299618513,0.8284511299618513,0.8284511299618513,0.7984511299618513,0.7984511299618513,0.7984511299618513,0.7984511299618513,0.8084511299618513,0.7984511299618513,0.7884511299618513,0.7884511299618513,0.7884511299618513
515,0.8694238711162512,0.8694238711162512,0.8494238711162512,0.8394238711162512,0.8544238711162512,0.8644238711162512,0.8644238711162512,0.8744238711162512,0.8644238711162512,0.8644238711162512,0.8744238711162512,0.8744238711162512,0.8744238711162512
516,0.8540619333443844,0.8640619333443844,0.8740619333443844,0.8640619333443844,0.8840619333443844,0.8940619333443844,0.8840619333443844,0.8940619333443844,0.8890619333443844,0.8690619333443844,0.8590619333443844,0.8490619333443844,0.8590619333443844
517,0.8841463058438191,0.8741463058438191,0.8741463058438191,0.8741463058438191,0.8641463058438191,0.8641463058438191,0.8641463058438191,0.8541463058438191,0.8441463058438191,0.8441463058438191,0.8541463058438191,0.8541463058438191,0.8541463058438191
518,0.8798248863897578,0.8798248863897578,0.8798248863897578,0.8798248863897578,0.8798248863897578,0.8698248863897577,0.8698248863897577,0.8598248863897577,0.8498248863897577,0.8598248863897577,0.8848248863897578,0.8848248863897578,0.8948248863897578
519,0.8993331487207835,0.8993331487207835,0.8893331487207835,0.8993331487207835,0.8593331487207835,0.8643331487207835,0.8643331487207835,0.8743331487207835,0.8843331487207835,0.8943331487207835,0.9043331487207835,0.8843331487207835,0.9043331487207835
520,0.8792655865983957,0.8892655865983957,0.8892655865983957,0.8892655865983957,0.8892655865983957,0.8792655865983957,0.8892655865983957,0.8892655865983957,0.8992655865983957,0.8992655865983957,0.8892655865983957,0.8992655865983957,0.9092655865983957
521,0.9040779156765583,0.9040779156765583,0.8940779156765583,0.8940779156765583,0.8940779156765583,0.9140779156765583,0.9040779156765583,0.9040779156765583,0.9040779156765583,0.9040779156765583,0.9140779156765583,0.8790779156765582,0.8690779156765582
522,0.8133385870102249,0.8133385870102249,0.8133385870102249,0.8133385870102249,0.8233385870102249,0.8033385870102249,0.7833385870102249,0.7933385870102249,0.8033385870102249,0.8033385870102249,0.7933385870102249,0.7833385870102249,0.7833385870102249
523,0.8686081370055114,0.8686081370055114,0.8686081370055114,0.8886081370055114,0.8886081370055114,0.8886081370055114,0.8886081370055114,0.8886081370055114,0.8886081370055114,0.8636081370055114,0.8736081370055114,0.8636081370055114,0.8736081370055114
524,0.872211643573086,0.872211643573086,0.872211643573086,0.872211643573086,0.882211643573086,0.862211643573086,0.872211643573086,0.862211643573086,0.872211643573086,0.872211643573086,0.872211643573086,0.872211643573086,0.912211643573086
525,0.8192770036358505,0.8292770036358506,0.8292770036358506,0.8292770036358506,0.8192770036358505,0.8292770036358506,0.7992770036358505,0.7892770036358505,0.7792770036358505,0.7792770036358505,0.7792770036358505,0.7792770036358505,0.7792770036358505
526,0.9680216700243182,0.9480216700243181,0.9380216700243181,0.9380216700243181,0.9380216700243181,0.9280216700243181,0.9330216700243181,0.9330216700243181,0.9330216700243181,0.9330216700243181,0.9430216700243181,0.9530216700243181,0.9530216700243181
527,0.8518924998543199,0.8418924998543199,0.8418924998543199,0.8518924998543199,0.88189249985432,0.8668924998543199,0.8768924998543199,0.8768924998543199,0.8468924998543199,0.8468924998543199,0.8168924998543199,0.8368924998543199,0.8568924998543199
528,0.905271731280086,0.885271731280086,0.895271731280086,0.875271731280086,0.885271731280086,0.905271731280086,0.925271731280086,0.925271731280086,0.905271731280086,0.905271731280086,0.905271731280086,0.905271731280086,0.925271731280086
529,0.890199100489186,0.890199100489186,0.890199100489186,0.880199100489186,0.900199100489186,0.9101991004891861,0.9101991004891861,0.9101991004891861,0.9201991004891861,0.9101991004891861,0.9101991004891861,0.900199100489186,0.900199100489186
530,0.8506566791928135,0.8606566791928135,0.8606566791928135,0.8506566791928135,0.8606566791928135,0.8306566791928135,0.8206566791928135,0.8106566791928135,0.8206566791928135,0.8306566791928135,0.8306566791928135,0.8206566791928135,0.8106566791928135
531,0.9109413008951991,0.9109413008951991,0.9209413008951991,0.9209413008951991,0.9509413008951991,0.9459413008951991,0.9359413008951991,0.9259413008951991,0.8959413008951991,0.8959413008951991,0.8859413008951991,0.8859413008951991,0.8859413008951991
532,0.8338651283869042,0.8138651283869042,0.8238651283869042,0.8138651283869042,0.8138651283869042,0.8138651283869042,0.8338651283869042,0.8438651283869042,0.8438651283869042,0.8338651283869042,0.8538651283869042,0.8438651283869042,0.8438651283869042
533,0.8866911686852681,0.9066911686852681,0.9066911686852681,0.9066911686852681,0.9066911686852681,0.9066911686852681,0.9066911686852681,0.9166911686852681,0.9166911686852681,0.9166911686852681,0.9166911686852681,0.9266911686852681,0.8966911686852681
534,0.9392256291976584,0.9392256291976584,0.9492256291976584,0.9692256291976584,0.9542256291976584,0.9642256291976584,0.9742256291976584,0.9542256291976584,0.9742256291976584,0.9742256291976584,0.9742256291976584,0.9642256291976584,0.9742256291976584
535,0.8374651188638921,0.8574651188638921,0.8574651188638921,0.8574651188638921,0.8474651188638921,0.8774651188638921,0.8774651188638921,0.8774651188638921,0.8574651188638921,0.8574651188638921,0.8574651188638921,0.8374651188638921,0.8374651188638921
536,0.8949530099541428,0.9149530099541429,0.9149530099541429,0.9049530099541429,0.9349530099541429,0.9349530099541429,0.9299530099541429,0.9299530099541429,0.9199530099541429,0.9199530099541429,0.9299530099541429,0.9299530099541429,0.9299530099541429
537,0.9102492884405609,0.9102492884405609,0.9002492884405608,0.9202492884405609,0.9002492884405608,0.9002492884405608,0.9002492884405608,0.9102492884405609,0.9102492884405609,0.9102492884405609,0.9102492884405609,0.9102492884405609,0.9002492884405608
538,0.79152577829438,0.81152577829438,0.81152577829438,0.81152577829438,0.81152577829438,0.80152577829438,0.80152577829438,0.79152577829438,0.80152577829438,0.78152577829438,0.80152577829438,0.81152577829438,0.81152577829438
539,0.8522968582651025,0.8622968582651025,0.8422968582651025,0.8422968582651025,0.8222968582651025,0.8222968582651025,0.8222968582651025,0.8222968582651025,0.8372968582651025,0.8172968582651025,0.8272968582651025,0.8272968582651025,0.8272968582651025
540,0.9060100964605173,0.8960100964605173,0.8860100964605173,0.8860100964605173,0.8760100964605173,0.8760100964605173,0.8860100964605173,0.8860100964605173,0.8860100964605173,0.8860100964605173,0.8960100964605173,0.8860100964605173,0.8960100964605173
541,0.8961822309292075,0.8761822309292074,0.8661822309292074,0.8661822309292074,0.8661822309292074,0.8661822309292074,0.8561822309292074,0.8661822309292074,0.8811822309292074,0.8811822309292074,0.8811822309292074,0.8811822309292074,0.8511822309292074
542,0.9077602780634673,0.9277602780634673,0.9277602780634673,0.9377602780634673,0.9177602780634673,0.8977602780634673,0.8977602780634673,0.8777602780634672,0.8927602780634672,0.8927602780634672,0.9127602780634673,0.9127602780634673,0.9027602780634673
543,0.7985776782837929,0.7885776782837929,0.7885776782837929,0.7885776782837929,0.7985776782837929,0.8185776782837929,0.8185776782837929,0.8085776782837929,0.8185776782837929,0.8185776782837929,0.8185776782837929,0.8185776782837929,0.7885776782837929
544,0.7937531199378779,0.7737531199378779,0.7637531199378779,0.7637531199378779,0.7737531199378779,0.7737531199378779,0.7737531199378779,0.7737531199378779,0.7937531199378779,0.8037531199378779,0.7937531199378779,0.7937531199378779,0.8037531199378779
545,0.8979158425280872,0.9079158425280872,0.8979158425280872,0.8979158425280872,0.9179158425280872,0.8979158425280872,0.8979158425280872,0.8979158425280872,0.8779158425280872,0.8879158425280872,0.8979158425280872,0.9079158425280872,0.9279158425280872
546,0.8596585738941104,0.8496585738941104,0.8496585738941104,0.8596585738941104,0.8596585738941104,0.8596585738941104,0.8696585738941104,0.8796585738941104,0.8596585738941104,0.8696585738941104,0.8696585738941104,0.8696585738941104,0.8896585738941104
547,0.9114017819130124,0.9114017819130124,0.9214017819130124,0.9214017819130124,0.9214017819130124,0.9314017819130124,0.9514017819130124,0.9464017819130124,0.9464017819130124,0.9464017819130124,0.9364017819130124,0.9364017819130124,0.9464017819130124
548,0.8899178096515745,0.8899178096515745,0.8999178096515745,0.9099178096515745,0.9099178096515745,0.9199178096515745,0.9299178096515746,0.9299178096515746,0.9249178096515746,0.9249178096515746,0.9149178096515745,0.9149178096515745,0.9049178096515745
549,0.821996992726022,0.811996992726022,0.811996992726022,0.821996992726022,0.831996992726022,0.821996992726022,0.781996992726022,0.786996992726022,0.796996992726022,0.796996992726022,0.786996992726022,0.806996992726022,0.806996992726022
550,0.8673050568759783,0.8773050568759783,0.8773050568759783,0.8773050568759783,0.8773050568759783,0.8773050568759783,0.8773050568759783,0.8873050568759783,0.8873050568759783,0.8873050568759783,0.8873050568759783,0.8873050568759783,0.8873050568759783
551,0.8637185110666816,0.8637185110666816,0.8737185110666816,0.8637185110666816,0.8637185110666816,0.8437185110666816,0.8237185110666816,0.8237185110666816,0.8237185110666816,0.8337185110666816,0.8637185110666816,0.8637185110666816,0.8637185110666816
552,0.87815108134083,0.86815108134083,0.86815108134083,0.84815108134083,0.86815108134083,0.8381510813408299,0.8381510813408299,0.84815108134083,0.84815108134083,0.8381510813408299,0.8381510813408299,0.8431510813408299,0.8331510813408299
553,0.8829421254203547,0.8929421254203547,0.8929421254203547,0.8829421254203547,0.9229421254203547,0.9179421254203547,0.9179421254203547,0.9079421254203547,0.8979421254203547,0.8879421254203547,0.8779421254203547,0.8779421254203547,0.8879421254203547
554,0.8229985469647036,0.8129985469647036,0.7929985469647036,0.8079985469647036,0.8279985469647037,0.8279985469647037,0.8079985469647036,0.7979985469647036,0.8079985469647036,0.8379985469647037,0.8479985469647037,0.8579985469647037,0.8579985469647037
555,0.9014332978096985,0.9014332978096985,0.9014332978096985,0.9014332978096985,0.9314332978096985,0.9314332978096985,0.9314332978096985,0.9314332978096985,0.9214332978096985,0.9414332978096985,0.9414332978096985,0.9414332978096985,0.9414332978096985
556,0.8744054097814382,0.8744054097814382,0.8744054097814382,0.8644054097814382,0.8644054097814382,0.8544054097814382,0.8544054097814382,0.8744054097814382,0.8544054097814382,0.8544054097814382,0.8444054097814382,0.8444054097814382,0.8344054097814382
557,0.8649462387225935,0.8749462387225935,0.8849462387225935,0.8849462387225935,0.8749462387225935,0.8549462387225935,0.8449462387225934,0.8549462387225935,0.8549462387225935,0.8899462387225935,0.8899462387225935,0.8799462387225935,0.8999462387225935
558,0.8895649753261738,0.8895649753261738,0.8995649753261739,0.8695649753261738,0.8695649753261738,0.8895649753261738,0.8895649753261738,0.9095649753261739,0.9095649753261739,0.9095649753261739,0.8895649753261738,0.8895649753261738,0.8995649753261739
559,0.8722644397114359,0.8622644397114358,0.8722644397114359,0.8722644397114359,0.8422644397114358,0.8522644397114358,0.8522644397114358,0.8422644397114358,0.8522644397114358,0.8622644397114358,0.8622644397114358,0.8522644397114358,0.8622644397114358
560,0.9063110255906619,0.9263110255906619,0.9063110255906619,0.9063110255906619,0.9063110255906619,0.8863110255906619,0.8663110255906619,0.8763110255906619,0.8763110255906619,0.8913110255906619,0.9313110255906619,0.9113110255906619,0.9213110255906619
561,0.8691803799973573,0.8791803799973573,0.8391803799973573,0.8391803799973573,0.8291803799973573,0.8391803799973573,0.8391803799973573,0.8391803799973573,0.8491803799973573,0.8391803799973573,0.8391803799973573,0.8291803799973573,0.8291803799973573
562,0.8849340355919748,0.8549340355919748,0.8549340355919748,0.8549340355919748,0.8749340355919748,0.8749340355919748,0.8749340355919748,0.8649340355919748,0.8749340355919748,0.8749340355919748,0.8649340355919748,0.8649340355919748,0.8649340355919748
563,0.8770093740806177,0.8770093740806177,0.8670093740806177,0.8670093740806177,0.8570093740806177,0.8370093740806177,0.8470093740806177,0.8670093740806177,0.8470093740806177,0.8370093740806177,0.8470093740806177,0.8370093740806177,0.8420093740806177
564,0.8857140640424808,0.8857140640424808,0.8957140640424808,0.8957140640424808,0.8957140640424808,0.9057140640424808,0.8757140640424808,0.8957140640424808,0.9057140640424808,0.9057140640424808,0.9157140640424808,0.9257140640424808,0.9207140640424808
565,0.8609824477508503,0.8709824477508503,0.8709824477508503,0.8809824477508503,0.8809824477508503,0.8809824477508503,0.8809824477508503,0.9009824477508503,0.9009824477508503,0.9009824477508503,0.9009824477508503,0.8909824477508503,0.8759824477508503
566,0.927598561428186,0.927598561428186,0.947598561428186,0.947598561428186,0.947598561428186,0.947598561428186,0.947598561428186,0.947598561428186,0.947598561428186,0.937598561428186,0.937598561428186,0.937598561428186,0.937598561428186
567,0.9081129797305006,0.9181129797305007,0.9081129797305006,0.8981129797305006,0.8981129797305006,0.8881129797305006,0.8881129797305006,0.8881129797305006,0.8881129797305006,0.8881129797305006,0.8881129797305006,0.8881129797305006,0.8781129797305006
568,0.8460882379032786,0.8360882379032786,0.8260882379032786,0.8260882379032786,0.8260882379032786,0.8260882379032786,0.8260882379032786,0.8260882379032786,0.8360882379032786,0.8260882379032786,0.8260882379032786,0.8260882379032786,0.8260882379032786
569,0.9020042855003876,0.9020042855003876,0.9020042855003876,0.9020042855003876,0.8820042855003876,0.9020042855003876,0.9020042855003876,0.8720042855003876,0.8720042855003876,0.8720042855003876,0.8620042855003875,0.8620042855003875,0.8720042855003876
570,0.8346692587311195,0.8046692587311195,0.8196692587311195,0.8496692587311195,0.8596692587311195,0.8596692587311195,0.8396692587311195,0.8396692587311195,0.8096692587311195,0.8196692587311195,0.8096692587311195,0.8096692587311195,0.8096692587311195
571,0.9227254195175523,0.9227254195175523,0.9227254195175523,0.9227254195175523,0.9327254195175523,0.9527254195175523,0.9527254195175523,0.9527254195175523,0.9527254195175523,0.9427254195175523,0.9527254195175523,0.9627254195175523,0.9577254195175523
572,0.852957346380473,0.852957346380473,0.8629573463804731,0.8729573463804731,0.8729573463804731,0.8629573463804731,0.842957346380473,0.842957346380473,0.852957346380473,0.852957346380473,0.832957346380473,0.842957346380473,0.832957346380473
573,0.893550434099238,0.903550434099238,0.893550434099238,0.893550434099238,0.883550434099238,0.883550434099238,0.883550434099238,0.883550434099238,0.893550434099238,0.883550434099238,0.893550434099238,0.913550434099238,0.923550434099238
574,0.8742420209077103,0.8742420209077103,0.8642420209077103,0.8742420209077103,0.8842420209077103,0.8742420209077103,0.8842420209077103,0.8842420209077103,0.8842420209077103,0.8742420209077103,0.8742420209077103,0.9042420209077103,0.8892420209077103
575,0.9083910110671485,0.9083910110671485,0.9183910110671485,0.9083910110671485,0.8983910110671485,0.8983910110671485,0.8783910110671485,0.8783910110671485,0.8983910110671485,0.8983910110671485,0.9083910110671485,0.9083910110671485,0.8783910110671485
576,0.9169187469184286,0.9169187469184286,0.9169187469184286,0.8969187469184285,0.8969187469184285,0.8869187469184285,0.8869187469184285,0.9019187469184285,0.9019187469184285,0.8819187469184285,0.8919187469184285,0.9019187469184285,0.9319187469184286
577,0.8136587020830099,0.8136587020830099,0.8136587020830099,0.8136587020830099,0.8036587020830099,0.8036587020830099,0.8036587020830099,0.82365870208301,0.82365870208301,0.8136587020830099,0.82365870208301,0.8036587020830099,0.8036587020830099
578,0.9001021563693683,0.9201021563693683,0.9201021563693683,0.9101021563693683,0.9101021563693683,0.9201021563693683,0.9201021563693683,0.9201021563693683,0.9201021563693683,0.9401021563693683,0.9401021563693683,0.9301021563693683,0.9101021563693683
579,0.9030095979588534,0.9230095979588534,0.9230095979588534,0.9130095979588534,0.9330095979588534,0.9330095979588534,0.9430095979588534,0.9430095979588534,0.9330095979588534,0.9430095979588534,0.9430095979588534,0.9430095979588534,0.9430095979588534
580,0.8717787454399163,0.8717787454399163,0.8717787454399163,0.8617787454399163,0.8417787454399163,0.8417787454399163,0.8417787454399163,0.8417787454399163,0.8417787454399163,0.8567787454399163,0.8367787454399163,0.8367787454399163,0.8367787454399163
581,0.9099410000785849,0.8899410000785849,0.8699410000785849,0.8699410000785849,0.8749410000785849,0.8849410000785849,0.8849410000785849,0.8949410000785849,0.9049410000785849,0.9349410000785849,0.9349410000785849,0.9249410000785849,0.9249410000785849
582,0.9258778897248594,0.9258778897248594,0.9458778897248594,0.9658778897248594,0.9358778897248594,0.9658778897248594,0.9658778897248594,0.9658778897248594,0.9658778897248594,0.9558778897248594,0.9558778897248594,0.9158778897248594,0.8958778897248594
583,0.8075880944676828,0.8075880944676828,0.8075880944676828,0.8175880944676828,0.7875880944676827,0.7675880944676827,0.7725880944676827,0.7925880944676827,0.7925880944676827,0.7825880944676827,0.7825880944676827,0.7625880944676827,0.7925880944676827
584,0.815533054656657,0.785533054656657,0.800533054656657,0.800533054656657,0.800533054656657,0.820533054656657,0.820533054656657,0.830533054656657,0.830533054656657,0.820533054656657,0.810533054656657,0.800533054656657,0.800533054656657
585,0.943117031595295,0.943117031595295,0.953117031595295,0.9831170315952951,0.9831170315952951,0.9831170315952951,0.9731170315952951,0.963117031595295,0.953117031595295,0.953117031595295,0.963117031595295,0.953117031595295,0.953117031595295
586,0.8216327669693203,0.8216327669693203,0.8316327669693203,0.8216327669693203,0.8116327669693203,0.8216327669693203,0.8216327669693203,0.8316327669693203,0.8316327669693203,0.8216327669693203,0.8116327669693203,0.8116327669693203,0.7816327669693203
587,0.886443905410955,0.886443905410955,0.886443905410955,0.896443905410955,0.886443905410955,0.876443905410955,0.866443905410955,0.886443905410955,0.886443905410955,0.886443905410955,0.876443905410955,0.876443905410955,0.876443905410955
588,0.7711539980873752,0.7611539980873752,0.7611539980873752,0.7511539980873752,0.7611539980873752,0.7611539980873752,0.7611539980873752,0.7711539980873752,0.7611539980873752,0.7711539980873752,0.7611539980873752,0.7711539980873752,0.7811539980873752
589,0.8935614531814549,0.8935614531814549,0.8535614531814548,0.8535614531814548,0.8535614531814548,0.8635614531814548,0.8635614531814548,0.8635614531814548,0.8735614531814548,0.8835614531814548,0.8835614531814548,0.8635614531814548,0.9135614531814549
590,0.766943983856375,0.776943983856375,0.786943983856375,0.796943983856375,0.786943983856375,0.786943983856375,0.786943983856375,0.786943983856375,0.786943983856375,0.786943983856375,0.786943983856375,0.776943983856375,0.776943983856375
591,0.826922585122183,0.846922585122183,0.846922585122183,0.846922585122183,0.846922585122183,0.846922585122183,0.846922585122183,0.826922585122183,0.826922585122183,0.826922585122183,0.806922585122183,0.816922585122183,0.816922585122183
592,0.8830964117171459,0.8930964117171459,0.8830964117171459,0.8830964117171459,0.8830964117171459,0.8830964117171459,0.8830964117171459,0.8930964117171459,0.8730964117171459,0.8730964117171459,0.8730964117171459,0.8630964117171459,0.8630964117171459
593,0.938016361332791,0.938016361332791,0.958016361332791,0.948016361332791,0.948016361332791,0.958016361332791,0.958016361332791,0.938016361332791,0.948016361332791,0.958016361332791,0.948016361332791,0.958016361332791,0.968016361332791
594,0.8926617985007982,0.8826617985007982,0.9026617985007982,0.8926617985007982,0.8926617985007982,0.8726617985007982,0.8726617985007982,0.8626617985007982,0.8926617985007982,0.8926617985007982,0.8826617985007982,0.8726617985007982,0.8726617985007982
595,0.907279030594215,0.907279030594215,0.907279030594215,0.877279030594215,0.877279030594215,0.877279030594215,0.877279030594215,0.877279030594215,0.907279030594215,0.917279030594215,0.917279030594215,0.897279030594215,0.907279030594215
596,0.8471324035465537,0.8471324035465537,0.8471324035465537,0.8571324035465537,0.8571324035465537,0.8571324035465537,0.8471324035465537,0.8471324035465537,0.8471324035465537,0.8671324035465537,0.8871324035465538,0.8671324035465537,0.8671324035465537
597,0.8229583798193424,0.8429583798193424,0.8529583798193424,0.8529583798193424,0.8379583798193424,0.8379583798193424,0.8279583798193424,0.8079583798193424,0.8079583798193424,0.8079583798193424,0.7879583798193424,0.8179583798193424,0.8479583798193424
598,0.8276843920379198,0.8276843920379198,0.8376843920379198,0.8376843920379198,0.8476843920379198,0.8676843920379198,0.8676843920379198,0.8626843920379198,0.8526843920379198,0.8526843920379198,0.8426843920379198,0.8426843920379198,0.8326843920379198
599,0.889701553316943,0.919701553316943,0.889701553316943,0.889701553316943,0.899701553316943,0.899701553316943,0.899701553316943,0.909701553316943,0.919701553316943,0.904701553316943,0.884701553316943,0.884701553316943,0.884701553316943
600,0.7874443118706137,0.7874443118706137,0.7774443118706137,0.7774443118706137,0.7774443118706137,0.7674443118706137,0.7974443118706137,0.8174443118706137,0.8274443118706137,0.8224443118706137,0.8124443118706137,0.8324443118706137,0.8324443118706137
601,0.9199837254618873,0.9199837254618873,0.9399837254618874,0.9399837254618874,0.9399837254618874,0.9399837254618874,0.9399837254618874,0.9099837254618873,0.9099837254618873,0.9099837254618873,0.9199837254618873,0.9199837254618873,0.9099837254618873
602,0.9563535882946649,0.9663535882946649,0.9763535882946649,0.9763535882946649,0.9663535882946649,0.9663535882946649,0.9663535882946649,0.9663535882946649,0.9463535882946649,0.9463535882946649,0.9463535882946649,0.9463535882946649,0.9563535882946649
603,0.9016738125743773,0.9016738125743773,0.9016738125743773,0.9016738125743773,0.8916738125743773,0.8616738125743773,0.8716738125743773,0.8616738125743773,0.8616738125743773,0.8616738125743773,0.8616738125743773,0.8666738125743773,0.8666738125743773
604,0.899861467550469,0.889861467550469,0.869861467550469,0.879861467550469,0.869861467550469,0.884861467550469,0.894861467550469,0.914861467550469,0.884861467550469,0.884861467550469,0.884861467550469,0.874861467550469,0.874861467550469
605,0.9131649296538756,0.9131649296538756,0.9131649296538756,0.8931649296538756,0.8831649296538756,0.8731649296538756,0.8831649296538756,0.9031649296538756,0.9031649296538756,0.9131649296538756,0.9331649296538757,0.9331649296538757,0.9431649296538757
606,0.8804599404538973,0.8704599404538973,0.8504599404538973,0.8604599404538973,0.8704599404538973,0.8604599404538973,0.8604599404538973,0.8604599404538973,0.8604599404538973,0.8604599404538973,0.8704599404538973,0.8704599404538973,0.8704599404538973
607,0.8410658595974836,0.8410658595974836,0.8410658595974836,0.8610658595974836,0.8610658595974836,0.8610658595974836,0.8610658595974836,0.8710658595974836,0.8710658595974836,0.8610658595974836,0.8610658595974836,0.8710658595974836,0.8710658595974836
608,0.8423769479146062,0.8423769479146062,0.8523769479146062,0.8623769479146062,0.8423769479146062,0.8423769479146062,0.8523769479146062,0.8523769479146062,0.8523769479146062,0.8423769479146062,0.8423769479146062,0.8423769479146062,0.8423769479146062
609,0.8502693115087752,0.8202693115087751,0.8352693115087751,0.8152693115087751,0.8152693115087751,0.8252693115087751,0.8252693115087751,0.8252693115087751,0.8452693115087752,0.8352693115087751,0.8352693115087751,0.8552693115087752,0.8652693115087752
610,0.8875169903400666,0.8875169903400666,0.8775169903400666,0.8675169903400666,0.8575169903400666,0.8475169903400666,0.8475169903400666,0.8575169903400666,0.8775169903400666,0.8875169903400666,0.9075169903400666,0.9075169903400666,0.9175169903400666
611,0.8572877873087539,0.8572877873087539,0.8472877873087539,0.8572877873087539,0.8572877873087539,0.8772877873087539,0.8772877873087539,0.8672877873087539,0.8572877873087539,0.8572877873087539,0.8672877873087539,0.8872877873087539,0.8722877873087539
612,0.8620268006133193,0.8620268006133193,0.8720268006133193,0.8720268006133193,0.8620268006133193,0.8620268006133193,0.8620268006133193,0.8620268006133193,0.8520268006133193,0.8520268006133193,0.8520268006133193,0.8520268006133193,0.8520268006133193
613,0.8351944464012226,0.8451944464012227,0.8251944464012226,0.8251944464012226,0.8351944464012226,0.8051944464012226,0.7951944464012226,0.7951944464012226,0.8051944464012226,0.8201944464012226,0.8101944464012226,0.8001944464012226,0.8101944464012226
614,0.8588327438401167,0.8488327438401166,0.8688327438401167,0.8688327438401167,0.8688327438401167,0.8688327438401167,0.8888327438401167,0.8888327438401167,0.8888327438401167,0.8788327438401167,0.8988327438401167,0.8938327438401167,0.8738327438401167
615,0.8855320183550772,0.8855320183550772,0.8855320183550772,0.8855320183550772,0.8755320183550772,0.8755320183550772,0.8955320183550772,0.8955320183550772,0.8855320183550772,0.8755320183550772,0.8755320183550772,0.8955320183550772,0.8955320183550772
616,0.8583014551251898,0.8383014551251898,0.8483014551251898,0.8483014551251898,0.8483014551251898,0.8383014551251898,0.8783014551251899,0.8683014551251899,0.8683014551251899,0.8683014551251899,0.8483014551251898,0.8783014551251899,0.8783014551251899
617,0.8931699360732532,0.8931699360732532,0.8931699360732532,0.8931699360732532,0.8931699360732532,0.8931699360732532,0.8831699360732532,0.9031699360732532,0.8731699360732532,0.8531699360732532,0.8581699360732532,0.8581699360732532,0.8581699360732532
618,0.8336749824052488,0.8436749824052489,0.8436749824052489,0.8236749824052488,0.8336749824052488,0.8436749824052489,0.8536749824052489,0.8536749824052489,0.8436749824052489,0.8736749824052489,0.8686749824052489,0.8586749824052489,0.8586749824052489
619,0.8658952927754276,0.8658952927754276,0.8558952927754276,0.8658952927754276,0.8658952927754276,0.8758952927754277,0.8758952927754277,0.8758952927754277,0.8758952927754277,0.8658952927754276,0.8458952927754276,0.8458952927754276,0.8458952927754276
620,0.8497274400625459,0.8497274400625459,0.8497274400625459,0.8697274400625459,0.8697274400625459,0.8697274400625459,0.8597274400625459,0.8597274400625459,0.8697274400625459,0.8697274400625459,0.8697274400625459,0.8797274400625459,0.8797274400625459
621,0.8372326881057444,0.8272326881057444,0.8572326881057444,0.8572326881057444,0.8672326881057444,0.8572326881057444,0.8322326881057444,0.8422326881057444,0.8422326881057444,0.8522326881057444,0.8522326881057444,0.8722326881057444,0.8722326881057444
622,0.8186040743208586,0.8186040743208586,0.8186040743208586,0.8186040743208586,0.8186040743208586,0.8086040743208586,0.8086040743208586,0.8086040743208586,0.8086040743208586,0.8286040743208586,0.8286040743208586,0.8286040743208586,0.8286040743208586
623,0.888589189453296,0.868589189453296,0.868589189453296,0.868589189453296,0.893589189453296,0.893589189453296,0.893589189453296,0.883589189453296,0.863589189453296,0.853589189453296,0.853589189453296,0.853589189453296,0.863589189453296
624,0.8797063031129292,0.8797063031129292,0.8797063031129292,0.8797063031129292,0.8697063031129292,0.8697063031129292,0.8697063031129292,0.8697063031129292,0.8597063031129292,0.8397063031129292,0.8597063031129292,0.8497063031129292,0.8397063031129292
625,0.8625558685084835,0.8225558685084835,0.8275558685084835,0.8275558685084835,0.8375558685084835,0.8375558685084835,0.8275558685084835,0.8375558685084835,0.8375558685084835,0.8375558685084835,0.8375558685084835,0.8375558685084835,0.8375558685084835
626,0.8462807642200519,0.8462807642200519,0.856280764220052,0.8462807642200519,0.876280764220052,0.886280764220052,0.886280764220052,0.886280764220052,0.876280764220052,0.856280764220052,0.8462807642200519,0.8462807642200519,0.8262807642200519
627,0.8348516382817288,0.8548516382817288,0.8448516382817288,0.8448516382817288,0.8548516382817288,0.8548516382817288,0.8548516382817288,0.8548516382817288,0.8548516382817288,0.8448516382817288,0.8448516382817288,0.8548516382817288,0.8448516382817288
628,0.8000522081277,0.8000522081277,0.8000522081277,0.7900522081276999,0.7800522081276999,0.7800522081276999,0.8100522081277,0.8100522081277,0.8100522081277,0.8100522081277,0.8200522081277,0.8100522081277,0.8100522081277
629,0.9412710055412427,0.9612710055412427,0.9512710055412427,0.9612710055412427,0.9612710055412427,0.9512710055412427,0.9512710055412427,0.9412710055412427,0.9412710055412427,0.9412710055412427,0.9512710055412427,0.9712710055412427,0.9812710055412427
630,0.8041988082313539,0.8041988082313539,0.8141988082313539,0.8241988082313539,0.8241988082313539,0.8241988082313539,0.8241988082313539,0.8241988082313539,0.8141988082313539,0.8141988082313539,0.7741988082313539,0.7641988082313539,0.7741988082313539
631,0.8836716094030838,0.8736716094030837,0.8836716094030838,0.8836716094030838,0.8836716094030838,0.8936716094030838,0.8936716094030838,0.8836716094030838,0.8736716094030837,0.8836716094030838,0.8836716094030838,0.8536716094030837,0.8686716094030837
632,0.9028445153643924,0.8828445153643923,0.9078445153643924,0.8978445153643924,0.8978445153643924,0.8978445153643924,0.8978445153643924,0.8978445153643924,0.8978445153643924,0.9078445153643924,0.8878445153643924,0.8978445153643924,0.8878445153643924
633,0.8679097263110928,0.8679097263110928,0.8679097263110928,0.8679097263110928,0.8779097263110928,0.8879097263110928,0.8679097263110928,0.8679097263110928,0.8579097263110927,0.8279097263110927,0.8379097263110927,0.8379097263110927,0.8579097263110927
634,0.906319965142084,0.896319965142084,0.896319965142084,0.906319965142084,0.916319965142084,0.916319965142084,0.906319965142084,0.906319965142084,0.916319965142084,0.906319965142084,0.906319965142084,0.896319965142084,0.906319965142084
635,0.87486268266033,0.87486268266033,0.89486268266033,0.88486268266033,0.88486268266033,0.87486268266033,0.87486268266033,0.87486268266033,0.87486268266033,0.88486268266033,0.89486268266033,0.88486268266033,0.90486268266033
636,0.8368784836977947,0.8468784836977947,0.8368784836977947,0.8268784836977947,0.8268784836977947,0.8268784836977947,0.8268784836977947,0.7968784836977947,0.8068784836977947,0.8268784836977947,0.8368784836977947,0.8168784836977947,0.8068784836977947
637,0.8945837853655892,0.8945837853655892,0.8745837853655892,0.8745837853655892,0.8845837853655892,0.8845837853655892,0.8845837853655892,0.8945837853655892,0.8945837853655892,0.8945837853655892,0.8745837853655892,0.8645837853655892,0.8745837853655892
638,0.8884857904698187,0.9084857904698187,0.9084857904698187,0.9084857904698187,0.8884857904698187,0.8784857904698187,0.8784857904698187,0.8684857904698187,0.8684857904698187,0.8684857904698187,0.8684857904698187,0.8684857904698187,0.8684857904698187
639,0.8662916004516117,0.8462916004516117,0.8562916004516117,0.8762916004516117,0.8962916004516117,0.9062916004516117,0.9012916004516117,0.9012916004516117,0.8912916004516117,0.9012916004516117,0.8912916004516117,0.9012916004516117,0.9012916004516117
640,0.8221630329516342,0.8221630329516342,0.8121630329516342,0.8121630329516342,0.8121630329516342,0.8221630329516342,0.8221630329516342,0.8121630329516342,0.8121630329516342,0.8471630329516342,0.8371630329516342,0.8371630329516342,0.8371630329516342
641,0.9135998361511788,0.9235998361511788,0.9235998361511788,0.9235998361511788,0.9235998361511788,0.9335998361511788,0.9335998361511788,0.9435998361511788,0.9435998361511788,0.9435998361511788,0.9535998361511788,0.9535998361511788,0.9485998361511788
642,0.8999594952979635,0.9099594952979635,0.9099594952979635,0.9199594952979635,0.9399594952979635,0.9199594952979635,0.9099594952979635,0.9399594952979635,0.9199594952979635,0.9199594952979635,0.9199594952979635,0.9199594952979635,0.9399594952979635
643,0.8429270246693298,0.8429270246693298,0.8529270246693298,0.8529270246693298,0.8429270246693298,0.8529270246693298,0.8529270246693298,0.8429270246693298,0.8429270246693298,0.8429270246693298,0.8529270246693298,0.8629270246693298,0.8529270246693298
644,0.8256335862240326,0.8056335862240326,0.7856335862240326,0.7906335862240326,0.8006335862240326,0.8206335862240326,0.8106335862240326,0.8206335862240326,0.8106335862240326,0.8106335862240326,0.8006335862240326,0.8206335862240326,0.8306335862240326
645,0.8607390131699185,0.8407390131699185,0.8507390131699185,0.8507390131699185,0.8507390131699185,0.8407390131699185,0.8607390131699185,0.8407390131699185,0.8407390131699185,0.8207390131699185,0.8207390131699185,0.8307390131699185,0.8307390131699185
646,0.7912281870077258,0.7812281870077258,0.7612281870077258,0.7712281870077258,0.7812281870077258,0.7812281870077258,0.7712281870077258,0.7712281870077258,0.7712281870077258,0.7912281870077258,0.8212281870077258,0.8212281870077258,0.8312281870077258
647,0.7944077729197745,0.8044077729197745,0.7944077729197745,0.8044077729197745,0.8044077729197745,0.8044077729197745,0.7944077729197745,0.7844077729197745,0.7844077729197745,0.7944077729197745,0.7944077729197745,0.7944077729197745,0.7944077729197745
648,0.865988336240294,0.855988336240294,0.865988336240294,0.865988336240294,0.875988336240294,0.875988336240294,0.8959883362402941,0.8959883362402941,0.885988336240294,0.8959883362402941,0.865988336240294,0.875988336240294,0.845988336240294
649,0.8394592775247298,0.8394592775247298,0.8494592775247298,0.8694592775247298,0.8544592775247298,0.8344592775247298,0.8144592775247298,0.8244592775247298,0.8244592775247298,0.8244592775247298,0.8344592775247298,0.8244592775247298,0.8144592775247298
650,0.9593424648734036,0.9793424648734036,0.9893424648734036,0.9793424648734036,0.9793424648734036,0.9793424648734036,0.9793424648734036,0.9693424648734036,0.9693424648734036,0.9793424648734036,0.9893424648734036,0.9793424648734036,0.9793424648734036
651,0.8796623394701027,0.8896623394701028,0.8996623394701028,0.8796623394701027,0.8796623394701027,0.8896623394701028,0.8896623394701028,0.8796623394701027,0.8896623394701028,0.8696623394701027,0.8596623394701027,0.8496623394701027,0.8496623394701027
652,0.8489184529569644,0.8389184529569644,0.8289184529569644,0.8289184529569644,0.8089184529569644,0.8139184529569644,0.8239184529569644,0.8539184529569644,0.8339184529569644,0.8239184529569644,0.8139184529569644,0.8139184529569644,0.8139184529569644
653,0.925491709076838,0.925491709076838,0.915491709076838,0.925491709076838,0.905491709076838,0.905491709076838,0.915491709076838,0.915491709076838,0.915491709076838,0.935491709076838,0.945491709076838,0.955491709076838,0.955491709076838
654,0.8332017900276418,0.8232017900276418,0.8232017900276418,0.8332017900276418,0.8232017900276418,0.8132017900276418,0.8032017900276418,0.8232017900276418,0.8232017900276418,0.8332017900276418,0.8332017900276418,0.8332017900276418,0.8332017900276418
655,0.8167505558211452,0.8167505558211452,0.8067505558211452,0.8067505558211452,0.8067505558211452,0.8267505558211452,0.8467505558211452,0.8467505558211452,0.8467505558211452,0.8467505558211452,0.8467505558211452,0.8367505558211452,0.8067505558211452
656,0.8391170456251109,0.8291170456251109,0.8391170456251109,0.8391170456251109,0.8391170456251109,0.8291170456251109,0.8491170456251109,0.8391170456251109,0.8291170456251109,0.8291170456251109,0.8391170456251109,0.8291170456251109,0.8391170456251109
657,0.8617985091165337,0.8617985091165337,0.8617985091165337,0.8717985091165337,0.8717985091165337,0.8817985091165337,0.8817985091165337,0.8717985091165337,0.8717985091165337,0.8617985091165337,0.8617985091165337,0.8517985091165337,0.8617985091165337
658,0.8194887170228587,0.8094887170228587,0.8094887170228587,0.8094887170228587,0.8094887170228587,0.7994887170228587,0.7894887170228587,0.7994887170228587,0.8094887170228587,0.7894887170228587,0.7894887170228587,0.7894887170228587,0.8044887170228587
659,0.9029285575398167,0.9029285575398167,0.9029285575398167,0.9029285575398167,0.9029285575398167,0.9029285575398167,0.9029285575398167,0.9229285575398167,0.9429285575398167,0.9379285575398167,0.9379285575398167,0.9279285575398167,0.9079285575398167
660,0.7724553216528809,0.7824553216528809,0.7924553216528809,0.7724553216528809,0.7424553216528809,0.7424553216528809,0.7424553216528809,0.7424553216528809,0.7574553216528809,0.7574553216528809,0.7574553216528809,0.7874553216528809,0.7874553216528809
661,0.8789926458329804,0.8689926458329804,0.8889926458329804,0.8889926458329804,0.8889926458329804,0.8889926458329804,0.8989926458329804,0.8889926458329804,0.8989926458329804,0.8989926458329804,0.8989926458329804,0.8989926458329804,0.8989926458329804
662,0.8992045069054044,0.9092045069054044,0.9092045069054044,0.9292045069054045,0.9292045069054045,0.9292045069054045,0.9092045069054044,0.9292045069054045,0.9392045069054045,0.9292045069054045,0.9292045069054045,0.9092045069054044,0.9092045069054044
663,0.7626992512648838,0.7626992512648838,0.7526992512648838,0.7626992512648838,0.7726992512648838,0.7826992512648838,0.7826992512648838,0.7926992512648838,0.8026992512648838,0.8026992512648838,0.8026992512648838,0.8026992512648838,0.7976992512648838
664,0.8077934266495218,0.8077934266495218,0.8077934266495218,0.8177934266495218,0.8177934266495218,0.8077934266495218,0.7977934266495218,0.7977934266495218,0.7877934266495218,0.7877934266495218,0.7877934266495218,0.7777934266495218,0.7927934266495218
665,0.8633787272869875,0.8633787272869875,0.8933787272869875,0.8833787272869875,0.8733787272869875,0.8633787272869875,0.8733787272869875,0.8733787272869875,0.8533787272869875,0.8533787272869875,0.8533787272869875,0.8433787272869875,0.8433787272869875
666,0.8191637012917069,0.8091637012917069,0.8291637012917069,0.8091637012917069,0.8091637012917069,0.7991637012917069,0.8091637012917069,0.8191637012917069,0.8291637012917069,0.8291637012917069,0.8291637012917069,0.8491637012917069,0.8291637012917069
667,0.942183161613407,0.942183161613407,0.962183161613407,0.962183161613407,0.952183161613407,0.952183161613407,0.952183161613407,0.952183161613407,0.932183161613407,0.922183161613407,0.922183161613407,0.942183161613407,0.952183161613407
668,0.8495557206478508,0.8495557206478508,0.8495557206478508,0.8395557206478508,0.8195557206478508,0.8195557206478508,0.8195557206478508,0.8195557206478508,0.8345557206478508,0.8545557206478508,0.8645557206478508,0.8645557206478508,0.8645557206478508
669,0.9250218196255877,0.9250218196255877,0.9350218196255877,0.9050218196255877,0.9350218196255877,0.9350218196255877,0.9350218196255877,0.9250218196255877,0.9150218196255877,0.9350218196255877,0.9350218196255877,0.9350218196255877,0.9350218196255877
670,0.8177700479986258,0.8377700479986259,0.8127700479986258,0.8127700479986258,0.8527700479986259,0.8427700479986259,0.8427700479986259,0.8327700479986259,0.8327700479986259,0.8327700479986259,0.8327700479986259,0.8327700479986259,0.8227700479986259
671,0.8362732659595971,0.8362732659595971,0.8562732659595971,0.8362732659595971,0.8462732659595971,0.8462732659595971,0.826273265959597,0.816273265959597,0.816273265959597,0.806273265959597,0.796273265959597,0.796273265959597,0.796273265959597
672,0.7735289460542599,0.7835289460542599,0.7935289460542599,0.80352894605426,0.80352894605426,0.80352894605426,0.80352894605426,0.80352894605426,0.7935289460542599,0.80352894605426,0.7935289460542599,0.7935289460542599,0.7735289460542599
673,0.824274273253409,0.824274273253409,0.824274273253409,0.824274273253409,0.814274273253409,0.814274273253409,0.814274273253409,0.814274273253409,0.814274273253409,0.834274273253409,0.844274273253409,0.854274273253409,0.864274273253409
674,0.8278517918462783,0.8278517918462783,0.8278517918462783,0.8478517918462783,0.8378517918462783,0.8278517918462783,0.8478517918462783,0.8378517918462783,0.8378517918462783,0.8378517918462783,0.8378517918462783,0.8378517918462783,0.8278517918462783
675,0.8249930648806749,0.8249930648806749,0.8149930648806749,0.7849930648806749,0.7849930648806749,0.7899930648806749,0.7999930648806749,0.8099930648806749,0.8099930648806749,0.8199930648806749,0.8199930648806749,0.8299930648806749,0.8499930648806749
676,0.8458096425571833,0.8458096425571833,0.8558096425571833,0.8458096425571833,0.8458096425571833,0.8658096425571833,0.8658096425571833,0.8558096425571833,0.8558096425571833,0.8358096425571833,0.8558096425571833,0.8558096425571833,0.8658096425571833
677,0.8717684089294121,0.8517684089294121,0.8517684089294121,0.8517684089294121,0.8417684089294121,0.8417684089294121,0.8717684089294121,0.8717684089294121,0.8717684089294121,0.8617684089294121,0.8717684089294121,0.8617684089294121,0.8617684089294121
678,0.7837289409287288,0.7937289409287288,0.7737289409287288,0.7837289409287288,0.7837289409287288,0.7737289409287288,0.7937289409287288,0.7937289409287288,0.7837289409287288,0.7637289409287288,0.7737289409287288,0.8087289409287288,0.8087289409287288
679,0.9470339581311567,0.9370339581311566,0.9570339581311567,0.9370339581311566,0.9470339581311567,0.9470339581311567,0.9470339581311567,0.9470339581311567,0.9370339581311566,0.9470339581311567,0.9270339581311566,0.9270339581311566,0.9270339581311566
680,0.8978991995770328,0.8978991995770328,0.9178991995770328,0.9178991995770328,0.9178991995770328,0.9178991995770328,0.9278991995770328,0.9378991995770328,0.9378991995770328,0.9378991995770328,0.9328991995770328,0.9328991995770328,0.9228991995770328
681,0.9494430765602581,0.9494430765602581,0.9694430765602581,0.939443076560258,0.939443076560258,0.939443076560258,0.939443076560258,0.919443076560258,0.919443076560258,0.909443076560258,0.909443076560258,0.909443076560258,0.914443076560258
682,0.8651645054105962,0.8651645054105962,0.8551645054105962,0.8551645054105962,0.8651645054105962,0.8551645054105962,0.8551645054105962,0.8451645054105962,0.8351645054105962,0.8451645054105962,0.8651645054105962,0.8651645054105962,0.8651645054105962
683,0.9057553994996386,0.9157553994996386,0.9257553994996386,0.9257553994996386,0.9257553994996386,0.9157553994996386,0.9157553994996386,0.9257553994996386,0.9357553994996386,0.9357553994996386,0.9357553994996386,0.9357553994996386,0.9457553994996386
684,0.8971846554727231,0.9071846554727231,0.9071846554727231,0.9171846554727231,0.9171846554727231,0.9171846554727231,0.9071846554727231,0.9071846554727231,0.9071846554727231,0.8871846554727231,0.8971846554727231,0.8971846554727231,0.8971846554727231
685,0.8463477411581543,0.8463477411581543,0.8463477411581543,0.8463477411581543,0.8363477411581542,0.8263477411581542,0.8263477411581542,0.8163477411581542,0.8313477411581542,0.8113477411581542,0.8213477411581542,0.8213477411581542,0.8313477411581542
686,0.9069031967091413,0.8869031967091413,0.8769031967091413,0.8869031967091413,0.8969031967091413,0.8869031967091413,0.8669031967091413,0.8719031967091413,0.9019031967091413,0.9019031967091413,0.9419031967091414,0.9219031967091413,0.9419031967091414
687,0.8739307243340624,0.8739307243340624,0.8639307243340624,0.8839307243340624,0.8739307243340624,0.8739307243340624,0.8739307243340624,0.8839307243340624,0.9039307243340624,0.9039307243340624,0.8889307243340624,0.8889307243340624,0.8989307243340624
688,0.8640480215340626,0.8640480215340626,0.8640480215340626,0.8640480215340626,0.8640480215340626,0.8640480215340626,0.8740480215340626,0.8640480215340626,0.8740480215340626,0.8940480215340626,0.8940480215340626,0.8790480215340626,0.8590480215340626
689,0.8819167430662688,0.8819167430662688,0.8719167430662688,0.8819167430662688,0.8919167430662688,0.8919167430662688,0.8919167430662688,0.9219167430662688,0.9169167430662688,0.9069167430662688,0.9069167430662688,0.8769167430662688,0.8769167430662688
690,0.9234525582449922,0.9034525582449922,0.9234525582449922,0.9334525582449922,0.9234525582449922,0.9134525582449922,0.9134525582449922,0.9134525582449922,0.9034525582449922,0.9134525582449922,0.9034525582449922,0.9034525582449922,0.8834525582449921
691,0.9286157762579059,0.9186157762579059,0.9086157762579059,0.9086157762579059,0.9086157762579059,0.9086157762579059,0.9086157762579059,0.8986157762579059,0.8886157762579059,0.8936157762579059,0.8936157762579059,0.9036157762579059,0.9236157762579059
692,0.8768126049029615,0.8668126049029615,0.8668126049029615,0.8668126049029615,0.8768126049029615,0.8868126049029615,0.8868126049029615,0.8768126049029615,0.8668126049029615,0.8368126049029615,0.8568126049029615,0.8568126049029615,0.8568126049029615
693,0.8315449420628231,0.8315449420628231,0.8415449420628232,0.8415449420628232,0.8515449420628232,0.8615449420628232,0.8615449420628232,0.8615449420628232,0.8515449420628232,0.8415449420628232,0.8615449420628232,0.8465449420628232,0.8365449420628231
694,0.8792382052820216,0.8792382052820216,0.8792382052820216,0.8892382052820216,0.8892382052820216,0.9192382052820216,0.9192382052820216,0.9142382052820216,0.9042382052820216,0.9042382052820216,0.8942382052820216,0.8842382052820216,0.8842382052820216
695,0.8642947850288178,0.8542947850288178,0.8842947850288179,0.8642947850288178,0.8642947850288178,0.8642947850288178,0.8742947850288179,0.8742947850288179,0.8742947850288179,0.8542947850288178,0.8542947850288178,0.8442947850288178,0.8242947850288178
696,0.8015487887189655,0.7915487887189655,0.8115487887189655,0.8115487887189655,0.8115487887189655,0.8015487887189655,0.8115487887189655,0.8115487887189655,0.8015487887189655,0.8115487887189655,0.8015487887189655,0.7815487887189655,0.7815487887189655
697,0.9155889242268334,0.9155889242268334,0.9355889242268334,0.9355889242268334,0.9555889242268334,0.9255889242268334,0.9255889242268334,0.9155889242268334,0.9055889242268333,0.8955889242268333,0.8755889242268333,0.8955889242268333,0.9055889242268333
698,0.8985328193789595,0.8985328193789595,0.8985328193789595,0.9085328193789595,0.8985328193789595,0.8985328193789595,0.8985328193789595,0.8985328193789595,0.9085328193789595,0.9085328193789595,0.9085328193789595,0.8985328193789595,0.8985328193789595
699,0.9044390754954649,0.9044390754954649,0.9044390754954649,0.9144390754954649,0.9144390754954649,0.9244390754954649,0.9244390754954649,0.9244390754954649,0.8944390754954649,0.9144390754954649,0.9344390754954649,0.9444390754954649,0.9394390754954649
700,0.8569993639101293,0.8369993639101293,0.8369993639101293,0.8169993639101293,0.8219993639101293,0.8319993639101293,0.8219993639101293,0.8419993639101293,0.8319993639101293,0.8319993639101293,0.8319993639101293,0.8519993639101293,0.8619993639101293
701,0.8752072981279055,0.8652072981279055,0.8652072981279055,0.8752072981279055,0.8752072981279055,0.8652072981279055,0.8852072981279056,0.8652072981279055,0.9002072981279056,0.9102072981279056,0.9002072981279056,0.9102072981279056,0.9202072981279056
702,0.9095564990222308,0.8995564990222308,0.8995564990222308,0.8895564990222308,0.9195564990222308,0.9495564990222308,0.9495564990222308,0.9445564990222308,0.9245564990222308,0.9245564990222308,0.9245564990222308,0.9545564990222308,0.9545564990222308
703,0.8487033839677552,0.8687033839677553,0.8587033839677553,0.8587033839677553,0.8587033839677553,0.8587033839677553,0.8587033839677553,0.8587033839677553,0.8587033839677553,0.8687033839677553,0.8687033839677553,0.8887033839677553,0.8887033839677553
704,0.9048869557863363,0.9048869557863363,0.9148869557863363,0.8848869557863362,0.8648869557863362,0.8648869557863362,0.8648869557863362,0.8648869557863362,0.8748869557863362,0.8748869557863362,0.8748869557863362,0.8648869557863362,0.8698869557863362
705,0.8967884721768297,0.8967884721768297,0.9167884721768297,0.9167884721768297,0.9267884721768297,0.9267884721768297,0.9267884721768297,0.9167884721768297,0.9067884721768297,0.9167884721768297,0.9167884721768297,0.9167884721768297,0.9067884721768297
706,0.8991225396998499,0.8791225396998499,0.8691225396998499,0.8691225396998499,0.8791225396998499,0.8791225396998499,0.8691225396998499,0.8691225396998499,0.8791225396998499,0.8691225396998499,0.8891225396998499,0.8891225396998499,0.8791225396998499
707,0.8768563278370852,0.8768563278370852,0.8568563278370852,0.8768563278370852,0.8768563278370852,0.8968563278370852,0.8968563278370852,0.8968563278370852,0.8968563278370852,0.8868563278370852,0.9068563278370853,0.8918563278370852,0.8718563278370852
708,0.8670657344506908,0.8570657344506908,0.8670657344506908,0.8570657344506908,0.8470657344506908,0.8470657344506908,0.8670657344506908,0.8670657344506908,0.8470657344506908,0.8570657344506908,0.8770657344506908,0.8870657344506908,0.8870657344506908
709,0.8288254577595383,0.8288254577595383,0.8288254577595383,0.8488254577595383,0.8388254577595383,0.8088254577595383,0.8088254577595383,0.8088254577595383,0.8188254577595383,0.8188254577595383,0.8088254577595383,0.8088254577595383,0.8188254577595383
710,0.8873962188148705,0.8873962188148705,0.8873962188148705,0.8673962188148705,0.8573962188148705,0.8673962188148705,0.8773962188148705,0.8573962188148705,0.8573962188148705,0.8773962188148705,0.8773962188148705,0.8773962188148705,0.8673962188148705
711,0.835114316146409,0.825114316146409,0.8051143161464089,0.7951143161464089,0.7951143161464089,0.8001143161464089,0.840114316146409,0.840114316146409,0.840114316146409,0.860114316146409,0.870114316146409,0.860114316146409,0.860114316146409
712,0.9006473897741948,0.8906473897741948,0.9006473897741948,0.9006473897741948,0.9006473897741948,0.8906473897741948,0.8906473897741948,0.8906473897741948,0.8806473897741948,0.8806473897741948,0.8806473897741948,0.8706473897741948,0.8806473897741948
713,0.779774181955684,0.779774181955684,0.789774181955684,0.789774181955684,0.759774181955684,0.759774181955684,0.779774181955684,0.759774181955684,0.789774181955684,0.759774181955684,0.739774181955684,0.749774181955684,0.769774181955684
714,0.8884517290165124,0.8884517290165124,0.8984517290165124,0.8784517290165124,0.8784517290165124,0.8784517290165124,0.8784517290165124,0.8784517290165124,0.8984517290165124,0.8984517290165124,0.8984517290165124,0.9084517290165124,0.8884517290165124
715,0.909288710837512,0.8992887108375119,0.8892887108375119,0.8792887108375119,0.8792887108375119,0.8792887108375119,0.8692887108375119,0.8792887108375119,0.8792887108375119,0.8792887108375119,0.8892887108375119,0.8892887108375119,0.8992887108375119
716,0.8661346198429478,0.8661346198429478,0.8761346198429478,0.8761346198429478,0.8761346198429478,0.8761346198429478,0.8761346198429478,0.8761346198429478,0.8661346198429478,0.8861346198429478,0.8961346198429478,0.8961346198429478,0.8861346198429478
717,0.8749109883908712,0.8949109883908712,0.8849109883908712,0.8849109883908712,0.8949109883908712,0.8949109883908712,0.8949109883908712,0.8949109883908712,0.8699109883908712,0.8799109883908712,0.8799109883908712,0.8799109883908712,0.8899109883908712
718,0.8806485535128024,0.8806485535128024,0.9006485535128024,0.9106485535128024,0.9106485535128024,0.9106485535128024,0.9006485535128024,0.8756485535128024,0.8756485535128024,0.8756485535128024,0.8756485535128024,0.8956485535128024,0.8956485535128024
719,0.8802856036836353,0.8802856036836353,0.9002856036836353,0.8902856036836353,0.8902856036836353,0.8902856036836353,0.8902856036836353,0.8802856036836353,0.8702856036836353,0.8802856036836353,0.8802856036836353,0.8802856036836353,0.8902856036836353
720,0.8799794843518105,0.8899794843518105,0.8999794843518105,0.8999794843518105,0.9199794843518105,0.9199794843518105,0.9199794843518105,0.9199794843518105,0.9149794843518105,0.9049794843518105,0.9049794843518105,0.9149794843518105,0.9149794843518105
721,0.8526713430080841,0.8526713430080841,0.8526713430080841,0.8226713430080841,0.8226713430080841,0.8126713430080841,0.8126713430080841,0.8126713430080841,0.8226713430080841,0.8226713430080841,0.8376713430080841,0.8376713430080841,0.8476713430080841
722,0.8672028972831778,0.8672028972831778,0.8672028972831778,0.8672028972831778,0.8872028972831778,0.8872028972831778,0.8572028972831778,0.8572028972831778,0.8472028972831778,0.8572028972831778,0.8672028972831778,0.8372028972831778,0.8572028972831778
723,0.8788837061382199,0.8788837061382199,0.8988837061382199,0.8888837061382199,0.8888837061382199,0.8688837061382199,0.8988837061382199,0.8988837061382199,0.9088837061382199,0.8888837061382199,0.8888837061382199,0.8588837061382198,0.8888837061382199
724,0.7897953047967133,0.8097953047967134,0.8097953047967134,0.8197953047967134,0.8297953047967134,0.8297953047967134,0.8247953047967134,0.8147953047967134,0.8247953047967134,0.8047953047967134,0.8247953047967134,0.8247953047967134,0.8247953047967134
725,0.8370869468289107,0.8170869468289107,0.8070869468289107,0.8070869468289107,0.8070869468289107,0.8070869468289107,0.8070869468289107,0.8270869468289107,0.8270869468289107,0.8170869468289107,0.8170869468289107,0.7970869468289107,0.8070869468289107
726,0.9079068499855306,0.9079068499855306,0.9279068499855306,0.9179068499855306,0.9179068499855306,0.9079068499855306,0.9079068499855306,0.8979068499855306,0.9179068499855306,0.8979068499855306,0.8979068499855306,0.9079068499855306,0.9079068499855306
727,0.9127891821291478,0.9127891821291478,0.9227891821291478,0.9327891821291479,0.9327891821291479,0.9327891821291479,0.9327891821291479,0.9327891821291479,0.9327891821291479,0.9327891821291479,0.9327891821291479,0.9327891821291479,0.9227891821291478
728,0.8321503213788783,0.8321503213788783,0.8221503213788783,0.8221503213788783,0.8221503213788783,0.8221503213788783,0.8221503213788783,0.8221503213788783,0.8121503213788783,0.8121503213788783,0.8121503213788783,0.8121503213788783,0.8021503213788783
729,0.8639230791738038,0.8539230791738038,0.8339230791738038,0.8339230791738038,0.8439230791738038,0.8339230791738038,0.8339230791738038,0.8339230791738038,0.8339230791738038,0.8339230791738038,0.8339230791738038,0.8539230791738038,0.8439230791738038
730,0.8709173324737982,0.8609173324737982,0.8809173324737982,0.8309173324737982,0.8359173324737982,0.8459173324737982,0.8559173324737982,0.8559173324737982,0.8859173324737982,0.9059173324737982,0.9059173324737982,0.9059173324737982,0.8959173324737982
731,0.8664086217688362,0.8564086217688361,0.8564086217688361,0.8664086217688362,0.8564086217688361,0.8964086217688362,0.8964086217688362,0.8814086217688362,0.9014086217688362,0.9014086217688362,0.8914086217688362,0.8714086217688362,0.8714086217688362
732,0.9329433201006467,0.9429433201006467,0.9429433201006467,0.9329433201006467,0.9329433201006467,0.9429433201006467,0.9429433201006467,0.9329433201006467,0.9329433201006467,0.9329433201006467,0.9529433201006468,0.9629433201006468,0.9629433201006468
733,0.893118576677617,0.903118576677617,0.903118576677617,0.913118576677617,0.903118576677617,0.903118576677617,0.913118576677617,0.913118576677617,0.933118576677617,0.933118576677617,0.923118576677617,0.883118576677617,0.903118576677617
734,0.9106409082215837,0.9106409082215837,0.9106409082215837,0.9206409082215837,0.9206409082215837,0.9206409082215837,0.9106409082215837,0.8906409082215837,0.9106409082215837,0.9106409082215837,0.9106409082215837,0.8906409082215837,0.8906409082215837
735,0.8496955157111391,0.8396955157111391,0.8396955157111391,0.8596955157111391,0.8696955157111391,0.8896955157111391,0.8896955157111391,0.8896955157111391,0.8846955157111391,0.8846955157111391,0.8846955157111391,0.8846955157111391,0.8646955157111391
736,0.8594342992753271,0.8594342992753271,0.8594342992753271,0.8494342992753271,0.8494342992753271,0.8594342992753271,0.8394342992753271,0.8394342992753271,0.8294342992753271,0.8394342992753271,0.8294342992753271,0.8494342992753271,0.8594342992753271
737,0.8745737010836095,0.8845737010836096,0.8845737010836096,0.8945737010836096,0.8945737010836096,0.9045737010836096,0.9045737010836096,0.8945737010836096,0.9145737010836096,0.9145737010836096,0.9145737010836096,0.9045737010836096,0.9145737010836096
738,0.8029355798321486,0.7729355798321486,0.7629355798321485,0.7829355798321486,0.8029355798321486,0.8029355798321486,0.8129355798321486,0.8129355798321486,0.8029355798321486,0.8029355798321486,0.8029355798321486,0.8229355798321486,0.8229355798321486
739,0.8067680387807741,0.8067680387807741,0.8067680387807741,0.8267680387807741,0.8167680387807741,0.8267680387807741,0.8267680387807741,0.8067680387807741,0.8067680387807741,0.8067680387807741,0.8067680387807741,0.8067680387807741,0.8067680387807741
740,0.9173570794128615,0.9173570794128615,0.9273570794128615,0.9273570794128615,0.9473570794128615,0.9273570794128615,0.9373570794128615,0.9473570794128615,0.9473570794128615,0.9273570794128615,0.9273570794128615,0.9073570794128615,0.9073570794128615
741,0.8656344278224078,0.8656344278224078,0.8956344278224079,0.8856344278224079,0.8756344278224079,0.8756344278224079,0.8856344278224079,0.8956344278224079,0.9056344278224079,0.9056344278224079,0.9006344278224079,0.9006344278224079,0.9006344278224079
742,0.8981090411531147,0.9081090411531147,0.9081090411531147,0.9081090411531147,0.9181090411531148,0.9181090411531148,0.9381090411531148,0.9181090411531148,0.9181090411531148,0.8981090411531147,0.8881090411531147,0.8781090411531147,0.8781090411531147
743,0.8908836467442742,0.8908836467442742,0.8808836467442742,0.8808836467442742,0.8608836467442742,0.8708836467442742,0.8508836467442742,0.8508836467442742,0.8508836467442742,0.8508836467442742,0.8508836467442742,0.8508836467442742,0.8558836467442742
744,0.8602814471520678,0.8402814471520678,0.8402814471520678,0.8502814471520678,0.8702814471520678,0.8702814471520678,0.8702814471520678,0.8702814471520678,0.8402814471520678,0.8402814471520678,0.8652814471520678,0.8452814471520678,0.8452814471520678
745,0.8687206139554525,0.8487206139554525,0.8287206139554525,0.8337206139554525,0.8337206139554525,0.8437206139554525,0.8437206139554525,0.8337206139554525,0.8437206139554525,0.8237206139554525,0.8237206139554525,0.8237206139554525,0.8437206139554525
746,0.7889599342399952,0.7889599342399952,0.7789599342399952,0.7789599342399952,0.7789599342399952,0.8089599342399952,0.8089599342399952,0.8089599342399952,0.8089599342399952,0.7989599342399952,0.7989599342399952,0.7889599342399952,0.7889599342399952
747,0.75234698480253,0.76234698480253,0.75234698480253,0.74234698480253,0.75234698480253,0.73234698480253,0.76234698480253,0.7723469848025301,0.74734698480253,0.76734698480253,0.76734698480253,0.75734698480253,0.76734698480253
748,0.852625493696528,0.8226254936965279,0.8226254936965279,0.8326254936965279,0.8326254936965279,0.842625493696528,0.862625493696528,0.872625493696528,0.872625493696528,0.872625493696528,0.872625493696528,0.882625493696528,0.867625493696528
749,0.8760887065164487,0.8760887065164487,0.8760887065164487,0.8860887065164487,0.8860887065164487,0.8860887065164487,0.8860887065164487,0.8860887065164487,0.8860887065164487,0.8960887065164487,0.8860887065164487,0.8660887065164486,0.8660887065164486
750,0.8780745135304874,0.8780745135304874,0.8580745135304874,0.8580745135304874,0.8580745135304874,0.8480745135304874,0.8580745135304874,0.8580745135304874,0.8480745135304874,0.8580745135304874,0.8580745135304874,0.8680745135304874,0.8780745135304874
751,0.9397991240918293,0.9397991240918293,0.9397991240918293,0.9697991240918293,0.9697991240918293,0.9697991240918293,0.9797991240918293,0.9797991240918293,0.9747991240918293,0.9647991240918293,0.9647991240918293,0.9447991240918293,0.9547991240918293
752,0.8794662399059818,0.8794662399059818,0.8794662399059818,0.8494662399059818,0.8694662399059818,0.8594662399059818,0.8394662399059818,0.8394662399059818,0.8394662399059818,0.8494662399059818,0.8494662399059818,0.8494662399059818,0.8494662399059818
753,0.7637661162744919,0.7637661162744919,0.7537661162744919,0.7337661162744918,0.7237661162744918,0.7337661162744918,0.7237661162744918,0.7287661162744918,0.7287661162744918,0.7387661162744918,0.7387661162744918,0.7487661162744919,0.7587661162744919
754,0.908735867957776,0.908735867957776,0.8887358679577759,0.8987358679577759,0.8987358679577759,0.8787358679577759,0.8787358679577759,0.8687358679577759,0.8737358679577759,0.8837358679577759,0.8737358679577759,0.8737358679577759,0.8737358679577759
755,0.8388271229693115,0.8388271229693115,0.8288271229693115,0.8288271229693115,0.8188271229693115,0.7988271229693115,0.8088271229693115,0.8088271229693115,0.8088271229693115,0.8088271229693115,0.7988271229693115,0.8038271229693115,0.8038271229693115
756,0.8419420609701045,0.8419420609701045,0.8319420609701045,0.8119420609701045,0.8219420609701045,0.8119420609701045,0.8269420609701045,0.8269420609701045,0.8269420609701045,0.8469420609701045,0.8569420609701045,0.8569420609701045,0.8569420609701045
757,0.8292078051824917,0.8192078051824917,0.8492078051824917,0.8492078051824917,0.8492078051824917,0.8492078051824917,0.8592078051824917,0.8592078051824917,0.8592078051824917,0.8692078051824917,0.8642078051824917,0.8442078051824917,0.8442078051824917
758,0.9093503928270299,0.9093503928270299,0.9093503928270299,0.9193503928270299,0.9193503928270299,0.8993503928270299,0.8993503928270299,0.8893503928270299,0.9143503928270299,0.9143503928270299,0.9243503928270299,0.9343503928270299,0.9443503928270299
759,0.84576377189652,0.84576377189652,0.84576377189652,0.83576377189652,0.82576377189652,0.82576377189652,0.82576377189652,0.8157637718965199,0.8157637718965199,0.83576377189652,0.83576377189652,0.83576377189652,0.83576377189652
760,0.8264269443213761,0.8164269443213761,0.8164269443213761,0.8164269443213761,0.8064269443213761,0.786426944321376,0.7914269443213761,0.7914269443213761,0.8014269443213761,0.8014269443213761,0.8014269443213761,0.7914269443213761,0.7914269443213761
761,0.8849858017299246,0.8749858017299246,0.8849858017299246,0.8849858017299246,0.8749858017299246,0.8549858017299246,0.8549858017299246,0.8549858017299246,0.8449858017299245,0.8549858017299246,0.8549858017299246,0.8649858017299246,0.8649858017299246
762,0.8774189762489639,0.8674189762489639,0.8674189762489639,0.8574189762489639,0.8574189762489639,0.8374189762489639,0.8424189762489639,0.8424189762489639,0.8624189762489639,0.8724189762489639,0.8424189762489639,0.8424189762489639,0.8424189762489639
763,0.9416879450669564,0.9516879450669564,0.9516879450669564,0.9516879450669564,0.9516879450669564,0.9416879450669564,0.9516879450669564,0.9416879450669564,0.9616879450669564,0.9716879450669564,0.9816879450669564,0.9816879450669564,0.9816879450669564
764,0.900998901763644,0.900998901763644,0.8909989017636439,0.8809989017636439,0.8609989017636439,0.8659989017636439,0.8659989017636439,0.8759989017636439,0.8759989017636439,0.8659989017636439,0.8659989017636439,0.8659989017636439,0.8659989017636439
765,0.8858734525231156,0.8958734525231156,0.8858734525231156,0.8758734525231155,0.8458734525231155,0.8458734525231155,0.8458734525231155,0.8458734525231155,0.8558734525231155,0.8658734525231155,0.8558734525231155,0.8458734525231155,0.8508734525231155
766,0.9068888435918387,0.8868888435918387,0.8868888435918387,0.8768888435918387,0.8918888435918387,0.9218888435918388,0.9018888435918387,0.8918888435918387,0.8918888435918387,0.8918888435918387,0.8718888435918387,0.8718888435918387,0.8718888435918387
767,0.8782142026902378,0.8682142026902377,0.8682142026902377,0.8682142026902377,0.8682142026902377,0.8582142026902377,0.8682142026902377,0.8782142026902378,0.8482142026902377,0.8782142026902378,0.8582142026902377,0.8682142026902377,0.8582142026902377
768,0.8518077064235905,0.8318077064235905,0.8418077064235905,0.8418077064235905,0.8518077064235905,0.8618077064235905,0.8618077064235905,0.8718077064235905,0.8718077064235905,0.8818077064235905,0.8668077064235905,0.8668077064235905,0.8668077064235905
769,0.8500871476672338,0.8500871476672338,0.8600871476672338,0.8600871476672338,0.8600871476672338,0.8600871476672338,0.8600871476672338,0.8500871476672338,0.8200871476672338,0.8100871476672338,0.8100871476672338,0.8100871476672338,0.8150871476672338
770,0.817657264574134,0.817657264574134,0.817657264574134,0.807657264574134,0.817657264574134,0.817657264574134,0.817657264574134,0.807657264574134,0.807657264574134,0.807657264574134,0.787657264574134,0.797657264574134,0.797657264574134
771,0.8929546033207753,0.9029546033207753,0.9029546033207753,0.9029546033207753,0.9129546033207753,0.9029546033207753,0.8929546033207753,0.8929546033207753,0.8829546033207752,0.8829546033207752,0.8929546033207753,0.8929546033207753,0.8929546033207753
772,0.9105949888119433,0.9105949888119433,0.9205949888119433,0.9205949888119433,0.9205949888119433,0.9205949888119433,0.9205949888119433,0.9305949888119434,0.9305949888119434,0.9305949888119434,0.9105949888119433,0.9005949888119433,0.9005949888119433
773,0.8302530579601105,0.8402530579601105,0.8502530579601105,0.8602530579601105,0.8602530579601105,0.8602530579601105,0.8602530579601105,0.8502530579601105,0.8602530579601105,0.8402530579601105,0.8302530579601105,0.8302530579601105,0.8402530579601105
774,0.9426602898738524,0.9326602898738524,0.9676602898738524,0.9776602898738525,0.9776602898738525,0.9676602898738524,0.9576602898738524,0.9576602898738524,0.9576602898738524,0.9576602898738524,0.9576602898738524,0.9576602898738524,0.9276602898738524
775,0.8831750218486374,0.8831750218486374,0.9031750218486374,0.9031750218486374,0.9031750218486374,0.9131750218486374,0.9031750218486374,0.9131750218486374,0.9131750218486374,0.9131750218486374,0.8981750218486374,0.8981750218486374,0.8581750218486374
776,0.921796985097699,0.931796985097699,0.921796985097699,0.921796985097699,0.921796985097699,0.931796985097699,0.921796985097699,0.941796985097699,0.941796985097699,0.941796985097699,0.931796985097699,0.921796985097699,0.921796985097699
777,0.8762372225563931,0.8862372225563931,0.8862372225563931,0.8862372225563931,0.9062372225563932,0.9062372225563932,0.8962372225563932,0.9062372225563932,0.9162372225563932,0.8962372225563932,0.8962372225563932,0.8762372225563931,0.8962372225563932
778,0.9562793211396748,0.9762793211396749,0.9862793211396749,0.9862793211396749,0.9862793211396749,0.9762793211396749,0.9762793211396749,0.9512793211396748,0.9512793211396748,0.9412793211396748,0.9412793211396748,0.9312793211396748,0.9312793211396748
779,0.8389613339099969,0.8289613339099969,0.8289613339099969,0.858961333909997,0.858961333909997,0.8389613339099969,0.8389613339099969,0.8389613339099969,0.8389613339099969,0.8389613339099969,0.858961333909997,0.858961333909997,0.858961333909997
780,0.8926821117980209,0.912682111798021,0.9026821117980209,0.8826821117980209,0.8826821117980209,0.8826821117980209,0.8826821117980209,0.8626821117980209,0.8626821117980209,0.8626821117980209,0.8626821117980209,0.8626821117980209,0.8626821117980209
781,0.841951778603391,0.851951778603391,0.861951778603391,0.881951778603391,0.876951778603391,0.866951778603391,0.866951778603391,0.866951778603391,0.886951778603391,0.886951778603391,0.886951778603391,0.886951778603391,0.886951778603391
782,0.7876425523429257,0.7876425523429257,0.7876425523429257,0.7876425523429257,0.7776425523429257,0.7776425523429257,0.7776425523429257,0.7776425523429257,0.7876425523429257,0.7776425523429257,0.7876425523429257,0.7876425523429257,0.8076425523429257
783,0.807154886504336,0.807154886504336,0.787154886504336,0.777154886504336,0.777154886504336,0.777154886504336,0.777154886504336,0.777154886504336,0.777154886504336,0.777154886504336,0.787154886504336,0.777154886504336,0.777154886504336
784,0.855281989731242,0.855281989731242,0.855281989731242,0.845281989731242,0.865281989731242,0.875281989731242,0.8852819897312421,0.855281989731242,0.855281989731242,0.845281989731242,0.845281989731242,0.845281989731242,0.845281989731242
785,0.8829373250045379,0.8829373250045379,0.8929373250045379,0.8929373250045379,0.8929373250045379,0.8929373250045379,0.8829373250045379,0.8829373250045379,0.8829373250045379,0.8729373250045379,0.8629373250045379,0.8529373250045379,0.8529373250045379
786,0.8748208121826551,0.8748208121826551,0.8748208121826551,0.8748208121826551,0.8748208121826551,0.864820812182655,0.864820812182655,0.864820812182655,0.854820812182655,0.844820812182655,0.844820812182655,0.844820812182655,0.854820812182655
787,0.8563392351956665,0.8563392351956665,0.8763392351956665,0.8663392351956665,0.8663392351956665,0.8663392351956665,0.8663392351956665,0.8663392351956665,0.8313392351956664,0.8413392351956664,0.8413392351956664,0.8413392351956664,0.8413392351956664
788,0.7822412252228762,0.7722412252228762,0.7822412252228762,0.8022412252228762,0.8122412252228762,0.7722412252228762,0.7722412252228762,0.7622412252228762,0.7422412252228762,0.7422412252228762,0.7422412252228762,0.7472412252228762,0.7572412252228762
789,0.941947736528124,0.921947736528124,0.911947736528124,0.911947736528124,0.901947736528124,0.906947736528124,0.916947736528124,0.916947736528124,0.916947736528124,0.926947736528124,0.926947736528124,0.946947736528124,0.946947736528124
790,0.8616159715144247,0.8616159715144247,0.8616159715144247,0.8616159715144247,0.8516159715144247,0.8416159715144247,0.8516159715144247,0.8616159715144247,0.8716159715144247,0.8916159715144247,0.8916159715144247,0.8716159715144247,0.8716159715144247
791,0.8075563912756804,0.8075563912756804,0.7975563912756803,0.8275563912756804,0.8475563912756804,0.8075563912756804,0.8175563912756804,0.8175563912756804,0.8275563912756804,0.8475563912756804,0.8275563912756804,0.8475563912756804,0.8475563912756804
792,0.9214510796958524,0.9314510796958524,0.9114510796958524,0.8914510796958524,0.9014510796958524,0.9014510796958524,0.9014510796958524,0.9014510796958524,0.9014510796958524,0.9214510796958524,0.9214510796958524,0.9114510796958524,0.9014510796958524
793,0.875887961383546,0.865887961383546,0.875887961383546,0.875887961383546,0.895887961383546,0.895887961383546,0.885887961383546,0.905887961383546,0.905887961383546,0.915887961383546,0.915887961383546,0.915887961383546,0.915887961383546
794,0.8339674972692664,0.8239674972692664,0.8139674972692664,0.8239674972692664,0.8139674972692664,0.8389674972692664,0.8689674972692665,0.8589674972692665,0.8589674972692665,0.8389674972692664,0.8689674972692665,0.8589674972692665,0.8589674972692665
795,0.8356453899779953,0.8356453899779953,0.8356453899779953,0.8356453899779953,0.8356453899779953,0.8356453899779953,0.8356453899779953,0.8256453899779953,0.8256453899779953,0.8156453899779953,0.8156453899779953,0.8156453899779953,0.8156453899779953
796,0.9136655351925523,0.9136655351925523,0.9036655351925523,0.8936655351925523,0.8836655351925523,0.8936655351925523,0.8736655351925523,0.8736655351925523,0.8836655351925523,0.8936655351925523,0.8936655351925523,0.9036655351925523,0.9036655351925523
797,0.8404208879757845,0.8304208879757845,0.8304208879757845,0.8304208879757845,0.8304208879757845,0.8304208879757845,0.8204208879757845,0.8504208879757845,0.8504208879757845,0.8604208879757845,0.8604208879757845,0.8404208879757845,0.8204208879757845
798,0.8249886735071038,0.8149886735071038,0.8049886735071038,0.8149886735071038,0.8349886735071038,0.8349886735071038,0.8149886735071038,0.8149886735071038,0.8249886735071038,0.7949886735071038,0.8099886735071038,0.8299886735071038,0.8299886735071038
799,0.8697110279726756,0.8697110279726756,0.8497110279726756,0.8497110279726756,0.8597110279726756,0.8497110279726756,0.8597110279726756,0.8597110279726756,0.8597110279726756,0.8497110279726756,0.8747110279726756,0.8547110279726756,0.8547110279726756
800,0.9081228599684918,0.9181228599684919,0.9081228599684918,0.8981228599684918,0.8881228599684918,0.8881228599684918,0.8781228599684918,0.8681228599684918,0.8681228599684918,0.8781228599684918,0.8881228599684918,0.8881228599684918,0.8781228599684918
801,0.8078115498778298,0.7878115498778298,0.7778115498778297,0.7678115498778297,0.7728115498778297,0.7828115498778297,0.7928115498778298,0.8128115498778298,0.8128115498778298,0.8228115498778298,0.8028115498778298,0.7928115498778298,0.7928115498778298
802,0.8643421986173714,0.8643421986173714,0.8743421986173714,0.8543421986173714,0.8643421986173714,0.8543421986173714,0.8543421986173714,0.8443421986173714,0.8343421986173714,0.8343421986173714,0.8343421986173714,0.8443421986173714,0.8643421986173714
803,0.9703742053333675,0.9703742053333675,0.9603742053333675,0.9403742053333675,0.9603742053333675,0.9503742053333675,0.9503742053333675,0.9703742053333675,0.9503742053333675,0.9753742053333675,0.9753742053333675,0.9653742053333675,0.9953742053333675
804,0.887104444321218,0.887104444321218,0.877104444321218,0.877104444321218,0.877104444321218,0.877104444321218,0.867104444321218,0.877104444321218,0.877104444321218,0.877104444321218,0.887104444321218,0.897104444321218,0.877104444321218
805,0.8854443515029771,0.8754443515029771,0.855444351502977,0.855444351502977,0.845444351502977,0.845444351502977,0.850444351502977,0.850444351502977,0.850444351502977,0.850444351502977,0.860444351502977,0.860444351502977,0.850444351502977
806,0.897353768600607,0.887353768600607,0.887353768600607,0.897353768600607,0.897353768600607,0.897353768600607,0.897353768600607,0.897353768600607,0.927353768600607,0.917353768600607,0.917353768600607,0.917353768600607,0.917353768600607
807,0.8054187061054385,0.8154187061054385,0.8054187061054385,0.8054187061054385,0.8054187061054385,0.8054187061054385,0.7954187061054385,0.7954187061054385,0.7854187061054385,0.7854187061054385,0.7854187061054385,0.8154187061054385,0.8154187061054385
808,0.8505074114504695,0.8305074114504695,0.8305074114504695,0.8205074114504695,0.8205074114504695,0.8355074114504695,0.8355074114504695,0.8255074114504695,0.8255074114504695,0.8355074114504695,0.8355074114504695,0.8355074114504695,0.8255074114504695
809,0.798224578050544,0.798224578050544,0.798224578050544,0.798224578050544,0.798224578050544,0.798224578050544,0.778224578050544,0.758224578050544,0.763224578050544,0.763224578050544,0.773224578050544,0.763224578050544,0.763224578050544
810,0.9029969572654684,0.9029969572654684,0.8829969572654683,0.8829969572654683,0.8829969572654683,0.8829969572654683,0.8929969572654683,0.9029969572654684,0.9029969572654684,0.9129969572654684,0.9129969572654684,0.9229969572654684,0.9229969572654684
811,0.8449939823213561,0.8449939823213561,0.8349939823213561,0.8549939823213561,0.8549939823213561,0.8549939823213561,0.8549939823213561,0.8549939823213561,0.8549939823213561,0.8649939823213562,0.8649939823213562,0.8549939823213561,0.8449939823213561
812,0.8883101404896652,0.9083101404896652,0.9183101404896652,0.9083101404896652,0.9183101404896652,0.9283101404896652,0.9233101404896652,0.9233101404896652,0.9133101404896652,0.9133101404896652,0.9133101404896652,0.9133101404896652,0.9133101404896652
813,0.8483704738725829,0.8483704738725829,0.8483704738725829,0.8683704738725829,0.8583704738725829,0.8383704738725829,0.8583704738725829,0.8483704738725829,0.8383704738725829,0.8483704738725829,0.8483704738725829,0.8483704738725829,0.8583704738725829
814,0.8862411306280786,0.8862411306280786,0.8762411306280786,0.9062411306280787,0.9062411306280787,0.9162411306280787,0.8962411306280786,0.9062411306280787,0.9062411306280787,0.9062411306280787,0.8962411306280786,0.9262411306280787,0.9212411306280787
815,0.9221141716432539,0.942114171643254,0.952114171643254,0.962114171643254,0.942114171643254,0.952114171643254,0.942114171643254,0.9221141716432539,0.9121141716432539,0.9121141716432539,0.9221141716432539,0.9121141716432539,0.9121141716432539
816,0.8416576281127907,0.8516576281127907,0.8416576281127907,0.8416576281127907,0.8316576281127906,0.8416576281127907,0.8416576281127907,0.8516576281127907,0.8166576281127906,0.8066576281127906,0.7966576281127906,0.7966576281127906,0.7966576281127906
817,0.9167556704593541,0.9367556704593542,0.9367556704593542,0.9467556704593542,0.9567556704593542,0.9567556704593542,0.9517556704593542,0.9517556704593542,0.9517556704593542,0.9517556704593542,0.9517556704593542,0.9417556704593542,0.9517556704593542
818,0.81647182469935,0.81647182469935,0.81647182469935,0.81647182469935,0.81647182469935,0.82647182469935,0.82647182469935,0.81647182469935,0.82647182469935,0.82647182469935,0.82647182469935,0.83647182469935,0.82647182469935
819,0.8394627456631003,0.8394627456631003,0.8494627456631003,0.8494627456631003,0.8594627456631003,0.8594627456631003,0.8594627456631003,0.8594627456631003,0.8594627456631003,0.8394627456631003,0.8294627456631003,0.8394627456631003,0.8394627456631003
820,0.8790009482933158,0.8790009482933158,0.8990009482933158,0.8990009482933158,0.8990009482933158,0.8990009482933158,0.8990009482933158,0.8990009482933158,0.9190009482933158,0.9090009482933158,0.8990009482933158,0.8740009482933158,0.8740009482933158
821,0.7856814733671175,0.7856814733671175,0.7956814733671175,0.7956814733671175,0.8056814733671175,0.7956814733671175,0.7756814733671175,0.7856814733671175,0.7656814733671174,0.7656814733671174,0.7756814733671175,0.7856814733671175,0.7756814733671175
822,0.8554710132801041,0.8354710132801041,0.8454710132801041,0.8454710132801041,0.8554710132801041,0.8554710132801041,0.8154710132801041,0.8204710132801041,0.8204710132801041,0.8304710132801041,0.8104710132801041,0.8104710132801041,0.8304710132801041
823,0.878025049991083,0.878025049991083,0.888025049991083,0.898025049991083,0.888025049991083,0.898025049991083,0.898025049991083,0.898025049991083,0.898025049991083,0.873025049991083,0.853025049991083,0.853025049991083,0.873025049991083
824,0.8813887551622656,0.8813887551622656,0.8813887551622656,0.8713887551622655,0.8913887551622656,0.8813887551622656,0.8713887551622655,0.8813887551622656,0.8813887551622656,0.8813887551622656,0.8813887551622656,0.8813887551622656,0.8813887551622656
825,0.9155161788140262,0.8955161788140262,0.9055161788140262,0.8855161788140262,0.8855161788140262,0.8855161788140262,0.8855161788140262,0.8755161788140262,0.8805161788140262,0.8905161788140262,0.8805161788140262,0.8805161788140262,0.8905161788140262
826,0.9368499492409387,0.9368499492409387,0.9268499492409387,0.9268499492409387,0.9618499492409387,0.9618499492409387,0.9518499492409387,0.9518499492409387,0.9418499492409387,0.9618499492409387,0.9518499492409387,0.9418499492409387,0.9418499492409387
827,0.8555870695037484,0.8555870695037484,0.8655870695037484,0.8655870695037484,0.8455870695037484,0.8455870695037484,0.8555870695037484,0.8655870695037484,0.8555870695037484,0.8655870695037484,0.8655870695037484,0.8555870695037484,0.8455870695037484
828,0.8057231983844891,0.8157231983844891,0.8157231983844891,0.8157231983844891,0.8257231983844892,0.8257231983844892,0.8257231983844892,0.8457231983844892,0.8407231983844892,0.8407231983844892,0.8307231983844892,0.8107231983844891,0.8107231983844891
829,0.9528321859720389,0.9528321859720389,0.9728321859720389,0.9728321859720389,0.9728321859720389,0.9828321859720389,0.9928321859720389,0.9728321859720389,0.9728321859720389,0.9628321859720389,0.9728321859720389,0.9628321859720389,0.9628321859720389
830,0.8817064134739676,0.8717064134739676,0.8717064134739676,0.8817064134739676,0.8817064134739676,0.8817064134739676,0.8817064134739676,0.8817064134739676,0.8717064134739676,0.8817064134739676,0.8817064134739676,0.8717064134739676,0.8617064134739676
831,0.8973992355348204,0.8973992355348204,0.9273992355348204,0.9073992355348204,0.9073992355348204,0.9073992355348204,0.8973992355348204,0.8773992355348204,0.8773992355348204,0.8773992355348204,0.8673992355348203,0.8773992355348204,0.8673992355348203
832,0.8298417295250897,0.8298417295250897,0.8398417295250897,0.8298417295250897,0.8098417295250897,0.8198417295250897,0.7998417295250897,0.7898417295250897,0.7898417295250897,0.7898417295250897,0.7898417295250897,0.7898417295250897,0.7998417295250897
833,0.8368146641396593,0.8368146641396593,0.8368146641396593,0.8468146641396593,0.8468146641396593,0.8268146641396593,0.8268146641396593,0.8268146641396593,0.8268146641396593,0.8568146641396593,0.8568146641396593,0.8568146641396593,0.8568146641396593
834,0.8922471672265578,0.9122471672265579,0.9022471672265578,0.9022471672265578,0.9122471672265579,0.9022471672265578,0.9022471672265578,0.9122471672265579,0.9022471672265578,0.9022471672265578,0.9022471672265578,0.9122471672265579,0.9122471672265579
835,0.9481343299698295,0.9081343299698295,0.9131343299698295,0.9331343299698295,0.9531343299698295,0.9231343299698295,0.9231343299698295,0.9231343299698295,0.9431343299698295,0.9631343299698295,0.9531343299698295,0.9531343299698295,0.9431343299698295
836,0.9541284957724575,0.9441284957724575,0.9541284957724575,0.9541284957724575,0.9341284957724575,0.9441284957724575,0.9541284957724575,0.9641284957724575,0.9641284957724575,0.9741284957724575,0.9841284957724575,0.9841284957724575,0.9841284957724575
837,0.8734338659951018,0.8634338659951017,0.8634338659951017,0.8834338659951018,0.9034338659951018,0.9034338659951018,0.8834338659951018,0.8834338659951018,0.8834338659951018,0.8634338659951017,0.8734338659951018,0.8734338659951018,0.8734338659951018
838,0.9169401352054971,0.9269401352054971,0.9369401352054971,0.9369401352054971,0.9169401352054971,0.9169401352054971,0.9069401352054971,0.8969401352054971,0.9069401352054971,0.8969401352054971,0.8969401352054971,0.9069401352054971,0.8969401352054971
839,0.8565993975131665,0.8365993975131665,0.8565993975131665,0.8665993975131665,0.8865993975131665,0.8865993975131665,0.8865993975131665,0.8965993975131665,0.8865993975131665,0.8715993975131665,0.8715993975131665,0.8915993975131665,0.8915993975131665
840,0.9342672181843111,0.9142672181843111,0.8942672181843111,0.9142672181843111,0.9242672181843111,0.9242672181843111,0.9142672181843111,0.9392672181843111,0.9492672181843111,0.9492672181843111,0.9392672181843111,0.9392672181843111,0.9392672181843111
841,0.8230036029289538,0.8430036029289538,0.8430036029289538,0.8430036029289538,0.8130036029289538,0.7930036029289538,0.7930036029289538,0.7930036029289538,0.7930036029289538,0.7930036029289538,0.8030036029289538,0.8030036029289538,0.7830036029289538
842,0.885259352637028,0.9052593526370281,0.9252593526370281,0.9202593526370281,0.9102593526370281,0.9202593526370281,0.9102593526370281,0.9102593526370281,0.890259352637028,0.890259352637028,0.880259352637028,0.890259352637028,0.890259352637028
843,0.8785965617186019,0.8985965617186019,0.8985965617186019,0.8785965617186019,0.8785965617186019,0.8585965617186019,0.8385965617186019,0.8485965617186019,0.8485965617186019,0.8485965617186019,0.8635965617186019,0.8635965617186019,0.8435965617186019
844,0.8402619176033017,0.8202619176033017,0.8202619176033017,0.8102619176033017,0.8302619176033017,0.8302619176033017,0.8202619176033017,0.8302619176033017,0.8202619176033017,0.8402619176033017,0.8302619176033017,0.8302619176033017,0.8302619176033017
845,0.8957013952171451,0.8957013952171451,0.8957013952171451,0.9157013952171451,0.9157013952171451,0.9057013952171451,0.9157013952171451,0.9057013952171451,0.8707013952171451,0.8707013952171451,0.8707013952171451,0.8807013952171451,0.8807013952171451
846,0.9119044540391735,0.9119044540391735,0.9019044540391735,0.8919044540391735,0.8919044540391735,0.9119044540391735,0.9119044540391735,0.9119044540391735,0.8719044540391735,0.8769044540391735,0.8969044540391735,0.8869044540391735,0.8769044540391735
847,0.918707684071745,0.918707684071745,0.928707684071745,0.928707684071745,0.898707684071745,0.908707684071745,0.928707684071745,0.948707684071745,0.948707684071745,0.933707684071745,0.933707684071745,0.933707684071745,0.923707684071745
848,0.8866227138461716,0.8866227138461716,0.8766227138461716,0.8866227138461716,0.8866227138461716,0.8866227138461716,0.8866227138461716,0.8866227138461716,0.8766227138461716,0.8866227138461716,0.8866227138461716,0.8866227138461716,0.8666227138461716
849,0.8536235106578448,0.8636235106578448,0.8536235106578448,0.8436235106578448,0.8736235106578448,0.8736235106578448,0.8436235106578448,0.8436235106578448,0.8436235106578448,0.8536235106578448,0.8536235106578448,0.8636235106578448,0.8636235106578448
850,0.8358851770541618,0.8358851770541618,0.8258851770541618,0.8058851770541617,0.8058851770541617,0.7958851770541617,0.8058851770541617,0.8058851770541617,0.8058851770541617,0.8208851770541618,0.8208851770541618,0.8308851770541618,0.8308851770541618
851,0.935983069351656,0.945983069351656,0.955983069351656,0.945983069351656,0.955983069351656,0.975983069351656,0.970983069351656,0.960983069351656,0.940983069351656,0.940983069351656,0.940983069351656,0.960983069351656,0.960983069351656
852,0.9476427379034611,0.9276427379034611,0.9176427379034611,0.9176427379034611,0.9076427379034611,0.9126427379034611,0.9326427379034611,0.9326427379034611,0.9226427379034611,0.9126427379034611,0.9226427379034611,0.9326427379034611,0.9226427379034611
853,0.8425729344441062,0.8425729344441062,0.8425729344441062,0.8425729344441062,0.8525729344441062,0.8625729344441062,0.8625729344441062,0.8425729344441062,0.8325729344441062,0.8325729344441062,0.8325729344441062,0.8325729344441062,0.8325729344441062
854,0.8911901468156431,0.8911901468156431,0.8911901468156431,0.8911901468156431,0.8911901468156431,0.8811901468156431,0.8811901468156431,0.9111901468156431,0.9311901468156432,0.9011901468156431,0.8911901468156431,0.8911901468156431,0.8811901468156431
855,0.9258162781126592,0.9358162781126592,0.9258162781126592,0.9058162781126592,0.9058162781126592,0.9058162781126592,0.8958162781126592,0.9058162781126592,0.9158162781126592,0.9158162781126592,0.8858162781126592,0.8858162781126592,0.8858162781126592
856,0.8695671818873203,0.8695671818873203,0.8695671818873203,0.8595671818873203,0.8595671818873203,0.8695671818873203,0.8895671818873203,0.8895671818873203,0.8995671818873203,0.8895671818873203,0.8895671818873203,0.8995671818873203,0.8995671818873203
857,0.8627146473228108,0.8627146473228108,0.8727146473228108,0.8827146473228108,0.8927146473228108,0.8827146473228108,0.8827146473228108,0.8827146473228108,0.8827146473228108,0.8827146473228108,0.8927146473228108,0.8827146473228108,0.8727146473228108
858,0.945297800571859,0.935297800571859,0.955297800571859,0.955297800571859,0.955297800571859,0.965297800571859,0.965297800571859,0.955297800571859,0.945297800571859,0.925297800571859,0.9052978005718589,0.9102978005718589,0.9102978005718589
859,0.875236783893689,0.865236783893689,0.8352367838936889,0.8352367838936889,0.8352367838936889,0.8352367838936889,0.8352367838936889,0.855236783893689,0.855236783893689,0.855236783893689,0.855236783893689,0.8352367838936889,0.845236783893689
860,0.9012952347256608,0.9012952347256608,0.9212952347256608,0.9112952347256608,0.8812952347256607,0.8812952347256607,0.8812952347256607,0.9012952347256608,0.9112952347256608,0.9212952347256608,0.9212952347256608,0.9212952347256608,0.9412952347256608
861,0.8938418004000551,0.8838418004000551,0.8938418004000551,0.8738418004000551,0.8538418004000551,0.8538418004000551,0.8588418004000551,0.8688418004000551,0.8788418004000551,0.8788418004000551,0.8588418004000551,0.8588418004000551,0.8688418004000551
862,0.9019565860062757,0.8919565860062757,0.9019565860062757,0.9019565860062757,0.9019565860062757,0.8919565860062757,0.8719565860062757,0.8719565860062757,0.8719565860062757,0.8619565860062757,0.8619565860062757,0.8669565860062757,0.8769565860062757
863,0.8189140643790072,0.8089140643790071,0.8189140643790072,0.8189140643790072,0.8189140643790072,0.8189140643790072,0.8189140643790072,0.8189140643790072,0.8189140643790072,0.8089140643790071,0.8189140643790072,0.8389140643790072,0.8289140643790072
864,0.8540996814962373,0.8540996814962373,0.8640996814962373,0.8640996814962373,0.8840996814962373,0.8840996814962373,0.8840996814962373,0.8940996814962373,0.8890996814962373,0.8890996814962373,0.8790996814962373,0.8790996814962373,0.8590996814962373
865,0.963344761950477,0.943344761950477,0.963344761950477,0.963344761950477,0.963344761950477,0.993344761950477,0.993344761950477,0.993344761950477,0.978344761950477,0.988344761950477,0.978344761950477,0.978344761950477,0.968344761950477
866,0.8799555984853474,0.8499555984853474,0.8649555984853474,0.8649555984853474,0.8649555984853474,0.8549555984853474,0.8549555984853474,0.8449555984853474,0.8449555984853474,0.8449555984853474,0.8449555984853474,0.8549555984853474,0.8549555984853474
867,0.8812928682458999,0.8812928682458999,0.8712928682458999,0.8612928682458999,0.8712928682458999,0.8712928682458999,0.8612928682458999,0.8612928682458999,0.8712928682458999,0.8812928682458999,0.8812928682458999,0.8912928682458999,0.8912928682458999
868,0.9140658310588856,0.9340658310588856,0.9340658310588856,0.9440658310588856,0.9440658310588856,0.9440658310588856,0.9540658310588856,0.9490658310588856,0.9490658310588856,0.9390658310588856,0.9490658310588856,0.9490658310588856,0.9490658310588856
869,0.8562833656513233,0.8562833656513233,0.8562833656513233,0.8562833656513233,0.8762833656513234,0.8762833656513234,0.8762833656513234,0.8762833656513234,0.8762833656513234,0.8762833656513234,0.8762833656513234,0.8962833656513234,0.8912833656513234
870,0.8680941528699356,0.8780941528699356,0.8480941528699356,0.8480941528699356,0.8480941528699356,0.8680941528699356,0.8880941528699356,0.9080941528699357,0.9030941528699357,0.8930941528699357,0.8930941528699357,0.8730941528699356,0.8630941528699356
871,0.8693929650125655,0.8693929650125655,0.8593929650125655,0.8593929650125655,0.8593929650125655,0.8393929650125654,0.8393929650125654,0.8493929650125654,0.8393929650125654,0.8593929650125655,0.8793929650125655,0.8793929650125655,0.8693929650125655
872,0.8209202470611562,0.8109202470611562,0.8109202470611562,0.8109202470611562,0.8009202470611562,0.8009202470611562,0.8209202470611562,0.8309202470611562,0.8309202470611562,0.8209202470611562,0.8209202470611562,0.8209202470611562,0.8209202470611562
873,0.835072813975296,0.845072813975296,0.845072813975296,0.845072813975296,0.845072813975296,0.855072813975296,0.865072813975296,0.865072813975296,0.875072813975296,0.875072813975296,0.870072813975296,0.850072813975296,0.870072813975296
874,0.7987886942417585,0.7887886942417585,0.7787886942417585,0.7887886942417585,0.7987886942417585,0.8187886942417585,0.7687886942417584,0.7837886942417585,0.7737886942417584,0.7637886942417584,0.7737886942417584,0.7937886942417585,0.7937886942417585
875,0.8964502569854975,0.9064502569854975,0.8864502569854975,0.8764502569854975,0.8764502569854975,0.8664502569854975,0.8664502569854975,0.8564502569854975,0.8564502569854975,0.8664502569854975,0.8564502569854975,0.8864502569854975,0.8864502569854975
876,0.7965487671623068,0.7965487671623068,0.7965487671623068,0.7965487671623068,0.7765487671623068,0.7765487671623068,0.7665487671623068,0.7665487671623068,0.7565487671623068,0.7615487671623068,0.7715487671623068,0.7615487671623068,0.7715487671623068
877,0.8450115310379327,0.8150115310379327,0.8150115310379327,0.8150115310379327,0.8050115310379327,0.8150115310379327,0.8250115310379327,0.8350115310379327,0.8350115310379327,0.8250115310379327,0.8050115310379327,0.8100115310379327,0.8100115310379327
878,0.8359988966297907,0.8259988966297906,0.8259988966297906,0.8259988966297906,0.8159988966297906,0.8159988966297906,0.8159988966297906,0.8159988966297906,0.8159988966297906,0.8159988966297906,0.8159988966297906,0.8159988966297906,0.8359988966297907
879,0.9133102087921859,0.923310208792186,0.923310208792186,0.9033102087921859,0.8933102087921859,0.9033102087921859,0.9033102087921859,0.9033102087921859,0.8933102087921859,0.9033102087921859,0.943310208792186,0.943310208792186,0.933310208792186
880,0.8380364516078855,0.8280364516078855,0.8280364516078855,0.8180364516078855,0.8180364516078855,0.8280364516078855,0.8380364516078855,0.8480364516078855,0.8480364516078855,0.8580364516078856,0.8580364516078856,0.8580364516078856,0.8330364516078855
881,0.9346991672403627,0.9346991672403627,0.9346991672403627,0.9546991672403627,0.9446991672403627,0.9446991672403627,0.9546991672403627,0.9746991672403628,0.9746991672403628,0.9546991672403627,0.9646991672403628,0.9646991672403628,0.9646991672403628
882,0.8077855820821983,0.7877855820821983,0.7777855820821983,0.7777855820821983,0.7777855820821983,0.7927855820821983,0.7927855820821983,0.8127855820821983,0.8027855820821983,0.8127855820821983,0.8127855820821983,0.8027855820821983,0.8227855820821983
883,0.8287171033477425,0.8287171033477425,0.8287171033477425,0.8187171033477425,0.8187171033477425,0.7987171033477425,0.7887171033477425,0.7887171033477425,0.8087171033477425,0.8087171033477425,0.8187171033477425,0.8487171033477425,0.8387171033477425
884,0.8902646259521362,0.9102646259521362,0.9202646259521362,0.9102646259521362,0.8802646259521362,0.8802646259521362,0.8702646259521362,0.8702646259521362,0.8802646259521362,0.8902646259521362,0.9002646259521362,0.8902646259521362,0.9002646259521362
885,0.8641139400868796,0.8641139400868796,0.8641139400868796,0.8541139400868796,0.8741139400868796,0.8641139400868796,0.8641139400868796,0.8941139400868796,0.8841139400868796,0.8841139400868796,0.8641139400868796,0.8641139400868796,0.8441139400868796
886,0.9401893328882793,0.9401893328882793,0.9401893328882793,0.9501893328882793,0.9501893328882793,0.9201893328882793,0.9201893328882793,0.9301893328882793,0.9501893328882793,0.9501893328882793,0.9701893328882794,0.9801893328882794,0.9751893328882794
887,0.8701580713026271,0.8701580713026271,0.8701580713026271,0.8601580713026271,0.8801580713026271,0.9001580713026271,0.9101580713026272,0.9101580713026272,0.9101580713026272,0.9001580713026271,0.8901580713026271,0.8901580713026271,0.8901580713026271
888,0.8262358910709179,0.8262358910709179,0.7962358910709179,0.7962358910709179,0.8062358910709179,0.7962358910709179,0.7962358910709179,0.8062358910709179,0.7862358910709178,0.7862358910709178,0.7912358910709179,0.7912358910709179,0.7912358910709179
889,0.8304992184159715,0.8204992184159715,0.8204992184159715,0.8004992184159715,0.8004992184159715,0.8104992184159715,0.8104992184159715,0.8404992184159715,0.8504992184159715,0.8504992184159715,0.8504992184159715,0.8504992184159715,0.8704992184159716
890,0.8616328974538934,0.8716328974538934,0.8716328974538934,0.8616328974538934,0.8616328974538934,0.8416328974538934,0.8416328974538934,0.8216328974538933,0.8416328974538934,0.8616328974538934,0.8616328974538934,0.8316328974538933,0.8416328974538934
891,0.9138813261830828,0.9238813261830828,0.9238813261830828,0.9238813261830828,0.9338813261830828,0.9238813261830828,0.9238813261830828,0.8938813261830828,0.8838813261830828,0.8938813261830828,0.9038813261830828,0.9038813261830828,0.8938813261830828
892,0.8853403159472084,0.8853403159472084,0.8553403159472084,0.8653403159472084,0.8853403159472084,0.8853403159472084,0.8853403159472084,0.8853403159472084,0.8853403159472084,0.9053403159472084,0.9153403159472084,0.9003403159472084,0.9003403159472084
893,0.8306160917985017,0.8406160917985017,0.8306160917985017,0.8306160917985017,0.8306160917985017,0.8206160917985017,0.8306160917985017,0.8606160917985017,0.8606160917985017,0.8706160917985017,0.8706160917985017,0.8606160917985017,0.8506160917985017
894,0.9046643529563351,0.9246643529563351,0.9346643529563351,0.9146643529563351,0.8946643529563351,0.8946643529563351,0.8946643529563351,0.8946643529563351,0.8946643529563351,0.8946643529563351,0.874664352956335,0.874664352956335,0.874664352956335
895,0.875927747618686,0.875927747618686,0.865927747618686,0.8459277476186859,0.8359277476186859,0.8459277476186859,0.8459277476186859,0.8359277476186859,0.8359277476186859,0.8359277476186859,0.8359277476186859,0.855927747618686,0.855927747618686
896,0.8785313077624686,0.8985313077624686,0.8885313077624686,0.8885313077624686,0.8885313077624686,0.8885313077624686,0.8885313077624686,0.8885313077624686,0.8785313077624686,0.8885313077624686,0.8885313077624686,0.8785313077624686,0.8885313077624686
897,0.891663643981243,0.891663643981243,0.891663643981243,0.901663643981243,0.866663643981243,0.866663643981243,0.866663643981243,0.866663643981243,0.876663643981243,0.866663643981243,0.856663643981243,0.856663643981243,0.856663643981243
898,0.843443477303762,0.833443477303762,0.833443477303762,0.853443477303762,0.863443477303762,0.873443477303762,0.873443477303762,0.873443477303762,0.873443477303762,0.853443477303762,0.823443477303762,0.843443477303762,0.843443477303762
899,0.861870725293422,0.831870725293422,0.831870725293422,0.846870725293422,0.856870725293422,0.856870725293422,0.856870725293422,0.856870725293422,0.856870725293422,0.856870725293422,0.856870725293422,0.836870725293422,0.826870725293422
900,0.8342517304848582,0.8542517304848583,0.8542517304848583,0.8542517304848583,0.8542517304848583,0.8292517304848582,0.7992517304848582,0.7892517304848582,0.7892517304848582,0.7992517304848582,0.7992517304848582,0.8092517304848582,0.8292517304848582
901,0.8449663074970093,0.8449663074970093,0.8549663074970093,0.8349663074970093,0.8549663074970093,0.8449663074970093,0.8649663074970093,0.8449663074970093,0.8249663074970093,0.8149663074970093,0.8149663074970093,0.8349663074970093,0.8349663074970093
902,0.8619133078349024,0.8619133078349024,0.8619133078349024,0.8619133078349024,0.8519133078349024,0.8519133078349024,0.8519133078349024,0.8419133078349024,0.8619133078349024,0.8519133078349024,0.8319133078349024,0.8319133078349024,0.8319133078349024
903,0.9182748691295864,0.9282748691295865,0.9182748691295864,0.9182748691295864,0.9082748691295864,0.9082748691295864,0.9082748691295864,0.9182748691295864,0.9382748691295865,0.9382748691295865,0.9482748691295865,0.9382748691295865,0.9282748691295865
904,0.89809395673305,0.89809395673305,0.89809395673305,0.90809395673305,0.90809395673305,0.89809395673305,0.89809395673305,0.89809395673305,0.88809395673305,0.88809395673305,0.87809395673305,0.88809395673305,0.89809395673305
905,0.8557008956446417,0.8757008956446417,0.8757008956446417,0.8957008956446417,0.8957008956446417,0.8857008956446417,0.8857008956446417,0.8857008956446417,0.8857008956446417,0.8857008956446417,0.8757008956446417,0.8757008956446417,0.8757008956446417
906,0.7870666396751353,0.7870666396751353,0.7870666396751353,0.7870666396751353,0.7770666396751353,0.7670666396751353,0.7670666396751353,0.7770666396751353,0.7770666396751353,0.7770666396751353,0.7870666396751353,0.8070666396751354,0.8070666396751354
907,0.8362268292412913,0.8362268292412913,0.8262268292412913,0.8262268292412913,0.8062268292412913,0.8062268292412913,0.8062268292412913,0.8162268292412913,0.8162268292412913,0.8162268292412913,0.7962268292412913,0.8062268292412913,0.8362268292412913
908,0.8172206945553067,0.8172206945553067,0.8172206945553067,0.8272206945553067,0.7872206945553066,0.7972206945553066,0.8222206945553067,0.8022206945553066,0.8122206945553067,0.8122206945553067,0.8322206945553067,0.8222206945553067,0.8222206945553067
909,0.8579923990822054,0.8579923990822054,0.8579923990822054,0.8579923990822054,0.8779923990822054,0.8779923990822054,0.8579923990822054,0.8579923990822054,0.8579923990822054,0.8679923990822054,0.8579923990822054,0.8579923990822054,0.8679923990822054
910,0.8672014546994763,0.8572014546994763,0.8672014546994763,0.8572014546994763,0.8272014546994763,0.8272014546994763,0.8322014546994763,0.8422014546994763,0.8522014546994763,0.8722014546994763,0.8722014546994763,0.8822014546994763,0.9122014546994763
911,0.854303320626958,0.854303320626958,0.834303320626958,0.844303320626958,0.834303320626958,0.834303320626958,0.844303320626958,0.844303320626958,0.844303320626958,0.834303320626958,0.834303320626958,0.854303320626958,0.854303320626958
912,0.871554994625673,0.881554994625673,0.881554994625673,0.901554994625673,0.911554994625673,0.911554994625673,0.911554994625673,0.911554994625673,0.891554994625673,0.881554994625673,0.871554994625673,0.871554994625673,0.891554994625673
913,0.8013966405937795,0.8113966405937795,0.8213966405937795,0.8313966405937795,0.8413966405937795,0.8413966405937795,0.8313966405937795,0.8313966405937795,0.8163966405937795,0.8163966405937795,0.8263966405937795,0.8163966405937795,0.8063966405937795
914,0.9137193288872603,0.9137193288872603,0.9237193288872603,0.9237193288872603,0.9137193288872603,0.9237193288872603,0.9337193288872603,0.9337193288872603,0.9437193288872603,0.9337193288872603,0.9337193288872603,0.9037193288872603,0.9037193288872603
915,0.9565362313271011,0.9565362313271011,0.9465362313271011,0.9465362313271011,0.9465362313271011,0.9565362313271011,0.9765362313271011,0.9765362313271011,0.9765362313271011,0.9665362313271011,0.9665362313271011,0.9565362313271011,0.916536231327101
916,0.875765162888009,0.875765162888009,0.905765162888009,0.890765162888009,0.900765162888009,0.900765162888009,0.910765162888009,0.910765162888009,0.910765162888009,0.900765162888009,0.910765162888009,0.900765162888009,0.910765162888009
917,0.8330249396023516,0.8530249396023516,0.8730249396023516,0.8730249396023516,0.8680249396023516,0.8580249396023516,0.8480249396023516,0.8580249396023516,0.8480249396023516,0.8380249396023516,0.8480249396023516,0.8580249396023516,0.8480249396023516
918,0.7492405980445702,0.7292405980445702,0.7392405980445702,0.7292405980445702,0.7492405980445702,0.7492405980445702,0.7492405980445702,0.7692405980445702,0.7592405980445702,0.7792405980445702,0.7892405980445703,0.7792405980445702,0.7792405980445702
919,0.8712889631009432,0.8912889631009432,0.9112889631009432,0.9112889631009432,0.9112889631009432,0.9062889631009432,0.9062889631009432,0.9062889631009432,0.9062889631009432,0.9062889631009432,0.8762889631009432,0.8862889631009432,0.8862889631009432
920,0.8541032596171865,0.8541032596171865,0.8641032596171865,0.8641032596171865,0.8541032596171865,0.8641032596171865,0.8741032596171865,0.8641032596171865,0.8641032596171865,0.8941032596171865,0.8941032596171865,0.8891032596171865,0.8791032596171865
921,0.9114145610100831,0.9114145610100831,0.8914145610100831,0.8814145610100831,0.8964145610100831,0.8864145610100831,0.8864145610100831,0.8864145610100831,0.8864145610100831,0.8764145610100831,0.9064145610100831,0.8964145610100831,0.8964145610100831
922,0.9273017898053357,0.9173017898053357,0.9173017898053357,0.9073017898053357,0.8973017898053357,0.8873017898053357,0.8873017898053357,0.8873017898053357,0.8973017898053357,0.8973017898053357,0.8973017898053357,0.8973017898053357,0.9123017898053357
923,0.788854878563026,0.788854878563026,0.7988548785630261,0.8188548785630261,0.8288548785630261,0.8288548785630261,0.8238548785630261,0.8238548785630261,0.8038548785630261,0.8038548785630261,0.8038548785630261,0.8038548785630261,0.8038548785630261
924,0.8206548921559851,0.8206548921559851,0.8106548921559851,0.8206548921559851,0.8106548921559851,0.8006548921559851,0.8006548921559851,0.8106548921559851,0.8006548921559851,0.8006548921559851,0.8006548921559851,0.8006548921559851,0.780654892155985
925,0.9581271880771919,0.9581271880771919,0.9581271880771919,0.9581271880771919,0.9581271880771919,0.9381271880771919,0.9381271880771919,0.9281271880771919,0.9381271880771919,0.9381271880771919,0.9581271880771919,0.9581271880771919,0.9481271880771919
926,0.9047557933072914,0.8947557933072914,0.8947557933072914,0.9147557933072914,0.9247557933072914,0.9147557933072914,0.9247557933072914,0.8847557933072914,0.8847557933072914,0.8847557933072914,0.8847557933072914,0.8847557933072914,0.9147557933072914
927,0.8411234532046654,0.8511234532046654,0.8411234532046654,0.8511234532046654,0.8611234532046654,0.8611234532046654,0.8611234532046654,0.8811234532046655,0.8811234532046655,0.8611234532046654,0.8711234532046654,0.8711234532046654,0.8811234532046655
928,0.896486655994493,0.896486655994493,0.896486655994493,0.906486655994493,0.916486655994493,0.916486655994493,0.916486655994493,0.916486655994493,0.916486655994493,0.916486655994493,0.916486655994493,0.916486655994493,0.916486655994493
929,0.8628270822903252,0.8528270822903252,0.8628270822903252,0.8728270822903252,0.8728270822903252,0.8728270822903252,0.8828270822903252,0.8828270822903252,0.8928270822903253,0.8928270822903253,0.9028270822903253,0.8828270822903252,0.8828270822903252
930,0.8783313868179766,0.8983313868179766,0.9183313868179767,0.9183313868179767,0.9083313868179766,0.9083313868179766,0.9183313868179767,0.9183313868179767,0.9133313868179767,0.9033313868179766,0.9033313868179766,0.9033313868179766,0.9033313868179766
931,0.8796273994291772,0.8596273994291772,0.8596273994291772,0.8596273994291772,0.8596273994291772,0.8596273994291772,0.8496273994291772,0.8646273994291772,0.8646273994291772,0.8646273994291772,0.8546273994291772,0.8546273994291772,0.8546273994291772
932,0.8559225435467244,0.8759225435467244,0.8759225435467244,0.8659225435467244,0.8659225435467244,0.8659225435467244,0.8759225435467244,0.8359225435467244,0.8159225435467243,0.8159225435467243,0.8259225435467243,0.8259225435467243,0.8159225435467243
933,0.8478657878574212,0.8478657878574212,0.8278657878574212,0.8178657878574211,0.8378657878574212,0.8278657878574212,0.8378657878574212,0.8578657878574212,0.8578657878574212,0.8578657878574212,0.8478657878574212,0.8378657878574212,0.8378657878574212
934,0.8854114502143265,0.8954114502143266,0.9154114502143266,0.9054114502143266,0.9254114502143266,0.9254114502143266,0.9254114502143266,0.9154114502143266,0.9154114502143266,0.9254114502143266,0.9254114502143266,0.9054114502143266,0.9154114502143266
935,0.8811917043919774,0.8811917043919774,0.8811917043919774,0.8411917043919773,0.8411917043919773,0.8411917043919773,0.8511917043919773,0.8411917043919773,0.8411917043919773,0.8461917043919773,0.8561917043919773,0.8461917043919773,0.8561917043919773
936,0.9014841329680242,0.8914841329680242,0.8814841329680242,0.8814841329680242,0.8914841329680242,0.8714841329680242,0.9014841329680242,0.9014841329680242,0.8914841329680242,0.9114841329680242,0.9114841329680242,0.9314841329680242,0.9314841329680242
937,0.9223777370540563,0.9223777370540563,0.9223777370540563,0.9223777370540563,0.9223777370540563,0.9123777370540563,0.9123777370540563,0.9223777370540563,0.9223777370540563,0.9123777370540563,0.9323777370540564,0.9223777370540563,0.8923777370540563
938,0.9101369602816708,0.9001369602816708,0.8901369602816708,0.8901369602816708,0.9101369602816708,0.9201369602816708,0.9201369602816708,0.9201369602816708,0.9201369602816708,0.9101369602816708,0.9101369602816708,0.9101369602816708,0.9101369602816708
939,0.8639998915655054,0.8639998915655054,0.8639998915655054,0.8839998915655054,0.8839998915655054,0.8739998915655054,0.8739998915655054,0.8739998915655054,0.8839998915655054,0.8839998915655054,0.8839998915655054,0.8839998915655054,0.8839998915655054
940,0.8138708369839016,0.8038708369839016,0.8038708369839016,0.8038708369839016,0.8038708369839016,0.7938708369839016,0.7838708369839016,0.7988708369839016,0.7888708369839016,0.7888708369839016,0.7788708369839016,0.7888708369839016,0.7888708369839016
941,0.8871274681437112,0.8871274681437112,0.9071274681437113,0.9071274681437113,0.9071274681437113,0.9171274681437113,0.9171274681437113,0.9171274681437113,0.9171274681437113,0.9021274681437113,0.9121274681437113,0.9221274681437113,0.9221274681437113
942,0.8626450369552655,0.8626450369552655,0.8826450369552655,0.8826450369552655,0.8826450369552655,0.8826450369552655,0.8726450369552655,0.8726450369552655,0.8826450369552655,0.9026450369552655,0.9026450369552655,0.9026450369552655,0.8976450369552655
943,0.9216108766518952,0.9216108766518952,0.9116108766518952,0.9016108766518952,0.9016108766518952,0.9016108766518952,0.9016108766518952,0.9266108766518952,0.9266108766518952,0.9566108766518953,0.9466108766518952,0.9466108766518952,0.9466108766518952
944,0.9241681499339911,0.9341681499339911,0.9441681499339911,0.9641681499339911,0.9591681499339911,0.9491681499339911,0.9491681499339911,0.9491681499339911,0.9491681499339911,0.9291681499339911,0.9291681499339911,0.9291681499339911,0.9591681499339911
945,0.8175837999808891,0.8175837999808891,0.8075837999808891,0.8275837999808892,0.8375837999808892,0.8375837999808892,0.8175837999808891,0.7975837999808891,0.7975837999808891,0.7975837999808891,0.7975837999808891,0.7975837999808891,0.7975837999808891
946,0.9517439407019793,0.9817439407019793,0.9817439407019793,0.9917439407019794,0.9867439407019793,0.9767439407019793,0.9567439407019793,0.9267439407019793,0.9167439407019793,0.9267439407019793,0.9167439407019793,0.9167439407019793,0.9167439407019793
947,0.9023944678736269,0.9023944678736269,0.8923944678736269,0.8923944678736269,0.8923944678736269,0.8823944678736269,0.8823944678736269,0.9123944678736269,0.9123944678736269,0.9123944678736269,0.9123944678736269,0.9223944678736269,0.9223944678736269
948,0.8523182194174993,0.8623182194174993,0.8723182194174993,0.8723182194174993,0.8723182194174993,0.8623182194174993,0.8623182194174993,0.8723182194174993,0.8723182194174993,0.8823182194174993,0.8723182194174993,0.8723182194174993,0.8623182194174993
949,0.8874060344998935,0.9074060344998935,0.9174060344998936,0.8974060344998935,0.9074060344998935,0.9074060344998935,0.8974060344998935,0.8974060344998935,0.8874060344998935,0.8874060344998935,0.8874060344998935,0.9174060344998936,0.9274060344998936
950,0.9290433606832407,0.9290433606832407,0.8990433606832406,0.8990433606832406,0.9090433606832407,0.9090433606832407,0.9090433606832407,0.9190433606832407,0.8990433606832406,0.8990433606832406,0.8990433606832406,0.8990433606832406,0.9140433606832407
951,0.8554840360463501,0.8654840360463502,0.8754840360463502,0.8754840360463502,0.8654840360463502,0.8754840360463502,0.8554840360463501,0.8454840360463501,0.8554840360463501,0.8554840360463501,0.8454840360463501,0.8654840360463502,0.8854840360463502
952,0.8965817085172093,0.9065817085172093,0.9165817085172093,0.9165817085172093,0.9165817085172093,0.8865817085172093,0.8865817085172093,0.8665817085172093,0.8665817085172093,0.8765817085172093,0.8965817085172093,0.9065817085172093,0.9065817085172093
953,0.8277623435761972,0.8377623435761972,0.8277623435761972,0.8277623435761972,0.8477623435761972,0.8477623435761972,0.8477623435761972,0.8277623435761972,0.8077623435761971,0.8077623435761971,0.8077623435761971,0.7877623435761971,0.7877623435761971
954,0.8609720528857198,0.8609720528857198,0.8609720528857198,0.8609720528857198,0.8909720528857198,0.8809720528857198,0.8809720528857198,0.8709720528857198,0.9009720528857198,0.9009720528857198,0.8959720528857198,0.8959720528857198,0.8959720528857198
955,0.8383488744465092,0.8583488744465092,0.8483488744465092,0.8483488744465092,0.8583488744465092,0.8583488744465092,0.8583488744465092,0.8683488744465092,0.8683488744465092,0.8583488744465092,0.8583488744465092,0.8583488744465092,0.8383488744465092
956,0.9005525693933704,0.9005525693933704,0.9005525693933704,0.9205525693933704,0.9205525693933704,0.9205525693933704,0.9205525693933704,0.9205525693933704,0.9305525693933704,0.9405525693933704,0.9355525693933704,0.9355525693933704,0.9355525693933704
957,0.8888708265582783,0.8688708265582783,0.8688708265582783,0.8788708265582783,0.8688708265582783,0.8888708265582783,0.8888708265582783,0.8688708265582783,0.8688708265582783,0.8588708265582783,0.8738708265582783,0.8638708265582783,0.8638708265582783
958,0.8743872645887444,0.8643872645887444,0.8643872645887444,0.8643872645887444,0.8743872645887444,0.8743872645887444,0.8843872645887444,0.8943872645887444,0.9043872645887444,0.8943872645887444,0.8743872645887444,0.8843872645887444,0.8743872645887444
959,0.8349611168411528,0.8349611168411528,0.8549611168411528,0.8549611168411528,0.8649611168411528,0.8649611168411528,0.8549611168411528,0.8549611168411528,0.8549611168411528,0.8549611168411528,0.8649611168411528,0.8649611168411528,0.8549611168411528
960,0.8976544780677596,0.8976544780677596,0.8976544780677596,0.8976544780677596,0.8976544780677596,0.8776544780677595,0.8676544780677595,0.8826544780677595,0.8826544780677595,0.8826544780677595,0.8726544780677595,0.8726544780677595,0.8526544780677595
961,0.922618798192801,0.912618798192801,0.912618798192801,0.912618798192801,0.922618798192801,0.922618798192801,0.892618798192801,0.902618798192801,0.902618798192801,0.902618798192801,0.902618798192801,0.902618798192801,0.902618798192801
962,0.910778825372474,0.910778825372474,0.940778825372474,0.940778825372474,0.940778825372474,0.930778825372474,0.930778825372474,0.940778825372474,0.940778825372474,0.910778825372474,0.910778825372474,0.900778825372474,0.900778825372474
963,0.8529554348650868,0.8529554348650868,0.8229554348650868,0.8379554348650868,0.8379554348650868,0.8379554348650868,0.8379554348650868,0.8379554348650868,0.8179554348650868,0.8179554348650868,0.8179554348650868,0.8179554348650868,0.8379554348650868
964,0.8778832742709082,0.8678832742709082,0.8678832742709082,0.8678832742709082,0.8678832742709082,0.8678832742709082,0.8678832742709082,0.8678832742709082,0.8478832742709081,0.8378832742709081,0.8378832742709081,0.8778832742709082,0.8778832742709082
965,0.8797346876668454,0.8497346876668453,0.8497346876668453,0.8397346876668453,0.8497346876668453,0.8497346876668453,0.8397346876668453,0.8397346876668453,0.8497346876668453,0.8697346876668454,0.8397346876668453,0.8397346876668453,0.8397346876668453
966,0.8307113236903563,0.8207113236903563,0.8507113236903563,0.8607113236903563,0.8607113236903563,0.8707113236903563,0.8607113236903563,0.8207113236903563,0.8307113236903563,0.8207113236903563,0.8207113236903563,0.8207113236903563,0.8307113236903563
967,0.9542672266213003,0.9542672266213003,0.9842672266213003,0.9742672266213003,0.9742672266213003,0.9742672266213003,0.9842672266213003,0.9442672266213002,0.9442672266213002,0.9542672266213003,0.9742672266213003,0.9492672266213003,0.9492672266213003
968,0.8763057541251972,0.8763057541251972,0.8963057541251972,0.8963057541251972,0.8963057541251972,0.8963057541251972,0.8963057541251972,0.8963057541251972,0.8663057541251972,0.8663057541251972,0.8563057541251972,0.8563057541251972,0.8463057541251972
969,0.9031312099479314,0.8931312099479314,0.8831312099479314,0.8831312099479314,0.9031312099479314,0.9031312099479314,0.9031312099479314,0.9231312099479314,0.9131312099479314,0.9131312099479314,0.8931312099479314,0.9131312099479314,0.9131312099479314
970,0.8606556890940573,0.8606556890940573,0.8606556890940573,0.8606556890940573,0.8706556890940573,0.8506556890940573,0.8406556890940573,0.8406556890940573,0.8206556890940573,0.8256556890940573,0.8356556890940573,0.8356556890940573,0.8456556890940573
971,0.8799045562170942,0.8999045562170942,0.8899045562170942,0.8799045562170942,0.8899045562170942,0.8799045562170942,0.8799045562170942,0.8799045562170942,0.8799045562170942,0.8799045562170942,0.8799045562170942,0.8799045562170942,0.8899045562170942
972,0.8730380135341054,0.8730380135341054,0.8730380135341054,0.8630380135341054,0.8630380135341054,0.8730380135341054,0.8730380135341054,0.8630380135341054,0.8630380135341054,0.8830380135341054,0.8830380135341054,0.8830380135341054,0.8930380135341054
973,0.8821458319041923,0.8921458319041923,0.8721458319041923,0.8821458319041923,0.8821458319041923,0.8821458319041923,0.8921458319041923,0.9021458319041923,0.8821458319041923,0.8721458319041923,0.8721458319041923,0.8521458319041922,0.8421458319041922
974,0.8446244213527236,0.8446244213527236,0.8446244213527236,0.8546244213527237,0.8246244213527236,0.8246244213527236,0.8346244213527236,0.8346244213527236,0.8346244213527236,0.8346244213527236,0.8346244213527236,0.8346244213527236,0.8346244213527236
975,0.8838492617758131,0.8738492617758131,0.8538492617758131,0.8438492617758131,0.8438492617758131,0.8438492617758131,0.8488492617758131,0.8488492617758131,0.8888492617758131,0.8788492617758131,0.8788492617758131,0.8788492617758131,0.8788492617758131
976,0.8791780557842934,0.8591780557842934,0.8391780557842934,0.8391780557842934,0.8691780557842934,0.8691780557842934,0.8691780557842934,0.8691780557842934,0.8691780557842934,0.8691780557842934,0.8591780557842934,0.8591780557842934,0.8691780557842934
977,0.8146640867494769,0.8146640867494769,0.8146640867494769,0.8046640867494769,0.8046640867494769,0.8046640867494769,0.8046640867494769,0.7946640867494769,0.8046640867494769,0.8046640867494769,0.7746640867494768,0.7946640867494769,0.7946640867494769
978,0.8774351249756583,0.8574351249756583,0.8574351249756583,0.8474351249756583,0.8624351249756583,0.8624351249756583,0.8624351249756583,0.8424351249756583,0.8524351249756583,0.8624351249756583,0.8424351249756583,0.8424351249756583,0.8424351249756583
979,0.869332526418601,0.879332526418601,0.869332526418601,0.869332526418601,0.869332526418601,0.879332526418601,0.869332526418601,0.869332526418601,0.869332526418601,0.869332526418601,0.869332526418601,0.859332526418601,0.849332526418601
980,0.8526866630447724,0.8526866630447724,0.8526866630447724,0.8426866630447724,0.8426866630447724,0.8426866630447724,0.8226866630447723,0.8376866630447724,0.8376866630447724,0.8376866630447724,0.8476866630447724,0.8476866630447724,0.8376866630447724
981,0.8803024856880314,0.8703024856880314,0.8603024856880314,0.8603024856880314,0.8503024856880314,0.8503024856880314,0.8653024856880314,0.8653024856880314,0.8853024856880314,0.8953024856880314,0.9253024856880314,0.9253024856880314,0.9153024856880314
982,0.8721734350244892,0.8721734350244892,0.8821734350244892,0.8821734350244892,0.8821734350244892,0.8821734350244892,0.8521734350244892,0.8521734350244892,0.8621734350244892,0.8721734350244892,0.8821734350244892,0.8821734350244892,0.8921734350244892
983,0.9175268530117127,0.9275268530117127,0.9175268530117127,0.9175268530117127,0.9175268530117127,0.9175268530117127,0.9075268530117127,0.9075268530117127,0.9075268530117127,0.9075268530117127,0.8975268530117126,0.9225268530117127,0.9125268530117127
984,0.8577800059627836,0.8577800059627836,0.8577800059627836,0.8577800059627836,0.8677800059627836,0.8677800059627836,0.8677800059627836,0.8677800059627836,0.8577800059627836,0.8577800059627836,0.8877800059627836,0.8577800059627836,0.8577800059627836
985,0.9086833223134086,0.9086833223134086,0.9086833223134086,0.9286833223134087,0.9086833223134086,0.9086833223134086,0.9186833223134087,0.9086833223134086,0.8986833223134086,0.9086833223134086,0.9086833223134086,0.8986833223134086,0.9086833223134086
986,0.8971455221169677,0.8971455221169677,0.9071455221169678,0.8871455221169677,0.8871455221169677,0.8871455221169677,0.8871455221169677,0.8771455221169677,0.8771455221169677,0.8871455221169677,0.8871455221169677,0.8971455221169677,0.8971455221169677
987,0.8162094917872698,0.8062094917872697,0.7962094917872697,0.8162094917872698,0.8262094917872698,0.8362094917872698,0.8362094917872698,0.8362094917872698,0.8162094917872698,0.8062094917872697,0.7962094917872697,0.7962094917872697,0.7862094917872697
988,0.840713628972746,0.840713628972746,0.850713628972746,0.850713628972746,0.840713628972746,0.830713628972746,0.830713628972746,0.830713628972746,0.840713628972746,0.840713628972746,0.840713628972746,0.8707136289727461,0.855713628972746
989,0.8549008309057928,0.8549008309057928,0.8649008309057928,0.8449008309057928,0.8449008309057928,0.8549008309057928,0.8449008309057928,0.8449008309057928,0.8749008309057928,0.8949008309057929,0.8899008309057929,0.8899008309057929,0.8699008309057928
990,0.8047071752841323,0.8047071752841323,0.8047071752841323,0.8247071752841323,0.8347071752841323,0.8347071752841323,0.8347071752841323,0.8347071752841323,0.8247071752841323,0.8247071752841323,0.8347071752841323,0.8197071752841323,0.8097071752841323
991,0.8891596489827928,0.8691596489827927,0.8691596489827927,0.8591596489827927,0.8591596489827927,0.8591596489827927,0.8591596489827927,0.8491596489827927,0.8491596489827927,0.8491596489827927,0.8491596489827927,0.8491596489827927,0.8691596489827927
992,0.9254254708909025,0.8954254708909025,0.9104254708909025,0.9104254708909025,0.9104254708909025,0.9104254708909025,0.9104254708909025,0.9304254708909026,0.9104254708909025,0.9404254708909026,0.9404254708909026,0.9404254708909026,0.9404254708909026
993,0.8583295578975065,0.8483295578975065,0.8683295578975065,0.8583295578975065,0.8583295578975065,0.8783295578975066,0.8983295578975066,0.8933295578975066,0.8933295578975066,0.8933295578975066,0.8933295578975066,0.8733295578975065,0.8733295578975065
994,0.8824138184154007,0.8724138184154007,0.8824138184154007,0.8824138184154007,0.8824138184154007,0.8824138184154007,0.8824138184154007,0.8724138184154007,0.8724138184154007,0.8624138184154007,0.8524138184154006,0.8524138184154006,0.8624138184154007
995,0.929420766281502,0.929420766281502,0.929420766281502,0.919420766281502,0.9544207662815021,0.9344207662815021,0.9444207662815021,0.9344207662815021,0.9344207662815021,0.9444207662815021,0.9344207662815021,0.9344207662815021,0.9344207662815021
996,0.8698592573737145,0.8698592573737145,0.8698592573737145,0.8798592573737145,0.8898592573737145,0.8798592573737145,0.8798592573737145,0.8798592573737145,0.8898592573737145,0.8698592573737145,0.8698592573737145,0.8798592573737145,0.8798592573737145
997,0.9408041199702735,0.9408041199702735,0.9508041199702735,0.9508041199702735,0.9208041199702734,0.9308041199702735,0.9308041199702735,0.9408041199702735,0.9408041199702735,0.9308041199702735,0.9208041199702734,0.9308041199702735,0.9408041199702735
998,0.9240047834352499,0.9140047834352499,0.9240047834352499,0.9240047834352499,0.9240047834352499,0.94400478343525,0.96400478343525,0.96400478343525,0.95400478343525,0.95400478343525,0.95400478343525,0.95400478343525,0.96400478343525
999,0.9156379746979999,0.9156379746979999,0.9056379746979999,0.9056379746979999,0.9156379746979999,0.9156379746979999,0.9356379746979999,0.9356379746979999,0.9156379746979999,0.9156379746979999,0.9156379746979999,0.9256379746979999,0.9156379746979999
