Time Step,Simulation,0,2,4,6,8,10,12,14,16,18,20,22
0,0.9833655768956795,0.9633655768956795,0.9733655768956795,0.9633655768956795,0.9933655768956795,0.9833655768956795,0.9633655768956795,0.9633655768956795,0.9633655768956795,0.9633655768956795,0.9633655768956795,0.9633655768956795,0.9633655768956795
1,0.9336696617462367,0.9336696617462367,0.9436696617462367,0.9336696617462367,0.9136696617462366,0.9236696617462367,0.9336696617462367,0.9336696617462367,0.9236696617462367,0.9136696617462366,0.9236696617462367,0.9236696617462367,0.9336696617462367
2,0.8710736149200594,0.8910736149200594,0.9110736149200594,0.8910736149200594,0.8910736149200594,0.8810736149200594,0.8810736149200594,0.8910736149200594,0.9010736149200594,0.9010736149200594,0.9110736149200594,0.9110736149200594,0.9060736149200594
3,0.9550417090219576,0.9550417090219576,0.9650417090219576,0.9750417090219576,0.9550417090219576,0.9450417090219576,0.9450417090219576,0.9450417090219576,0.9450417090219576,0.9350417090219576,0.9450417090219576,0.9450417090219576,0.9250417090219576
4,0.8908016525731607,0.9008016525731607,0.8808016525731607,0.8808016525731607,0.8608016525731607,0.8508016525731606,0.8508016525731606,0.8558016525731607,0.8558016525731607,0.8758016525731607,0.8758016525731607,0.8758016525731607,0.8658016525731607
5,0.9978577440091814,0.9878577440091814,0.9878577440091814,0.9778577440091814,0.9778577440091814,0.9678577440091813,0.9578577440091813,0.9628577440091813,0.9828577440091814,0.9828577440091814,0.9628577440091813,0.9728577440091813,0.9628577440091813
6,0.9552775928861185,0.9452775928861185,0.9552775928861185,0.9652775928861185,0.9652775928861185,0.9452775928861185,0.9652775928861185,0.9752775928861185,0.9752775928861185,0.9752775928861185,0.9952775928861185,0.9952775928861185,0.9952775928861185
7,0.935409250871496,0.925409250871496,0.9154092508714959,0.925409250871496,0.9154092508714959,0.9054092508714959,0.8954092508714959,0.8954092508714959,0.8954092508714959,0.9004092508714959,0.9004092508714959,0.9104092508714959,0.9004092508714959
8,0.9601268267041932,0.9601268267041932,0.9501268267041932,0.9501268267041932,0.9501268267041932,0.9401268267041932,0.9401268267041932,0.9401268267041932,0.9401268267041932,0.9401268267041932,0.9401268267041932,0.9401268267041932,0.9601268267041932
9,0.9315988601785822,0.9615988601785822,0.9615988601785822,0.9615988601785822,0.9465988601785822,0.9665988601785822,0.9565988601785822,0.9465988601785822,0.9165988601785822,0.9165988601785822,0.8965988601785821,0.9165988601785822,0.9165988601785822
10,0.9813633536265669,0.9913633536265669,1.0,1.0,0.99,0.99,1.0,0.99,0.98,0.96,0.95,0.95,0.9299999999999999
11,0.9822343722643898,0.9922343722643898,0.9922343722643898,0.9922343722643898,0.9922343722643898,0.9922343722643898,0.9822343722643898,0.9722343722643898,0.9622343722643898,0.9422343722643898,0.9422343722643898,0.9722343722643898,0.9522343722643898
12,0.8966537670386894,0.8966537670386894,0.8966537670386894,0.8966537670386894,0.8966537670386894,0.8966537670386894,0.8966537670386894,0.8866537670386894,0.9066537670386894,0.9166537670386894,0.9266537670386894,0.9366537670386894,0.9366537670386894
13,0.9618855316171041,0.9618855316171041,0.9718855316171041,0.9518855316171041,0.9318855316171041,0.9218855316171041,0.9268855316171041,0.9368855316171041,0.9368855316171041,0.9368855316171041,0.9468855316171041,0.9468855316171041,0.9468855316171041
14,0.9164880007341775,0.9164880007341775,0.9164880007341775,0.9064880007341775,0.9064880007341775,0.9064880007341775,0.9264880007341775,0.9064880007341775,0.9164880007341775,0.8864880007341774,0.9014880007341775,0.9114880007341775,0.9214880007341775
15,0.960240008248656,0.950240008248656,0.950240008248656,0.940240008248656,0.965240008248656,0.965240008248656,0.985240008248656,0.975240008248656,0.975240008248656,1.0,1.0,1.0,1.0
16,0.9995534913583826,1.0,1.0,0.99,0.99,0.99,0.95,0.96,0.95,0.95,0.95,0.94,0.9299999999999999
17,0.8625576571393542,0.8625576571393542,0.8725576571393542,0.8625576571393542,0.8525576571393542,0.8525576571393542,0.8725576571393542,0.8625576571393542,0.8825576571393542,0.8625576571393542,0.8825576571393542,0.8825576571393542,0.8625576571393542
18,0.9711174904783209,0.9511174904783208,0.9411174904783208,0.9411174904783208,0.9561174904783208,0.9561174904783208,0.9561174904783208,0.9361174904783208,0.9461174904783208,0.9461174904783208,0.9361174904783208,0.9361174904783208,0.9361174904783208
19,0.9060557401464413,0.9060557401464413,0.9160557401464413,0.8960557401464413,0.8960557401464413,0.8860557401464413,0.8960557401464413,0.8860557401464413,0.8960557401464413,0.9160557401464413,0.9260557401464413,0.9260557401464413,0.9260557401464413
20,0.9240299856858987,0.9240299856858987,0.9140299856858987,0.9040299856858987,0.9040299856858987,0.9040299856858987,0.8840299856858986,0.8940299856858986,0.8940299856858986,0.8940299856858986,0.9090299856858987,0.9290299856858987,0.9490299856858987
21,0.9113560359428651,0.9213560359428651,0.9313560359428651,0.9213560359428651,0.9213560359428651,0.9113560359428651,0.9213560359428651,0.9313560359428651,0.9313560359428651,0.9413560359428651,0.9313560359428651,0.9113560359428651,0.891356035942865
22,0.9961484762707177,0.9961484762707177,0.9761484762707177,0.9661484762707176,0.9661484762707176,0.9761484762707177,0.9861484762707177,1.0,1.0,0.99,0.98,0.98,0.96
23,0.9436747565805987,0.9436747565805987,0.9536747565805987,0.9536747565805987,0.9436747565805987,0.9636747565805988,0.9636747565805988,0.9636747565805988,0.9736747565805988,0.9836747565805988,0.9786747565805988,0.9686747565805988,0.9686747565805988
24,1.0,1.0,1.0,0.99,0.99,0.98,0.98,0.99,0.97,0.97,0.97,0.97,0.97
25,0.9572415020631969,0.9472415020631969,0.9472415020631969,0.9672415020631969,0.9672415020631969,0.9572415020631969,0.9572415020631969,0.9572415020631969,0.9572415020631969,0.9572415020631969,0.9672415020631969,0.997241502063197,0.9872415020631969
26,0.9366075101075425,0.9566075101075425,0.9566075101075425,0.9566075101075425,0.9666075101075425,0.9466075101075425,0.9366075101075425,0.9266075101075425,0.9366075101075425,0.9366075101075425,0.9466075101075425,0.9466075101075425,0.9366075101075425
27,0.9863156965560166,0.9863156965560166,0.9863156965560166,0.9963156965560166,0.9863156965560166,0.9763156965560166,0.9763156965560166,0.9663156965560166,0.9963156965560166,1.0,1.0,0.98,0.94
28,0.9569050876255243,0.9669050876255243,0.9769050876255243,0.9769050876255243,0.9669050876255243,0.9469050876255243,0.9469050876255243,0.9369050876255243,0.9369050876255243,0.9469050876255243,0.9469050876255243,0.9369050876255243,0.9369050876255243
29,1.0,1.0,1.0,0.99,1.0,1.0,1.0,1.0,1.0,1.0,1.0,1.0,1.0
30,0.9031396322963742,0.8931396322963742,0.8931396322963742,0.9031396322963742,0.8931396322963742,0.9031396322963742,0.9131396322963742,0.9131396322963742,0.9131396322963742,0.9131396322963742,0.9031396322963742,0.9031396322963742,0.9031396322963742
31,0.9518803333755508,0.9618803333755508,0.9718803333755508,0.9468803333755508,0.9468803333755508,0.9468803333755508,0.9268803333755508,0.9168803333755507,0.9068803333755507,0.9068803333755507,0.9068803333755507,0.9068803333755507,0.9068803333755507
32,0.8910448511611143,0.9010448511611143,0.9010448511611143,0.9110448511611143,0.9110448511611143,0.9110448511611143,0.9110448511611143,0.9010448511611143,0.9110448511611143,0.9210448511611143,0.9310448511611144,0.9210448511611143,0.9310448511611144
33,0.954058384109248,0.944058384109248,0.934058384109248,0.934058384109248,0.944058384109248,0.954058384109248,0.954058384109248,0.954058384109248,0.944058384109248,0.934058384109248,0.924058384109248,0.924058384109248,0.939058384109248
34,0.9419723984341619,0.9419723984341619,0.9519723984341619,0.9219723984341619,0.9119723984341619,0.9419723984341619,0.9419723984341619,0.9519723984341619,0.9519723984341619,0.9519723984341619,0.9519723984341619,0.9519723984341619,0.9419723984341619
35,1.0,1.0,1.0,0.98,0.98,0.98,0.97,0.97,0.96,0.975,0.975,0.965,0.975
36,0.9175951696264301,0.9175951696264301,0.9175951696264301,0.9175951696264301,0.9175951696264301,0.90759516962643,0.9475951696264301,0.9475951696264301,0.9475951696264301,0.9325951696264301,0.9125951696264301,0.9225951696264301,0.9325951696264301
37,0.9503724209364046,0.9603724209364046,0.9603724209364046,0.9403724209364046,0.9403724209364046,0.9403724209364046,0.9303724209364046,0.9303724209364046,0.9303724209364046,0.9303724209364046,0.9303724209364046,0.9203724209364046,0.9303724209364046
38,0.9583631038332744,0.9583631038332744,0.9583631038332744,0.9883631038332744,0.9783631038332744,0.9783631038332744,0.9883631038332744,0.9883631038332744,0.9983631038332744,0.9933631038332744,0.9933631038332744,0.9933631038332744,0.9933631038332744
39,0.8899985578789043,0.9099985578789043,0.9099985578789043,0.9099985578789043,0.8899985578789043,0.8899985578789043,0.8999985578789043,0.9199985578789043,0.9299985578789043,0.9249985578789043,0.9249985578789043,0.9149985578789043,0.9149985578789043
40,0.9779187656560107,0.9879187656560107,0.9779187656560107,0.9779187656560107,0.9879187656560107,0.9879187656560107,0.9879187656560107,0.9879187656560107,0.9879187656560107,0.9679187656560106,0.9779187656560107,0.9679187656560106,0.9579187656560106
41,0.9256197748049674,0.9256197748049674,0.9256197748049674,0.9556197748049674,0.9556197748049674,0.9406197748049674,0.9306197748049674,0.9306197748049674,0.9206197748049674,0.9006197748049674,0.9006197748049674,0.9106197748049674,0.9106197748049674
42,0.9737852226467445,0.9537852226467445,0.9537852226467445,0.9537852226467445,0.9637852226467445,0.9637852226467445,0.9637852226467445,0.9837852226467445,0.9837852226467445,0.9837852226467445,0.9737852226467445,0.9637852226467445,0.9537852226467445
43,0.9288881538353678,0.9388881538353678,0.9288881538353678,0.9088881538353678,0.9088881538353678,0.9088881538353678,0.9188881538353678,0.9188881538353678,0.9188881538353678,0.9188881538353678,0.8988881538353678,0.8988881538353678,0.8988881538353678
44,0.9641875377267896,0.9741875377267896,0.9741875377267896,0.9941875377267896,0.9941875377267896,0.9941875377267896,1.0,1.0,0.99,0.99,0.98,0.97,0.96
45,0.9952460601472978,0.9952460601472978,0.9952460601472978,0.9952460601472978,0.9952460601472978,1.0,1.0,0.97,0.97,0.96,0.95,0.95,0.95
46,0.8994098915315529,0.8894098915315529,0.8894098915315529,0.9094098915315529,0.9094098915315529,0.9094098915315529,0.8994098915315529,0.8994098915315529,0.8894098915315529,0.8894098915315529,0.8894098915315529,0.8594098915315529,0.8594098915315529
47,1.0,1.0,1.0,1.0,1.0,1.0,1.0,1.0,1.0,0.995,0.985,0.965,0.975
48,0.9092030596754883,0.9192030596754883,0.8992030596754883,0.8892030596754883,0.8892030596754883,0.8992030596754883,0.9092030596754883,0.9092030596754883,0.8892030596754883,0.8892030596754883,0.8992030596754883,0.8992030596754883,0.9192030596754883
49,0.8840633054989134,0.8840633054989134,0.8740633054989134,0.8740633054989134,0.8740633054989134,0.8740633054989134,0.8940633054989134,0.9040633054989134,0.9140633054989135,0.8940633054989134,0.8940633054989134,0.8940633054989134,0.8740633054989134
50,0.8939679788907215,0.8939679788907215,0.8939679788907215,0.8939679788907215,0.8839679788907215,0.8639679788907215,0.8539679788907215,0.8589679788907215,0.8589679788907215,0.8589679788907215,0.8689679788907215,0.8589679788907215,0.8689679788907215
51,0.9370791725272034,0.9370791725272034,0.9670791725272034,0.9570791725272034,0.9370791725272034,0.9470791725272034,0.9470791725272034,0.9470791725272034,0.9470791725272034,0.9470791725272034,0.9470791725272034,0.9770791725272034,0.9770791725272034
52,0.9368999120932073,0.9368999120932073,0.9368999120932073,0.9268999120932073,0.9368999120932073,0.9168999120932073,0.9068999120932073,0.9068999120932073,0.9368999120932073,0.9468999120932073,0.9568999120932073,0.9668999120932074,0.9568999120932073
53,0.9253513052313416,0.9453513052313416,0.9653513052313416,0.9653513052313416,0.9603513052313416,0.9503513052313416,0.9303513052313416,0.9303513052313416,0.9203513052313416,0.9203513052313416,0.9203513052313416,0.9103513052313416,0.9103513052313416
54,0.8927163668535258,0.8927163668535258,0.8827163668535258,0.8827163668535258,0.8827163668535258,0.8727163668535258,0.8827163668535258,0.8827163668535258,0.8827163668535258,0.8827163668535258,0.8727163668535258,0.8627163668535258,0.8527163668535258
55,0.9876736606548698,0.9876736606548698,0.9876736606548698,0.9776736606548698,0.9976736606548698,0.9976736606548698,0.9976736606548698,1.0,1.0,1.0,1.0,0.995,0.995
56,0.9503923011183154,0.9503923011183154,0.9503923011183154,0.9303923011183154,0.9303923011183154,0.9603923011183154,0.9603923011183154,0.9703923011183154,0.9503923011183154,0.9703923011183154,0.9703923011183154,0.9603923011183154,0.9503923011183154
57,0.974031610487214,0.964031610487214,0.964031610487214,0.934031610487214,0.939031610487214,0.939031610487214,0.949031610487214,0.949031610487214,0.949031610487214,0.959031610487214,0.959031610487214,0.969031610487214,0.969031610487214
58,0.9276135904954981,0.9276135904954981,0.9476135904954981,0.9276135904954981,0.9276135904954981,0.9276135904954981,0.9376135904954981,0.9176135904954981,0.9176135904954981,0.9076135904954981,0.887613590495498,0.887613590495498,0.897613590495498
59,0.9666000886572578,0.9666000886572578,0.9766000886572578,0.9866000886572578,0.9866000886572578,0.9766000886572578,0.9666000886572578,0.9666000886572578,0.9666000886572578,0.9566000886572578,0.9566000886572578,0.9366000886572577,0.9366000886572577
60,0.9634887145076086,0.9734887145076087,0.9734887145076087,0.9634887145076086,0.9734887145076087,0.9534887145076086,0.9534887145076086,0.9634887145076086,0.9634887145076086,0.9634887145076086,0.9634887145076086,0.9634887145076086,0.9734887145076087
61,0.9030755060409722,0.9030755060409722,0.9030755060409722,0.9030755060409722,0.8830755060409722,0.8930755060409722,0.8930755060409722,0.8930755060409722,0.8630755060409722,0.8680755060409722,0.8780755060409722,0.8780755060409722,0.8680755060409722
62,1.0,0.99,0.99,0.99,0.98,0.99,0.99,0.99,0.99,0.99,0.99,1.0,1.0
63,0.9615921305151881,0.9515921305151881,0.9615921305151881,0.9515921305151881,0.9515921305151881,0.9715921305151881,0.9615921305151881,0.9515921305151881,0.9415921305151881,0.9515921305151881,0.9515921305151881,0.9515921305151881,0.9515921305151881
64,0.9838604275340529,0.9838604275340529,0.9838604275340529,0.9738604275340529,0.9738604275340529,0.9438604275340529,0.9638604275340529,0.9538604275340529,0.9688604275340529,0.9688604275340529,0.9488604275340529,0.9588604275340529,0.9588604275340529
65,0.9036781353562008,0.9036781353562008,0.9036781353562008,0.9036781353562008,0.9036781353562008,0.9036781353562008,0.9036781353562008,0.8936781353562008,0.9036781353562008,0.9236781353562008,0.9236781353562008,0.9236781353562008,0.9036781353562008
66,0.9530874494280085,0.9230874494280085,0.9230874494280085,0.9330874494280085,0.9330874494280085,0.9330874494280085,0.9330874494280085,0.9330874494280085,0.9330874494280085,0.9330874494280085,0.9330874494280085,0.9230874494280085,0.9230874494280085
67,0.8725232522735349,0.8525232522735349,0.8325232522735349,0.8325232522735349,0.8325232522735349,0.8325232522735349,0.8325232522735349,0.8325232522735349,0.8375232522735349,0.8375232522735349,0.8475232522735349,0.8475232522735349,0.8475232522735349
68,0.9934314213170649,0.9834314213170648,0.9934314213170649,1.0,1.0,0.99,0.97,0.97,0.97,0.97,0.97,0.99,0.98
69,0.9641692825351557,0.9541692825351556,0.9541692825351556,0.9541692825351556,0.9841692825351557,0.9741692825351557,0.9741692825351557,0.9641692825351557,0.9641692825351557,0.9541692825351556,0.9641692825351557,0.9641692825351557,0.9641692825351557
70,0.9387789794850471,0.9487789794850471,0.9587789794850471,0.9587789794850471,0.9587789794850471,0.9387789794850471,0.9387789794850471,0.9387789794850471,0.9387789794850471,0.898778979485047,0.898778979485047,0.903778979485047,0.9237789794850471
71,0.9266952836846076,0.9266952836846076,0.9366952836846076,0.9366952836846076,0.9566952836846077,0.9566952836846077,0.9466952836846076,0.9366952836846076,0.9366952836846076,0.9266952836846076,0.9366952836846076,0.9566952836846077,0.9566952836846077
72,0.9807989363166497,0.9707989363166497,0.9807989363166497,0.9807989363166497,0.9807989363166497,0.9607989363166497,0.9707989363166497,0.9707989363166497,0.9707989363166497,1.0,1.0,0.99,0.99
73,0.9655454685619042,0.9755454685619042,0.9555454685619041,0.9555454685619041,0.9755454685619042,0.9755454685619042,0.9555454685619041,0.9555454685619041,0.9555454685619041,0.9555454685619041,0.9555454685619041,0.9555454685619041,0.9555454685619041
74,0.9845230822179997,0.9845230822179997,0.9745230822179997,0.9545230822179996,0.9545230822179996,0.9695230822179997,0.9695230822179997,0.9595230822179996,0.9695230822179997,0.9695230822179997,0.9795230822179997,0.9895230822179997,0.9695230822179997
75,0.9542108254956099,0.9642108254956099,0.9642108254956099,0.9542108254956099,0.9542108254956099,0.9242108254956098,0.9242108254956098,0.9242108254956098,0.9392108254956099,0.9192108254956098,0.9292108254956098,0.9292108254956098,0.9192108254956098
76,0.9630134431059216,0.9630134431059216,0.9630134431059216,0.9630134431059216,0.9630134431059216,0.9730134431059216,0.9730134431059216,0.9730134431059216,0.9730134431059216,0.9730134431059216,0.9730134431059216,0.9530134431059216,0.9430134431059216
77,0.9549824395211637,0.9549824395211637,0.9649824395211637,0.9749824395211637,0.9649824395211637,0.9749824395211637,0.9849824395211637,0.9549824395211637,0.9549824395211637,0.9549824395211637,0.9549824395211637,0.9749824395211637,0.9749824395211637
78,0.9322294147988364,0.9222294147988364,0.9022294147988363,0.9122294147988363,0.9022294147988363,0.9122294147988363,0.9122294147988363,0.9222294147988364,0.9322294147988364,0.9422294147988364,0.9422294147988364,0.9022294147988363,0.9122294147988363
79,0.9467434718699116,0.9467434718699116,0.9667434718699116,0.9767434718699116,0.9767434718699116,0.9767434718699116,0.9767434718699116,0.9767434718699116,0.9767434718699116,0.9867434718699116,0.9867434718699116,0.9867434718699116,0.9867434718699116
80,0.9103317788700228,0.9203317788700228,0.9403317788700228,0.9403317788700228,0.9403317788700228,0.9403317788700228,0.9303317788700228,0.9203317788700228,0.9203317788700228,0.8903317788700228,0.8703317788700228,0.8703317788700228,0.8703317788700228
81,0.9461580818315198,0.9461580818315198,0.9561580818315198,0.9461580818315198,0.9461580818315198,0.9361580818315198,0.9561580818315198,0.9561580818315198,0.9761580818315199,0.9761580818315199,0.9611580818315199,0.9811580818315199,0.9711580818315199
82,0.9339842170330791,0.9439842170330791,0.9539842170330791,0.9539842170330791,0.9539842170330791,0.9439842170330791,0.9539842170330791,0.9639842170330791,0.9639842170330791,0.9739842170330791,0.9639842170330791,0.9639842170330791,0.9539842170330791
83,0.9450593942102636,0.9250593942102636,0.9050593942102636,0.9050593942102636,0.9150593942102636,0.9150593942102636,0.9150593942102636,0.9150593942102636,0.9150593942102636,0.9250593942102636,0.9500593942102636,0.9700593942102637,0.9800593942102637
84,0.910700522024033,0.910700522024033,0.920700522024033,0.920700522024033,0.910700522024033,0.910700522024033,0.900700522024033,0.8907005220240329,0.8907005220240329,0.8907005220240329,0.8907005220240329,0.8907005220240329,0.910700522024033
85,0.9084330209778694,0.9084330209778694,0.8884330209778694,0.8784330209778693,0.8784330209778693,0.8884330209778694,0.8884330209778694,0.8984330209778694,0.9084330209778694,0.8784330209778693,0.8684330209778693,0.8734330209778693,0.8734330209778693
86,0.9296696549902488,0.9396696549902488,0.9496696549902488,0.9496696549902488,0.9496696549902488,0.9496696549902488,0.9396696549902488,0.9496696549902488,0.9396696549902488,0.9496696549902488,0.9496696549902488,0.9396696549902488,0.9196696549902488
87,0.9331581936146666,0.9231581936146666,0.9031581936146665,0.9131581936146665,0.9131581936146665,0.9131581936146665,0.9131581936146665,0.9131581936146665,0.9231581936146666,0.9431581936146666,0.9331581936146666,0.9231581936146666,0.9331581936146666
88,0.9915475028848977,0.9915475028848977,1.0,1.0,1.0,1.0,0.99,1.0,1.0,1.0,1.0,1.0,1.0
89,0.9827200373393773,0.9627200373393773,0.9627200373393773,0.9627200373393773,0.9727200373393773,0.9927200373393773,1.0,0.99,0.98,1.0,1.0,0.985,0.985
90,0.8978584318612608,0.8978584318612608,0.8978584318612608,0.8878584318612608,0.8778584318612608,0.9028584318612608,0.9128584318612608,0.9028584318612608,0.9028584318612608,0.9028584318612608,0.9128584318612608,0.9128584318612608,0.9028584318612608
91,0.907920650864918,0.917920650864918,0.907920650864918,0.907920650864918,0.907920650864918,0.907920650864918,0.917920650864918,0.917920650864918,0.917920650864918,0.907920650864918,0.907920650864918,0.897920650864918,0.897920650864918
92,0.9299688267752861,0.9299688267752861,0.9399688267752861,0.9599688267752862,0.9599688267752862,0.9499688267752862,0.9299688267752861,0.9199688267752861,0.9199688267752861,0.9399688267752861,0.9499688267752862,0.9499688267752862,0.9599688267752862
93,0.9369312734442532,0.9469312734442532,0.9269312734442532,0.9369312734442532,0.9469312734442532,0.9569312734442532,0.9369312734442532,0.9369312734442532,0.9469312734442532,0.9369312734442532,0.9169312734442532,0.9169312734442532,0.9069312734442532
94,0.982127998908452,0.982127998908452,0.982127998908452,0.962127998908452,0.962127998908452,0.962127998908452,0.962127998908452,0.942127998908452,0.952127998908452,0.942127998908452,0.952127998908452,0.952127998908452,0.942127998908452
95,0.9382237489215752,0.9382237489215752,0.9482237489215752,0.9482237489215752,0.9282237489215752,0.9182237489215752,0.9182237489215752,0.9382237489215752,0.9482237489215752,0.9382237489215752,0.9382237489215752,0.9282237489215752,0.9182237489215752
96,0.9892128457120752,0.9692128457120752,0.9692128457120752,0.9692128457120752,0.9992128457120752,0.9992128457120752,1.0,1.0,0.99,0.98,0.98,0.97,1.0
97,0.959718474076894,0.939718474076894,0.939718474076894,0.939718474076894,0.939718474076894,0.949718474076894,0.969718474076894,0.959718474076894,0.969718474076894,0.969718474076894,0.969718474076894,0.959718474076894,0.929718474076894
98,0.9762919977246889,0.9762919977246889,0.9762919977246889,0.9762919977246889,0.9762919977246889,0.9662919977246889,0.9862919977246889,1.0,1.0,1.0,0.97,0.96,0.96
99,0.8649006972822284,0.8749006972822284,0.8849006972822284,0.8649006972822284,0.8449006972822284,0.8449006972822284,0.8449006972822284,0.8449006972822284,0.8649006972822284,0.8949006972822284,0.8799006972822284,0.8799006972822284,0.8699006972822284
100,0.9669094852169164,0.9969094852169165,0.9969094852169165,0.9969094852169165,1.0,0.99,0.99,0.98,0.98,0.98,0.97,0.96,0.95
101,1.0,1.0,1.0,1.0,1.0,0.99,0.98,0.97,0.97,0.97,0.97,0.98,1.0
102,1.0,1.0,1.0,1.0,1.0,1.0,1.0,1.0,1.0,1.0,1.0,0.995,0.995
103,1.0,0.98,0.98,0.99,1.0,1.0,1.0,1.0,1.0,1.0,1.0,0.97,0.99
104,0.9705586671168105,0.9805586671168105,0.9705586671168105,0.9605586671168105,0.9605586671168105,0.9705586671168105,0.9705586671168105,0.9605586671168105,0.9505586671168105,0.9605586671168105,0.9605586671168105,0.9955586671168105,1.0
105,0.8862219796195844,0.8862219796195844,0.8762219796195844,0.8562219796195844,0.8662219796195844,0.8662219796195844,0.8662219796195844,0.8762219796195844,0.8762219796195844,0.8662219796195844,0.8562219796195844,0.8562219796195844,0.8462219796195843
106,0.9443285926288505,0.9443285926288505,0.9443285926288505,0.9343285926288505,0.9543285926288505,0.9443285926288505,0.9443285926288505,0.9443285926288505,0.9243285926288505,0.9243285926288505,0.9493285926288505,0.9493285926288505,0.9493285926288505
107,1.0,1.0,1.0,1.0,0.995,0.995,0.985,0.995,0.995,0.995,0.985,0.985,0.985
108,0.9197838497353459,0.9197838497353459,0.9197838497353459,0.9197838497353459,0.9097838497353459,0.8997838497353459,0.8997838497353459,0.9247838497353459,0.9147838497353459,0.9247838497353459,0.9347838497353459,0.9147838497353459,0.9147838497353459
109,0.9782512257402769,0.9882512257402769,0.9882512257402769,0.9982512257402769,0.9982512257402769,0.9682512257402769,0.9782512257402769,0.9582512257402769,0.9382512257402769,0.9482512257402769,0.9482512257402769,0.9482512257402769,0.9632512257402769
110,0.9915877227376825,0.9915877227376825,1.0,0.98,0.99,1.0,0.99,0.98,0.98,1.0,1.0,0.995,0.985
111,0.9354913113288248,0.9554913113288248,0.9554913113288248,0.9454913113288248,0.9454913113288248,0.9454913113288248,0.9554913113288248,0.9654913113288248,0.9504913113288248,0.9704913113288248,0.9604913113288248,0.9604913113288248,0.9604913113288248
112,0.9082984779731745,0.8982984779731745,0.8982984779731745,0.8782984779731745,0.8782984779731745,0.8882984779731745,0.8782984779731745,0.8882984779731745,0.8782984779731745,0.8682984779731745,0.8732984779731745,0.8732984779731745,0.8832984779731745
113,0.9021158041562112,0.8921158041562112,0.8921158041562112,0.8921158041562112,0.8921158041562112,0.8921158041562112,0.9021158041562112,0.9121158041562112,0.9121158041562112,0.8921158041562112,0.8921158041562112,0.9021158041562112,0.8921158041562112
114,0.9113086850280102,0.9113086850280102,0.8913086850280102,0.9113086850280102,0.9113086850280102,0.9113086850280102,0.9213086850280102,0.9213086850280102,0.9313086850280102,0.9213086850280102,0.9413086850280102,0.9413086850280102,0.9263086850280102
115,0.9895312389486816,0.9895312389486816,0.9895312389486816,0.9895312389486816,0.9995312389486816,1.0,1.0,1.0,1.0,0.99,0.99,0.98,0.99
116,0.9341038846756917,0.9241038846756917,0.9241038846756917,0.9241038846756917,0.9241038846756917,0.9141038846756917,0.9141038846756917,0.9241038846756917,0.9341038846756917,0.9341038846756917,0.9041038846756917,0.8941038846756917,0.8991038846756917
117,0.9743987906238436,0.9643987906238436,0.9743987906238436,0.9743987906238436,0.9743987906238436,0.9943987906238436,1.0,1.0,1.0,1.0,0.98,1.0,0.995
118,0.9729317188068638,0.9729317188068638,0.9529317188068638,0.9529317188068638,0.9529317188068638,0.9429317188068638,0.9429317188068638,0.9529317188068638,0.9629317188068638,0.9629317188068638,0.9729317188068638,0.9829317188068638,0.9929317188068638
119,0.9852273287331261,0.9952273287331261,1.0,0.98,0.97,0.98,0.99,0.99,0.99,0.97,0.98,0.98,0.98
120,0.9469086271813745,0.9269086271813745,0.9169086271813744,0.9069086271813744,0.9269086271813745,0.9369086271813745,0.9369086271813745,0.9369086271813745,0.9369086271813745,0.9169086271813744,0.9169086271813744,0.9069086271813744,0.9269086271813745
121,0.9913475590998293,0.9913475590998293,1.0,1.0,1.0,1.0,1.0,1.0,0.99,0.99,0.98,0.96,0.97
122,0.9482917184171484,0.9682917184171485,0.9582917184171484,0.9582917184171484,0.9582917184171484,0.9582917184171484,0.9682917184171485,0.9582917184171484,0.9582917184171484,0.9582917184171484,0.9482917184171484,0.9682917184171485,0.9582917184171484
123,0.9456163641517792,0.9356163641517792,0.9256163641517792,0.9856163641517792,0.9806163641517792,0.9806163641517792,0.9806163641517792,0.9606163641517792,0.9606163641517792,0.9606163641517792,0.9706163641517792,0.9906163641517792,0.9906163641517792
124,0.9257006942553402,0.9257006942553402,0.9157006942553402,0.9157006942553402,0.9157006942553402,0.9157006942553402,0.9157006942553402,0.9157006942553402,0.9157006942553402,0.9057006942553402,0.9307006942553402,0.9307006942553402,0.9407006942553402
125,0.891698789519112,0.871698789519112,0.8516987895191119,0.8516987895191119,0.8516987895191119,0.8516987895191119,0.8566987895191119,0.8566987895191119,0.8566987895191119,0.8566987895191119,0.8566987895191119,0.866698789519112,0.866698789519112
126,0.8838230558439967,0.8638230558439967,0.8888230558439967,0.8888230558439967,0.8888230558439967,0.8688230558439967,0.8788230558439967,0.8788230558439967,0.8788230558439967,0.8888230558439967,0.8788230558439967,0.8788230558439967,0.8888230558439967
127,0.9765533568784129,0.9765533568784129,0.9765533568784129,0.986553356878413,0.986553356878413,0.996553356878413,0.996553356878413,0.996553356878413,0.996553356878413,1.0,1.0,1.0,0.99
128,0.9157376037228621,0.905737603722862,0.895737603722862,0.895737603722862,0.885737603722862,0.895737603722862,0.895737603722862,0.885737603722862,0.875737603722862,0.880737603722862,0.880737603722862,0.880737603722862,0.890737603722862
129,0.9275053447612339,0.9175053447612339,0.9275053447612339,0.9375053447612339,0.9475053447612339,0.9475053447612339,0.9475053447612339,0.9375053447612339,0.9375053447612339,0.9275053447612339,0.9275053447612339,0.9175053447612339,0.9075053447612339
130,0.8872359777326263,0.8772359777326263,0.8972359777326263,0.8972359777326263,0.9072359777326263,0.9072359777326263,0.9072359777326263,0.9072359777326263,0.9072359777326263,0.9172359777326263,0.9172359777326263,0.9272359777326263,0.9272359777326263
131,0.921667073982141,0.951667073982141,0.951667073982141,0.961667073982141,0.951667073982141,0.961667073982141,0.951667073982141,0.951667073982141,0.951667073982141,0.941667073982141,0.961667073982141,0.956667073982141,0.956667073982141
132,0.9095999306721628,0.9095999306721628,0.8995999306721628,0.8995999306721628,0.8895999306721628,0.8895999306721628,0.8895999306721628,0.8995999306721628,0.9095999306721628,0.9095999306721628,0.9095999306721628,0.9095999306721628,0.8895999306721628
133,0.9321591338410915,0.9521591338410915,0.9521591338410915,0.9521591338410915,0.9621591338410915,0.9521591338410915,0.9421591338410915,0.9421591338410915,0.9621591338410915,0.9621591338410915,0.9471591338410915,0.9471591338410915,0.9671591338410915
134,0.9636229729236409,0.9636229729236409,0.9536229729236408,0.9536229729236408,0.9636229729236409,0.9536229729236408,0.9436229729236408,0.9236229729236408,0.9286229729236408,0.9386229729236408,0.9386229729236408,0.9386229729236408,0.9586229729236408
135,0.9781476177423487,1.0,1.0,1.0,1.0,1.0,0.99,0.98,0.98,0.97,0.97,0.98,0.98
136,0.9502011309149125,0.9602011309149125,0.9502011309149125,0.9402011309149125,0.9402011309149125,0.9402011309149125,0.9502011309149125,0.9702011309149126,0.9902011309149126,0.9702011309149126,0.9802011309149126,0.9802011309149126,0.9802011309149126
137,0.9106887746177922,0.9006887746177922,0.9106887746177922,0.9106887746177922,0.9306887746177922,0.9506887746177922,0.9456887746177922,0.9456887746177922,0.9456887746177922,0.9256887746177922,0.9056887746177922,0.9056887746177922,0.9056887746177922
138,0.9210648168990507,0.9110648168990507,0.9110648168990507,0.9110648168990507,0.9110648168990507,0.9110648168990507,0.9010648168990507,0.8810648168990507,0.8810648168990507,0.9110648168990507,0.9010648168990507,0.9110648168990507,0.9010648168990507
139,0.970479974415323,0.970479974415323,0.970479974415323,0.950479974415323,0.950479974415323,0.970479974415323,0.970479974415323,0.980479974415323,0.980479974415323,0.980479974415323,0.970479974415323,0.960479974415323,0.970479974415323
140,0.9131846188316745,0.8931846188316744,0.8731846188316744,0.8731846188316744,0.8781846188316744,0.8881846188316744,0.8981846188316744,0.8981846188316744,0.8881846188316744,0.8881846188316744,0.8881846188316744,0.8881846188316744,0.9081846188316745
141,0.92800800900252,0.93800800900252,0.93800800900252,0.93800800900252,0.94800800900252,0.95800800900252,0.95800800900252,0.95800800900252,0.95800800900252,0.95800800900252,0.94300800900252,0.92300800900252,0.92300800900252
142,0.9775366544932776,0.9875366544932777,0.9675366544932776,0.9675366544932776,0.9775366544932776,0.9875366544932777,0.9875366544932777,0.9775366544932776,0.9875366544932777,1.0,0.995,0.985,1.0
143,0.9356886469527336,0.9356886469527336,0.9356886469527336,0.9356886469527336,0.9456886469527336,0.9256886469527336,0.9256886469527336,0.9356886469527336,0.9456886469527336,0.9456886469527336,0.9556886469527336,0.9556886469527336,0.9656886469527336
144,0.941317613578156,0.921317613578156,0.951317613578156,0.961317613578156,0.951317613578156,0.921317613578156,0.921317613578156,0.921317613578156,0.951317613578156,0.961317613578156,0.961317613578156,0.961317613578156,0.971317613578156
145,0.9007975324527174,0.9007975324527174,0.9107975324527174,0.9107975324527174,0.9207975324527174,0.9207975324527174,0.9407975324527175,0.9307975324527175,0.9207975324527174,0.9207975324527174,0.9207975324527174,0.8957975324527174,0.8957975324527174
146,0.9670777688858669,0.9470777688858669,0.9470777688858669,0.9570777688858669,0.9570777688858669,0.9370777688858669,0.9470777688858669,0.9370777688858669,0.9270777688858669,0.9370777688858669,0.9370777688858669,0.9270777688858669,0.9320777688858669
147,0.905038251668774,0.905038251668774,0.9250382516687741,0.9250382516687741,0.905038251668774,0.905038251668774,0.905038251668774,0.905038251668774,0.905038251668774,0.905038251668774,0.9250382516687741,0.9250382516687741,0.9350382516687741
148,0.9244683554816192,0.9144683554816192,0.9044683554816192,0.9044683554816192,0.9144683554816192,0.9144683554816192,0.9144683554816192,0.8844683554816192,0.9044683554816192,0.9044683554816192,0.9294683554816192,0.9294683554816192,0.9494683554816192
149,0.9662140349002328,0.9662140349002328,0.9562140349002328,0.9562140349002328,0.9562140349002328,0.9662140349002328,0.9562140349002328,0.9662140349002328,0.9362140349002328,0.9362140349002328,0.9362140349002328,0.9262140349002328,0.9312140349002328
150,0.9451564802896981,0.9551564802896981,0.9451564802896981,0.9651564802896981,0.9651564802896981,0.9751564802896981,0.9601564802896981,0.9601564802896981,0.9601564802896981,0.9601564802896981,0.9901564802896982,0.9901564802896982,0.9601564802896981
151,0.9967158397870169,0.9867158397870169,0.9867158397870169,0.9867158397870169,0.9867158397870169,0.9967158397870169,0.9767158397870169,0.9767158397870169,0.9667158397870169,0.9667158397870169,0.9667158397870169,0.9667158397870169,0.9667158397870169
152,0.9544956777618742,0.9644956777618742,0.9544956777618742,0.9544956777618742,0.9544956777618742,0.9644956777618742,0.9644956777618742,0.9744956777618742,0.9744956777618742,0.9494956777618742,0.9294956777618741,0.9294956777618741,0.9194956777618741
153,0.9199172395974663,0.9099172395974663,0.8999172395974663,0.8999172395974663,0.9199172395974663,0.9199172395974663,0.9199172395974663,0.9399172395974663,0.9499172395974663,0.9599172395974663,0.9499172395974663,0.9599172395974663,0.9549172395974663
154,0.9913745528623362,0.9913745528623362,0.9813745528623362,0.9713745528623362,0.9713745528623362,0.9613745528623362,0.9713745528623362,0.9713745528623362,0.9713745528623362,0.9713745528623362,0.9713745528623362,0.9713745528623362,0.9713745528623362
155,0.8830581335746162,0.8730581335746161,0.8630581335746161,0.8530581335746161,0.8630581335746161,0.8630581335746161,0.8630581335746161,0.8530581335746161,0.8530581335746161,0.8430581335746161,0.8430581335746161,0.8530581335746161,0.8630581335746161
156,0.9853367301771104,0.9553367301771104,0.9553367301771104,0.9553367301771104,0.9553367301771104,0.9653367301771104,0.9753367301771104,0.9853367301771104,0.9853367301771104,0.9853367301771104,1.0,1.0,1.0
157,0.9741176298702863,0.9741176298702863,0.9741176298702863,0.9741176298702863,0.9741176298702863,0.9941176298702863,0.9941176298702863,1.0,1.0,0.99,1.0,0.995,0.975
158,0.9502582775776972,0.9502582775776972,0.9502582775776972,0.9602582775776972,0.9602582775776972,0.9602582775776972,0.9602582775776972,0.9802582775776972,0.9802582775776972,0.9602582775776972,0.9802582775776972,0.9802582775776972,0.9652582775776972
159,1.0,0.98,0.99,0.98,0.98,0.98,0.98,0.98,1.0,1.0,1.0,1.0,1.0
160,0.9633607323307575,0.9833607323307575,0.9833607323307575,0.9833607323307575,0.9833607323307575,0.9833607323307575,0.9733607323307575,0.9733607323307575,0.9833607323307575,0.9833607323307575,0.9583607323307575,0.9583607323307575,0.9683607323307575
161,0.9165897905565343,0.9065897905565343,0.9265897905565343,0.9165897905565343,0.9165897905565343,0.9065897905565343,0.8965897905565343,0.9065897905565343,0.8965897905565343,0.9065897905565343,0.9065897905565343,0.9065897905565343,0.9265897905565343
162,0.8909693169481675,0.8809693169481675,0.8809693169481675,0.9009693169481675,0.9109693169481675,0.9109693169481675,0.9109693169481675,0.9209693169481675,0.9009693169481675,0.9009693169481675,0.9109693169481675,0.9109693169481675,0.9109693169481675
163,0.9545634160618629,0.9445634160618629,0.9545634160618629,0.9445634160618629,0.9245634160618629,0.9245634160618629,0.9245634160618629,0.9245634160618629,0.9245634160618629,0.9145634160618629,0.9195634160618629,0.9195634160618629,0.9195634160618629
164,0.9461890450516762,0.9461890450516762,0.9461890450516762,0.9461890450516762,0.9461890450516762,0.9461890450516762,0.9461890450516762,0.9561890450516762,0.9561890450516762,0.9461890450516762,0.9561890450516762,0.9661890450516762,0.9761890450516763
165,0.9318288392047227,0.9418288392047227,0.9318288392047227,0.9418288392047227,0.9618288392047227,0.9468288392047227,0.9368288392047227,0.9368288392047227,0.9368288392047227,0.9368288392047227,0.9368288392047227,0.9368288392047227,0.9468288392047227
166,0.953365299619444,0.953365299619444,0.9633652996194441,0.9633652996194441,0.9733652996194441,0.9733652996194441,0.9733652996194441,0.9833652996194441,0.9683652996194441,0.9683652996194441,0.9683652996194441,0.958365299619444,0.948365299619444
167,1.0,0.99,1.0,1.0,1.0,1.0,0.99,0.99,0.98,0.99,1.0,1.0,1.0
168,0.8790282258421669,0.8790282258421669,0.8790282258421669,0.8590282258421669,0.8590282258421669,0.8590282258421669,0.8690282258421669,0.8790282258421669,0.8790282258421669,0.8790282258421669,0.8690282258421669,0.8790282258421669,0.8790282258421669
169,0.9657895888756072,0.9557895888756072,0.9457895888756072,0.9457895888756072,0.9357895888756071,0.9257895888756071,0.9307895888756071,0.9307895888756071,0.9307895888756071,0.9307895888756071,0.9407895888756072,0.9307895888756071,0.9407895888756072
170,0.8847899472446334,0.8947899472446335,0.8947899472446335,0.8847899472446334,0.8847899472446334,0.8847899472446334,0.8647899472446334,0.8547899472446334,0.8547899472446334,0.8547899472446334,0.8547899472446334,0.8447899472446334,0.8497899472446334
171,0.9603025345660224,0.9503025345660224,0.9403025345660224,0.9403025345660224,0.9503025345660224,0.9503025345660224,0.9403025345660224,0.9203025345660224,0.9203025345660224,0.9203025345660224,0.9253025345660224,0.9353025345660224,0.9253025345660224
172,0.9405943234201807,0.9505943234201807,0.9505943234201807,0.9505943234201807,0.9205943234201807,0.9205943234201807,0.9205943234201807,0.9105943234201807,0.9305943234201807,0.9305943234201807,0.9205943234201807,0.9205943234201807,0.9405943234201807
173,0.927186564245101,0.927186564245101,0.917186564245101,0.917186564245101,0.9521865642451011,0.9521865642451011,0.9621865642451011,0.942186564245101,0.9521865642451011,0.9521865642451011,0.9521865642451011,0.9721865642451011,0.9721865642451011
174,0.981349263671237,0.981349263671237,0.971349263671237,0.981349263671237,1.0,1.0,0.99,0.99,1.0,0.97,0.97,0.97,0.95
175,0.9581952750308453,0.9581952750308453,0.9581952750308453,0.9581952750308453,0.9581952750308453,0.9481952750308453,0.9381952750308453,0.9281952750308453,0.9181952750308453,0.9231952750308453,0.9331952750308453,0.9331952750308453,0.9531952750308453
176,0.9091986173487243,0.8991986173487243,0.8791986173487243,0.8691986173487243,0.8791986173487243,0.8791986173487243,0.8941986173487243,0.8941986173487243,0.8941986173487243,0.8841986173487243,0.9041986173487243,0.8841986173487243,0.8941986173487243
177,0.9356223787735637,0.9356223787735637,0.9256223787735637,0.9356223787735637,0.9556223787735637,0.9556223787735637,0.9306223787735637,0.9406223787735637,0.9406223787735637,0.9506223787735637,0.9406223787735637,0.9406223787735637,0.9406223787735637
178,1.0,1.0,1.0,1.0,0.98,0.99,0.99,0.99,0.99,0.99,1.0,1.0,0.99
179,0.9703754441589426,0.9703754441589426,0.9703754441589426,0.9703754441589426,0.9703754441589426,0.9603754441589426,0.9703754441589426,0.9803754441589426,0.9803754441589426,0.9703754441589426,0.9703754441589426,0.9703754441589426,0.9703754441589426
180,1.0,0.99,0.98,0.98,0.96,0.96,0.96,0.99,0.99,0.99,0.99,1.0,0.99
181,0.9431339912468827,0.9531339912468827,0.9531339912468827,0.9431339912468827,0.9431339912468827,0.9331339912468827,0.9031339912468827,0.9031339912468827,0.9031339912468827,0.9031339912468827,0.9231339912468827,0.9231339912468827,0.9531339912468827
182,0.8859219735525024,0.8859219735525024,0.9159219735525024,0.9159219735525024,0.9159219735525024,0.9159219735525024,0.9159219735525024,0.9259219735525024,0.9209219735525024,0.9109219735525024,0.9109219735525024,0.9009219735525024,0.9109219735525024
183,0.9481072561595326,0.9481072561595326,0.9481072561595326,0.9381072561595326,0.9481072561595326,0.9481072561595326,0.9281072561595326,0.9281072561595326,0.9181072561595326,0.9331072561595326,0.9231072561595326,0.9231072561595326,0.9231072561595326
184,0.9531937076159747,0.9331937076159746,0.9231937076159746,0.9231937076159746,0.9131937076159746,0.9431937076159747,0.9531937076159747,0.9531937076159747,0.9531937076159747,0.9531937076159747,0.9431937076159747,0.9531937076159747,0.9731937076159747
185,0.9259040017309785,0.9259040017309785,0.9359040017309785,0.9559040017309786,0.9409040017309785,0.9309040017309785,0.9309040017309785,0.9309040017309785,0.9309040017309785,0.9309040017309785,0.9109040017309785,0.9109040017309785,0.8909040017309785
186,0.8585917333015151,0.848591733301515,0.838591733301515,0.838591733301515,0.828591733301515,0.848591733301515,0.8585917333015151,0.848591733301515,0.848591733301515,0.848591733301515,0.8685917333015151,0.8785917333015151,0.8785917333015151
187,0.9556597976466576,0.9656597976466577,0.9656597976466577,0.9656597976466577,0.9456597976466576,0.9356597976466576,0.9256597976466576,0.9256597976466576,0.9156597976466576,0.9156597976466576,0.9206597976466576,0.9306597976466576,0.9806597976466577
188,0.9481823256985328,0.9181823256985328,0.9181823256985328,0.9181823256985328,0.9181823256985328,0.9181823256985328,0.9281823256985328,0.9381823256985328,0.9481823256985328,0.9481823256985328,0.9381823256985328,0.9381823256985328,0.9381823256985328
189,0.9462750764233162,0.9562750764233162,0.9562750764233162,0.9562750764233162,0.9762750764233162,0.9762750764233162,0.9762750764233162,0.9462750764233162,0.9462750764233162,0.9462750764233162,0.9662750764233162,0.9762750764233162,0.9762750764233162
190,0.918198602186435,0.948198602186435,0.948198602186435,0.958198602186435,0.958198602186435,0.953198602186435,0.953198602186435,0.943198602186435,0.943198602186435,0.943198602186435,0.943198602186435,0.923198602186435,0.923198602186435
191,0.975679807400515,0.985679807400515,0.985679807400515,0.985679807400515,0.995679807400515,1.0,0.985,0.965,0.965,0.945,0.965,0.965,0.975
192,0.9616820776715488,0.9516820776715488,0.9716820776715488,0.9816820776715488,0.9816820776715488,0.9916820776715488,0.9916820776715488,0.9916820776715488,0.9766820776715488,0.9866820776715488,0.9866820776715488,0.9666820776715488,0.9566820776715488
193,0.9096438728994545,0.9196438728994545,0.9396438728994545,0.9246438728994545,0.9246438728994545,0.9146438728994545,0.9146438728994545,0.9146438728994545,0.9146438728994545,0.9446438728994545,0.9546438728994545,0.9346438728994545,0.9346438728994545
194,0.907299375264804,0.907299375264804,0.917299375264804,0.937299375264804,0.947299375264804,0.942299375264804,0.942299375264804,0.932299375264804,0.912299375264804,0.902299375264804,0.902299375264804,0.892299375264804,0.882299375264804
195,0.9678437447843633,0.9678437447843633,0.9578437447843633,0.9478437447843633,0.9478437447843633,0.9578437447843633,0.9578437447843633,0.9578437447843633,0.9678437447843633,0.9678437447843633,0.9678437447843633,0.9778437447843633,0.9978437447843633
196,0.8884540964546396,0.8684540964546396,0.8784540964546396,0.8684540964546396,0.8584540964546395,0.8584540964546395,0.8584540964546395,0.8484540964546395,0.8484540964546395,0.8584540964546395,0.8684540964546396,0.8684540964546396,0.8684540964546396
197,0.844489058287037,0.824489058287037,0.824489058287037,0.824489058287037,0.824489058287037,0.834489058287037,0.814489058287037,0.804489058287037,0.804489058287037,0.814489058287037,0.814489058287037,0.824489058287037,0.834489058287037
198,0.9591702056456729,0.9491702056456729,0.9991702056456729,0.9991702056456729,0.9941702056456729,0.9941702056456729,0.9841702056456729,0.9941702056456729,0.9841702056456729,0.9841702056456729,0.9641702056456729,0.9641702056456729,0.9641702056456729
199,0.9948288800991958,0.9848288800991958,1.0,1.0,1.0,1.0,0.99,0.99,0.99,0.99,0.99,0.97,0.96
200,0.9752910431819559,0.9752910431819559,0.9952910431819559,0.9952910431819559,0.9952910431819559,1.0,1.0,1.0,1.0,1.0,1.0,1.0,1.0
201,0.8885042501373117,0.8885042501373117,0.8885042501373117,0.8885042501373117,0.8985042501373117,0.8985042501373117,0.9085042501373117,0.9085042501373117,0.8835042501373117,0.8835042501373117,0.8835042501373117,0.8635042501373117,0.8635042501373117
202,0.9736795549221867,0.9736795549221867,0.9736795549221867,0.9936795549221867,0.9836795549221867,0.9736795549221867,0.9836795549221867,0.9836795549221867,0.9836795549221867,0.9836795549221867,0.9736795549221867,0.9736795549221867,0.9736795549221867
203,0.90766598717316,0.9176659871731601,0.9376659871731601,0.9376659871731601,0.9476659871731601,0.9476659871731601,0.9476659871731601,0.9476659871731601,0.9476659871731601,0.9476659871731601,0.9426659871731601,0.9426659871731601,0.9426659871731601
204,0.9320046585149958,0.9220046585149958,0.9120046585149958,0.9220046585149958,0.9420046585149958,0.9420046585149958,0.9520046585149958,0.9520046585149958,0.9520046585149958,0.9420046585149958,0.9420046585149958,0.9720046585149958,0.9670046585149958
205,0.885787742260972,0.885787742260972,0.885787742260972,0.885787742260972,0.895787742260972,0.905787742260972,0.915787742260972,0.915787742260972,0.905787742260972,0.895787742260972,0.875787742260972,0.865787742260972,0.865787742260972
206,0.9455974849921236,0.9455974849921236,0.9555974849921236,0.9555974849921236,0.9255974849921236,0.9355974849921236,0.9355974849921236,0.9355974849921236,0.9455974849921236,0.9355974849921236,0.9255974849921236,0.9255974849921236,0.9455974849921236
207,0.9084055571279409,0.8984055571279409,0.8784055571279409,0.8784055571279409,0.8884055571279409,0.8884055571279409,0.8884055571279409,0.8884055571279409,0.8784055571279409,0.8784055571279409,0.8934055571279409,0.8934055571279409,0.8934055571279409
208,0.9400438161672819,0.9300438161672819,0.9300438161672819,0.9200438161672819,0.9300438161672819,0.9100438161672819,0.9100438161672819,0.9100438161672819,0.9100438161672819,0.9250438161672819,0.9250438161672819,0.9150438161672819,0.9350438161672819
209,0.9353940996444297,0.9353940996444297,0.9353940996444297,0.9153940996444296,0.9053940996444296,0.9153940996444296,0.9253940996444296,0.9153940996444296,0.9053940996444296,0.9153940996444296,0.9353940996444297,0.9353940996444297,0.9353940996444297
210,0.9639641597521744,0.9639641597521744,0.9739641597521744,0.9739641597521744,0.9839641597521744,0.9839641597521744,0.9639641597521744,0.9739641597521744,0.9439641597521744,0.9439641597521744,0.9439641597521744,0.9439641597521744,0.9539641597521744
211,0.9090284467296328,0.9190284467296328,0.9290284467296328,0.9190284467296328,0.9190284467296328,0.9090284467296328,0.9090284467296328,0.8890284467296328,0.8890284467296328,0.8890284467296328,0.8890284467296328,0.8790284467296328,0.8890284467296328
212,0.9152407677388021,0.9152407677388021,0.9352407677388022,0.9252407677388022,0.9252407677388022,0.9352407677388022,0.9352407677388022,0.9352407677388022,0.9152407677388021,0.9052407677388021,0.9152407677388021,0.9352407677388022,0.9352407677388022
213,0.9437396843119146,0.9437396843119146,0.9437396843119146,0.9537396843119146,0.9337396843119146,0.9337396843119146,0.9337396843119146,0.9337396843119146,0.9337396843119146,0.9437396843119146,0.9637396843119146,0.9437396843119146,0.9437396843119146
214,0.9188702921406416,0.9188702921406416,0.9188702921406416,0.9188702921406416,0.9088702921406416,0.9088702921406416,0.8988702921406416,0.8988702921406416,0.8888702921406416,0.8888702921406416,0.8888702921406416,0.8888702921406416,0.9038702921406416
215,0.9336545602432182,0.9236545602432182,0.9336545602432182,0.9336545602432182,0.9336545602432182,0.9136545602432182,0.9136545602432182,0.9136545602432182,0.9136545602432182,0.9336545602432182,0.9236545602432182,0.9236545602432182,0.9236545602432182
216,0.9492658837380742,0.9492658837380742,0.9492658837380742,0.9492658837380742,0.9492658837380742,0.9492658837380742,0.9592658837380742,0.9492658837380742,0.9292658837380742,0.9192658837380742,0.9192658837380742,0.9092658837380742,0.9092658837380742
217,0.9601510412859728,0.9401510412859728,0.9401510412859728,0.9401510412859728,0.9201510412859728,0.9201510412859728,0.9251510412859728,0.9251510412859728,0.9251510412859728,0.9351510412859728,0.9251510412859728,0.9351510412859728,0.9351510412859728
218,0.9047608339910097,0.9047608339910097,0.9147608339910097,0.8947608339910097,0.8947608339910097,0.8947608339910097,0.8947608339910097,0.8847608339910097,0.8847608339910097,0.8847608339910097,0.8847608339910097,0.8847608339910097,0.8847608339910097
219,0.9197284152699058,0.9197284152699058,0.9197284152699058,0.9197284152699058,0.9197284152699058,0.9197284152699058,0.9097284152699058,0.9097284152699058,0.9097284152699058,0.9097284152699058,0.9097284152699058,0.9097284152699058,0.8997284152699058
220,0.9429548429893799,0.9629548429893799,0.97295484298938,0.98295484298938,0.98295484298938,0.97295484298938,0.97295484298938,0.9629548429893799,0.9629548429893799,0.9629548429893799,0.9629548429893799,0.97295484298938,0.97295484298938
221,0.9684721454851057,0.9484721454851057,0.9384721454851057,0.9484721454851057,0.9484721454851057,0.9284721454851057,0.9334721454851057,0.9534721454851057,0.9434721454851057,0.9234721454851057,0.9234721454851057,0.9234721454851057,0.9234721454851057
222,0.910444305515778,0.910444305515778,0.920444305515778,0.9304443055157781,0.9404443055157781,0.9404443055157781,0.9404443055157781,0.9504443055157781,0.9454443055157781,0.9354443055157781,0.905444305515778,0.895444305515778,0.895444305515778
223,0.8855928777406511,0.8955928777406511,0.8755928777406511,0.8855928777406511,0.8855928777406511,0.8855928777406511,0.8955928777406511,0.8855928777406511,0.8855928777406511,0.8655928777406511,0.8755928777406511,0.8655928777406511,0.8455928777406511
224,0.9187545932603154,0.9387545932603154,0.9587545932603154,0.9587545932603154,0.9537545932603154,0.9537545932603154,0.9437545932603154,0.9437545932603154,0.9437545932603154,0.9337545932603154,0.9337545932603154,0.9337545932603154,0.9237545932603154
225,1.0,1.0,1.0,1.0,0.99,1.0,1.0,0.99,0.99,0.98,0.99,1.0,1.0
226,0.9314997195099267,0.9314997195099267,0.9414997195099267,0.9514997195099267,0.9314997195099267,0.9114997195099267,0.9114997195099267,0.9014997195099267,0.9114997195099267,0.9114997195099267,0.9014997195099267,0.9014997195099267,0.9014997195099267
227,0.940219435247905,0.930219435247905,0.920219435247905,0.930219435247905,0.950219435247905,0.950219435247905,0.940219435247905,0.940219435247905,0.930219435247905,0.940219435247905,0.940219435247905,0.950219435247905,0.950219435247905
228,0.8935033114421013,0.8635033114421012,0.8535033114421012,0.8535033114421012,0.8535033114421012,0.8585033114421012,0.8685033114421012,0.8685033114421012,0.8885033114421013,0.8985033114421013,0.9085033114421013,0.9085033114421013,0.9185033114421013
229,0.9485317935094424,0.9485317935094424,0.9385317935094424,0.9385317935094424,0.9385317935094424,0.9085317935094424,0.9085317935094424,0.9085317935094424,0.9085317935094424,0.9135317935094424,0.9235317935094424,0.9335317935094424,0.9335317935094424
230,0.9846082739738794,1.0,1.0,1.0,1.0,0.98,0.99,0.975,0.965,0.945,0.9349999999999999,0.9249999999999999,0.9249999999999999
231,0.9662217733765579,0.9562217733765579,0.9662217733765579,0.9762217733765579,0.9762217733765579,0.9662217733765579,0.9662217733765579,0.9662217733765579,0.9862217733765579,0.9862217733765579,0.9862217733765579,0.9662217733765579,0.9462217733765579
232,0.9513141650453422,0.9413141650453422,0.9413141650453422,0.9213141650453421,0.9413141650453422,0.9413141650453422,0.9513141650453422,0.9413141650453422,0.9613141650453422,0.9713141650453422,0.9813141650453422,0.9713141650453422,0.9713141650453422
233,0.9104363026332424,0.9104363026332424,0.9104363026332424,0.9204363026332424,0.9404363026332424,0.9204363026332424,0.9204363026332424,0.9204363026332424,0.9204363026332424,0.9404363026332424,0.9104363026332424,0.9104363026332424,0.9204363026332424
234,0.9365686020606454,0.9465686020606454,0.9465686020606454,0.9465686020606454,0.9465686020606454,0.9465686020606454,0.9465686020606454,0.9665686020606454,0.9765686020606454,0.9765686020606454,0.9715686020606454,0.9615686020606454,0.9415686020606454
235,0.988410180934174,0.988410180934174,0.988410180934174,0.988410180934174,0.998410180934174,0.988410180934174,0.988410180934174,1.0,0.97,0.97,0.98,0.98,0.97
236,0.91599563449094,0.91599563449094,0.91599563449094,0.91599563449094,0.91599563449094,0.92599563449094,0.92599563449094,0.92599563449094,0.92599563449094,0.92599563449094,0.92599563449094,0.92599563449094,0.92599563449094
237,0.9651356029183554,0.9651356029183554,0.9651356029183554,0.9651356029183554,0.9751356029183554,0.9851356029183554,0.9751356029183554,0.9851356029183554,0.9851356029183554,0.9951356029183555,1.0,1.0,1.0
238,0.9878054091619042,0.9978054091619042,1.0,0.99,1.0,0.98,0.97,0.97,0.97,0.96,0.96,0.95,0.95
239,0.899518079828683,0.909518079828683,0.909518079828683,0.889518079828683,0.889518079828683,0.889518079828683,0.899518079828683,0.899518079828683,0.899518079828683,0.909518079828683,0.909518079828683,0.899518079828683,0.899518079828683
240,0.8618910560728814,0.8718910560728814,0.8818910560728814,0.8818910560728814,0.8818910560728814,0.8818910560728814,0.8918910560728814,0.8718910560728814,0.8368910560728814,0.8368910560728814,0.8368910560728814,0.8268910560728814,0.8268910560728814
241,0.9293956864355405,0.9393956864355405,0.9493956864355405,0.9593956864355405,0.9593956864355405,0.9693956864355405,0.9643956864355405,0.9543956864355405,0.9343956864355405,0.9343956864355405,0.9343956864355405,0.9443956864355405,0.9443956864355405
242,0.9333989528423527,0.9233989528423527,0.9433989528423528,0.9433989528423528,0.9533989528423528,0.9633989528423528,0.9733989528423528,0.9683989528423528,0.9683989528423528,0.9583989528423528,0.9183989528423527,0.9383989528423528,0.9383989528423528
243,1.0,1.0,1.0,0.99,1.0,0.99,0.96,0.96,0.96,0.95,0.96,0.96,0.96
244,1.0,1.0,1.0,1.0,0.99,0.98,0.98,0.99,0.98,0.98,0.99,0.99,0.99
245,0.9897293311131643,0.9797293311131643,0.9897293311131643,0.9897293311131643,0.9997293311131643,0.9997293311131643,0.9997293311131643,0.9997293311131643,0.9897293311131643,0.9797293311131643,0.9797293311131643,0.9697293311131643,0.9897293311131643
246,0.9365230920942043,0.9265230920942042,0.9165230920942042,0.9165230920942042,0.8965230920942042,0.9065230920942042,0.9065230920942042,0.8965230920942042,0.8965230920942042,0.8965230920942042,0.8965230920942042,0.9165230920942042,0.9165230920942042
247,0.9490185753766208,0.9390185753766208,0.9390185753766208,0.9690185753766208,0.9590185753766208,0.9690185753766208,0.9590185753766208,0.9590185753766208,0.9690185753766208,0.9790185753766208,0.9790185753766208,0.9790185753766208,0.9790185753766208
248,0.9020734758173434,0.8720734758173434,0.8720734758173434,0.9020734758173434,0.9020734758173434,0.9020734758173434,0.9020734758173434,0.9020734758173434,0.9120734758173434,0.9220734758173434,0.9220734758173434,0.9320734758173435,0.9320734758173435
249,0.9310453705805046,0.9310453705805046,0.9410453705805046,0.9310453705805046,0.9310453705805046,0.9510453705805046,0.9510453705805046,0.9510453705805046,0.9610453705805047,0.9510453705805046,0.9510453705805046,0.9510453705805046,0.9510453705805046
250,0.9734515939440553,0.9734515939440553,0.9634515939440553,0.9634515939440553,0.9634515939440553,0.9634515939440553,0.9734515939440553,0.9834515939440553,0.9934515939440554,1.0,0.99,1.0,0.995
251,0.998949696867937,1.0,1.0,0.99,0.98,0.97,0.95,0.95,0.95,0.97,0.96,0.96,0.97
252,0.9210659758514308,0.8910659758514308,0.9060659758514308,0.9060659758514308,0.9160659758514308,0.9160659758514308,0.9160659758514308,0.9060659758514308,0.8960659758514308,0.8960659758514308,0.8960659758514308,0.8960659758514308,0.8860659758514308
253,0.9229939712172746,0.9329939712172746,0.9029939712172745,0.9129939712172745,0.9129939712172745,0.8929939712172745,0.8829939712172745,0.8929939712172745,0.8929939712172745,0.8929939712172745,0.8829939712172745,0.8879939712172745,0.9279939712172746
254,0.9120486723316319,0.9120486723316319,0.9320486723316319,0.9420486723316319,0.9320486723316319,0.9320486723316319,0.9120486723316319,0.9020486723316319,0.8820486723316319,0.8820486723316319,0.8720486723316319,0.8820486723316319,0.8920486723316319
255,0.9786071007866705,0.9686071007866704,0.9686071007866704,0.9886071007866705,0.9886071007866705,1.0,1.0,0.99,0.99,1.0,1.0,1.0,0.97
256,0.8647414340818984,0.8747414340818984,0.9047414340818984,0.8847414340818984,0.8947414340818984,0.8947414340818984,0.8947414340818984,0.9047414340818984,0.9047414340818984,0.9047414340818984,0.8997414340818984,0.8997414340818984,0.8997414340818984
257,0.9910387143172372,0.9910387143172372,1.0,1.0,0.99,0.99,1.0,1.0,1.0,1.0,1.0,0.98,0.97
258,0.9268273142644174,0.9268273142644174,0.9168273142644174,0.9168273142644174,0.9168273142644174,0.9268273142644174,0.9268273142644174,0.9368273142644175,0.9268273142644174,0.9168273142644174,0.9168273142644174,0.9068273142644174,0.9168273142644174
259,0.8895248448250922,0.9195248448250922,0.9195248448250922,0.9095248448250922,0.9095248448250922,0.8895248448250922,0.8895248448250922,0.8895248448250922,0.8995248448250922,0.9095248448250922,0.8995248448250922,0.9095248448250922,0.8895248448250922
260,1.0,0.99,1.0,1.0,1.0,1.0,0.98,0.96,0.97,0.97,0.98,0.97,0.97
261,0.9150049556251234,0.9150049556251234,0.9050049556251234,0.9050049556251234,0.8850049556251234,0.8850049556251234,0.8750049556251234,0.8750049556251234,0.8800049556251234,0.9000049556251234,0.9000049556251234,0.9100049556251234,0.9100049556251234
262,0.9279117753497861,0.9279117753497861,0.9279117753497861,0.9279117753497861,0.9379117753497861,0.9279117753497861,0.9379117753497861,0.9579117753497861,0.9429117753497861,0.9429117753497861,0.9429117753497861,0.9229117753497861,0.9229117753497861
263,0.9737087056987739,0.9537087056987739,0.9437087056987739,0.9537087056987739,0.9737087056987739,0.9837087056987739,0.9837087056987739,0.9837087056987739,1.0,1.0,0.995,0.995,0.995
264,0.9424853121921941,0.9524853121921941,0.9524853121921941,0.9624853121921941,0.9624853121921941,0.9724853121921941,0.9724853121921941,0.9724853121921941,0.9724853121921941,0.9724853121921941,0.9574853121921941,0.9574853121921941,0.9574853121921941
265,0.9414781579885603,0.9414781579885603,0.9414781579885603,0.9514781579885603,0.9414781579885603,0.9414781579885603,0.9514781579885603,0.9414781579885603,0.9414781579885603,0.9414781579885603,0.9414781579885603,0.9514781579885603,0.9514781579885603
266,0.9460527382681148,0.9160527382681147,0.9160527382681147,0.9260527382681147,0.9260527382681147,0.9060527382681147,0.9160527382681147,0.9160527382681147,0.9160527382681147,0.9160527382681147,0.9160527382681147,0.9060527382681147,0.9360527382681147
267,0.883855473959386,0.893855473959386,0.893855473959386,0.903855473959386,0.903855473959386,0.903855473959386,0.893855473959386,0.903855473959386,0.913855473959386,0.913855473959386,0.923855473959386,0.918855473959386,0.918855473959386
268,0.8935385067714187,0.8835385067714187,0.8935385067714187,0.8935385067714187,0.9035385067714187,0.8935385067714187,0.9035385067714187,0.9035385067714187,0.9035385067714187,0.9335385067714187,0.9285385067714187,0.9285385067714187,0.9285385067714187
269,0.9420613928308779,0.9520613928308779,0.9520613928308779,0.9620613928308779,0.9620613928308779,0.9620613928308779,0.9720613928308779,0.9720613928308779,0.9620613928308779,0.9820613928308779,0.9820613928308779,0.9620613928308779,0.9620613928308779
270,0.9755862848238057,0.9555862848238057,0.9655862848238057,0.9555862848238057,0.9555862848238057,0.9755862848238057,0.9955862848238057,1.0,1.0,1.0,1.0,0.995,0.995
271,0.95256804220664,0.94256804220664,0.95256804220664,0.95256804220664,0.94256804220664,0.9775680422066401,0.94756804220664,0.93756804220664,0.92756804220664,0.92756804220664,0.93756804220664,0.96756804220664,0.96756804220664
272,0.997492865547871,0.987492865547871,0.997492865547871,1.0,1.0,1.0,1.0,1.0,1.0,0.985,1.0,0.99,0.99
273,0.9570566995984191,0.9670566995984191,0.9670566995984191,0.9670566995984191,0.9870566995984191,0.9720566995984191,0.9720566995984191,0.9520566995984191,0.9520566995984191,0.9520566995984191,0.9420566995984191,0.9420566995984191,0.9420566995984191
274,0.9082852996557895,0.8882852996557895,0.8682852996557895,0.8882852996557895,0.8882852996557895,0.8882852996557895,0.8882852996557895,0.8882852996557895,0.8882852996557895,0.8782852996557895,0.8782852996557895,0.8932852996557895,0.9132852996557895
275,0.9798040485726485,0.9698040485726485,0.9598040485726484,0.9598040485726484,0.9398040485726484,0.9448040485726484,0.9548040485726484,0.9748040485726485,0.9948040485726485,0.9948040485726485,0.9848040485726485,0.9948040485726485,1.0
276,0.9579662736875192,0.9579662736875192,0.9479662736875192,0.9579662736875192,0.9279662736875192,0.9279662736875192,0.9279662736875192,0.9429662736875192,0.9529662736875192,0.9629662736875192,0.9629662736875192,0.9429662736875192,0.9529662736875192
277,0.9174045109780045,0.9174045109780045,0.9074045109780045,0.9074045109780045,0.9074045109780045,0.8974045109780044,0.9074045109780045,0.8974045109780044,0.8974045109780044,0.8974045109780044,0.8974045109780044,0.8874045109780044,0.8874045109780044
278,0.9569608978850319,0.9669608978850319,0.9769608978850319,0.9469608978850319,0.9569608978850319,0.9769608978850319,0.9869608978850319,0.996960897885032,0.991960897885032,0.991960897885032,0.9819608978850319,0.9819608978850319,0.9719608978850319
279,0.938445281231838,0.928445281231838,0.908445281231838,0.923445281231838,0.923445281231838,0.943445281231838,0.943445281231838,0.953445281231838,0.953445281231838,0.953445281231838,0.953445281231838,0.973445281231838,0.963445281231838
280,0.9316521816123784,0.9416521816123784,0.9616521816123784,0.9716521816123784,0.9666521816123784,0.9666521816123784,0.9666521816123784,0.9566521816123784,0.9566521816123784,0.9666521816123784,0.9666521816123784,0.9666521816123784,0.9566521816123784
281,1.0,0.99,0.98,0.99,1.0,1.0,1.0,1.0,1.0,1.0,1.0,1.0,1.0
282,0.8736958303579179,0.8736958303579179,0.8536958303579179,0.8436958303579178,0.8636958303579179,0.8536958303579179,0.8536958303579179,0.8736958303579179,0.8636958303579179,0.8536958303579179,0.8436958303579178,0.8536958303579179,0.8636958303579179
283,0.9027973591095918,0.8827973591095918,0.9027973591095918,0.9027973591095918,0.8927973591095918,0.9027973591095918,0.8927973591095918,0.8927973591095918,0.8927973591095918,0.8727973591095918,0.8877973591095918,0.8777973591095918,0.8877973591095918
284,0.9340154986061443,0.9340154986061443,0.9240154986061443,0.9240154986061443,0.9040154986061443,0.8940154986061443,0.9140154986061443,0.9140154986061443,0.9140154986061443,0.9240154986061443,0.9240154986061443,0.9040154986061443,0.9140154986061443
285,0.9321940305902011,0.9521940305902011,0.9521940305902011,0.9421940305902011,0.9521940305902011,0.9521940305902011,0.9721940305902012,0.9721940305902012,0.9671940305902011,0.9571940305902011,0.9571940305902011,0.9571940305902011,0.9671940305902011
286,0.9937977798280834,0.9637977798280833,0.9637977798280833,0.9637977798280833,0.9537977798280833,0.9587977798280833,0.9687977798280833,0.9587977798280833,0.9587977798280833,0.9687977798280833,0.9887977798280834,0.9887977798280834,0.9887977798280834
287,0.9869921848461612,1.0,1.0,1.0,0.995,0.985,0.985,0.985,0.985,0.985,0.985,0.985,0.985
288,0.9679334787623826,0.9679334787623826,0.9679334787623826,0.9779334787623826,0.9779334787623826,0.9679334787623826,0.9579334787623826,0.9579334787623826,0.9579334787623826,0.9579334787623826,0.9979334787623826,0.9979334787623826,0.9979334787623826
289,0.9645010925661215,0.9745010925661215,0.9645010925661215,0.9745010925661215,0.9645010925661215,0.9645010925661215,0.9645010925661215,0.9645010925661215,0.9545010925661215,0.9545010925661215,0.9545010925661215,0.9545010925661215,0.9545010925661215
290,0.9712440161081791,0.9812440161081791,0.9812440161081791,0.9812440161081791,0.9812440161081791,0.9812440161081791,0.9812440161081791,0.9912440161081791,0.9912440161081791,0.9912440161081791,1.0,0.99,1.0
291,0.9931429165376789,0.9931429165376789,0.9931429165376789,0.9831429165376789,0.9831429165376789,0.9831429165376789,0.9931429165376789,0.9931429165376789,0.9931429165376789,1.0,0.975,0.975,0.975
292,0.9063843186452493,0.9163843186452493,0.9163843186452493,0.9163843186452493,0.9263843186452493,0.9363843186452493,0.9363843186452493,0.9363843186452493,0.9263843186452493,0.9163843186452493,0.9363843186452493,0.9363843186452493,0.9213843186452493
293,0.9806645083145271,0.9906645083145271,0.9906645083145271,1.0,1.0,1.0,0.99,0.99,0.98,0.98,0.98,0.98,0.99
294,1.0,1.0,1.0,0.99,0.99,0.97,0.96,0.96,0.96,0.97,0.97,0.97,0.98
295,0.9844885577154743,0.9644885577154743,0.9644885577154743,0.9644885577154743,0.9744885577154743,0.9444885577154742,0.9544885577154743,0.9644885577154743,0.9644885577154743,0.9644885577154743,0.9544885577154743,0.9644885577154743,0.9644885577154743
296,0.8803275462157154,0.8703275462157154,0.8503275462157154,0.8503275462157154,0.8503275462157154,0.8403275462157154,0.8503275462157154,0.8503275462157154,0.8603275462157154,0.8603275462157154,0.8603275462157154,0.8603275462157154,0.8403275462157154
297,0.9645675313629123,0.9745675313629123,0.9745675313629123,0.9845675313629123,0.9845675313629123,0.9945675313629123,1.0,1.0,1.0,0.995,0.985,0.985,0.985
298,1.0,1.0,1.0,1.0,1.0,0.99,0.99,0.99,1.0,1.0,1.0,1.0,1.0
299,0.9621961355302183,0.9621961355302183,0.9621961355302183,0.9521961355302183,0.9521961355302183,0.9321961355302183,0.9321961355302183,0.9321961355302183,0.9321961355302183,0.9321961355302183,0.9321961355302183,0.9321961355302183,0.9221961355302183
300,0.9955008778852792,0.9955008778852792,1.0,1.0,1.0,0.97,0.98,0.96,0.97,0.96,0.96,0.95,0.94
301,0.8972674964722289,0.8872674964722289,0.8772674964722289,0.8772674964722289,0.9022674964722289,0.9122674964722289,0.9222674964722289,0.9122674964722289,0.9122674964722289,0.9122674964722289,0.932267496472229,0.932267496472229,0.8922674964722289
302,1.0,0.99,1.0,0.99,0.99,1.0,1.0,0.98,0.98,0.97,0.97,0.97,0.97
303,0.9659236048605723,0.9559236048605723,0.9359236048605722,0.9359236048605722,0.9359236048605722,0.9459236048605723,0.9459236048605723,0.9559236048605723,0.9559236048605723,0.9559236048605723,0.9559236048605723,0.9559236048605723,0.9459236048605723
304,0.9112850084333469,0.9112850084333469,0.9212850084333469,0.941285008433347,0.941285008433347,0.9312850084333469,0.9112850084333469,0.9012850084333469,0.9112850084333469,0.9112850084333469,0.9112850084333469,0.9112850084333469,0.8912850084333469
305,0.9805920919345442,0.9805920919345442,0.9605920919345442,0.9505920919345442,0.9705920919345442,0.9905920919345442,1.0,1.0,0.985,0.975,0.975,0.975,0.955
306,0.9999214135831213,0.9999214135831213,0.9899214135831212,0.9799214135831212,0.9699214135831212,0.9699214135831212,0.9599214135831212,0.9599214135831212,0.9599214135831212,0.9799214135831212,0.9799214135831212,0.9899214135831212,0.9999214135831213
307,0.9854717806577212,0.9654717806577212,0.9654717806577212,0.9554717806577212,0.9654717806577212,0.9654717806577212,0.9654717806577212,0.9554717806577212,0.9554717806577212,0.9554717806577212,0.9454717806577212,0.9504717806577212,0.9604717806577212
308,0.9751363993365016,0.9951363993365017,1.0,0.99,0.99,1.0,1.0,0.99,0.98,0.97,0.97,0.97,0.97
309,0.8992108479765786,0.8892108479765786,0.8792108479765786,0.8792108479765786,0.8592108479765785,0.8642108479765785,0.8642108479765785,0.8642108479765785,0.8642108479765785,0.8742108479765786,0.8642108479765785,0.8742108479765786,0.8642108479765785
310,0.9138955772145463,0.9038955772145463,0.9038955772145463,0.8938955772145463,0.8938955772145463,0.9038955772145463,0.9238955772145463,0.9238955772145463,0.9338955772145463,0.9338955772145463,0.9338955772145463,0.9338955772145463,0.9538955772145463
311,0.910716188782804,0.910716188782804,0.910716188782804,0.910716188782804,0.890716188782804,0.880716188782804,0.880716188782804,0.870716188782804,0.875716188782804,0.875716188782804,0.885716188782804,0.885716188782804,0.875716188782804
312,0.9115341106218757,0.8915341106218757,0.8915341106218757,0.8915341106218757,0.9215341106218757,0.9215341106218757,0.8915341106218757,0.8715341106218757,0.8715341106218757,0.8765341106218757,0.8865341106218757,0.8765341106218757,0.8965341106218757
313,0.9632158244823472,0.9632158244823472,0.9532158244823472,0.9332158244823472,0.9232158244823472,0.9232158244823472,0.9232158244823472,0.9232158244823472,0.9232158244823472,0.9282158244823472,0.9282158244823472,0.9282158244823472,0.9382158244823472
314,0.9574590432478731,0.9674590432478731,0.9774590432478731,0.9874590432478731,0.9974590432478732,0.9924590432478732,0.9924590432478732,0.9924590432478732,0.9824590432478731,0.9824590432478731,0.9924590432478732,0.9824590432478731,0.9924590432478732
315,0.9651303685627651,0.9551303685627651,0.9651303685627651,0.9351303685627651,0.9251303685627651,0.9351303685627651,0.9351303685627651,0.9251303685627651,0.9301303685627651,0.9401303685627651,0.9301303685627651,0.9301303685627651,0.9301303685627651
316,0.8998921244365248,0.9198921244365248,0.9198921244365248,0.9298921244365248,0.8998921244365248,0.8998921244365248,0.8898921244365248,0.8798921244365248,0.8698921244365247,0.8698921244365247,0.8698921244365247,0.8698921244365247,0.8798921244365248
317,0.9480669637278563,0.9480669637278563,0.9480669637278563,0.9480669637278563,0.9480669637278563,0.9480669637278563,0.9380669637278563,0.9380669637278563,0.9380669637278563,0.9480669637278563,0.9380669637278563,0.9380669637278563,0.9380669637278563
318,1.0,1.0,1.0,1.0,0.975,0.975,0.975,0.975,0.955,0.955,0.955,0.955,0.955
319,0.8837351495178811,0.9137351495178812,0.9137351495178812,0.9137351495178812,0.9037351495178811,0.9037351495178811,0.9037351495178811,0.8787351495178811,0.8787351495178811,0.8887351495178811,0.8887351495178811,0.8987351495178811,0.8887351495178811
320,0.9523942295714516,0.9523942295714516,0.9423942295714516,0.9423942295714516,0.9323942295714516,0.9423942295714516,0.9723942295714516,0.9823942295714516,0.9923942295714516,0.9923942295714516,0.9623942295714516,0.9623942295714516,0.9523942295714516
321,0.9205154950193661,0.9205154950193661,0.9305154950193661,0.9205154950193661,0.9405154950193662,0.9305154950193661,0.9205154950193661,0.9305154950193661,0.9205154950193661,0.9205154950193661,0.9105154950193661,0.9105154950193661,0.9105154950193661
322,0.9288654186509794,0.9288654186509794,0.9388654186509794,0.9288654186509794,0.9488654186509794,0.9488654186509794,0.9488654186509794,0.9588654186509794,0.9588654186509794,0.9588654186509794,0.9388654186509794,0.9388654186509794,0.9038654186509794
323,0.9348123019522369,0.9248123019522368,0.9248123019522368,0.9148123019522368,0.9048123019522368,0.9198123019522368,0.9098123019522368,0.8998123019522368,0.8998123019522368,0.8998123019522368,0.8998123019522368,0.8998123019522368,0.9098123019522368
324,1.0,0.98,0.98,0.96,0.97,0.98,0.98,0.98,0.98,0.98,0.98,0.96,0.96
325,1.0,0.99,0.99,1.0,1.0,1.0,0.98,1.0,1.0,1.0,1.0,0.995,0.975
326,0.9298844068140649,0.9198844068140649,0.9298844068140649,0.8998844068140649,0.8998844068140649,0.9098844068140649,0.8998844068140649,0.8998844068140649,0.8998844068140649,0.9098844068140649,0.9198844068140649,0.9298844068140649,0.959884406814065
327,0.8985363942478144,0.8785363942478144,0.8785363942478144,0.8785363942478144,0.8785363942478144,0.8885363942478144,0.8985363942478144,0.9085363942478144,0.9085363942478144,0.9085363942478144,0.9085363942478144,0.9085363942478144,0.8885363942478144
328,0.8964203354344686,0.8964203354344686,0.8964203354344686,0.9064203354344686,0.9064203354344686,0.9064203354344686,0.8864203354344686,0.8864203354344686,0.8864203354344686,0.8864203354344686,0.8564203354344686,0.8564203354344686,0.8764203354344686
329,0.9702040195416116,0.9602040195416116,0.9502040195416116,0.9302040195416116,0.9402040195416116,0.9502040195416116,0.9502040195416116,0.9502040195416116,0.9302040195416116,0.9502040195416116,0.9502040195416116,0.9702040195416116,0.9902040195416116
330,1.0,1.0,1.0,1.0,1.0,1.0,1.0,0.98,0.99,0.99,1.0,1.0,1.0
331,0.9160623888695771,0.9160623888695771,0.9360623888695772,0.9560623888695772,0.9560623888695772,0.9510623888695772,0.9410623888695772,0.9310623888695772,0.9510623888695772,0.9510623888695772,0.9410623888695772,0.9210623888695771,0.9310623888695772
332,0.9532877995324449,0.9632877995324449,0.9632877995324449,0.9632877995324449,0.9732877995324449,0.9732877995324449,0.9832877995324449,0.9832877995324449,0.9832877995324449,0.993287799532445,0.9882877995324449,0.9882877995324449,0.9882877995324449
333,1.0,1.0,1.0,1.0,1.0,0.99,0.98,0.98,0.98,0.99,1.0,1.0,0.97
334,0.9010966780635203,0.9210966780635204,0.9210966780635204,0.9010966780635203,0.8910966780635203,0.8910966780635203,0.8910966780635203,0.8810966780635203,0.8810966780635203,0.8810966780635203,0.8910966780635203,0.9110966780635203,0.9110966780635203
335,0.8956961181722048,0.8956961181722048,0.8856961181722048,0.8856961181722048,0.8956961181722048,0.8956961181722048,0.8956961181722048,0.8556961181722048,0.8606961181722048,0.8606961181722048,0.8606961181722048,0.8706961181722048,0.8606961181722048
336,0.9896932163122293,0.9896932163122293,0.9996932163122293,0.9996932163122293,0.9996932163122293,1.0,0.98,0.96,0.96,0.98,0.99,0.99,0.99
337,0.9855430628781936,0.9755430628781936,0.9755430628781936,0.9955430628781936,1.0,1.0,1.0,0.98,0.98,0.98,0.99,1.0,0.985
338,0.9474085317666586,0.9474085317666586,0.9574085317666586,0.9574085317666586,0.9474085317666586,0.9474085317666586,0.9574085317666586,0.9674085317666586,0.9774085317666587,0.9774085317666587,0.9874085317666587,0.9874085317666587,0.9824085317666587
339,0.9142505171339984,0.9542505171339984,0.9542505171339984,0.9442505171339984,0.9292505171339984,0.9492505171339984,0.9392505171339984,0.9392505171339984,0.9492505171339984,0.9392505171339984,0.9192505171339984,0.9092505171339984,0.9092505171339984
340,1.0,1.0,0.99,0.97,0.98,1.0,1.0,1.0,1.0,1.0,0.98,0.97,0.97
341,0.9580056463928646,0.9780056463928646,0.9880056463928646,0.9880056463928646,0.9780056463928646,0.9780056463928646,0.9980056463928646,0.9980056463928646,0.9930056463928646,0.9930056463928646,0.9930056463928646,0.9830056463928646,0.9830056463928646
342,0.9019252901931698,0.9019252901931698,0.9119252901931698,0.9019252901931698,0.9019252901931698,0.9019252901931698,0.8819252901931698,0.8919252901931698,0.8919252901931698,0.8619252901931698,0.8669252901931698,0.8669252901931698,0.8769252901931698
343,0.8627054169099557,0.8727054169099557,0.8727054169099557,0.8727054169099557,0.8427054169099557,0.8427054169099557,0.8677054169099557,0.8777054169099557,0.8777054169099557,0.8777054169099557,0.8777054169099557,0.8477054169099557,0.8377054169099557
344,0.9792891721472994,1.0,0.98,0.98,0.95,0.96,0.98,0.98,0.98,0.96,0.96,0.96,0.95
345,0.9599496252432477,0.9399496252432477,0.9599496252432477,0.9499496252432477,0.9849496252432477,0.9749496252432477,0.9749496252432477,0.9749496252432477,0.9649496252432477,0.9549496252432477,0.9449496252432477,0.9549496252432477,0.9549496252432477
346,0.9246840778311188,0.9346840778311188,0.9446840778311189,0.9446840778311189,0.9646840778311189,0.9646840778311189,0.9646840778311189,0.9596840778311189,0.9496840778311189,0.9496840778311189,0.9296840778311188,0.9296840778311188,0.9296840778311188
347,0.9229461929882627,0.9229461929882627,0.9129461929882627,0.9129461929882627,0.9129461929882627,0.9229461929882627,0.9229461929882627,0.9229461929882627,0.9229461929882627,0.9229461929882627,0.9229461929882627,0.9229461929882627,0.9229461929882627
348,0.9959161321640074,0.9859161321640074,0.9959161321640074,0.9859161321640074,0.9859161321640074,0.9859161321640074,1.0,1.0,1.0,0.985,0.985,0.995,0.975
349,0.9599583797182203,0.9599583797182203,0.9899583797182203,0.9899583797182203,0.9899583797182203,0.9899583797182203,0.9899583797182203,0.9999583797182203,0.9999583797182203,0.9799583797182203,0.9799583797182203,0.9899583797182203,0.9999583797182203
350,0.9829808417788782,0.9929808417788782,0.9929808417788782,1.0,1.0,0.995,0.985,0.975,0.965,0.965,0.955,0.955,0.965
351,0.9438069316244284,0.9438069316244284,0.9438069316244284,0.9438069316244284,0.9438069316244284,0.9438069316244284,0.9538069316244284,0.9738069316244284,0.9738069316244284,0.9638069316244284,0.9538069316244284,0.9538069316244284,0.9538069316244284
352,0.9563313376534452,0.9563313376534452,0.9463313376534452,0.9363313376534452,0.9363313376534452,0.9363313376534452,0.9263313376534452,0.9363313376534452,0.9463313376534452,0.9363313376534452,0.9363313376534452,0.9463313376534452,0.9463313376534452
353,1.0,1.0,0.99,1.0,0.99,1.0,0.97,0.98,0.98,0.99,0.99,0.99,0.97
354,1.0,0.99,0.99,1.0,1.0,1.0,1.0,1.0,1.0,1.0,1.0,0.995,0.975
355,0.9528307650534121,0.9628307650534121,0.9628307650534121,0.9628307650534121,0.9628307650534121,0.9728307650534121,0.9728307650534121,0.9728307650534121,0.9728307650534121,0.9728307650534121,0.9628307650534121,0.9728307650534121,0.9528307650534121
356,0.9610223800246869,0.9510223800246869,0.9610223800246869,0.9610223800246869,0.9610223800246869,0.9610223800246869,0.9710223800246869,0.9610223800246869,0.9810223800246869,0.9910223800246869,0.9810223800246869,0.9710223800246869,0.9810223800246869
357,0.917762231365911,0.9077622313659109,0.8977622313659109,0.8977622313659109,0.8877622313659109,0.9027622313659109,0.9027622313659109,0.8827622313659109,0.8827622313659109,0.8827622313659109,0.8927622313659109,0.8927622313659109,0.8927622313659109
358,1.0,0.99,0.99,0.98,0.99,1.0,1.0,1.0,1.0,1.0,1.0,1.0,1.0
359,0.9719996617402785,0.9619996617402785,0.9519996617402785,0.9819996617402785,1.0,1.0,0.995,0.985,0.965,0.955,0.955,0.965,0.975
360,0.9190968846187668,0.9090968846187668,0.9090968846187668,0.9090968846187668,0.9090968846187668,0.9090968846187668,0.9090968846187668,0.8990968846187668,0.8990968846187668,0.8790968846187668,0.8790968846187668,0.8990968846187668,0.8990968846187668
361,0.9025141258993177,0.9025141258993177,0.8925141258993177,0.8925141258993177,0.8925141258993177,0.8925141258993177,0.8925141258993177,0.8825141258993177,0.8725141258993176,0.8825141258993177,0.8825141258993177,0.8825141258993177,0.8925141258993177
362,0.9680295970673989,0.9880295970673989,0.9880295970673989,0.9680295970673989,0.9580295970673989,0.9780295970673989,0.9880295970673989,0.9880295970673989,0.9880295970673989,0.9880295970673989,0.9780295970673989,0.9780295970673989,0.9780295970673989
363,0.905211468538096,0.875211468538096,0.895211468538096,0.895211468538096,0.895211468538096,0.895211468538096,0.895211468538096,0.885211468538096,0.905211468538096,0.925211468538096,0.925211468538096,0.935211468538096,0.935211468538096
364,0.9908905791010072,0.9908905791010072,1.0,0.99,0.98,0.97,0.97,0.98,0.98,0.98,0.99,0.97,0.98
365,0.9400015559955168,0.9300015559955168,0.9100015559955168,0.9000015559955168,0.9050015559955168,0.9150015559955168,0.9050015559955168,0.9050015559955168,0.9150015559955168,0.9150015559955168,0.9250015559955168,0.9250015559955168,0.9250015559955168
366,0.8971631148964461,0.8971631148964461,0.8971631148964461,0.9071631148964461,0.9071631148964461,0.9071631148964461,0.9071631148964461,0.9071631148964461,0.8971631148964461,0.8971631148964461,0.8871631148964461,0.8971631148964461,0.8971631148964461
367,1.0,1.0,1.0,0.98,0.98,1.0,1.0,1.0,1.0,1.0,1.0,1.0,1.0
368,0.9349007669036291,0.9449007669036291,0.9449007669036291,0.9249007669036291,0.9249007669036291,0.9349007669036291,0.9549007669036291,0.9649007669036291,0.9499007669036291,0.9599007669036291,0.9699007669036291,0.9699007669036291,0.9599007669036291
369,0.9557437375535669,0.9557437375535669,0.9557437375535669,0.9857437375535669,0.9957437375535669,0.9957437375535669,0.9757437375535669,0.9507437375535669,0.9407437375535669,0.9307437375535669,0.9307437375535669,0.9107437375535669,0.9107437375535669
370,0.9926823526655302,0.9826823526655302,1.0,1.0,1.0,0.99,0.99,1.0,0.995,0.995,0.985,0.985,0.975
371,0.9800756150111464,0.9700756150111464,0.9700756150111464,0.9600756150111464,0.9500756150111463,0.9650756150111464,0.9750756150111464,1.0,1.0,0.99,0.99,0.98,0.99
372,0.8935298885618465,0.8935298885618465,0.9035298885618465,0.9035298885618465,0.9035298885618465,0.8935298885618465,0.8935298885618465,0.9035298885618465,0.9035298885618465,0.9135298885618465,0.9335298885618465,0.9335298885618465,0.9235298885618465
373,0.9443369306517999,0.9643369306517999,0.9543369306517999,0.9443369306517999,0.9443369306517999,0.9443369306517999,0.9443369306517999,0.9443369306517999,0.9343369306517999,0.9343369306517999,0.9243369306517999,0.9243369306517999,0.9343369306517999
374,0.9246445201092073,0.9346445201092073,0.9346445201092073,0.9246445201092073,0.9246445201092073,0.9146445201092073,0.9046445201092073,0.8846445201092072,0.8846445201092072,0.8846445201092072,0.8846445201092072,0.8846445201092072,0.8946445201092073
375,0.8977589285047781,0.8877589285047781,0.8877589285047781,0.8877589285047781,0.8877589285047781,0.8877589285047781,0.8977589285047781,0.8977589285047781,0.8977589285047781,0.8977589285047781,0.8977589285047781,0.8877589285047781,0.8977589285047781
376,0.9061626744996554,0.9161626744996554,0.9161626744996554,0.9261626744996554,0.9261626744996554,0.9161626744996554,0.9061626744996554,0.9061626744996554,0.9061626744996554,0.8961626744996554,0.9061626744996554,0.9161626744996554,0.9161626744996554
377,0.941104604587312,0.951104604587312,0.9611046045873121,0.951104604587312,0.931104604587312,0.931104604587312,0.921104604587312,0.911104604587312,0.901104604587312,0.901104604587312,0.901104604587312,0.901104604587312,0.906104604587312
378,0.9597909354493833,0.9597909354493833,0.9397909354493833,0.9197909354493833,0.9197909354493833,0.9197909354493833,0.9247909354493833,0.9247909354493833,0.9247909354493833,0.9247909354493833,0.9347909354493833,0.9247909354493833,0.9447909354493833
379,1.0,1.0,1.0,0.99,0.98,0.98,1.0,1.0,1.0,0.995,0.985,0.9349999999999999,0.955
380,0.9450394217485376,0.9550394217485376,0.9750394217485376,0.9750394217485376,0.9850394217485376,0.9750394217485376,0.9850394217485376,0.9650394217485376,0.9650394217485376,0.9750394217485376,0.9650394217485376,0.9400394217485376,0.9400394217485376
381,0.925031931669343,0.925031931669343,0.925031931669343,0.925031931669343,0.9550319316693431,0.9650319316693431,0.9650319316693431,0.9600319316693431,0.9600319316693431,0.9600319316693431,0.9600319316693431,0.9500319316693431,0.9600319316693431
382,0.9524965628506651,0.9624965628506651,0.9724965628506651,0.9524965628506651,0.9424965628506651,0.9224965628506651,0.9224965628506651,0.912496562850665,0.917496562850665,0.917496562850665,0.9274965628506651,0.9274965628506651,0.9274965628506651
383,1.0,1.0,1.0,1.0,0.98,0.98,0.98,0.98,0.97,0.99,0.99,1.0,0.99
384,0.9997337719637392,1.0,0.99,0.99,0.99,1.0,0.99,1.0,1.0,0.99,0.98,0.97,0.96
385,0.9382928278328453,0.9382928278328453,0.9182928278328453,0.9282928278328453,0.9282928278328453,0.9282928278328453,0.9282928278328453,0.9282928278328453,0.9482928278328453,0.9482928278328453,0.9582928278328453,0.9482928278328453,0.9482928278328453
386,0.9742321390709084,0.9742321390709084,0.9642321390709084,0.9842321390709085,0.9842321390709085,0.9942321390709085,0.9942321390709085,0.9742321390709084,0.9742321390709084,0.9442321390709084,0.9542321390709084,0.9342321390709084,0.9342321390709084
387,0.9351793344650574,0.9351793344650574,0.9351793344650574,0.9651793344650574,0.9651793344650574,0.9651793344650574,0.9451793344650574,0.9751793344650574,0.9751793344650574,0.9751793344650574,0.9701793344650574,0.9701793344650574,0.9801793344650575
388,0.933668628389155,0.933668628389155,0.923668628389155,0.933668628389155,0.933668628389155,0.923668628389155,0.913668628389155,0.913668628389155,0.923668628389155,0.943668628389155,0.933668628389155,0.923668628389155,0.913668628389155
389,1.0,0.99,1.0,1.0,0.97,0.985,0.985,0.985,0.975,0.975,0.965,0.965,0.965
390,0.9454396805014939,0.9454396805014939,0.9454396805014939,0.9254396805014938,0.9354396805014938,0.9254396805014938,0.9154396805014938,0.9154396805014938,0.9254396805014938,0.9254396805014938,0.9504396805014939,0.9404396805014938,0.9604396805014939
391,0.9882654499744793,0.9982654499744793,1.0,0.99,0.99,0.97,0.97,0.97,0.95,0.95,0.94,0.94,0.94
392,0.9569122838715953,0.9569122838715953,0.9469122838715953,0.9469122838715953,0.9269122838715953,0.9369122838715953,0.9369122838715953,0.9269122838715953,0.9269122838715953,0.9569122838715953,0.9469122838715953,0.9469122838715953,0.9469122838715953
393,0.9426881046179048,0.9626881046179048,0.9626881046179048,0.9626881046179048,0.9826881046179048,0.9826881046179048,0.9826881046179048,0.9826881046179048,0.9776881046179048,0.9676881046179048,0.9676881046179048,0.9776881046179048,0.9776881046179048
394,0.9407289225181026,0.9207289225181026,0.9107289225181026,0.9207289225181026,0.9307289225181026,0.9307289225181026,0.9307289225181026,0.9107289225181026,0.9007289225181025,0.9057289225181026,0.9057289225181026,0.9157289225181026,0.9057289225181026
395,0.9222297669432684,0.9422297669432684,0.9322297669432684,0.9222297669432684,0.9322297669432684,0.9322297669432684,0.9122297669432684,0.9122297669432684,0.9222297669432684,0.9322297669432684,0.9322297669432684,0.9322297669432684,0.9322297669432684
396,0.8991034685633731,0.9191034685633731,0.9191034685633731,0.9091034685633731,0.9191034685633731,0.9291034685633731,0.9191034685633731,0.9291034685633731,0.9291034685633731,0.9191034685633731,0.9091034685633731,0.9191034685633731,0.9191034685633731
397,0.9134329176196998,0.9134329176196998,0.9134329176196998,0.9134329176196998,0.9134329176196998,0.9134329176196998,0.9034329176196998,0.9034329176196998,0.9034329176196998,0.9034329176196998,0.8934329176196998,0.8834329176196998,0.8834329176196998
398,0.9383712993720632,0.9383712993720632,0.9183712993720632,0.9183712993720632,0.9283712993720632,0.9083712993720632,0.9083712993720632,0.8983712993720632,0.8983712993720632,0.9083712993720632,0.9183712993720632,0.8983712993720632,0.8983712993720632
399,0.9700184415745088,0.9700184415745088,0.9800184415745088,0.9900184415745088,0.9900184415745088,1.0,0.985,0.995,1.0,0.97,0.97,0.98,0.99
400,0.9267524942525124,0.9267524942525124,0.9467524942525124,0.9167524942525124,0.8967524942525124,0.8867524942525123,0.8867524942525123,0.8917524942525124,0.8917524942525124,0.9017524942525124,0.8917524942525124,0.9117524942525124,0.9117524942525124
401,0.9088282251975517,0.8788282251975517,0.8988282251975517,0.8788282251975517,0.8788282251975517,0.8688282251975517,0.8688282251975517,0.8738282251975517,0.8838282251975517,0.9038282251975517,0.8938282251975517,0.8838282251975517,0.9038282251975517
402,1.0,1.0,1.0,1.0,0.98,0.98,1.0,1.0,1.0,0.99,0.98,0.99,0.975
403,0.9809591162005846,0.9809591162005846,0.9809591162005846,0.9609591162005846,0.9409591162005846,0.9409591162005846,0.9409591162005846,0.9409591162005846,0.9709591162005846,0.9709591162005846,0.9709591162005846,0.9609591162005846,0.9509591162005846
404,0.971322312044237,0.981322312044237,0.991322312044237,0.991322312044237,1.0,1.0,1.0,0.985,0.995,1.0,0.99,0.97,0.97
405,0.9786756470908279,0.9786756470908279,0.9786756470908279,0.9886756470908279,0.9686756470908279,0.9486756470908279,0.9486756470908279,0.9586756470908279,0.9586756470908279,0.9836756470908279,0.9736756470908279,0.9836756470908279,0.9836756470908279
406,0.9244193184713088,0.9044193184713087,0.9044193184713087,0.9044193184713087,0.9044193184713087,0.8844193184713087,0.8844193184713087,0.8844193184713087,0.8844193184713087,0.8844193184713087,0.8844193184713087,0.8894193184713087,0.8894193184713087
407,0.9203419727675486,0.9103419727675486,0.9203419727675486,0.9203419727675486,0.9303419727675486,0.9303419727675486,0.9203419727675486,0.9103419727675486,0.9203419727675486,0.9203419727675486,0.9003419727675486,0.9003419727675486,0.8903419727675486
408,0.9892409524316735,0.9592409524316735,0.9592409524316735,0.9592409524316735,0.9692409524316735,0.9592409524316735,0.9592409524316735,0.9492409524316735,0.9592409524316735,0.9742409524316735,0.9742409524316735,0.9742409524316735,0.9942409524316735
409,0.9419682447919964,0.9419682447919964,0.9519682447919964,0.9519682447919964,0.9419682447919964,0.9619682447919964,0.9719682447919964,0.9719682447919964,0.9819682447919964,0.9769682447919964,0.9669682447919964,0.9469682447919964,0.9469682447919964
410,0.9597889822988205,0.9597889822988205,0.9597889822988205,0.9597889822988205,0.9397889822988205,0.9597889822988205,0.9597889822988205,0.9497889822988205,0.9497889822988205,0.9497889822988205,0.9597889822988205,0.9597889822988205,0.9597889822988205
411,0.9317752230583155,0.9317752230583155,0.9217752230583155,0.9417752230583155,0.9417752230583155,0.9117752230583155,0.8917752230583155,0.9017752230583155,0.9117752230583155,0.9117752230583155,0.9117752230583155,0.9117752230583155,0.9117752230583155
412,0.9919502111162853,0.9919502111162853,0.9919502111162853,0.9919502111162853,0.9919502111162853,1.0,1.0,0.99,0.98,0.98,0.99,1.0,0.99
413,0.9756328426529146,0.9856328426529146,0.9856328426529146,0.9956328426529146,0.9956328426529146,0.9956328426529146,1.0,0.99,0.99,0.98,0.99,0.99,0.98
414,0.9542302890425721,0.9642302890425721,0.9642302890425721,0.9742302890425721,0.9942302890425722,0.9942302890425722,0.9942302890425722,0.9942302890425722,0.9892302890425722,0.9792302890425721,0.9792302890425721,0.9892302890425722,0.9792302890425721
415,0.958551513700456,0.948551513700456,0.948551513700456,0.938551513700456,0.938551513700456,0.938551513700456,0.938551513700456,0.928551513700456,0.928551513700456,0.928551513700456,0.918551513700456,0.923551513700456,0.933551513700456
416,0.9387220721280521,0.9487220721280522,0.9487220721280522,0.9487220721280522,0.9287220721280521,0.9487220721280522,0.9487220721280522,0.9387220721280521,0.9387220721280521,0.9587220721280522,0.9587220721280522,0.9687220721280522,0.9687220721280522
417,0.9647777531470022,0.9547777531470022,0.9347777531470022,0.9347777531470022,0.9347777531470022,0.9247777531470022,0.9297777531470022,0.9297777531470022,0.9297777531470022,0.9297777531470022,0.9297777531470022,0.9397777531470022,0.9497777531470022
418,0.9582642434296202,0.9582642434296202,0.9382642434296202,0.9482642434296202,0.9482642434296202,0.9482642434296202,0.9482642434296202,0.9482642434296202,0.9582642434296202,0.9682642434296203,0.9682642434296203,0.9682642434296203,0.9782642434296203
419,0.9318873679827747,0.9318873679827747,0.9318873679827747,0.9018873679827747,0.8918873679827747,0.8918873679827747,0.9018873679827747,0.9318873679827747,0.9418873679827747,0.9518873679827747,0.9618873679827747,0.9618873679827747,0.9618873679827747
420,0.9908222508514831,0.9708222508514831,0.9808222508514831,0.9908222508514831,0.9708222508514831,0.9808222508514831,0.9708222508514831,0.9608222508514831,0.9608222508514831,0.9758222508514831,0.9658222508514831,0.9658222508514831,0.9458222508514831
421,0.9240793823167611,0.9340793823167611,0.9640793823167612,0.9640793823167612,0.9590793823167612,0.9590793823167612,0.9490793823167611,0.9290793823167611,0.9290793823167611,0.9290793823167611,0.8990793823167611,0.8890793823167611,0.8990793823167611
422,0.9537962499639592,0.9537962499639592,0.9437962499639592,0.9537962499639592,0.9537962499639592,0.9537962499639592,0.9437962499639592,0.9437962499639592,0.9337962499639592,0.9337962499639592,0.9537962499639592,0.9837962499639592,0.9837962499639592
423,0.971600860711671,0.961600860711671,0.9516008607116709,0.9416008607116709,0.9416008607116709,0.9566008607116709,0.9466008607116709,0.9366008607116709,0.9366008607116709,0.9566008607116709,0.966600860711671,0.9566008607116709,0.976600860711671
424,0.9019142007324683,0.9019142007324683,0.8919142007324683,0.8819142007324683,0.8619142007324683,0.8669142007324683,0.8769142007324683,0.8969142007324683,0.8969142007324683,0.8969142007324683,0.8969142007324683,0.8869142007324683,0.9169142007324683
425,0.9311368403263282,0.9411368403263282,0.9311368403263282,0.9211368403263281,0.9111368403263281,0.9311368403263282,0.9711368403263282,0.9611368403263282,0.9511368403263282,0.9411368403263282,0.9311368403263282,0.9311368403263282,0.9411368403263282
426,0.9941505210334561,0.9941505210334561,0.9841505210334561,0.9641505210334561,0.9641505210334561,0.9641505210334561,0.9641505210334561,0.9841505210334561,0.9841505210334561,1.0,1.0,0.99,0.99
427,0.9986124519311519,0.9886124519311519,0.9986124519311519,1.0,0.97,0.96,0.97,0.98,0.97,0.98,0.98,0.98,0.98
428,0.9024763981262667,0.9124763981262667,0.9124763981262667,0.9124763981262667,0.9024763981262667,0.9124763981262667,0.9224763981262667,0.9124763981262667,0.9124763981262667,0.8924763981262667,0.9124763981262667,0.9324763981262667,0.9174763981262667
429,1.0,1.0,1.0,1.0,0.995,0.985,0.995,0.985,0.985,0.955,0.955,0.955,0.965
430,0.9173755492488183,0.8973755492488182,0.9273755492488183,0.9273755492488183,0.9173755492488183,0.9173755492488183,0.9173755492488183,0.9073755492488182,0.9173755492488183,0.9173755492488183,0.9373755492488183,0.9473755492488183,0.9473755492488183
431,0.9688886635592753,0.9588886635592753,0.9588886635592753,0.9688886635592753,0.9688886635592753,0.9788886635592753,0.9788886635592753,0.9888886635592753,0.9988886635592753,0.9888886635592753,0.9888886635592753,0.9788886635592753,0.9788886635592753
432,0.9478457994084654,0.9578457994084654,0.9478457994084654,0.9578457994084654,0.9378457994084654,0.9478457994084654,0.9278457994084653,0.9178457994084653,0.9478457994084654,0.9278457994084653,0.9278457994084653,0.9178457994084653,0.9178457994084653
433,0.9401382884639711,0.9401382884639711,0.9501382884639711,0.9501382884639711,0.9701382884639711,0.9701382884639711,0.9801382884639711,0.9801382884639711,0.9751382884639711,0.9651382884639711,0.9551382884639711,0.9551382884639711,0.9551382884639711
434,0.9324747479244496,0.9324747479244496,0.9224747479244496,0.9024747479244496,0.9024747479244496,0.9024747479244496,0.9024747479244496,0.8924747479244496,0.8924747479244496,0.8974747479244496,0.8974747479244496,0.9074747479244496,0.8974747479244496
435,0.9495150183296763,0.9695150183296763,0.9695150183296763,0.9795150183296764,0.9695150183296763,0.9695150183296763,0.9495150183296763,0.9595150183296763,0.9595150183296763,0.9495150183296763,0.9595150183296763,0.9695150183296763,0.9795150183296764
436,0.9207002837602617,0.9307002837602617,0.9307002837602617,0.9207002837602617,0.9207002837602617,0.9107002837602617,0.9407002837602617,0.9407002837602617,0.9507002837602617,0.9357002837602617,0.9257002837602617,0.9257002837602617,0.9157002837602617
437,0.9232493742345704,0.9332493742345704,0.9432493742345704,0.9332493742345704,0.9332493742345704,0.9332493742345704,0.9332493742345704,0.9132493742345704,0.9132493742345704,0.8932493742345704,0.8932493742345704,0.8932493742345704,0.8832493742345704
438,0.9893383598666818,0.9893383598666818,0.9793383598666818,0.9693383598666818,0.9693383598666818,0.9693383598666818,0.9593383598666818,0.9693383598666818,0.9693383598666818,0.9793383598666818,0.9793383598666818,0.9793383598666818,0.9593383598666818
439,0.9269719368521421,0.9169719368521421,0.896971936852142,0.896971936852142,0.9169719368521421,0.9269719368521421,0.9269719368521421,0.9269719368521421,0.9369719368521421,0.9369719368521421,0.9269719368521421,0.9169719368521421,0.896971936852142
440,0.9916627727898849,0.9916627727898849,1.0,1.0,0.99,0.98,1.0,1.0,1.0,1.0,1.0,1.0,0.985
441,0.9224888382955383,0.9324888382955383,0.9324888382955383,0.9424888382955383,0.9424888382955383,0.9424888382955383,0.9424888382955383,0.9524888382955383,0.9424888382955383,0.9424888382955383,0.9324888382955383,0.9324888382955383,0.9524888382955383
442,0.9901812196393569,0.9901812196393569,0.9901812196393569,0.9801812196393569,0.9801812196393569,0.9701812196393569,0.9701812196393569,0.9501812196393569,0.9551812196393569,0.9551812196393569,0.9551812196393569,0.9651812196393569,0.9551812196393569
443,0.9890058512497019,0.9990058512497019,0.9790058512497019,0.9690058512497018,0.9690058512497018,0.9690058512497018,0.9890058512497019,0.9990058512497019,0.9990058512497019,0.9990058512497019,0.9990058512497019,1.0,1.0
444,0.9348286406586355,0.9348286406586355,0.9348286406586355,0.9348286406586355,0.9448286406586355,0.9348286406586355,0.9248286406586355,0.9348286406586355,0.9648286406586355,0.9748286406586355,0.9748286406586355,0.9698286406586355,0.9698286406586355
445,0.9661693245584657,0.9661693245584657,0.9461693245584657,0.9561693245584657,0.9561693245584657,0.9661693245584657,0.9661693245584657,0.9761693245584657,0.9411693245584657,0.9311693245584657,0.9411693245584657,0.9411693245584657,0.9311693245584657
446,0.8820698704912902,0.8620698704912901,0.8520698704912901,0.8820698704912902,0.8920698704912902,0.8920698704912902,0.9120698704912902,0.9120698704912902,0.9120698704912902,0.9120698704912902,0.8920698704912902,0.8920698704912902,0.8820698704912902
447,0.9810472443716037,0.9810472443716037,0.9810472443716037,1.0,1.0,1.0,0.99,1.0,1.0,0.995,0.985,0.975,0.985
448,0.9800101747600304,0.9800101747600304,0.9700101747600304,0.9700101747600304,0.9600101747600304,0.9400101747600303,0.9500101747600304,0.9650101747600304,0.9550101747600304,0.9450101747600304,0.9550101747600304,0.9650101747600304,0.9650101747600304
449,0.9869013387776386,0.9669013387776386,0.9669013387776386,0.9569013387776386,0.9569013387776386,0.9569013387776386,0.9569013387776386,0.9569013387776386,0.9469013387776386,0.9469013387776386,0.9469013387776386,0.9519013387776386,0.9619013387776386
450,0.9995162993726696,1.0,0.99,0.99,0.98,0.98,0.98,0.99,0.99,0.99,0.99,0.99,0.98
451,0.8976986797934408,0.8776986797934407,0.8676986797934407,0.8676986797934407,0.8676986797934407,0.8676986797934407,0.8776986797934407,0.8776986797934407,0.8676986797934407,0.8576986797934407,0.8676986797934407,0.8676986797934407,0.8576986797934407
452,0.9546043407427588,0.9546043407427588,0.9546043407427588,0.9446043407427588,0.9446043407427588,0.9746043407427588,0.9746043407427588,0.9846043407427588,0.9696043407427588,0.9596043407427588,0.9596043407427588,0.9596043407427588,0.9696043407427588
453,1.0,0.99,1.0,1.0,1.0,1.0,0.99,0.98,0.99,0.97,0.97,0.95,0.95
454,0.8732910022811076,0.8732910022811076,0.8732910022811076,0.8732910022811076,0.8732910022811076,0.8732910022811076,0.8732910022811076,0.9032910022811076,0.9032910022811076,0.9032910022811076,0.9132910022811076,0.9132910022811076,0.9132910022811076
455,0.9759589112305763,0.9859589112305763,0.9859589112305763,0.9859589112305763,0.9659589112305763,0.9459589112305763,0.9359589112305763,0.9409589112305763,0.9409589112305763,0.9409589112305763,0.9609589112305763,0.9409589112305763,0.9409589112305763
456,0.9317261588726574,0.9417261588726574,0.9117261588726574,0.9017261588726574,0.9117261588726574,0.9017261588726574,0.8917261588726574,0.8967261588726574,0.8967261588726574,0.9067261588726574,0.9067261588726574,0.9167261588726574,0.9267261588726574
457,0.9067497199032027,0.9067497199032027,0.9067497199032027,0.9067497199032027,0.9067497199032027,0.9267497199032028,0.9467497199032028,0.9467497199032028,0.9417497199032028,0.9317497199032028,0.9317497199032028,0.9417497199032028,0.9317497199032028
458,0.9204450327585285,0.9204450327585285,0.9204450327585285,0.9204450327585285,0.9104450327585285,0.9104450327585285,0.9304450327585285,0.9304450327585285,0.9504450327585285,0.9404450327585285,0.9304450327585285,0.9304450327585285,0.9504450327585285
459,0.9175746919004596,0.8975746919004596,0.9175746919004596,0.9075746919004596,0.9075746919004596,0.9075746919004596,0.9175746919004596,0.9275746919004596,0.9375746919004596,0.9375746919004596,0.9375746919004596,0.9375746919004596,0.9175746919004596
460,1.0,1.0,0.99,0.98,0.98,0.98,0.97,0.98,0.96,0.96,0.96,0.96,0.97
461,0.9522318838898964,0.9722318838898965,0.9822318838898965,0.9672318838898964,0.9772318838898965,0.9872318838898965,0.9872318838898965,0.9872318838898965,0.9872318838898965,0.9772318838898965,0.9772318838898965,0.9772318838898965,0.9772318838898965
462,0.9312948781304774,0.9312948781304774,0.9312948781304774,0.9412948781304774,0.9412948781304774,0.9412948781304774,0.9312948781304774,0.9412948781304774,0.9312948781304774,0.9012948781304774,0.9012948781304774,0.9112948781304774,0.9112948781304774
463,0.9749313344327685,0.9649313344327685,0.9649313344327685,0.9849313344327685,0.9949313344327685,0.9949313344327685,0.9949313344327685,1.0,1.0,0.98,0.98,0.96,0.95
464,0.9023055659030261,0.9123055659030261,0.8923055659030261,0.9123055659030261,0.9123055659030261,0.9123055659030261,0.9123055659030261,0.9323055659030262,0.9323055659030262,0.9423055659030262,0.9323055659030262,0.9323055659030262,0.9173055659030261
465,0.9163950883175433,0.9263950883175434,0.9263950883175434,0.9263950883175434,0.9163950883175433,0.9163950883175433,0.9163950883175433,0.9163950883175433,0.9263950883175434,0.9563950883175434,0.9463950883175434,0.9363950883175434,0.9363950883175434
466,0.9658710735363828,0.9658710735363828,0.9658710735363828,0.9558710735363828,0.9458710735363828,0.9358710735363828,0.9458710735363828,0.9558710735363828,0.9658710735363828,0.9658710735363828,0.9658710735363828,0.9758710735363828,0.9758710735363828
467,0.9761012226032518,0.9761012226032518,0.9761012226032518,0.9661012226032518,0.9761012226032518,0.9761012226032518,0.9861012226032518,0.9861012226032518,0.9761012226032518,0.9861012226032518,0.9861012226032518,0.9861012226032518,0.9961012226032518
468,0.911324072178781,0.931324072178781,0.911324072178781,0.901324072178781,0.901324072178781,0.901324072178781,0.901324072178781,0.891324072178781,0.881324072178781,0.881324072178781,0.881324072178781,0.8713240721787809,0.8763240721787809
469,0.9149141080837246,0.9149141080837246,0.9249141080837247,0.9249141080837247,0.9149141080837246,0.9249141080837247,0.9249141080837247,0.9349141080837247,0.9349141080837247,0.9349141080837247,0.9349141080837247,0.9349141080837247,0.9349141080837247
470,1.0,1.0,1.0,1.0,0.99,0.97,0.97,0.98,0.98,0.97,0.95,0.95,0.95
471,0.9172714063206189,0.9072714063206189,0.9072714063206189,0.9072714063206189,0.9072714063206189,0.9072714063206189,0.9172714063206189,0.9372714063206189,0.9272714063206189,0.9172714063206189,0.9072714063206189,0.9172714063206189,0.9272714063206189
472,0.9840863729101277,0.9940863729101277,0.9940863729101277,0.9940863729101277,0.9940863729101277,0.9840863729101277,1.0,0.985,0.965,0.955,0.9349999999999999,0.945,0.945
473,1.0,0.99,0.99,1.0,1.0,1.0,1.0,0.99,1.0,1.0,1.0,1.0,1.0
474,1.0,1.0,0.98,0.97,0.98,0.98,0.98,0.98,0.98,0.96,0.95,0.95,0.955
475,1.0,1.0,0.99,0.99,1.0,1.0,1.0,1.0,1.0,0.99,0.99,0.99,0.96
476,1.0,1.0,1.0,0.99,0.99,1.0,1.0,1.0,0.985,0.975,0.975,0.975,0.955
477,0.925389995144775,0.915389995144775,0.925389995144775,0.935389995144775,0.925389995144775,0.925389995144775,0.925389995144775,0.925389995144775,0.915389995144775,0.915389995144775,0.915389995144775,0.905389995144775,0.905389995144775
478,0.9486372151804215,0.9486372151804215,0.9386372151804215,0.9386372151804215,0.9286372151804215,0.9386372151804215,0.9286372151804215,0.9286372151804215,0.9386372151804215,0.9386372151804215,0.9286372151804215,0.9286372151804215,0.9386372151804215
479,0.9412708625379002,0.9412708625379002,0.9712708625379002,0.9812708625379002,0.9762708625379002,0.9762708625379002,0.9762708625379002,0.9762708625379002,0.9762708625379002,0.9762708625379002,0.9762708625379002,0.9662708625379002,0.9762708625379002
480,0.9400811847556887,0.9200811847556887,0.9200811847556887,0.9300811847556887,0.9300811847556887,0.9400811847556887,0.9400811847556887,0.9400811847556887,0.9600811847556887,0.9500811847556887,0.9500811847556887,0.9300811847556887,0.9200811847556887
481,0.9232385362028168,0.9232385362028168,0.9232385362028168,0.9132385362028168,0.9432385362028168,0.9632385362028169,0.9632385362028169,0.9532385362028168,0.9532385362028168,0.9432385362028168,0.9432385362028168,0.9432385362028168,0.9432385362028168
482,0.985123515261226,0.985123515261226,0.985123515261226,0.995123515261226,0.985123515261226,0.965123515261226,0.985123515261226,1.0,0.99,1.0,0.98,0.97,0.95
483,0.9457451518602893,0.9157451518602893,0.9157451518602893,0.9157451518602893,0.9257451518602893,0.9557451518602893,0.9657451518602893,0.9657451518602893,0.9657451518602893,0.9657451518602893,0.9757451518602893,0.9557451518602893,0.9557451518602893
484,0.9236813864684945,0.9136813864684945,0.9136813864684945,0.9236813864684945,0.9336813864684945,0.9336813864684945,0.9236813864684945,0.9136813864684945,0.9136813864684945,0.9036813864684945,0.9136813864684945,0.9136813864684945,0.9136813864684945
485,1.0,0.99,1.0,1.0,0.98,0.98,0.99,0.99,0.97,0.97,0.96,0.96,0.95
486,0.9141263394311189,0.9241263394311189,0.9541263394311189,0.9541263394311189,0.9491263394311189,0.9391263394311189,0.9491263394311189,0.9491263394311189,0.9491263394311189,0.9391263394311189,0.9191263394311189,0.9191263394311189,0.9591263394311189
487,0.9598056474632893,0.9398056474632893,0.9498056474632893,0.9498056474632893,0.9598056474632893,0.9698056474632893,0.9698056474632893,0.9698056474632893,0.9898056474632894,0.9748056474632893,0.9748056474632893,0.9748056474632893,0.9748056474632893
488,0.9904320239499276,0.9704320239499276,0.9504320239499275,0.9554320239499275,0.9654320239499276,0.9454320239499275,0.9554320239499275,0.9554320239499275,0.9754320239499276,0.9454320239499275,0.9654320239499276,0.9654320239499276,0.9654320239499276
489,0.9558767367548823,0.9558767367548823,0.9358767367548823,0.9358767367548823,0.9358767367548823,0.9458767367548823,0.9758767367548823,0.9758767367548823,0.9958767367548823,0.9758767367548823,0.9758767367548823,0.9958767367548823,0.9658767367548823
490,0.8585130168530214,0.8485130168530214,0.8485130168530214,0.8385130168530214,0.8285130168530214,0.8385130168530214,0.8385130168530214,0.8185130168530214,0.8185130168530214,0.8185130168530214,0.8235130168530214,0.8335130168530214,0.8335130168530214
491,0.9898766603120014,0.9798766603120014,0.9798766603120014,0.9498766603120014,0.9548766603120014,0.9548766603120014,0.9648766603120014,0.9648766603120014,0.9648766603120014,0.9548766603120014,0.9648766603120014,0.9848766603120014,0.9848766603120014
492,0.9704834684852078,0.9704834684852078,0.9604834684852078,0.9604834684852078,0.9504834684852078,0.9504834684852078,0.9504834684852078,0.9404834684852078,0.9554834684852078,0.9554834684852078,0.9554834684852078,0.9654834684852078,0.9654834684852078
493,0.9660090238021253,0.9660090238021253,0.9660090238021253,0.9760090238021253,0.9660090238021253,0.9660090238021253,0.9660090238021253,0.9560090238021253,0.9660090238021253,0.9660090238021253,0.9760090238021253,0.9760090238021253,0.9660090238021253
494,0.9112937101157642,0.9312937101157642,0.8912937101157642,0.9012937101157642,0.9012937101157642,0.8912937101157642,0.9012937101157642,0.8912937101157642,0.8912937101157642,0.8812937101157642,0.9012937101157642,0.9012937101157642,0.9012937101157642
495,0.9504920976151792,0.9204920976151791,0.9204920976151791,0.9204920976151791,0.9204920976151791,0.9104920976151791,0.9104920976151791,0.9154920976151791,0.9254920976151791,0.9154920976151791,0.9154920976151791,0.9154920976151791,0.9254920976151791
496,0.9744931330980174,0.9744931330980174,0.9844931330980174,0.9844931330980174,1.0,0.99,0.99,0.99,0.99,0.99,1.0,0.99,0.97
497,0.9802046657646167,0.9802046657646167,1.0,1.0,0.98,0.98,0.98,0.98,0.98,0.98,0.98,0.98,0.98
498,0.8957706291164497,0.9057706291164497,0.8857706291164497,0.8857706291164497,0.8757706291164497,0.8757706291164497,0.8757706291164497,0.8857706291164497,0.8857706291164497,0.8957706291164497,0.8957706291164497,0.9157706291164497,0.9057706291164497
499,1.0,1.0,1.0,1.0,1.0,1.0,0.99,0.975,0.975,0.975,0.975,0.975,0.975
500,0.9351242085428356,0.9051242085428356,0.9051242085428356,0.9151242085428356,0.9351242085428356,0.9551242085428356,0.9551242085428356,0.9651242085428356,0.9551242085428356,0.9651242085428356,0.9551242085428356,0.9551242085428356,0.9351242085428356
501,0.8813293919792545,0.8813293919792545,0.8913293919792545,0.8913293919792545,0.8913293919792545,0.9013293919792545,0.8913293919792545,0.8913293919792545,0.9113293919792546,0.9113293919792546,0.9113293919792546,0.9113293919792546,0.9113293919792546
502,0.9458605261600418,0.9558605261600418,0.9558605261600418,0.9658605261600418,0.9658605261600418,0.9658605261600418,0.9558605261600418,0.9558605261600418,0.9558605261600418,0.9458605261600418,0.9658605261600418,0.9658605261600418,0.9658605261600418
503,0.99944894844222,1.0,1.0,1.0,1.0,1.0,1.0,1.0,0.99,0.99,1.0,0.98,1.0
504,0.9533767562237628,0.9433767562237628,0.9433767562237628,0.9633767562237628,0.9633767562237628,0.9633767562237628,0.9533767562237628,0.9533767562237628,0.9333767562237628,0.9333767562237628,0.9333767562237628,0.9333767562237628,0.9433767562237628
505,0.9543903839109601,0.9643903839109601,0.9743903839109601,0.9643903839109601,0.9843903839109601,0.9743903839109601,0.9843903839109601,0.9843903839109601,0.9843903839109601,0.9843903839109601,0.9843903839109601,0.9693903839109601,0.9593903839109601
506,1.0,1.0,1.0,0.99,0.99,0.98,1.0,1.0,1.0,1.0,1.0,1.0,1.0
507,0.968241850513855,0.988241850513855,0.968241850513855,0.968241850513855,0.968241850513855,0.988241850513855,0.958241850513855,0.958241850513855,0.958241850513855,0.948241850513855,0.938241850513855,0.948241850513855,0.948241850513855
508,0.8959813143542392,0.8959813143542392,0.8959813143542392,0.8959813143542392,0.9159813143542392,0.8959813143542392,0.8859813143542392,0.8859813143542392,0.8959813143542392,0.8959813143542392,0.9159813143542392,0.9159813143542392,0.9159813143542392
509,0.8369789601533575,0.8369789601533575,0.8269789601533575,0.8269789601533575,0.8169789601533575,0.8169789601533575,0.8269789601533575,0.8269789601533575,0.8069789601533575,0.8069789601533575,0.8169789601533575,0.8069789601533575,0.8069789601533575
510,0.9645029365475354,0.9645029365475354,0.9745029365475354,0.9545029365475354,0.9445029365475354,0.9445029365475354,0.9445029365475354,0.9445029365475354,0.9445029365475354,0.9245029365475353,0.9245029365475353,0.9295029365475354,0.9395029365475354
511,0.9309536202076059,0.9209536202076058,0.9209536202076058,0.9209536202076058,0.9209536202076058,0.9209536202076058,0.9009536202076058,0.9109536202076058,0.9109536202076058,0.9209536202076058,0.9209536202076058,0.9309536202076059,0.8909536202076058
512,0.9132979031521798,0.8932979031521798,0.8732979031521798,0.8832979031521798,0.8832979031521798,0.8732979031521798,0.8782979031521798,0.8882979031521798,0.8982979031521798,0.8982979031521798,0.9082979031521798,0.9082979031521798,0.9082979031521798
513,0.9535817362165333,0.9635817362165333,0.9635817362165333,0.9635817362165333,0.9735817362165333,0.9935817362165333,0.9885817362165333,0.9885817362165333,0.9785817362165333,0.9785817362165333,0.9885817362165333,0.9885817362165333,0.9685817362165333
514,0.9364039410470996,0.9364039410470996,0.9164039410470995,0.8964039410470995,0.9014039410470995,0.9114039410470995,0.9114039410470995,0.9114039410470995,0.9314039410470996,0.9214039410470996,0.9414039410470996,0.9414039410470996,0.9414039410470996
515,0.9598463920480691,0.9398463920480691,0.9298463920480691,0.9298463920480691,0.9398463920480691,0.9298463920480691,0.9298463920480691,0.9298463920480691,0.9298463920480691,0.9398463920480691,0.9398463920480691,0.9198463920480691,0.9198463920480691
516,0.913983092886746,0.923983092886746,0.923983092886746,0.933983092886746,0.943983092886746,0.953983092886746,0.953983092886746,0.948983092886746,0.938983092886746,0.918983092886746,0.908983092886746,0.8989830928867459,0.918983092886746
517,0.9430168835090977,0.9430168835090977,0.9230168835090977,0.9130168835090977,0.9130168835090977,0.9130168835090977,0.9130168835090977,0.9130168835090977,0.9230168835090977,0.9130168835090977,0.9130168835090977,0.9030168835090977,0.9080168835090977
518,0.9926866248944203,0.9726866248944203,0.9926866248944203,1.0,1.0,0.97,0.99,0.99,0.99,1.0,0.99,1.0,1.0
519,1.0,1.0,0.99,0.99,0.96,0.96,0.98,0.98,0.98,1.0,1.0,1.0,0.99
520,0.9700282691086701,0.9700282691086701,0.9700282691086701,0.9600282691086701,0.9700282691086701,0.9800282691086701,0.9800282691086701,1.0,1.0,1.0,0.98,0.95,0.95
521,0.9754844201736098,0.9654844201736098,0.9654844201736098,0.9654844201736098,0.9654844201736098,0.9854844201736098,0.9654844201736098,0.9554844201736098,0.9654844201736098,0.9554844201736098,0.9654844201736098,0.9554844201736098,0.9554844201736098
522,1.0,1.0,0.985,0.985,0.975,0.975,0.945,0.945,0.955,0.965,0.955,0.955,0.955
523,0.8959390856469122,0.8759390856469121,0.8659390856469121,0.8859390856469122,0.8959390856469122,0.8759390856469121,0.8659390856469121,0.8759390856469121,0.8759390856469121,0.8659390856469121,0.8659390856469121,0.8759390856469121,0.8759390856469121
524,0.959138766104952,0.959138766104952,0.979138766104952,0.969138766104952,0.979138766104952,0.979138766104952,0.989138766104952,0.969138766104952,0.959138766104952,0.949138766104952,0.949138766104952,0.969138766104952,0.969138766104952
525,0.8910628372345577,0.8810628372345577,0.8710628372345577,0.8610628372345577,0.8760628372345577,0.8560628372345577,0.8660628372345577,0.8660628372345577,0.8460628372345577,0.8560628372345577,0.8460628372345577,0.8460628372345577,0.8460628372345577
526,0.9897131877311391,0.9897131877311391,0.9897131877311391,0.9797131877311391,0.9797131877311391,0.9797131877311391,0.9697131877311391,0.9697131877311391,0.9697131877311391,0.9597131877311391,0.9597131877311391,0.9497131877311391,0.9497131877311391
527,0.9171355270993545,0.9171355270993545,0.9271355270993545,0.9271355270993545,0.9171355270993545,0.9171355270993545,0.9171355270993545,0.9371355270993545,0.9371355270993545,0.9371355270993545,0.9121355270993545,0.9321355270993545,0.9421355270993546
528,0.9919463881515455,0.9919463881515455,0.9819463881515454,0.9819463881515454,0.9819463881515454,0.9819463881515454,1.0,1.0,1.0,1.0,0.995,0.975,0.975
529,0.8934995973779579,0.8934995973779579,0.8934995973779579,0.8934995973779579,0.9034995973779579,0.9134995973779579,0.9034995973779579,0.9034995973779579,0.9034995973779579,0.9034995973779579,0.9034995973779579,0.9034995973779579,0.9034995973779579
530,0.9193056346776898,0.9493056346776898,0.9493056346776898,0.9493056346776898,0.9493056346776898,0.9293056346776898,0.9393056346776898,0.9293056346776898,0.9093056346776898,0.9093056346776898,0.9093056346776898,0.9093056346776898,0.9443056346776898
531,0.8982206525373699,0.8982206525373699,0.8882206525373699,0.8882206525373699,0.9082206525373699,0.9082206525373699,0.9082206525373699,0.92822065253737,0.92822065253737,0.93822065253737,0.93322065253737,0.91322065253737,0.91322065253737
532,0.9585338991297866,0.9485338991297866,0.9485338991297866,0.9385338991297866,0.9485338991297866,0.9285338991297866,0.9285338991297866,0.9185338991297866,0.9285338991297866,0.9285338991297866,0.9435338991297866,0.9435338991297866,0.9435338991297866
533,0.9255585579413605,0.9055585579413605,0.9155585579413605,0.9055585579413605,0.9055585579413605,0.9055585579413605,0.9155585579413605,0.9255585579413605,0.9155585579413605,0.9255585579413605,0.9255585579413605,0.9355585579413606,0.9355585579413606
534,0.866898790170128,0.846898790170128,0.846898790170128,0.846898790170128,0.8718987901701281,0.861898790170128,0.861898790170128,0.861898790170128,0.851898790170128,0.861898790170128,0.851898790170128,0.8718987901701281,0.8718987901701281
535,0.9007161367902404,0.9107161367902404,0.9007161367902404,0.9007161367902404,0.9007161367902404,0.8907161367902404,0.8707161367902404,0.8857161367902404,0.8557161367902404,0.8557161367902404,0.8557161367902404,0.8557161367902404,0.8557161367902404
536,0.9445712740567497,0.9345712740567497,0.9345712740567497,0.9345712740567497,0.9245712740567497,0.9245712740567497,0.9245712740567497,0.9495712740567497,0.9295712740567497,0.9195712740567497,0.9395712740567497,0.9395712740567497,0.9395712740567497
537,0.8715975728737022,0.8815975728737022,0.8465975728737022,0.8265975728737022,0.8265975728737022,0.8365975728737022,0.8365975728737022,0.8465975728737022,0.8365975728737022,0.8365975728737022,0.8465975728737022,0.8465975728737022,0.8565975728737022
538,0.9098923924217496,0.9198923924217496,0.9198923924217496,0.9298923924217496,0.8998923924217496,0.9198923924217496,0.9398923924217496,0.9298923924217496,0.9398923924217496,0.9398923924217496,0.9298923924217496,0.9398923924217496,0.9248923924217496
539,0.986914215874861,0.986914215874861,0.986914215874861,0.9569142158748609,0.9719142158748609,0.9719142158748609,0.991914215874861,0.991914215874861,0.9819142158748609,1.0,1.0,1.0,1.0
540,0.9251186696870128,0.8951186696870128,0.9051186696870128,0.9051186696870128,0.8951186696870128,0.8951186696870128,0.9251186696870128,0.9551186696870129,0.9351186696870128,0.9451186696870129,0.9251186696870128,0.9151186696870128,0.9051186696870128
541,0.9555249338712254,0.9855249338712254,0.9855249338712254,0.9855249338712254,0.9755249338712254,0.9755249338712254,0.9755249338712254,0.9755249338712254,0.9855249338712254,0.9855249338712254,0.9855249338712254,0.9955249338712254,0.9955249338712254
542,0.9181748631594049,0.9081748631594049,0.8981748631594049,0.9281748631594049,0.9481748631594049,0.9381748631594049,0.9181748631594049,0.8981748631594049,0.9081748631594049,0.9081748631594049,0.9281748631594049,0.9381748631594049,0.9281748631594049
543,0.9300642617943718,0.9300642617943718,0.9400642617943719,0.9400642617943719,0.9300642617943718,0.9300642617943718,0.9200642617943718,0.9300642617943718,0.9400642617943719,0.9300642617943718,0.9200642617943718,0.9200642617943718,0.9300642617943718
544,0.9067702056416236,0.8967702056416236,0.9167702056416236,0.9167702056416236,0.9067702056416236,0.9067702056416236,0.8867702056416236,0.8967702056416236,0.8967702056416236,0.8767702056416236,0.8767702056416236,0.8767702056416236,0.8667702056416235
545,1.0,1.0,1.0,1.0,1.0,0.995,0.995,0.995,0.975,0.975,0.975,0.985,0.985
546,0.9271390875687274,0.9371390875687274,0.9471390875687274,0.9571390875687275,0.9571390875687275,0.9571390875687275,0.9571390875687275,0.9671390875687275,0.9671390875687275,0.9671390875687275,0.9671390875687275,0.9621390875687275,0.9521390875687274
547,0.9451079412150604,0.9351079412150604,0.9751079412150604,0.9851079412150604,0.9751079412150604,0.9751079412150604,0.9751079412150604,0.9751079412150604,0.9651079412150604,0.9851079412150604,0.9851079412150604,0.9801079412150604,0.9601079412150604
548,0.8774249180962951,0.8874249180962951,0.9074249180962951,0.8974249180962951,0.8674249180962951,0.8774249180962951,0.8874249180962951,0.8874249180962951,0.8874249180962951,0.8674249180962951,0.8774249180962951,0.8874249180962951,0.8774249180962951
549,0.8935191959881538,0.8835191959881538,0.8935191959881538,0.8935191959881538,0.8935191959881538,0.8835191959881538,0.8535191959881537,0.8535191959881537,0.8635191959881537,0.8835191959881538,0.8635191959881537,0.8785191959881538,0.8785191959881538
550,0.9945095895732936,1.0,1.0,1.0,1.0,0.98,0.98,0.98,0.98,1.0,0.995,0.995,1.0
551,0.9314931209915981,0.9514931209915981,0.9614931209915981,0.9614931209915981,0.9614931209915981,0.9614931209915981,0.9614931209915981,0.9464931209915981,0.9564931209915981,0.9464931209915981,0.9464931209915981,0.9464931209915981,0.9264931209915981
552,0.9353568012599962,0.9353568012599962,0.9053568012599962,0.8953568012599962,0.9003568012599962,0.9003568012599962,0.9003568012599962,0.9003568012599962,0.9003568012599962,0.9103568012599962,0.9403568012599962,0.9403568012599962,0.9403568012599962
553,0.9144963303354053,0.9144963303354053,0.9244963303354053,0.9244963303354053,0.8944963303354053,0.8744963303354053,0.8794963303354053,0.8694963303354053,0.8694963303354053,0.8694963303354053,0.8894963303354053,0.8894963303354053,0.8894963303354053
554,0.9906912888331616,0.9806912888331616,0.9806912888331616,0.9706912888331616,0.9906912888331616,0.9806912888331616,0.9806912888331616,0.9806912888331616,0.9806912888331616,0.9806912888331616,0.9806912888331616,0.9706912888331616,0.9906912888331616
555,0.9512568511011252,0.9712568511011253,0.9462568511011252,0.9262568511011252,0.9362568511011252,0.9362568511011252,0.9262568511011252,0.9462568511011252,0.9462568511011252,0.9362568511011252,0.9262568511011252,0.9162568511011252,0.9162568511011252
556,0.915756441581596,0.915756441581596,0.8857564415815959,0.895756441581596,0.905756441581596,0.905756441581596,0.925756441581596,0.925756441581596,0.925756441581596,0.935756441581596,0.935756441581596,0.935756441581596,0.935756441581596
557,0.9775741139801287,0.9775741139801287,0.9775741139801287,0.9775741139801287,0.9875741139801287,0.9875741139801287,0.9775741139801287,1.0,1.0,1.0,1.0,0.99,0.98
558,0.9044944597752812,0.9044944597752812,0.9044944597752812,0.9044944597752812,0.9244944597752812,0.9444944597752812,0.9394944597752812,0.9394944597752812,0.9394944597752812,0.9394944597752812,0.9394944597752812,0.9294944597752812,0.9194944597752812
559,0.9557910097992434,0.9657910097992434,0.9657910097992434,0.9557910097992434,0.9457910097992434,0.9357910097992433,0.9557910097992434,0.9557910097992434,0.9457910097992434,0.9557910097992434,0.9657910097992434,0.9657910097992434,0.9557910097992434
560,1.0,1.0,1.0,0.98,0.99,0.97,0.99,0.99,1.0,1.0,1.0,0.995,0.985
561,0.9511320417951802,0.9611320417951802,0.9611320417951802,0.9411320417951802,0.9411320417951802,0.9311320417951802,0.9311320417951802,0.9211320417951802,0.9411320417951802,0.9411320417951802,0.9411320417951802,0.9311320417951802,0.9411320417951802
562,1.0,1.0,1.0,1.0,1.0,0.98,0.99,0.99,0.99,0.97,0.99,0.99,1.0
563,0.9400034786549721,0.9400034786549721,0.9200034786549721,0.9300034786549721,0.9300034786549721,0.9300034786549721,0.9650034786549722,0.9650034786549722,0.9650034786549722,0.9350034786549721,0.9350034786549721,0.9650034786549722,0.9550034786549721
564,0.9615219388714239,0.9615219388714239,0.9615219388714239,0.9515219388714239,0.9515219388714239,0.9515219388714239,0.9615219388714239,0.9515219388714239,0.9415219388714239,0.9415219388714239,0.9415219388714239,0.9615219388714239,0.9715219388714239
565,0.9363929312242588,0.9363929312242588,0.9363929312242588,0.9263929312242588,0.9163929312242588,0.9163929312242588,0.9063929312242588,0.9263929312242588,0.9163929312242588,0.9263929312242588,0.9263929312242588,0.8963929312242588,0.8963929312242588
566,0.8884324472236369,0.8884324472236369,0.8784324472236369,0.8784324472236369,0.8484324472236369,0.8784324472236369,0.8884324472236369,0.8884324472236369,0.8884324472236369,0.8884324472236369,0.8684324472236369,0.8684324472236369,0.8584324472236369
567,1.0,1.0,1.0,0.98,0.99,0.99,0.98,0.97,0.97,0.97,0.97,0.97,0.99
568,0.9458920604682729,0.9458920604682729,0.9458920604682729,0.9558920604682729,0.9558920604682729,0.9458920604682729,0.9458920604682729,0.9358920604682729,0.9358920604682729,0.9358920604682729,0.9458920604682729,0.9458920604682729,0.9558920604682729
569,0.9722876434502421,0.9822876434502421,0.9822876434502421,0.9822876434502421,0.9822876434502421,0.9922876434502421,0.9922876434502421,0.9922876434502421,0.9922876434502421,0.9722876434502421,0.9722876434502421,0.9622876434502421,0.9622876434502421
570,0.9049108801653685,0.9049108801653685,0.9049108801653685,0.9049108801653685,0.8949108801653685,0.8749108801653684,0.8849108801653685,0.8949108801653685,0.8849108801653685,0.8949108801653685,0.9049108801653685,0.9049108801653685,0.9149108801653685
571,0.9141487563756872,0.9141487563756872,0.9141487563756872,0.9141487563756872,0.9041487563756871,0.9041487563756871,0.9041487563756871,0.8941487563756871,0.8941487563756871,0.8941487563756871,0.9241487563756872,0.9141487563756872,0.9141487563756872
572,0.9442088868692701,0.9542088868692701,0.9542088868692701,0.9642088868692701,0.9642088868692701,0.9542088868692701,0.9542088868692701,0.9542088868692701,0.9842088868692701,0.9842088868692701,0.9842088868692701,0.9792088868692701,0.9692088868692701
573,1.0,0.99,1.0,0.99,0.99,0.98,1.0,1.0,0.98,0.97,0.95,0.95,0.95
574,1.0,1.0,1.0,0.99,1.0,0.98,0.98,0.98,0.96,0.97,0.96,0.96,0.95
575,1.0,1.0,1.0,1.0,1.0,0.98,0.98,0.98,0.98,0.99,1.0,1.0,1.0
576,0.9331372667425638,0.9331372667425638,0.9231372667425638,0.9031372667425638,0.9131372667425638,0.9331372667425638,0.9531372667425638,0.9531372667425638,0.9281372667425638,0.9281372667425638,0.9181372667425638,0.9281372667425638,0.9381372667425638
577,0.9040996495815976,0.8940996495815976,0.8940996495815976,0.8840996495815976,0.9040996495815976,0.9040996495815976,0.8940996495815976,0.8940996495815976,0.8840996495815976,0.8840996495815976,0.8940996495815976,0.9040996495815976,0.9140996495815976
578,0.9383894352964922,0.9383894352964922,0.9383894352964922,0.9383894352964922,0.9483894352964922,0.9683894352964922,0.9533894352964922,0.9533894352964922,0.9533894352964922,0.9533894352964922,0.9733894352964922,0.9633894352964922,0.9733894352964922
579,0.9279597822586575,0.9079597822586575,0.9079597822586575,0.8979597822586575,0.8979597822586575,0.9079597822586575,0.9079597822586575,0.8879597822586575,0.8979597822586575,0.8979597822586575,0.8979597822586575,0.8979597822586575,0.8879597822586575
580,0.9921289904813125,0.9921289904813125,1.0,1.0,1.0,1.0,1.0,1.0,0.99,0.98,0.98,0.99,0.99
581,0.9559114179094154,0.9659114179094154,0.9659114179094154,0.9859114179094154,0.9859114179094154,0.9859114179094154,0.9859114179094154,0.9959114179094154,0.9759114179094154,0.9559114179094154,0.9559114179094154,0.9559114179094154,0.9559114179094154
582,0.9403883781172017,0.9603883781172017,0.9403883781172017,0.9603883781172017,0.9803883781172017,0.9753883781172017,0.9653883781172017,0.9753883781172017,0.9653883781172017,0.9553883781172017,0.9353883781172017,0.9253883781172016,0.9353883781172017
583,0.9427179798667145,0.9327179798667145,0.9327179798667145,0.9327179798667145,0.9127179798667144,0.9527179798667145,0.9427179798667145,0.9327179798667145,0.9327179798667145,0.9327179798667145,0.9327179798667145,0.9227179798667144,0.9227179798667144
584,0.931194964436248,0.9411949644362481,0.9411949644362481,0.9511949644362481,0.931194964436248,0.931194964436248,0.931194964436248,0.921194964436248,0.931194964436248,0.9611949644362481,0.9511949644362481,0.9611949644362481,0.9611949644362481
585,0.9573589060231954,0.9373589060231954,0.9573589060231954,0.9473589060231954,0.9273589060231954,0.9173589060231954,0.9173589060231954,0.9173589060231954,0.9223589060231954,0.9423589060231954,0.9423589060231954,0.9723589060231954,0.9723589060231954
586,0.9165723293100492,0.9165723293100492,0.9165723293100492,0.9165723293100492,0.9165723293100492,0.9465723293100492,0.9365723293100492,0.9165723293100492,0.9165723293100492,0.9065723293100492,0.9165723293100492,0.9165723293100492,0.9165723293100492
587,0.9943773406906498,0.9943773406906498,0.9943773406906498,1.0,1.0,1.0,1.0,1.0,1.0,0.99,1.0,1.0,0.995
588,0.9539252906170822,0.9239252906170822,0.9439252906170822,0.9439252906170822,0.9339252906170822,0.9339252906170822,0.9139252906170822,0.9139252906170822,0.9139252906170822,0.9189252906170822,0.9189252906170822,0.9089252906170822,0.9089252906170822
589,0.9900066303931805,0.9800066303931805,0.9700066303931805,0.9700066303931805,0.9700066303931805,0.9700066303931805,0.9700066303931805,0.9700066303931805,0.9700066303931805,0.9700066303931805,0.9500066303931805,0.9700066303931805,0.9800066303931805
590,0.9512373276322342,0.9512373276322342,0.9412373276322342,0.9612373276322342,0.9612373276322342,0.9512373276322342,0.9712373276322342,0.9812373276322343,0.9912373276322343,0.9912373276322343,0.9812373276322343,0.9712373276322342,0.9712373276322342
591,0.9738028666188745,0.9738028666188745,0.9738028666188745,0.9938028666188745,1.0,0.99,0.99,0.99,0.99,0.99,1.0,0.985,0.985
592,0.9071371228044455,0.9071371228044455,0.9171371228044455,0.9171371228044455,0.9271371228044455,0.9271371228044455,0.9371371228044455,0.9371371228044455,0.9221371228044455,0.9221371228044455,0.9221371228044455,0.9221371228044455,0.9221371228044455
593,0.8617577103338299,0.8917577103338299,0.8917577103338299,0.9017577103338299,0.8967577103338299,0.8867577103338299,0.8667577103338299,0.8467577103338298,0.8567577103338299,0.8567577103338299,0.8667577103338299,0.8567577103338299,0.8467577103338298
594,0.9925476641105155,0.9925476641105155,0.9825476641105155,1.0,1.0,1.0,1.0,1.0,0.98,0.98,0.97,0.97,0.98
595,0.9535472966467924,0.9235472966467924,0.9235472966467924,0.9385472966467924,0.9585472966467924,0.9785472966467924,0.9685472966467924,0.9785472966467924,0.9885472966467924,0.9785472966467924,0.9885472966467924,0.9785472966467924,0.9885472966467924
596,0.9048343235937696,0.9048343235937696,0.9248343235937696,0.9348343235937696,0.9348343235937696,0.9348343235937696,0.9348343235937696,0.9198343235937696,0.9398343235937696,0.9298343235937696,0.9098343235937696,0.9098343235937696,0.9098343235937696
597,0.9152675475578215,0.9452675475578215,0.9452675475578215,0.9552675475578215,0.9352675475578215,0.9452675475578215,0.9552675475578215,0.9552675475578215,0.9502675475578215,0.9402675475578215,0.9502675475578215,0.9402675475578215,0.9102675475578215
598,0.9807517070827059,0.9807517070827059,0.9607517070827059,0.9707517070827059,0.9707517070827059,0.9607517070827059,0.9607517070827059,0.9707517070827059,0.9607517070827059,0.9607517070827059,0.9507517070827058,0.9507517070827058,0.9507517070827058
599,0.8901437509037745,0.8901437509037745,0.8801437509037745,0.9201437509037745,0.9101437509037745,0.9001437509037745,0.9001437509037745,0.9101437509037745,0.9001437509037745,0.9001437509037745,0.9001437509037745,0.9001437509037745,0.9001437509037745
600,0.9701475170836241,0.9901475170836241,0.9901475170836241,0.9901475170836241,0.9651475170836241,0.9751475170836241,0.9751475170836241,0.9951475170836241,0.9951475170836241,0.9851475170836241,0.9751475170836241,0.9351475170836241,0.9451475170836241
601,0.9405622220225397,0.9405622220225397,0.9405622220225397,0.9405622220225397,0.9405622220225397,0.9405622220225397,0.9305622220225397,0.9105622220225397,0.9005622220225397,0.9055622220225397,0.9255622220225397,0.9455622220225397,0.9455622220225397
602,0.9392669773209271,0.9392669773209271,0.9192669773209271,0.9192669773209271,0.9192669773209271,0.9192669773209271,0.9442669773209271,0.9542669773209271,0.9342669773209271,0.9342669773209271,0.9442669773209271,0.9442669773209271,0.9242669773209271
603,0.9601989959171325,0.9501989959171325,0.9501989959171325,0.9701989959171325,0.9701989959171325,1.0,0.995,0.995,0.985,0.995,0.995,0.995,0.995
604,0.9761412398870649,1.0,1.0,0.995,0.985,0.995,0.975,0.975,0.955,0.955,0.955,0.955,0.965
605,0.9061667002652556,0.9061667002652556,0.9061667002652556,0.9061667002652556,0.9061667002652556,0.9161667002652556,0.9161667002652556,0.9361667002652556,0.9361667002652556,0.9361667002652556,0.9361667002652556,0.9161667002652556,0.8961667002652556
606,0.9555113230936206,0.9555113230936206,0.9755113230936207,0.9755113230936207,0.9955113230936207,0.9955113230936207,0.9955113230936207,0.9905113230936207,0.9905113230936207,0.9905113230936207,0.9805113230936207,0.9805113230936207,0.9805113230936207
607,0.9787432938012012,0.9787432938012012,0.9787432938012012,0.9887432938012012,0.9987432938012012,1.0,0.995,0.995,0.995,0.985,0.985,0.985,0.985
608,0.9497273687442805,0.9597273687442806,0.9397273687442805,0.9397273687442805,0.9397273687442805,0.9397273687442805,0.9197273687442805,0.9497273687442805,0.9497273687442805,0.9397273687442805,0.9497273687442805,0.9397273687442805,0.9397273687442805
609,0.8763624142069945,0.8763624142069945,0.8563624142069944,0.8463624142069944,0.8563624142069944,0.8563624142069944,0.8663624142069944,0.8663624142069944,0.8663624142069944,0.8663624142069944,0.8563624142069944,0.8563624142069944,0.8813624142069945
610,0.9363566157522158,0.9363566157522158,0.9463566157522159,0.9363566157522158,0.9363566157522158,0.9163566157522158,0.9163566157522158,0.9163566157522158,0.9163566157522158,0.9163566157522158,0.9363566157522158,0.9363566157522158,0.9563566157522159
611,0.8999082233053834,0.8899082233053834,0.8899082233053834,0.9099082233053835,0.9099082233053835,0.9099082233053835,0.9099082233053835,0.9199082233053835,0.9199082233053835,0.9199082233053835,0.9299082233053835,0.9199082233053835,0.9199082233053835
612,1.0,1.0,1.0,1.0,1.0,1.0,1.0,1.0,1.0,0.97,0.97,0.99,0.99
613,0.9502339321446702,0.9502339321446702,0.9502339321446702,0.9402339321446702,0.9402339321446702,0.9702339321446702,0.9702339321446702,0.9802339321446703,0.9602339321446702,0.9602339321446702,0.9602339321446702,0.9602339321446702,0.9602339321446702
614,0.923632267086867,0.933632267086867,0.963632267086867,0.953632267086867,0.963632267086867,0.963632267086867,0.963632267086867,0.963632267086867,0.963632267086867,0.958632267086867,0.958632267086867,0.948632267086867,0.948632267086867
615,0.9284033514246108,0.9284033514246108,0.9184033514246108,0.8984033514246108,0.9284033514246108,0.9284033514246108,0.9484033514246109,0.9384033514246108,0.9284033514246108,0.9184033514246108,0.9284033514246108,0.9084033514246108,0.8984033514246108
616,0.946761594830283,0.946761594830283,0.956761594830283,0.976761594830283,0.976761594830283,0.976761594830283,0.976761594830283,0.976761594830283,0.976761594830283,0.986761594830283,0.986761594830283,0.986761594830283,0.981761594830283
617,0.9876626538426713,0.9976626538426713,0.9876626538426713,0.9676626538426712,0.9676626538426712,0.9676626538426712,0.9926626538426713,0.9826626538426713,0.9726626538426713,0.9826626538426713,0.9926626538426713,1.0,0.99
618,0.9473298777174107,0.9573298777174107,0.9673298777174107,0.9573298777174107,0.9373298777174107,0.9573298777174107,0.9673298777174107,0.9673298777174107,0.9673298777174107,0.9773298777174108,0.9873298777174108,0.9823298777174108,0.9723298777174108
619,0.9589394469584644,0.9489394469584644,0.9489394469584644,0.9489394469584644,0.9489394469584644,0.9489394469584644,0.9489394469584644,0.9489394469584644,0.9489394469584644,0.9389394469584644,0.9489394469584644,0.9489394469584644,0.9389394469584644
620,0.868127634017091,0.868127634017091,0.848127634017091,0.848127634017091,0.828127634017091,0.828127634017091,0.828127634017091,0.833127634017091,0.843127634017091,0.863127634017091,0.863127634017091,0.853127634017091,0.833127634017091
621,0.9864240142441595,0.9764240142441595,0.9764240142441595,0.9964240142441595,1.0,1.0,1.0,1.0,1.0,0.99,0.98,0.98,0.98
622,0.8851802916521141,0.8551802916521141,0.8451802916521141,0.8451802916521141,0.8501802916521141,0.8501802916521141,0.8501802916521141,0.8501802916521141,0.8601802916521141,0.8601802916521141,0.8601802916521141,0.8801802916521141,0.8801802916521141
623,0.9038435607278249,0.9038435607278249,0.8838435607278249,0.8738435607278249,0.8838435607278249,0.8838435607278249,0.8938435607278249,0.9038435607278249,0.9038435607278249,0.9138435607278249,0.9138435607278249,0.8938435607278249,0.8938435607278249
624,0.9474297751773966,0.9274297751773966,0.9274297751773966,0.9074297751773965,0.9124297751773965,0.9124297751773965,0.9224297751773965,0.9124297751773965,0.9224297751773965,0.9224297751773965,0.9224297751773965,0.9124297751773965,0.9224297751773965
625,0.9666070125431881,0.9766070125431882,0.9766070125431882,0.9466070125431881,0.9566070125431881,0.9566070125431881,0.9466070125431881,0.9666070125431881,0.9866070125431882,0.9766070125431882,0.9866070125431882,0.9866070125431882,0.9866070125431882
626,0.91762785666213,0.90762785666213,0.90762785666213,0.90762785666213,0.91762785666213,0.93762785666213,0.94762785666213,0.94762785666213,0.94762785666213,0.93762785666213,0.93762785666213,0.93762785666213,0.92762785666213
627,0.9598888658795675,0.9598888658795675,0.9598888658795675,0.9598888658795675,0.9498888658795674,0.9398888658795674,0.9398888658795674,0.9498888658795674,0.9398888658795674,0.9398888658795674,0.9298888658795674,0.9398888658795674,0.9298888658795674
628,0.8511202893928999,0.8611202893928999,0.8611202893928999,0.8611202893928999,0.8411202893928998,0.8511202893928999,0.8811202893928999,0.8661202893928999,0.8661202893928999,0.8861202893928999,0.8761202893928999,0.8761202893928999,0.8861202893928999
629,0.9518337637372001,0.9318337637372001,0.9568337637372001,0.9568337637372001,0.9568337637372001,0.9468337637372001,0.9568337637372001,0.9568337637372001,0.9568337637372001,0.9568337637372001,0.9568337637372001,0.9568337637372001,0.9568337637372001
630,0.9220087611182194,0.9320087611182194,0.9320087611182194,0.9320087611182194,0.9120087611182194,0.9120087611182194,0.9220087611182194,0.9220087611182194,0.9220087611182194,0.9420087611182194,0.9420087611182194,0.9320087611182194,0.9320087611182194
631,1.0,1.0,0.99,1.0,1.0,1.0,1.0,1.0,1.0,0.99,0.98,0.98,0.98
632,1.0,1.0,0.98,0.98,0.98,0.98,0.98,0.97,0.96,0.95,0.95,0.95,0.95
633,0.9691488537703568,0.9691488537703568,0.9691488537703568,0.9491488537703567,0.9591488537703567,0.9791488537703568,0.9691488537703568,0.9691488537703568,0.9591488537703567,0.9591488537703567,0.9891488537703568,0.9891488537703568,0.9891488537703568
634,0.9500135321946714,0.9200135321946714,0.9300135321946714,0.9300135321946714,0.9300135321946714,0.9400135321946714,0.9400135321946714,0.9400135321946714,0.9400135321946714,0.9300135321946714,0.9300135321946714,0.9200135321946714,0.9300135321946714
635,0.9481842214100324,0.9481842214100324,0.9481842214100324,0.9481842214100324,0.9781842214100325,0.9781842214100325,0.9781842214100325,0.9681842214100325,0.9581842214100325,0.9681842214100325,0.9881842214100325,0.9881842214100325,0.9831842214100325
636,0.9396728435704399,0.9596728435704399,0.9596728435704399,0.9596728435704399,0.9696728435704399,0.9696728435704399,0.9596728435704399,0.9496728435704399,0.9696728435704399,0.9796728435704399,0.9696728435704399,0.9596728435704399,0.9346728435704399
637,0.9594742530055069,0.9594742530055069,0.9594742530055069,0.9594742530055069,0.9494742530055069,0.9694742530055069,0.9694742530055069,0.9694742530055069,0.979474253005507,0.979474253005507,0.979474253005507,0.979474253005507,0.9594742530055069
638,0.9889522542240299,0.9889522542240299,1.0,0.99,0.99,0.99,0.97,0.96,0.98,0.99,0.99,0.99,0.99
639,1.0,1.0,1.0,0.99,0.99,1.0,0.99,0.99,1.0,0.99,0.98,0.97,0.97
640,0.9116852267170307,0.9216852267170307,0.9216852267170307,0.9216852267170307,0.9316852267170307,0.9216852267170307,0.9216852267170307,0.9216852267170307,0.9216852267170307,0.9216852267170307,0.9316852267170307,0.9216852267170307,0.9116852267170307
641,0.9101153838726819,0.9101153838726819,0.9101153838726819,0.8701153838726818,0.8751153838726818,0.8751153838726818,0.8851153838726818,0.8851153838726818,0.8851153838726818,0.8851153838726818,0.9051153838726819,0.9051153838726819,0.9051153838726819
642,0.9574385151224475,0.9674385151224475,0.9874385151224475,0.9724385151224475,0.9924385151224475,0.9624385151224475,0.9624385151224475,0.9524385151224475,0.9624385151224475,0.9824385151224475,0.9624385151224475,0.9524385151224475,0.9524385151224475
643,0.9138180883700385,0.9138180883700385,0.9038180883700385,0.9138180883700385,0.9038180883700385,0.9138180883700385,0.9038180883700385,0.8938180883700385,0.8938180883700385,0.8938180883700385,0.9038180883700385,0.8838180883700385,0.8938180883700385
644,0.8821096366651353,0.8521096366651353,0.8521096366651353,0.8821096366651353,0.8721096366651353,0.8721096366651353,0.8721096366651353,0.8721096366651353,0.8821096366651353,0.8821096366651353,0.8821096366651353,0.8721096366651353,0.8621096366651353
645,0.9353143832801917,0.9153143832801917,0.9153143832801917,0.9153143832801917,0.9053143832801916,0.9053143832801916,0.9203143832801917,0.9503143832801917,0.9403143832801917,0.9403143832801917,0.9203143832801917,0.9103143832801917,0.9003143832801916
646,0.9569380802340762,0.9669380802340762,0.9669380802340762,0.9769380802340762,0.9769380802340762,0.9969380802340763,0.9969380802340763,0.9919380802340763,0.9719380802340762,0.9719380802340762,0.9619380802340762,0.9619380802340762,0.9619380802340762
647,0.9293027154070019,0.949302715407002,0.9393027154070019,0.9293027154070019,0.9293027154070019,0.949302715407002,0.959302715407002,0.959302715407002,0.9393027154070019,0.9393027154070019,0.9293027154070019,0.9293027154070019,0.9393027154070019
648,0.9541794933142123,0.9441794933142122,0.9441794933142122,0.9441794933142122,0.9441794933142122,0.9441794933142122,0.9241794933142122,0.9141794933142122,0.9241794933142122,0.9141794933142122,0.9141794933142122,0.9241794933142122,0.9241794933142122
649,0.8703894135953538,0.8703894135953538,0.8703894135953538,0.8603894135953538,0.8503894135953538,0.8753894135953538,0.8753894135953538,0.8753894135953538,0.8853894135953538,0.8853894135953538,0.8753894135953538,0.8853894135953538,0.9053894135953539
650,0.9134953033795935,0.9334953033795935,0.9334953033795935,0.9234953033795935,0.9234953033795935,0.9534953033795935,0.9534953033795935,0.9534953033795935,0.9534953033795935,0.9534953033795935,0.9534953033795935,0.9534953033795935,0.9534953033795935
651,0.964215342289351,0.944215342289351,0.944215342289351,0.944215342289351,0.924215342289351,0.929215342289351,0.939215342289351,0.939215342289351,0.949215342289351,0.959215342289351,0.969215342289351,0.959215342289351,0.959215342289351
652,0.9713777074007433,0.9813777074007433,0.9813777074007433,0.9713777074007433,0.9813777074007433,0.9913777074007433,0.9913777074007433,0.9913777074007433,0.9913777074007433,0.9913777074007433,0.9913777074007433,1.0,1.0
653,0.9960875871871018,0.9960875871871018,0.9960875871871018,0.9960875871871018,0.9960875871871018,0.9960875871871018,0.9960875871871018,0.9960875871871018,1.0,1.0,0.99,0.99,0.98
654,0.922124556932584,0.932124556932584,0.942124556932584,0.942124556932584,0.942124556932584,0.962124556932584,0.962124556932584,0.957124556932584,0.957124556932584,0.947124556932584,0.957124556932584,0.947124556932584,0.957124556932584
655,0.9281867472969867,0.9281867472969867,0.9581867472969867,0.9481867472969867,0.9481867472969867,0.9581867472969867,0.9681867472969867,0.9581867472969867,0.9481867472969867,0.9581867472969867,0.9681867472969867,0.9631867472969867,0.9531867472969867
656,0.9945459941263433,0.9845459941263432,0.9845459941263432,0.9945459941263433,0.9945459941263433,0.9945459941263433,0.9945459941263433,0.9845459941263432,0.9945459941263433,0.9845459941263432,0.9945459941263433,0.9945459941263433,0.9745459941263432
657,0.8705804455695396,0.8505804455695396,0.8505804455695396,0.8505804455695396,0.8505804455695396,0.8505804455695396,0.8405804455695396,0.8405804455695396,0.8555804455695396,0.8655804455695396,0.8655804455695396,0.8655804455695396,0.8655804455695396
658,0.9725323513924862,0.9725323513924862,0.9725323513924862,0.9525323513924862,0.9825323513924862,1.0,0.99,0.965,0.945,0.965,0.965,0.965,0.985
659,0.8777874221804731,0.8977874221804731,0.8977874221804731,0.8977874221804731,0.8877874221804731,0.8877874221804731,0.8677874221804731,0.8677874221804731,0.8777874221804731,0.8977874221804731,0.9077874221804731,0.9077874221804731,0.9177874221804732
660,0.9447426577688794,0.9447426577688794,0.9247426577688794,0.9247426577688794,0.9347426577688794,0.9547426577688795,0.9447426577688794,0.9547426577688795,0.9547426577688795,0.9547426577688795,0.9647426577688795,0.9747426577688795,0.9747426577688795
661,0.9366126084206795,0.9266126084206795,0.9266126084206795,0.9266126084206795,0.9266126084206795,0.9166126084206795,0.9166126084206795,0.9066126084206795,0.9066126084206795,0.9066126084206795,0.9216126084206795,0.9116126084206795,0.9116126084206795
662,0.9380662136514305,0.9380662136514305,0.9480662136514305,0.9380662136514305,0.9380662136514305,0.9380662136514305,0.9380662136514305,0.9380662136514305,0.9380662136514305,0.9380662136514305,0.9480662136514305,0.9380662136514305,0.9380662136514305
663,0.9088893300375358,0.9088893300375358,0.9088893300375358,0.9088893300375358,0.9088893300375358,0.9088893300375358,0.8888893300375358,0.8888893300375358,0.8888893300375358,0.8888893300375358,0.8888893300375358,0.8788893300375358,0.8788893300375358
664,0.9080033058707975,0.8980033058707975,0.8980033058707975,0.9180033058707975,0.9180033058707975,0.9180033058707975,0.8980033058707975,0.9080033058707975,0.8880033058707975,0.9080033058707975,0.8880033058707975,0.8880033058707975,0.8680033058707974
665,0.9843889296014915,0.9743889296014915,0.9743889296014915,0.9843889296014915,0.9843889296014915,0.9743889296014915,0.9743889296014915,0.9843889296014915,0.9943889296014915,1.0,1.0,0.97,0.97
666,0.9747021229195986,0.9847021229195986,1.0,1.0,1.0,0.99,0.98,0.98,0.98,0.98,0.97,0.97,0.97
667,0.9770755782045563,0.9670755782045563,0.9670755782045563,0.9670755782045563,0.9570755782045562,0.9470755782045562,0.9670755782045563,0.9770755782045563,0.9770755782045563,0.9870755782045563,1.0,1.0,1.0
668,0.9431058397594121,0.9331058397594121,0.9231058397594121,0.9331058397594121,0.9131058397594121,0.9231058397594121,0.9131058397594121,0.9131058397594121,0.9131058397594121,0.9131058397594121,0.9281058397594121,0.9281058397594121,0.9281058397594121
669,0.9669188973796776,0.9669188973796776,0.9869188973796776,0.9469188973796776,0.9469188973796776,0.9369188973796776,0.9369188973796776,0.9369188973796776,0.9269188973796776,0.9319188973796776,0.9319188973796776,0.9419188973796776,0.9319188973796776
670,0.9667171463419442,0.9667171463419442,0.9867171463419442,0.9967171463419442,0.9967171463419442,0.9967171463419442,0.9817171463419442,0.9817171463419442,0.9617171463419442,0.9617171463419442,0.9617171463419442,0.9417171463419441,0.9217171463419441
671,1.0,1.0,1.0,1.0,0.985,0.995,0.995,1.0,1.0,1.0,0.99,0.98,0.99
672,0.8567093241181508,0.8567093241181508,0.8567093241181508,0.8567093241181508,0.8667093241181508,0.8467093241181508,0.8467093241181508,0.8467093241181508,0.8267093241181508,0.8267093241181508,0.8417093241181508,0.8717093241181508,0.8717093241181508
673,0.9070620000723288,0.9170620000723289,0.9270620000723289,0.9470620000723289,0.9420620000723289,0.9420620000723289,0.9420620000723289,0.9420620000723289,0.9220620000723289,0.9220620000723289,0.9120620000723288,0.9120620000723288,0.9220620000723289
674,0.9607301268819699,0.9607301268819699,0.9607301268819699,1.0,1.0,1.0,1.0,1.0,1.0,1.0,0.98,0.99,0.99
675,1.0,1.0,1.0,0.99,0.99,1.0,1.0,0.98,0.98,0.99,1.0,0.995,0.995
676,0.929882094407158,0.929882094407158,0.929882094407158,0.909882094407158,0.909882094407158,0.909882094407158,0.929882094407158,0.929882094407158,0.919882094407158,0.919882094407158,0.929882094407158,0.929882094407158,0.929882094407158
677,1.0,1.0,1.0,1.0,1.0,1.0,1.0,1.0,0.99,1.0,0.985,0.985,0.995
678,0.9575771850262336,0.9375771850262336,0.9375771850262336,0.9375771850262336,0.9575771850262336,0.9575771850262336,0.9575771850262336,0.9675771850262336,0.9775771850262336,0.9775771850262336,0.9875771850262336,0.9775771850262336,0.9775771850262336
679,0.9160136349798578,0.9160136349798578,0.9060136349798578,0.9160136349798578,0.9160136349798578,0.9160136349798578,0.9160136349798578,0.9260136349798578,0.8910136349798577,0.8810136349798577,0.8810136349798577,0.8710136349798577,0.8710136349798577
680,0.9504067116247399,0.9504067116247399,0.9604067116247399,0.9404067116247399,0.9404067116247399,0.9404067116247399,0.9404067116247399,0.9504067116247399,0.9504067116247399,0.9504067116247399,0.9504067116247399,0.9504067116247399,0.9504067116247399
681,0.9220784866695125,0.9220784866695125,0.9320784866695125,0.9320784866695125,0.9320784866695125,0.9220784866695125,0.9220784866695125,0.9120784866695125,0.9120784866695125,0.9120784866695125,0.9020784866695125,0.9020784866695125,0.9020784866695125
682,0.8917031090123183,0.8817031090123183,0.8917031090123183,0.8917031090123183,0.8917031090123183,0.9017031090123183,0.9017031090123183,0.9117031090123183,0.9117031090123183,0.9117031090123183,0.9117031090123183,0.8917031090123183,0.8817031090123183
683,0.9374608834578799,0.9274608834578799,0.9274608834578799,0.9274608834578799,0.9274608834578799,0.9174608834578799,0.9574608834578799,0.9574608834578799,0.96746088345788,0.96746088345788,0.9574608834578799,0.9574608834578799,0.9574608834578799
684,0.8861375502915194,0.8761375502915194,0.8861375502915194,0.8761375502915194,0.8761375502915194,0.8661375502915194,0.8661375502915194,0.8861375502915194,0.8861375502915194,0.8861375502915194,0.8861375502915194,0.8761375502915194,0.8661375502915194
685,1.0,1.0,1.0,0.99,1.0,0.99,0.99,0.97,0.98,0.99,0.98,0.98,0.97
686,0.9308463905110792,0.9308463905110792,0.9308463905110792,0.9308463905110792,0.9108463905110792,0.9108463905110792,0.9008463905110792,0.9108463905110792,0.9108463905110792,0.9108463905110792,0.9108463905110792,0.9208463905110792,0.9408463905110792
687,0.9454105679466785,0.9354105679466785,0.9254105679466785,0.9254105679466785,0.9254105679466785,0.9354105679466785,0.9254105679466785,0.9254105679466785,0.9154105679466785,0.9154105679466785,0.9054105679466785,0.9054105679466785,0.9054105679466785
688,0.9570112803411225,0.9670112803411225,0.9670112803411225,0.9670112803411225,0.9270112803411225,0.9170112803411224,0.9220112803411225,0.9320112803411225,0.9320112803411225,0.9220112803411225,0.9220112803411225,0.9320112803411225,0.9320112803411225
689,0.903509407628663,0.903509407628663,0.9135094076286631,0.903509407628663,0.903509407628663,0.903509407628663,0.893509407628663,0.883509407628663,0.873509407628663,0.873509407628663,0.873509407628663,0.883509407628663,0.873509407628663
690,0.9501271896307192,0.9601271896307192,0.9601271896307192,0.9601271896307192,0.9601271896307192,0.9601271896307192,0.9601271896307192,0.9601271896307192,0.9601271896307192,0.9501271896307192,0.9501271896307192,0.9501271896307192,0.9501271896307192
691,0.9536854697220453,0.9536854697220453,0.9536854697220453,0.9536854697220453,0.9536854697220453,0.9436854697220453,0.9536854697220453,0.9636854697220453,0.9636854697220453,0.9636854697220453,0.9436854697220453,0.9336854697220452,0.9436854697220453
692,0.9295007682648633,0.9295007682648633,0.9195007682648633,0.9095007682648633,0.8995007682648632,0.8995007682648632,0.8995007682648632,0.8895007682648632,0.8945007682648632,0.8945007682648632,0.9045007682648633,0.9245007682648633,0.9245007682648633
693,0.8957374364765132,0.8957374364765132,0.9057374364765132,0.9057374364765132,0.9057374364765132,0.9257374364765132,0.9257374364765132,0.9257374364765132,0.9157374364765132,0.9357374364765132,0.9307374364765132,0.9307374364765132,0.9307374364765132
694,0.9631988626028889,0.9631988626028889,0.9631988626028889,0.9631988626028889,0.9731988626028889,0.9731988626028889,0.9531988626028889,0.9431988626028889,0.9431988626028889,0.9931988626028889,0.9931988626028889,1.0,0.99
695,0.8891551294141686,0.8891551294141686,0.9091551294141687,0.9091551294141687,0.9291551294141687,0.9191551294141687,0.9191551294141687,0.9041551294141686,0.9041551294141686,0.9041551294141686,0.9041551294141686,0.8841551294141686,0.8841551294141686
696,0.9179820435780005,0.8979820435780005,0.8979820435780005,0.8779820435780005,0.8779820435780005,0.8879820435780005,0.9079820435780005,0.8979820435780005,0.9079820435780005,0.9079820435780005,0.9079820435780005,0.9079820435780005,0.9179820435780005
697,0.9503006265116486,0.9303006265116486,0.9203006265116486,0.9203006265116486,0.9503006265116486,0.9503006265116486,0.9703006265116486,0.9303006265116486,0.9403006265116486,0.9403006265116486,0.9303006265116486,0.9403006265116486,0.9303006265116486
698,0.9030699584830572,0.9230699584830572,0.9230699584830572,0.9430699584830572,0.9430699584830572,0.9430699584830572,0.9380699584830572,0.9280699584830572,0.9080699584830572,0.9080699584830572,0.9080699584830572,0.9080699584830572,0.8780699584830571
699,0.9110344533388332,0.9210344533388332,0.9210344533388332,0.9310344533388332,0.9310344533388332,0.9310344533388332,0.9510344533388332,0.9510344533388332,0.9510344533388332,0.9510344533388332,0.9510344533388332,0.9410344533388332,0.9410344533388332
700,0.956421737297549,0.986421737297549,0.966421737297549,0.956421737297549,0.956421737297549,0.926421737297549,0.926421737297549,0.926421737297549,0.926421737297549,0.946421737297549,0.946421737297549,0.956421737297549,0.956421737297549
701,0.9475189294507573,0.9375189294507573,0.9375189294507573,0.9375189294507573,0.9375189294507573,0.9475189294507573,0.9575189294507573,0.9575189294507573,0.9575189294507573,0.9875189294507574,0.9675189294507573,0.9875189294507574,0.9825189294507574
702,0.9379824807132797,0.9579824807132797,0.9329824807132797,0.9429824807132797,0.9429824807132797,0.9529824807132797,0.9429824807132797,0.9229824807132797,0.9129824807132797,0.9229824807132797,0.9329824807132797,0.9329824807132797,0.9029824807132797
703,0.8986497351064832,0.8986497351064832,0.8986497351064832,0.8786497351064831,0.8786497351064831,0.8786497351064831,0.8786497351064831,0.8786497351064831,0.8886497351064832,0.8886497351064832,0.8586497351064831,0.8586497351064831,0.8786497351064831
704,0.9488274930153422,0.9188274930153422,0.9188274930153422,0.9388274930153422,0.9388274930153422,0.9588274930153422,0.9488274930153422,0.9488274930153422,0.9788274930153422,0.9788274930153422,0.9888274930153422,0.9838274930153422,0.9838274930153422
705,0.9724644487039114,0.9724644487039114,0.9624644487039113,0.9724644487039114,0.9624644487039113,0.9724644487039114,0.9824644487039114,1.0,1.0,0.99,0.99,0.99,0.98
706,0.9472840067678975,0.9472840067678975,0.9672840067678975,0.9672840067678975,0.9672840067678975,0.9422840067678975,0.9622840067678975,0.9722840067678975,0.9622840067678975,0.9622840067678975,0.9422840067678975,0.9622840067678975,0.9522840067678975
707,0.9274563877762022,0.9374563877762022,0.9374563877762022,0.9474563877762022,0.9474563877762022,0.9374563877762022,0.9374563877762022,0.9374563877762022,0.9474563877762022,0.9474563877762022,0.9374563877762022,0.9174563877762022,0.9174563877762022
708,0.8855684321797439,0.8855684321797439,0.9055684321797439,0.8955684321797439,0.8955684321797439,0.8955684321797439,0.8955684321797439,0.8855684321797439,0.8755684321797439,0.8955684321797439,0.9155684321797439,0.9155684321797439,0.9155684321797439
709,0.9391311457193803,0.9491311457193803,0.9491311457193803,0.9191311457193803,0.9191311457193803,0.9191311457193803,0.9291311457193803,0.9491311457193803,0.9691311457193803,0.9691311457193803,0.9591311457193803,0.9591311457193803,0.9791311457193803
710,0.8626875343847032,0.8526875343847032,0.8326875343847032,0.8326875343847032,0.8726875343847033,0.8626875343847032,0.8726875343847033,0.8626875343847032,0.8526875343847032,0.8526875343847032,0.8626875343847032,0.8226875343847032,0.8276875343847032
711,1.0,1.0,1.0,0.99,1.0,1.0,1.0,1.0,1.0,1.0,0.99,0.99,0.99
712,0.9313086148163139,0.9313086148163139,0.9213086148163139,0.9313086148163139,0.9313086148163139,0.9413086148163139,0.9413086148163139,0.9413086148163139,0.9313086148163139,0.9313086148163139,0.9513086148163139,0.9513086148163139,0.9513086148163139
713,0.9165792708450278,0.9065792708450278,0.8865792708450277,0.8865792708450277,0.9015792708450278,0.9215792708450278,0.9115792708450278,0.8915792708450277,0.8815792708450277,0.8915792708450277,0.9015792708450278,0.9215792708450278,0.9215792708450278
714,0.9399108925300126,0.9399108925300126,0.9399108925300126,0.9499108925300126,0.9399108925300126,0.9499108925300126,0.9399108925300126,0.9499108925300126,0.9499108925300126,0.9499108925300126,0.9599108925300126,0.9599108925300126,0.9799108925300126
715,0.8909658590805069,0.8809658590805068,0.8809658590805068,0.8809658590805068,0.8909658590805069,0.8809658590805068,0.8809658590805068,0.8809658590805068,0.8809658590805068,0.8809658590805068,0.8909658590805069,0.8909658590805069,0.9009658590805069
716,0.9558320407677814,0.9658320407677814,0.9558320407677814,0.9558320407677814,0.9658320407677814,0.9658320407677814,0.9358320407677814,0.9358320407677814,0.9658320407677814,0.9458320407677814,0.9658320407677814,0.9758320407677814,0.9858320407677814
717,0.9949948452901783,0.9949948452901783,0.9849948452901783,0.9849948452901783,0.9849948452901783,0.9749948452901783,0.9749948452901783,0.9749948452901783,0.9999948452901783,0.9899948452901783,0.9599948452901783,0.9699948452901783,0.9699948452901783
718,0.932867740449187,0.9028677404491869,0.912867740449187,0.9028677404491869,0.9028677404491869,0.9028677404491869,0.8928677404491869,0.8978677404491869,0.9078677404491869,0.9078677404491869,0.8978677404491869,0.8978677404491869,0.917867740449187
719,0.9334145820103453,0.9434145820103453,0.9434145820103453,0.9334145820103453,0.9434145820103453,0.9534145820103453,0.9634145820103454,0.9634145820103454,0.9634145820103454,0.9484145820103453,0.9484145820103453,0.9384145820103453,0.9384145820103453
720,0.9414995238125274,0.9314995238125274,0.9314995238125274,0.9314995238125274,0.9314995238125274,0.9614995238125275,0.9414995238125274,0.9414995238125274,0.9414995238125274,0.9214995238125274,0.9314995238125274,0.9214995238125274,0.9014995238125274
721,0.906808011381648,0.906808011381648,0.886808011381648,0.866808011381648,0.866808011381648,0.886808011381648,0.896808011381648,0.906808011381648,0.896808011381648,0.886808011381648,0.886808011381648,0.896808011381648,0.906808011381648
722,0.9824770456001993,0.9824770456001993,1.0,1.0,1.0,1.0,0.99,0.98,0.98,0.97,0.96,0.95,0.9299999999999999
723,0.9292243822676215,0.9392243822676215,0.9392243822676215,0.9492243822676215,0.9492243822676215,0.9492243822676215,0.9242243822676215,0.9042243822676215,0.9242243822676215,0.9242243822676215,0.9342243822676215,0.9342243822676215,0.9542243822676215
724,0.9465707335541494,0.9465707335541494,0.9465707335541494,0.9465707335541494,0.9365707335541494,0.9165707335541494,0.9165707335541494,0.9365707335541494,0.9265707335541494,0.9165707335541494,0.9165707335541494,0.9165707335541494,0.9315707335541494
725,0.8868721671681833,0.8868721671681833,0.8868721671681833,0.8768721671681833,0.8668721671681833,0.8668721671681833,0.8668721671681833,0.8568721671681833,0.8968721671681833,0.8968721671681833,0.9068721671681833,0.9168721671681833,0.9168721671681833
726,0.9716459599558622,0.9916459599558622,0.9916459599558622,0.9816459599558622,0.9816459599558622,0.9816459599558622,0.9816459599558622,0.9716459599558622,0.9616459599558622,0.9516459599558622,0.9516459599558622,0.9616459599558622,0.9966459599558622
727,0.9164759765623676,0.9164759765623676,0.9164759765623676,0.9164759765623676,0.9264759765623676,0.9264759765623676,0.9364759765623676,0.9364759765623676,0.9364759765623676,0.9364759765623676,0.9364759765623676,0.9114759765623676,0.8814759765623675
728,0.8959447681282562,0.8959447681282562,0.8959447681282562,0.9059447681282562,0.9059447681282562,0.8859447681282562,0.8859447681282562,0.8759447681282562,0.8859447681282562,0.8859447681282562,0.8959447681282562,0.8959447681282562,0.8959447681282562
729,0.9161930123799442,0.9161930123799442,0.9161930123799442,0.9061930123799442,0.8961930123799442,0.9161930123799442,0.9161930123799442,0.8961930123799442,0.9061930123799442,0.9061930123799442,0.8961930123799442,0.8961930123799442,0.8861930123799442
730,0.9485793253144065,0.9485793253144065,0.9585793253144065,0.9585793253144065,0.9485793253144065,0.9585793253144065,0.9485793253144065,0.9485793253144065,0.9385793253144065,0.9285793253144065,0.9185793253144064,0.9335793253144065,0.9435793253144065
731,0.9458598339315653,0.9458598339315653,0.9458598339315653,0.9158598339315652,0.9158598339315652,0.9358598339315652,0.9458598339315653,0.9458598339315653,0.9258598339315652,0.9258598339315652,0.9258598339315652,0.9508598339315653,0.9508598339315653
732,0.9677904004764694,0.9577904004764694,0.9677904004764694,0.9577904004764694,0.9577904004764694,0.9777904004764694,0.9777904004764694,0.9877904004764694,0.9877904004764694,0.9777904004764694,0.9577904004764694,0.9477904004764693,0.9477904004764693
733,0.9552178671378911,0.9652178671378912,0.9552178671378911,0.9652178671378912,0.9852178671378912,0.9952178671378912,0.9952178671378912,0.9952178671378912,0.9652178671378912,0.9652178671378912,0.9652178671378912,0.9652178671378912,0.9652178671378912
734,0.9107864170753767,0.9107864170753767,0.9007864170753767,0.9107864170753767,0.8907864170753766,0.8807864170753766,0.8807864170753766,0.8907864170753766,0.9007864170753767,0.9107864170753767,0.9207864170753767,0.9307864170753767,0.9307864170753767
735,0.9451006342761181,0.9551006342761181,0.9551006342761181,0.9651006342761181,0.9551006342761181,0.9251006342761181,0.9151006342761181,0.9151006342761181,0.9051006342761181,0.9051006342761181,0.9151006342761181,0.9251006342761181,0.9551006342761181
736,0.8988246897867405,0.8988246897867405,0.8988246897867405,0.8988246897867405,0.9088246897867405,0.9088246897867405,0.9088246897867405,0.9288246897867405,0.9188246897867405,0.9088246897867405,0.9088246897867405,0.9088246897867405,0.8888246897867405
737,0.9065391717439321,0.896539171743932,0.896539171743932,0.9065391717439321,0.896539171743932,0.9065391717439321,0.9065391717439321,0.886539171743932,0.886539171743932,0.9065391717439321,0.896539171743932,0.896539171743932,0.896539171743932
738,0.8978280087014203,0.9078280087014203,0.9178280087014203,0.9178280087014203,0.8878280087014203,0.8778280087014203,0.9078280087014203,0.9178280087014203,0.9178280087014203,0.9178280087014203,0.9178280087014203,0.9178280087014203,0.9178280087014203
739,0.9676582570258017,0.9776582570258017,0.9776582570258017,0.9776582570258017,0.9676582570258017,0.9676582570258017,0.9476582570258016,0.9476582570258016,0.9776582570258017,0.9776582570258017,0.9876582570258017,0.9876582570258017,1.0
740,0.9505099070688404,0.9705099070688404,0.9705099070688404,0.9805099070688404,0.9805099070688404,0.9905099070688405,0.9855099070688405,0.9755099070688404,0.9655099070688404,0.9855099070688405,0.9855099070688405,0.9855099070688405,0.9855099070688405
741,1.0,1.0,0.99,0.99,0.99,1.0,1.0,0.99,1.0,0.99,0.99,0.98,0.99
742,0.9279570768443439,0.9379570768443439,0.9279570768443439,0.9079570768443439,0.9079570768443439,0.9079570768443439,0.8979570768443439,0.9079570768443439,0.9079570768443439,0.9179570768443439,0.9179570768443439,0.9079570768443439,0.9079570768443439
743,0.9268918943238763,0.9368918943238763,0.9468918943238763,0.9468918943238763,0.9468918943238763,0.9468918943238763,0.9668918943238763,0.9668918943238763,0.9568918943238763,0.9568918943238763,0.9418918943238763,0.9418918943238763,0.9418918943238763
744,0.9540123725543214,0.9440123725543214,0.9440123725543214,0.9140123725543213,0.9190123725543213,0.9190123725543213,0.9190123725543213,0.9290123725543213,0.9290123725543213,0.9590123725543214,0.9590123725543214,0.9590123725543214,0.9690123725543214
745,0.9467937480847385,0.9267937480847385,0.9267937480847385,0.9267937480847385,0.9267937480847385,0.9267937480847385,0.9267937480847385,0.9367937480847385,0.9467937480847385,0.9367937480847385,0.9467937480847385,0.9567937480847385,0.9767937480847385
746,0.9467890567853036,0.9467890567853036,0.9467890567853036,0.9467890567853036,0.9567890567853036,0.9467890567853036,0.9367890567853036,0.9367890567853036,0.9267890567853035,0.9267890567853035,0.9367890567853036,0.9267890567853035,0.9267890567853035
747,0.9415194606129293,0.9615194606129294,0.9715194606129294,0.9715194606129294,0.9715194606129294,0.9615194606129294,0.9515194606129294,0.9515194606129294,0.9415194606129293,0.9415194606129293,0.9415194606129293,0.9315194606129293,0.9315194606129293
748,0.9101125750118512,0.9101125750118512,0.9101125750118512,0.9101125750118512,0.8901125750118511,0.9001125750118512,0.9001125750118512,0.9201125750118512,0.9301125750118512,0.9201125750118512,0.9201125750118512,0.9201125750118512,0.9301125750118512
749,0.9230653632494752,0.9230653632494752,0.9330653632494752,0.9230653632494752,0.9430653632494752,0.9430653632494752,0.9430653632494752,0.9530653632494752,0.9530653632494752,0.9530653632494752,0.9630653632494752,0.9630653632494752,0.9630653632494752
750,0.9617989977618943,0.9617989977618943,0.9617989977618943,0.9617989977618943,0.9717989977618943,0.9417989977618942,0.9317989977618942,0.9317989977618942,0.9317989977618942,0.9217989977618942,0.9217989977618942,0.9217989977618942,0.9217989977618942
751,0.988018742842087,0.988018742842087,0.978018742842087,0.988018742842087,0.978018742842087,1.0,1.0,1.0,0.99,1.0,1.0,0.995,0.985
752,0.9013253995768666,0.9313253995768667,0.9313253995768667,0.9163253995768667,0.9463253995768667,0.9363253995768667,0.9363253995768667,0.9363253995768667,0.9263253995768667,0.9063253995768666,0.8963253995768666,0.9263253995768667,0.9163253995768667
753,0.939471319568713,0.939471319568713,0.939471319568713,0.929471319568713,0.959471319568713,0.979471319568713,0.969471319568713,0.969471319568713,0.979471319568713,0.959471319568713,0.969471319568713,0.969471319568713,0.969471319568713
754,0.9802829593063802,0.9802829593063802,0.9802829593063802,0.9802829593063802,0.9902829593063802,0.9802829593063802,0.9602829593063802,0.9602829593063802,0.9852829593063802,0.9652829593063802,0.9752829593063802,0.9752829593063802,0.9552829593063802
755,0.9515380635371937,0.9515380635371937,0.9515380635371937,0.9615380635371937,0.9615380635371937,0.9615380635371937,0.9615380635371937,0.9515380635371937,0.9515380635371937,0.9615380635371937,0.9615380635371937,0.9615380635371937,0.9615380635371937
756,1.0,1.0,0.99,0.99,0.98,0.98,0.97,0.97,0.96,0.96,0.95,0.94,0.94
757,0.9557729665788792,0.9557729665788792,0.9557729665788792,0.9457729665788792,0.9357729665788792,0.9357729665788792,0.9357729665788792,0.9157729665788792,0.9157729665788792,0.9157729665788792,0.9157729665788792,0.9207729665788792,0.9407729665788792
758,0.9408253939609591,0.9508253939609591,0.9608253939609591,0.9608253939609591,0.9608253939609591,0.9708253939609591,0.9808253939609591,0.9808253939609591,0.9808253939609591,0.9808253939609591,0.9758253939609591,0.9658253939609591,0.9758253939609591
759,0.9644022354605429,0.984402235460543,0.994402235460543,0.994402235460543,0.984402235460543,0.984402235460543,0.984402235460543,0.9744022354605429,0.994402235460543,1.0,0.995,0.995,0.995
760,0.8954994245520113,0.8954994245520113,0.8854994245520112,0.8654994245520112,0.8854994245520112,0.8854994245520112,0.8854994245520112,0.9054994245520113,0.9054994245520113,0.9054994245520113,0.9154994245520113,0.9154994245520113,0.9154994245520113
761,0.9311314698144908,0.9411314698144908,0.9211314698144908,0.9311314698144908,0.9311314698144908,0.9311314698144908,0.9411314698144908,0.9611314698144908,0.9611314698144908,0.9461314698144908,0.9461314698144908,0.9461314698144908,0.9461314698144908
762,1.0,1.0,1.0,0.99,0.99,0.99,1.0,0.97,0.995,1.0,0.98,0.98,0.98
763,0.9395389013090806,0.9395389013090806,0.9195389013090806,0.9095389013090805,0.9095389013090805,0.9095389013090805,0.8995389013090805,0.8995389013090805,0.9195389013090806,0.9195389013090806,0.9295389013090806,0.9195389013090806,0.9195389013090806
764,0.8650935766786267,0.8650935766786267,0.8850935766786268,0.8950935766786268,0.8850935766786268,0.8850935766786268,0.8750935766786268,0.8950935766786268,0.8850935766786268,0.8750935766786268,0.8650935766786267,0.8850935766786268,0.8950935766786268
765,0.877171879467268,0.887171879467268,0.9071718794672681,0.9071718794672681,0.9071718794672681,0.8921718794672681,0.8921718794672681,0.872171879467268,0.852171879467268,0.842171879467268,0.852171879467268,0.862171879467268,0.852171879467268
766,0.951618980681658,0.951618980681658,0.951618980681658,0.961618980681658,0.951618980681658,0.951618980681658,0.951618980681658,0.991618980681658,0.991618980681658,0.991618980681658,0.991618980681658,0.991618980681658,0.991618980681658
767,0.908892393652732,0.898892393652732,0.878892393652732,0.878892393652732,0.878892393652732,0.893892393652732,0.893892393652732,0.903892393652732,0.903892393652732,0.913892393652732,0.923892393652732,0.933892393652732,0.933892393652732
768,0.9733228178268168,0.9733228178268168,0.9333228178268168,0.9383228178268168,0.9383228178268168,0.9583228178268168,0.9483228178268168,0.9483228178268168,0.9483228178268168,0.9483228178268168,0.9483228178268168,0.9483228178268168,0.9483228178268168
769,0.9049516660987584,0.9149516660987584,0.9249516660987585,0.9449516660987585,0.9349516660987585,0.9249516660987585,0.9249516660987585,0.9349516660987585,0.9449516660987585,0.9449516660987585,0.9449516660987585,0.9449516660987585,0.9399516660987585
770,0.9420364171282155,0.9620364171282155,0.9720364171282155,0.9720364171282155,0.9720364171282155,0.9820364171282155,0.9820364171282155,0.9770364171282155,0.9470364171282155,0.9470364171282155,0.9670364171282155,0.9470364171282155,0.9470364171282155
771,0.985634438316696,0.9756344383166959,0.9556344383166959,0.9556344383166959,0.9556344383166959,0.9656344383166959,0.9656344383166959,0.990634438316696,1.0,1.0,0.99,1.0,1.0
772,0.9356116340667151,0.9456116340667151,0.9256116340667151,0.9156116340667151,0.9156116340667151,0.9056116340667151,0.9056116340667151,0.9206116340667151,0.9206116340667151,0.9206116340667151,0.9206116340667151,0.9206116340667151,0.9306116340667151
773,0.9271715129370722,0.9271715129370722,0.9271715129370722,0.9071715129370722,0.9171715129370722,0.9071715129370722,0.9071715129370722,0.8971715129370722,0.8971715129370722,0.9071715129370722,0.9171715129370722,0.9071715129370722,0.9071715129370722
774,0.9677095615966745,0.9677095615966745,0.9677095615966745,0.9677095615966745,0.9677095615966745,0.9677095615966745,0.9777095615966745,0.9577095615966745,0.9677095615966745,0.9677095615966745,0.9677095615966745,0.9777095615966745,0.9777095615966745
775,1.0,1.0,1.0,1.0,0.99,1.0,0.99,0.99,0.99,1.0,0.99,0.99,1.0
776,0.9852774465578458,0.9952774465578458,0.9952774465578458,0.9752774465578458,0.9752774465578458,0.9752774465578458,0.9852774465578458,0.9752774465578458,0.9752774465578458,0.9552774465578457,0.9702774465578458,0.9502774465578457,0.9502774465578457
777,0.9167482176009892,0.9067482176009892,0.9067482176009892,0.8967482176009892,0.8967482176009892,0.8967482176009892,0.9167482176009892,0.9367482176009893,0.9267482176009892,0.9167482176009892,0.9367482176009893,0.9367482176009893,0.9467482176009893
778,0.972619632087664,0.982619632087664,0.992619632087664,0.992619632087664,0.972619632087664,0.982619632087664,0.982619632087664,0.992619632087664,1.0,0.99,1.0,1.0,0.98
779,0.9642943206130591,0.9842943206130591,0.9642943206130591,0.9842943206130591,0.9642943206130591,0.9742943206130591,0.9742943206130591,0.9742943206130591,0.9742943206130591,0.9742943206130591,0.9842943206130591,0.9742943206130591,0.9742943206130591
780,0.9264349057311343,0.9264349057311343,0.9164349057311343,0.9364349057311343,0.9364349057311343,0.9264349057311343,0.9464349057311343,0.9664349057311343,0.9614349057311343,0.9614349057311343,0.9514349057311343,0.9414349057311343,0.9214349057311343
781,0.8848409961555078,0.8948409961555078,0.8948409961555078,0.8948409961555078,0.8948409961555078,0.8948409961555078,0.9048409961555078,0.8848409961555078,0.8748409961555078,0.8748409961555078,0.8648409961555078,0.8648409961555078,0.8648409961555078
782,0.9335756149505701,0.9435756149505701,0.9435756149505701,0.9435756149505701,0.9435756149505701,0.9235756149505701,0.9335756149505701,0.9335756149505701,0.91357561495057,0.91357561495057,0.90357561495057,0.90357561495057,0.91357561495057
783,1.0,1.0,0.98,0.98,0.99,0.96,0.98,0.97,0.96,0.965,0.965,0.975,0.975
784,0.9130022573699395,0.9130022573699395,0.9130022573699395,0.9330022573699395,0.9230022573699395,0.9230022573699395,0.9230022573699395,0.9230022573699395,0.9230022573699395,0.9230022573699395,0.9230022573699395,0.9230022573699395,0.9430022573699395
785,0.8272294952112322,0.8272294952112322,0.8172294952112322,0.7972294952112322,0.8172294952112322,0.8172294952112322,0.8272294952112322,0.8272294952112322,0.8272294952112322,0.8272294952112322,0.8072294952112322,0.7872294952112322,0.7922294952112322
786,0.890442802303786,0.900442802303786,0.880442802303786,0.880442802303786,0.880442802303786,0.870442802303786,0.870442802303786,0.870442802303786,0.870442802303786,0.870442802303786,0.870442802303786,0.880442802303786,0.890442802303786
787,0.9406351358524,0.9706351358524,0.9706351358524,0.9706351358524,0.9506351358524,0.9506351358524,0.9306351358524,0.9306351358524,0.9506351358524,0.9506351358524,0.9506351358524,0.9306351358524,0.9306351358524
788,1.0,1.0,1.0,1.0,1.0,0.99,0.97,0.98,0.98,0.95,0.95,0.94,0.965
789,0.9772727155111403,0.9772727155111403,0.9472727155111402,0.9372727155111402,0.9472727155111402,0.9572727155111402,0.9372727155111402,0.9372727155111402,0.9372727155111402,0.9372727155111402,0.9372727155111402,0.9472727155111402,0.9472727155111402
790,0.9460681179760124,0.9460681179760124,0.9660681179760124,0.9660681179760124,0.9560681179760124,0.9460681179760124,0.9460681179760124,0.9460681179760124,0.9560681179760124,0.9560681179760124,0.9760681179760125,0.9760681179760125,0.9760681179760125
791,0.953759344374467,0.963759344374467,0.963759344374467,0.943759344374467,0.943759344374467,0.953759344374467,0.963759344374467,0.963759344374467,0.973759344374467,0.973759344374467,0.948759344374467,0.958759344374467,0.958759344374467
792,0.8712042989162201,0.8712042989162201,0.8712042989162201,0.8612042989162201,0.8612042989162201,0.8912042989162201,0.8912042989162201,0.8912042989162201,0.8812042989162201,0.8712042989162201,0.8512042989162201,0.8412042989162201,0.83120429891622
793,0.8411312465290529,0.8211312465290529,0.8211312465290529,0.8211312465290529,0.8211312465290529,0.8211312465290529,0.8311312465290529,0.8211312465290529,0.8211312465290529,0.8461312465290529,0.8461312465290529,0.8661312465290529,0.8661312465290529
794,0.9851569256399668,0.9851569256399668,0.9851569256399668,0.9851569256399668,0.9851569256399668,0.9951569256399668,0.9951569256399668,0.9951569256399668,1.0,1.0,1.0,1.0,1.0
795,0.9846654172465981,0.974665417246598,0.9946654172465981,0.9946654172465981,0.9946654172465981,0.974665417246598,0.964665417246598,0.964665417246598,0.944665417246598,0.944665417246598,0.944665417246598,0.964665417246598,0.954665417246598
796,0.8310952425250833,0.8210952425250833,0.8410952425250833,0.8610952425250833,0.8610952425250833,0.8410952425250833,0.8310952425250833,0.8310952425250833,0.8410952425250833,0.8510952425250833,0.8610952425250833,0.8460952425250833,0.8460952425250833
797,0.9682174144701307,0.9682174144701307,0.9682174144701307,0.9682174144701307,0.9482174144701306,0.9482174144701306,0.9482174144701306,0.9582174144701306,0.9782174144701307,0.9882174144701307,0.9882174144701307,0.9782174144701307,0.9582174144701306
798,0.9898487103153941,1.0,1.0,0.99,0.99,1.0,0.99,1.0,0.98,0.98,0.98,0.98,0.97
799,0.9449826026794093,0.9349826026794092,0.9349826026794092,0.9349826026794092,0.9349826026794092,0.9549826026794093,0.9749826026794093,0.9749826026794093,0.9849826026794093,0.9799826026794093,0.9599826026794093,0.9599826026794093,0.9499826026794093
800,0.9336454309251275,0.9236454309251275,0.9236454309251275,0.9236454309251275,0.9336454309251275,0.9236454309251275,0.9336454309251275,0.9136454309251275,0.9136454309251275,0.9386454309251275,0.9186454309251275,0.9286454309251275,0.9186454309251275
801,0.8926706045836309,0.8926706045836309,0.8926706045836309,0.8826706045836309,0.8926706045836309,0.9026706045836309,0.9026706045836309,0.8926706045836309,0.8926706045836309,0.9026706045836309,0.9126706045836309,0.9126706045836309,0.9126706045836309
802,0.9343291482435282,0.9343291482435282,0.9343291482435282,0.9343291482435282,0.9243291482435282,0.9243291482435282,0.9143291482435282,0.9043291482435282,0.9193291482435282,0.9393291482435282,0.9393291482435282,0.9493291482435282,0.9493291482435282
803,0.9733936776920882,0.9633936776920882,0.9833936776920882,0.9833936776920882,0.9733936776920882,0.9733936776920882,0.9733936776920882,0.9733936776920882,1.0,1.0,1.0,1.0,0.985
804,0.9236372425636321,0.9136372425636321,0.9136372425636321,0.9336372425636321,0.9336372425636321,0.9236372425636321,0.9436372425636321,0.9636372425636321,0.9436372425636321,0.9436372425636321,0.9336372425636321,0.9436372425636321,0.9436372425636321
805,0.9584287089178778,0.9484287089178778,0.9484287089178778,0.9284287089178778,0.9284287089178778,0.9284287089178778,0.9284287089178778,0.9434287089178778,0.9234287089178778,0.9334287089178778,0.9334287089178778,0.9334287089178778,0.9334287089178778
806,0.8926554817844914,0.8826554817844914,0.8826554817844914,0.8826554817844914,0.8826554817844914,0.8926554817844914,0.8826554817844914,0.8826554817844914,0.8826554817844914,0.8826554817844914,0.8726554817844914,0.8626554817844914,0.8526554817844914
807,0.9535712907133682,0.9535712907133682,0.9335712907133682,0.9435712907133682,0.9635712907133682,0.9735712907133682,0.9635712907133682,0.9635712907133682,0.9935712907133682,0.9935712907133682,0.9935712907133682,0.9885712907133682,0.9785712907133682
808,0.8902248443980401,0.8902248443980401,0.88022484439804,0.8902248443980401,0.9002248443980401,0.9302248443980401,0.9252248443980401,0.9252248443980401,0.9052248443980401,0.9152248443980401,0.9152248443980401,0.9152248443980401,0.9152248443980401
809,0.9745175580061799,0.9645175580061799,0.9845175580061799,0.9745175580061799,0.9745175580061799,0.9845175580061799,0.9845175580061799,0.9545175580061799,0.9545175580061799,0.9445175580061799,0.9445175580061799,0.9445175580061799,0.9595175580061799
810,0.9290625625149872,0.9190625625149872,0.9190625625149872,0.9090625625149872,0.9090625625149872,0.8890625625149872,0.8990625625149872,0.8990625625149872,0.8990625625149872,0.8990625625149872,0.8990625625149872,0.9090625625149872,0.9090625625149872
811,0.8982829558613404,0.8982829558613404,0.9082829558613404,0.9082829558613404,0.9082829558613404,0.9082829558613404,0.9082829558613404,0.9282829558613405,0.9282829558613405,0.9282829558613405,0.9282829558613405,0.9082829558613404,0.8882829558613404
812,0.9240654831248922,0.9240654831248922,0.9240654831248922,0.9240654831248922,0.9440654831248922,0.9540654831248923,0.9440654831248922,0.9340654831248922,0.9440654831248922,0.9140654831248922,0.9140654831248922,0.9240654831248922,0.9240654831248922
813,0.90060794616215,0.91060794616215,0.89060794616215,0.89060794616215,0.90060794616215,0.91060794616215,0.91060794616215,0.94060794616215,0.94060794616215,0.93060794616215,0.93060794616215,0.92060794616215,0.92060794616215
814,0.9219584709663246,0.9319584709663246,0.9319584709663246,0.9419584709663246,0.9419584709663246,0.9419584709663246,0.9319584709663246,0.9319584709663246,0.9319584709663246,0.9319584709663246,0.9219584709663246,0.9319584709663246,0.9319584709663246
815,0.8882209894755024,0.8782209894755024,0.8682209894755024,0.8582209894755024,0.8882209894755024,0.8782209894755024,0.8782209894755024,0.8982209894755024,0.8982209894755024,0.8882209894755024,0.8882209894755024,0.8882209894755024,0.8882209894755024
816,0.9511044831642292,0.9511044831642292,0.9511044831642292,0.9511044831642292,0.9511044831642292,0.9511044831642292,0.9611044831642293,0.9611044831642293,0.9711044831642293,0.9711044831642293,0.9461044831642292,0.9561044831642292,0.9561044831642292
817,0.971352170582373,0.961352170582373,0.961352170582373,0.981352170582373,0.981352170582373,1.0,1.0,1.0,1.0,1.0,1.0,0.99,0.97
818,0.9564768060087291,0.9564768060087291,0.9364768060087291,0.9614768060087291,0.9614768060087291,0.9614768060087291,0.9814768060087291,0.9914768060087291,0.9914768060087291,0.9914768060087291,0.9814768060087291,0.9714768060087291,0.9714768060087291
819,0.9683353208917921,0.9783353208917921,0.9783353208917921,0.9983353208917921,0.9983353208917921,0.9983353208917921,0.9983353208917921,0.9983353208917921,1.0,0.995,0.995,0.995,0.975
820,0.9953176205785687,0.9853176205785686,1.0,1.0,1.0,1.0,0.975,0.995,0.995,0.985,0.975,0.975,0.995
821,0.9266057722993379,0.966605772299338,0.961605772299338,0.951605772299338,0.941605772299338,0.941605772299338,0.961605772299338,0.951605772299338,0.951605772299338,0.9316057722993379,0.941605772299338,0.9216057722993379,0.9216057722993379
822,0.9270911601214757,0.8970911601214757,0.8970911601214757,0.8870911601214757,0.8970911601214757,0.8970911601214757,0.8870911601214757,0.9070911601214757,0.9070911601214757,0.9070911601214757,0.9370911601214758,0.9270911601214757,0.9170911601214757
823,0.950817760482218,0.950817760482218,0.950817760482218,0.950817760482218,0.960817760482218,0.980817760482218,0.990817760482218,0.985817760482218,0.985817760482218,0.975817760482218,0.965817760482218,0.945817760482218,0.955817760482218
824,0.9074932273924935,0.9174932273924935,0.9074932273924935,0.9274932273924935,0.9174932273924935,0.9074932273924935,0.9074932273924935,0.9174932273924935,0.9074932273924935,0.9074932273924935,0.9074932273924935,0.9074932273924935,0.9074932273924935
825,0.9168302480821172,0.9168302480821172,0.9268302480821172,0.9268302480821172,0.9268302480821172,0.9468302480821172,0.9268302480821172,0.9068302480821172,0.9068302480821172,0.9068302480821172,0.9168302480821172,0.9168302480821172,0.9168302480821172
826,1.0,1.0,1.0,1.0,1.0,1.0,1.0,1.0,1.0,1.0,0.99,0.99,0.99
827,0.9252549849472553,0.9152549849472553,0.9452549849472554,0.9452549849472554,0.9452549849472554,0.9552549849472554,0.9452549849472554,0.9352549849472553,0.9352549849472553,0.9152549849472553,0.9152549849472553,0.9152549849472553,0.9152549849472553
828,0.9296774749695125,0.9196774749695125,0.9196774749695125,0.8996774749695124,0.9146774749695125,0.9146774749695125,0.8846774749695124,0.9146774749695125,0.9346774749695125,0.9246774749695125,0.9246774749695125,0.9246774749695125,0.9246774749695125
829,0.8953309614316218,0.9053309614316218,0.8953309614316218,0.8953309614316218,0.8853309614316218,0.8753309614316218,0.8753309614316218,0.8853309614316218,0.8953309614316218,0.9053309614316218,0.9153309614316218,0.8953309614316218,0.8953309614316218
830,0.9322995745027212,0.9322995745027212,0.9322995745027212,0.9322995745027212,0.9322995745027212,0.9322995745027212,0.9322995745027212,0.9322995745027212,0.9222995745027212,0.9422995745027212,0.9622995745027212,0.9622995745027212,0.9722995745027212
831,0.8820139015515271,0.8820139015515271,0.8820139015515271,0.8920139015515272,0.8920139015515272,0.9020139015515272,0.9120139015515272,0.8970139015515272,0.9070139015515272,0.8970139015515272,0.9070139015515272,0.9170139015515272,0.9170139015515272
832,0.9379787537907247,0.9379787537907247,0.9379787537907247,0.9279787537907247,0.9179787537907247,0.9179787537907247,0.9079787537907247,0.9179787537907247,0.9579787537907247,0.9479787537907247,0.9379787537907247,0.9379787537907247,0.9379787537907247
833,0.9148793397074321,0.894879339707432,0.894879339707432,0.884879339707432,0.874879339707432,0.879879339707432,0.879879339707432,0.879879339707432,0.879879339707432,0.879879339707432,0.879879339707432,0.879879339707432,0.879879339707432
834,0.8642323628189073,0.8642323628189073,0.8842323628189073,0.8842323628189073,0.9042323628189073,0.9042323628189073,0.8942323628189073,0.8942323628189073,0.8942323628189073,0.9042323628189073,0.9042323628189073,0.9042323628189073,0.9042323628189073
835,0.8806073156076327,0.8806073156076327,0.8806073156076327,0.8806073156076327,0.8606073156076327,0.8606073156076327,0.8606073156076327,0.8606073156076327,0.8806073156076327,0.8806073156076327,0.8806073156076327,0.8806073156076327,0.8806073156076327
836,0.9550132830853161,0.9350132830853161,0.9350132830853161,0.9350132830853161,0.9450132830853161,0.9350132830853161,0.9350132830853161,0.9450132830853161,0.9550132830853161,0.9550132830853161,0.9650132830853161,0.9550132830853161,0.9450132830853161
837,0.9119242236615042,0.8919242236615041,0.8819242236615041,0.8719242236615041,0.8719242236615041,0.8719242236615041,0.8769242236615041,0.8969242236615041,0.8769242236615041,0.8869242236615041,0.9069242236615042,0.9269242236615042,0.9369242236615042
838,0.9171616547975381,0.9171616547975381,0.9171616547975381,0.9171616547975381,0.9171616547975381,0.9071616547975381,0.9171616547975381,0.9171616547975381,0.9271616547975381,0.9371616547975381,0.9171616547975381,0.9271616547975381,0.9271616547975381
839,0.9686738915037405,0.9686738915037405,0.9786738915037405,0.9686738915037405,0.9786738915037405,0.9886738915037405,0.9686738915037405,0.9686738915037405,0.9686738915037405,0.9686738915037405,0.9886738915037405,0.9886738915037405,0.9886738915037405
840,0.8971165178483637,0.9171165178483637,0.9171165178483637,0.9171165178483637,0.8971165178483637,0.8671165178483636,0.8571165178483636,0.8671165178483636,0.8821165178483636,0.8821165178483636,0.8921165178483637,0.8721165178483636,0.8921165178483637
841,0.9460625041888207,0.9660625041888207,0.9660625041888207,0.9560625041888207,0.9760625041888207,0.9760625041888207,0.9660625041888207,0.9560625041888207,0.9560625041888207,0.9460625041888207,0.9260625041888206,0.9160625041888206,0.9310625041888206
842,0.9596087958717849,0.9596087958717849,0.9596087958717849,0.9596087958717849,0.9596087958717849,0.9496087958717849,0.9496087958717849,0.9596087958717849,0.969608795871785,0.969608795871785,0.969608795871785,0.969608795871785,0.989608795871785
843,0.9470526778268109,0.9470526778268109,0.9470526778268109,0.9870526778268109,0.9820526778268109,0.9720526778268109,0.9820526778268109,0.9620526778268109,0.9720526778268109,0.9820526778268109,0.9720526778268109,0.9820526778268109,0.9820526778268109
844,0.927295013726599,0.9172950137265989,0.9172950137265989,0.927295013726599,0.937295013726599,0.927295013726599,0.947295013726599,0.947295013726599,0.947295013726599,0.947295013726599,0.937295013726599,0.937295013726599,0.937295013726599
845,0.9478591866429831,0.9478591866429831,0.9678591866429831,0.9678591866429831,0.9578591866429831,0.9578591866429831,0.9678591866429831,0.9678591866429831,0.9678591866429831,0.9878591866429831,0.9878591866429831,0.9778591866429831,0.9778591866429831
846,0.9413969806583161,0.9513969806583161,0.9413969806583161,0.9613969806583161,0.9513969806583161,0.9613969806583161,0.9363969806583161,0.9463969806583161,0.9463969806583161,0.9663969806583161,0.9863969806583162,0.9863969806583162,0.9763969806583161
847,0.9562401195958602,0.9562401195958602,0.9662401195958602,0.9462401195958602,0.9562401195958602,0.9562401195958602,0.9562401195958602,0.9562401195958602,0.9562401195958602,0.9562401195958602,0.9562401195958602,0.9562401195958602,0.9462401195958602
848,0.9801766332772933,0.9701766332772933,0.9701766332772933,0.9601766332772933,0.9601766332772933,0.9601766332772933,0.9501766332772933,0.9701766332772933,0.9801766332772933,0.9501766332772933,0.9701766332772933,0.9701766332772933,0.9801766332772933
849,0.9104961770347425,0.9104961770347425,0.9104961770347425,0.9004961770347425,0.9004961770347425,0.9004961770347425,0.8904961770347425,0.8904961770347425,0.9104961770347425,0.9104961770347425,0.9104961770347425,0.9004961770347425,0.9004961770347425
850,0.967379747978907,0.977379747978907,0.977379747978907,0.977379747978907,0.967379747978907,0.937379747978907,0.957379747978907,0.957379747978907,0.957379747978907,0.957379747978907,0.947379747978907,0.947379747978907,0.967379747978907
851,0.9804979828011496,0.9804979828011496,0.9804979828011496,0.9804979828011496,0.9804979828011496,0.9804979828011496,0.9704979828011496,0.9604979828011496,0.9704979828011496,0.9904979828011496,1.0,1.0,0.99
852,0.9763572703413073,0.9763572703413073,0.9763572703413073,0.9663572703413073,0.9863572703413073,0.9963572703413073,0.9963572703413073,1.0,1.0,0.99,0.98,0.955,0.975
853,0.9885226987371931,0.9885226987371931,0.9885226987371931,0.9885226987371931,0.9785226987371931,0.9685226987371931,0.9685226987371931,0.9685226987371931,0.9685226987371931,0.9685226987371931,0.9785226987371931,0.9785226987371931,0.9685226987371931
854,0.9418870983138519,0.9218870983138518,0.9218870983138518,0.9218870983138518,0.9218870983138518,0.9418870983138519,0.9618870983138519,0.9518870983138519,0.9518870983138519,0.9518870983138519,0.9718870983138519,0.9718870983138519,0.9618870983138519
855,0.992314458698462,0.992314458698462,0.972314458698462,0.982314458698462,0.962314458698462,0.962314458698462,0.952314458698462,0.952314458698462,0.957314458698462,0.957314458698462,0.967314458698462,0.977314458698462,0.967314458698462
856,1.0,0.99,0.98,0.98,0.98,0.99,0.97,1.0,0.99,0.98,0.98,0.98,0.96
857,0.9740762997550941,0.9740762997550941,0.9840762997550941,0.9840762997550941,0.9840762997550941,0.9940762997550942,0.9840762997550941,0.9840762997550941,1.0,0.99,0.98,0.97,0.98
858,1.0,1.0,1.0,1.0,1.0,1.0,1.0,0.98,0.97,0.95,0.94,0.94,0.94
859,0.9149116666889944,0.9149116666889944,0.8849116666889943,0.8749116666889943,0.8749116666889943,0.8949116666889944,0.8849116666889943,0.8849116666889943,0.8849116666889943,0.8849116666889943,0.8849116666889943,0.8849116666889943,0.8749116666889943
860,0.9167504383348499,0.9167504383348499,0.8967504383348499,0.8967504383348499,0.9267504383348499,0.9367504383348499,0.9367504383348499,0.9067504383348499,0.9067504383348499,0.9367504383348499,0.9367504383348499,0.9117504383348499,0.9017504383348499
861,0.9545538397110795,0.9645538397110796,0.9845538397110796,0.9695538397110796,0.9695538397110796,0.9595538397110795,0.9595538397110795,0.9595538397110795,0.9895538397110796,0.9795538397110796,0.9895538397110796,0.9895538397110796,0.9795538397110796
862,0.9369647703555147,0.9369647703555147,0.9169647703555147,0.9169647703555147,0.9169647703555147,0.9069647703555147,0.9069647703555147,0.9069647703555147,0.9219647703555147,0.9219647703555147,0.9419647703555147,0.9419647703555147,0.9219647703555147
863,0.941597405861063,0.951597405861063,0.951597405861063,0.961597405861063,0.981597405861063,0.971597405861063,0.961597405861063,0.931597405861063,0.931597405861063,0.931597405861063,0.921597405861063,0.931597405861063,0.931597405861063
864,0.9585969731935374,0.9585969731935374,0.9785969731935374,0.9785969731935374,0.9785969731935374,0.9885969731935375,0.9785969731935374,0.9785969731935374,0.9785969731935374,0.9785969731935374,0.9785969731935374,0.9685969731935374,0.9485969731935374
865,0.9984530956370619,0.9984530956370619,0.9884530956370619,0.9884530956370619,0.9784530956370618,0.9884530956370619,0.9684530956370618,0.9984530956370619,0.9884530956370619,0.9884530956370619,1.0,1.0,0.98
866,0.9173525834965649,0.9073525834965649,0.9273525834965649,0.9273525834965649,0.9273525834965649,0.9273525834965649,0.9273525834965649,0.9273525834965649,0.9273525834965649,0.9273525834965649,0.9173525834965649,0.9173525834965649,0.8973525834965649
867,0.9056628638981196,0.9056628638981196,0.9056628638981196,0.8956628638981196,0.8956628638981196,0.8956628638981196,0.9056628638981196,0.9056628638981196,0.9456628638981196,0.9406628638981196,0.9106628638981196,0.9106628638981196,0.9006628638981196
868,0.9808738327614073,0.9808738327614073,0.9808738327614073,0.9608738327614073,0.9508738327614072,0.9508738327614072,0.9608738327614073,0.9708738327614073,0.9708738327614073,0.9708738327614073,0.9608738327614073,0.9608738327614073,0.9808738327614073
869,0.9540583086824784,0.9540583086824784,0.9540583086824784,0.9540583086824784,0.9640583086824784,0.9540583086824784,0.9640583086824784,0.9740583086824784,0.9640583086824784,0.9540583086824784,0.9640583086824784,0.9640583086824784,0.9640583086824784
870,0.9249774451661766,0.9249774451661766,0.9149774451661766,0.8949774451661766,0.9149774451661766,0.9149774451661766,0.9149774451661766,0.9249774451661766,0.9149774451661766,0.9149774451661766,0.9349774451661766,0.9449774451661767,0.9549774451661767
871,0.9323900173354652,0.9223900173354652,0.9123900173354652,0.9323900173354652,0.9223900173354652,0.9223900173354652,0.9023900173354652,0.9023900173354652,0.9173900173354652,0.9273900173354652,0.9373900173354652,0.9373900173354652,0.9373900173354652
872,0.9533104416343521,0.9533104416343521,0.9333104416343521,0.9333104416343521,0.9333104416343521,0.9583104416343521,0.9583104416343521,0.9683104416343521,0.9683104416343521,0.9983104416343521,0.9983104416343521,0.9983104416343521,0.9983104416343521
873,0.9378087657209503,0.9378087657209503,0.9378087657209503,0.9278087657209503,0.9378087657209503,0.9278087657209503,0.9278087657209503,0.9278087657209503,0.9478087657209503,0.9378087657209503,0.9578087657209503,0.9578087657209503,0.9578087657209503
874,1.0,0.99,0.97,0.97,0.97,0.97,0.96,0.96,0.96,0.96,0.96,0.96,0.96
875,0.9860536829633971,0.9760536829633971,0.9760536829633971,0.9860536829633971,0.9960536829633971,0.9860536829633971,0.9760536829633971,0.9860536829633971,0.9660536829633971,0.9660536829633971,0.9660536829633971,0.9660536829633971,0.9860536829633971
876,0.9583897997425028,0.9483897997425028,0.9483897997425028,0.9383897997425028,0.9383897997425028,0.9383897997425028,0.9383897997425028,0.9383897997425028,0.9483897997425028,0.9483897997425028,0.9483897997425028,0.9583897997425028,0.9683897997425028
877,0.9133774075799481,0.9133774075799481,0.9033774075799481,0.9033774075799481,0.9033774075799481,0.9033774075799481,0.9033774075799481,0.9033774075799481,0.8733774075799481,0.8783774075799481,0.8883774075799481,0.8983774075799481,0.8983774075799481
878,0.9681829909595869,0.9681829909595869,0.9581829909595869,0.9581829909595869,0.9581829909595869,0.9581829909595869,0.9581829909595869,0.9581829909595869,0.9581829909595869,0.9681829909595869,0.9781829909595869,0.9781829909595869,0.9781829909595869
879,0.9269170260596559,0.9269170260596559,0.9369170260596559,0.9469170260596559,0.9369170260596559,0.9369170260596559,0.9369170260596559,0.9369170260596559,0.9369170260596559,0.9469170260596559,0.9569170260596559,0.9569170260596559,0.9569170260596559
880,0.9786990618120587,0.9886990618120587,0.9786990618120587,0.9686990618120587,0.9786990618120587,0.9886990618120587,0.9786990618120587,0.9586990618120587,0.9586990618120587,0.9486990618120587,0.9686990618120587,0.9686990618120587,0.9686990618120587
881,0.9242015979530395,0.9242015979530395,0.9242015979530395,0.9242015979530395,0.9242015979530395,0.9242015979530395,0.9142015979530395,0.9042015979530394,0.9042015979530394,0.9142015979530395,0.9242015979530395,0.9342015979530395,0.9242015979530395
882,0.9848367695159547,0.9848367695159547,0.9948367695159547,0.9648367695159547,0.9548367695159546,0.9548367695159546,0.9548367695159546,0.9548367695159546,0.9548367695159546,0.9648367695159547,0.9548367695159546,0.9648367695159547,0.9898367695159547
883,0.8917796894269765,0.8917796894269765,0.8917796894269765,0.9117796894269765,0.9117796894269765,0.8867796894269765,0.8967796894269765,0.8967796894269765,0.8767796894269765,0.8667796894269765,0.8467796894269765,0.8467796894269765,0.8467796894269765
884,0.9063810813960042,0.9063810813960042,0.8963810813960041,0.8663810813960041,0.8713810813960041,0.8713810813960041,0.8813810813960041,0.8813810813960041,0.8913810813960041,0.8913810813960041,0.9013810813960041,0.9513810813960042,0.9513810813960042
885,0.9578176994016353,0.9678176994016353,0.9678176994016353,0.9978176994016353,0.9878176994016353,0.9728176994016353,0.9828176994016353,0.9928176994016353,0.9828176994016353,1.0,0.99,1.0,1.0
886,0.9373432822317965,0.9273432822317965,0.9273432822317965,0.9173432822317965,0.9173432822317965,0.9273432822317965,0.9273432822317965,0.9073432822317965,0.8973432822317965,0.8973432822317965,0.8973432822317965,0.8973432822317965,0.8973432822317965
887,0.9006478694182934,0.9006478694182934,0.9106478694182935,0.9106478694182935,0.8806478694182934,0.8806478694182934,0.8806478694182934,0.9006478694182934,0.9006478694182934,0.8606478694182934,0.8656478694182934,0.8656478694182934,0.8556478694182934
888,0.9469309446310927,0.9469309446310927,0.9369309446310927,0.9169309446310927,0.9169309446310927,0.9319309446310927,0.9419309446310927,0.9519309446310927,0.9619309446310927,0.9619309446310927,0.9619309446310927,0.9619309446310927,0.9619309446310927
889,0.96951221307892,0.96951221307892,0.96951221307892,0.96951221307892,0.97951221307892,0.96951221307892,0.94951221307892,0.92951221307892,0.92951221307892,0.92951221307892,0.93951221307892,0.93951221307892,0.93951221307892
890,0.956482518971495,0.946482518971495,0.926482518971495,0.946482518971495,0.9814825189714951,0.9814825189714951,0.9614825189714951,0.9614825189714951,0.9614825189714951,0.941482518971495,0.941482518971495,0.941482518971495,0.951482518971495
891,0.9234001872401294,0.8934001872401294,0.8934001872401294,0.9084001872401294,0.9084001872401294,0.9084001872401294,0.9084001872401294,0.9184001872401294,0.9184001872401294,0.8984001872401294,0.8984001872401294,0.9184001872401294,0.9284001872401294
892,0.9350199452494038,0.9350199452494038,0.9350199452494038,0.9450199452494038,0.9350199452494038,0.9250199452494038,0.9450199452494038,0.9450199452494038,0.9350199452494038,0.9250199452494038,0.9350199452494038,0.9350199452494038,0.9450199452494038
893,0.9334228306293112,0.9334228306293112,0.9434228306293112,0.9134228306293112,0.9134228306293112,0.9334228306293112,0.9134228306293112,0.9134228306293112,0.9134228306293112,0.9134228306293112,0.9034228306293112,0.9234228306293112,0.9234228306293112
894,0.9347853248710157,0.9347853248710157,0.9547853248710158,0.9447853248710157,0.9447853248710157,0.9347853248710157,0.9447853248710157,0.9447853248710157,0.9447853248710157,0.9347853248710157,0.9347853248710157,0.9447853248710157,0.9447853248710157
895,0.9321522362450435,0.9421522362450435,0.9421522362450435,0.9521522362450435,0.9521522362450435,0.9621522362450435,0.9421522362450435,0.9421522362450435,0.9421522362450435,0.9421522362450435,0.9321522362450435,0.9221522362450435,0.9221522362450435
896,0.9336984214402126,0.9436984214402127,0.9536984214402127,0.9736984214402127,0.9636984214402127,0.9536984214402127,0.9636984214402127,0.9536984214402127,0.9636984214402127,0.9536984214402127,0.9536984214402127,0.9336984214402126,0.9336984214402126
897,0.9336229908916427,0.9236229908916427,0.9336229908916427,0.9336229908916427,0.9336229908916427,0.9336229908916427,0.9436229908916427,0.9636229908916427,0.9436229908916427,0.9236229908916427,0.9336229908916427,0.9336229908916427,0.9536229908916427
898,0.9297411589926825,0.9297411589926825,0.9297411589926825,0.9297411589926825,0.9297411589926825,0.9097411589926825,0.8997411589926825,0.8997411589926825,0.8997411589926825,0.9197411589926825,0.8897411589926825,0.8947411589926825,0.9047411589926825
899,0.9599316302419405,0.9599316302419405,0.9499316302419405,0.9299316302419405,0.9399316302419405,0.9499316302419405,0.9399316302419405,0.9399316302419405,0.9199316302419405,0.9199316302419405,0.9199316302419405,0.9199316302419405,0.9199316302419405
900,0.8642643495232338,0.8642643495232338,0.8842643495232339,0.8742643495232338,0.8942643495232339,0.8742643495232338,0.8742643495232338,0.8742643495232338,0.8742643495232338,0.8642643495232338,0.8642643495232338,0.8842643495232339,0.8742643495232338
901,0.9473871059699169,0.9473871059699169,0.9173871059699169,0.9173871059699169,0.9323871059699169,0.9323871059699169,0.9423871059699169,0.9523871059699169,0.9523871059699169,0.9523871059699169,0.9523871059699169,0.9523871059699169,0.9323871059699169
902,0.9461392624306297,0.9361392624306297,0.9461392624306297,0.9561392624306297,0.9561392624306297,0.9561392624306297,0.9661392624306298,0.9661392624306298,0.9661392624306298,0.9661392624306298,0.9461392624306297,0.9561392624306297,0.9561392624306297
903,0.9607759028374472,0.9507759028374472,0.9407759028374472,0.9507759028374472,0.9507759028374472,0.9607759028374472,0.9307759028374472,0.9507759028374472,0.9507759028374472,0.9507759028374472,0.9607759028374472,0.9707759028374472,0.9807759028374472
904,1.0,1.0,1.0,1.0,1.0,0.99,0.99,0.99,1.0,1.0,1.0,1.0,0.97
905,0.978482918551594,0.968482918551594,0.968482918551594,0.958482918551594,0.958482918551594,0.958482918551594,0.968482918551594,0.968482918551594,0.968482918551594,0.968482918551594,0.968482918551594,0.978482918551594,0.978482918551594
906,0.9229689081830791,0.9329689081830791,0.9429689081830791,0.9429689081830791,0.9329689081830791,0.9629689081830791,0.9629689081830791,0.9579689081830791,0.9579689081830791,0.9479689081830791,0.9479689081830791,0.9479689081830791,0.9479689081830791
907,0.8810758744685899,0.8810758744685899,0.8910758744685899,0.8810758744685899,0.8910758744685899,0.8710758744685899,0.8610758744685899,0.8860758744685899,0.8660758744685899,0.8860758744685899,0.8960758744685899,0.8960758744685899,0.8960758744685899
908,0.9797667256284649,0.9797667256284649,0.9797667256284649,0.9697667256284649,0.9597667256284649,0.9397667256284649,0.9447667256284649,0.9547667256284649,0.9547667256284649,0.9647667256284649,0.9647667256284649,0.9647667256284649,0.9547667256284649
909,0.9691861483010441,0.9791861483010441,0.9791861483010441,0.9991861483010441,0.9991861483010441,1.0,1.0,1.0,1.0,0.98,0.98,1.0,0.995
910,0.8749090481304321,0.8749090481304321,0.8649090481304321,0.8649090481304321,0.8649090481304321,0.8349090481304321,0.8399090481304321,0.8499090481304321,0.8499090481304321,0.8499090481304321,0.8599090481304321,0.8499090481304321,0.8499090481304321
911,0.9908007778206523,1.0,0.99,0.98,0.95,0.95,0.95,0.95,0.95,0.95,0.95,0.98,0.97
912,0.9411170303828799,0.9411170303828799,0.9411170303828799,0.9511170303828799,0.9611170303828799,0.9711170303828799,0.9811170303828799,0.9811170303828799,0.9511170303828799,0.9811170303828799,0.9761170303828799,0.9661170303828799,0.9761170303828799
913,0.9808840290914957,0.9808840290914957,0.9708840290914957,0.9708840290914957,0.9708840290914957,0.9708840290914957,0.9808840290914957,0.9908840290914958,1.0,1.0,0.99,0.99,0.99
914,0.966016570250379,0.946016570250379,0.946016570250379,0.946016570250379,0.926016570250379,0.931016570250379,0.941016570250379,0.941016570250379,0.941016570250379,0.941016570250379,0.961016570250379,0.951016570250379,0.991016570250379
915,1.0,1.0,0.98,0.98,0.97,0.97,0.97,0.995,0.985,0.985,0.985,0.985,0.985
916,0.9464837111849791,0.9464837111849791,0.9564837111849791,0.9264837111849791,0.9364837111849791,0.9264837111849791,0.9364837111849791,0.9364837111849791,0.9364837111849791,0.9464837111849791,0.9464837111849791,0.9464837111849791,0.9464837111849791
917,0.9067481187360426,0.8967481187360425,0.8867481187360425,0.8867481187360425,0.8867481187360425,0.8867481187360425,0.8867481187360425,0.8967481187360425,0.8667481187360425,0.8717481187360425,0.8817481187360425,0.8817481187360425,0.8817481187360425
918,0.916953266875956,0.916953266875956,0.916953266875956,0.916953266875956,0.916953266875956,0.916953266875956,0.916953266875956,0.926953266875956,0.936953266875956,0.946953266875956,0.931953266875956,0.911953266875956,0.911953266875956
919,0.9348652192586728,0.9348652192586728,0.9348652192586728,0.9148652192586728,0.9148652192586728,0.9148652192586728,0.9148652192586728,0.9148652192586728,0.9248652192586728,0.9348652192586728,0.9348652192586728,0.9348652192586728,0.9448652192586728
920,0.9579205855442812,0.9579205855442812,0.9579205855442812,0.9479205855442812,0.9579205855442812,0.9579205855442812,0.9379205855442811,0.9379205855442811,0.9379205855442811,0.9379205855442811,0.9379205855442811,0.9479205855442812,0.9479205855442812
921,0.9803605780841048,0.9903605780841048,1.0,0.99,1.0,0.99,0.99,0.98,0.98,0.98,0.98,0.99,1.0
922,0.9980307076824073,0.9980307076824073,0.9780307076824073,0.9680307076824073,0.9680307076824073,0.9680307076824073,0.9580307076824073,0.9630307076824073,0.9630307076824073,0.9730307076824073,0.9630307076824073,0.9630307076824073,0.9630307076824073
923,0.9162674590787377,0.9062674590787377,0.8962674590787377,0.8962674590787377,0.8962674590787377,0.8962674590787377,0.9062674590787377,0.9362674590787378,0.9162674590787377,0.9162674590787377,0.9162674590787377,0.9162674590787377,0.9162674590787377
924,0.953019779179505,0.9130197791795049,0.923019779179505,0.943019779179505,0.933019779179505,0.933019779179505,0.943019779179505,0.923019779179505,0.923019779179505,0.933019779179505,0.973019779179505,0.963019779179505,0.983019779179505
925,0.9262290699493063,0.9062290699493063,0.9062290699493063,0.9162290699493063,0.9062290699493063,0.9062290699493063,0.9312290699493063,0.9212290699493063,0.9212290699493063,0.9012290699493063,0.9012290699493063,0.9112290699493063,0.9112290699493063
926,0.9294233855699637,0.9294233855699637,0.9294233855699637,0.9194233855699637,0.8994233855699637,0.8994233855699637,0.8994233855699637,0.8894233855699637,0.8944233855699637,0.8944233855699637,0.8944233855699637,0.9044233855699637,0.9044233855699637
927,1.0,1.0,1.0,1.0,1.0,0.995,0.985,0.995,0.985,0.985,0.965,0.965,0.985
928,1.0,1.0,1.0,1.0,1.0,1.0,1.0,0.99,1.0,1.0,1.0,0.99,0.975
929,0.9113681626703097,0.9113681626703097,0.8913681626703097,0.8813681626703097,0.8963681626703097,0.9063681626703097,0.9263681626703097,0.9263681626703097,0.9163681626703097,0.9363681626703098,0.9363681626703098,0.9363681626703098,0.9463681626703098
930,0.953284894683126,0.933284894683126,0.933284894683126,0.943284894683126,0.9632848946831261,0.953284894683126,0.953284894683126,0.9732848946831261,0.9732848946831261,0.9632848946831261,0.9732848946831261,0.953284894683126,0.9732848946831261
931,0.9277577279691589,0.9277577279691589,0.9277577279691589,0.9277577279691589,0.9077577279691589,0.9177577279691589,0.9177577279691589,0.9527577279691589,0.9627577279691589,0.9527577279691589,0.9527577279691589,0.9427577279691589,0.9527577279691589
932,0.9365651724337658,0.9565651724337658,0.9665651724337658,0.9565651724337658,0.9565651724337658,0.9665651724337658,0.9665651724337658,0.9665651724337658,0.9565651724337658,0.9465651724337658,0.9565651724337658,0.9665651724337658,0.9665651724337658
933,0.9443418284284125,0.9143418284284125,0.9293418284284125,0.9193418284284125,0.9293418284284125,0.9093418284284125,0.9193418284284125,0.9093418284284125,0.9093418284284125,0.9093418284284125,0.9193418284284125,0.9393418284284125,0.9293418284284125
934,0.940429337861488,0.930429337861488,0.930429337861488,0.930429337861488,0.930429337861488,0.930429337861488,0.920429337861488,0.920429337861488,0.930429337861488,0.930429337861488,0.965429337861488,0.975429337861488,0.955429337861488
935,0.8432865388030613,0.8332865388030612,0.8332865388030612,0.8432865388030613,0.8432865388030613,0.8332865388030612,0.8332865388030612,0.8332865388030612,0.8432865388030613,0.8632865388030613,0.8632865388030613,0.8632865388030613,0.8532865388030613
936,0.9894421011480933,0.9794421011480933,0.9794421011480933,0.9594421011480933,0.9594421011480933,0.9594421011480933,0.9494421011480932,0.9544421011480932,0.9544421011480932,0.9544421011480932,0.9544421011480932,0.9544421011480932,0.9644421011480933
937,0.9367181374511447,0.9367181374511447,0.9167181374511447,0.9167181374511447,0.9417181374511447,0.9417181374511447,0.9617181374511448,0.9517181374511448,0.9417181374511447,0.9517181374511448,0.9717181374511448,0.9617181374511448,0.9517181374511448
938,0.9663954618174976,0.9463954618174976,0.9263954618174975,0.9363954618174976,0.9363954618174976,0.9513954618174976,0.9413954618174976,0.9413954618174976,0.9413954618174976,0.9413954618174976,0.9313954618174975,0.9413954618174976,0.9313954618174975
939,0.9805259348869778,1.0,0.98,0.96,0.98,0.98,0.98,1.0,1.0,1.0,1.0,0.98,0.98
940,0.9381219372442046,0.9381219372442046,0.9381219372442046,0.9481219372442046,0.9781219372442046,0.9731219372442046,0.9631219372442046,0.9531219372442046,0.9531219372442046,0.9331219372442046,0.9131219372442045,0.8931219372442045,0.8931219372442045
941,0.9376141868161203,0.9476141868161203,0.9376141868161203,0.9276141868161203,0.9276141868161203,0.9276141868161203,0.9276141868161203,0.9376141868161203,0.9376141868161203,0.9376141868161203,0.9276141868161203,0.9076141868161203,0.9226141868161203
942,0.9453427768207049,0.9353427768207049,0.9453427768207049,0.9453427768207049,0.9453427768207049,0.9453427768207049,0.9553427768207049,0.9553427768207049,0.9553427768207049,0.9553427768207049,0.9353427768207049,0.9353427768207049,0.9153427768207049
943,0.9037667735669773,0.9137667735669773,0.9137667735669773,0.9037667735669773,0.9037667735669773,0.9037667735669773,0.9037667735669773,0.9037667735669773,0.8837667735669773,0.8837667735669773,0.8937667735669773,0.8937667735669773,0.9137667735669773
944,0.8972571667297236,0.8972571667297236,0.9072571667297236,0.9172571667297236,0.9172571667297236,0.9272571667297236,0.9172571667297236,0.9272571667297236,0.9272571667297236,0.9072571667297236,0.9172571667297236,0.9272571667297236,0.9172571667297236
945,0.9584605158672195,0.9684605158672195,0.9484605158672195,0.9584605158672195,0.9684605158672195,0.9884605158672195,0.9734605158672195,0.9734605158672195,0.9834605158672195,0.9834605158672195,1.0,1.0,1.0
946,0.8718627677500068,0.8718627677500068,0.8918627677500068,0.8918627677500068,0.8918627677500068,0.8918627677500068,0.9018627677500068,0.8818627677500068,0.8718627677500068,0.9018627677500068,0.8718627677500068,0.8818627677500068,0.8818627677500068
947,0.8935700458211684,0.9235700458211684,0.9135700458211684,0.9135700458211684,0.9135700458211684,0.9035700458211684,0.9035700458211684,0.9035700458211684,0.9035700458211684,0.8835700458211684,0.8935700458211684,0.9135700458211684,0.9235700458211684
948,0.9554741343727292,0.9554741343727292,0.9454741343727292,0.9354741343727292,0.9154741343727292,0.9154741343727292,0.9254741343727292,0.9354741343727292,0.9254741343727292,0.9154741343727292,0.9154741343727292,0.9204741343727292,0.9204741343727292
949,0.9130236645490379,0.9130236645490379,0.923023664549038,0.923023664549038,0.933023664549038,0.943023664549038,0.923023664549038,0.9030236645490379,0.9030236645490379,0.8830236645490379,0.8730236645490379,0.8730236645490379,0.8730236645490379
950,0.9323870934590436,0.9523870934590436,0.9523870934590436,0.9523870934590436,0.9623870934590436,0.9523870934590436,0.9723870934590436,0.9673870934590436,0.9673870934590436,0.9673870934590436,0.9573870934590436,0.9473870934590436,0.9273870934590436
951,0.9933816194099767,0.9933816194099767,0.9933816194099767,0.9933816194099767,0.9933816194099767,0.9933816194099767,1.0,1.0,0.99,0.99,1.0,1.0,1.0
952,0.9107992160415573,0.9107992160415573,0.9207992160415573,0.9307992160415574,0.9307992160415574,0.9407992160415574,0.9307992160415574,0.9207992160415573,0.9307992160415574,0.9207992160415573,0.9207992160415573,0.9207992160415573,0.9207992160415573
953,1.0,1.0,1.0,0.99,0.99,0.99,0.99,0.99,0.98,0.98,0.98,0.97,0.96
954,0.9881822366421863,0.9781822366421863,1.0,1.0,1.0,0.99,1.0,1.0,0.98,0.98,1.0,1.0,1.0
955,0.9490598050467157,0.9490598050467157,0.9290598050467157,0.9190598050467157,0.9290598050467157,0.9290598050467157,0.9090598050467157,0.9090598050467157,0.9140598050467157,0.9140598050467157,0.9240598050467157,0.9140598050467157,0.9140598050467157
956,0.926097437402295,0.916097437402295,0.906097437402295,0.906097437402295,0.906097437402295,0.926097437402295,0.926097437402295,0.926097437402295,0.886097437402295,0.886097437402295,0.886097437402295,0.896097437402295,0.906097437402295
957,0.977113768718203,0.977113768718203,0.997113768718203,0.977113768718203,0.987113768718203,0.987113768718203,0.987113768718203,0.997113768718203,0.997113768718203,0.967113768718203,0.977113768718203,0.977113768718203,0.977113768718203
958,1.0,1.0,1.0,1.0,1.0,1.0,0.98,0.99,0.99,0.99,0.99,0.99,0.99
959,0.9873746277712534,0.9773746277712534,0.9473746277712534,0.9473746277712534,0.9473746277712534,0.9523746277712534,0.9623746277712534,0.9623746277712534,0.9723746277712534,0.9823746277712534,0.9823746277712534,0.9823746277712534,0.9923746277712534
960,1.0,1.0,1.0,1.0,1.0,1.0,1.0,0.995,0.995,0.985,0.985,0.985,0.985
961,0.9214819410507092,0.9314819410507093,0.9314819410507093,0.9314819410507093,0.9214819410507092,0.9114819410507092,0.9214819410507092,0.9114819410507092,0.9314819410507093,0.9314819410507093,0.9314819410507093,0.9514819410507093,0.9514819410507093
962,0.9159251754577663,0.9259251754577663,0.9359251754577663,0.9459251754577663,0.9459251754577663,0.9309251754577663,0.9409251754577663,0.9509251754577663,0.9509251754577663,0.9109251754577663,0.9109251754577663,0.9109251754577663,0.9109251754577663
963,0.9632789866879979,0.9632789866879979,0.9632789866879979,0.9632789866879979,0.9532789866879979,0.9532789866879979,0.9532789866879979,0.9532789866879979,0.9532789866879979,0.9532789866879979,0.9532789866879979,0.9532789866879979,0.983278986687998
964,0.9440193986863807,0.9440193986863807,0.9140193986863807,0.9040193986863807,0.9040193986863807,0.9040193986863807,0.9040193986863807,0.9240193986863807,0.9540193986863807,0.9440193986863807,0.9240193986863807,0.9240193986863807,0.9040193986863807
965,0.9482921187514687,0.9682921187514687,0.9582921187514687,0.9482921187514687,0.9182921187514687,0.9282921187514687,0.9282921187514687,0.9282921187514687,0.9282921187514687,0.9282921187514687,0.9382921187514687,0.9382921187514687,0.9732921187514687
966,0.9574455573965891,0.9574455573965891,0.9474455573965891,0.9474455573965891,0.9474455573965891,0.9574455573965891,0.9774455573965891,0.9574455573965891,0.9774455573965891,0.9974455573965891,0.9924455573965891,0.9824455573965891,0.9624455573965891
967,0.9375437934235792,0.9475437934235792,0.9375437934235792,0.9175437934235792,0.9075437934235792,0.9075437934235792,0.9075437934235792,0.9075437934235792,0.9225437934235792,0.9425437934235792,0.9425437934235792,0.9625437934235792,0.9425437934235792
968,0.9090085467244352,0.8890085467244352,0.8890085467244352,0.8990085467244352,0.8890085467244352,0.8890085467244352,0.8790085467244352,0.8890085467244352,0.8890085467244352,0.8990085467244352,0.8990085467244352,0.8990085467244352,0.9090085467244352
969,0.9720296855718116,0.9620296855718116,0.9620296855718116,0.9620296855718116,0.9420296855718115,0.9420296855718115,0.9420296855718115,0.9420296855718115,0.9320296855718115,0.9520296855718116,0.9420296855718115,0.9320296855718115,0.9370296855718115
970,0.8590877409986699,0.8490877409986699,0.8490877409986699,0.8390877409986699,0.8290877409986699,0.8390877409986699,0.8390877409986699,0.8390877409986699,0.8190877409986699,0.8290877409986699,0.8390877409986699,0.8390877409986699,0.8290877409986699
971,0.9706969452769736,0.9806969452769736,0.9706969452769736,0.9706969452769736,0.9506969452769736,0.9606969452769736,0.9606969452769736,0.9606969452769736,0.9606969452769736,0.9706969452769736,0.9706969452769736,0.9606969452769736,0.9606969452769736
972,0.9107596205793843,0.9307596205793843,0.9407596205793843,0.9507596205793843,0.9507596205793843,0.9507596205793843,0.9507596205793843,0.9457596205793843,0.9457596205793843,0.9357596205793843,0.9257596205793843,0.9257596205793843,0.9257596205793843
973,0.980756102654244,1.0,0.99,0.99,0.98,0.98,0.99,0.99,0.97,0.97,1.0,0.98,0.99
974,0.9534682337176721,0.9334682337176721,0.9234682337176721,0.9334682337176721,0.9234682337176721,0.9234682337176721,0.9234682337176721,0.913468233717672,0.9234682337176721,0.9234682337176721,0.9434682337176721,0.9334682337176721,0.9334682337176721
975,0.9154567657457177,0.9154567657457177,0.9054567657457177,0.9054567657457177,0.9254567657457177,0.9354567657457177,0.9554567657457177,0.9554567657457177,0.9554567657457177,0.9454567657457177,0.9554567657457177,0.9504567657457177,0.9504567657457177
976,0.960611841152497,0.960611841152497,0.950611841152497,0.970611841152497,0.970611841152497,0.970611841152497,0.990611841152497,0.990611841152497,0.990611841152497,0.980611841152497,0.970611841152497,0.970611841152497,0.970611841152497
977,1.0,0.98,0.98,0.98,0.98,0.98,0.98,0.98,0.98,0.99,0.99,0.99,0.98
978,0.9486275941407546,0.9486275941407546,0.9586275941407546,0.9686275941407546,0.9686275941407546,0.9586275941407546,0.9386275941407546,0.9486275941407546,0.9586275941407546,0.9586275941407546,0.9386275941407546,0.9486275941407546,0.9486275941407546
979,0.9073396823469885,0.9073396823469885,0.8973396823469885,0.9173396823469885,0.9073396823469885,0.8973396823469885,0.8973396823469885,0.8973396823469885,0.8973396823469885,0.8873396823469885,0.8773396823469884,0.8773396823469884,0.8773396823469884
980,0.9098375817210468,0.8998375817210468,0.8898375817210468,0.8798375817210468,0.8898375817210468,0.8898375817210468,0.8698375817210467,0.8898375817210468,0.8798375817210468,0.8898375817210468,0.8998375817210468,0.9198375817210468,0.9298375817210468
981,0.9875382921312473,0.9875382921312473,0.9775382921312473,0.9675382921312473,0.9875382921312473,0.9875382921312473,0.9775382921312473,0.9775382921312473,0.9775382921312473,0.9875382921312473,0.9975382921312473,0.9875382921312473,0.9775382921312473
982,0.9063471600868108,0.9063471600868108,0.9163471600868108,0.8963471600868108,0.9063471600868108,0.9063471600868108,0.9063471600868108,0.8963471600868108,0.8763471600868108,0.8763471600868108,0.8913471600868108,0.9013471600868108,0.8913471600868108
983,0.9815874086859943,0.9715874086859942,0.9715874086859942,0.9815874086859943,0.9915874086859943,0.9615874086859942,0.9615874086859942,0.9515874086859942,0.9515874086859942,0.9515874086859942,0.9665874086859942,0.9465874086859942,0.9665874086859942
984,0.9387579154727812,0.9687579154727812,0.9687579154727812,0.9687579154727812,0.9687579154727812,0.9687579154727812,0.9587579154727812,0.9687579154727812,0.9687579154727812,0.9687579154727812,0.9587579154727812,0.9787579154727812,0.9737579154727812
985,0.9656327425419461,0.9656327425419461,0.9756327425419461,0.9756327425419461,0.9656327425419461,0.9656327425419461,0.9556327425419461,0.9656327425419461,0.9856327425419461,0.9856327425419461,0.9956327425419461,0.9956327425419461,0.9956327425419461
986,0.9294997328525344,0.9394997328525344,0.9294997328525344,0.9294997328525344,0.9194997328525344,0.9194997328525344,0.9194997328525344,0.9294997328525344,0.9294997328525344,0.9594997328525344,0.9594997328525344,0.9594997328525344,0.9694997328525344
987,0.9203644122279918,0.9103644122279918,0.9103644122279918,0.9103644122279918,0.9203644122279918,0.9203644122279918,0.9203644122279918,0.9403644122279918,0.9203644122279918,0.9203644122279918,0.9303644122279918,0.9203644122279918,0.9103644122279918
988,0.9259413123256242,0.9259413123256242,0.9259413123256242,0.9359413123256242,0.9559413123256242,0.9459413123256242,0.9659413123256242,0.9609413123256242,0.9609413123256242,0.9609413123256242,0.9609413123256242,0.9609413123256242,0.9509413123256242
989,0.9645272381604604,0.9645272381604604,0.9445272381604604,0.9695272381604604,0.9695272381604604,0.9695272381604604,0.9695272381604604,0.9695272381604604,0.9695272381604604,0.9695272381604604,0.9695272381604604,0.9695272381604604,0.9795272381604604
990,0.8937126378323568,0.8937126378323568,0.8937126378323568,0.9037126378323568,0.8937126378323568,0.8937126378323568,0.8937126378323568,0.9037126378323568,0.9037126378323568,0.9037126378323568,0.9037126378323568,0.9137126378323568,0.9037126378323568
991,1.0,1.0,1.0,1.0,1.0,1.0,0.985,0.985,0.985,0.985,0.965,0.955,0.975
992,0.9692199555159936,0.9692199555159936,0.9792199555159936,0.9692199555159936,0.9892199555159936,0.9792199555159936,0.9792199555159936,0.9792199555159936,0.9792199555159936,0.9992199555159936,1.0,0.99,0.99
993,0.9186372249113997,0.9386372249113997,0.9586372249113997,0.9586372249113997,0.9536372249113997,0.9536372249113997,0.9436372249113997,0.9436372249113997,0.9336372249113997,0.9336372249113997,0.9436372249113997,0.9536372249113997,0.9436372249113997
994,0.8861254755221142,0.8861254755221142,0.8861254755221142,0.8861254755221142,0.8961254755221142,0.8861254755221142,0.8861254755221142,0.9061254755221142,0.9261254755221142,0.9261254755221142,0.9211254755221142,0.9211254755221142,0.9211254755221142
995,0.9557727999970288,0.9457727999970288,0.9357727999970288,0.9357727999970288,0.9357727999970288,0.9357727999970288,0.9157727999970288,0.9257727999970288,0.9357727999970288,0.9357727999970288,0.9557727999970288,0.9457727999970288,0.9257727999970288
996,0.9129258499300655,0.9129258499300655,0.8929258499300655,0.8929258499300655,0.9129258499300655,0.9229258499300655,0.9329258499300656,0.9229258499300655,0.9229258499300655,0.9229258499300655,0.9229258499300655,0.9329258499300656,0.9429258499300656
997,0.9590637211636656,0.9590637211636656,0.9590637211636656,0.9290637211636655,0.9190637211636655,0.9190637211636655,0.9240637211636655,0.9340637211636655,0.9340637211636655,0.9340637211636655,0.9340637211636655,0.9240637211636655,0.9240637211636655
998,0.9159538810212414,0.9259538810212414,0.9459538810212414,0.9359538810212414,0.9459538810212414,0.9459538810212414,0.9259538810212414,0.9259538810212414,0.9259538810212414,0.9259538810212414,0.9259538810212414,0.9259538810212414,0.9259538810212414
999,0.9077931273178054,0.8777931273178053,0.8777931273178053,0.8677931273178053,0.8777931273178053,0.8927931273178054,0.8927931273178054,0.8927931273178054,0.8827931273178053,0.8727931273178053,0.8727931273178053,0.8827931273178053,0.8927931273178054
