Time Step,Simulation,0,2,4,6,8,10,12,14,16,18,20,22
0,0.6389150583671813,0.6189150583671813,0.6189150583671813,0.6189150583671813,0.6189150583671813,0.6089150583671813,0.6089150583671813,0.6089150583671813,0.5989150583671813,0.6089150583671813,0.6089150583671813,0.6239150583671813,0.6139150583671813
1,0.6888451752225706,0.6888451752225706,0.6988451752225706,0.7088451752225706,0.7288451752225706,0.7238451752225706,0.7238451752225706,0.7238451752225706,0.7138451752225706,0.7238451752225706,0.6838451752225706,0.6838451752225706,0.6738451752225706
2,0.7343225104054927,0.7143225104054927,0.7393225104054927,0.7093225104054927,0.7093225104054927,0.6993225104054926,0.6993225104054926,0.7093225104054927,0.6993225104054926,0.7193225104054927,0.7393225104054927,0.7393225104054927,0.7193225104054927
3,0.6136906957448036,0.6136906957448036,0.6436906957448036,0.6436906957448036,0.6436906957448036,0.6436906957448036,0.6536906957448037,0.6486906957448036,0.6486906957448036,0.6286906957448036,0.6286906957448036,0.6486906957448036,0.6386906957448036
4,0.7278505794225898,0.7078505794225898,0.7078505794225898,0.7078505794225898,0.7178505794225898,0.6978505794225898,0.6978505794225898,0.7278505794225898,0.7078505794225898,0.7078505794225898,0.6978505794225898,0.6978505794225898,0.7078505794225898
5,0.7375013924095327,0.7275013924095327,0.7375013924095327,0.7675013924095327,0.7525013924095327,0.7525013924095327,0.7525013924095327,0.7525013924095327,0.7525013924095327,0.7525013924095327,0.7525013924095327,0.7525013924095327,0.7525013924095327
6,0.6377511760042436,0.6577511760042436,0.6577511760042436,0.6577511760042436,0.6577511760042436,0.6577511760042436,0.6327511760042436,0.6427511760042436,0.6427511760042436,0.6327511760042436,0.6227511760042436,0.6227511760042436,0.6427511760042436
7,0.723932161562387,0.733932161562387,0.733932161562387,0.733932161562387,0.733932161562387,0.723932161562387,0.723932161562387,0.693932161562387,0.693932161562387,0.693932161562387,0.708932161562387,0.698932161562387,0.698932161562387
8,0.647305052915606,0.637305052915606,0.637305052915606,0.637305052915606,0.617305052915606,0.637305052915606,0.627305052915606,0.627305052915606,0.627305052915606,0.637305052915606,0.627305052915606,0.617305052915606,0.627305052915606
9,0.6950475166869767,0.6950475166869767,0.6950475166869767,0.6950475166869767,0.6850475166869767,0.6750475166869767,0.6950475166869767,0.6950475166869767,0.6850475166869767,0.6750475166869767,0.6750475166869767,0.6850475166869767,0.6750475166869767
10,0.6738207720909491,0.6738207720909491,0.6638207720909491,0.6738207720909491,0.6838207720909492,0.6838207720909492,0.6838207720909492,0.7138207720909492,0.7138207720909492,0.7138207720909492,0.7088207720909492,0.7088207720909492,0.6988207720909492
11,0.7493108737820369,0.7393108737820369,0.7193108737820368,0.7343108737820369,0.7243108737820368,0.7243108737820368,0.7343108737820369,0.7143108737820368,0.7143108737820368,0.7243108737820368,0.7243108737820368,0.7243108737820368,0.7243108737820368
12,0.6929013633027294,0.6929013633027294,0.6829013633027294,0.6829013633027294,0.6829013633027294,0.6829013633027294,0.6829013633027294,0.6829013633027294,0.6829013633027294,0.6629013633027294,0.6729013633027294,0.6629013633027294,0.6629013633027294
13,0.707056569669237,0.707056569669237,0.717056569669237,0.727056569669237,0.737056569669237,0.727056569669237,0.727056569669237,0.727056569669237,0.7470565696692371,0.7470565696692371,0.727056569669237,0.707056569669237,0.707056569669237
14,0.6486666366263096,0.6586666366263096,0.6686666366263097,0.6886666366263097,0.6686666366263097,0.6386666366263096,0.6386666366263096,0.6386666366263096,0.6286666366263096,0.6286666366263096,0.6186666366263096,0.6186666366263096,0.6286666366263096
15,0.6462686645604259,0.6462686645604259,0.6362686645604259,0.6162686645604258,0.6162686645604258,0.6162686645604258,0.6262686645604258,0.6562686645604259,0.6362686645604259,0.6462686645604259,0.6362686645604259,0.6262686645604258,0.6262686645604258
16,0.6967914587253389,0.7167914587253389,0.7267914587253389,0.7067914587253389,0.7067914587253389,0.7167914587253389,0.7167914587253389,0.7167914587253389,0.7167914587253389,0.7167914587253389,0.7167914587253389,0.7167914587253389,0.7167914587253389
17,0.8066271136695549,0.8166271136695549,0.8266271136695549,0.8266271136695549,0.8266271136695549,0.8166271136695549,0.8366271136695549,0.8166271136695549,0.8166271136695549,0.8166271136695549,0.8166271136695549,0.8466271136695549,0.8466271136695549
18,0.6797299089410722,0.6697299089410722,0.6697299089410722,0.6797299089410722,0.6597299089410722,0.6797299089410722,0.6697299089410722,0.6597299089410722,0.6597299089410722,0.6397299089410722,0.6447299089410722,0.6447299089410722,0.6547299089410722
19,0.674193052774963,0.674193052774963,0.694193052774963,0.704193052774963,0.694193052774963,0.704193052774963,0.704193052774963,0.704193052774963,0.684193052774963,0.664193052774963,0.664193052774963,0.674193052774963,0.674193052774963
20,0.7982457893829604,0.7982457893829604,0.8182457893829604,0.8182457893829604,0.8182457893829604,0.8282457893829605,0.8282457893829605,0.8382457893829605,0.8382457893829605,0.8282457893829605,0.8282457893829605,0.8182457893829604,0.8182457893829604
21,0.6074050725334554,0.6074050725334554,0.6074050725334554,0.5874050725334554,0.5874050725334554,0.5774050725334554,0.5674050725334554,0.5674050725334554,0.5674050725334554,0.5724050725334554,0.5724050725334554,0.5724050725334554,0.5824050725334554
22,0.6219098077325548,0.6119098077325548,0.6119098077325548,0.6019098077325548,0.6269098077325548,0.6269098077325548,0.6269098077325548,0.6269098077325548,0.6369098077325548,0.6269098077325548,0.6369098077325548,0.6169098077325548,0.6369098077325548
23,0.7461457974962619,0.7561457974962619,0.7661457974962619,0.7661457974962619,0.7661457974962619,0.7661457974962619,0.7561457974962619,0.7661457974962619,0.7761457974962619,0.7761457974962619,0.7761457974962619,0.7461457974962619,0.7461457974962619
24,0.68753273386061,0.67753273386061,0.68753273386061,0.67753273386061,0.68753273386061,0.70753273386061,0.71753273386061,0.72753273386061,0.72753273386061,0.72253273386061,0.72253273386061,0.72253273386061,0.71253273386061
25,0.706585275452554,0.716585275452554,0.726585275452554,0.716585275452554,0.716585275452554,0.726585275452554,0.726585275452554,0.716585275452554,0.716585275452554,0.726585275452554,0.736585275452554,0.736585275452554,0.736585275452554
26,0.5948885213575079,0.6048885213575079,0.6248885213575079,0.6248885213575079,0.6048885213575079,0.6148885213575079,0.6048885213575079,0.5948885213575079,0.6048885213575079,0.5948885213575079,0.5848885213575079,0.5848885213575079,0.5848885213575079
27,0.676457902594134,0.666457902594134,0.666457902594134,0.676457902594134,0.676457902594134,0.676457902594134,0.686457902594134,0.686457902594134,0.686457902594134,0.686457902594134,0.686457902594134,0.686457902594134,0.706457902594134
28,0.706707079616346,0.706707079616346,0.696707079616346,0.706707079616346,0.686707079616346,0.686707079616346,0.706707079616346,0.686707079616346,0.686707079616346,0.686707079616346,0.686707079616346,0.666707079616346,0.671707079616346
29,0.70898323201338,0.71898323201338,0.71898323201338,0.73898323201338,0.73898323201338,0.73898323201338,0.74898323201338,0.74898323201338,0.73898323201338,0.72398323201338,0.73398323201338,0.71398323201338,0.69398323201338
30,0.7205579822132862,0.7305579822132862,0.7305579822132862,0.7405579822132862,0.7405579822132862,0.7205579822132862,0.7505579822132862,0.7305579822132862,0.7405579822132862,0.7505579822132862,0.7355579822132862,0.7455579822132862,0.7255579822132862
31,0.6596823773348844,0.6696823773348844,0.6796823773348845,0.6896823773348845,0.6896823773348845,0.6996823773348845,0.6796823773348845,0.6796823773348845,0.6796823773348845,0.6796823773348845,0.6546823773348844,0.6746823773348845,0.6646823773348844
32,0.750755021738442,0.750755021738442,0.720755021738442,0.720755021738442,0.720755021738442,0.710755021738442,0.710755021738442,0.715755021738442,0.725755021738442,0.725755021738442,0.735755021738442,0.715755021738442,0.735755021738442
33,0.6910600386498258,0.6910600386498258,0.6910600386498258,0.6910600386498258,0.7310600386498258,0.7310600386498258,0.7210600386498258,0.7210600386498258,0.7210600386498258,0.7310600386498258,0.7310600386498258,0.7310600386498258,0.7310600386498258
34,0.7239545596860497,0.7039545596860497,0.7339545596860497,0.7239545596860497,0.7239545596860497,0.7239545596860497,0.7239545596860497,0.7339545596860497,0.7339545596860497,0.7339545596860497,0.7339545596860497,0.7439545596860497,0.7439545596860497
35,0.7075546421953204,0.7075546421953204,0.7075546421953204,0.7075546421953204,0.7075546421953204,0.6975546421953204,0.7075546421953204,0.7175546421953204,0.7175546421953204,0.7175546421953204,0.7275546421953204,0.7275546421953204,0.7475546421953204
36,0.7636903603646548,0.7636903603646548,0.7636903603646548,0.7636903603646548,0.7736903603646548,0.7736903603646548,0.7736903603646548,0.7736903603646548,0.7836903603646548,0.7836903603646548,0.8036903603646548,0.7986903603646548,0.7886903603646548
37,0.5928139433892486,0.5828139433892486,0.5828139433892486,0.5828139433892486,0.5828139433892486,0.5828139433892486,0.6028139433892487,0.5928139433892486,0.5928139433892486,0.5928139433892486,0.5928139433892486,0.5928139433892486,0.5928139433892486
38,0.6297904137300859,0.6197904137300859,0.6197904137300859,0.6397904137300859,0.6397904137300859,0.6297904137300859,0.6397904137300859,0.6397904137300859,0.6397904137300859,0.6397904137300859,0.6397904137300859,0.649790413730086,0.659790413730086
39,0.6802913702444305,0.6902913702444305,0.6902913702444305,0.7102913702444306,0.7102913702444306,0.7202913702444306,0.7202913702444306,0.7002913702444306,0.7002913702444306,0.7002913702444306,0.6702913702444305,0.6702913702444305,0.6702913702444305
40,0.686931816818741,0.6969318168187411,0.6969318168187411,0.676931816818741,0.676931816818741,0.676931816818741,0.676931816818741,0.686931816818741,0.6969318168187411,0.686931816818741,0.676931816818741,0.6969318168187411,0.686931816818741
41,0.6868710925952093,0.6968710925952093,0.7168710925952093,0.7168710925952093,0.7068710925952093,0.7068710925952093,0.7068710925952093,0.6968710925952093,0.6968710925952093,0.6868710925952093,0.6868710925952093,0.6868710925952093,0.6868710925952093
42,0.6572959144509305,0.6572959144509305,0.6572959144509305,0.6572959144509305,0.6172959144509305,0.6172959144509305,0.6172959144509305,0.6172959144509305,0.6672959144509305,0.6472959144509305,0.6472959144509305,0.6472959144509305,0.6472959144509305
43,0.7598681118803411,0.7598681118803411,0.7498681118803411,0.7398681118803411,0.7498681118803411,0.7498681118803411,0.7398681118803411,0.7598681118803411,0.7798681118803411,0.7798681118803411,0.7798681118803411,0.7698681118803411,0.7598681118803411
44,0.7274540485571992,0.7174540485571992,0.7174540485571992,0.6974540485571992,0.6874540485571992,0.6874540485571992,0.6874540485571992,0.6874540485571992,0.6924540485571992,0.7024540485571992,0.7024540485571992,0.7024540485571992,0.7024540485571992
45,0.6499467041329967,0.6299467041329967,0.6199467041329967,0.6399467041329967,0.6099467041329967,0.6149467041329967,0.6149467041329967,0.6249467041329967,0.6149467041329967,0.6049467041329967,0.6149467041329967,0.6249467041329967,0.6349467041329967
46,0.57146236304243,0.58146236304243,0.56146236304243,0.56146236304243,0.59146236304243,0.59146236304243,0.58146236304243,0.59146236304243,0.59146236304243,0.56146236304243,0.57146236304243,0.56146236304243,0.58146236304243
47,0.721069986271584,0.731069986271584,0.731069986271584,0.731069986271584,0.701069986271584,0.701069986271584,0.701069986271584,0.701069986271584,0.711069986271584,0.701069986271584,0.681069986271584,0.681069986271584,0.681069986271584
48,0.6050035169442172,0.6050035169442172,0.6050035169442172,0.6150035169442172,0.6150035169442172,0.6250035169442172,0.6150035169442172,0.6150035169442172,0.6350035169442172,0.6350035169442172,0.6150035169442172,0.6150035169442172,0.6150035169442172
49,0.6971704723970779,0.6971704723970779,0.6971704723970779,0.6871704723970778,0.6671704723970778,0.6671704723970778,0.6671704723970778,0.6821704723970778,0.7021704723970779,0.6921704723970779,0.6821704723970778,0.6821704723970778,0.6821704723970778
50,0.8010441520770364,0.7710441520770364,0.7860441520770364,0.7960441520770364,0.8060441520770364,0.8160441520770364,0.8060441520770364,0.8360441520770364,0.8260441520770364,0.8360441520770364,0.8260441520770364,0.8260441520770364,0.8060441520770364
51,0.646676315252573,0.666676315252573,0.666676315252573,0.626676315252573,0.626676315252573,0.651676315252573,0.641676315252573,0.641676315252573,0.651676315252573,0.651676315252573,0.651676315252573,0.651676315252573,0.661676315252573
52,0.7421644644898961,0.7421644644898961,0.7421644644898961,0.7421644644898961,0.7421644644898961,0.7521644644898962,0.7521644644898962,0.7621644644898962,0.7521644644898962,0.7521644644898962,0.7521644644898962,0.7521644644898962,0.7221644644898961
53,0.6775417311065546,0.6675417311065546,0.6675417311065546,0.6775417311065546,0.6675417311065546,0.6675417311065546,0.6775417311065546,0.6775417311065546,0.6775417311065546,0.6775417311065546,0.6775417311065546,0.6875417311065546,0.6975417311065546
54,0.7351732786299061,0.7351732786299061,0.7351732786299061,0.7351732786299061,0.7251732786299061,0.7251732786299061,0.7151732786299061,0.7051732786299061,0.7051732786299061,0.7051732786299061,0.7201732786299061,0.7101732786299061,0.7001732786299061
55,0.5720624682553936,0.5720624682553936,0.5720624682553936,0.5720624682553936,0.5620624682553936,0.5720624682553936,0.5820624682553937,0.5820624682553937,0.5720624682553936,0.5720624682553936,0.5720624682553936,0.5720624682553936,0.5720624682553936
56,0.7110605017196788,0.7110605017196788,0.7010605017196788,0.6910605017196788,0.7160605017196788,0.7360605017196789,0.7360605017196789,0.7360605017196789,0.7460605017196789,0.7460605017196789,0.7460605017196789,0.7460605017196789,0.7460605017196789
57,0.6676656735986929,0.6876656735986929,0.6876656735986929,0.6976656735986929,0.6976656735986929,0.7076656735986929,0.6976656735986929,0.7076656735986929,0.7076656735986929,0.7026656735986929,0.7026656735986929,0.6926656735986929,0.6726656735986929
58,0.7402567317712654,0.7402567317712654,0.7302567317712654,0.7302567317712654,0.7302567317712654,0.7402567317712654,0.7402567317712654,0.7602567317712654,0.7702567317712654,0.7802567317712654,0.7752567317712654,0.7652567317712654,0.7452567317712654
59,0.7104664236409468,0.7204664236409468,0.7004664236409468,0.7004664236409468,0.7004664236409468,0.6904664236409468,0.6904664236409468,0.6904664236409468,0.6904664236409468,0.6804664236409468,0.6804664236409468,0.6904664236409468,0.7204664236409468
60,0.6856088743374688,0.7156088743374688,0.6956088743374688,0.6856088743374688,0.6856088743374688,0.7056088743374688,0.6956088743374688,0.6956088743374688,0.6856088743374688,0.6856088743374688,0.7156088743374688,0.7156088743374688,0.7056088743374688
61,0.7049449906541508,0.6949449906541508,0.6849449906541508,0.6849449906541508,0.6849449906541508,0.6849449906541508,0.6849449906541508,0.6849449906541508,0.6849449906541508,0.7049449906541508,0.7149449906541508,0.7049449906541508,0.7049449906541508
62,0.6622279504771412,0.6822279504771412,0.6922279504771413,0.6922279504771413,0.6922279504771413,0.6922279504771413,0.6922279504771413,0.6822279504771412,0.6822279504771412,0.6622279504771412,0.6522279504771412,0.6522279504771412,0.6522279504771412
63,0.7768419308865514,0.7768419308865514,0.7468419308865514,0.7668419308865514,0.7668419308865514,0.7668419308865514,0.7668419308865514,0.7868419308865514,0.7868419308865514,0.7868419308865514,0.7868419308865514,0.7768419308865514,0.7768419308865514
64,0.6650558190186133,0.6650558190186133,0.6450558190186133,0.6350558190186133,0.6500558190186133,0.6400558190186133,0.6400558190186133,0.6400558190186133,0.6400558190186133,0.6600558190186133,0.6600558190186133,0.6600558190186133,0.6800558190186133
65,0.6873875127621198,0.6973875127621199,0.6973875127621199,0.7073875127621199,0.7073875127621199,0.6973875127621199,0.6973875127621199,0.6973875127621199,0.6873875127621198,0.6873875127621198,0.6673875127621198,0.6573875127621198,0.6573875127621198
66,0.7157952669547278,0.7057952669547278,0.7157952669547278,0.6957952669547278,0.6957952669547278,0.6957952669547278,0.6957952669547278,0.6957952669547278,0.7057952669547278,0.7057952669547278,0.7257952669547278,0.7357952669547279,0.7157952669547278
67,0.6219204551736717,0.6319204551736717,0.6319204551736717,0.6219204551736717,0.6319204551736717,0.6319204551736717,0.6319204551736717,0.6319204551736717,0.6419204551736717,0.6619204551736717,0.6619204551736717,0.6619204551736717,0.6619204551736717
68,0.7273752354964917,0.7273752354964917,0.7473752354964918,0.7473752354964918,0.7673752354964918,0.7573752354964918,0.7423752354964918,0.7323752354964917,0.7423752354964918,0.7423752354964918,0.7423752354964918,0.7423752354964918,0.7423752354964918
69,0.6640210169757459,0.6840210169757459,0.6840210169757459,0.6740210169757459,0.6740210169757459,0.6740210169757459,0.6840210169757459,0.7040210169757459,0.7040210169757459,0.6840210169757459,0.6840210169757459,0.6940210169757459,0.7040210169757459
70,0.6461610328945184,0.6461610328945184,0.6461610328945184,0.6461610328945184,0.6461610328945184,0.6661610328945184,0.6561610328945184,0.6461610328945184,0.6461610328945184,0.6261610328945184,0.6261610328945184,0.6261610328945184,0.6261610328945184
71,0.6813307679197335,0.7013307679197335,0.6813307679197335,0.6913307679197335,0.7113307679197335,0.7213307679197335,0.7163307679197335,0.7063307679197335,0.7063307679197335,0.7163307679197335,0.7063307679197335,0.7063307679197335,0.7163307679197335
72,0.6413545632123784,0.6313545632123784,0.6013545632123783,0.6013545632123783,0.6013545632123783,0.6013545632123783,0.6063545632123784,0.6063545632123784,0.6163545632123784,0.6063545632123784,0.6163545632123784,0.6163545632123784,0.6363545632123784
73,0.7371779714448297,0.7371779714448297,0.7471779714448297,0.7371779714448297,0.7471779714448297,0.7471779714448297,0.7471779714448297,0.7471779714448297,0.7471779714448297,0.7471779714448297,0.7471779714448297,0.7371779714448297,0.7471779714448297
74,0.6755948067484904,0.6855948067484904,0.7055948067484904,0.7055948067484904,0.7055948067484904,0.7055948067484904,0.7055948067484904,0.7155948067484904,0.7055948067484904,0.7055948067484904,0.7055948067484904,0.7155948067484904,0.7155948067484904
75,0.6207845252149887,0.6207845252149887,0.6107845252149887,0.6107845252149887,0.6307845252149887,0.6307845252149887,0.6307845252149887,0.6307845252149887,0.6207845252149887,0.6207845252149887,0.6307845252149887,0.6307845252149887,0.6207845252149887
76,0.6501052930736602,0.6501052930736602,0.6201052930736601,0.6401052930736602,0.6501052930736602,0.6501052930736602,0.6501052930736602,0.6701052930736602,0.6801052930736602,0.6701052930736602,0.6601052930736602,0.6251052930736601,0.6451052930736602
77,0.6927412278042474,0.6927412278042474,0.6727412278042474,0.6627412278042474,0.6627412278042474,0.6627412278042474,0.6727412278042474,0.6727412278042474,0.6727412278042474,0.6627412278042474,0.6727412278042474,0.6727412278042474,0.6927412278042474
78,0.7610695578507152,0.7710695578507152,0.7610695578507152,0.7610695578507152,0.7710695578507152,0.7810695578507152,0.7810695578507152,0.7810695578507152,0.7810695578507152,0.7910695578507152,0.7910695578507152,0.7910695578507152,0.8010695578507152
79,0.6017932705259972,0.6117932705259972,0.6217932705259972,0.6217932705259972,0.6117932705259972,0.6117932705259972,0.6117932705259972,0.6117932705259972,0.6017932705259972,0.5817932705259972,0.5817932705259972,0.5917932705259972,0.5917932705259972
80,0.7955682075927097,0.8055682075927098,0.8055682075927098,0.8055682075927098,0.8055682075927098,0.8255682075927098,0.8255682075927098,0.8255682075927098,0.8155682075927098,0.8355682075927098,0.8355682075927098,0.8055682075927098,0.8055682075927098
81,0.6682280576861298,0.6682280576861298,0.6682280576861298,0.6682280576861298,0.6682280576861298,0.6682280576861298,0.6882280576861298,0.6782280576861298,0.6782280576861298,0.6782280576861298,0.6782280576861298,0.6782280576861298,0.6982280576861298
82,0.6645812553609451,0.6845812553609452,0.6745812553609452,0.6745812553609452,0.6745812553609452,0.6745812553609452,0.6945812553609452,0.6945812553609452,0.6645812553609451,0.6645812553609451,0.6545812553609451,0.6445812553609451,0.6445812553609451
83,0.6696073889452042,0.6996073889452042,0.6996073889452042,0.6996073889452042,0.6996073889452042,0.6996073889452042,0.6796073889452042,0.6896073889452042,0.6696073889452042,0.6396073889452042,0.6496073889452042,0.6496073889452042,0.6496073889452042
84,0.711927257933194,0.711927257933194,0.711927257933194,0.681927257933194,0.671927257933194,0.671927257933194,0.671927257933194,0.681927257933194,0.691927257933194,0.681927257933194,0.681927257933194,0.691927257933194,0.701927257933194
85,0.7207279765327814,0.7007279765327814,0.6807279765327814,0.6857279765327814,0.6857279765327814,0.6957279765327814,0.6957279765327814,0.6957279765327814,0.6957279765327814,0.6957279765327814,0.7157279765327814,0.7157279765327814,0.7157279765327814
86,0.7254046476198539,0.7354046476198539,0.7254046476198539,0.7354046476198539,0.7354046476198539,0.7354046476198539,0.7254046476198539,0.7354046476198539,0.7454046476198539,0.7354046476198539,0.7354046476198539,0.7254046476198539,0.7054046476198539
87,0.7101488616650312,0.7301488616650312,0.7401488616650312,0.7401488616650312,0.7301488616650312,0.7301488616650312,0.7301488616650312,0.7301488616650312,0.7301488616650312,0.7301488616650312,0.7201488616650312,0.7201488616650312,0.7301488616650312
88,0.7408297355643697,0.7508297355643697,0.7808297355643697,0.7808297355643697,0.7808297355643697,0.7808297355643697,0.7808297355643697,0.7808297355643697,0.7808297355643697,0.7758297355643697,0.7758297355643697,0.7758297355643697,0.7758297355643697
89,0.7384835321350968,0.7484835321350968,0.7584835321350968,0.7584835321350968,0.7584835321350968,0.7684835321350968,0.7584835321350968,0.7584835321350968,0.7584835321350968,0.7684835321350968,0.7684835321350968,0.7684835321350968,0.7684835321350968
90,0.8244447045176528,0.8244447045176528,0.8544447045176529,0.8544447045176529,0.8544447045176529,0.8544447045176529,0.8544447045176529,0.8644447045176529,0.8594447045176529,0.8194447045176528,0.8394447045176529,0.8394447045176529,0.8394447045176529
91,0.7721978629921902,0.7721978629921902,0.7521978629921902,0.7521978629921902,0.7521978629921902,0.7421978629921901,0.7571978629921902,0.7571978629921902,0.7571978629921902,0.7571978629921902,0.7471978629921902,0.7471978629921902,0.7571978629921902
92,0.6862146797132636,0.6862146797132636,0.6862146797132636,0.6962146797132636,0.6962146797132636,0.6962146797132636,0.6962146797132636,0.6962146797132636,0.6962146797132636,0.7062146797132636,0.6962146797132636,0.6962146797132636,0.6962146797132636
93,0.7568195223189766,0.7468195223189766,0.7468195223189766,0.7568195223189766,0.7668195223189767,0.7868195223189767,0.7968195223189767,0.7918195223189767,0.7718195223189767,0.7618195223189766,0.7618195223189766,0.7618195223189766,0.7518195223189766
94,0.6202257752133848,0.6202257752133848,0.6302257752133849,0.6402257752133849,0.6402257752133849,0.6302257752133849,0.6302257752133849,0.6402257752133849,0.6202257752133848,0.6302257752133849,0.6302257752133849,0.6302257752133849,0.6302257752133849
95,0.6288482709160442,0.6288482709160442,0.6188482709160442,0.6088482709160442,0.6088482709160442,0.6188482709160442,0.6188482709160442,0.6538482709160442,0.6338482709160442,0.6338482709160442,0.6338482709160442,0.6338482709160442,0.6338482709160442
96,0.7531768020056128,0.7531768020056128,0.7431768020056128,0.7431768020056128,0.7531768020056128,0.7531768020056128,0.7631768020056128,0.7531768020056128,0.7531768020056128,0.7431768020056128,0.7431768020056128,0.7531768020056128,0.7231768020056127
97,0.6498028608881709,0.6498028608881709,0.6398028608881708,0.6398028608881708,0.6498028608881709,0.6598028608881709,0.6398028608881708,0.6498028608881709,0.6498028608881709,0.6298028608881708,0.6298028608881708,0.6298028608881708,0.6298028608881708
98,0.7663098936707281,0.7663098936707281,0.7763098936707281,0.7663098936707281,0.7863098936707281,0.7663098936707281,0.7563098936707281,0.7463098936707281,0.7463098936707281,0.7563098936707281,0.7463098936707281,0.7713098936707281,0.8013098936707281
99,0.614883829287604,0.604883829287604,0.594883829287604,0.604883829287604,0.604883829287604,0.584883829287604,0.574883829287604,0.584883829287604,0.594883829287604,0.574883829287604,0.584883829287604,0.604883829287604,0.624883829287604
100,0.6681187918887893,0.6681187918887893,0.6581187918887893,0.6581187918887893,0.6681187918887893,0.6381187918887893,0.6531187918887893,0.6431187918887893,0.6631187918887893,0.6631187918887893,0.6431187918887893,0.6331187918887893,0.6431187918887893
101,0.7139933424833106,0.7139933424833106,0.6939933424833106,0.7039933424833106,0.7039933424833106,0.7039933424833106,0.7339933424833106,0.7239933424833106,0.7339933424833106,0.7339933424833106,0.7439933424833106,0.7439933424833106,0.7339933424833106
102,0.7645617044741279,0.7345617044741278,0.7345617044741278,0.7345617044741278,0.7445617044741278,0.7545617044741278,0.7545617044741278,0.7445617044741278,0.7545617044741278,0.7945617044741279,0.7645617044741279,0.7845617044741279,0.7945617044741279
103,0.7002846251144552,0.6902846251144552,0.6902846251144552,0.7002846251144552,0.7002846251144552,0.7102846251144552,0.7002846251144552,0.6802846251144552,0.6902846251144552,0.6802846251144552,0.6902846251144552,0.7002846251144552,0.6902846251144552
104,0.6632971646643985,0.6932971646643985,0.7032971646643985,0.6832971646643985,0.6832971646643985,0.6832971646643985,0.6582971646643985,0.6682971646643985,0.6582971646643985,0.6782971646643985,0.6782971646643985,0.6682971646643985,0.6682971646643985
105,0.7570978471446943,0.7570978471446943,0.7570978471446943,0.7670978471446943,0.7870978471446943,0.7770978471446943,0.7870978471446943,0.7770978471446943,0.7670978471446943,0.7570978471446943,0.7370978471446943,0.7370978471446943,0.7370978471446943
106,0.6580884446215249,0.6480884446215249,0.668088444621525,0.6580884446215249,0.6580884446215249,0.678088444621525,0.678088444621525,0.678088444621525,0.698088444621525,0.698088444621525,0.693088444621525,0.693088444621525,0.693088444621525
107,0.7643982716882666,0.7843982716882666,0.7643982716882666,0.7743982716882666,0.7543982716882666,0.7543982716882666,0.7443982716882666,0.7443982716882666,0.7443982716882666,0.7543982716882666,0.7743982716882666,0.7843982716882666,0.8043982716882666
108,0.6407934985152335,0.6407934985152335,0.6507934985152335,0.6607934985152335,0.6507934985152335,0.6507934985152335,0.6807934985152335,0.6757934985152335,0.6657934985152335,0.6557934985152335,0.6557934985152335,0.6657934985152335,0.6357934985152335
109,0.7142079194104217,0.7142079194104217,0.7042079194104217,0.6942079194104217,0.6942079194104217,0.7242079194104217,0.7242079194104217,0.7242079194104217,0.7242079194104217,0.7242079194104217,0.7342079194104217,0.7142079194104217,0.7142079194104217
110,0.6349745249715669,0.6349745249715669,0.6349745249715669,0.6449745249715669,0.6549745249715669,0.6549745249715669,0.6549745249715669,0.6349745249715669,0.6349745249715669,0.6349745249715669,0.6349745249715669,0.6449745249715669,0.6349745249715669
111,0.6477886713861728,0.6377886713861728,0.6377886713861728,0.6477886713861728,0.6377886713861728,0.6277886713861728,0.6277886713861728,0.6277886713861728,0.6677886713861728,0.6677886713861728,0.6877886713861728,0.6577886713861728,0.6577886713861728
112,0.6895671746120356,0.6795671746120356,0.6995671746120357,0.6995671746120357,0.6795671746120356,0.6795671746120356,0.6895671746120356,0.7095671746120357,0.7095671746120357,0.6895671746120356,0.6895671746120356,0.6895671746120356,0.6895671746120356
113,0.6402417477981251,0.6702417477981252,0.6502417477981252,0.6302417477981251,0.6002417477981251,0.6002417477981251,0.6052417477981251,0.6152417477981251,0.6052417477981251,0.6052417477981251,0.6052417477981251,0.6152417477981251,0.6152417477981251
114,0.7315991918121595,0.7515991918121595,0.7515991918121595,0.7415991918121595,0.7415991918121595,0.7215991918121595,0.7215991918121595,0.7215991918121595,0.7215991918121595,0.7215991918121595,0.7015991918121595,0.7115991918121595,0.7115991918121595
115,0.6376324482351667,0.6376324482351667,0.6476324482351667,0.6376324482351667,0.6276324482351667,0.6276324482351667,0.6276324482351667,0.6476324482351667,0.6276324482351667,0.6276324482351667,0.6276324482351667,0.6376324482351667,0.6676324482351668
116,0.7314878493401611,0.7214878493401611,0.7114878493401611,0.7114878493401611,0.7114878493401611,0.7214878493401611,0.7214878493401611,0.7314878493401611,0.7214878493401611,0.7014878493401611,0.7014878493401611,0.691487849340161,0.691487849340161
117,0.6582643106613967,0.6682643106613967,0.6582643106613967,0.6582643106613967,0.6582643106613967,0.6582643106613967,0.6682643106613967,0.6582643106613967,0.6482643106613967,0.6682643106613967,0.6682643106613967,0.6782643106613967,0.6682643106613967
118,0.7176771871825632,0.7476771871825633,0.7476771871825633,0.7276771871825632,0.7276771871825632,0.7476771871825633,0.7476771871825633,0.7376771871825633,0.7376771871825633,0.7476771871825633,0.7476771871825633,0.7476771871825633,0.7476771871825633
119,0.6270032630192576,0.6070032630192576,0.5870032630192575,0.6070032630192576,0.6070032630192576,0.6270032630192576,0.6370032630192576,0.6470032630192576,0.6470032630192576,0.5970032630192575,0.5970032630192575,0.5870032630192575,0.6070032630192576
120,0.7804504825786489,0.7804504825786489,0.7704504825786489,0.7704504825786489,0.7804504825786489,0.7704504825786489,0.7604504825786489,0.7404504825786489,0.7454504825786489,0.7554504825786489,0.7554504825786489,0.7454504825786489,0.7554504825786489
121,0.6779647105697307,0.6979647105697308,0.6879647105697307,0.6879647105697307,0.6879647105697307,0.6879647105697307,0.6779647105697307,0.6679647105697307,0.6679647105697307,0.6679647105697307,0.6679647105697307,0.6379647105697307,0.6379647105697307
122,0.6082959438179552,0.5982959438179551,0.5982959438179551,0.5982959438179551,0.5882959438179551,0.5782959438179551,0.5782959438179551,0.5782959438179551,0.5682959438179551,0.5732959438179551,0.5732959438179551,0.5832959438179551,0.5732959438179551
123,0.493808915270781,0.513808915270781,0.513808915270781,0.503808915270781,0.503808915270781,0.49380891527078097,0.503808915270781,0.503808915270781,0.503808915270781,0.513808915270781,0.513808915270781,0.503808915270781,0.513808915270781
124,0.7310313186421276,0.7210313186421275,0.7010313186421275,0.6910313186421275,0.6910313186421275,0.6960313186421275,0.7160313186421275,0.7160313186421275,0.7260313186421276,0.7360313186421276,0.7160313186421275,0.7060313186421275,0.7160313186421275
125,0.6894348373273489,0.6894348373273489,0.6894348373273489,0.7094348373273489,0.6994348373273489,0.6794348373273489,0.6894348373273489,0.6994348373273489,0.6994348373273489,0.6894348373273489,0.6594348373273489,0.6794348373273489,0.6794348373273489
126,0.7095824815946807,0.6995824815946807,0.7095824815946807,0.7195824815946807,0.7195824815946807,0.7195824815946807,0.7195824815946807,0.7195824815946807,0.7195824815946807,0.7195824815946807,0.7295824815946808,0.7195824815946807,0.7295824815946808
127,0.8290114061148162,0.8090114061148161,0.7990114061148161,0.7990114061148161,0.8090114061148161,0.8090114061148161,0.7890114061148161,0.7990114061148161,0.8090114061148161,0.8090114061148161,0.8090114061148161,0.8090114061148161,0.7890114061148161
128,0.7220467357346971,0.7120467357346971,0.7120467357346971,0.7020467357346971,0.7120467357346971,0.7120467357346971,0.7120467357346971,0.7020467357346971,0.7020467357346971,0.6920467357346971,0.7020467357346971,0.7020467357346971,0.7220467357346971
129,0.7099464510925338,0.6999464510925338,0.6999464510925338,0.7099464510925338,0.7099464510925338,0.7099464510925338,0.7099464510925338,0.7099464510925338,0.7099464510925338,0.7099464510925338,0.6999464510925338,0.6899464510925338,0.6999464510925338
130,0.7093040574120972,0.7193040574120972,0.7193040574120972,0.7393040574120973,0.7393040574120973,0.7493040574120973,0.7493040574120973,0.7293040574120973,0.7293040574120973,0.7293040574120973,0.7293040574120973,0.7293040574120973,0.7293040574120973
131,0.7068528735606475,0.6868528735606475,0.6768528735606475,0.6768528735606475,0.6768528735606475,0.6768528735606475,0.6768528735606475,0.7168528735606475,0.7168528735606475,0.7168528735606475,0.7068528735606475,0.7068528735606475,0.7068528735606475
132,0.7656834675211736,0.7356834675211735,0.7356834675211735,0.7456834675211735,0.7456834675211735,0.7456834675211735,0.7456834675211735,0.7456834675211735,0.7456834675211735,0.7556834675211735,0.7256834675211735,0.7356834675211735,0.7356834675211735
133,0.7672114804618861,0.7272114804618861,0.7322114804618861,0.7422114804618861,0.7522114804618861,0.7322114804618861,0.7422114804618861,0.7322114804618861,0.7422114804618861,0.7422114804618861,0.7322114804618861,0.7522114804618861,0.7422114804618861
134,0.684477988697784,0.664477988697784,0.664477988697784,0.664477988697784,0.654477988697784,0.6444779886977839,0.649477988697784,0.659477988697784,0.659477988697784,0.659477988697784,0.659477988697784,0.659477988697784,0.649477988697784
135,0.6705253566552861,0.6505253566552861,0.6505253566552861,0.6405253566552861,0.6305253566552861,0.6355253566552861,0.6355253566552861,0.6355253566552861,0.6455253566552861,0.6455253566552861,0.6455253566552861,0.6555253566552861,0.6655253566552861
136,0.7087136963149141,0.7187136963149141,0.7187136963149141,0.6987136963149141,0.7087136963149141,0.7187136963149141,0.7187136963149141,0.7087136963149141,0.7087136963149141,0.6887136963149141,0.6987136963149141,0.7087136963149141,0.7287136963149141
137,0.7102532761582044,0.7202532761582044,0.7202532761582044,0.7202532761582044,0.7302532761582045,0.7202532761582044,0.7302532761582045,0.7302532761582045,0.7502532761582045,0.7452532761582045,0.7452532761582045,0.7452532761582045,0.7352532761582045
138,0.646213282038979,0.636213282038979,0.636213282038979,0.636213282038979,0.636213282038979,0.646213282038979,0.626213282038979,0.626213282038979,0.616213282038979,0.626213282038979,0.626213282038979,0.626213282038979,0.646213282038979
139,0.7365860376503436,0.7565860376503436,0.7565860376503436,0.7465860376503436,0.7465860376503436,0.7565860376503436,0.7565860376503436,0.7665860376503436,0.7665860376503436,0.7515860376503436,0.7415860376503436,0.7415860376503436,0.7615860376503436
140,0.6785532694597114,0.6785532694597114,0.6685532694597114,0.6685532694597114,0.6585532694597114,0.6685532694597114,0.6885532694597114,0.6885532694597114,0.6885532694597114,0.6885532694597114,0.6535532694597114,0.6735532694597114,0.6735532694597114
141,0.7623362827106798,0.7423362827106798,0.7523362827106798,0.7623362827106798,0.7623362827106798,0.7723362827106798,0.7823362827106798,0.7923362827106798,0.7923362827106798,0.7623362827106798,0.7623362827106798,0.7623362827106798,0.7623362827106798
142,0.715850978216756,0.715850978216756,0.705850978216756,0.705850978216756,0.705850978216756,0.725850978216756,0.725850978216756,0.715850978216756,0.695850978216756,0.685850978216756,0.705850978216756,0.705850978216756,0.735850978216756
143,0.6913524988214352,0.6913524988214352,0.6913524988214352,0.6813524988214352,0.6813524988214352,0.6913524988214352,0.6713524988214352,0.6513524988214352,0.6613524988214352,0.6613524988214352,0.6613524988214352,0.6713524988214352,0.6713524988214352
144,0.5489564258389935,0.5489564258389935,0.5389564258389935,0.5389564258389935,0.5389564258389935,0.5189564258389935,0.5289564258389935,0.5189564258389935,0.5189564258389935,0.5089564258389935,0.5089564258389935,0.5089564258389935,0.5089564258389935
145,0.7196353859200779,0.7196353859200779,0.7096353859200779,0.6896353859200779,0.6896353859200779,0.6896353859200779,0.7046353859200779,0.7046353859200779,0.7246353859200779,0.7146353859200779,0.7046353859200779,0.7146353859200779,0.6946353859200779
146,0.7194227091003622,0.7294227091003622,0.7094227091003622,0.7094227091003622,0.7194227091003622,0.7494227091003622,0.7344227091003622,0.7344227091003622,0.7244227091003622,0.7344227091003622,0.7644227091003623,0.7644227091003623,0.7644227091003623
147,0.7084367840806243,0.7084367840806243,0.6984367840806243,0.7084367840806243,0.7084367840806243,0.7184367840806243,0.7084367840806243,0.7084367840806243,0.7084367840806243,0.7184367840806243,0.7284367840806243,0.7084367840806243,0.7084367840806243
148,0.6711587666302675,0.6811587666302675,0.6911587666302675,0.6811587666302675,0.7011587666302675,0.7011587666302675,0.7011587666302675,0.6911587666302675,0.6911587666302675,0.6911587666302675,0.6911587666302675,0.6911587666302675,0.6811587666302675
149,0.7082936142196995,0.7082936142196995,0.7082936142196995,0.6882936142196995,0.6782936142196995,0.6782936142196995,0.6782936142196995,0.6782936142196995,0.6782936142196995,0.6782936142196995,0.6682936142196995,0.6682936142196995,0.6782936142196995
150,0.710502346398852,0.690502346398852,0.710502346398852,0.710502346398852,0.710502346398852,0.700502346398852,0.700502346398852,0.690502346398852,0.690502346398852,0.680502346398852,0.680502346398852,0.670502346398852,0.675502346398852
151,0.6418587030625323,0.6418587030625323,0.6418587030625323,0.6418587030625323,0.6418587030625323,0.6518587030625324,0.6618587030625324,0.6418587030625323,0.6518587030625324,0.6418587030625323,0.6318587030625323,0.6218587030625323,0.6118587030625323
152,0.641238330599148,0.621238330599148,0.631238330599148,0.621238330599148,0.621238330599148,0.621238330599148,0.651238330599148,0.651238330599148,0.651238330599148,0.651238330599148,0.651238330599148,0.621238330599148,0.631238330599148
153,0.7131217094946919,0.7131217094946919,0.7131217094946919,0.7131217094946919,0.7131217094946919,0.7231217094946919,0.7231217094946919,0.6931217094946919,0.6931217094946919,0.6931217094946919,0.6931217094946919,0.6931217094946919,0.6831217094946919
154,0.6481313948161469,0.6181313948161469,0.6181313948161469,0.6281313948161469,0.6181313948161469,0.6181313948161469,0.6281313948161469,0.6281313948161469,0.6381313948161469,0.6581313948161469,0.6481313948161469,0.6581313948161469,0.6581313948161469
155,0.6060944554976916,0.6160944554976916,0.6160944554976916,0.6260944554976916,0.6260944554976916,0.6260944554976916,0.6160944554976916,0.6360944554976916,0.6360944554976916,0.6360944554976916,0.6260944554976916,0.6060944554976916,0.6060944554976916
156,0.6025426355067005,0.6025426355067005,0.6025426355067005,0.6125426355067005,0.6025426355067005,0.6025426355067005,0.5925426355067005,0.5825426355067005,0.5925426355067005,0.6025426355067005,0.6125426355067005,0.6125426355067005,0.6125426355067005
157,0.7389962032677744,0.7489962032677744,0.7489962032677744,0.7489962032677744,0.7389962032677744,0.7489962032677744,0.7389962032677744,0.7289962032677744,0.7289962032677744,0.7489962032677744,0.7489962032677744,0.7389962032677744,0.7489962032677744
158,0.7126857595917623,0.7226857595917623,0.7226857595917623,0.7226857595917623,0.7326857595917623,0.7426857595917623,0.7526857595917623,0.7526857595917623,0.7526857595917623,0.7426857595917623,0.7226857595917623,0.6926857595917623,0.6826857595917623
159,0.7029312102858635,0.7229312102858635,0.7329312102858635,0.7229312102858635,0.7429312102858635,0.7329312102858635,0.7229312102858635,0.7129312102858635,0.7129312102858635,0.7129312102858635,0.7129312102858635,0.7029312102858635,0.7029312102858635
160,0.6360770720179598,0.6160770720179598,0.6160770720179598,0.6160770720179598,0.6160770720179598,0.6160770720179598,0.6160770720179598,0.6260770720179598,0.6360770720179598,0.6260770720179598,0.6260770720179598,0.6360770720179598,0.6360770720179598
161,0.711109823760966,0.691109823760966,0.691109823760966,0.691109823760966,0.681109823760966,0.681109823760966,0.701109823760966,0.691109823760966,0.711109823760966,0.721109823760966,0.711109823760966,0.711109823760966,0.711109823760966
162,0.6305532105425136,0.6405532105425136,0.6405532105425136,0.6405532105425136,0.6405532105425136,0.6405532105425136,0.6405532105425136,0.6405532105425136,0.6505532105425136,0.6505532105425136,0.6505532105425136,0.6405532105425136,0.6505532105425136
163,0.6305779564064503,0.6205779564064503,0.6205779564064503,0.6105779564064503,0.6005779564064503,0.6205779564064503,0.6005779564064503,0.5905779564064503,0.5955779564064503,0.6055779564064503,0.6055779564064503,0.6255779564064503,0.6255779564064503
164,0.6128154738849485,0.6128154738849485,0.6028154738849485,0.6028154738849485,0.5928154738849485,0.5728154738849485,0.5728154738849485,0.5728154738849485,0.5728154738849485,0.5828154738849485,0.5728154738849485,0.5778154738849485,0.5978154738849485
165,0.6281051875675279,0.6281051875675279,0.6181051875675279,0.6181051875675279,0.5981051875675278,0.5881051875675278,0.6081051875675278,0.6081051875675278,0.6181051875675279,0.6181051875675279,0.6181051875675279,0.6281051875675279,0.6281051875675279
166,0.767546279084058,0.767546279084058,0.767546279084058,0.777546279084058,0.777546279084058,0.777546279084058,0.767546279084058,0.7975462790840581,0.7975462790840581,0.7975462790840581,0.8075462790840581,0.8025462790840581,0.8025462790840581
167,0.7335085136385519,0.7235085136385518,0.7235085136385518,0.7235085136385518,0.7235085136385518,0.7435085136385519,0.7335085136385519,0.7335085136385519,0.7235085136385518,0.7135085136385518,0.7035085136385518,0.6935085136385518,0.6985085136385518
168,0.723552586743248,0.723552586743248,0.6935525867432479,0.708552586743248,0.708552586743248,0.718552586743248,0.708552586743248,0.718552586743248,0.718552586743248,0.718552586743248,0.718552586743248,0.718552586743248,0.718552586743248
169,0.6430171880197074,0.6430171880197074,0.6530171880197074,0.6330171880197074,0.6330171880197074,0.6130171880197074,0.6130171880197074,0.6030171880197074,0.6030171880197074,0.6030171880197074,0.6330171880197074,0.6630171880197074,0.6530171880197074
170,0.715895905106742,0.6958959051067419,0.725895905106742,0.715895905106742,0.7058959051067419,0.6858959051067419,0.6858959051067419,0.6858959051067419,0.7008959051067419,0.7008959051067419,0.7008959051067419,0.7008959051067419,0.720895905106742
171,0.5638704866873144,0.5638704866873144,0.5838704866873144,0.6038704866873145,0.6038704866873145,0.6038704866873145,0.5988704866873145,0.5888704866873145,0.5688704866873144,0.5488704866873144,0.5788704866873144,0.5888704866873145,0.5788704866873144
172,0.7571340223347622,0.7671340223347622,0.7571340223347622,0.7571340223347622,0.7471340223347622,0.7371340223347622,0.7271340223347622,0.7421340223347622,0.7521340223347622,0.7721340223347622,0.7721340223347622,0.7721340223347622,0.8021340223347623
173,0.6471068186553194,0.6471068186553194,0.6471068186553194,0.6371068186553194,0.6371068186553194,0.6371068186553194,0.6271068186553194,0.6271068186553194,0.6371068186553194,0.6371068186553194,0.6471068186553194,0.6371068186553194,0.6371068186553194
174,0.6626317219462008,0.6626317219462008,0.6626317219462008,0.6826317219462008,0.6726317219462008,0.6726317219462008,0.6826317219462008,0.6826317219462008,0.6826317219462008,0.6576317219462008,0.6676317219462008,0.6676317219462008,0.6776317219462008
175,0.5950898424710739,0.5950898424710739,0.6050898424710739,0.6050898424710739,0.5850898424710739,0.5750898424710739,0.5750898424710739,0.5750898424710739,0.5750898424710739,0.5750898424710739,0.5950898424710739,0.5850898424710739,0.5850898424710739
176,0.7063423833400295,0.6963423833400295,0.6963423833400295,0.6863423833400295,0.6863423833400295,0.6963423833400295,0.6963423833400295,0.7163423833400295,0.6963423833400295,0.6863423833400295,0.6863423833400295,0.7163423833400295,0.7163423833400295
177,0.7167820969300536,0.6967820969300536,0.6967820969300536,0.7217820969300536,0.7217820969300536,0.7217820969300536,0.7317820969300536,0.7317820969300536,0.7317820969300536,0.7417820969300536,0.7617820969300536,0.7617820969300536,0.7317820969300536
178,0.7354490430942096,0.7354490430942096,0.7354490430942096,0.7454490430942096,0.7254490430942095,0.7454490430942096,0.7554490430942096,0.7454490430942096,0.7354490430942096,0.7354490430942096,0.7254490430942095,0.7454490430942096,0.7554490430942096
179,0.6836928959889821,0.6736928959889821,0.6836928959889821,0.6936928959889821,0.6936928959889821,0.6836928959889821,0.6936928959889821,0.7136928959889821,0.7236928959889821,0.7236928959889821,0.7186928959889821,0.7086928959889821,0.7186928959889821
180,0.6744402637702213,0.6844402637702213,0.6844402637702213,0.6944402637702213,0.6944402637702213,0.6944402637702213,0.6944402637702213,0.6944402637702213,0.6944402637702213,0.6844402637702213,0.6944402637702213,0.6944402637702213,0.7044402637702213
181,0.706269488296083,0.686269488296083,0.666269488296083,0.666269488296083,0.671269488296083,0.671269488296083,0.681269488296083,0.671269488296083,0.671269488296083,0.681269488296083,0.701269488296083,0.671269488296083,0.671269488296083
182,0.6844984307840323,0.6944984307840323,0.6544984307840322,0.6444984307840322,0.6494984307840322,0.6594984307840323,0.6594984307840323,0.6594984307840323,0.6794984307840323,0.6794984307840323,0.6794984307840323,0.6594984307840323,0.6494984307840322
183,0.69280125682128,0.69280125682128,0.66280125682128,0.67780125682128,0.67780125682128,0.68780125682128,0.68780125682128,0.67780125682128,0.67780125682128,0.65780125682128,0.68780125682128,0.67780125682128,0.69780125682128
184,0.6381532570336965,0.6281532570336965,0.6381532570336965,0.6481532570336965,0.6681532570336965,0.6531532570336965,0.6431532570336965,0.6831532570336966,0.6531532570336965,0.6431532570336965,0.6531532570336965,0.6531532570336965,0.6531532570336965
185,0.7031507107675611,0.7031507107675611,0.7131507107675611,0.7131507107675611,0.6931507107675611,0.6831507107675611,0.6731507107675611,0.6731507107675611,0.6731507107675611,0.6731507107675611,0.6881507107675611,0.6781507107675611,0.6781507107675611
186,0.6461215629518169,0.6361215629518169,0.6361215629518169,0.6461215629518169,0.6461215629518169,0.6461215629518169,0.6461215629518169,0.6361215629518169,0.6661215629518169,0.6561215629518169,0.6461215629518169,0.6461215629518169,0.6461215629518169
187,0.7266187389034107,0.7166187389034107,0.7066187389034106,0.7066187389034106,0.7066187389034106,0.6966187389034106,0.7166187389034107,0.7166187389034107,0.7066187389034106,0.6966187389034106,0.6966187389034106,0.7066187389034106,0.7166187389034107
188,0.7536038412963293,0.7636038412963293,0.7736038412963293,0.7736038412963293,0.7936038412963293,0.7836038412963293,0.7636038412963293,0.7436038412963293,0.7336038412963293,0.7536038412963293,0.7436038412963293,0.7536038412963293,0.7436038412963293
189,0.7384440576342939,0.7184440576342939,0.7184440576342939,0.7184440576342939,0.7184440576342939,0.6984440576342938,0.7084440576342939,0.7234440576342939,0.7334440576342939,0.7334440576342939,0.7234440576342939,0.7234440576342939,0.7334440576342939
190,0.6463945983134108,0.6463945983134108,0.6463945983134108,0.6563945983134108,0.6263945983134108,0.6363945983134108,0.6363945983134108,0.6363945983134108,0.6363945983134108,0.6163945983134108,0.6313945983134108,0.6313945983134108,0.6213945983134108
191,0.6233127780663691,0.6233127780663691,0.6133127780663691,0.5933127780663691,0.583312778066369,0.583312778066369,0.583312778066369,0.583312778066369,0.6033127780663691,0.6033127780663691,0.6033127780663691,0.6033127780663691,0.5933127780663691
192,0.572431325175979,0.572431325175979,0.572431325175979,0.572431325175979,0.572431325175979,0.572431325175979,0.572431325175979,0.572431325175979,0.572431325175979,0.542431325175979,0.557431325175979,0.557431325175979,0.547431325175979
193,0.7203522108467334,0.7203522108467334,0.7203522108467334,0.7003522108467334,0.6903522108467334,0.7003522108467334,0.7003522108467334,0.7003522108467334,0.7253522108467334,0.7353522108467334,0.7353522108467334,0.7353522108467334,0.7353522108467334
194,0.7152166749432707,0.7052166749432707,0.7152166749432707,0.7452166749432707,0.7552166749432707,0.7552166749432707,0.7452166749432707,0.7452166749432707,0.7352166749432707,0.7552166749432707,0.7352166749432707,0.7352166749432707,0.7352166749432707
195,0.7573883378509679,0.7573883378509679,0.7673883378509679,0.7673883378509679,0.777388337850968,0.777388337850968,0.777388337850968,0.777388337850968,0.777388337850968,0.787388337850968,0.787388337850968,0.787388337850968,0.7723883378509679
196,0.7121337546462837,0.7321337546462837,0.7421337546462837,0.7221337546462837,0.7221337546462837,0.7121337546462837,0.7021337546462837,0.7121337546462837,0.7021337546462837,0.7021337546462837,0.7021337546462837,0.7021337546462837,0.7121337546462837
197,0.6521976951044931,0.6421976951044931,0.6321976951044931,0.6521976951044931,0.6421976951044931,0.6771976951044931,0.6771976951044931,0.6671976951044931,0.6871976951044931,0.6871976951044931,0.6871976951044931,0.6571976951044931,0.6571976951044931
198,0.6503961822457052,0.6603961822457052,0.6803961822457052,0.6703961822457052,0.6703961822457052,0.6703961822457052,0.6703961822457052,0.6453961822457052,0.6453961822457052,0.6453961822457052,0.6453961822457052,0.6553961822457052,0.6653961822457052
199,0.618544329486217,0.5985443294862169,0.5985443294862169,0.5985443294862169,0.5985443294862169,0.5985443294862169,0.5885443294862169,0.5985443294862169,0.608544329486217,0.643544329486217,0.623544329486217,0.623544329486217,0.643544329486217
200,0.7212352650938705,0.7212352650938705,0.7312352650938705,0.7412352650938705,0.7512352650938705,0.7312352650938705,0.7412352650938705,0.7312352650938705,0.7212352650938705,0.7312352650938705,0.7312352650938705,0.7312352650938705,0.7312352650938705
201,0.5885469397630854,0.5885469397630854,0.5785469397630854,0.5685469397630853,0.5785469397630854,0.5785469397630854,0.5785469397630854,0.5985469397630854,0.5885469397630854,0.5985469397630854,0.6085469397630854,0.6085469397630854,0.6085469397630854
202,0.6115482951343612,0.6315482951343612,0.6115482951343612,0.6215482951343612,0.6415482951343612,0.6265482951343612,0.6065482951343611,0.6065482951343611,0.6065482951343611,0.5965482951343611,0.5865482951343611,0.5865482951343611,0.5765482951343611
203,0.7596849927079068,0.7596849927079068,0.7796849927079068,0.7996849927079068,0.7996849927079068,0.7946849927079068,0.7846849927079068,0.7846849927079068,0.7946849927079068,0.7846849927079068,0.7946849927079068,0.7946849927079068,0.7846849927079068
204,0.7646823372982067,0.7546823372982067,0.7546823372982067,0.7446823372982067,0.7546823372982067,0.7646823372982067,0.7646823372982067,0.7746823372982067,0.7546823372982067,0.7546823372982067,0.7846823372982067,0.7646823372982067,0.7646823372982067
205,0.7532266768124166,0.7532266768124166,0.7532266768124166,0.7532266768124166,0.7532266768124166,0.7432266768124166,0.7132266768124166,0.7332266768124166,0.7132266768124166,0.7182266768124166,0.7282266768124166,0.7382266768124166,0.7482266768124166
206,0.6835177956931516,0.6835177956931516,0.6935177956931516,0.7135177956931517,0.7135177956931517,0.7135177956931517,0.7135177956931517,0.7135177956931517,0.7035177956931516,0.7035177956931516,0.6835177956931516,0.6835177956931516,0.6835177956931516
207,0.6203942335893352,0.6203942335893352,0.6203942335893352,0.6203942335893352,0.6103942335893352,0.6203942335893352,0.6303942335893352,0.6403942335893352,0.6403942335893352,0.6403942335893352,0.6403942335893352,0.6403942335893352,0.6503942335893352
208,0.6212304843801534,0.6212304843801534,0.6112304843801534,0.5912304843801534,0.6012304843801534,0.5812304843801533,0.5812304843801533,0.6012304843801534,0.6012304843801534,0.5812304843801533,0.5812304843801533,0.5862304843801533,0.5962304843801534
209,0.6926200924832512,0.6926200924832512,0.7026200924832512,0.7326200924832512,0.7326200924832512,0.7126200924832512,0.7226200924832512,0.7076200924832512,0.7076200924832512,0.7276200924832512,0.7176200924832512,0.6976200924832512,0.7076200924832512
210,0.6597068716212489,0.6597068716212489,0.6697068716212489,0.6697068716212489,0.6697068716212489,0.6897068716212489,0.6897068716212489,0.6897068716212489,0.6997068716212489,0.6947068716212489,0.6847068716212489,0.6847068716212489,0.6947068716212489
211,0.5663044577580997,0.5663044577580997,0.5563044577580997,0.5463044577580997,0.5463044577580997,0.5463044577580997,0.5563044577580997,0.5563044577580997,0.5563044577580997,0.5463044577580997,0.5463044577580997,0.5463044577580997,0.5363044577580997
212,0.7640631522678145,0.7540631522678145,0.7440631522678145,0.7340631522678145,0.7440631522678145,0.7440631522678145,0.7640631522678145,0.7640631522678145,0.7540631522678145,0.7540631522678145,0.7540631522678145,0.7540631522678145,0.7890631522678145
213,0.6776837761933576,0.6576837761933576,0.6376837761933576,0.6376837761933576,0.6676837761933576,0.6576837761933576,0.6676837761933576,0.6676837761933576,0.6876837761933576,0.6776837761933576,0.6776837761933576,0.6576837761933576,0.6576837761933576
214,0.683450793175172,0.683450793175172,0.683450793175172,0.683450793175172,0.693450793175172,0.673450793175172,0.663450793175172,0.688450793175172,0.698450793175172,0.698450793175172,0.698450793175172,0.698450793175172,0.688450793175172
215,0.7844543219390651,0.7844543219390651,0.7844543219390651,0.7844543219390651,0.7844543219390651,0.8044543219390651,0.7844543219390651,0.7944543219390651,0.8044543219390651,0.8044543219390651,0.779454321939065,0.779454321939065,0.7894543219390651
216,0.6579157567020897,0.6579157567020897,0.6579157567020897,0.6679157567020897,0.6679157567020897,0.6679157567020897,0.6479157567020897,0.6379157567020897,0.6279157567020897,0.6279157567020897,0.6479157567020897,0.6279157567020897,0.6279157567020897
217,0.6864099648338632,0.6964099648338632,0.6764099648338632,0.6764099648338632,0.6764099648338632,0.6664099648338632,0.6664099648338632,0.6464099648338631,0.6464099648338631,0.6514099648338632,0.6514099648338632,0.6614099648338632,0.6614099648338632
218,0.7269496004442981,0.7269496004442981,0.7169496004442981,0.7269496004442981,0.7269496004442981,0.7269496004442981,0.7369496004442981,0.7369496004442981,0.7369496004442981,0.7469496004442981,0.7369496004442981,0.7269496004442981,0.7169496004442981
219,0.6346152169583161,0.6246152169583161,0.6246152169583161,0.6246152169583161,0.6246152169583161,0.6246152169583161,0.5946152169583161,0.5946152169583161,0.5946152169583161,0.6046152169583161,0.5946152169583161,0.5946152169583161,0.5996152169583161
220,0.6972504239787707,0.6972504239787707,0.6972504239787707,0.6772504239787707,0.6772504239787707,0.6572504239787706,0.6622504239787707,0.6722504239787707,0.6622504239787707,0.6822504239787707,0.6822504239787707,0.6822504239787707,0.6722504239787707
221,0.6678907792286913,0.6678907792286913,0.6978907792286914,0.6978907792286914,0.6978907792286914,0.6828907792286913,0.6928907792286914,0.7028907792286914,0.7028907792286914,0.6928907792286914,0.6828907792286913,0.6828907792286913,0.6828907792286913
222,0.6620523696732105,0.6520523696732105,0.6720523696732105,0.6620523696732105,0.6620523696732105,0.6620523696732105,0.6720523696732105,0.6920523696732105,0.6720523696732105,0.6720523696732105,0.6720523696732105,0.6520523696732105,0.6520523696732105
223,0.776912469373684,0.776912469373684,0.786912469373684,0.796912469373684,0.786912469373684,0.776912469373684,0.776912469373684,0.756912469373684,0.776912469373684,0.776912469373684,0.796912469373684,0.796912469373684,0.796912469373684
224,0.7355602686710904,0.7355602686710904,0.7655602686710904,0.7755602686710904,0.7755602686710904,0.7755602686710904,0.7755602686710904,0.7755602686710904,0.7755602686710904,0.7755602686710904,0.7655602686710904,0.7755602686710904,0.7705602686710904
225,0.6590219097386476,0.6490219097386476,0.6690219097386476,0.6690219097386476,0.6690219097386476,0.6690219097386476,0.6490219097386476,0.6490219097386476,0.6490219097386476,0.6490219097386476,0.6490219097386476,0.6590219097386476,0.6790219097386476
226,0.695128592758839,0.675128592758839,0.675128592758839,0.685128592758839,0.715128592758839,0.690128592758839,0.680128592758839,0.680128592758839,0.680128592758839,0.670128592758839,0.680128592758839,0.680128592758839,0.680128592758839
227,0.7290731344068477,0.7290731344068477,0.7190731344068477,0.7190731344068477,0.7190731344068477,0.7090731344068477,0.7090731344068477,0.7190731344068477,0.7190731344068477,0.7090731344068477,0.6990731344068477,0.6990731344068477,0.6890731344068477
228,0.6840812809440634,0.6840812809440634,0.6840812809440634,0.6840812809440634,0.6940812809440634,0.6940812809440634,0.6940812809440634,0.6640812809440634,0.6840812809440634,0.6640812809440634,0.6640812809440634,0.6540812809440634,0.6740812809440634
229,0.640770399095793,0.650770399095793,0.650770399095793,0.660770399095793,0.660770399095793,0.650770399095793,0.6807703990957931,0.6757703990957931,0.665770399095793,0.665770399095793,0.655770399095793,0.645770399095793,0.645770399095793
230,0.6434783676329281,0.6434783676329281,0.6234783676329281,0.6134783676329281,0.6284783676329281,0.6184783676329281,0.6184783676329281,0.6384783676329281,0.6484783676329281,0.6484783676329281,0.6584783676329281,0.6584783676329281,0.6484783676329281
231,0.7582543153139508,0.7782543153139508,0.7782543153139508,0.7782543153139508,0.7582543153139508,0.7382543153139508,0.7282543153139508,0.7282543153139508,0.7282543153139508,0.7282543153139508,0.7282543153139508,0.7282543153139508,0.7282543153139508
232,0.6696518641329763,0.6796518641329763,0.6696518641329763,0.6596518641329763,0.6596518641329763,0.6396518641329763,0.6396518641329763,0.6496518641329763,0.6496518641329763,0.6496518641329763,0.6596518641329763,0.6696518641329763,0.6496518641329763
233,0.7245886417844707,0.7345886417844707,0.7345886417844707,0.7245886417844707,0.7245886417844707,0.7345886417844707,0.7445886417844707,0.7445886417844707,0.7045886417844707,0.6945886417844707,0.6845886417844707,0.6845886417844707,0.6845886417844707
234,0.6639616420388256,0.6739616420388256,0.6839616420388256,0.6739616420388256,0.6839616420388256,0.6839616420388256,0.6939616420388256,0.6939616420388256,0.6939616420388256,0.6939616420388256,0.6939616420388256,0.6639616420388256,0.6639616420388256
235,0.6628959350779193,0.6628959350779193,0.6628959350779193,0.6828959350779193,0.6828959350779193,0.6528959350779193,0.6528959350779193,0.6428959350779193,0.6528959350779193,0.6528959350779193,0.6528959350779193,0.6528959350779193,0.6428959350779193
236,0.7635257873955489,0.7535257873955489,0.7535257873955489,0.7235257873955488,0.7435257873955489,0.7635257873955489,0.7735257873955489,0.7635257873955489,0.7635257873955489,0.7535257873955489,0.7535257873955489,0.7735257873955489,0.7735257873955489
237,0.7216024667998712,0.7416024667998712,0.7416024667998712,0.7416024667998712,0.7416024667998712,0.7316024667998712,0.7316024667998712,0.7316024667998712,0.7316024667998712,0.7216024667998712,0.7216024667998712,0.7016024667998711,0.6816024667998711
238,0.6816475796970927,0.6816475796970927,0.6716475796970927,0.6616475796970926,0.6616475796970926,0.6616475796970926,0.6416475796970926,0.6516475796970926,0.6616475796970926,0.6616475796970926,0.6416475796970926,0.6466475796970926,0.6466475796970926
239,0.6420343569160386,0.6520343569160386,0.6420343569160386,0.6520343569160386,0.6620343569160386,0.6620343569160386,0.6620343569160386,0.6520343569160386,0.6620343569160386,0.6620343569160386,0.6620343569160386,0.6620343569160386,0.6620343569160386
240,0.6455896694097336,0.6555896694097336,0.6455896694097336,0.6655896694097336,0.6655896694097336,0.6755896694097336,0.6855896694097336,0.6805896694097336,0.6705896694097336,0.6505896694097336,0.6505896694097336,0.6505896694097336,0.6505896694097336
241,0.7330076547404063,0.7330076547404063,0.7330076547404063,0.7130076547404063,0.7130076547404063,0.7130076547404063,0.7130076547404063,0.6930076547404063,0.6980076547404063,0.7080076547404063,0.7080076547404063,0.6880076547404063,0.6880076547404063
242,0.6546943553244017,0.6746943553244017,0.6746943553244017,0.6546943553244017,0.6746943553244017,0.6746943553244017,0.6746943553244017,0.6746943553244017,0.6746943553244017,0.6746943553244017,0.6746943553244017,0.6946943553244017,0.6896943553244017
243,0.6637395170742001,0.6637395170742001,0.6737395170742001,0.6837395170742001,0.6937395170742001,0.6787395170742001,0.6887395170742001,0.6987395170742001,0.6987395170742001,0.6987395170742001,0.6887395170742001,0.6687395170742001,0.6687395170742001
244,0.7947865096993361,0.7947865096993361,0.7947865096993361,0.774786509699336,0.764786509699336,0.764786509699336,0.774786509699336,0.7947865096993361,0.7947865096993361,0.7947865096993361,0.784786509699336,0.774786509699336,0.784786509699336
245,0.5701365769978056,0.5501365769978056,0.5601365769978056,0.5601365769978056,0.5601365769978056,0.5601365769978056,0.5501365769978056,0.5501365769978056,0.5701365769978056,0.5701365769978056,0.5701365769978056,0.5701365769978056,0.5701365769978056
246,0.6660113544201804,0.6660113544201804,0.6560113544201804,0.6660113544201804,0.6660113544201804,0.6560113544201804,0.6560113544201804,0.6560113544201804,0.6560113544201804,0.6460113544201804,0.6460113544201804,0.6360113544201804,0.6560113544201804
247,0.7098230289304114,0.6898230289304114,0.6898230289304114,0.6898230289304114,0.6898230289304114,0.6998230289304114,0.7198230289304114,0.7398230289304114,0.7498230289304114,0.7448230289304114,0.7348230289304114,0.7148230289304114,0.7148230289304114
248,0.660738133278128,0.670738133278128,0.670738133278128,0.670738133278128,0.660738133278128,0.660738133278128,0.660738133278128,0.650738133278128,0.670738133278128,0.680738133278128,0.690738133278128,0.690738133278128,0.690738133278128
249,0.6383313331204858,0.6383313331204858,0.6383313331204858,0.6583313331204859,0.6783313331204859,0.6783313331204859,0.6733313331204859,0.6733313331204859,0.6733313331204859,0.6733313331204859,0.6533313331204859,0.6533313331204859,0.6533313331204859
250,0.669165131636778,0.669165131636778,0.679165131636778,0.6991651316367781,0.7091651316367781,0.6991651316367781,0.7091651316367781,0.7091651316367781,0.7091651316367781,0.7091651316367781,0.7041651316367781,0.6941651316367781,0.7041651316367781
251,0.709101280185881,0.689101280185881,0.669101280185881,0.679101280185881,0.699101280185881,0.689101280185881,0.689101280185881,0.689101280185881,0.714101280185881,0.714101280185881,0.714101280185881,0.704101280185881,0.704101280185881
252,0.658047970712272,0.668047970712272,0.668047970712272,0.668047970712272,0.668047970712272,0.668047970712272,0.688047970712272,0.688047970712272,0.673047970712272,0.673047970712272,0.673047970712272,0.673047970712272,0.663047970712272
253,0.7462387544838307,0.7262387544838307,0.7262387544838307,0.7262387544838307,0.7262387544838307,0.7262387544838307,0.7262387544838307,0.7462387544838307,0.7462387544838307,0.7562387544838307,0.7562387544838307,0.7562387544838307,0.7562387544838307
254,0.687834510509956,0.687834510509956,0.697834510509956,0.697834510509956,0.697834510509956,0.677834510509956,0.677834510509956,0.697834510509956,0.687834510509956,0.677834510509956,0.657834510509956,0.657834510509956,0.687834510509956
255,0.7408827399951886,0.7408827399951886,0.7108827399951886,0.7208827399951886,0.7008827399951886,0.7008827399951886,0.7008827399951886,0.7108827399951886,0.7258827399951886,0.7258827399951886,0.7158827399951886,0.7358827399951886,0.7158827399951886
256,0.670115995536524,0.660115995536524,0.670115995536524,0.690115995536524,0.680115995536524,0.680115995536524,0.690115995536524,0.690115995536524,0.690115995536524,0.660115995536524,0.650115995536524,0.640115995536524,0.650115995536524
257,0.6956144390225298,0.7056144390225298,0.7156144390225299,0.7156144390225299,0.7156144390225299,0.7156144390225299,0.7256144390225299,0.7056144390225298,0.7056144390225298,0.7056144390225298,0.7256144390225299,0.7256144390225299,0.7256144390225299
258,0.5900201900112175,0.5900201900112175,0.6000201900112175,0.5900201900112175,0.5900201900112175,0.6000201900112175,0.6200201900112176,0.6200201900112176,0.6000201900112175,0.6100201900112175,0.6100201900112175,0.6000201900112175,0.6000201900112175
259,0.7753669462392931,0.7753669462392931,0.7753669462392931,0.7753669462392931,0.7653669462392931,0.7753669462392931,0.7553669462392931,0.7653669462392931,0.7553669462392931,0.7553669462392931,0.7553669462392931,0.7653669462392931,0.7653669462392931
260,0.6860079920425063,0.6860079920425063,0.6860079920425063,0.6860079920425063,0.6760079920425063,0.6660079920425063,0.6760079920425063,0.6660079920425063,0.6660079920425063,0.6860079920425063,0.7060079920425063,0.7260079920425063,0.7260079920425063
261,0.650813027418343,0.660813027418343,0.660813027418343,0.650813027418343,0.660813027418343,0.670813027418343,0.650813027418343,0.650813027418343,0.650813027418343,0.640813027418343,0.640813027418343,0.650813027418343,0.650813027418343
262,0.6978355825351502,0.6978355825351502,0.6978355825351502,0.6978355825351502,0.6978355825351502,0.7078355825351502,0.7078355825351502,0.6978355825351502,0.6878355825351502,0.6878355825351502,0.6878355825351502,0.6778355825351502,0.6778355825351502
263,0.7535224244476165,0.7535224244476165,0.7535224244476165,0.7535224244476165,0.7335224244476165,0.7235224244476165,0.7235224244476165,0.7135224244476165,0.7185224244476165,0.7185224244476165,0.7285224244476165,0.7185224244476165,0.7185224244476165
264,0.7563787586136524,0.7563787586136524,0.7863787586136525,0.7963787586136525,0.7913787586136525,0.7913787586136525,0.7913787586136525,0.7813787586136525,0.7913787586136525,0.7813787586136525,0.7813787586136525,0.7613787586136525,0.7613787586136525
265,0.6850792621961954,0.6650792621961954,0.6550792621961954,0.6550792621961954,0.6450792621961954,0.6500792621961954,0.6600792621961954,0.6700792621961954,0.6700792621961954,0.6800792621961954,0.6600792621961954,0.6600792621961954,0.6600792621961954
266,0.6230263180254886,0.6130263180254886,0.6130263180254886,0.6230263180254886,0.6130263180254886,0.6130263180254886,0.6130263180254886,0.6130263180254886,0.6030263180254886,0.6030263180254886,0.6030263180254886,0.6030263180254886,0.6030263180254886
267,0.6908049377917607,0.6708049377917606,0.6608049377917606,0.6708049377917606,0.6708049377917606,0.6508049377917606,0.6508049377917606,0.6558049377917606,0.6658049377917606,0.6558049377917606,0.6558049377917606,0.6758049377917607,0.6858049377917607
268,0.6820048166323316,0.6820048166323316,0.6920048166323316,0.6920048166323316,0.6920048166323316,0.6570048166323316,0.6670048166323316,0.6670048166323316,0.6970048166323316,0.6970048166323316,0.7170048166323316,0.7170048166323316,0.7070048166323316
269,0.7530918956957833,0.7430918956957833,0.7430918956957833,0.7330918956957833,0.7230918956957832,0.7230918956957832,0.7330918956957833,0.7130918956957832,0.7130918956957832,0.7130918956957832,0.7130918956957832,0.7230918956957832,0.7330918956957833
270,0.6983142109480747,0.6983142109480747,0.6883142109480747,0.6883142109480747,0.6883142109480747,0.6883142109480747,0.6983142109480747,0.7283142109480747,0.7283142109480747,0.7183142109480747,0.7383142109480747,0.7333142109480747,0.7333142109480747
271,0.6862598867039714,0.7062598867039714,0.7062598867039714,0.7162598867039714,0.7012598867039714,0.7112598867039714,0.7212598867039715,0.7112598867039714,0.7012598867039714,0.7112598867039714,0.7112598867039714,0.7012598867039714,0.6912598867039714
272,0.7480992088072461,0.7580992088072461,0.7680992088072461,0.7480992088072461,0.7580992088072461,0.7680992088072461,0.7680992088072461,0.7580992088072461,0.7580992088072461,0.7580992088072461,0.7580992088072461,0.7580992088072461,0.7580992088072461
273,0.7267382962775849,0.7267382962775849,0.7267382962775849,0.7367382962775849,0.7367382962775849,0.7167382962775849,0.7067382962775849,0.7067382962775849,0.7167382962775849,0.7267382962775849,0.7267382962775849,0.7267382962775849,0.7267382962775849
274,0.7721719015398966,0.7721719015398966,0.7721719015398966,0.7721719015398966,0.7921719015398966,0.7921719015398966,0.7921719015398966,0.8121719015398966,0.8071719015398966,0.8071719015398966,0.7971719015398966,0.7971719015398966,0.8071719015398966
275,0.7020995081614495,0.7020995081614495,0.7020995081614495,0.7120995081614495,0.7120995081614495,0.7120995081614495,0.7020995081614495,0.7020995081614495,0.7020995081614495,0.6920995081614495,0.7020995081614495,0.6920995081614495,0.6920995081614495
276,0.6712884998184445,0.6712884998184445,0.6712884998184445,0.6612884998184445,0.6612884998184445,0.6712884998184445,0.6612884998184445,0.6812884998184445,0.6712884998184445,0.6912884998184445,0.6812884998184445,0.6712884998184445,0.6712884998184445
277,0.7685853518610097,0.7785853518610097,0.7785853518610097,0.8085853518610098,0.8085853518610098,0.8085853518610098,0.8085853518610098,0.7785853518610097,0.7685853518610097,0.7785853518610097,0.7785853518610097,0.7785853518610097,0.8085853518610098
278,0.687534677719194,0.667534677719194,0.687534677719194,0.697534677719194,0.667534677719194,0.6575346777191939,0.6475346777191939,0.6475346777191939,0.6475346777191939,0.6475346777191939,0.6475346777191939,0.6475346777191939,0.6475346777191939
279,0.7876565568904277,0.8076565568904277,0.8076565568904277,0.7976565568904277,0.7976565568904277,0.7976565568904277,0.7976565568904277,0.7876565568904277,0.7876565568904277,0.7976565568904277,0.7876565568904277,0.7676565568904277,0.7676565568904277
280,0.6884307949224276,0.6784307949224276,0.6784307949224276,0.6784307949224276,0.6884307949224276,0.6784307949224276,0.6684307949224276,0.6584307949224276,0.6484307949224276,0.6484307949224276,0.6534307949224276,0.6534307949224276,0.6534307949224276
281,0.6845521147261755,0.7045521147261755,0.7045521147261755,0.6845521147261755,0.6845521147261755,0.6745521147261755,0.6545521147261755,0.6445521147261755,0.6495521147261755,0.6695521147261755,0.6695521147261755,0.6795521147261755,0.6795521147261755
282,0.6187954161833916,0.6187954161833916,0.6487954161833916,0.6287954161833916,0.6287954161833916,0.6387954161833916,0.6587954161833917,0.6587954161833917,0.6537954161833917,0.6437954161833916,0.6237954161833916,0.6237954161833916,0.6137954161833916
283,0.7563869209471639,0.7463869209471639,0.7563869209471639,0.7563869209471639,0.7563869209471639,0.7463869209471639,0.7463869209471639,0.7363869209471638,0.7163869209471638,0.7213869209471638,0.7213869209471638,0.7213869209471638,0.7313869209471638
284,0.5952996068420069,0.5952996068420069,0.6052996068420069,0.6052996068420069,0.5952996068420069,0.5952996068420069,0.5952996068420069,0.6052996068420069,0.5952996068420069,0.5952996068420069,0.5952996068420069,0.5952996068420069,0.5852996068420069
285,0.6953905580895969,0.6953905580895969,0.6953905580895969,0.6953905580895969,0.6953905580895969,0.6853905580895969,0.6853905580895969,0.6853905580895969,0.6853905580895969,0.6853905580895969,0.6753905580895969,0.6853905580895969,0.6953905580895969
286,0.6083210166563312,0.6383210166563312,0.6383210166563312,0.6283210166563312,0.6183210166563312,0.6183210166563312,0.6283210166563312,0.6283210166563312,0.6383210166563312,0.6283210166563312,0.6383210166563312,0.6233210166563312,0.6233210166563312
287,0.6708274791986761,0.6708274791986761,0.6608274791986761,0.6508274791986761,0.6508274791986761,0.6508274791986761,0.6508274791986761,0.6508274791986761,0.6508274791986761,0.6508274791986761,0.6508274791986761,0.6608274791986761,0.6508274791986761
288,0.7330737956850427,0.7330737956850427,0.7330737956850427,0.7230737956850427,0.7230737956850427,0.7130737956850427,0.7130737956850427,0.7130737956850427,0.7230737956850427,0.7230737956850427,0.7030737956850427,0.7030737956850427,0.7230737956850427
289,0.6956476238949405,0.7056476238949405,0.6956476238949405,0.7056476238949405,0.6956476238949405,0.6856476238949405,0.7056476238949405,0.7156476238949405,0.7156476238949405,0.6956476238949405,0.6956476238949405,0.6956476238949405,0.6956476238949405
290,0.6379760409384976,0.6179760409384976,0.6179760409384976,0.6179760409384976,0.6279760409384976,0.6179760409384976,0.6279760409384976,0.6279760409384976,0.6179760409384976,0.6279760409384976,0.6279760409384976,0.6179760409384976,0.5979760409384975
291,0.7015522237868205,0.7015522237868205,0.7015522237868205,0.7115522237868205,0.7015522237868205,0.6915522237868205,0.6815522237868205,0.6915522237868205,0.7115522237868205,0.7115522237868205,0.7115522237868205,0.7015522237868205,0.6815522237868205
292,0.6973534494812303,0.6873534494812303,0.6873534494812303,0.6873534494812303,0.6773534494812303,0.6873534494812303,0.6873534494812303,0.6573534494812303,0.6623534494812303,0.6723534494812303,0.6723534494812303,0.6723534494812303,0.7023534494812304
293,0.7040327823660121,0.7140327823660121,0.7240327823660121,0.7340327823660121,0.7140327823660121,0.7140327823660121,0.7240327823660121,0.7240327823660121,0.7240327823660121,0.7240327823660121,0.7340327823660121,0.7240327823660121,0.7240327823660121
294,0.7158495507321456,0.7158495507321456,0.7158495507321456,0.7158495507321456,0.7158495507321456,0.7458495507321456,0.7458495507321456,0.7558495507321457,0.7558495507321457,0.7558495507321457,0.7458495507321456,0.7558495507321457,0.7508495507321457
295,0.6946402512899006,0.7046402512899006,0.7046402512899006,0.7046402512899006,0.7346402512899006,0.7146402512899006,0.7146402512899006,0.7046402512899006,0.6946402512899006,0.7246402512899006,0.7096402512899006,0.7096402512899006,0.7296402512899006
296,0.6740286385988501,0.6740286385988501,0.6740286385988501,0.6740286385988501,0.6740286385988501,0.6640286385988501,0.6640286385988501,0.6340286385988501,0.6390286385988501,0.6490286385988501,0.6390286385988501,0.6390286385988501,0.6490286385988501
297,0.6380546680677897,0.6380546680677897,0.6380546680677897,0.6380546680677897,0.6380546680677897,0.6080546680677896,0.6080546680677896,0.6230546680677896,0.6330546680677896,0.6330546680677896,0.6530546680677897,0.6630546680677897,0.6630546680677897
298,0.6571525927854757,0.6571525927854757,0.6571525927854757,0.6571525927854757,0.6471525927854757,0.6471525927854757,0.6671525927854757,0.6671525927854757,0.6871525927854757,0.6871525927854757,0.6871525927854757,0.6671525927854757,0.6671525927854757
299,0.6568638538036228,0.6668638538036228,0.6668638538036228,0.6768638538036228,0.6518638538036228,0.6618638538036228,0.6518638538036228,0.6518638538036228,0.6318638538036228,0.6218638538036227,0.6218638538036227,0.6218638538036227,0.6218638538036227
300,0.6775103430345107,0.6675103430345107,0.6575103430345107,0.6575103430345107,0.6775103430345107,0.6675103430345107,0.6875103430345108,0.6975103430345108,0.6775103430345107,0.6775103430345107,0.6775103430345107,0.6975103430345108,0.6975103430345108
301,0.5653988124412783,0.5453988124412783,0.5253988124412783,0.5353988124412783,0.5453988124412783,0.5653988124412783,0.5653988124412783,0.5653988124412783,0.5753988124412783,0.5753988124412783,0.5653988124412783,0.5753988124412783,0.5753988124412783
302,0.6737982978786119,0.6737982978786119,0.6737982978786119,0.6737982978786119,0.6537982978786119,0.6637982978786119,0.6987982978786119,0.6987982978786119,0.7087982978786119,0.7087982978786119,0.6987982978786119,0.7087982978786119,0.7087982978786119
303,0.6602279108382707,0.6602279108382707,0.6802279108382707,0.6802279108382707,0.6802279108382707,0.6902279108382707,0.7002279108382707,0.7002279108382707,0.7002279108382707,0.7002279108382707,0.7002279108382707,0.7002279108382707,0.7002279108382707
304,0.8038055096115688,0.8038055096115688,0.8038055096115688,0.8038055096115688,0.8038055096115688,0.7838055096115688,0.7838055096115688,0.7638055096115688,0.7638055096115688,0.7738055096115688,0.7738055096115688,0.7838055096115688,0.7938055096115688
305,0.6277752869637097,0.6277752869637097,0.6077752869637096,0.6177752869637096,0.6177752869637096,0.6077752869637096,0.6077752869637096,0.6077752869637096,0.6077752869637096,0.6077752869637096,0.6277752869637097,0.6077752869637096,0.6077752869637096
306,0.7208717575912964,0.7108717575912964,0.7108717575912964,0.7008717575912964,0.7008717575912964,0.7008717575912964,0.7008717575912964,0.6908717575912964,0.7058717575912964,0.6958717575912964,0.6758717575912964,0.6758717575912964,0.6758717575912964
307,0.7078955428705941,0.6978955428705941,0.6878955428705941,0.6878955428705941,0.6878955428705941,0.6878955428705941,0.6778955428705941,0.6878955428705941,0.667895542870594,0.6778955428705941,0.6778955428705941,0.6778955428705941,0.6778955428705941
308,0.6636319989760339,0.6536319989760339,0.6436319989760338,0.6436319989760338,0.6336319989760338,0.6336319989760338,0.6336319989760338,0.6536319989760339,0.6436319989760338,0.6436319989760338,0.6436319989760338,0.6436319989760338,0.6536319989760339
309,0.6314197643295208,0.6314197643295208,0.6214197643295208,0.6214197643295208,0.6014197643295208,0.6014197643295208,0.6014197643295208,0.6114197643295208,0.6114197643295208,0.6114197643295208,0.6114197643295208,0.6214197643295208,0.6014197643295208
310,0.662447797361486,0.662447797361486,0.662447797361486,0.662447797361486,0.662447797361486,0.662447797361486,0.662447797361486,0.682447797361486,0.692447797361486,0.682447797361486,0.662447797361486,0.672447797361486,0.672447797361486
311,0.7071015242791093,0.7071015242791093,0.7071015242791093,0.6971015242791093,0.6971015242791093,0.6971015242791093,0.6871015242791093,0.6971015242791093,0.6771015242791093,0.6771015242791093,0.6771015242791093,0.6921015242791093,0.6721015242791093
312,0.6956691123800819,0.6756691123800819,0.6756691123800819,0.6756691123800819,0.6756691123800819,0.6756691123800819,0.6956691123800819,0.6956691123800819,0.6956691123800819,0.6956691123800819,0.6956691123800819,0.6956691123800819,0.6956691123800819
313,0.6179691350732897,0.6179691350732897,0.6279691350732897,0.6279691350732897,0.6379691350732897,0.6379691350732897,0.6279691350732897,0.6279691350732897,0.6479691350732897,0.6479691350732897,0.6329691350732897,0.6329691350732897,0.6329691350732897
314,0.7351745040708817,0.7351745040708817,0.7351745040708817,0.7351745040708817,0.7451745040708817,0.7451745040708817,0.7351745040708817,0.7451745040708817,0.7351745040708817,0.7251745040708817,0.7351745040708817,0.7451745040708817,0.7551745040708817
315,0.6888432410219849,0.6788432410219849,0.6788432410219849,0.6888432410219849,0.6588432410219849,0.6588432410219849,0.6888432410219849,0.6888432410219849,0.6788432410219849,0.6788432410219849,0.6888432410219849,0.6888432410219849,0.6988432410219849
316,0.655397468053714,0.675397468053714,0.685397468053714,0.685397468053714,0.685397468053714,0.685397468053714,0.695397468053714,0.695397468053714,0.675397468053714,0.685397468053714,0.675397468053714,0.695397468053714,0.695397468053714
317,0.7356350176631953,0.7156350176631953,0.7056350176631953,0.7056350176631953,0.7056350176631953,0.7056350176631953,0.6956350176631952,0.6956350176631952,0.6956350176631952,0.6956350176631952,0.7056350176631953,0.7206350176631953,0.7206350176631953
318,0.7808158112602556,0.7808158112602556,0.7808158112602556,0.7808158112602556,0.8008158112602556,0.8008158112602556,0.8008158112602556,0.8008158112602556,0.8108158112602556,0.8008158112602556,0.8108158112602556,0.8208158112602556,0.8108158112602556
319,0.7089083103317351,0.7189083103317351,0.7389083103317351,0.7289083103317351,0.7289083103317351,0.7289083103317351,0.7189083103317351,0.7089083103317351,0.7089083103317351,0.688908310331735,0.678908310331735,0.688908310331735,0.688908310331735
320,0.6790943048051962,0.6590943048051962,0.6690943048051962,0.6790943048051962,0.6790943048051962,0.6690943048051962,0.6790943048051962,0.6790943048051962,0.6790943048051962,0.6690943048051962,0.6590943048051962,0.6590943048051962,0.6590943048051962
321,0.6015678811610442,0.6015678811610442,0.6215678811610442,0.6215678811610442,0.6215678811610442,0.5965678811610442,0.5865678811610442,0.5865678811610442,0.5865678811610442,0.5765678811610442,0.5765678811610442,0.5765678811610442,0.5665678811610442
322,0.5811251887938819,0.5611251887938818,0.5611251887938818,0.5611251887938818,0.5511251887938818,0.5511251887938818,0.5511251887938818,0.5611251887938818,0.5511251887938818,0.5611251887938818,0.5711251887938819,0.5711251887938819,0.5711251887938819
323,0.6873787886490171,0.6873787886490171,0.6973787886490171,0.6773787886490171,0.6973787886490171,0.6973787886490171,0.6873787886490171,0.6873787886490171,0.6773787886490171,0.6773787886490171,0.6673787886490171,0.6573787886490171,0.6573787886490171
324,0.6143799844315441,0.6043799844315441,0.6043799844315441,0.6143799844315441,0.6243799844315441,0.6243799844315441,0.6543799844315441,0.6443799844315441,0.6243799844315441,0.6343799844315441,0.6243799844315441,0.6143799844315441,0.6143799844315441
325,0.6647323062124127,0.6247323062124127,0.6297323062124127,0.6297323062124127,0.6397323062124127,0.6397323062124127,0.6397323062124127,0.6197323062124127,0.6197323062124127,0.6597323062124127,0.6597323062124127,0.6597323062124127,0.6597323062124127
326,0.6344276507989824,0.6344276507989824,0.6344276507989824,0.6344276507989824,0.6244276507989824,0.6344276507989824,0.6444276507989825,0.6444276507989825,0.6444276507989825,0.6544276507989825,0.6544276507989825,0.6444276507989825,0.6544276507989825
327,0.7160364944901972,0.7160364944901972,0.7160364944901972,0.7160364944901972,0.7160364944901972,0.7360364944901973,0.7560364944901973,0.7510364944901973,0.7510364944901973,0.7510364944901973,0.7310364944901973,0.7310364944901973,0.7410364944901973
328,0.7515662513304787,0.7415662513304787,0.7415662513304787,0.7215662513304787,0.7365662513304787,0.7365662513304787,0.7565662513304787,0.7865662513304787,0.7865662513304787,0.7565662513304787,0.7365662513304787,0.7265662513304787,0.7265662513304787
329,0.706364835019809,0.706364835019809,0.726364835019809,0.716364835019809,0.716364835019809,0.716364835019809,0.726364835019809,0.716364835019809,0.706364835019809,0.706364835019809,0.706364835019809,0.706364835019809,0.696364835019809
330,0.6998305468379731,0.6998305468379731,0.6998305468379731,0.7098305468379731,0.7098305468379731,0.7098305468379731,0.6998305468379731,0.6998305468379731,0.6998305468379731,0.6998305468379731,0.7098305468379731,0.6998305468379731,0.6898305468379731
331,0.7283504225100852,0.7283504225100852,0.7283504225100852,0.7283504225100852,0.7183504225100852,0.7183504225100852,0.7283504225100852,0.7283504225100852,0.7383504225100852,0.7383504225100852,0.7383504225100852,0.7383504225100852,0.7283504225100852
332,0.7376613597240652,0.7576613597240652,0.7676613597240652,0.7676613597240652,0.7676613597240652,0.7526613597240652,0.7526613597240652,0.7426613597240652,0.7326613597240652,0.7326613597240652,0.7326613597240652,0.7426613597240652,0.7326613597240652
333,0.7008751876595206,0.7008751876595206,0.7008751876595206,0.6908751876595206,0.6908751876595206,0.7008751876595206,0.7108751876595206,0.7108751876595206,0.7208751876595206,0.7108751876595206,0.6908751876595206,0.7008751876595206,0.7108751876595206
334,0.6541668393124882,0.6441668393124882,0.6541668393124882,0.6641668393124882,0.6641668393124882,0.6741668393124882,0.6741668393124882,0.6741668393124882,0.6641668393124882,0.6441668393124882,0.6441668393124882,0.6441668393124882,0.6441668393124882
335,0.7253483577900456,0.7253483577900456,0.6953483577900456,0.6953483577900456,0.6953483577900456,0.7153483577900456,0.7353483577900456,0.7653483577900456,0.7653483577900456,0.7553483577900456,0.7553483577900456,0.7553483577900456,0.7553483577900456
336,0.5821367584454268,0.6021367584454268,0.6121367584454268,0.6121367584454268,0.6021367584454268,0.6221367584454268,0.6121367584454268,0.5821367584454268,0.5721367584454268,0.5821367584454268,0.5821367584454268,0.5921367584454268,0.6121367584454268
337,0.7112166457146791,0.7212166457146791,0.7312166457146791,0.7512166457146792,0.7512166457146792,0.7412166457146792,0.7412166457146792,0.7412166457146792,0.7412166457146792,0.7262166457146791,0.7262166457146791,0.7262166457146791,0.7262166457146791
338,0.7046127809580005,0.7246127809580005,0.7346127809580005,0.7196127809580005,0.7096127809580005,0.7196127809580005,0.7196127809580005,0.7196127809580005,0.7396127809580005,0.7296127809580005,0.7396127809580005,0.7396127809580005,0.7396127809580005
339,0.6346956808044399,0.66469568080444,0.66469568080444,0.67469568080444,0.66969568080444,0.66969568080444,0.65969568080444,0.66969568080444,0.66969568080444,0.66969568080444,0.65969568080444,0.65969568080444,0.63969568080444
340,0.807556842167121,0.807556842167121,0.807556842167121,0.807556842167121,0.787556842167121,0.787556842167121,0.787556842167121,0.797556842167121,0.797556842167121,0.787556842167121,0.797556842167121,0.827556842167121,0.827556842167121
341,0.7204207324753843,0.7304207324753843,0.7304207324753843,0.7304207324753843,0.7204207324753843,0.7204207324753843,0.7204207324753843,0.7104207324753843,0.7104207324753843,0.7404207324753843,0.7404207324753843,0.7304207324753843,0.7304207324753843
342,0.7254005955475173,0.7154005955475173,0.7154005955475173,0.7154005955475173,0.7154005955475173,0.7154005955475173,0.7154005955475173,0.7154005955475173,0.7254005955475173,0.7154005955475173,0.7054005955475173,0.7054005955475173,0.6954005955475173
343,0.6742909390522307,0.6742909390522307,0.6642909390522307,0.6442909390522307,0.6542909390522307,0.6442909390522307,0.6442909390522307,0.6592909390522307,0.6292909390522307,0.6392909390522307,0.6392909390522307,0.6392909390522307,0.6392909390522307
344,0.6746936809855002,0.6846936809855002,0.6646936809855002,0.6646936809855002,0.6646936809855002,0.6646936809855002,0.6646936809855002,0.6746936809855002,0.6546936809855002,0.6346936809855002,0.6546936809855002,0.6546936809855002,0.6346936809855002
345,0.6904283832176263,0.7004283832176263,0.7004283832176263,0.7004283832176263,0.7004283832176263,0.7004283832176263,0.7004283832176263,0.7004283832176263,0.7004283832176263,0.7104283832176264,0.7304283832176264,0.7254283832176264,0.7254283832176264
346,0.6800708889622435,0.6600708889622435,0.6600708889622435,0.6600708889622435,0.6500708889622435,0.6600708889622435,0.6700708889622435,0.6700708889622435,0.6700708889622435,0.6800708889622435,0.6800708889622435,0.6600708889622435,0.6700708889622435
347,0.7098289235618188,0.7198289235618188,0.7098289235618188,0.7098289235618188,0.7298289235618188,0.7198289235618188,0.6998289235618188,0.7098289235618188,0.6898289235618188,0.6798289235618188,0.6698289235618188,0.6748289235618188,0.6748289235618188
348,0.6718947130648627,0.6818947130648627,0.6718947130648627,0.6718947130648627,0.6718947130648627,0.6718947130648627,0.7018947130648627,0.6868947130648627,0.6968947130648627,0.7068947130648627,0.6968947130648627,0.6968947130648627,0.6768947130648627
349,0.651314559694228,0.681314559694228,0.666314559694228,0.676314559694228,0.6963145596942281,0.666314559694228,0.646314559694228,0.626314559694228,0.646314559694228,0.666314559694228,0.646314559694228,0.676314559694228,0.676314559694228
350,0.7757336203398975,0.7757336203398975,0.7657336203398974,0.7657336203398974,0.7557336203398974,0.7757336203398975,0.7857336203398975,0.7657336203398974,0.7657336203398974,0.7657336203398974,0.7557336203398974,0.7957336203398975,0.7857336203398975
351,0.7393839201415722,0.7393839201415722,0.7493839201415722,0.7493839201415722,0.7393839201415722,0.7193839201415722,0.7293839201415722,0.7293839201415722,0.7293839201415722,0.7293839201415722,0.7293839201415722,0.7493839201415722,0.7393839201415722
352,0.6529898611190404,0.6529898611190404,0.6429898611190404,0.6629898611190405,0.6629898611190405,0.6629898611190405,0.6629898611190405,0.6529898611190404,0.6629898611190405,0.6629898611190405,0.6929898611190405,0.6879898611190405,0.6779898611190405
353,0.71327824218307,0.71327824218307,0.71327824218307,0.69327824218307,0.69327824218307,0.67327824218307,0.68327824218307,0.69327824218307,0.69327824218307,0.69327824218307,0.70327824218307,0.68327824218307,0.67327824218307
354,0.6491863922221408,0.6591863922221408,0.6691863922221408,0.6591863922221408,0.6691863922221408,0.6791863922221408,0.6791863922221408,0.6691863922221408,0.6791863922221408,0.6591863922221408,0.6591863922221408,0.6291863922221408,0.6291863922221408
355,0.6919767753490071,0.6919767753490071,0.6819767753490071,0.6719767753490071,0.6719767753490071,0.6819767753490071,0.6919767753490071,0.6819767753490071,0.6719767753490071,0.6619767753490071,0.6619767753490071,0.6919767753490071,0.6819767753490071
356,0.6941352970554633,0.6841352970554633,0.6941352970554633,0.6941352970554633,0.6841352970554633,0.6741352970554633,0.6641352970554633,0.6641352970554633,0.6641352970554633,0.6641352970554633,0.6541352970554632,0.6591352970554633,0.6591352970554633
357,0.683906957398797,0.663906957398797,0.663906957398797,0.653906957398797,0.663906957398797,0.663906957398797,0.643906957398797,0.648906957398797,0.648906957398797,0.658906957398797,0.658906957398797,0.668906957398797,0.668906957398797
358,0.7516221795375401,0.7516221795375401,0.7516221795375401,0.7516221795375401,0.7716221795375401,0.7616221795375401,0.7516221795375401,0.7516221795375401,0.7616221795375401,0.7616221795375401,0.7616221795375401,0.7816221795375401,0.7716221795375401
359,0.681241421834625,0.681241421834625,0.671241421834625,0.671241421834625,0.681241421834625,0.681241421834625,0.691241421834625,0.691241421834625,0.691241421834625,0.691241421834625,0.681241421834625,0.701241421834625,0.701241421834625
360,0.7598439535958403,0.7598439535958403,0.7698439535958403,0.7898439535958404,0.7898439535958404,0.7898439535958404,0.7698439535958403,0.7698439535958403,0.7798439535958404,0.7798439535958404,0.7798439535958404,0.7598439535958403,0.7698439535958403
361,0.7173813362300965,0.7173813362300965,0.7173813362300965,0.7173813362300965,0.6973813362300965,0.6973813362300965,0.7073813362300965,0.7073813362300965,0.7073813362300965,0.7073813362300965,0.6973813362300965,0.6973813362300965,0.7073813362300965
362,0.6918096978956852,0.6618096978956852,0.6618096978956852,0.6718096978956852,0.6918096978956852,0.7018096978956853,0.7018096978956853,0.6918096978956852,0.6718096978956852,0.6618096978956852,0.6818096978956852,0.7168096978956853,0.7268096978956853
363,0.7617258784611945,0.7617258784611945,0.7617258784611945,0.8017258784611946,0.8017258784611946,0.7967258784611946,0.7967258784611946,0.7867258784611946,0.7867258784611946,0.7867258784611946,0.7867258784611946,0.7967258784611946,0.7867258784611946
364,0.7494345019201586,0.7494345019201586,0.7594345019201586,0.7594345019201586,0.7494345019201586,0.7594345019201586,0.7594345019201586,0.7594345019201586,0.7594345019201586,0.7394345019201586,0.7294345019201586,0.7094345019201586,0.7194345019201586
365,0.705197718823632,0.715197718823632,0.715197718823632,0.705197718823632,0.705197718823632,0.715197718823632,0.715197718823632,0.725197718823632,0.735197718823632,0.735197718823632,0.720197718823632,0.7401977188236321,0.730197718823632
366,0.6710760288178348,0.6710760288178348,0.6810760288178348,0.6710760288178348,0.6810760288178348,0.6810760288178348,0.6910760288178348,0.7010760288178348,0.6860760288178348,0.6660760288178348,0.6660760288178348,0.6460760288178348,0.6260760288178348
367,0.5896543360880449,0.5796543360880448,0.5696543360880448,0.5896543360880449,0.5896543360880449,0.5696543360880448,0.5796543360880448,0.5796543360880448,0.5796543360880448,0.5996543360880449,0.5896543360880449,0.5896543360880449,0.5996543360880449
368,0.7056952881124126,0.7256952881124126,0.7356952881124126,0.7206952881124126,0.7306952881124126,0.7206952881124126,0.7206952881124126,0.7206952881124126,0.7206952881124126,0.7106952881124126,0.7306952881124126,0.7306952881124126,0.7306952881124126
369,0.7061748989513729,0.7261748989513729,0.7261748989513729,0.7061748989513729,0.7161748989513729,0.7261748989513729,0.7011748989513729,0.7011748989513729,0.7011748989513729,0.7011748989513729,0.7111748989513729,0.7111748989513729,0.6911748989513729
370,0.6734151281138276,0.6634151281138276,0.6634151281138276,0.6634151281138276,0.6634151281138276,0.6434151281138276,0.6334151281138276,0.6334151281138276,0.6384151281138276,0.6584151281138276,0.6784151281138276,0.6784151281138276,0.6784151281138276
371,0.7624631924776198,0.7624631924776198,0.7624631924776198,0.7524631924776198,0.7424631924776198,0.7424631924776198,0.7424631924776198,0.7674631924776198,0.7474631924776198,0.7574631924776198,0.7574631924776198,0.7574631924776198,0.7574631924776198
372,0.7616173170229767,0.7816173170229768,0.7916173170229768,0.7816173170229768,0.8016173170229768,0.7916173170229768,0.7716173170229768,0.7816173170229768,0.7716173170229768,0.7716173170229768,0.7716173170229768,0.7816173170229768,0.7816173170229768
373,0.7756222544107536,0.7756222544107536,0.7656222544107536,0.7656222544107536,0.7956222544107536,0.7856222544107536,0.7856222544107536,0.7756222544107536,0.7656222544107536,0.7656222544107536,0.7756222544107536,0.7856222544107536,0.7956222544107536
374,0.7558731374277353,0.7558731374277353,0.7658731374277353,0.7658731374277353,0.7658731374277353,0.7658731374277353,0.7758731374277353,0.7758731374277353,0.7658731374277353,0.7758731374277353,0.7758731374277353,0.7758731374277353,0.7758731374277353
375,0.6569023147720736,0.6769023147720736,0.6869023147720736,0.6869023147720736,0.6969023147720736,0.6969023147720736,0.6919023147720736,0.6919023147720736,0.6819023147720736,0.6819023147720736,0.6819023147720736,0.6919023147720736,0.6819023147720736
376,0.6780064387068263,0.7080064387068263,0.7080064387068263,0.7080064387068263,0.7080064387068263,0.7080064387068263,0.6980064387068263,0.6880064387068263,0.6780064387068263,0.6680064387068263,0.6680064387068263,0.6880064387068263,0.6980064387068263
377,0.6685514459152003,0.6785514459152003,0.6685514459152003,0.6885514459152003,0.6585514459152003,0.6585514459152003,0.6485514459152003,0.6685514459152003,0.6585514459152003,0.6685514459152003,0.6685514459152003,0.6485514459152003,0.6585514459152003
378,0.7145042904081242,0.7145042904081242,0.7145042904081242,0.7245042904081243,0.7245042904081243,0.7445042904081243,0.7345042904081243,0.7345042904081243,0.7345042904081243,0.7145042904081242,0.7245042904081243,0.7145042904081242,0.7045042904081242
379,0.7326640864571907,0.7226640864571907,0.7226640864571907,0.7226640864571907,0.7126640864571907,0.6926640864571907,0.7026640864571907,0.7026640864571907,0.7026640864571907,0.6926640864571907,0.6976640864571907,0.6976640864571907,0.6976640864571907
380,0.715647235692056,0.705647235692056,0.705647235692056,0.685647235692056,0.675647235692056,0.675647235692056,0.680647235692056,0.700647235692056,0.690647235692056,0.690647235692056,0.670647235692056,0.670647235692056,0.670647235692056
381,0.7619613539112443,0.7619613539112443,0.7519613539112443,0.7719613539112443,0.7819613539112443,0.7569613539112443,0.7669613539112443,0.7669613539112443,0.7669613539112443,0.7669613539112443,0.7669613539112443,0.7769613539112443,0.7769613539112443
382,0.6583611160287768,0.6683611160287768,0.6683611160287768,0.6383611160287768,0.6383611160287768,0.6283611160287768,0.6383611160287768,0.6383611160287768,0.6783611160287768,0.6883611160287768,0.6983611160287768,0.6983611160287768,0.6933611160287768
383,0.6474093018464909,0.6574093018464909,0.6574093018464909,0.6674093018464909,0.677409301846491,0.6674093018464909,0.677409301846491,0.6674093018464909,0.6474093018464909,0.6474093018464909,0.6274093018464909,0.6274093018464909,0.6274093018464909
384,0.6758138173283028,0.6658138173283028,0.6458138173283028,0.6458138173283028,0.6458138173283028,0.6608138173283028,0.6508138173283028,0.6508138173283028,0.6708138173283028,0.6808138173283028,0.6808138173283028,0.6808138173283028,0.6808138173283028
385,0.6375568505851559,0.6375568505851559,0.6175568505851559,0.6175568505851559,0.6175568505851559,0.6175568505851559,0.6175568505851559,0.6175568505851559,0.6175568505851559,0.6275568505851559,0.6275568505851559,0.6075568505851558,0.5975568505851558
386,0.790190958773432,0.790190958773432,0.790190958773432,0.8101909587734321,0.8201909587734321,0.8201909587734321,0.8201909587734321,0.8201909587734321,0.8301909587734321,0.8301909587734321,0.8201909587734321,0.8201909587734321,0.8201909587734321
387,0.7019393949443025,0.7019393949443025,0.7019393949443025,0.7019393949443025,0.6919393949443025,0.6919393949443025,0.6719393949443024,0.6819393949443024,0.6819393949443024,0.6919393949443025,0.6919393949443025,0.6919393949443025,0.6919393949443025
388,0.6998270415515949,0.6998270415515949,0.7098270415515949,0.7198270415515949,0.7198270415515949,0.7098270415515949,0.7198270415515949,0.729827041551595,0.729827041551595,0.739827041551595,0.7098270415515949,0.6998270415515949,0.7098270415515949
389,0.7370131904129081,0.7270131904129081,0.7170131904129081,0.7170131904129081,0.7070131904129081,0.7070131904129081,0.7170131904129081,0.7070131904129081,0.7220131904129081,0.7320131904129081,0.7020131904129081,0.7020131904129081,0.7120131904129081
390,0.6542743598787297,0.6542743598787297,0.6442743598787297,0.6442743598787297,0.6442743598787297,0.6442743598787297,0.6442743598787297,0.6442743598787297,0.6542743598787297,0.6542743598787297,0.6342743598787297,0.6442743598787297,0.6742743598787297
391,0.7270088227232838,0.7470088227232838,0.7470088227232838,0.7270088227232838,0.7270088227232838,0.7270088227232838,0.7370088227232838,0.7470088227232838,0.7470088227232838,0.7170088227232838,0.7170088227232838,0.7170088227232838,0.7170088227232838
392,0.664452503220213,0.654452503220213,0.644452503220213,0.644452503220213,0.654452503220213,0.634452503220213,0.624452503220213,0.624452503220213,0.629452503220213,0.649452503220213,0.629452503220213,0.629452503220213,0.639452503220213
393,0.7610612845019922,0.7710612845019922,0.7710612845019922,0.7510612845019922,0.7510612845019922,0.7410612845019922,0.7410612845019922,0.7510612845019922,0.7510612845019922,0.7510612845019922,0.7510612845019922,0.7410612845019922,0.7310612845019921
394,0.7220812030517609,0.7120812030517609,0.7320812030517609,0.7320812030517609,0.7220812030517609,0.7220812030517609,0.7320812030517609,0.7320812030517609,0.742081203051761,0.7220812030517609,0.7220812030517609,0.7220812030517609,0.7120812030517609
395,0.6705150408226055,0.6705150408226055,0.6805150408226055,0.6605150408226055,0.6705150408226055,0.6505150408226055,0.6505150408226055,0.6705150408226055,0.6705150408226055,0.6705150408226055,0.6805150408226055,0.6805150408226055,0.6605150408226055
396,0.7296656386632793,0.7296656386632793,0.7296656386632793,0.7296656386632793,0.7296656386632793,0.7096656386632793,0.7096656386632793,0.6996656386632792,0.6896656386632792,0.6946656386632792,0.6946656386632792,0.6946656386632792,0.7046656386632792
397,0.7352360452141172,0.7352360452141172,0.7252360452141172,0.7252360452141172,0.7252360452141172,0.7252360452141172,0.7252360452141172,0.7152360452141172,0.7152360452141172,0.7402360452141172,0.7702360452141173,0.7502360452141172,0.7702360452141173
398,0.7230687312519007,0.7230687312519007,0.7430687312519008,0.7430687312519008,0.7630687312519008,0.7530687312519008,0.7430687312519008,0.7530687312519008,0.7530687312519008,0.7430687312519008,0.7430687312519008,0.7430687312519008,0.7430687312519008
399,0.69555583499501,0.70555583499501,0.70555583499501,0.69555583499501,0.69555583499501,0.69555583499501,0.69555583499501,0.70555583499501,0.71555583499501,0.69555583499501,0.6855558349950099,0.6855558349950099,0.70555583499501
400,0.5796494133299239,0.5796494133299239,0.5896494133299239,0.5996494133299239,0.5996494133299239,0.5996494133299239,0.609649413329924,0.5946494133299239,0.604649413329924,0.624649413329924,0.624649413329924,0.624649413329924,0.624649413329924
401,0.7027496143146945,0.7027496143146945,0.6827496143146945,0.6827496143146945,0.6827496143146945,0.6827496143146945,0.6827496143146945,0.6827496143146945,0.6727496143146945,0.6727496143146945,0.6727496143146945,0.6927496143146945,0.6927496143146945
402,0.651590465333304,0.661590465333304,0.661590465333304,0.671590465333304,0.646590465333304,0.636590465333304,0.616590465333304,0.626590465333304,0.626590465333304,0.636590465333304,0.616590465333304,0.616590465333304,0.626590465333304
403,0.6490494912235137,0.6490494912235137,0.6490494912235137,0.6590494912235138,0.6590494912235138,0.6490494912235137,0.6490494912235137,0.6490494912235137,0.6590494912235138,0.6290494912235137,0.6390494912235137,0.6090494912235137,0.6190494912235137
404,0.7211024454856569,0.7211024454856569,0.741102445485657,0.751102445485657,0.741102445485657,0.731102445485657,0.7011024454856569,0.7011024454856569,0.7111024454856569,0.7211024454856569,0.7211024454856569,0.751102445485657,0.751102445485657
405,0.7279850455983807,0.7379850455983807,0.7279850455983807,0.7279850455983807,0.7279850455983807,0.7079850455983807,0.7179850455983807,0.7079850455983807,0.6979850455983807,0.6979850455983807,0.7079850455983807,0.7179850455983807,0.6979850455983807
406,0.6832584385133456,0.7032584385133456,0.7032584385133456,0.7032584385133456,0.7132584385133456,0.7132584385133456,0.7032584385133456,0.6932584385133456,0.6532584385133455,0.6432584385133455,0.6532584385133455,0.6732584385133455,0.6932584385133456
407,0.67281046251704,0.69281046251704,0.70281046251704,0.70281046251704,0.69281046251704,0.69281046251704,0.69281046251704,0.69281046251704,0.70281046251704,0.70281046251704,0.71281046251704,0.70781046251704,0.70781046251704
408,0.6103138576130966,0.6203138576130967,0.6103138576130966,0.6103138576130966,0.6103138576130966,0.6103138576130966,0.6003138576130966,0.6003138576130966,0.6003138576130966,0.6003138576130966,0.6003138576130966,0.6003138576130966,0.6003138576130966
409,0.6296864719376819,0.6296864719376819,0.6496864719376819,0.6496864719376819,0.6296864719376819,0.6396864719376819,0.6396864719376819,0.6396864719376819,0.6396864719376819,0.6396864719376819,0.6496864719376819,0.6496864719376819,0.6496864719376819
410,0.7497676824415183,0.7397676824415182,0.7397676824415182,0.7497676824415183,0.7497676824415183,0.7697676824415183,0.7697676824415183,0.7697676824415183,0.7597676824415183,0.7597676824415183,0.7597676824415183,0.7797676824415183,0.7897676824415183
411,0.6417483081794222,0.6417483081794222,0.6317483081794222,0.6417483081794222,0.6417483081794222,0.6317483081794222,0.6317483081794222,0.6317483081794222,0.6317483081794222,0.6417483081794222,0.6817483081794222,0.6767483081794222,0.6767483081794222
412,0.7491807607123729,0.7291807607123729,0.7191807607123729,0.7191807607123729,0.7191807607123729,0.7291807607123729,0.7391807607123729,0.7391807607123729,0.759180760712373,0.7391807607123729,0.7391807607123729,0.7391807607123729,0.7291807607123729
413,0.6958547540974489,0.7058547540974489,0.7058547540974489,0.7058547540974489,0.7058547540974489,0.7258547540974489,0.7108547540974489,0.7108547540974489,0.7008547540974489,0.7008547540974489,0.7108547540974489,0.7108547540974489,0.7008547540974489
414,0.6900991120078992,0.6900991120078992,0.6800991120078992,0.6700991120078992,0.6800991120078992,0.6700991120078992,0.6700991120078992,0.6600991120078992,0.6750991120078992,0.6650991120078992,0.6650991120078992,0.6450991120078992,0.6450991120078992
415,0.6926450702538334,0.6826450702538334,0.6826450702538334,0.6626450702538333,0.6526450702538333,0.6526450702538333,0.6626450702538333,0.6826450702538334,0.7126450702538334,0.7126450702538334,0.7026450702538334,0.7026450702538334,0.7026450702538334
416,0.7904874507101612,0.7804874507101612,0.7704874507101612,0.7704874507101612,0.7704874507101612,0.7704874507101612,0.7704874507101612,0.7704874507101612,0.7704874507101612,0.7804874507101612,0.7804874507101612,0.8104874507101613,0.8204874507101613
417,0.7120743960207383,0.7120743960207383,0.7220743960207383,0.7220743960207383,0.7220743960207383,0.7020743960207383,0.7020743960207383,0.7020743960207383,0.7020743960207383,0.7120743960207383,0.7320743960207383,0.7320743960207383,0.7220743960207383
418,0.7142311054002342,0.7242311054002342,0.7142311054002342,0.7342311054002342,0.7342311054002342,0.7242311054002342,0.7142311054002342,0.6942311054002341,0.6942311054002341,0.7042311054002341,0.7042311054002341,0.7042311054002341,0.6942311054002341
419,0.7056368628554479,0.6956368628554479,0.7156368628554479,0.7256368628554479,0.7156368628554479,0.7156368628554479,0.7156368628554479,0.7056368628554479,0.6856368628554479,0.6756368628554479,0.6756368628554479,0.6656368628554479,0.6656368628554479
420,0.6730611274614531,0.6730611274614531,0.6730611274614531,0.6730611274614531,0.6830611274614531,0.6730611274614531,0.6830611274614531,0.6830611274614531,0.6930611274614531,0.6730611274614531,0.6930611274614531,0.6930611274614531,0.6930611274614531
421,0.6051502731860647,0.6051502731860647,0.6151502731860647,0.6151502731860647,0.5951502731860647,0.6051502731860647,0.5851502731860647,0.5851502731860647,0.5651502731860647,0.5701502731860647,0.5801502731860647,0.5801502731860647,0.6001502731860647
422,0.7036410493068462,0.7036410493068462,0.7136410493068462,0.6936410493068462,0.7136410493068462,0.7136410493068462,0.7136410493068462,0.7336410493068463,0.7236410493068463,0.7236410493068463,0.7136410493068462,0.7136410493068462,0.7236410493068463
423,0.6719617298441352,0.6719617298441352,0.6719617298441352,0.6719617298441352,0.6819617298441352,0.6619617298441351,0.6619617298441351,0.6619617298441351,0.6819617298441352,0.7019617298441352,0.7019617298441352,0.7019617298441352,0.7119617298441352
424,0.6349193555631737,0.6249193555631737,0.6249193555631737,0.6249193555631737,0.6349193555631737,0.6349193555631737,0.6349193555631737,0.6349193555631737,0.6349193555631737,0.6449193555631737,0.6449193555631737,0.6349193555631737,0.6349193555631737
425,0.6686161306309998,0.6886161306309998,0.6486161306309998,0.6386161306309998,0.6486161306309998,0.6286161306309997,0.6336161306309998,0.6336161306309998,0.6536161306309998,0.6636161306309998,0.6636161306309998,0.6536161306309998,0.6336161306309998
426,0.6838050176879205,0.7038050176879205,0.7038050176879205,0.6938050176879205,0.6938050176879205,0.6938050176879205,0.7138050176879205,0.6938050176879205,0.6938050176879205,0.7038050176879205,0.7138050176879205,0.7138050176879205,0.7138050176879205
427,0.7096936501394,0.7096936501394,0.7296936501394,0.7296936501394,0.7296936501394,0.7296936501394,0.7296936501394,0.7396936501394,0.7396936501394,0.7396936501394,0.7196936501394,0.7196936501394,0.7096936501394
428,0.658831740865747,0.638831740865747,0.638831740865747,0.638831740865747,0.628831740865747,0.638831740865747,0.668831740865747,0.658831740865747,0.658831740865747,0.658831740865747,0.678831740865747,0.678831740865747,0.678831740865747
429,0.6653096689492272,0.6653096689492272,0.6653096689492272,0.6753096689492272,0.6953096689492272,0.6953096689492272,0.6953096689492272,0.6853096689492272,0.6853096689492272,0.6953096689492272,0.6953096689492272,0.6853096689492272,0.6853096689492272
430,0.7495112761318786,0.7495112761318786,0.7395112761318786,0.7395112761318786,0.7495112761318786,0.7495112761318786,0.7595112761318786,0.7695112761318786,0.7695112761318786,0.7695112761318786,0.7695112761318786,0.7795112761318786,0.7595112761318786
431,0.7108666960453424,0.7008666960453424,0.6708666960453423,0.6708666960453423,0.6758666960453423,0.6858666960453423,0.6858666960453423,0.6858666960453423,0.7058666960453424,0.7158666960453424,0.7158666960453424,0.7258666960453424,0.7058666960453424
432,0.6468716163923339,0.6668716163923339,0.6668716163923339,0.676871616392334,0.676871616392334,0.6568716163923339,0.6568716163923339,0.6368716163923339,0.6268716163923339,0.6268716163923339,0.6368716163923339,0.6568716163923339,0.6268716163923339
433,0.665349619767178,0.665349619767178,0.665349619767178,0.665349619767178,0.665349619767178,0.675349619767178,0.685349619767178,0.665349619767178,0.665349619767178,0.675349619767178,0.675349619767178,0.665349619767178,0.655349619767178
434,0.6971523971518641,0.687152397151864,0.687152397151864,0.687152397151864,0.687152397151864,0.687152397151864,0.677152397151864,0.667152397151864,0.682152397151864,0.7021523971518641,0.7121523971518641,0.7021523971518641,0.7021523971518641
435,0.7092669817977113,0.7092669817977113,0.6892669817977113,0.6692669817977113,0.6692669817977113,0.6792669817977113,0.6792669817977113,0.6892669817977113,0.6892669817977113,0.6892669817977113,0.6992669817977113,0.6692669817977113,0.6792669817977113
436,0.591992689300936,0.581992689300936,0.591992689300936,0.611992689300936,0.631992689300936,0.631992689300936,0.631992689300936,0.626992689300936,0.626992689300936,0.626992689300936,0.616992689300936,0.626992689300936,0.616992689300936
437,0.7410626139735893,0.7610626139735893,0.7710626139735893,0.7560626139735893,0.7860626139735893,0.7760626139735893,0.7560626139735893,0.7560626139735893,0.7660626139735893,0.7560626139735893,0.7560626139735893,0.7560626139735893,0.7760626139735893
438,0.829430177358457,0.829430177358457,0.829430177358457,0.839430177358457,0.849430177358457,0.8694301773584571,0.849430177358457,0.839430177358457,0.799430177358457,0.789430177358457,0.789430177358457,0.794430177358457,0.804430177358457
439,0.6700657432032531,0.6700657432032531,0.6700657432032531,0.6700657432032531,0.6800657432032531,0.6800657432032531,0.6800657432032531,0.6800657432032531,0.6900657432032531,0.6900657432032531,0.6800657432032531,0.6900657432032531,0.7100657432032531
440,0.7711933730785534,0.7811933730785534,0.7911933730785534,0.7811933730785534,0.7811933730785534,0.7811933730785534,0.7811933730785534,0.7511933730785534,0.7511933730785534,0.7511933730785534,0.7611933730785534,0.7611933730785534,0.7611933730785534
441,0.7153730774731613,0.7053730774731612,0.7153730774731613,0.7253730774731613,0.7353730774731613,0.7353730774731613,0.7353730774731613,0.7253730774731613,0.7153730774731613,0.7353730774731613,0.7353730774731613,0.7253730774731613,0.7253730774731613
442,0.707837096635503,0.697837096635503,0.697837096635503,0.697837096635503,0.697837096635503,0.697837096635503,0.697837096635503,0.717837096635503,0.727837096635503,0.747837096635503,0.747837096635503,0.747837096635503,0.737837096635503
443,0.6915465776150941,0.6915465776150941,0.7015465776150941,0.6815465776150941,0.6815465776150941,0.7115465776150941,0.6915465776150941,0.6915465776150941,0.6915465776150941,0.6915465776150941,0.6815465776150941,0.6915465776150941,0.6915465776150941
444,0.6529764840617016,0.6429764840617016,0.6629764840617016,0.6629764840617016,0.6629764840617016,0.6529764840617016,0.6429764840617016,0.6529764840617016,0.6529764840617016,0.6629764840617016,0.6629764840617016,0.6729764840617016,0.6929764840617016
445,0.7382787468203523,0.7582787468203523,0.7482787468203523,0.7482787468203523,0.7482787468203523,0.7482787468203523,0.7482787468203523,0.7682787468203524,0.7582787468203523,0.7682787468203524,0.7682787468203524,0.7782787468203524,0.7582787468203523
446,0.6585075153260481,0.6485075153260481,0.6485075153260481,0.6485075153260481,0.6485075153260481,0.6385075153260481,0.6285075153260481,0.6285075153260481,0.6285075153260481,0.6285075153260481,0.6435075153260481,0.6135075153260481,0.6135075153260481
447,0.6325346416698039,0.6325346416698039,0.6425346416698039,0.6425346416698039,0.6525346416698039,0.6425346416698039,0.6325346416698039,0.6225346416698039,0.6225346416698039,0.6225346416698039,0.6125346416698039,0.6125346416698039,0.6125346416698039
448,0.7027885574962112,0.7127885574962112,0.7027885574962112,0.7027885574962112,0.7227885574962112,0.7127885574962112,0.7027885574962112,0.7027885574962112,0.7027885574962112,0.7127885574962112,0.7127885574962112,0.7227885574962112,0.7227885574962112
449,0.6298912473937823,0.6198912473937823,0.6198912473937823,0.6198912473937823,0.6198912473937823,0.6198912473937823,0.6098912473937823,0.6098912473937823,0.6098912473937823,0.6098912473937823,0.5998912473937823,0.5998912473937823,0.6148912473937823
450,0.644908081956281,0.634908081956281,0.624908081956281,0.634908081956281,0.624908081956281,0.644908081956281,0.654908081956281,0.654908081956281,0.674908081956281,0.6849080819562811,0.674908081956281,0.674908081956281,0.674908081956281
451,0.751353214461634,0.751353214461634,0.761353214461634,0.761353214461634,0.761353214461634,0.771353214461634,0.771353214461634,0.771353214461634,0.781353214461634,0.761353214461634,0.781353214461634,0.781353214461634,0.771353214461634
452,0.7188999625980248,0.7388999625980248,0.7488999625980248,0.7488999625980248,0.7488999625980248,0.7488999625980248,0.7488999625980248,0.7588999625980248,0.7488999625980248,0.7338999625980248,0.7438999625980248,0.7438999625980248,0.7438999625980248
453,0.7204610107722125,0.7104610107722125,0.7104610107722125,0.7104610107722125,0.7104610107722125,0.7504610107722125,0.7504610107722125,0.7604610107722125,0.7504610107722125,0.7504610107722125,0.7354610107722125,0.7254610107722125,0.7254610107722125
454,0.6524930866978876,0.6524930866978876,0.6624930866978876,0.6724930866978877,0.6724930866978877,0.6624930866978876,0.6424930866978876,0.6224930866978876,0.6324930866978876,0.6324930866978876,0.6624930866978876,0.6624930866978876,0.6724930866978877
455,0.729383708974507,0.739383708974507,0.729383708974507,0.719383708974507,0.719383708974507,0.719383708974507,0.709383708974507,0.709383708974507,0.709383708974507,0.689383708974507,0.689383708974507,0.689383708974507,0.699383708974507
456,0.764661081917901,0.754661081917901,0.764661081917901,0.744661081917901,0.744661081917901,0.744661081917901,0.744661081917901,0.734661081917901,0.744661081917901,0.744661081917901,0.744661081917901,0.734661081917901,0.734661081917901
457,0.6961509932700493,0.6861509932700492,0.6861509932700492,0.6861509932700492,0.6861509932700492,0.6861509932700492,0.6961509932700493,0.6961509932700493,0.6961509932700493,0.7061509932700493,0.7161509932700493,0.7061509932700493,0.7061509932700493
458,0.703120090540384,0.693120090540384,0.703120090540384,0.703120090540384,0.713120090540384,0.713120090540384,0.703120090540384,0.703120090540384,0.693120090540384,0.683120090540384,0.683120090540384,0.683120090540384,0.683120090540384
459,0.7782153272023455,0.7782153272023455,0.7882153272023456,0.7882153272023456,0.7882153272023456,0.7882153272023456,0.7882153272023456,0.7882153272023456,0.8082153272023456,0.8082153272023456,0.7982153272023456,0.7732153272023455,0.7932153272023456
460,0.7060550422580075,0.7060550422580075,0.6860550422580075,0.6860550422580075,0.7360550422580076,0.7360550422580076,0.7360550422580076,0.7460550422580076,0.7460550422580076,0.7360550422580076,0.7360550422580076,0.7210550422580075,0.7210550422580075
461,0.6781868665142693,0.6681868665142693,0.6581868665142693,0.6681868665142693,0.6781868665142693,0.6981868665142693,0.7081868665142693,0.7181868665142693,0.7181868665142693,0.7181868665142693,0.7131868665142693,0.7031868665142693,0.7131868665142693
462,0.6555870473263745,0.6255870473263745,0.6255870473263745,0.6355870473263745,0.6255870473263745,0.6355870473263745,0.6155870473263745,0.6155870473263745,0.6155870473263745,0.6205870473263745,0.6405870473263745,0.6305870473263745,0.6305870473263745
463,0.6870270921226915,0.6870270921226915,0.6870270921226915,0.7070270921226915,0.7070270921226915,0.7070270921226915,0.6870270921226915,0.6870270921226915,0.6970270921226915,0.6970270921226915,0.6970270921226915,0.7070270921226915,0.7070270921226915
464,0.7494163677937825,0.7494163677937825,0.7494163677937825,0.7194163677937825,0.7094163677937825,0.7094163677937825,0.7094163677937825,0.7094163677937825,0.7144163677937825,0.7144163677937825,0.7144163677937825,0.7244163677937825,0.7344163677937825
465,0.7828323077686277,0.7828323077686277,0.7928323077686277,0.8028323077686277,0.7928323077686277,0.7828323077686277,0.7928323077686277,0.7928323077686277,0.8028323077686277,0.8028323077686277,0.8028323077686277,0.8128323077686277,0.8128323077686277
466,0.7162633854371652,0.7262633854371652,0.7362633854371652,0.7562633854371652,0.7562633854371652,0.7562633854371652,0.7512633854371652,0.7412633854371652,0.7312633854371652,0.7312633854371652,0.7512633854371652,0.7212633854371652,0.7112633854371652
467,0.7345488583306821,0.7445488583306821,0.7545488583306821,0.7545488583306821,0.7545488583306821,0.7545488583306821,0.7545488583306821,0.7545488583306821,0.7645488583306821,0.7745488583306821,0.7745488583306821,0.7745488583306821,0.7745488583306821
468,0.7161566908376951,0.7161566908376951,0.7061566908376951,0.696156690837695,0.686156690837695,0.686156690837695,0.686156690837695,0.686156690837695,0.676156690837695,0.681156690837695,0.681156690837695,0.681156690837695,0.681156690837695
469,0.7341343640376463,0.7241343640376463,0.7141343640376463,0.7141343640376463,0.7141343640376463,0.7141343640376463,0.7141343640376463,0.7041343640376463,0.7041343640376463,0.7041343640376463,0.6941343640376463,0.6991343640376463,0.7091343640376463
470,0.6716159097668517,0.6816159097668517,0.6716159097668517,0.6716159097668517,0.6516159097668517,0.6316159097668517,0.6316159097668517,0.6516159097668517,0.6516159097668517,0.6766159097668517,0.6766159097668517,0.6966159097668517,0.6966159097668517
471,0.733358278684174,0.713358278684174,0.713358278684174,0.723358278684174,0.723358278684174,0.723358278684174,0.723358278684174,0.733358278684174,0.743358278684174,0.743358278684174,0.743358278684174,0.743358278684174,0.743358278684174
472,0.7688457700832143,0.7988457700832143,0.7838457700832143,0.7838457700832143,0.7838457700832143,0.7638457700832143,0.7738457700832143,0.7738457700832143,0.7738457700832143,0.7738457700832143,0.7838457700832143,0.7738457700832143,0.7738457700832143
473,0.8381134207870933,0.8381134207870933,0.8481134207870933,0.8281134207870933,0.8281134207870933,0.8181134207870933,0.8081134207870933,0.8081134207870933,0.8231134207870933,0.8231134207870933,0.8231134207870933,0.8331134207870933,0.8431134207870933
474,0.6894049920969157,0.7094049920969158,0.7094049920969158,0.7094049920969158,0.7294049920969158,0.7244049920969158,0.7144049920969158,0.7044049920969158,0.6844049920969157,0.7044049920969158,0.7244049920969158,0.7144049920969158,0.7144049920969158
475,0.6704996003076408,0.6704996003076408,0.6704996003076408,0.6504996003076408,0.6504996003076408,0.6404996003076407,0.6604996003076408,0.6604996003076408,0.6704996003076408,0.6704996003076408,0.6904996003076408,0.6904996003076408,0.6904996003076408
476,0.7483308514765054,0.7483308514765054,0.7483308514765054,0.7583308514765054,0.7583308514765054,0.7883308514765054,0.7783308514765054,0.7783308514765054,0.7883308514765054,0.7883308514765054,0.7883308514765054,0.7683308514765054,0.7683308514765054
477,0.7493052009898882,0.7493052009898882,0.7493052009898882,0.7493052009898882,0.7493052009898882,0.7593052009898882,0.7593052009898882,0.7493052009898882,0.7493052009898882,0.7493052009898882,0.7393052009898882,0.7493052009898882,0.7593052009898882
478,0.7583955644503335,0.7583955644503335,0.7483955644503335,0.7383955644503335,0.7283955644503335,0.7183955644503335,0.7233955644503335,0.7333955644503335,0.7333955644503335,0.7233955644503335,0.7233955644503335,0.7333955644503335,0.7333955644503335
479,0.6702742382070063,0.6702742382070063,0.6502742382070062,0.6302742382070062,0.6302742382070062,0.6352742382070062,0.6452742382070062,0.6452742382070062,0.6452742382070062,0.6452742382070062,0.6452742382070062,0.6652742382070063,0.6552742382070063
480,0.64609867473249,0.64609867473249,0.63609867473249,0.63609867473249,0.63609867473249,0.6760986747324901,0.6760986747324901,0.6660986747324901,0.64609867473249,0.6660986747324901,0.6560986747324901,0.6560986747324901,0.6560986747324901
481,0.7305259845642699,0.7105259845642699,0.7105259845642699,0.7105259845642699,0.7105259845642699,0.6905259845642698,0.6905259845642698,0.6905259845642698,0.7105259845642699,0.7105259845642699,0.7005259845642698,0.6905259845642698,0.6905259845642698
482,0.6730515036105346,0.6830515036105346,0.6830515036105346,0.6830515036105346,0.7130515036105346,0.7130515036105346,0.7130515036105346,0.7130515036105346,0.7030515036105346,0.7130515036105346,0.7130515036105346,0.7080515036105346,0.6880515036105346
483,0.6262611080660774,0.6462611080660774,0.6462611080660774,0.6462611080660774,0.6462611080660774,0.6362611080660774,0.6262611080660774,0.6062611080660774,0.6062611080660774,0.6062611080660774,0.6062611080660774,0.5962611080660773,0.5962611080660773
484,0.7891470146373082,0.7991470146373082,0.7991470146373082,0.8091470146373082,0.7991470146373082,0.7891470146373082,0.7991470146373082,0.7991470146373082,0.8291470146373082,0.8291470146373082,0.8291470146373082,0.8241470146373082,0.8241470146373082
485,0.6265033817527366,0.6365033817527366,0.6365033817527366,0.6365033817527366,0.6465033817527366,0.6565033817527366,0.6415033817527366,0.6215033817527366,0.6115033817527366,0.6015033817527365,0.6015033817527365,0.6015033817527365,0.6015033817527365
486,0.6357690314198136,0.6357690314198136,0.6457690314198136,0.6457690314198136,0.6457690314198136,0.6457690314198136,0.6357690314198136,0.6357690314198136,0.6257690314198135,0.6457690314198136,0.6457690314198136,0.6157690314198135,0.6257690314198135
487,0.718097163542741,0.728097163542741,0.728097163542741,0.738097163542741,0.708097163542741,0.698097163542741,0.698097163542741,0.728097163542741,0.718097163542741,0.708097163542741,0.728097163542741,0.738097163542741,0.738097163542741
488,0.761773389549851,0.791773389549851,0.791773389549851,0.791773389549851,0.776773389549851,0.776773389549851,0.796773389549851,0.786773389549851,0.756773389549851,0.746773389549851,0.746773389549851,0.756773389549851,0.7367733895498509
489,0.7378786293023221,0.7678786293023221,0.7678786293023221,0.7478786293023221,0.7678786293023221,0.7678786293023221,0.7528786293023221,0.7528786293023221,0.7528786293023221,0.7428786293023221,0.7528786293023221,0.7528786293023221,0.7628786293023221
490,0.6383973594147555,0.6383973594147555,0.6383973594147555,0.6383973594147555,0.6283973594147555,0.6283973594147555,0.6483973594147555,0.6483973594147555,0.6483973594147555,0.6483973594147555,0.6483973594147555,0.6383973594147555,0.6383973594147555
491,0.5958305044868314,0.5858305044868314,0.5858305044868314,0.5858305044868314,0.5758305044868314,0.5758305044868314,0.5658305044868314,0.5758305044868314,0.5758305044868314,0.5558305044868314,0.5558305044868314,0.5608305044868314,0.5508305044868314
492,0.822361713957803,0.812361713957803,0.792361713957803,0.812361713957803,0.832361713957803,0.852361713957803,0.862361713957803,0.862361713957803,0.862361713957803,0.857361713957803,0.847361713957803,0.827361713957803,0.787361713957803
493,0.6213531947481528,0.6313531947481528,0.6313531947481528,0.6213531947481528,0.6213531947481528,0.6313531947481528,0.6413531947481528,0.6413531947481528,0.6413531947481528,0.6313531947481528,0.6313531947481528,0.6113531947481528,0.6113531947481528
494,0.6951460097187434,0.6751460097187434,0.6651460097187434,0.6751460097187434,0.6751460097187434,0.6751460097187434,0.6651460097187434,0.6651460097187434,0.6651460097187434,0.6551460097187434,0.6651460097187434,0.6651460097187434,0.6651460097187434
495,0.7364934091432687,0.7464934091432687,0.7464934091432687,0.7464934091432687,0.7364934091432687,0.7364934091432687,0.7264934091432687,0.7264934091432687,0.7264934091432687,0.7364934091432687,0.7264934091432687,0.7264934091432687,0.7264934091432687
496,0.7132715344724998,0.7132715344724998,0.6932715344724998,0.6832715344724998,0.6932715344724998,0.7032715344724998,0.7232715344724998,0.7232715344724998,0.7232715344724998,0.7432715344724998,0.7332715344724998,0.7532715344724998,0.7532715344724998
497,0.630223540871163,0.630223540871163,0.650223540871163,0.650223540871163,0.650223540871163,0.650223540871163,0.660223540871163,0.650223540871163,0.640223540871163,0.640223540871163,0.650223540871163,0.640223540871163,0.640223540871163
498,0.6941276055412137,0.6841276055412137,0.6841276055412137,0.6841276055412137,0.6841276055412137,0.6541276055412136,0.6541276055412136,0.6541276055412136,0.6541276055412136,0.6591276055412136,0.6591276055412136,0.6691276055412136,0.6691276055412136
499,0.5855121236771053,0.5855121236771053,0.5855121236771053,0.5855121236771053,0.5855121236771053,0.5755121236771052,0.5755121236771052,0.5755121236771052,0.5755121236771052,0.5755121236771052,0.5855121236771053,0.5855121236771053,0.5755121236771052
500,0.6542763884595292,0.6542763884595292,0.6342763884595292,0.6342763884595292,0.6342763884595292,0.6342763884595292,0.6342763884595292,0.6442763884595292,0.6342763884595292,0.6342763884595292,0.6342763884595292,0.6342763884595292,0.6342763884595292
501,0.6679242884453295,0.6779242884453295,0.6679242884453295,0.6679242884453295,0.6679242884453295,0.6779242884453295,0.6679242884453295,0.6779242884453295,0.6679242884453295,0.6679242884453295,0.6679242884453295,0.6479242884453295,0.6679242884453295
502,0.7092683707150182,0.6992683707150182,0.7092683707150182,0.7092683707150182,0.6992683707150182,0.6792683707150182,0.6892683707150182,0.6692683707150182,0.6792683707150182,0.6692683707150182,0.6692683707150182,0.6792683707150182,0.6792683707150182
503,0.612124461163016,0.612124461163016,0.602124461163016,0.622124461163016,0.632124461163016,0.632124461163016,0.632124461163016,0.652124461163016,0.647124461163016,0.647124461163016,0.647124461163016,0.617124461163016,0.617124461163016
504,0.6869429923715956,0.6669429923715956,0.6669429923715956,0.6669429923715956,0.6769429923715956,0.6769429923715956,0.6669429923715956,0.6769429923715956,0.6669429923715956,0.6769429923715956,0.6869429923715956,0.6969429923715956,0.6969429923715956
505,0.6733731487885821,0.6633731487885821,0.6633731487885821,0.6633731487885821,0.6633731487885821,0.6733731487885821,0.6733731487885821,0.7033731487885821,0.7133731487885822,0.7133731487885822,0.7033731487885821,0.7133731487885822,0.7133731487885822
506,0.6946306066626348,0.6946306066626348,0.6946306066626348,0.6846306066626348,0.6846306066626348,0.6746306066626347,0.6846306066626348,0.6746306066626347,0.6746306066626347,0.6846306066626348,0.7146306066626348,0.7346306066626348,0.7346306066626348
507,0.8196848235095165,0.8396848235095166,0.8396848235095166,0.8496848235095166,0.8496848235095166,0.8396848235095166,0.8396848235095166,0.8296848235095166,0.8296848235095166,0.8296848235095166,0.8496848235095166,0.8396848235095166,0.8396848235095166
508,0.6729894187114395,0.6829894187114395,0.6829894187114395,0.6729894187114395,0.6929894187114395,0.7129894187114395,0.7079894187114395,0.7079894187114395,0.6979894187114395,0.6979894187114395,0.7079894187114395,0.6979894187114395,0.6979894187114395
509,0.6811007086164765,0.7011007086164766,0.7011007086164766,0.7011007086164766,0.6811007086164765,0.6811007086164765,0.6811007086164765,0.6811007086164765,0.6911007086164765,0.6911007086164765,0.6811007086164765,0.6711007086164765,0.6711007086164765
510,0.7116922112016895,0.7116922112016895,0.7216922112016895,0.7216922112016895,0.7516922112016895,0.7416922112016895,0.7516922112016895,0.7466922112016895,0.7466922112016895,0.7366922112016895,0.7266922112016895,0.7166922112016895,0.7166922112016895
511,0.8144924739565547,0.8044924739565547,0.8044924739565547,0.8044924739565547,0.7944924739565546,0.7944924739565546,0.7944924739565546,0.8144924739565547,0.8144924739565547,0.8144924739565547,0.7944924739565546,0.7944924739565546,0.8044924739565547
512,0.7341822330868358,0.7341822330868358,0.7141822330868358,0.7141822330868358,0.7241822330868358,0.7241822330868358,0.7141822330868358,0.7241822330868358,0.7241822330868358,0.7241822330868358,0.7241822330868358,0.7241822330868358,0.7241822330868358
513,0.7170365191907253,0.7170365191907253,0.7070365191907253,0.7170365191907253,0.7170365191907253,0.7370365191907253,0.7570365191907253,0.7470365191907253,0.7270365191907253,0.7570365191907253,0.7570365191907253,0.7570365191907253,0.7520365191907253
514,0.6805844656552025,0.6905844656552025,0.6805844656552025,0.6805844656552025,0.6705844656552025,0.6605844656552025,0.6405844656552024,0.6455844656552024,0.6655844656552025,0.6655844656552025,0.6555844656552025,0.6755844656552025,0.6755844656552025
515,0.6315041823574442,0.6315041823574442,0.6315041823574442,0.6215041823574442,0.6215041823574442,0.6215041823574442,0.6215041823574442,0.6515041823574442,0.6515041823574442,0.6315041823574442,0.6315041823574442,0.6315041823574442,0.6315041823574442
516,0.6038831175734677,0.5938831175734677,0.5938831175734677,0.5938831175734677,0.5938831175734677,0.5838831175734677,0.5738831175734677,0.5638831175734677,0.5688831175734677,0.5688831175734677,0.5788831175734677,0.5588831175734676,0.5588831175734676
517,0.5858849448151633,0.5758849448151633,0.5558849448151633,0.5558849448151633,0.5558849448151633,0.5458849448151633,0.5558849448151633,0.5558849448151633,0.5458849448151633,0.5458849448151633,0.5558849448151633,0.5558849448151633,0.5958849448151633
518,0.6875272083698989,0.6975272083698989,0.6775272083698989,0.6875272083698989,0.6975272083698989,0.6775272083698989,0.6975272083698989,0.6975272083698989,0.6875272083698989,0.6875272083698989,0.6975272083698989,0.6875272083698989,0.6875272083698989
519,0.6522847075301568,0.6622847075301568,0.6622847075301568,0.6422847075301568,0.6422847075301568,0.6422847075301568,0.6322847075301568,0.6322847075301568,0.6422847075301568,0.6422847075301568,0.6322847075301568,0.6322847075301568,0.6322847075301568
520,0.685337834607492,0.685337834607492,0.685337834607492,0.685337834607492,0.705337834607492,0.705337834607492,0.685337834607492,0.685337834607492,0.685337834607492,0.685337834607492,0.675337834607492,0.675337834607492,0.695337834607492
521,0.7647967895372441,0.7747967895372441,0.754796789537244,0.734796789537244,0.734796789537244,0.724796789537244,0.744796789537244,0.724796789537244,0.724796789537244,0.734796789537244,0.734796789537244,0.749796789537244,0.749796789537244
522,0.6754820689119008,0.6854820689119008,0.6854820689119008,0.6954820689119008,0.6854820689119008,0.6754820689119008,0.6654820689119008,0.6354820689119007,0.6404820689119007,0.6504820689119007,0.6404820689119007,0.6504820689119007,0.6504820689119007
523,0.7461793484642933,0.7861793484642934,0.7861793484642934,0.7561793484642934,0.7561793484642934,0.7661793484642934,0.7561793484642934,0.7561793484642934,0.7561793484642934,0.7561793484642934,0.7461793484642933,0.7561793484642934,0.7561793484642934
524,0.6282205135098325,0.6482205135098326,0.6582205135098326,0.6582205135098326,0.6582205135098326,0.6582205135098326,0.6682205135098326,0.6632205135098326,0.6532205135098326,0.6632205135098326,0.6532205135098326,0.6532205135098326,0.6532205135098326
525,0.6974576645794771,0.6874576645794771,0.6874576645794771,0.6974576645794771,0.6774576645794771,0.6874576645794771,0.6774576645794771,0.6674576645794771,0.6774576645794771,0.6774576645794771,0.6774576645794771,0.6674576645794771,0.6774576645794771
526,0.65531434601212,0.65531434601212,0.65531434601212,0.64531434601212,0.63531434601212,0.63531434601212,0.66031434601212,0.67031434601212,0.67031434601212,0.65031434601212,0.65031434601212,0.64031434601212,0.66031434601212
527,0.7100646545296697,0.7000646545296697,0.7000646545296697,0.7000646545296697,0.7000646545296697,0.6900646545296697,0.7000646545296697,0.7000646545296697,0.6900646545296697,0.7100646545296697,0.7000646545296697,0.7100646545296697,0.7100646545296697
528,0.6378091348026765,0.6278091348026765,0.6478091348026765,0.6478091348026765,0.6578091348026766,0.6778091348026766,0.6678091348026766,0.6778091348026766,0.6778091348026766,0.6778091348026766,0.6778091348026766,0.6728091348026766,0.6728091348026766
529,0.72088624886205,0.72088624886205,0.72088624886205,0.72088624886205,0.72088624886205,0.70088624886205,0.69088624886205,0.68088624886205,0.68088624886205,0.69088624886205,0.68088624886205,0.68088624886205,0.69088624886205
530,0.7698392206744694,0.7698392206744694,0.7698392206744694,0.7698392206744694,0.7798392206744694,0.7598392206744694,0.7598392206744694,0.7598392206744694,0.7598392206744694,0.7598392206744694,0.7698392206744694,0.7998392206744694,0.7848392206744694
531,0.7284701217289437,0.7484701217289437,0.7184701217289436,0.7184701217289436,0.7084701217289436,0.7084701217289436,0.7084701217289436,0.7084701217289436,0.7184701217289436,0.7184701217289436,0.7184701217289436,0.6984701217289436,0.7134701217289436
532,0.7124824152105428,0.7324824152105428,0.7324824152105428,0.7324824152105428,0.7224824152105428,0.7324824152105428,0.7324824152105428,0.7424824152105428,0.7524824152105428,0.7424824152105428,0.7324824152105428,0.7424824152105428,0.7424824152105428
533,0.6734156581690128,0.6734156581690128,0.6634156581690128,0.6634156581690128,0.6734156581690128,0.6734156581690128,0.6834156581690128,0.6834156581690128,0.6934156581690128,0.6834156581690128,0.6534156581690128,0.6534156581690128,0.6534156581690128
534,0.6944925394855388,0.6944925394855388,0.6744925394855388,0.6644925394855388,0.6544925394855388,0.6544925394855388,0.6594925394855388,0.6594925394855388,0.6594925394855388,0.6594925394855388,0.6594925394855388,0.6594925394855388,0.6694925394855388
535,0.685699769464246,0.685699769464246,0.675699769464246,0.675699769464246,0.665699769464246,0.665699769464246,0.655699769464246,0.645699769464246,0.655699769464246,0.655699769464246,0.675699769464246,0.665699769464246,0.665699769464246
536,0.7475877648259729,0.7775877648259729,0.7775877648259729,0.7775877648259729,0.7675877648259729,0.7575877648259729,0.7375877648259729,0.7275877648259729,0.7275877648259729,0.7275877648259729,0.7175877648259729,0.7275877648259729,0.7275877648259729
537,0.6460449497801029,0.6660449497801029,0.6660449497801029,0.6560449497801029,0.6560449497801029,0.6460449497801029,0.6460449497801029,0.6260449497801028,0.6260449497801028,0.6260449497801028,0.6260449497801028,0.6360449497801028,0.6060449497801028
538,0.8117061085932253,0.8117061085932253,0.8117061085932253,0.8117061085932253,0.8117061085932253,0.7817061085932253,0.7917061085932253,0.7717061085932253,0.7717061085932253,0.7717061085932253,0.7817061085932253,0.8017061085932253,0.8017061085932253
539,0.8031314482059013,0.8131314482059013,0.8131314482059013,0.8131314482059013,0.8231314482059013,0.8131314482059013,0.8231314482059013,0.8031314482059013,0.8031314482059013,0.8031314482059013,0.8031314482059013,0.8031314482059013,0.7931314482059013
540,0.7577578778599567,0.7477578778599567,0.7377578778599567,0.7377578778599567,0.7577578778599567,0.7577578778599567,0.7277578778599567,0.7177578778599567,0.7227578778599567,0.7427578778599567,0.7527578778599567,0.7727578778599568,0.7727578778599568
541,0.6479629036113835,0.6679629036113836,0.6679629036113836,0.6679629036113836,0.6679629036113836,0.6879629036113836,0.6829629036113836,0.6729629036113836,0.6729629036113836,0.6729629036113836,0.6729629036113836,0.6829629036113836,0.6529629036113835
542,0.6234828304929335,0.6034828304929335,0.6134828304929335,0.6434828304929335,0.6534828304929335,0.6534828304929335,0.6334828304929335,0.6334828304929335,0.6534828304929335,0.6534828304929335,0.6634828304929336,0.6534828304929335,0.6534828304929335
543,0.694838271840666,0.694838271840666,0.664838271840666,0.674838271840666,0.684838271840666,0.694838271840666,0.684838271840666,0.654838271840666,0.654838271840666,0.674838271840666,0.664838271840666,0.664838271840666,0.674838271840666
544,0.7401823433026673,0.7201823433026673,0.7201823433026673,0.7201823433026673,0.7201823433026673,0.7301823433026673,0.7201823433026673,0.7301823433026673,0.7401823433026673,0.7301823433026673,0.7401823433026673,0.7401823433026673,0.7501823433026673
545,0.7342856428682276,0.7442856428682276,0.7442856428682276,0.7342856428682276,0.7442856428682276,0.7242856428682276,0.7242856428682276,0.7342856428682276,0.7342856428682276,0.7342856428682276,0.7342856428682276,0.7342856428682276,0.7442856428682276
546,0.6883167313170577,0.6883167313170577,0.6883167313170577,0.6883167313170577,0.7083167313170577,0.7183167313170578,0.7183167313170578,0.7033167313170577,0.7133167313170578,0.7133167313170578,0.7033167313170577,0.7033167313170577,0.7033167313170577
547,0.675417736532273,0.695417736532273,0.715417736532273,0.715417736532273,0.710417736532273,0.700417736532273,0.710417736532273,0.710417736532273,0.710417736532273,0.700417736532273,0.700417736532273,0.710417736532273,0.700417736532273
548,0.7456583340951984,0.7556583340951984,0.7456583340951984,0.7456583340951984,0.7556583340951984,0.7556583340951984,0.7556583340951984,0.7556583340951984,0.7556583340951984,0.7656583340951985,0.7556583340951984,0.7656583340951985,0.7856583340951985
549,0.6218472289036938,0.6218472289036938,0.6218472289036938,0.6418472289036938,0.6318472289036938,0.6518472289036938,0.6368472289036938,0.6368472289036938,0.6468472289036938,0.6268472289036938,0.6268472289036938,0.6268472289036938,0.6168472289036938
550,0.7193590812023095,0.7393590812023095,0.7493590812023095,0.7393590812023095,0.7393590812023095,0.7393590812023095,0.7393590812023095,0.7393590812023095,0.7193590812023095,0.7193590812023095,0.7293590812023095,0.7393590812023095,0.7393590812023095
551,0.700678012246668,0.700678012246668,0.700678012246668,0.700678012246668,0.700678012246668,0.700678012246668,0.710678012246668,0.710678012246668,0.7306780122466681,0.720678012246668,0.7306780122466681,0.7306780122466681,0.710678012246668
552,0.706423584826896,0.706423584826896,0.706423584826896,0.7264235848268961,0.7264235848268961,0.7264235848268961,0.7264235848268961,0.7264235848268961,0.7464235848268961,0.7464235848268961,0.7414235848268961,0.7414235848268961,0.7414235848268961
553,0.7412127692610491,0.7412127692610491,0.7312127692610491,0.7312127692610491,0.721212769261049,0.7312127692610491,0.7312127692610491,0.7312127692610491,0.7312127692610491,0.7312127692610491,0.7512127692610491,0.7712127692610491,0.7812127692610491
554,0.7247672306134332,0.7247672306134332,0.7247672306134332,0.7247672306134332,0.7147672306134332,0.7147672306134332,0.7247672306134332,0.7347672306134332,0.7247672306134332,0.7247672306134332,0.7247672306134332,0.7247672306134332,0.7247672306134332
555,0.7332736499205705,0.7332736499205705,0.7032736499205705,0.7032736499205705,0.7182736499205705,0.7282736499205705,0.7182736499205705,0.7182736499205705,0.7182736499205705,0.7382736499205705,0.7382736499205705,0.7382736499205705,0.7082736499205705
556,0.6401101587807412,0.6301101587807412,0.6201101587807412,0.6201101587807412,0.6201101587807412,0.6301101587807412,0.6301101587807412,0.6001101587807411,0.6001101587807411,0.6001101587807411,0.6001101587807411,0.6001101587807411,0.6101101587807412
557,0.6647640007297205,0.6847640007297205,0.6747640007297205,0.6747640007297205,0.6747640007297205,0.6747640007297205,0.6847640007297205,0.6947640007297206,0.6797640007297205,0.6697640007297205,0.6697640007297205,0.6697640007297205,0.6797640007297205
558,0.6986014870266398,0.6986014870266398,0.7086014870266398,0.6986014870266398,0.6886014870266398,0.6886014870266398,0.6886014870266398,0.6886014870266398,0.6786014870266398,0.6886014870266398,0.6786014870266398,0.6986014870266398,0.7186014870266398
559,0.7295372018067126,0.7195372018067125,0.7195372018067125,0.7195372018067125,0.7195372018067125,0.7095372018067125,0.6895372018067125,0.6895372018067125,0.6895372018067125,0.6995372018067125,0.6995372018067125,0.7095372018067125,0.7395372018067126
560,0.7067130363764802,0.7067130363764802,0.7267130363764802,0.7017130363764802,0.7017130363764802,0.7017130363764802,0.7017130363764802,0.7417130363764802,0.7417130363764802,0.7417130363764802,0.7317130363764802,0.7417130363764802,0.7317130363764802
561,0.6698208149170489,0.6698208149170489,0.6798208149170489,0.6898208149170489,0.6698208149170489,0.6898208149170489,0.699820814917049,0.699820814917049,0.6798208149170489,0.6798208149170489,0.6698208149170489,0.6598208149170489,0.6698208149170489
562,0.7019279051593387,0.7019279051593387,0.7119279051593387,0.7119279051593387,0.7019279051593387,0.7019279051593387,0.7119279051593387,0.6919279051593387,0.6919279051593387,0.6819279051593387,0.6819279051593387,0.6819279051593387,0.6819279051593387
563,0.7173657165371358,0.7173657165371358,0.7173657165371358,0.7173657165371358,0.7173657165371358,0.7373657165371358,0.7473657165371358,0.7373657165371358,0.7273657165371358,0.7273657165371358,0.7273657165371358,0.7273657165371358,0.7273657165371358
564,0.7004090767728687,0.6704090767728687,0.6704090767728687,0.6704090767728687,0.6704090767728687,0.6854090767728687,0.6854090767728687,0.7254090767728687,0.7454090767728687,0.7454090767728687,0.7254090767728687,0.7154090767728687,0.7054090767728687
565,0.7932704220675951,0.7932704220675951,0.7932704220675951,0.8032704220675951,0.8032704220675951,0.8032704220675951,0.8032704220675951,0.8032704220675951,0.8032704220675951,0.8132704220675951,0.8132704220675951,0.8132704220675951,0.8332704220675952
566,0.6667472523589406,0.6767472523589406,0.6867472523589406,0.6867472523589406,0.6767472523589406,0.6767472523589406,0.6767472523589406,0.6967472523589406,0.7067472523589406,0.7017472523589406,0.7017472523589406,0.6917472523589406,0.7017472523589406
567,0.6812274717120562,0.6612274717120562,0.6612274717120562,0.6412274717120562,0.6412274717120562,0.6512274717120562,0.6512274717120562,0.6412274717120562,0.6462274717120562,0.6462274717120562,0.6462274717120562,0.6562274717120562,0.6862274717120562
568,0.7131721744434938,0.6931721744434938,0.6931721744434938,0.6931721744434938,0.6931721744434938,0.6931721744434938,0.7131721744434938,0.7131721744434938,0.7131721744434938,0.7231721744434938,0.7131721744434938,0.6931721744434938,0.6931721744434938
569,0.584645576203968,0.584645576203968,0.594645576203968,0.604645576203968,0.594645576203968,0.594645576203968,0.584645576203968,0.594645576203968,0.594645576203968,0.594645576203968,0.584645576203968,0.584645576203968,0.584645576203968
570,0.7170193834330544,0.7170193834330544,0.7170193834330544,0.7170193834330544,0.7170193834330544,0.7170193834330544,0.7470193834330544,0.7470193834330544,0.7470193834330544,0.7470193834330544,0.7570193834330544,0.7520193834330544,0.7420193834330544
571,0.6624948166044793,0.6624948166044793,0.6824948166044793,0.6924948166044793,0.6924948166044793,0.6924948166044793,0.6774948166044793,0.6674948166044793,0.7074948166044793,0.7074948166044793,0.6974948166044793,0.6874948166044793,0.6874948166044793
572,0.7189187915931656,0.7189187915931656,0.7089187915931656,0.7189187915931656,0.7289187915931656,0.7289187915931656,0.7489187915931657,0.7589187915931657,0.7589187915931657,0.7539187915931657,0.7439187915931657,0.7539187915931657,0.7539187915931657
573,0.709653220622561,0.709653220622561,0.729653220622561,0.709653220622561,0.739653220622561,0.724653220622561,0.714653220622561,0.694653220622561,0.704653220622561,0.714653220622561,0.724653220622561,0.734653220622561,0.744653220622561
574,0.727315550611299,0.717315550611299,0.717315550611299,0.707315550611299,0.707315550611299,0.707315550611299,0.737315550611299,0.717315550611299,0.717315550611299,0.707315550611299,0.707315550611299,0.697315550611299,0.707315550611299
575,0.780158502851107,0.770158502851107,0.770158502851107,0.770158502851107,0.760158502851107,0.770158502851107,0.760158502851107,0.740158502851107,0.740158502851107,0.740158502851107,0.740158502851107,0.745158502851107,0.755158502851107
576,0.6798828730025548,0.6598828730025548,0.6598828730025548,0.6598828730025548,0.6398828730025548,0.6398828730025548,0.6398828730025548,0.6498828730025548,0.6498828730025548,0.6598828730025548,0.6698828730025548,0.6698828730025548,0.6698828730025548
577,0.7089505684313362,0.7389505684313362,0.7389505684313362,0.7489505684313362,0.7489505684313362,0.7439505684313362,0.7339505684313362,0.7139505684313362,0.6939505684313362,0.6739505684313362,0.6739505684313362,0.6639505684313362,0.6639505684313362
578,0.6567960045564316,0.6767960045564316,0.6667960045564316,0.6567960045564316,0.6567960045564316,0.6567960045564316,0.6467960045564316,0.6367960045564316,0.6367960045564316,0.6467960045564316,0.6667960045564316,0.6667960045564316,0.6367960045564316
579,0.6666197961328636,0.6566197961328636,0.6666197961328636,0.6666197961328636,0.6666197961328636,0.6666197961328636,0.6766197961328636,0.6866197961328636,0.7066197961328636,0.7066197961328636,0.7016197961328636,0.6816197961328636,0.6816197961328636
580,0.7560563900892849,0.776056390089285,0.7660563900892849,0.786056390089285,0.776056390089285,0.776056390089285,0.7510563900892849,0.7310563900892849,0.7410563900892849,0.7410563900892849,0.7210563900892849,0.7310563900892849,0.7210563900892849
581,0.7268871049044258,0.7268871049044258,0.7268871049044258,0.7268871049044258,0.7268871049044258,0.7268871049044258,0.7368871049044258,0.7568871049044258,0.7568871049044258,0.7368871049044258,0.7168871049044258,0.7068871049044257,0.6968871049044257
582,0.670281074796781,0.680281074796781,0.670281074796781,0.650281074796781,0.640281074796781,0.650281074796781,0.650281074796781,0.650281074796781,0.640281074796781,0.640281074796781,0.640281074796781,0.640281074796781,0.630281074796781
583,0.6959300367391534,0.6859300367391534,0.6959300367391534,0.6859300367391534,0.6959300367391534,0.6959300367391534,0.7059300367391534,0.7159300367391535,0.7159300367391535,0.7159300367391535,0.7359300367391535,0.7309300367391535,0.7309300367391535
584,0.7273520241618933,0.7273520241618933,0.7273520241618933,0.6973520241618932,0.7073520241618932,0.7073520241618932,0.7073520241618932,0.7073520241618932,0.7073520241618932,0.7273520241618933,0.7273520241618933,0.7273520241618933,0.7273520241618933
585,0.6273287278352662,0.6173287278352662,0.6373287278352662,0.6673287278352662,0.6473287278352662,0.6473287278352662,0.6473287278352662,0.6473287278352662,0.6373287278352662,0.6473287278352662,0.6473287278352662,0.6373287278352662,0.6573287278352662
586,0.6142693264886485,0.6242693264886485,0.6242693264886485,0.6242693264886485,0.6242693264886485,0.6342693264886485,0.6442693264886485,0.6342693264886485,0.6342693264886485,0.6442693264886485,0.6342693264886485,0.6442693264886485,0.6442693264886485
587,0.7024751343078689,0.6824751343078689,0.6824751343078689,0.7024751343078689,0.7024751343078689,0.7324751343078689,0.7024751343078689,0.6824751343078689,0.6724751343078689,0.6724751343078689,0.6874751343078689,0.6874751343078689,0.6874751343078689
588,0.7324495505213379,0.7324495505213379,0.7324495505213379,0.7624495505213379,0.7724495505213379,0.7724495505213379,0.7724495505213379,0.7624495505213379,0.7524495505213379,0.7324495505213379,0.7324495505213379,0.7224495505213379,0.7224495505213379
589,0.6919269631463628,0.7019269631463628,0.7019269631463628,0.7119269631463628,0.6919269631463628,0.6919269631463628,0.6919269631463628,0.6919269631463628,0.6919269631463628,0.6919269631463628,0.6919269631463628,0.7119269631463628,0.7319269631463629
590,0.6823023849033537,0.6823023849033537,0.6923023849033537,0.6723023849033537,0.6623023849033537,0.6823023849033537,0.6923023849033537,0.7123023849033537,0.6973023849033537,0.6973023849033537,0.6973023849033537,0.6773023849033537,0.6773023849033537
591,0.7051191371816384,0.7151191371816384,0.7251191371816385,0.7151191371816384,0.7151191371816384,0.7351191371816385,0.7451191371816385,0.7451191371816385,0.7401191371816385,0.7301191371816385,0.7301191371816385,0.7401191371816385,0.7301191371816385
592,0.701032634995856,0.701032634995856,0.711032634995856,0.691032634995856,0.691032634995856,0.691032634995856,0.701032634995856,0.701032634995856,0.721032634995856,0.721032634995856,0.721032634995856,0.721032634995856,0.721032634995856
593,0.7869783851111204,0.7769783851111204,0.7669783851111204,0.7669783851111204,0.7469783851111204,0.7519783851111204,0.7519783851111204,0.7619783851111204,0.7619783851111204,0.7519783851111204,0.7519783851111204,0.7519783851111204,0.7619783851111204
594,0.6552354774433052,0.6852354774433053,0.6552354774433052,0.6552354774433052,0.6552354774433052,0.6652354774433052,0.6652354774433052,0.6652354774433052,0.6552354774433052,0.6552354774433052,0.6552354774433052,0.6552354774433052,0.6652354774433052
595,0.6724989670423146,0.6724989670423146,0.6624989670423146,0.6724989670423146,0.6724989670423146,0.6624989670423146,0.6424989670423146,0.6424989670423146,0.6574989670423146,0.6574989670423146,0.6874989670423146,0.6974989670423146,0.6974989670423146
596,0.6936698717999652,0.7036698717999652,0.7036698717999652,0.6836698717999652,0.6936698717999652,0.6936698717999652,0.6736698717999652,0.6836698717999652,0.6736698717999652,0.6836698717999652,0.6836698717999652,0.6936698717999652,0.6936698717999652
597,0.7457588187831814,0.7557588187831814,0.7457588187831814,0.7457588187831814,0.7657588187831814,0.7657588187831814,0.7457588187831814,0.7257588187831814,0.7457588187831814,0.7357588187831814,0.7357588187831814,0.7357588187831814,0.7357588187831814
598,0.6793713194159732,0.6893713194159732,0.6693713194159732,0.6793713194159732,0.6993713194159732,0.6993713194159732,0.7093713194159732,0.6893713194159732,0.6893713194159732,0.6893713194159732,0.6893713194159732,0.6593713194159732,0.6493713194159731
599,0.632545329007759,0.642545329007759,0.642545329007759,0.642545329007759,0.6225453290077589,0.632545329007759,0.6125453290077589,0.6125453290077589,0.5925453290077589,0.5925453290077589,0.5975453290077589,0.5975453290077589,0.6075453290077589
600,0.6836240425541851,0.6836240425541851,0.6936240425541851,0.7036240425541851,0.7036240425541851,0.7136240425541851,0.7136240425541851,0.7236240425541851,0.7236240425541851,0.7186240425541851,0.7186240425541851,0.7186240425541851,0.7086240425541851
601,0.6752139163690861,0.6652139163690861,0.6552139163690861,0.6652139163690861,0.6452139163690861,0.6452139163690861,0.6652139163690861,0.6652139163690861,0.6652139163690861,0.6352139163690861,0.6352139163690861,0.6452139163690861,0.6352139163690861
602,0.7025260324997722,0.7025260324997722,0.7325260324997722,0.7325260324997722,0.7225260324997722,0.7125260324997722,0.7125260324997722,0.7025260324997722,0.7025260324997722,0.7125260324997722,0.7225260324997722,0.6825260324997722,0.6825260324997722
603,0.7074909288597117,0.7074909288597117,0.7074909288597117,0.7074909288597117,0.7174909288597117,0.7174909288597117,0.7374909288597117,0.7474909288597117,0.7474909288597117,0.7474909288597117,0.7474909288597117,0.7374909288597117,0.7374909288597117
604,0.7120120389132765,0.7120120389132765,0.7120120389132765,0.6920120389132765,0.6920120389132765,0.7120120389132765,0.7120120389132765,0.7120120389132765,0.7120120389132765,0.7020120389132765,0.7220120389132765,0.7020120389132765,0.7120120389132765
605,0.6405570546184584,0.6505570546184584,0.6705570546184584,0.6805570546184584,0.6755570546184584,0.6755570546184584,0.6655570546184584,0.6655570546184584,0.6655570546184584,0.6655570546184584,0.6655570546184584,0.6655570546184584,0.6555570546184584
606,0.7290743305251826,0.7290743305251826,0.7390743305251826,0.7390743305251826,0.7590743305251826,0.7490743305251826,0.7490743305251826,0.7390743305251826,0.7390743305251826,0.7390743305251826,0.7390743305251826,0.7390743305251826,0.7390743305251826
607,0.7378558229618569,0.7378558229618569,0.7378558229618569,0.7378558229618569,0.7378558229618569,0.7478558229618569,0.7478558229618569,0.7278558229618569,0.7078558229618569,0.7078558229618569,0.6978558229618569,0.7028558229618569,0.7128558229618569
608,0.7191253687120188,0.7091253687120188,0.6891253687120188,0.6891253687120188,0.6891253687120188,0.6891253687120188,0.6891253687120188,0.7041253687120188,0.7141253687120188,0.7141253687120188,0.7241253687120188,0.7141253687120188,0.7141253687120188
609,0.7146393486876256,0.7446393486876256,0.7446393486876256,0.7446393486876256,0.7546393486876256,0.7546393486876256,0.7546393486876256,0.7446393486876256,0.7146393486876256,0.7146393486876256,0.7146393486876256,0.7146393486876256,0.7146393486876256
610,0.6938807923585467,0.6838807923585467,0.6838807923585467,0.6838807923585467,0.6838807923585467,0.6638807923585467,0.6738807923585467,0.6838807923585467,0.6738807923585467,0.6938807923585467,0.7038807923585467,0.7238807923585467,0.7088807923585467
611,0.6867127055966541,0.6767127055966541,0.6767127055966541,0.6767127055966541,0.6867127055966541,0.6867127055966541,0.6767127055966541,0.6767127055966541,0.6667127055966541,0.6467127055966541,0.6467127055966541,0.6467127055966541,0.6467127055966541
612,0.6790679985963944,0.6790679985963944,0.6790679985963944,0.6790679985963944,0.6690679985963944,0.6590679985963944,0.6690679985963944,0.6490679985963944,0.6490679985963944,0.6490679985963944,0.6390679985963944,0.6390679985963944,0.6390679985963944
613,0.6409241645893589,0.6409241645893589,0.6509241645893589,0.6509241645893589,0.6209241645893588,0.6209241645893588,0.6409241645893589,0.6409241645893589,0.6409241645893589,0.6309241645893588,0.6309241645893588,0.6209241645893588,0.6209241645893588
614,0.7031478112267137,0.7131478112267137,0.7231478112267137,0.7231478112267137,0.7131478112267137,0.7131478112267137,0.7131478112267137,0.7231478112267137,0.7131478112267137,0.7031478112267137,0.6931478112267137,0.6831478112267136,0.7081478112267137
615,0.611911916721136,0.591911916721136,0.591911916721136,0.581911916721136,0.611911916721136,0.581911916721136,0.581911916721136,0.601911916721136,0.591911916721136,0.611911916721136,0.611911916721136,0.591911916721136,0.581911916721136
616,0.6475303056965924,0.6475303056965924,0.6575303056965924,0.6675303056965924,0.6675303056965924,0.6675303056965924,0.6675303056965924,0.6675303056965924,0.6675303056965924,0.6875303056965925,0.6875303056965925,0.6875303056965925,0.6675303056965924
617,0.7200405361916975,0.7300405361916975,0.7300405361916975,0.7400405361916975,0.7400405361916975,0.7600405361916975,0.7550405361916975,0.7550405361916975,0.7550405361916975,0.7450405361916975,0.7450405361916975,0.7450405361916975,0.7450405361916975
618,0.7157389820477326,0.7157389820477326,0.6957389820477325,0.6957389820477325,0.7257389820477326,0.7357389820477326,0.7457389820477326,0.7457389820477326,0.7457389820477326,0.7307389820477326,0.7207389820477326,0.7307389820477326,0.7407389820477326
619,0.6621572999427773,0.6621572999427773,0.6621572999427773,0.6621572999427773,0.6621572999427773,0.6921572999427773,0.6771572999427773,0.6571572999427773,0.6571572999427773,0.6671572999427773,0.6671572999427773,0.6771572999427773,0.6671572999427773
620,0.7112660652732233,0.7112660652732233,0.7212660652732233,0.7212660652732233,0.7312660652732234,0.7312660652732234,0.7212660652732233,0.7412660652732234,0.7412660652732234,0.7512660652732234,0.7412660652732234,0.7212660652732233,0.7212660652732233
621,0.6969459578482433,0.6969459578482433,0.7069459578482433,0.6969459578482433,0.6869459578482433,0.6769459578482433,0.6769459578482433,0.6869459578482433,0.6869459578482433,0.6769459578482433,0.6769459578482433,0.7069459578482433,0.7069459578482433
622,0.7897754083981952,0.7897754083981952,0.7997754083981952,0.7797754083981951,0.7797754083981951,0.7597754083981951,0.7497754083981951,0.7497754083981951,0.7547754083981951,0.7547754083981951,0.7647754083981951,0.7547754083981951,0.7647754083981951
623,0.692246151560476,0.702246151560476,0.702246151560476,0.702246151560476,0.702246151560476,0.702246151560476,0.667246151560476,0.667246151560476,0.6572461515604759,0.6572461515604759,0.6572461515604759,0.6472461515604759,0.6472461515604759
624,0.6870673362839717,0.6470673362839716,0.6570673362839716,0.6470673362839716,0.6570673362839716,0.6570673362839716,0.6770673362839716,0.6770673362839716,0.6770673362839716,0.6770673362839716,0.6770673362839716,0.6770673362839716,0.6770673362839716
625,0.7047928462384959,0.7047928462384959,0.6947928462384959,0.6947928462384959,0.7047928462384959,0.7047928462384959,0.7047928462384959,0.7147928462384959,0.7147928462384959,0.7147928462384959,0.7047928462384959,0.6947928462384959,0.7247928462384959
626,0.700926106582109,0.720926106582109,0.720926106582109,0.730926106582109,0.710926106582109,0.720926106582109,0.710926106582109,0.710926106582109,0.700926106582109,0.700926106582109,0.700926106582109,0.710926106582109,0.700926106582109
627,0.6792342965293245,0.6792342965293245,0.6792342965293245,0.6592342965293245,0.6592342965293245,0.6792342965293245,0.6792342965293245,0.6792342965293245,0.6692342965293245,0.6692342965293245,0.6692342965293245,0.6692342965293245,0.6592342965293245
628,0.777827910245048,0.767827910245048,0.7878279102450481,0.777827910245048,0.777827910245048,0.767827910245048,0.767827910245048,0.7878279102450481,0.7878279102450481,0.7978279102450481,0.777827910245048,0.777827910245048,0.777827910245048
629,0.6388960000661899,0.6488960000661899,0.6588960000661899,0.6588960000661899,0.6488960000661899,0.6488960000661899,0.6688960000661899,0.6588960000661899,0.6788960000661899,0.6688960000661899,0.6538960000661899,0.6438960000661899,0.6438960000661899
630,0.6879655616856395,0.6879655616856395,0.6679655616856395,0.6679655616856395,0.6579655616856395,0.6679655616856395,0.6679655616856395,0.6579655616856395,0.6579655616856395,0.6729655616856395,0.6929655616856395,0.6829655616856395,0.7029655616856395
631,0.708109601699795,0.708109601699795,0.708109601699795,0.708109601699795,0.708109601699795,0.688109601699795,0.698109601699795,0.698109601699795,0.698109601699795,0.698109601699795,0.708109601699795,0.738109601699795,0.718109601699795
632,0.6954632006010221,0.6954632006010221,0.7054632006010221,0.7054632006010221,0.6854632006010221,0.6854632006010221,0.6854632006010221,0.6854632006010221,0.6954632006010221,0.6854632006010221,0.665463200601022,0.6854632006010221,0.6854632006010221
633,0.700660907194366,0.670660907194366,0.660660907194366,0.660660907194366,0.670660907194366,0.670660907194366,0.690660907194366,0.690660907194366,0.710660907194366,0.710660907194366,0.720660907194366,0.720660907194366,0.720660907194366
634,0.7221322305309191,0.7221322305309191,0.7421322305309191,0.7221322305309191,0.7021322305309191,0.7121322305309191,0.7321322305309191,0.7121322305309191,0.7021322305309191,0.7021322305309191,0.7221322305309191,0.7121322305309191,0.7021322305309191
635,0.6892034219725188,0.6792034219725188,0.6792034219725188,0.6592034219725188,0.6692034219725188,0.6692034219725188,0.6792034219725188,0.6792034219725188,0.6592034219725188,0.6692034219725188,0.6592034219725188,0.6492034219725188,0.6492034219725188
636,0.7051912256983752,0.6951912256983752,0.6851912256983752,0.6751912256983752,0.6901912256983752,0.6901912256983752,0.6901912256983752,0.6901912256983752,0.6601912256983752,0.6601912256983752,0.6601912256983752,0.6701912256983752,0.6801912256983752
637,0.7297356860233877,0.7297356860233877,0.7297356860233877,0.7097356860233877,0.7097356860233877,0.7347356860233877,0.7247356860233877,0.7247356860233877,0.7247356860233877,0.7247356860233877,0.7247356860233877,0.7447356860233877,0.7547356860233877
638,0.6364622901340474,0.6364622901340474,0.6464622901340474,0.6464622901340474,0.6264622901340474,0.6264622901340474,0.6664622901340475,0.6664622901340475,0.6514622901340474,0.6514622901340474,0.6514622901340474,0.6414622901340474,0.6414622901340474
639,0.670335056945746,0.670335056945746,0.670335056945746,0.670335056945746,0.660335056945746,0.680335056945746,0.7103350569457461,0.705335056945746,0.695335056945746,0.675335056945746,0.665335056945746,0.665335056945746,0.675335056945746
640,0.72954651186087,0.7395465118608701,0.70454651186087,0.71454651186087,0.72454651186087,0.73454651186087,0.73454651186087,0.73454651186087,0.7545465118608701,0.7545465118608701,0.7445465118608701,0.7445465118608701,0.73454651186087
641,0.7088902034473507,0.6988902034473506,0.7088902034473507,0.7088902034473507,0.6988902034473506,0.7188902034473507,0.7188902034473507,0.6988902034473506,0.7388902034473507,0.7488902034473507,0.7488902034473507,0.7388902034473507,0.7388902034473507
642,0.70225622376777,0.70225622376777,0.68225622376777,0.69225622376777,0.69225622376777,0.68225622376777,0.68225622376777,0.6622562237677699,0.6672562237677699,0.67725622376777,0.67725622376777,0.6672562237677699,0.6672562237677699
643,0.6518958478673613,0.6718958478673613,0.6718958478673613,0.6418958478673613,0.6218958478673613,0.6418958478673613,0.6418958478673613,0.6618958478673613,0.6918958478673614,0.6918958478673614,0.6918958478673614,0.6918958478673614,0.6868958478673614
644,0.7058237803966831,0.7158237803966832,0.7158237803966832,0.7358237803966832,0.7258237803966832,0.7258237803966832,0.7258237803966832,0.7258237803966832,0.7258237803966832,0.7258237803966832,0.7258237803966832,0.7058237803966831,0.7158237803966832
645,0.6779457038426027,0.6779457038426027,0.6779457038426027,0.6779457038426027,0.6779457038426027,0.6679457038426027,0.6679457038426027,0.6679457038426027,0.7179457038426027,0.6979457038426027,0.6979457038426027,0.7079457038426027,0.7079457038426027
646,0.6745239458804172,0.6745239458804172,0.6745239458804172,0.6545239458804172,0.6545239458804172,0.6545239458804172,0.6545239458804172,0.6345239458804172,0.6445239458804172,0.6445239458804172,0.6645239458804172,0.6745239458804172,0.6295239458804172
647,0.7250241955857158,0.7350241955857159,0.7350241955857159,0.7350241955857159,0.7350241955857159,0.7350241955857159,0.7450241955857159,0.7550241955857159,0.7550241955857159,0.7550241955857159,0.7450241955857159,0.7450241955857159,0.7350241955857159
648,0.5788668425993229,0.5688668425993229,0.5588668425993228,0.5588668425993228,0.5488668425993228,0.5488668425993228,0.5488668425993228,0.5638668425993228,0.5538668425993228,0.5438668425993228,0.5438668425993228,0.5538668425993228,0.5438668425993228
649,0.6586103423565896,0.6586103423565896,0.6686103423565896,0.6686103423565896,0.6786103423565896,0.6586103423565896,0.6386103423565895,0.6386103423565895,0.6386103423565895,0.6286103423565895,0.6286103423565895,0.6286103423565895,0.6586103423565896
650,0.7183817690967533,0.7083817690967533,0.6983817690967533,0.6883817690967533,0.6883817690967533,0.6883817690967533,0.6783817690967533,0.6833817690967533,0.6933817690967533,0.7133817690967533,0.7033817690967533,0.7033817690967533,0.7133817690967533
651,0.6940927342036926,0.6840927342036925,0.6840927342036925,0.6940927342036926,0.6840927342036925,0.6740927342036925,0.6740927342036925,0.6740927342036925,0.6840927342036925,0.6840927342036925,0.6840927342036925,0.6940927342036926,0.6940927342036926
652,0.7208850511031578,0.7108850511031578,0.7108850511031578,0.7208850511031578,0.7208850511031578,0.7308850511031578,0.7508850511031578,0.7308850511031578,0.7108850511031578,0.7108850511031578,0.7008850511031578,0.7008850511031578,0.7108850511031578
653,0.7149993813348298,0.7249993813348298,0.7249993813348298,0.7449993813348298,0.7549993813348298,0.7449993813348298,0.7549993813348298,0.7449993813348298,0.7449993813348298,0.7449993813348298,0.7449993813348298,0.7549993813348298,0.7549993813348298
654,0.7822372117175738,0.7822372117175738,0.7722372117175738,0.7722372117175738,0.7822372117175738,0.7822372117175738,0.7622372117175737,0.7522372117175737,0.7672372117175738,0.7772372117175738,0.7772372117175738,0.7772372117175738,0.7672372117175738
655,0.6663317904855334,0.6463317904855334,0.6463317904855334,0.6463317904855334,0.6363317904855333,0.6513317904855334,0.6613317904855334,0.6613317904855334,0.6613317904855334,0.6713317904855334,0.6513317904855334,0.6813317904855334,0.6613317904855334
656,0.7159033481371774,0.7159033481371774,0.7159033481371774,0.7059033481371774,0.7059033481371774,0.7159033481371774,0.7359033481371774,0.7359033481371774,0.7159033481371774,0.7259033481371774,0.7259033481371774,0.7359033481371774,0.7259033481371774
657,0.6930216545697196,0.7030216545697197,0.6930216545697196,0.7030216545697197,0.6680216545697196,0.6680216545697196,0.6580216545697196,0.6480216545697196,0.6480216545697196,0.6480216545697196,0.6480216545697196,0.6480216545697196,0.6580216545697196
658,0.7191875824015694,0.7191875824015694,0.7091875824015694,0.7091875824015694,0.7091875824015694,0.7291875824015694,0.6991875824015694,0.7191875824015694,0.7191875824015694,0.7191875824015694,0.7191875824015694,0.7091875824015694,0.7091875824015694
659,0.6437622786025313,0.6437622786025313,0.6237622786025313,0.6137622786025313,0.6287622786025313,0.6187622786025313,0.6187622786025313,0.6187622786025313,0.6087622786025313,0.6187622786025313,0.6187622786025313,0.6187622786025313,0.6387622786025313
660,0.7362005880791203,0.7362005880791203,0.7362005880791203,0.7362005880791203,0.7562005880791203,0.7662005880791203,0.7762005880791203,0.7662005880791203,0.7662005880791203,0.7512005880791203,0.7512005880791203,0.7512005880791203,0.7312005880791203
661,0.685661124484892,0.685661124484892,0.695661124484892,0.665661124484892,0.665661124484892,0.665661124484892,0.645661124484892,0.655661124484892,0.665661124484892,0.665661124484892,0.675661124484892,0.675661124484892,0.665661124484892
662,0.7263500240498801,0.7263500240498801,0.7263500240498801,0.7263500240498801,0.7163500240498801,0.7163500240498801,0.7263500240498801,0.7463500240498802,0.7563500240498802,0.7463500240498802,0.7463500240498802,0.7563500240498802,0.7563500240498802
663,0.6617517519258918,0.6617517519258918,0.6517517519258917,0.6517517519258917,0.6517517519258917,0.6617517519258918,0.6717517519258918,0.6517517519258917,0.6517517519258917,0.6517517519258917,0.6517517519258917,0.6417517519258917,0.6517517519258917
664,0.5894392226999405,0.5494392226999405,0.5494392226999405,0.5494392226999405,0.5694392226999405,0.6194392226999406,0.6194392226999406,0.6094392226999406,0.5894392226999405,0.5894392226999405,0.5894392226999405,0.5994392226999405,0.6094392226999406
665,0.693358948977123,0.683358948977123,0.683358948977123,0.683358948977123,0.693358948977123,0.703358948977123,0.683358948977123,0.703358948977123,0.703358948977123,0.703358948977123,0.693358948977123,0.683358948977123,0.683358948977123
666,0.6843164221092601,0.6543164221092601,0.6543164221092601,0.6443164221092601,0.6493164221092601,0.6593164221092601,0.6593164221092601,0.6493164221092601,0.6593164221092601,0.6393164221092601,0.6393164221092601,0.6393164221092601,0.6393164221092601
667,0.7679194163665848,0.7879194163665848,0.7879194163665848,0.7779194163665848,0.7879194163665848,0.7979194163665848,0.7979194163665848,0.7979194163665848,0.7879194163665848,0.7979194163665848,0.7779194163665848,0.7779194163665848,0.7879194163665848
668,0.7425967414793581,0.7625967414793581,0.7625967414793581,0.7525967414793581,0.7525967414793581,0.7525967414793581,0.7625967414793581,0.7725967414793581,0.7525967414793581,0.7425967414793581,0.7425967414793581,0.7425967414793581,0.7425967414793581
669,0.62775546786889,0.63775546786889,0.62775546786889,0.61775546786889,0.58775546786889,0.58775546786889,0.58775546786889,0.59275546786889,0.60275546786889,0.61275546786889,0.59275546786889,0.60275546786889,0.61275546786889
670,0.7396940389431839,0.7396940389431839,0.7596940389431839,0.7596940389431839,0.7496940389431839,0.7496940389431839,0.7496940389431839,0.7396940389431839,0.7396940389431839,0.7596940389431839,0.7496940389431839,0.7396940389431839,0.7396940389431839
671,0.8184655920688223,0.8184655920688223,0.8284655920688223,0.8284655920688223,0.8284655920688223,0.8284655920688223,0.8184655920688223,0.8184655920688223,0.8084655920688223,0.8084655920688223,0.8384655920688223,0.8484655920688223,0.8584655920688223
672,0.7666833920637652,0.7866833920637653,0.7766833920637652,0.7666833920637652,0.7766833920637652,0.7666833920637652,0.7566833920637652,0.7566833920637652,0.7666833920637652,0.7766833920637652,0.7766833920637652,0.7866833920637653,0.7866833920637653
673,0.6829138499233892,0.6729138499233892,0.6729138499233892,0.6729138499233892,0.6729138499233892,0.6729138499233892,0.6729138499233892,0.6529138499233892,0.6629138499233892,0.6529138499233892,0.6529138499233892,0.6729138499233892,0.7079138499233892
674,0.6621253397246736,0.6521253397246736,0.6421253397246736,0.6321253397246736,0.6471253397246736,0.6371253397246736,0.6371253397246736,0.6171253397246735,0.6171253397246735,0.6171253397246735,0.6371253397246736,0.6271253397246735,0.6371253397246736
675,0.7924938901650792,0.8124938901650792,0.8024938901650792,0.7924938901650792,0.8024938901650792,0.8024938901650792,0.8024938901650792,0.8024938901650792,0.8124938901650792,0.7874938901650792,0.7874938901650792,0.7874938901650792,0.7774938901650792
676,0.7609762111511785,0.7709762111511785,0.7709762111511785,0.7809762111511785,0.7609762111511785,0.7509762111511785,0.7609762111511785,0.7609762111511785,0.7609762111511785,0.7709762111511785,0.7709762111511785,0.7609762111511785,0.7609762111511785
677,0.7373309352677847,0.7373309352677847,0.7373309352677847,0.7273309352677847,0.7373309352677847,0.7273309352677847,0.7273309352677847,0.7373309352677847,0.7373309352677847,0.7473309352677847,0.7473309352677847,0.7473309352677847,0.7573309352677847
678,0.7162711911007619,0.7162711911007619,0.7062711911007619,0.7162711911007619,0.7262711911007619,0.7362711911007619,0.7362711911007619,0.7262711911007619,0.7062711911007619,0.7062711911007619,0.6862711911007618,0.7012711911007619,0.7112711911007619
679,0.7072865889468845,0.6972865889468844,0.6872865889468844,0.6872865889468844,0.6872865889468844,0.6872865889468844,0.6772865889468844,0.6772865889468844,0.6922865889468844,0.7022865889468844,0.6822865889468844,0.6822865889468844,0.6822865889468844
680,0.7341933015891603,0.7141933015891603,0.7141933015891603,0.7141933015891603,0.7041933015891603,0.7041933015891603,0.7041933015891603,0.6941933015891603,0.6991933015891603,0.7091933015891603,0.6991933015891603,0.7091933015891603,0.7291933015891603
681,0.7099300144141469,0.7099300144141469,0.739930014414147,0.739930014414147,0.739930014414147,0.739930014414147,0.749930014414147,0.749930014414147,0.729930014414147,0.719930014414147,0.739930014414147,0.729930014414147,0.719930014414147
682,0.6861483239264166,0.6861483239264166,0.6961483239264166,0.6861483239264166,0.6861483239264166,0.6761483239264166,0.6761483239264166,0.6761483239264166,0.6761483239264166,0.6661483239264165,0.6661483239264165,0.6661483239264165,0.6661483239264165
683,0.5887210764474574,0.5987210764474574,0.5987210764474574,0.5887210764474574,0.5987210764474574,0.5987210764474574,0.5987210764474574,0.6087210764474574,0.5987210764474574,0.6087210764474574,0.6087210764474574,0.5987210764474574,0.5987210764474574
684,0.7024299133325101,0.7024299133325101,0.7024299133325101,0.6924299133325101,0.6824299133325101,0.6924299133325101,0.7124299133325102,0.7224299133325102,0.7224299133325102,0.7324299133325102,0.7174299133325102,0.6974299133325101,0.6874299133325101
685,0.7240107704041802,0.7340107704041802,0.7140107704041802,0.7140107704041802,0.7340107704041802,0.6990107704041801,0.7090107704041801,0.7090107704041801,0.6990107704041801,0.7190107704041802,0.6890107704041801,0.6990107704041801,0.6790107704041801
686,0.6880036873371026,0.6880036873371026,0.7080036873371026,0.7080036873371026,0.7080036873371026,0.6980036873371026,0.6680036873371026,0.6680036873371026,0.6930036873371026,0.6930036873371026,0.6930036873371026,0.7130036873371026,0.7130036873371026
687,0.7161126341324592,0.7161126341324592,0.7261126341324592,0.7261126341324592,0.7261126341324592,0.7261126341324592,0.7261126341324592,0.7161126341324592,0.6961126341324592,0.6961126341324592,0.6961126341324592,0.6961126341324592,0.6961126341324592
688,0.7886457911736124,0.7886457911736124,0.7886457911736124,0.7786457911736124,0.7486457911736124,0.7486457911736124,0.7536457911736124,0.7536457911736124,0.7536457911736124,0.7636457911736124,0.7536457911736124,0.7736457911736124,0.7836457911736124
689,0.5659445169281496,0.5659445169281496,0.5659445169281496,0.5659445169281496,0.5759445169281496,0.5959445169281496,0.5959445169281496,0.5959445169281496,0.5809445169281496,0.5909445169281496,0.5909445169281496,0.5909445169281496,0.5909445169281496
690,0.667579600444722,0.667579600444722,0.667579600444722,0.657579600444722,0.697579600444722,0.697579600444722,0.687579600444722,0.687579600444722,0.677579600444722,0.697579600444722,0.697579600444722,0.677579600444722,0.667579600444722
691,0.6500622216444568,0.6300622216444568,0.6300622216444568,0.6300622216444568,0.6300622216444568,0.6100622216444568,0.6300622216444568,0.6100622216444568,0.6100622216444568,0.6100622216444568,0.6100622216444568,0.6300622216444568,0.6100622216444568
692,0.5185495755160011,0.5085495755160011,0.5085495755160011,0.5285495755160011,0.4985495755160011,0.5085495755160011,0.5085495755160011,0.4885495755160011,0.4885495755160011,0.5085495755160011,0.5185495755160011,0.5185495755160011,0.4985495755160011
693,0.6620980844726881,0.6520980844726881,0.6420980844726881,0.6320980844726881,0.6220980844726881,0.6320980844726881,0.6320980844726881,0.6220980844726881,0.6320980844726881,0.6320980844726881,0.6220980844726881,0.6220980844726881,0.6270980844726881
694,0.616897079305519,0.606897079305519,0.616897079305519,0.626897079305519,0.616897079305519,0.646897079305519,0.636897079305519,0.656897079305519,0.646897079305519,0.626897079305519,0.626897079305519,0.626897079305519,0.626897079305519
695,0.702986054409977,0.702986054409977,0.692986054409977,0.682986054409977,0.712986054409977,0.702986054409977,0.692986054409977,0.702986054409977,0.712986054409977,0.722986054409977,0.712986054409977,0.712986054409977,0.712986054409977
696,0.7318865228921806,0.7318865228921806,0.7218865228921806,0.7118865228921806,0.7118865228921806,0.7118865228921806,0.7318865228921806,0.7318865228921806,0.7318865228921806,0.7218865228921806,0.7118865228921806,0.7118865228921806,0.7118865228921806
697,0.6333191052758843,0.6233191052758843,0.6233191052758843,0.6233191052758843,0.6233191052758843,0.6133191052758843,0.6333191052758843,0.6333191052758843,0.6333191052758843,0.6333191052758843,0.6333191052758843,0.6433191052758843,0.6433191052758843
698,0.8362866807259509,0.8462866807259509,0.8162866807259509,0.8162866807259509,0.8462866807259509,0.876286680725951,0.8662866807259509,0.876286680725951,0.876286680725951,0.871286680725951,0.8612866807259509,0.8612866807259509,0.8512866807259509
699,0.6549056341143953,0.6549056341143953,0.6449056341143953,0.6349056341143953,0.6349056341143953,0.6599056341143953,0.6699056341143953,0.6599056341143953,0.6599056341143953,0.6599056341143953,0.6599056341143953,0.6599056341143953,0.6599056341143953
700,0.720173576460283,0.700173576460283,0.710173576460283,0.720173576460283,0.720173576460283,0.720173576460283,0.720173576460283,0.730173576460283,0.730173576460283,0.750173576460283,0.730173576460283,0.730173576460283,0.730173576460283
701,0.666478072292893,0.646478072292893,0.646478072292893,0.626478072292893,0.631478072292893,0.631478072292893,0.631478072292893,0.641478072292893,0.641478072292893,0.641478072292893,0.651478072292893,0.641478072292893,0.651478072292893
702,0.6777719996868552,0.6577719996868552,0.6827719996868552,0.6627719996868552,0.6627719996868552,0.6727719996868552,0.6627719996868552,0.6827719996868552,0.6827719996868552,0.6827719996868552,0.6827719996868552,0.6727719996868552,0.6727719996868552
703,0.6592392868620436,0.6592392868620436,0.6592392868620436,0.6492392868620436,0.6492392868620436,0.6492392868620436,0.6292392868620436,0.6192392868620435,0.6192392868620435,0.6492392868620436,0.6592392868620436,0.6592392868620436,0.6692392868620436
704,0.7292819925288798,0.7292819925288798,0.7392819925288798,0.7292819925288798,0.7292819925288798,0.7392819925288798,0.7292819925288798,0.7192819925288798,0.7392819925288798,0.7392819925288798,0.7292819925288798,0.7092819925288798,0.7092819925288798
705,0.6178566698173883,0.6378566698173883,0.6378566698173883,0.6478566698173883,0.6378566698173883,0.6478566698173883,0.6378566698173883,0.6378566698173883,0.6278566698173883,0.6278566698173883,0.6278566698173883,0.6278566698173883,0.6078566698173883
706,0.7049002339024548,0.7349002339024548,0.7449002339024549,0.7449002339024549,0.7449002339024549,0.7449002339024549,0.7449002339024549,0.7349002339024548,0.7349002339024548,0.7349002339024548,0.7049002339024548,0.7149002339024548,0.7149002339024548
707,0.7655510020168927,0.7755510020168928,0.7655510020168927,0.7455510020168927,0.7355510020168927,0.7455510020168927,0.7655510020168927,0.7555510020168927,0.7555510020168927,0.7755510020168928,0.7755510020168928,0.7855510020168928,0.7855510020168928
708,0.7152442174049007,0.7052442174049007,0.7052442174049007,0.6952442174049007,0.7152442174049007,0.7152442174049007,0.7052442174049007,0.7052442174049007,0.6952442174049007,0.6952442174049007,0.6952442174049007,0.6952442174049007,0.6852442174049007
709,0.7061934100974664,0.6861934100974664,0.6961934100974664,0.6961934100974664,0.6861934100974664,0.6761934100974664,0.6761934100974664,0.6761934100974664,0.6761934100974664,0.6661934100974664,0.6661934100974664,0.6761934100974664,0.6861934100974664
710,0.740633518110478,0.7306335181104779,0.770633518110478,0.770633518110478,0.770633518110478,0.770633518110478,0.760633518110478,0.760633518110478,0.760633518110478,0.770633518110478,0.770633518110478,0.770633518110478,0.755633518110478
711,0.7078639096895118,0.7078639096895118,0.7078639096895118,0.7178639096895119,0.7278639096895119,0.7278639096895119,0.7378639096895119,0.7478639096895119,0.7428639096895119,0.7428639096895119,0.7428639096895119,0.7328639096895119,0.7128639096895119
712,0.7455816557196032,0.7455816557196032,0.7455816557196032,0.7655816557196032,0.7655816557196032,0.7555816557196032,0.7055816557196032,0.7055816557196032,0.7055816557196032,0.7055816557196032,0.7055816557196032,0.7155816557196032,0.7255816557196032
713,0.6388682746549225,0.6388682746549225,0.6288682746549225,0.6288682746549225,0.6388682746549225,0.6488682746549225,0.6588682746549225,0.6588682746549225,0.6388682746549225,0.6488682746549225,0.6388682746549225,0.6388682746549225,0.6388682746549225
714,0.6657147275586061,0.6757147275586061,0.6757147275586061,0.6757147275586061,0.6857147275586061,0.6857147275586061,0.655714727558606,0.655714727558606,0.655714727558606,0.655714727558606,0.655714727558606,0.655714727558606,0.655714727558606
715,0.7096256032272406,0.6996256032272405,0.6996256032272405,0.7096256032272406,0.7096256032272406,0.6896256032272405,0.6896256032272405,0.6896256032272405,0.7146256032272406,0.7146256032272406,0.7146256032272406,0.7146256032272406,0.7146256032272406
716,0.740043550663294,0.730043550663294,0.740043550663294,0.720043550663294,0.720043550663294,0.7100435506632939,0.7000435506632939,0.7050435506632939,0.7050435506632939,0.725043550663294,0.725043550663294,0.725043550663294,0.7050435506632939
717,0.7503291136724136,0.7603291136724136,0.7703291136724136,0.7703291136724136,0.7703291136724136,0.7503291136724136,0.7403291136724136,0.7303291136724136,0.7403291136724136,0.7203291136724136,0.7303291136724136,0.7303291136724136,0.7203291136724136
718,0.7928748910711183,0.7928748910711183,0.7928748910711183,0.7928748910711183,0.8128748910711183,0.8028748910711183,0.8028748910711183,0.8028748910711183,0.8028748910711183,0.8028748910711183,0.8028748910711183,0.7928748910711183,0.7828748910711183
719,0.6869848657721959,0.7069848657721959,0.7169848657721959,0.7069848657721959,0.7069848657721959,0.6669848657721958,0.6569848657721958,0.6569848657721958,0.6669848657721958,0.6669848657721958,0.6669848657721958,0.6569848657721958,0.6719848657721958
720,0.6636105144145735,0.6636105144145735,0.6536105144145735,0.6536105144145735,0.6436105144145735,0.6336105144145735,0.6336105144145735,0.6436105144145735,0.6436105144145735,0.6536105144145735,0.6536105144145735,0.6336105144145735,0.6336105144145735
721,0.6466904782786854,0.6566904782786854,0.6566904782786854,0.6666904782786854,0.6666904782786854,0.6666904782786854,0.6766904782786854,0.6766904782786854,0.6766904782786854,0.6566904782786854,0.6666904782786854,0.6566904782786854,0.6666904782786854
722,0.6981403262589996,0.6881403262589996,0.6681403262589996,0.6831403262589996,0.6831403262589996,0.6831403262589996,0.6731403262589996,0.6731403262589996,0.6731403262589996,0.6831403262589996,0.6831403262589996,0.6831403262589996,0.6931403262589996
723,0.6076465326040823,0.6276465326040823,0.6076465326040823,0.6076465326040823,0.6176465326040823,0.6176465326040823,0.6176465326040823,0.6176465326040823,0.6176465326040823,0.6276465326040823,0.6276465326040823,0.6276465326040823,0.6276465326040823
724,0.7660620176851638,0.7660620176851638,0.7660620176851638,0.7560620176851638,0.7560620176851638,0.7360620176851638,0.7660620176851638,0.7760620176851638,0.7760620176851638,0.7760620176851638,0.7560620176851638,0.7760620176851638,0.7760620176851638
725,0.6208098608097622,0.6108098608097622,0.6108098608097622,0.6208098608097622,0.6308098608097622,0.6308098608097622,0.6108098608097622,0.6208098608097622,0.6208098608097622,0.6308098608097622,0.6308098608097622,0.6308098608097622,0.6408098608097622
726,0.7021510452691998,0.6821510452691998,0.6721510452691998,0.6921510452691998,0.7021510452691998,0.7021510452691998,0.7021510452691998,0.7121510452691998,0.7121510452691998,0.7121510452691998,0.7121510452691998,0.7021510452691998,0.7021510452691998
727,0.6661477677700464,0.6661477677700464,0.6361477677700463,0.6461477677700463,0.6561477677700464,0.6461477677700463,0.6461477677700463,0.6561477677700464,0.6761477677700464,0.6761477677700464,0.6761477677700464,0.6761477677700464,0.6761477677700464
728,0.6409818663904518,0.6409818663904518,0.6609818663904519,0.6609818663904519,0.6709818663904519,0.6709818663904519,0.6509818663904519,0.6709818663904519,0.6809818663904519,0.6809818663904519,0.6759818663904519,0.6759818663904519,0.6759818663904519
729,0.7281970285485634,0.7381970285485634,0.7381970285485634,0.7181970285485634,0.7281970285485634,0.6981970285485634,0.6981970285485634,0.6981970285485634,0.7181970285485634,0.7181970285485634,0.6981970285485634,0.7481970285485634,0.7181970285485634
730,0.6657891286475874,0.6657891286475874,0.6257891286475874,0.6357891286475874,0.6357891286475874,0.6557891286475874,0.6557891286475874,0.6557891286475874,0.6557891286475874,0.6557891286475874,0.6557891286475874,0.6457891286475874,0.6457891286475874
731,0.6022673746843794,0.5822673746843794,0.5722673746843794,0.5722673746843794,0.5872673746843794,0.5672673746843794,0.5672673746843794,0.5672673746843794,0.5672673746843794,0.5772673746843794,0.5872673746843794,0.5872673746843794,0.5772673746843794
732,0.6541968387429142,0.6441968387429142,0.6441968387429142,0.6441968387429142,0.6341968387429142,0.6141968387429142,0.6241968387429142,0.6441968387429142,0.6341968387429142,0.6441968387429142,0.6541968387429142,0.6541968387429142,0.6541968387429142
733,0.7061065589575626,0.7161065589575626,0.7261065589575626,0.7461065589575626,0.7361065589575626,0.7361065589575626,0.7161065589575626,0.7161065589575626,0.7161065589575626,0.7261065589575626,0.7361065589575626,0.7461065589575626,0.7461065589575626
734,0.6767084844298317,0.6767084844298317,0.6667084844298317,0.6767084844298317,0.6767084844298317,0.6867084844298317,0.7167084844298317,0.7067084844298317,0.7067084844298317,0.7167084844298317,0.7117084844298317,0.7017084844298317,0.7117084844298317
735,0.7021626752245835,0.7021626752245835,0.7021626752245835,0.6921626752245835,0.6921626752245835,0.6921626752245835,0.6921626752245835,0.6721626752245835,0.6821626752245835,0.6921626752245835,0.6921626752245835,0.6921626752245835,0.6821626752245835
736,0.6442326915953089,0.6442326915953089,0.6442326915953089,0.6342326915953089,0.6342326915953089,0.6342326915953089,0.6342326915953089,0.6342326915953089,0.6342326915953089,0.6442326915953089,0.6442326915953089,0.6442326915953089,0.654232691595309
737,0.6570507757155029,0.6570507757155029,0.6670507757155029,0.6670507757155029,0.6470507757155028,0.6270507757155028,0.6170507757155028,0.6220507757155028,0.6220507757155028,0.6220507757155028,0.6220507757155028,0.6220507757155028,0.6220507757155028
738,0.7159228670471259,0.7259228670471259,0.6959228670471259,0.7059228670471259,0.7059228670471259,0.7059228670471259,0.7059228670471259,0.7159228670471259,0.7259228670471259,0.7259228670471259,0.745922867047126,0.745922867047126,0.735922867047126
739,0.7465352165436817,0.7765352165436817,0.7865352165436817,0.7815352165436817,0.7815352165436817,0.7815352165436817,0.7815352165436817,0.7715352165436817,0.7715352165436817,0.7815352165436817,0.7815352165436817,0.7715352165436817,0.7815352165436817
740,0.7410872653802479,0.7110872653802479,0.7260872653802479,0.7060872653802479,0.7060872653802479,0.7160872653802479,0.7360872653802479,0.7260872653802479,0.7060872653802479,0.7160872653802479,0.7160872653802479,0.7260872653802479,0.7360872653802479
741,0.7123087722684067,0.6923087722684067,0.7023087722684067,0.7023087722684067,0.7023087722684067,0.7023087722684067,0.7023087722684067,0.6923087722684067,0.7023087722684067,0.6923087722684067,0.6923087722684067,0.7123087722684067,0.7023087722684067
742,0.6103054966886388,0.6103054966886388,0.6203054966886388,0.6303054966886388,0.6503054966886388,0.6503054966886388,0.6503054966886388,0.6503054966886388,0.6303054966886388,0.6303054966886388,0.6303054966886388,0.6303054966886388,0.6303054966886388
743,0.6249325285460419,0.6249325285460419,0.6349325285460419,0.6349325285460419,0.6349325285460419,0.6249325285460419,0.6149325285460419,0.6149325285460419,0.6149325285460419,0.6149325285460419,0.6249325285460419,0.6449325285460419,0.6649325285460419
744,0.6920473117199735,0.7020473117199735,0.7120473117199735,0.7120473117199735,0.7120473117199735,0.7120473117199735,0.6920473117199735,0.6820473117199735,0.7120473117199735,0.7220473117199735,0.7220473117199735,0.7220473117199735,0.7120473117199735
745,0.6566975431304345,0.6566975431304345,0.6566975431304345,0.6666975431304345,0.6666975431304345,0.6566975431304345,0.6666975431304345,0.6666975431304345,0.6466975431304345,0.6466975431304345,0.6466975431304345,0.6466975431304345,0.6566975431304345
746,0.7842576766375228,0.7642576766375228,0.7542576766375227,0.7742576766375228,0.7742576766375228,0.7642576766375228,0.7442576766375227,0.7642576766375228,0.7542576766375227,0.7742576766375228,0.7642576766375228,0.7742576766375228,0.7942576766375228
747,0.5935068009022677,0.6235068009022677,0.6335068009022677,0.6235068009022677,0.6235068009022677,0.6235068009022677,0.6235068009022677,0.6135068009022677,0.5935068009022677,0.6035068009022677,0.6035068009022677,0.6135068009022677,0.6035068009022677
748,0.6254392235575864,0.6454392235575864,0.6354392235575864,0.6454392235575864,0.6654392235575864,0.6604392235575864,0.6604392235575864,0.6504392235575864,0.6504392235575864,0.6604392235575864,0.6604392235575864,0.6604392235575864,0.6604392235575864
749,0.7160677164182726,0.7160677164182726,0.7260677164182726,0.7260677164182726,0.7160677164182726,0.7160677164182726,0.7260677164182726,0.7060677164182726,0.7160677164182726,0.7260677164182726,0.7360677164182726,0.7260677164182726,0.7360677164182726
750,0.7445639468487366,0.7145639468487366,0.7245639468487366,0.7045639468487366,0.7045639468487366,0.7045639468487366,0.7045639468487366,0.7045639468487366,0.7045639468487366,0.7045639468487366,0.7145639468487366,0.7045639468487366,0.7095639468487366
751,0.7278194047972479,0.7278194047972479,0.7278194047972479,0.7178194047972479,0.737819404797248,0.737819404797248,0.737819404797248,0.737819404797248,0.747819404797248,0.757819404797248,0.767819404797248,0.762819404797248,0.742819404797248
752,0.6579860449450976,0.6479860449450976,0.6479860449450976,0.6579860449450976,0.6479860449450976,0.6779860449450976,0.6779860449450976,0.6879860449450976,0.6729860449450976,0.6729860449450976,0.6529860449450976,0.6529860449450976,0.6229860449450976
753,0.7215213989534324,0.7215213989534324,0.7115213989534324,0.7115213989534324,0.7115213989534324,0.7015213989534324,0.7115213989534324,0.7115213989534324,0.7515213989534324,0.7515213989534324,0.7365213989534324,0.7265213989534324,0.7565213989534324
754,0.7112330793844261,0.6912330793844261,0.6912330793844261,0.6912330793844261,0.6912330793844261,0.7012330793844261,0.7012330793844261,0.7112330793844261,0.7512330793844262,0.7012330793844261,0.7012330793844261,0.7012330793844261,0.7012330793844261
755,0.6982198289943288,0.6982198289943288,0.6982198289943288,0.7082198289943288,0.6982198289943288,0.6982198289943288,0.6982198289943288,0.6882198289943288,0.6982198289943288,0.6982198289943288,0.6782198289943288,0.6882198289943288,0.6782198289943288
756,0.554576016205083,0.564576016205083,0.574576016205083,0.584576016205083,0.584576016205083,0.584576016205083,0.584576016205083,0.584576016205083,0.569576016205083,0.569576016205083,0.569576016205083,0.559576016205083,0.579576016205083
757,0.6704922507581932,0.6804922507581932,0.6904922507581932,0.6904922507581932,0.7104922507581932,0.7004922507581932,0.7004922507581932,0.6854922507581932,0.6854922507581932,0.6854922507581932,0.6954922507581932,0.7054922507581932,0.6954922507581932
758,0.7942697979923367,0.7942697979923367,0.8042697979923367,0.8042697979923367,0.8142697979923367,0.8142697979923367,0.8142697979923367,0.8142697979923367,0.8242697979923367,0.8142697979923367,0.7842697979923366,0.7842697979923366,0.7842697979923366
759,0.6298427414624098,0.6398427414624098,0.6298427414624098,0.6298427414624098,0.6398427414624098,0.6298427414624098,0.6398427414624098,0.6498427414624098,0.6498427414624098,0.6498427414624098,0.6698427414624099,0.6648427414624098,0.6648427414624098
760,0.7079522234241634,0.7179522234241634,0.7279522234241634,0.7279522234241634,0.7279522234241634,0.7179522234241634,0.7279522234241634,0.7179522234241634,0.7179522234241634,0.7179522234241634,0.7279522234241634,0.7479522234241635,0.7379522234241634
761,0.7177281227674936,0.7177281227674936,0.7177281227674936,0.7077281227674936,0.7077281227674936,0.7077281227674936,0.6977281227674936,0.6977281227674936,0.6877281227674936,0.6877281227674936,0.6977281227674936,0.6977281227674936,0.6977281227674936
762,0.665539498410253,0.675539498410253,0.665539498410253,0.665539498410253,0.665539498410253,0.6455394984102529,0.6455394984102529,0.665539498410253,0.6555394984102529,0.665539498410253,0.6555394984102529,0.665539498410253,0.6555394984102529
763,0.6732952798758505,0.6732952798758505,0.6832952798758505,0.6832952798758505,0.6832952798758505,0.6832952798758505,0.6932952798758505,0.6932952798758505,0.6632952798758505,0.6632952798758505,0.6532952798758505,0.6332952798758504,0.6432952798758504
764,0.7271574299683989,0.737157429968399,0.737157429968399,0.7171574299683989,0.7171574299683989,0.7171574299683989,0.7071574299683989,0.7271574299683989,0.737157429968399,0.7271574299683989,0.7271574299683989,0.7271574299683989,0.737157429968399
765,0.7375949496018027,0.7375949496018027,0.7275949496018027,0.7275949496018027,0.7275949496018027,0.7375949496018027,0.7575949496018027,0.7575949496018027,0.7775949496018028,0.7725949496018027,0.7725949496018027,0.7725949496018027,0.7725949496018027
766,0.766851704328025,0.766851704328025,0.786851704328025,0.786851704328025,0.776851704328025,0.776851704328025,0.776851704328025,0.786851704328025,0.776851704328025,0.766851704328025,0.766851704328025,0.766851704328025,0.746851704328025
767,0.685918296804879,0.685918296804879,0.685918296804879,0.685918296804879,0.685918296804879,0.685918296804879,0.695918296804879,0.695918296804879,0.695918296804879,0.675918296804879,0.645918296804879,0.655918296804879,0.645918296804879
768,0.7422792154102387,0.7422792154102387,0.7322792154102387,0.7122792154102386,0.7222792154102387,0.7122792154102386,0.7222792154102387,0.7222792154102387,0.7222792154102387,0.7322792154102387,0.7422792154102387,0.7422792154102387,0.7622792154102387
769,0.6914604516042994,0.6814604516042994,0.6914604516042994,0.6914604516042994,0.6614604516042993,0.6514604516042993,0.6564604516042993,0.6664604516042993,0.6464604516042993,0.6564604516042993,0.6764604516042994,0.6764604516042994,0.6964604516042994
770,0.6885176567725192,0.6985176567725192,0.6985176567725192,0.6885176567725192,0.6885176567725192,0.6885176567725192,0.6885176567725192,0.6885176567725192,0.6785176567725192,0.6785176567725192,0.6885176567725192,0.6885176567725192,0.7185176567725192
771,0.6542278632257474,0.6542278632257474,0.6542278632257474,0.6342278632257474,0.6342278632257474,0.6342278632257474,0.6442278632257474,0.6442278632257474,0.6442278632257474,0.6242278632257474,0.6242278632257474,0.6242278632257474,0.6242278632257474
772,0.7555874703611739,0.7655874703611739,0.7555874703611739,0.7755874703611739,0.7655874703611739,0.7755874703611739,0.7855874703611739,0.7705874703611739,0.7605874703611739,0.7605874703611739,0.7905874703611739,0.800587470361174,0.800587470361174
773,0.6866314371189871,0.6966314371189871,0.7066314371189871,0.7066314371189871,0.7166314371189871,0.7016314371189871,0.7116314371189871,0.7016314371189871,0.6816314371189871,0.6916314371189871,0.7016314371189871,0.6716314371189871,0.6716314371189871
774,0.6823371671641915,0.6723371671641915,0.6823371671641915,0.7023371671641915,0.7023371671641915,0.7023371671641915,0.7023371671641915,0.7023371671641915,0.7223371671641915,0.7123371671641915,0.7123371671641915,0.7123371671641915,0.7123371671641915
775,0.6518465190559694,0.6618465190559694,0.6618465190559694,0.6618465190559694,0.6718465190559694,0.6718465190559694,0.6718465190559694,0.6418465190559693,0.6418465190559693,0.6518465190559694,0.6618465190559694,0.6518465190559694,0.6518465190559694
776,0.7012238996034024,0.7012238996034024,0.7112238996034024,0.7112238996034024,0.7012238996034024,0.7112238996034024,0.7112238996034024,0.7112238996034024,0.7212238996034024,0.6962238996034024,0.6962238996034024,0.6862238996034024,0.6862238996034024
777,0.6693158154178673,0.6693158154178673,0.6593158154178673,0.6593158154178673,0.6793158154178673,0.6693158154178673,0.6493158154178673,0.6393158154178673,0.6393158154178673,0.6393158154178673,0.6693158154178673,0.6993158154178674,0.6993158154178674
778,0.7447392484673057,0.7547392484673057,0.7547392484673057,0.7647392484673057,0.7547392484673057,0.7447392484673057,0.7547392484673057,0.7847392484673057,0.7797392484673057,0.7697392484673057,0.7697392484673057,0.7697392484673057,0.7397392484673057
779,0.6120409347790887,0.6120409347790887,0.5920409347790887,0.6120409347790887,0.6120409347790887,0.6120409347790887,0.6120409347790887,0.6120409347790887,0.6120409347790887,0.6120409347790887,0.6120409347790887,0.5920409347790887,0.6320409347790887
780,0.7077229926047587,0.6977229926047587,0.6877229926047587,0.7077229926047587,0.7377229926047587,0.7377229926047587,0.7277229926047587,0.7377229926047587,0.7377229926047587,0.7477229926047587,0.7477229926047587,0.7427229926047587,0.7327229926047587
781,0.72687507503727,0.72687507503727,0.71687507503727,0.71687507503727,0.71687507503727,0.72687507503727,0.72687507503727,0.72687507503727,0.69687507503727,0.69687507503727,0.69687507503727,0.68687507503727,0.68687507503727
782,0.6670052715717978,0.6670052715717978,0.6770052715717978,0.6770052715717978,0.6970052715717978,0.6820052715717978,0.7020052715717978,0.6820052715717978,0.6920052715717978,0.7120052715717978,0.7120052715717978,0.6920052715717978,0.7020052715717978
783,0.7001467834834194,0.7001467834834194,0.7101467834834194,0.6801467834834194,0.6801467834834194,0.7201467834834194,0.7201467834834194,0.7101467834834194,0.7101467834834194,0.7101467834834194,0.7101467834834194,0.7001467834834194,0.7001467834834194
784,0.7538753013846636,0.7638753013846636,0.7638753013846636,0.7638753013846636,0.7838753013846637,0.7838753013846637,0.7738753013846636,0.7738753013846636,0.7738753013846636,0.7738753013846636,0.7838753013846637,0.7638753013846636,0.7638753013846636
785,0.7444440935957699,0.7544440935957699,0.7644440935957699,0.7644440935957699,0.7644440935957699,0.7544440935957699,0.7344440935957699,0.7344440935957699,0.7444440935957699,0.7544440935957699,0.7544440935957699,0.7544440935957699,0.7544440935957699
786,0.7425842477729655,0.7225842477729655,0.7225842477729655,0.7225842477729655,0.7125842477729655,0.7125842477729655,0.7125842477729655,0.7125842477729655,0.7025842477729655,0.7225842477729655,0.7325842477729655,0.7425842477729655,0.7225842477729655
787,0.6653193553621585,0.6353193553621584,0.6353193553621584,0.6353193553621584,0.6453193553621585,0.6353193553621584,0.6553193553621585,0.6903193553621585,0.6903193553621585,0.6903193553621585,0.7003193553621585,0.7003193553621585,0.7003193553621585
788,0.6512678899519802,0.6612678899519802,0.6512678899519802,0.6512678899519802,0.6512678899519802,0.6512678899519802,0.6512678899519802,0.6512678899519802,0.6412678899519801,0.6412678899519801,0.6312678899519801,0.6312678899519801,0.6512678899519802
789,0.7006262069891918,0.6906262069891917,0.6906262069891917,0.7006262069891918,0.6906262069891917,0.6906262069891917,0.6906262069891917,0.6906262069891917,0.6906262069891917,0.6906262069891917,0.6906262069891917,0.6806262069891917,0.6806262069891917
790,0.6991823461114833,0.6991823461114833,0.6991823461114833,0.7091823461114833,0.6891823461114833,0.6891823461114833,0.6891823461114833,0.6891823461114833,0.6691823461114833,0.6591823461114833,0.6641823461114833,0.6641823461114833,0.6641823461114833
791,0.7120084434226376,0.7120084434226376,0.7120084434226376,0.7120084434226376,0.7320084434226376,0.7320084434226376,0.7320084434226376,0.7320084434226376,0.7220084434226376,0.7120084434226376,0.7120084434226376,0.7120084434226376,0.7020084434226376
792,0.6620688276109311,0.6920688276109311,0.6820688276109311,0.6820688276109311,0.6920688276109311,0.7020688276109311,0.6970688276109311,0.6870688276109311,0.6570688276109311,0.6470688276109311,0.6570688276109311,0.6870688276109311,0.6770688276109311
793,0.6742238934767983,0.6642238934767983,0.6642238934767983,0.6642238934767983,0.6642238934767983,0.6642238934767983,0.6642238934767983,0.6542238934767983,0.6342238934767983,0.6342238934767983,0.6442238934767983,0.6442238934767983,0.6592238934767983
794,0.6885226174552944,0.6685226174552944,0.6685226174552944,0.6685226174552944,0.6685226174552944,0.6985226174552944,0.6785226174552944,0.6785226174552944,0.6885226174552944,0.6885226174552944,0.6985226174552944,0.6685226174552944,0.6585226174552944
795,0.6566506122150138,0.6366506122150137,0.6466506122150137,0.6366506122150137,0.6266506122150137,0.6266506122150137,0.6266506122150137,0.6166506122150137,0.6266506122150137,0.6266506122150137,0.6266506122150137,0.6266506122150137,0.6266506122150137
796,0.7296184330640236,0.7196184330640236,0.6996184330640236,0.6896184330640236,0.6896184330640236,0.6946184330640236,0.6946184330640236,0.7246184330640236,0.7446184330640236,0.7246184330640236,0.7146184330640236,0.7046184330640236,0.7046184330640236
797,0.782779815750567,0.792779815750567,0.792779815750567,0.782779815750567,0.762779815750567,0.782779815750567,0.772779815750567,0.792779815750567,0.792779815750567,0.792779815750567,0.792779815750567,0.792779815750567,0.802779815750567
798,0.6582957493742478,0.6582957493742478,0.6582957493742478,0.6582957493742478,0.6482957493742478,0.6682957493742478,0.6782957493742479,0.6782957493742479,0.6882957493742479,0.6882957493742479,0.6982957493742479,0.6982957493742479,0.6882957493742479
799,0.7321810569274911,0.7321810569274911,0.7121810569274911,0.7121810569274911,0.7121810569274911,0.7321810569274911,0.7221810569274911,0.7321810569274911,0.7321810569274911,0.7321810569274911,0.7321810569274911,0.7721810569274912,0.7721810569274912
800,0.6883611790060429,0.6883611790060429,0.6883611790060429,0.6683611790060429,0.6783611790060429,0.6883611790060429,0.6883611790060429,0.6883611790060429,0.6883611790060429,0.6783611790060429,0.6883611790060429,0.6783611790060429,0.6683611790060429
801,0.6577453555401745,0.6577453555401745,0.6477453555401745,0.6477453555401745,0.6477453555401745,0.6477453555401745,0.6777453555401746,0.6677453555401746,0.6677453555401746,0.6877453555401746,0.6877453555401746,0.6777453555401746,0.6877453555401746
802,0.7180593442630732,0.7180593442630732,0.7280593442630732,0.7180593442630732,0.7180593442630732,0.7180593442630732,0.7180593442630732,0.7280593442630732,0.7180593442630732,0.7180593442630732,0.7180593442630732,0.7280593442630732,0.7280593442630732
803,0.6706930220014999,0.6606930220014999,0.6706930220014999,0.6806930220015,0.6806930220015,0.6906930220015,0.7106930220015,0.7106930220015,0.7056930220015,0.6856930220015,0.6856930220015,0.6956930220015,0.6956930220015
804,0.7465657405413348,0.7565657405413349,0.7565657405413349,0.7765657405413349,0.7865657405413349,0.7765657405413349,0.7765657405413349,0.7765657405413349,0.7865657405413349,0.7815657405413349,0.7815657405413349,0.7815657405413349,0.7815657405413349
805,0.5739797544907471,0.5739797544907471,0.5839797544907471,0.5839797544907471,0.5939797544907471,0.5939797544907471,0.5939797544907471,0.6039797544907471,0.6039797544907471,0.6139797544907472,0.6139797544907472,0.6139797544907472,0.6089797544907471
806,0.6954009137419959,0.6954009137419959,0.7054009137419959,0.7054009137419959,0.6954009137419959,0.6954009137419959,0.6954009137419959,0.6754009137419958,0.6854009137419959,0.6854009137419959,0.6854009137419959,0.6954009137419959,0.6854009137419959
807,0.7376703319594908,0.7676703319594909,0.7676703319594909,0.7776703319594909,0.7576703319594909,0.7576703319594909,0.7576703319594909,0.7576703319594909,0.7676703319594909,0.7676703319594909,0.7676703319594909,0.7676703319594909,0.7676703319594909
808,0.6627698901575579,0.6627698901575579,0.682769890157558,0.682769890157558,0.702769890157558,0.697769890157558,0.697769890157558,0.687769890157558,0.687769890157558,0.697769890157558,0.687769890157558,0.687769890157558,0.687769890157558
809,0.7808539146203244,0.7608539146203244,0.7608539146203244,0.7408539146203243,0.7508539146203244,0.7658539146203244,0.7858539146203244,0.7858539146203244,0.7858539146203244,0.7958539146203244,0.7958539146203244,0.8158539146203244,0.8058539146203244
810,0.6470691782997433,0.6470691782997433,0.6370691782997433,0.6370691782997433,0.6470691782997433,0.6170691782997433,0.6370691782997433,0.6370691782997433,0.6370691782997433,0.6470691782997433,0.6470691782997433,0.6370691782997433,0.6370691782997433
811,0.7913108667749763,0.7713108667749763,0.7913108667749763,0.7613108667749763,0.7613108667749763,0.7713108667749763,0.7713108667749763,0.7713108667749763,0.7613108667749763,0.7613108667749763,0.7613108667749763,0.7513108667749763,0.7713108667749763
812,0.7195132917368282,0.7295132917368282,0.7295132917368282,0.7395132917368282,0.7495132917368282,0.7295132917368282,0.7495132917368282,0.7395132917368282,0.7295132917368282,0.7295132917368282,0.7295132917368282,0.7095132917368282,0.7095132917368282
813,0.6655051506179495,0.6555051506179495,0.6655051506179495,0.6655051506179495,0.6655051506179495,0.6655051506179495,0.6555051506179495,0.6555051506179495,0.6555051506179495,0.6555051506179495,0.6455051506179494,0.6455051506179494,0.6455051506179494
814,0.6823733617951978,0.6823733617951978,0.6723733617951978,0.6923733617951978,0.6823733617951978,0.6923733617951978,0.6923733617951978,0.6823733617951978,0.6923733617951978,0.7023733617951978,0.6723733617951978,0.6823733617951978,0.6823733617951978
815,0.6608880636112071,0.6608880636112071,0.6708880636112071,0.6608880636112071,0.6608880636112071,0.6508880636112071,0.6508880636112071,0.6608880636112071,0.6708880636112071,0.6708880636112071,0.6608880636112071,0.6608880636112071,0.6608880636112071
816,0.610129557337505,0.610129557337505,0.610129557337505,0.620129557337505,0.620129557337505,0.630129557337505,0.610129557337505,0.5901295573375049,0.5801295573375049,0.5951295573375049,0.5851295573375049,0.5851295573375049,0.605129557337505
817,0.7130371405281593,0.7030371405281592,0.7030371405281592,0.7030371405281592,0.7130371405281593,0.7230371405281593,0.7230371405281593,0.7030371405281592,0.7130371405281593,0.7130371405281593,0.7230371405281593,0.7230371405281593,0.7230371405281593
818,0.7429834715777587,0.7329834715777587,0.7429834715777587,0.7429834715777587,0.7429834715777587,0.7429834715777587,0.7329834715777587,0.7229834715777587,0.7229834715777587,0.7229834715777587,0.7429834715777587,0.7229834715777587,0.7429834715777587
819,0.6506459573034957,0.6506459573034957,0.6406459573034957,0.6406459573034957,0.6506459573034957,0.6406459573034957,0.6406459573034957,0.6406459573034957,0.6406459573034957,0.6406459573034957,0.6406459573034957,0.6306459573034957,0.6306459573034957
820,0.7007764199795284,0.7007764199795284,0.6907764199795284,0.6607764199795284,0.6807764199795284,0.6807764199795284,0.6807764199795284,0.6907764199795284,0.6907764199795284,0.7107764199795285,0.7107764199795285,0.7007764199795284,0.7007764199795284
821,0.715565020837623,0.695565020837623,0.6755650208376229,0.695565020837623,0.695565020837623,0.695565020837623,0.6855650208376229,0.700565020837623,0.690565020837623,0.6805650208376229,0.6805650208376229,0.6805650208376229,0.6805650208376229
822,0.6286922562027961,0.6286922562027961,0.6386922562027961,0.6386922562027961,0.6586922562027961,0.6586922562027961,0.6586922562027961,0.6686922562027962,0.6636922562027961,0.6536922562027961,0.6536922562027961,0.6636922562027961,0.6436922562027961
823,0.7069300309830245,0.7069300309830245,0.6969300309830245,0.7069300309830245,0.7169300309830245,0.7269300309830246,0.7269300309830246,0.7269300309830246,0.7169300309830245,0.7169300309830245,0.7269300309830246,0.6969300309830245,0.6869300309830245
824,0.599858794328797,0.589858794328797,0.609858794328797,0.609858794328797,0.579858794328797,0.579858794328797,0.5698587943287969,0.579858794328797,0.579858794328797,0.5698587943287969,0.589858794328797,0.579858794328797,0.599858794328797
825,0.7402550996456967,0.7302550996456967,0.7402550996456967,0.7402550996456967,0.7402550996456967,0.7402550996456967,0.7402550996456967,0.7402550996456967,0.7402550996456967,0.7302550996456967,0.7402550996456967,0.7402550996456967,0.7402550996456967
826,0.7508121766315439,0.7608121766315439,0.7608121766315439,0.7608121766315439,0.7608121766315439,0.7808121766315439,0.7708121766315439,0.7708121766315439,0.7708121766315439,0.7808121766315439,0.7808121766315439,0.7808121766315439,0.7508121766315439
827,0.6669370991201601,0.6469370991201601,0.62693709912016,0.62693709912016,0.63193709912016,0.6419370991201601,0.6619370991201601,0.6719370991201601,0.6819370991201601,0.6819370991201601,0.6819370991201601,0.6819370991201601,0.6919370991201601
828,0.7162199731518266,0.7162199731518266,0.7162199731518266,0.7162199731518266,0.7062199731518266,0.6962199731518266,0.7062199731518266,0.7062199731518266,0.7062199731518266,0.6862199731518266,0.6862199731518266,0.7062199731518266,0.7062199731518266
829,0.7211887898801285,0.7011887898801284,0.7011887898801284,0.6911887898801284,0.6911887898801284,0.7011887898801284,0.6811887898801284,0.6811887898801284,0.6811887898801284,0.6911887898801284,0.6911887898801284,0.6911887898801284,0.6911887898801284
830,0.7372652624457842,0.7472652624457842,0.7472652624457842,0.7472652624457842,0.7572652624457842,0.7472652624457842,0.7472652624457842,0.7472652624457842,0.7572652624457842,0.7672652624457842,0.7672652624457842,0.7272652624457842,0.7272652624457842
831,0.6130298242633287,0.6130298242633287,0.6030298242633287,0.6030298242633287,0.6030298242633287,0.6030298242633287,0.6230298242633288,0.6130298242633287,0.6130298242633287,0.6130298242633287,0.6230298242633288,0.6230298242633288,0.6030298242633287
832,0.6907005522926465,0.6707005522926465,0.6707005522926465,0.6707005522926465,0.6957005522926465,0.6857005522926465,0.6857005522926465,0.6757005522926465,0.6757005522926465,0.6557005522926465,0.6657005522926465,0.6657005522926465,0.6657005522926465
833,0.7386850393549808,0.7186850393549807,0.7086850393549807,0.7236850393549807,0.7136850393549807,0.6936850393549807,0.6936850393549807,0.7236850393549807,0.7236850393549807,0.7336850393549808,0.7236850393549807,0.7236850393549807,0.7236850393549807
834,0.6698042314617947,0.6598042314617947,0.6598042314617947,0.6698042314617947,0.6698042314617947,0.6498042314617947,0.6498042314617947,0.6498042314617947,0.6398042314617947,0.6548042314617947,0.6348042314617947,0.6348042314617947,0.6348042314617947
835,0.6351149343961096,0.6551149343961096,0.6551149343961096,0.6351149343961096,0.6451149343961096,0.6451149343961096,0.6351149343961096,0.6351149343961096,0.6351149343961096,0.6551149343961096,0.6351149343961096,0.6251149343961095,0.6601149343961096
836,0.6820897129377742,0.6820897129377742,0.6820897129377742,0.6920897129377742,0.6920897129377742,0.7120897129377742,0.6920897129377742,0.6920897129377742,0.6720897129377742,0.6720897129377742,0.6720897129377742,0.6820897129377742,0.6820897129377742
837,0.7022585319582639,0.7022585319582639,0.7022585319582639,0.7122585319582639,0.7122585319582639,0.7122585319582639,0.7122585319582639,0.7122585319582639,0.7122585319582639,0.7122585319582639,0.6822585319582639,0.6622585319582639,0.6722585319582639
838,0.6481710295992674,0.6481710295992674,0.6481710295992674,0.6481710295992674,0.6581710295992674,0.6581710295992674,0.6581710295992674,0.6581710295992674,0.6781710295992674,0.6881710295992675,0.6781710295992674,0.6681710295992674,0.6581710295992674
839,0.6756131467094156,0.6756131467094156,0.6756131467094156,0.6756131467094156,0.6756131467094156,0.6456131467094156,0.6456131467094156,0.6606131467094156,0.6606131467094156,0.6306131467094156,0.6306131467094156,0.6406131467094156,0.6406131467094156
840,0.5790590689316785,0.5890590689316785,0.6190590689316785,0.6190590689316785,0.6190590689316785,0.6090590689316785,0.6090590689316785,0.5940590689316785,0.6140590689316785,0.6040590689316785,0.6040590689316785,0.5840590689316785,0.5740590689316785
841,0.8011930206796086,0.8211930206796086,0.7911930206796086,0.8011930206796086,0.7911930206796086,0.7911930206796086,0.8261930206796086,0.8261930206796086,0.8361930206796087,0.8261930206796086,0.8061930206796086,0.8161930206796086,0.8261930206796086
842,0.7093449371414381,0.6893449371414381,0.6893449371414381,0.6893449371414381,0.6893449371414381,0.6893449371414381,0.6993449371414381,0.6893449371414381,0.6993449371414381,0.6993449371414381,0.6893449371414381,0.6893449371414381,0.6893449371414381
843,0.6535250681911233,0.6735250681911233,0.6835250681911234,0.6685250681911233,0.6685250681911233,0.6585250681911233,0.6685250681911233,0.6285250681911233,0.6185250681911233,0.6485250681911233,0.6185250681911233,0.6185250681911233,0.6285250681911233
844,0.6946209700866596,0.6846209700866596,0.6946209700866596,0.6946209700866596,0.6946209700866596,0.6946209700866596,0.6946209700866596,0.7046209700866596,0.7046209700866596,0.7046209700866596,0.7146209700866596,0.7046209700866596,0.6846209700866596
845,0.7014503186293615,0.6714503186293614,0.6914503186293615,0.6814503186293615,0.7064503186293615,0.7064503186293615,0.7164503186293615,0.7264503186293615,0.7264503186293615,0.7264503186293615,0.7364503186293615,0.7264503186293615,0.7364503186293615
846,0.6998784781146679,0.6898784781146678,0.6798784781146678,0.6798784781146678,0.6598784781146678,0.6598784781146678,0.6648784781146678,0.6748784781146678,0.6648784781146678,0.6648784781146678,0.6748784781146678,0.6748784781146678,0.6748784781146678
847,0.666328179711193,0.666328179711193,0.666328179711193,0.656328179711193,0.6463281797111929,0.6363281797111929,0.656328179711193,0.666328179711193,0.666328179711193,0.706328179711193,0.696328179711193,0.681328179711193,0.651328179711193
848,0.7682371535838072,0.7682371535838072,0.7682371535838072,0.7882371535838072,0.7882371535838072,0.7882371535838072,0.7882371535838072,0.8082371535838072,0.8032371535838072,0.8032371535838072,0.7932371535838072,0.7932371535838072,0.7932371535838072
849,0.6677704971049188,0.6677704971049188,0.6577704971049187,0.6477704971049187,0.6577704971049187,0.6577704971049187,0.6777704971049188,0.6877704971049188,0.6877704971049188,0.6977704971049188,0.6777704971049188,0.6777704971049188,0.6377704971049187
850,0.7640684950795452,0.7640684950795452,0.7540684950795452,0.7540684950795452,0.7540684950795452,0.7440684950795452,0.7540684950795452,0.7540684950795452,0.7640684950795452,0.7640684950795452,0.7740684950795452,0.7390684950795452,0.7290684950795452
851,0.676412059616891,0.676412059616891,0.676412059616891,0.676412059616891,0.686412059616891,0.656412059616891,0.636412059616891,0.641412059616891,0.651412059616891,0.661412059616891,0.661412059616891,0.661412059616891,0.641412059616891
852,0.6781284259676895,0.6881284259676895,0.6881284259676895,0.6781284259676895,0.6981284259676895,0.6881284259676895,0.6881284259676895,0.7081284259676895,0.7181284259676896,0.7181284259676896,0.7181284259676896,0.7131284259676895,0.7031284259676895
853,0.7435001368797515,0.7635001368797515,0.7435001368797515,0.7235001368797515,0.7135001368797514,0.7335001368797515,0.7335001368797515,0.7335001368797515,0.7335001368797515,0.7335001368797515,0.7535001368797515,0.7535001368797515,0.7235001368797515
854,0.7160699860094923,0.7160699860094923,0.7160699860094923,0.7160699860094923,0.7160699860094923,0.7160699860094923,0.7060699860094923,0.7060699860094923,0.7060699860094923,0.7260699860094924,0.7460699860094924,0.7310699860094924,0.7210699860094923
855,0.6808772661828036,0.7008772661828037,0.7008772661828037,0.7108772661828037,0.7108772661828037,0.6958772661828037,0.6958772661828037,0.6958772661828037,0.6958772661828037,0.6858772661828036,0.6858772661828036,0.6858772661828036,0.7058772661828037
856,0.6294521902125185,0.5994521902125185,0.6294521902125185,0.6294521902125185,0.6294521902125185,0.6294521902125185,0.6294521902125185,0.6194521902125185,0.6194521902125185,0.6194521902125185,0.6194521902125185,0.6094521902125185,0.6344521902125185
857,0.774233399188365,0.784233399188365,0.774233399188365,0.774233399188365,0.764233399188365,0.784233399188365,0.774233399188365,0.774233399188365,0.774233399188365,0.794233399188365,0.784233399188365,0.794233399188365,0.804233399188365
858,0.7409165202379479,0.7509165202379479,0.7609165202379479,0.7709165202379479,0.7609165202379479,0.7359165202379478,0.7659165202379479,0.7359165202379478,0.7359165202379478,0.7359165202379478,0.7459165202379479,0.7259165202379478,0.7159165202379478
859,0.7384920003579816,0.7384920003579816,0.7384920003579816,0.7284920003579816,0.7284920003579816,0.7084920003579815,0.6984920003579815,0.6984920003579815,0.7034920003579815,0.7034920003579815,0.7234920003579816,0.7134920003579815,0.7034920003579815
860,0.6184851870690117,0.6084851870690117,0.5884851870690117,0.6034851870690117,0.5834851870690116,0.5934851870690117,0.5934851870690117,0.5934851870690117,0.6134851870690117,0.6234851870690117,0.6234851870690117,0.6234851870690117,0.6234851870690117
861,0.5649937812044997,0.5749937812044997,0.5749937812044997,0.6049937812044998,0.6049937812044998,0.6049937812044998,0.6049937812044998,0.6049937812044998,0.5999937812044998,0.5999937812044998,0.5899937812044997,0.5899937812044997,0.5899937812044997
862,0.6912913459535764,0.7112913459535765,0.6912913459535764,0.6912913459535764,0.7012913459535765,0.7012913459535765,0.7112913459535765,0.7112913459535765,0.7112913459535765,0.7112913459535765,0.7112913459535765,0.7112913459535765,0.7112913459535765
863,0.667908272761237,0.637908272761237,0.652908272761237,0.682908272761237,0.682908272761237,0.712908272761237,0.712908272761237,0.702908272761237,0.692908272761237,0.702908272761237,0.692908272761237,0.672908272761237,0.672908272761237
864,0.6817128302719343,0.7017128302719343,0.6817128302719343,0.6817128302719343,0.7017128302719343,0.7117128302719343,0.7117128302719343,0.7017128302719343,0.7117128302719343,0.6967128302719343,0.6967128302719343,0.6867128302719343,0.6467128302719343
865,0.682900449194634,0.682900449194634,0.682900449194634,0.662900449194634,0.682900449194634,0.692900449194634,0.682900449194634,0.692900449194634,0.702900449194634,0.702900449194634,0.692900449194634,0.692900449194634,0.652900449194634
866,0.6259997054537092,0.6159997054537092,0.6159997054537092,0.6159997054537092,0.6259997054537092,0.6359997054537092,0.6359997054537092,0.6359997054537092,0.6359997054537092,0.6359997054537092,0.6359997054537092,0.6459997054537092,0.6259997054537092
867,0.7344646673031096,0.7444646673031096,0.7444646673031096,0.7344646673031096,0.7244646673031095,0.7144646673031095,0.7144646673031095,0.7244646673031095,0.7144646673031095,0.7144646673031095,0.7144646673031095,0.6944646673031095,0.6944646673031095
868,0.7841268016557842,0.7741268016557842,0.7741268016557842,0.7941268016557842,0.8141268016557842,0.8241268016557842,0.8241268016557842,0.8241268016557842,0.8191268016557842,0.7991268016557842,0.7791268016557842,0.7791268016557842,0.7791268016557842
869,0.7254903667634356,0.7354903667634356,0.7254903667634356,0.7554903667634356,0.7654903667634356,0.7654903667634356,0.7604903667634356,0.7504903667634356,0.7504903667634356,0.7304903667634356,0.7304903667634356,0.7204903667634356,0.6904903667634356
870,0.7023471783421068,0.7023471783421068,0.7223471783421068,0.7323471783421068,0.7323471783421068,0.7223471783421068,0.7123471783421068,0.6923471783421068,0.6823471783421068,0.7073471783421068,0.7073471783421068,0.7073471783421068,0.7073471783421068
871,0.5611502561792652,0.5411502561792652,0.5511502561792652,0.5511502561792652,0.5511502561792652,0.5311502561792651,0.5511502561792652,0.5511502561792652,0.5511502561792652,0.5511502561792652,0.5511502561792652,0.5511502561792652,0.5511502561792652
872,0.6266302976017544,0.6366302976017544,0.6566302976017544,0.6466302976017544,0.6466302976017544,0.6466302976017544,0.6466302976017544,0.6266302976017544,0.6366302976017544,0.6366302976017544,0.6266302976017544,0.6266302976017544,0.6066302976017544
873,0.6450399614426887,0.6450399614426887,0.6350399614426887,0.6450399614426887,0.6450399614426887,0.6450399614426887,0.6450399614426887,0.6350399614426887,0.6250399614426887,0.6250399614426887,0.6150399614426887,0.6300399614426887,0.6400399614426887
874,0.6813439349164614,0.6913439349164614,0.6913439349164614,0.6913439349164614,0.6913439349164614,0.6913439349164614,0.6813439349164614,0.6713439349164614,0.6513439349164614,0.6713439349164614,0.6613439349164614,0.6513439349164614,0.6413439349164614
875,0.7558191741770324,0.7658191741770324,0.7658191741770324,0.7658191741770324,0.7758191741770324,0.7858191741770324,0.7708191741770324,0.7708191741770324,0.7708191741770324,0.7708191741770324,0.7608191741770324,0.7708191741770324,0.7708191741770324
876,0.7179846391174233,0.6979846391174233,0.7079846391174233,0.7079846391174233,0.7279846391174233,0.7179846391174233,0.7179846391174233,0.7279846391174233,0.7279846391174233,0.7279846391174233,0.7179846391174233,0.7179846391174233,0.7179846391174233
877,0.7024172400194277,0.6924172400194277,0.6924172400194277,0.6924172400194277,0.6724172400194277,0.6624172400194277,0.6624172400194277,0.6674172400194277,0.6874172400194277,0.6674172400194277,0.6674172400194277,0.6774172400194277,0.6974172400194277
878,0.7456174986863846,0.7556174986863846,0.7556174986863846,0.7556174986863846,0.7456174986863846,0.7456174986863846,0.7556174986863846,0.7556174986863846,0.7756174986863846,0.7556174986863846,0.7206174986863846,0.7106174986863846,0.7106174986863846
879,0.669589743648353,0.659589743648353,0.669589743648353,0.679589743648353,0.679589743648353,0.669589743648353,0.649589743648353,0.629589743648353,0.629589743648353,0.629589743648353,0.629589743648353,0.634589743648353,0.644589743648353
880,0.6851402397963567,0.6751402397963567,0.6751402397963567,0.6751402397963567,0.6751402397963567,0.6951402397963568,0.7051402397963568,0.7151402397963568,0.7251402397963568,0.7051402397963568,0.7051402397963568,0.7051402397963568,0.6951402397963568
881,0.6913157744215302,0.7013157744215303,0.7013157744215303,0.6913157744215302,0.6713157744215302,0.6713157744215302,0.6813157744215302,0.6813157744215302,0.6813157744215302,0.6813157744215302,0.6713157744215302,0.6513157744215302,0.6513157744215302
882,0.6612811513804562,0.6812811513804562,0.6912811513804562,0.6912811513804562,0.6762811513804562,0.6862811513804562,0.6862811513804562,0.6862811513804562,0.6662811513804562,0.6662811513804562,0.6662811513804562,0.6662811513804562,0.6862811513804562
883,0.682248439321165,0.682248439321165,0.6522484393211649,0.672248439321165,0.682248439321165,0.702248439321165,0.702248439321165,0.712248439321165,0.702248439321165,0.712248439321165,0.712248439321165,0.712248439321165,0.712248439321165
884,0.6558803966546578,0.6558803966546578,0.6358803966546578,0.6358803966546578,0.6458803966546578,0.6558803966546578,0.6658803966546578,0.6558803966546578,0.6658803966546578,0.6958803966546578,0.6958803966546578,0.6908803966546578,0.6908803966546578
885,0.6944672604784944,0.6944672604784944,0.6944672604784944,0.6944672604784944,0.6844672604784944,0.6744672604784944,0.6644672604784944,0.6794672604784944,0.6594672604784944,0.6594672604784944,0.6694672604784944,0.6794672604784944,0.6794672604784944
886,0.5803282770110363,0.5803282770110363,0.5803282770110363,0.5803282770110363,0.6203282770110363,0.6153282770110363,0.6153282770110363,0.6153282770110363,0.6053282770110363,0.6153282770110363,0.6153282770110363,0.6053282770110363,0.6153282770110363
887,0.8037778346947636,0.8037778346947636,0.7937778346947636,0.7837778346947636,0.7837778346947636,0.7937778346947636,0.8037778346947636,0.8137778346947636,0.8137778346947636,0.8137778346947636,0.8037778346947636,0.8137778346947636,0.8037778346947636
888,0.6414888162251133,0.6514888162251133,0.6614888162251134,0.6614888162251134,0.6614888162251134,0.6714888162251134,0.6564888162251133,0.6464888162251133,0.6564888162251133,0.6564888162251133,0.6564888162251133,0.6664888162251134,0.6764888162251134
889,0.728656175677259,0.728656175677259,0.738656175677259,0.738656175677259,0.738656175677259,0.738656175677259,0.7686561756772591,0.738656175677259,0.738656175677259,0.7486561756772591,0.7586561756772591,0.7586561756772591,0.7486561756772591
890,0.7361087384998931,0.7361087384998931,0.7361087384998931,0.7361087384998931,0.7361087384998931,0.7361087384998931,0.7261087384998931,0.7261087384998931,0.7261087384998931,0.7261087384998931,0.7261087384998931,0.7261087384998931,0.7261087384998931
891,0.7219266991048838,0.7219266991048838,0.7219266991048838,0.7019266991048838,0.7019266991048838,0.7019266991048838,0.6919266991048838,0.6919266991048838,0.6919266991048838,0.6919266991048838,0.7019266991048838,0.7319266991048838,0.7419266991048838
892,0.7603778622887009,0.7603778622887009,0.7603778622887009,0.7503778622887008,0.7503778622887008,0.7503778622887008,0.7403778622887008,0.7303778622887008,0.7303778622887008,0.7403778622887008,0.7403778622887008,0.7603778622887009,0.7603778622887009
893,0.6993858857940647,0.7093858857940647,0.6993858857940647,0.6993858857940647,0.6993858857940647,0.6993858857940647,0.6993858857940647,0.6993858857940647,0.6993858857940647,0.7193858857940647,0.7293858857940647,0.7393858857940647,0.7293858857940647
894,0.6626673537488427,0.6626673537488427,0.6726673537488427,0.6626673537488427,0.6426673537488427,0.6426673537488427,0.6226673537488426,0.6226673537488426,0.6276673537488426,0.6376673537488426,0.6176673537488426,0.6176673537488426,0.6176673537488426
895,0.8172965688904932,0.8172965688904932,0.8172965688904932,0.8072965688904932,0.7972965688904932,0.8072965688904932,0.8172965688904932,0.8172965688904932,0.8172965688904932,0.7872965688904932,0.7872965688904932,0.7872965688904932,0.7872965688904932
896,0.7120459474092179,0.7220459474092179,0.7120459474092179,0.7020459474092179,0.7120459474092179,0.7320459474092179,0.7220459474092179,0.7320459474092179,0.7520459474092179,0.7470459474092179,0.7470459474092179,0.7470459474092179,0.7470459474092179
897,0.6937376817486718,0.6937376817486718,0.6937376817486718,0.6837376817486718,0.6937376817486718,0.7037376817486718,0.7237376817486718,0.7337376817486718,0.7287376817486718,0.7187376817486718,0.7187376817486718,0.7087376817486718,0.7087376817486718
898,0.7255367669358239,0.7155367669358239,0.7055367669358239,0.7055367669358239,0.6855367669358239,0.6905367669358239,0.7005367669358239,0.6805367669358239,0.6805367669358239,0.6805367669358239,0.6805367669358239,0.6805367669358239,0.6905367669358239
899,0.7349400605721266,0.7249400605721266,0.7549400605721266,0.7749400605721266,0.7549400605721266,0.7349400605721266,0.7449400605721266,0.7449400605721266,0.7549400605721266,0.7649400605721266,0.7749400605721266,0.7749400605721266,0.7649400605721266
900,0.7138239603828608,0.7338239603828608,0.7038239603828608,0.7038239603828608,0.7238239603828608,0.7138239603828608,0.7038239603828608,0.6938239603828608,0.6838239603828608,0.6738239603828607,0.6788239603828607,0.6988239603828608,0.6988239603828608
901,0.5928665442090757,0.5728665442090757,0.5728665442090757,0.5628665442090757,0.5728665442090757,0.5628665442090757,0.5528665442090757,0.5528665442090757,0.5578665442090757,0.5678665442090757,0.5678665442090757,0.5878665442090757,0.5978665442090757
902,0.687978984745368,0.667978984745368,0.657978984745368,0.667978984745368,0.667978984745368,0.667978984745368,0.657978984745368,0.647978984745368,0.652978984745368,0.652978984745368,0.662978984745368,0.662978984745368,0.672978984745368
903,0.7942100991600816,0.7942100991600816,0.7842100991600816,0.7942100991600816,0.7942100991600816,0.8042100991600816,0.8042100991600816,0.8042100991600816,0.8042100991600816,0.7942100991600816,0.7842100991600816,0.7742100991600815,0.7742100991600815
904,0.6090811477790603,0.6090811477790603,0.6090811477790603,0.6190811477790603,0.6190811477790603,0.6190811477790603,0.6090811477790603,0.5990811477790603,0.6090811477790603,0.6090811477790603,0.6090811477790603,0.6190811477790603,0.6190811477790603
905,0.7117345035970625,0.7217345035970625,0.7217345035970625,0.7217345035970625,0.7217345035970625,0.7217345035970625,0.7217345035970625,0.7317345035970625,0.7417345035970625,0.7417345035970625,0.7517345035970625,0.7467345035970625,0.7367345035970625
906,0.7496229531751193,0.7496229531751193,0.7496229531751193,0.7596229531751193,0.7596229531751193,0.7496229531751193,0.7496229531751193,0.7496229531751193,0.7496229531751193,0.7496229531751193,0.7596229531751193,0.7596229531751193,0.7396229531751193
907,0.7550377145638589,0.7550377145638589,0.7550377145638589,0.7550377145638589,0.785037714563859,0.785037714563859,0.785037714563859,0.775037714563859,0.795037714563859,0.795037714563859,0.795037714563859,0.785037714563859,0.785037714563859
908,0.7371950035966103,0.7171950035966103,0.7271950035966103,0.6971950035966102,0.6971950035966102,0.7021950035966102,0.7121950035966103,0.7021950035966102,0.7121950035966103,0.7221950035966103,0.7321950035966103,0.7321950035966103,0.7321950035966103
909,0.6785841418207562,0.6785841418207562,0.6585841418207562,0.6585841418207562,0.6685841418207562,0.6885841418207562,0.6985841418207562,0.6985841418207562,0.6885841418207562,0.7185841418207563,0.7185841418207563,0.7185841418207563,0.7185841418207563
910,0.674012560930378,0.644012560930378,0.664012560930378,0.664012560930378,0.664012560930378,0.674012560930378,0.644012560930378,0.654012560930378,0.654012560930378,0.654012560930378,0.644012560930378,0.644012560930378,0.644012560930378
911,0.7083869276402144,0.6883869276402144,0.7083869276402144,0.7083869276402144,0.7083869276402144,0.7083869276402144,0.7183869276402144,0.7383869276402144,0.7283869276402144,0.7183869276402144,0.7183869276402144,0.7183869276402144,0.7183869276402144
912,0.656689153471039,0.656689153471039,0.6266891534710389,0.646689153471039,0.646689153471039,0.646689153471039,0.656689153471039,0.686689153471039,0.666689153471039,0.686689153471039,0.686689153471039,0.686689153471039,0.686689153471039
913,0.7648925331800637,0.7848925331800637,0.7948925331800637,0.8048925331800637,0.8048925331800637,0.7998925331800637,0.7898925331800637,0.7898925331800637,0.7598925331800637,0.7598925331800637,0.7498925331800637,0.7798925331800637,0.7698925331800637
914,0.8203914828191617,0.8203914828191617,0.8203914828191617,0.8203914828191617,0.8203914828191617,0.7903914828191617,0.7803914828191617,0.7903914828191617,0.7803914828191617,0.7803914828191617,0.7803914828191617,0.7903914828191617,0.8053914828191617
915,0.7165736597748226,0.7165736597748226,0.7365736597748226,0.7565736597748226,0.7465736597748226,0.7365736597748226,0.7265736597748226,0.7265736597748226,0.7265736597748226,0.7265736597748226,0.7365736597748226,0.7465736597748226,0.7465736597748226
916,0.7015604785982636,0.7015604785982636,0.7015604785982636,0.6915604785982636,0.6715604785982636,0.6865604785982636,0.6665604785982636,0.6765604785982636,0.6765604785982636,0.6665604785982636,0.6765604785982636,0.6965604785982636,0.7165604785982637
917,0.7701120579176394,0.7401120579176393,0.7401120579176393,0.7401120579176393,0.7401120579176393,0.7551120579176394,0.7551120579176394,0.7551120579176394,0.7751120579176394,0.7751120579176394,0.7751120579176394,0.7551120579176394,0.7451120579176393
918,0.7694650749237129,0.7594650749237128,0.7694650749237129,0.7694650749237129,0.7794650749237129,0.7594650749237128,0.7694650749237129,0.7694650749237129,0.7694650749237129,0.7694650749237129,0.7694650749237129,0.7694650749237129,0.7794650749237129
919,0.7231873136889011,0.7231873136889011,0.7031873136889011,0.6931873136889011,0.7031873136889011,0.7031873136889011,0.7231873136889011,0.7231873136889011,0.7431873136889011,0.7431873136889011,0.7431873136889011,0.7631873136889011,0.7631873136889011
920,0.6815815390479698,0.7015815390479698,0.7015815390479698,0.7115815390479698,0.7115815390479698,0.7115815390479698,0.7115815390479698,0.7115815390479698,0.6965815390479698,0.6965815390479698,0.7065815390479698,0.7265815390479698,0.7165815390479698
921,0.6756533889958328,0.6656533889958328,0.6856533889958328,0.6856533889958328,0.6856533889958328,0.6506533889958328,0.6606533889958328,0.6606533889958328,0.6406533889958328,0.6406533889958328,0.6406533889958328,0.6306533889958328,0.6306533889958328
922,0.5944845634459183,0.5844845634459183,0.6044845634459183,0.6044845634459183,0.5944845634459183,0.5944845634459183,0.5844845634459183,0.5944845634459183,0.5944845634459183,0.5844845634459183,0.5844845634459183,0.5744845634459183,0.5844845634459183
923,0.7401201414211909,0.7601201414211909,0.7801201414211909,0.7701201414211909,0.7701201414211909,0.7701201414211909,0.7601201414211909,0.7601201414211909,0.7701201414211909,0.7701201414211909,0.7701201414211909,0.7551201414211909,0.7551201414211909
924,0.6943925593890715,0.6943925593890715,0.6943925593890715,0.6943925593890715,0.6843925593890715,0.6843925593890715,0.6843925593890715,0.6943925593890715,0.6943925593890715,0.6943925593890715,0.6943925593890715,0.6943925593890715,0.7043925593890715
925,0.7429729513213845,0.7629729513213845,0.7529729513213845,0.7429729513213845,0.7229729513213845,0.7429729513213845,0.7529729513213845,0.7529729513213845,0.7529729513213845,0.7629729513213845,0.7629729513213845,0.7629729513213845,0.7729729513213845
926,0.5919438139219432,0.6119438139219432,0.6119438139219432,0.6119438139219432,0.6019438139219432,0.5919438139219432,0.5919438139219432,0.5919438139219432,0.5919438139219432,0.6119438139219432,0.6119438139219432,0.6119438139219432,0.6319438139219432
927,0.6587116406994046,0.6687116406994046,0.6587116406994046,0.6587116406994046,0.6687116406994046,0.6887116406994046,0.6887116406994046,0.6887116406994046,0.6787116406994046,0.6787116406994046,0.6787116406994046,0.6587116406994046,0.6387116406994046
928,0.6385794063458152,0.6385794063458152,0.6185794063458152,0.6485794063458152,0.6485794063458152,0.6485794063458152,0.6585794063458152,0.6785794063458153,0.6785794063458153,0.6735794063458153,0.6835794063458153,0.6835794063458153,0.6835794063458153
929,0.7303781092051719,0.7203781092051719,0.7303781092051719,0.7303781092051719,0.7103781092051719,0.7103781092051719,0.7003781092051719,0.7103781092051719,0.7203781092051719,0.7203781092051719,0.6903781092051718,0.6953781092051718,0.7053781092051719
930,0.6770006869078057,0.6870006869078057,0.6770006869078057,0.6770006869078057,0.6770006869078057,0.6570006869078057,0.6470006869078057,0.6470006869078057,0.6370006869078056,0.6370006869078056,0.6370006869078056,0.6370006869078056,0.6370006869078056
931,0.6775275075275087,0.6875275075275087,0.6875275075275087,0.6975275075275087,0.7075275075275087,0.7075275075275087,0.7075275075275087,0.6875275075275087,0.6975275075275087,0.7075275075275087,0.7175275075275087,0.7175275075275087,0.7175275075275087
932,0.7525316035681429,0.7625316035681429,0.7625316035681429,0.7625316035681429,0.7625316035681429,0.7525316035681429,0.7625316035681429,0.7525316035681429,0.7625316035681429,0.7725316035681429,0.7825316035681429,0.7825316035681429,0.7925316035681429
933,0.7537501817588089,0.7337501817588089,0.7637501817588089,0.7537501817588089,0.7537501817588089,0.7537501817588089,0.7637501817588089,0.7637501817588089,0.7537501817588089,0.7637501817588089,0.7637501817588089,0.783750181758809,0.7737501817588089
934,0.7488910777947496,0.7288910777947496,0.7288910777947496,0.7188910777947496,0.7188910777947496,0.7088910777947496,0.7088910777947496,0.7188910777947496,0.7188910777947496,0.7338910777947496,0.7438910777947496,0.7338910777947496,0.7338910777947496
935,0.6879849503795342,0.6879849503795342,0.6779849503795342,0.6879849503795342,0.6779849503795342,0.6779849503795342,0.6579849503795342,0.6579849503795342,0.6579849503795342,0.6579849503795342,0.6729849503795342,0.6729849503795342,0.6829849503795342
936,0.6996678112295167,0.6996678112295167,0.6896678112295167,0.6796678112295167,0.6596678112295167,0.6796678112295167,0.6896678112295167,0.6896678112295167,0.7096678112295167,0.7096678112295167,0.7096678112295167,0.6996678112295167,0.7096678112295167
937,0.7413270640997489,0.7413270640997489,0.7413270640997489,0.7213270640997489,0.7213270640997489,0.7013270640997489,0.7113270640997489,0.7213270640997489,0.7213270640997489,0.7213270640997489,0.7113270640997489,0.7113270640997489,0.7113270640997489
938,0.7386237938870014,0.7386237938870014,0.7486237938870014,0.7486237938870014,0.7386237938870014,0.7486237938870014,0.7586237938870014,0.7486237938870014,0.7386237938870014,0.7286237938870014,0.7386237938870014,0.7386237938870014,0.7586237938870014
939,0.737928375829518,0.737928375829518,0.747928375829518,0.757928375829518,0.767928375829518,0.767928375829518,0.767928375829518,0.777928375829518,0.777928375829518,0.777928375829518,0.772928375829518,0.772928375829518,0.762928375829518
940,0.7138137053524206,0.7238137053524206,0.7238137053524206,0.7438137053524206,0.7338137053524206,0.7338137053524206,0.7088137053524206,0.7188137053524206,0.6888137053524206,0.6988137053524206,0.6788137053524206,0.6888137053524206,0.6888137053524206
941,0.6628188787685064,0.6728188787685064,0.6628188787685064,0.6628188787685064,0.6628188787685064,0.6628188787685064,0.6528188787685064,0.6428188787685064,0.6328188787685064,0.6428188787685064,0.6628188787685064,0.6528188787685064,0.6528188787685064
942,0.6342565426868865,0.6342565426868865,0.6642565426868865,0.6542565426868865,0.6542565426868865,0.6542565426868865,0.6542565426868865,0.6542565426868865,0.6742565426868865,0.6692565426868865,0.6692565426868865,0.6692565426868865,0.6592565426868865
943,0.6320741964841119,0.6320741964841119,0.6320741964841119,0.6320741964841119,0.6320741964841119,0.6620741964841119,0.6470741964841119,0.6270741964841119,0.6170741964841119,0.6270741964841119,0.6270741964841119,0.6270741964841119,0.6270741964841119
944,0.8071853029956965,0.8171853029956965,0.8171853029956965,0.7971853029956965,0.7871853029956964,0.7771853029956964,0.7871853029956964,0.8071853029956965,0.8271853029956965,0.8271853029956965,0.8271853029956965,0.8271853029956965,0.8271853029956965
945,0.6882942888493923,0.6682942888493922,0.6682942888493922,0.6582942888493922,0.6582942888493922,0.6732942888493922,0.6732942888493922,0.6832942888493923,0.6832942888493923,0.6832942888493923,0.6832942888493923,0.6732942888493922,0.6732942888493922
946,0.6629969925904765,0.6629969925904765,0.6729969925904765,0.6529969925904765,0.6629969925904765,0.6729969925904765,0.6529969925904765,0.6529969925904765,0.6429969925904765,0.6429969925904765,0.6629969925904765,0.6629969925904765,0.6829969925904765
947,0.7524043305276977,0.7524043305276977,0.7424043305276977,0.7324043305276977,0.7324043305276977,0.7124043305276977,0.7174043305276977,0.7274043305276977,0.7274043305276977,0.7274043305276977,0.7374043305276977,0.7474043305276977,0.7474043305276977
948,0.706450041232033,0.706450041232033,0.696450041232033,0.716450041232033,0.7364500412320331,0.7464500412320331,0.7414500412320331,0.7414500412320331,0.731450041232033,0.721450041232033,0.721450041232033,0.701450041232033,0.711450041232033
949,0.7262700407063687,0.7362700407063687,0.7362700407063687,0.7262700407063687,0.7262700407063687,0.7362700407063687,0.7362700407063687,0.7362700407063687,0.7462700407063687,0.7562700407063687,0.7662700407063687,0.7662700407063687,0.7662700407063687
950,0.6654424311649311,0.6654424311649311,0.6654424311649311,0.6654424311649311,0.6754424311649311,0.6854424311649311,0.6654424311649311,0.6754424311649311,0.6754424311649311,0.6654424311649311,0.6554424311649311,0.6554424311649311,0.645442431164931
951,0.7068569240545687,0.7068569240545687,0.7068569240545687,0.7268569240545687,0.7368569240545687,0.7368569240545687,0.7468569240545687,0.7368569240545687,0.7368569240545687,0.7218569240545687,0.7218569240545687,0.7218569240545687,0.7218569240545687
952,0.6116207132187114,0.6016207132187114,0.6016207132187114,0.5916207132187113,0.6166207132187114,0.6066207132187114,0.6066207132187114,0.6166207132187114,0.6166207132187114,0.6266207132187114,0.6266207132187114,0.6066207132187114,0.6266207132187114
953,0.6521190883231548,0.6421190883231548,0.6421190883231548,0.6321190883231548,0.6321190883231548,0.6521190883231548,0.6421190883231548,0.6621190883231548,0.6621190883231548,0.6721190883231548,0.6921190883231548,0.6821190883231548,0.6671190883231548
954,0.5740050096898761,0.5940050096898761,0.5940050096898761,0.5940050096898761,0.5940050096898761,0.5940050096898761,0.6040050096898761,0.5940050096898761,0.5940050096898761,0.5840050096898761,0.5840050096898761,0.5940050096898761,0.5640050096898761
955,0.5940432416744854,0.5940432416744854,0.6040432416744854,0.6040432416744854,0.5940432416744854,0.5840432416744854,0.5640432416744854,0.5640432416744854,0.5640432416744854,0.5640432416744854,0.5740432416744854,0.5640432416744854,0.5540432416744854
956,0.6946138220920861,0.6946138220920861,0.7046138220920861,0.6646138220920861,0.6846138220920861,0.6746138220920861,0.6746138220920861,0.6746138220920861,0.6946138220920861,0.7046138220920861,0.7146138220920861,0.7146138220920861,0.7046138220920861
957,0.6911417650836446,0.7211417650836446,0.7211417650836446,0.7211417650836446,0.7011417650836446,0.7011417650836446,0.6811417650836445,0.6811417650836445,0.6811417650836445,0.6611417650836445,0.6811417650836445,0.6611417650836445,0.6711417650836445
958,0.7364553952215583,0.7464553952215583,0.7464553952215583,0.7264553952215583,0.7364553952215583,0.7164553952215583,0.7064553952215583,0.6964553952215583,0.7064553952215583,0.7064553952215583,0.7064553952215583,0.7064553952215583,0.7064553952215583
959,0.6801414750155701,0.6801414750155701,0.6801414750155701,0.6701414750155701,0.6701414750155701,0.6901414750155701,0.6801414750155701,0.6701414750155701,0.6601414750155701,0.6601414750155701,0.6601414750155701,0.6601414750155701,0.6501414750155701
960,0.689687285661116,0.699687285661116,0.699687285661116,0.699687285661116,0.699687285661116,0.699687285661116,0.689687285661116,0.679687285661116,0.689687285661116,0.689687285661116,0.679687285661116,0.679687285661116,0.689687285661116
961,0.7873589297930116,0.7973589297930116,0.7973589297930116,0.8073589297930116,0.8273589297930116,0.8273589297930116,0.8273589297930116,0.8223589297930116,0.8223589297930116,0.8223589297930116,0.8123589297930116,0.8023589297930116,0.7923589297930116
962,0.6313422954469236,0.6213422954469235,0.6313422954469236,0.6513422954469236,0.6413422954469236,0.6413422954469236,0.6413422954469236,0.6413422954469236,0.6413422954469236,0.6413422954469236,0.6413422954469236,0.6413422954469236,0.6413422954469236
963,0.72014428799192,0.69014428799192,0.71014428799192,0.73014428799192,0.74014428799192,0.73014428799192,0.72014428799192,0.71014428799192,0.71014428799192,0.74014428799192,0.73014428799192,0.73014428799192,0.72014428799192
964,0.7063520269922235,0.6863520269922235,0.6863520269922235,0.6963520269922235,0.6763520269922235,0.6913520269922235,0.6913520269922235,0.7113520269922236,0.6913520269922235,0.6813520269922235,0.6813520269922235,0.6813520269922235,0.6813520269922235
965,0.6784369337015457,0.6984369337015457,0.6984369337015457,0.6984369337015457,0.7184369337015457,0.7084369337015457,0.7084369337015457,0.7084369337015457,0.6934369337015457,0.6934369337015457,0.7134369337015457,0.7034369337015457,0.7034369337015457
966,0.6892133782489491,0.6892133782489491,0.6892133782489491,0.6892133782489491,0.6992133782489491,0.6992133782489491,0.7092133782489491,0.7092133782489491,0.7092133782489491,0.6892133782489491,0.6892133782489491,0.6892133782489491,0.6792133782489491
967,0.6438749957452351,0.6538749957452351,0.6538749957452351,0.6638749957452351,0.6338749957452351,0.6338749957452351,0.6238749957452351,0.6238749957452351,0.6238749957452351,0.6338749957452351,0.6338749957452351,0.6338749957452351,0.6538749957452351
968,0.7062375978711468,0.7162375978711468,0.6962375978711468,0.6962375978711468,0.7312375978711468,0.7312375978711468,0.7112375978711468,0.7312375978711468,0.7212375978711468,0.7312375978711468,0.7112375978711468,0.7112375978711468,0.7112375978711468
969,0.7036026187544353,0.6936026187544353,0.7136026187544353,0.7136026187544353,0.7136026187544353,0.7136026187544353,0.7036026187544353,0.7136026187544353,0.7136026187544353,0.7136026187544353,0.7336026187544353,0.7436026187544353,0.7386026187544353
970,0.6633111730260239,0.6633111730260239,0.6633111730260239,0.6633111730260239,0.6633111730260239,0.6633111730260239,0.6633111730260239,0.673311173026024,0.6633111730260239,0.6633111730260239,0.6633111730260239,0.6633111730260239,0.6333111730260239
971,0.7193888202801355,0.6993888202801355,0.6993888202801355,0.6993888202801355,0.7193888202801355,0.7393888202801355,0.7393888202801355,0.7493888202801355,0.7393888202801355,0.7593888202801355,0.7593888202801355,0.7543888202801355,0.7643888202801356
972,0.6389272912289535,0.6489272912289535,0.6389272912289535,0.6389272912289535,0.6389272912289535,0.6689272912289536,0.6539272912289535,0.6339272912289535,0.6539272912289535,0.6439272912289535,0.6439272912289535,0.6539272912289535,0.6539272912289535
973,0.6494111218096565,0.6794111218096566,0.6794111218096566,0.6794111218096566,0.6794111218096566,0.6644111218096566,0.6644111218096566,0.6544111218096565,0.6644111218096566,0.6644111218096566,0.6544111218096565,0.6744111218096566,0.6744111218096566
974,0.5833857255264705,0.5733857255264705,0.5733857255264705,0.5833857255264705,0.5833857255264705,0.5833857255264705,0.5833857255264705,0.5933857255264705,0.5933857255264705,0.5933857255264705,0.5833857255264705,0.5833857255264705,0.5833857255264705
975,0.6572454431365442,0.6572454431365442,0.6572454431365442,0.6672454431365442,0.6872454431365442,0.6872454431365442,0.6972454431365442,0.6872454431365442,0.6872454431365442,0.6972454431365442,0.6922454431365442,0.6622454431365442,0.6622454431365442
976,0.6622969591246741,0.6822969591246741,0.6822969591246741,0.6822969591246741,0.6822969591246741,0.6822969591246741,0.6822969591246741,0.6722969591246741,0.6922969591246741,0.7022969591246742,0.6922969591246741,0.6922969591246741,0.6822969591246741
977,0.7303950777522581,0.7403950777522581,0.7603950777522581,0.7453950777522581,0.7353950777522581,0.7353950777522581,0.7353950777522581,0.7453950777522581,0.7453950777522581,0.7653950777522581,0.7653950777522581,0.7653950777522581,0.7653950777522581
978,0.6944938131120697,0.6944938131120697,0.7044938131120697,0.6844938131120697,0.6944938131120697,0.6944938131120697,0.6944938131120697,0.6844938131120697,0.6944938131120697,0.6944938131120697,0.6944938131120697,0.7044938131120697,0.7144938131120697
979,0.7765589617276616,0.7565589617276616,0.7565589617276616,0.7465589617276616,0.7465589617276616,0.7465589617276616,0.7465589617276616,0.7615589617276616,0.7615589617276616,0.7815589617276616,0.7815589617276616,0.7915589617276616,0.7915589617276616
980,0.7071687499796406,0.7071687499796406,0.7071687499796406,0.6971687499796406,0.7171687499796406,0.7171687499796406,0.7171687499796406,0.7271687499796406,0.7271687499796406,0.7271687499796406,0.7171687499796406,0.7171687499796406,0.7171687499796406
981,0.6026529517865874,0.6026529517865874,0.6226529517865874,0.6226529517865874,0.6226529517865874,0.6226529517865874,0.6226529517865874,0.6226529517865874,0.6026529517865874,0.6026529517865874,0.6226529517865874,0.6226529517865874,0.6126529517865874
982,0.6656650195376455,0.6656650195376455,0.6456650195376454,0.6456650195376454,0.6456650195376454,0.6356650195376454,0.6456650195376454,0.6356650195376454,0.6356650195376454,0.6356650195376454,0.6256650195376454,0.6256650195376454,0.6356650195376454
983,0.7320418841440369,0.7120418841440369,0.7120418841440369,0.7120418841440369,0.7220418841440369,0.7220418841440369,0.7420418841440369,0.7420418841440369,0.7220418841440369,0.7220418841440369,0.7220418841440369,0.7220418841440369,0.7220418841440369
984,0.6889379878742145,0.6989379878742145,0.7189379878742145,0.7039379878742145,0.7039379878742145,0.7139379878742145,0.7039379878742145,0.7139379878742145,0.7139379878742145,0.7139379878742145,0.7139379878742145,0.7139379878742145,0.6939379878742145
985,0.5840151095050927,0.5840151095050927,0.5640151095050927,0.5740151095050927,0.5840151095050927,0.5640151095050927,0.5840151095050927,0.5740151095050927,0.5840151095050927,0.5840151095050927,0.5940151095050927,0.5840151095050927,0.5940151095050927
986,0.632991335766258,0.632991335766258,0.622991335766258,0.622991335766258,0.642991335766258,0.632991335766258,0.642991335766258,0.652991335766258,0.662991335766258,0.662991335766258,0.662991335766258,0.662991335766258,0.632991335766258
987,0.7688683515666167,0.7588683515666167,0.7488683515666167,0.7388683515666167,0.7388683515666167,0.7488683515666167,0.7288683515666167,0.7288683515666167,0.7338683515666167,0.7338683515666167,0.7538683515666167,0.7538683515666167,0.7438683515666167
988,0.6214755088920887,0.6414755088920887,0.6414755088920887,0.6314755088920887,0.6314755088920887,0.6514755088920887,0.6364755088920887,0.6164755088920887,0.5964755088920887,0.5764755088920887,0.5764755088920887,0.5764755088920887,0.5764755088920887
989,0.7211129541348521,0.7211129541348521,0.7311129541348521,0.7511129541348521,0.7311129541348521,0.7511129541348521,0.7511129541348521,0.7361129541348521,0.7261129541348521,0.7261129541348521,0.7061129541348521,0.6861129541348521,0.6961129541348521
990,0.7443228156880233,0.7343228156880233,0.7443228156880233,0.7343228156880233,0.7343228156880233,0.7443228156880233,0.7443228156880233,0.7443228156880233,0.7443228156880233,0.7343228156880233,0.7343228156880233,0.7343228156880233,0.7343228156880233
991,0.724820254871361,0.734820254871361,0.744820254871361,0.7648202548713611,0.7598202548713611,0.7498202548713611,0.7498202548713611,0.7498202548713611,0.7498202548713611,0.729820254871361,0.739820254871361,0.7498202548713611,0.7598202548713611
992,0.8426128282961205,0.8226128282961205,0.8126128282961205,0.8126128282961205,0.8126128282961205,0.8126128282961205,0.8276128282961205,0.8376128282961205,0.8276128282961205,0.8176128282961205,0.8276128282961205,0.8376128282961205,0.8476128282961205
993,0.7647729847886591,0.7547729847886591,0.7647729847886591,0.7547729847886591,0.7647729847886591,0.7747729847886591,0.7747729847886591,0.7747729847886591,0.7747729847886591,0.7647729847886591,0.7747729847886591,0.7647729847886591,0.7647729847886591
994,0.7864329313957614,0.7764329313957614,0.7664329313957614,0.7964329313957614,0.7664329313957614,0.7564329313957614,0.7714329313957614,0.7614329313957614,0.7614329313957614,0.7614329313957614,0.7814329313957614,0.7814329313957614,0.7814329313957614
995,0.6643624818762224,0.6543624818762224,0.6643624818762224,0.6843624818762224,0.6843624818762224,0.6843624818762224,0.7043624818762224,0.7043624818762224,0.6943624818762224,0.6793624818762224,0.6793624818762224,0.6793624818762224,0.6893624818762224
996,0.6969743554026273,0.7069743554026273,0.7069743554026273,0.7069743554026273,0.6969743554026273,0.6969743554026273,0.6969743554026273,0.7069743554026273,0.7069743554026273,0.7069743554026273,0.7069743554026273,0.7069743554026273,0.6969743554026273
997,0.6745586535162438,0.6645586535162438,0.6845586535162438,0.6645586535162438,0.6645586535162438,0.6645586535162438,0.6645586535162438,0.6645586535162438,0.6645586535162438,0.6545586535162438,0.6545586535162438,0.6345586535162437,0.6445586535162438
998,0.619997414298843,0.629997414298843,0.609997414298843,0.599997414298843,0.624997414298843,0.624997414298843,0.644997414298843,0.644997414298843,0.6649974142988431,0.6549974142988431,0.6549974142988431,0.6549974142988431,0.6649974142988431
999,0.6404047477178229,0.6504047477178229,0.6504047477178229,0.6604047477178229,0.6604047477178229,0.6704047477178229,0.6704047477178229,0.6604047477178229,0.6604047477178229,0.6604047477178229,0.6604047477178229,0.6804047477178229,0.6804047477178229
