iot_lora_id,arrtime,rssi,district,post_code,recording
535,2024-04-29 18:21:31,-112,52,728125,0
535,2024-04-29 18:22:06,-112,52,728125,0
920,2024-03-08 10:24:59,-4,52,728125,0
920,2024-03-08 10:25:41,-40,52,728125,0
920,2024-03-08 10:25:55,-30,52,728125,0
920,2024-03-08 10:26:31,-46,52,728125,0
920,2024-03-08 10:27:00,-52,52,728125,0
920,2024-03-08 10:27:49,-43,52,728125,0
920,2024-03-08 10:31:08,-46,52,728125,0
920,2024-03-08 10:31:19,-23,52,728125,0
920,2024-03-08 10:44:18,-40,52,728125,0
920,2024-03-08 11:44:35,-48,52,728125,0
920,2024-03-08 11:44:42,-38,52,728125,0
920,2024-03-08 13:57:51,-37,52,728125,0
920,2024-03-08 13:57:59,-46,52,728125,0
920,2024-03-08 13:59:54,-39,52,728125,0
920,2024-03-08 14:00:08,-52,52,728125,0
920,2024-03-08 14:01:28,-40,52,728125,0
920,2024-03-08 14:01:37,-50,52,728125,0
920,2024-03-08 14:08:38,-36,52,728125,0
920,2024-03-08 14:18:53,-26,52,728125,0
920,2024-03-08 14:19:35,-44,52,728125,0
920,2024-03-08 14:19:38,-56,52,728125,0
920,2024-03-08 14:22:17,-31,52,728125,1
920,2024-03-08 14:22:22,-52,52,728125,1
920,2024-03-08 14:24:41,-38,52,728125,1
920,2024-03-08 14:24:46,-48,52,728125,1
920,2024-03-08 14:27:08,-44,52,728125,1
920,2024-03-08 14:32:33,-33,52,728125,1
920,2024-03-08 15:17:47,-26,52,728125,0
920,2024-03-08 15:18:01,-30,52,728125,0
920,2024-03-08 15:21:49,-30,52,728125,0
920,2024-03-08 15:21:55,-30,52,728125,0
920,2024-03-08 15:22:28,-28,52,728125,0
920,2024-03-08 15:22:40,-28,52,728125,0
920,2024-03-08 15:24:51,-26,52,728125,0
920,2024-03-08 15:25:03,-31,52,728125,0
920,2024-03-08 16:21:11,-32,52,728125,0
920,2024-03-08 16:21:25,-34,52,728125,0
920,2024-03-08 16:24:33,-34,52,728125,0
920,2024-03-08 16:24:47,-24,52,728125,0
920,2024-03-08 16:25:03,-3,52,728125,0
920,2024-03-08 16:25:32,-36,52,728125,0
920,2024-03-11 14:23:28,-31,52,728125,0
920,2024-03-15 16:50:35,-34,52,728125,0
920,2024-03-15 16:54:34,-44,52,728125,0
920,2024-03-15 16:57:57,-60,52,728125,0
920,2024-03-15 16:59:30,-36,52,728125,0
920,2024-03-18 15:48:28,3,52,728125,0
920,2024-03-18 15:49:45,-45,52,728125,0
920,2024-03-18 15:56:39,-48,52,728125,0
920,2024-03-18 16:00:15,-44,52,728125,0
1009,2024-03-24 14:06:48,-108,52,728125,0
1009,2024-03-24 14:07:01,-108,52,728125,0
1297,2024-03-28 15:39:12,-105,20,700102,0
1297,2024-03-28 15:39:15,-104,20,700102,0
1297,2024-04-03 13:37:11,-106,20,700102,0
1297,2024-04-03 13:37:14,-99,20,700102,0
1297,2024-04-03 13:37:16,-110,20,700102,0
1297,2024-04-03 13:37:19,-92,20,700102,0
1330,2024-04-28 09:39:06,-70,19,400091,1
1347,2024-03-05 05:29:49,-82,20,700102,0
1347,2024-03-06 13:18:27,-79,20,700102,0
1347,2024-03-06 22:45:43,-81,20,700102,0
1347,2024-03-06 22:46:09,-78,20,700102,0
1347,2024-03-07 02:45:56,-75,20,700102,1
1347,2024-03-07 02:46:15,-84,20,700102,1
1347,2024-03-07 02:46:34,-81,20,700102,1
1347,2024-03-07 02:47:22,-84,20,700102,1
1347,2024-03-07 02:48:26,-86,20,700102,1
1347,2024-03-07 02:49:27,-80,20,700102,0
1347,2024-03-07 02:58:03,-80,20,700102,0
1347,2024-03-07 02:59:19,-80,20,700102,0
1347,2024-03-07 03:00:06,-78,20,700102,0
1347,2024-03-07 03:00:49,-78,20,700102,0
1347,2024-03-07 03:07:31,-80,20,700102,0
1347,2024-03-07 03:08:47,-81,20,700102,0
1347,2024-03-07 03:10:55,-82,20,700102,1
1347,2024-03-07 03:20:22,-78,20,700102,1
1347,2024-03-07 03:20:25,-80,20,700102,1
1347,2024-03-07 03:20:29,-80,20,700102,1
1347,2024-03-07 03:44:57,-80,20,700102,1
1347,2024-03-07 03:45:00,-80,20,700102,1
1347,2024-03-07 03:53:21,-81,20,700102,1
1347,2024-03-07 04:06:58,-82,20,700102,0
1347,2024-03-07 04:19:53,-75,20,700102,1
1347,2024-03-07 04:29:18,-82,20,700102,1
1347,2024-03-07 04:37:21,-78,20,700102,0
1347,2024-03-07 04:44:37,-80,20,700102,0
1347,2024-03-07 04:44:40,-76,20,700102,0
1347,2024-03-07 04:44:44,-82,20,700102,0
1347,2024-03-07 04:46:14,-76,20,700102,0
1347,2024-03-07 04:46:17,-82,20,700102,0
1347,2024-03-07 04:47:06,-80,20,700102,0
1347,2024-03-07 04:47:10,-63,20,700102,0
1347,2024-03-07 05:08:01,-82,20,700102,1
1347,2024-03-07 05:08:04,-78,20,700102,1
1347,2024-03-07 05:41:02,-79,20,700102,1
1347,2024-03-07 05:42:09,-78,20,700102,0
1347,2024-03-07 05:48:52,-80,20,700102,0
1347,2024-03-07 05:53:21,-82,20,700102,0
1347,2024-03-07 05:57:51,-78,20,700102,0
1347,2024-03-07 06:00:32,-76,20,700102,0
1347,2024-03-07 06:22:39,-84,20,700102,1
1347,2024-03-07 06:26:46,-81,20,700102,0
1347,2024-03-07 06:30:46,-76,20,700102,0
1347,2024-03-07 06:30:50,-79,20,700102,0
1347,2024-03-07 06:30:53,-80,20,700102,0
1347,2024-03-07 06:31:27,-81,20,700102,0
1347,2024-03-07 06:34:47,-81,20,700102,0
1347,2024-03-07 06:37:39,-62,20,700102,0
1347,2024-03-07 06:41:59,-80,20,700102,0
1347,2024-03-07 07:10:41,-78,20,700102,1
1347,2024-03-07 07:10:44,-75,20,700102,1
1347,2024-03-07 07:14:13,-80,20,700102,0
1347,2024-03-07 07:15:26,-76,20,700102,0
1347,2024-03-07 07:27:35,-80,20,700102,0
1347,2024-03-07 08:14:54,-86,20,700102,1
1347,2024-03-07 08:15:34,-82,20,700102,1
1347,2024-03-07 08:15:50,-86,20,700102,1
1347,2024-03-07 08:16:17,-86,20,700102,1
1347,2024-03-07 08:17:54,-82,20,700102,1
1347,2024-03-07 08:18:30,-86,20,700102,0
1347,2024-03-07 08:19:11,-82,20,700102,0
1347,2024-03-07 08:24:34,-80,20,700102,0
1347,2024-03-07 08:24:38,-84,20,700102,0
1347,2024-03-07 09:04:54,-84,20,700102,1
1347,2024-03-07 09:04:58,-82,20,700102,1
1347,2024-03-07 09:05:45,-82,20,700102,0
1347,2024-03-07 09:09:29,-80,20,700102,0
1347,2024-03-07 09:09:33,-82,20,700102,0
1347,2024-03-07 09:19:03,-80,20,700102,0
1347,2024-03-07 09:27:09,-78,20,700102,0
1347,2024-03-07 09:28:29,-81,20,700102,1
1347,2024-03-07 09:29:16,-75,20,700102,1
1347,2024-03-07 09:33:57,-82,20,700102,1
1347,2024-03-07 09:34:01,-82,20,700102,1
1347,2024-03-07 09:34:04,-82,20,700102,1
1347,2024-03-07 09:34:08,-84,20,700102,1
1347,2024-03-07 09:34:12,-81,20,700102,1
1347,2024-03-07 09:34:15,-84,20,700102,1
1347,2024-03-07 09:34:19,-76,20,700102,1
1347,2024-03-07 09:34:22,-84,20,700102,1
1347,2024-03-07 09:34:26,-79,20,700102,1
1347,2024-03-07 09:34:29,-82,20,700102,1
1347,2024-03-07 09:37:09,-80,20,700102,1
1347,2024-03-07 09:41:50,-78,20,700102,0
1347,2024-03-07 09:42:34,-82,20,700102,0
1347,2024-03-07 09:42:53,-86,20,700102,0
1347,2024-03-07 09:45:50,-81,20,700102,0
1347,2024-03-07 09:45:54,-82,20,700102,0
1347,2024-03-07 09:49:11,-81,20,700102,0
1347,2024-03-07 09:49:19,-76,20,700102,0
1347,2024-03-07 09:49:47,-80,20,700102,0
1347,2024-03-07 09:49:51,-84,20,700102,0
1347,2024-03-07 09:53:07,-80,20,700102,0
1347,2024-03-07 09:53:11,-81,20,700102,0
1347,2024-03-07 09:56:55,-76,20,700102,0
1347,2024-03-07 09:57:47,-82,20,700102,0
1347,2024-03-07 09:58:38,-76,20,700102,0
1347,2024-03-07 09:58:46,-80,20,700102,0
1347,2024-03-07 09:58:51,-82,20,700102,0
1347,2024-03-07 09:58:56,-81,20,700102,0
1347,2024-03-07 09:59:47,-80,20,700102,0
1347,2024-03-07 10:01:15,-82,20,700102,0
1347,2024-03-07 10:14:07,-84,20,700102,1
1347,2024-03-07 10:15:39,-80,20,700102,0
1347,2024-03-07 10:16:54,-84,20,700102,0
1347,2024-03-07 10:24:35,-84,20,700102,0
1347,2024-03-07 10:24:39,-80,20,700102,0
1347,2024-03-07 10:44:39,-82,20,700102,1
1347,2024-03-07 10:50:00,-81,20,700102,1
1347,2024-03-07 10:50:04,-78,20,700102,1
1347,2024-03-07 10:52:52,-82,20,700102,0
1347,2024-03-07 10:52:56,-84,20,700102,0
1347,2024-03-07 10:52:59,-81,20,700102,0
1347,2024-03-07 11:14:01,-84,20,700102,1
1347,2024-03-07 11:15:14,-81,20,700102,1
1347,2024-03-07 11:16:13,-76,20,700102,1
1347,2024-03-07 11:17:55,-82,20,700102,1
1347,2024-03-07 11:20:01,-81,20,700102,1
1347,2024-03-07 11:20:38,-80,20,700102,1
1347,2024-03-07 11:21:16,-79,20,700102,1
1347,2024-03-07 11:25:53,-84,20,700102,0
1347,2024-03-07 11:27:17,-82,20,700102,0
1347,2024-03-07 11:30:08,-76,20,700102,0
1347,2024-03-07 11:32:59,-82,20,700102,0
1347,2024-03-07 11:35:04,-84,20,700102,0
1347,2024-03-07 11:35:07,-79,20,700102,0
1347,2024-03-07 11:35:52,-82,20,700102,0
1347,2024-03-07 12:25:42,-81,20,700102,1
1347,2024-03-07 12:27:35,-82,20,700102,0
1347,2024-03-07 12:38:02,-81,20,700102,0
1347,2024-03-07 12:46:35,-82,20,700102,0
1347,2024-03-07 12:48:22,-81,20,700102,0
1347,2024-03-07 13:45:21,-84,20,700102,1
1347,2024-03-07 13:50:14,-81,20,700102,0
1380,2024-03-31 23:44:13,-78,20,700102,1
1452,2024-04-01 10:00:02,-93,20,700102,0
1452,2024-04-01 10:00:06,-81,20,700102,0
1479,2024-03-31 21:15:35,-74,19,400091,0
1479,2024-03-31 21:18:17,-69,19,400091,0
1491,2024-04-02 10:57:50,-84,57,620075,0
1491,2024-04-02 11:02:39,-114,57,620075,0
1491,2024-04-02 11:03:53,-114,57,620075,0
1491,2024-04-02 11:07:40,-112,57,620075,0
1491,2024-04-02 11:07:44,-104,57,620075,0
1491,2024-04-02 11:08:54,-114,57,620075,0
1491,2024-04-02 11:11:14,-111,57,620075,0
1491,2024-04-02 11:16:47,-50,57,620075,0
1491,2024-04-02 11:19:40,-109,57,620075,0
1491,2024-04-02 11:19:44,-109,57,620075,0
1491,2024-04-02 11:24:47,-95,57,620075,0
1491,2024-04-02 11:26:30,-110,57,620075,0
1491,2024-04-02 11:30:08,-94,57,620075,0
1491,2024-04-02 11:31:22,-111,57,620075,0
1491,2024-04-02 11:31:26,-112,57,620075,0
1491,2024-04-02 11:32:31,-109,57,620075,0
1491,2024-04-02 11:32:35,-110,57,620075,0
1491,2024-04-02 11:32:51,-110,57,620075,0
1491,2024-04-02 11:32:55,-106,57,620075,0
1491,2024-04-02 11:32:57,-91,57,620075,0
1491,2024-04-02 11:33:01,-102,57,620075,0
1491,2024-04-02 11:33:17,-102,57,620075,0
1491,2024-04-02 11:33:21,-88,57,620075,0
1491,2024-04-02 11:36:07,-110,57,620075,0
1491,2024-04-02 11:36:11,-110,57,620075,0
1491,2024-04-02 11:36:36,-87,57,620075,0
1491,2024-04-02 11:36:40,-102,57,620075,0
1491,2024-04-02 11:39:37,-116,57,620075,0
1491,2024-04-02 11:40:18,-110,57,620075,0
1491,2024-04-02 11:40:46,-110,57,620075,0
1491,2024-04-02 11:49:13,-92,57,620075,0
1491,2024-04-02 11:49:59,-116,57,620075,0
1491,2024-04-02 11:50:03,-96,57,620075,0
1491,2024-04-02 11:50:17,-84,57,620075,0
1491,2024-04-02 11:50:21,-105,57,620075,0
1491,2024-04-02 11:50:25,-97,57,620075,0
1491,2024-04-02 11:50:43,-108,57,620075,0
1491,2024-04-02 11:50:49,-116,57,620075,0
1491,2024-04-02 11:50:53,-106,57,620075,0
1491,2024-04-02 11:53:23,-111,57,620075,0
1491,2024-04-02 11:57:27,-116,57,620075,0
1491,2024-04-02 11:57:31,-108,57,620075,0
1491,2024-04-02 11:58:31,-112,57,620075,0
1491,2024-04-02 11:58:36,-108,57,620075,0
1491,2024-04-02 11:58:40,-94,57,620075,0
1491,2024-04-02 11:58:51,-92,57,620075,0
1491,2024-04-02 11:58:55,-105,57,620075,0
1491,2024-04-02 11:58:56,-104,57,620075,0
1491,2024-04-02 12:01:46,-108,57,620075,0
1491,2024-04-02 12:01:56,-112,57,620075,0
1491,2024-04-02 12:02:00,-108,57,620075,0
1491,2024-04-02 12:02:09,-112,57,620075,0
1491,2024-04-02 12:02:13,-104,57,620075,0
1491,2024-04-02 12:04:17,-108,57,620075,0
1491,2024-04-02 12:05:34,-108,57,620075,0
1491,2024-04-02 12:05:59,-100,57,620075,0
1491,2024-04-02 12:06:01,-105,57,620075,0
1491,2024-04-02 12:06:04,-108,57,620075,0
1491,2024-04-02 12:06:05,-110,57,620075,0
1491,2024-04-02 12:06:46,-100,57,620075,0
1491,2024-04-02 12:06:50,-110,57,620075,0
1491,2024-04-02 12:09:25,-91,57,620075,0
1491,2024-04-02 12:10:29,-107,57,620075,0
1491,2024-04-02 12:10:36,-116,57,620075,0
1491,2024-04-02 12:10:42,-114,57,620075,0
1491,2024-04-02 12:10:48,-114,57,620075,0
1491,2024-04-02 12:40:22,-106,57,620075,0
1491,2024-04-02 12:40:25,-80,57,620075,0
1491,2024-04-02 12:40:26,-62,57,620075,0
1491,2024-04-02 12:40:30,-74,57,620075,0
1491,2024-04-02 12:40:31,-70,57,620075,0
1491,2024-04-02 12:40:35,-76,57,620075,0
1491,2024-04-02 12:40:37,-74,57,620075,0
1491,2024-04-02 12:40:40,-80,57,620075,0
1491,2024-04-02 12:42:55,-80,57,620075,0
1491,2024-04-02 12:42:59,-90,57,620075,0
1491,2024-04-02 12:43:00,-80,57,620075,0
1491,2024-04-02 12:43:05,-44,57,620075,0
1491,2024-04-02 12:43:06,-48,57,620075,0
1491,2024-04-02 12:43:09,-92,57,620075,0
1491,2024-04-02 12:43:11,-76,57,620075,0
1491,2024-04-02 12:43:15,-85,57,620075,0
1491,2024-04-02 12:43:16,-79,57,620075,0
1491,2024-04-02 12:43:20,-59,57,620075,0
1491,2024-04-02 12:43:21,-78,57,620075,0
1491,2024-04-02 12:43:26,-80,57,620075,0
1491,2024-04-02 12:43:27,-82,57,620075,0
1491,2024-04-02 12:43:31,-82,57,620075,0
1491,2024-04-02 12:43:32,-82,57,620075,0
1491,2024-04-02 12:43:37,-93,57,620075,0
1491,2024-04-02 12:43:38,-80,57,620075,0
1491,2024-04-02 12:43:42,-90,57,620075,0
1491,2024-04-02 12:46:26,-88,57,620075,0
1491,2024-04-02 12:46:30,-88,57,620075,0
1491,2024-04-02 12:46:31,-82,57,620075,0
1491,2024-04-02 12:46:35,-86,57,620075,0
1491,2024-04-02 12:46:37,-84,57,620075,0
1491,2024-04-02 12:46:41,-94,57,620075,0
1491,2024-04-02 12:46:42,-82,57,620075,0
1491,2024-04-02 12:46:46,-88,57,620075,0
1491,2024-04-02 12:47:22,-82,57,620075,0
1491,2024-04-02 12:47:26,-58,57,620075,0
1491,2024-04-02 12:47:27,-56,57,620075,0
1491,2024-04-02 12:47:32,-57,57,620075,0
1491,2024-04-02 12:47:36,-57,57,620075,0
1491,2024-04-02 12:47:40,-62,57,620075,0
1491,2024-04-02 12:47:42,-58,57,620075,0
1491,2024-04-02 12:47:46,-58,57,620075,0
1491,2024-04-02 12:47:47,-60,57,620075,0
1491,2024-04-02 12:47:51,-56,57,620075,0
1491,2024-04-02 12:48:23,-56,57,620075,0
1491,2024-04-02 12:48:26,-88,57,620075,0
1491,2024-04-02 12:48:27,-74,57,620075,0
1491,2024-04-02 12:48:32,-88,57,620075,0
1491,2024-04-02 12:48:33,-76,57,620075,0
1491,2024-04-02 12:48:37,-94,57,620075,0
1491,2024-04-02 12:48:38,-81,57,620075,0
1491,2024-04-02 12:48:42,-104,57,620075,0
1491,2024-04-02 12:48:49,-79,57,620075,0
1491,2024-04-02 12:48:53,-88,57,620075,0
1491,2024-04-02 12:49:12,-79,57,620075,0
1491,2024-04-02 12:49:16,-93,57,620075,0
1491,2024-04-02 12:49:17,-77,57,620075,0
1491,2024-04-02 12:49:21,-90,57,620075,0
1491,2024-04-02 12:50:07,-86,57,620075,0
1491,2024-04-02 12:50:10,-60,57,620075,0
1491,2024-04-02 12:50:14,-44,57,620075,0
1491,2024-04-02 12:50:17,-43,57,620075,0
1491,2024-04-02 12:50:18,-75,57,620075,0
1491,2024-04-02 12:50:28,-44,57,620075,0
1491,2024-04-02 12:50:32,-46,57,620075,0
1491,2024-04-02 12:50:57,-52,57,620075,0
1491,2024-04-02 12:51:01,-76,57,620075,0
1491,2024-04-02 12:51:02,-84,57,620075,0
1491,2024-04-02 12:51:06,-81,57,620075,0
1491,2024-04-02 12:51:08,-84,57,620075,0
1491,2024-04-02 12:51:12,-79,57,620075,0
1491,2024-04-02 12:53:08,-75,57,620075,0
1491,2024-04-02 12:53:12,-56,57,620075,0
1491,2024-04-02 12:53:13,-84,57,620075,0
1491,2024-04-02 12:53:17,-70,57,620075,0
1491,2024-04-02 12:53:18,-75,57,620075,0
1491,2024-04-02 12:53:19,-67,57,620075,0
1491,2024-04-02 12:53:23,-76,57,620075,0
1491,2024-04-02 12:53:24,-72,57,620075,0
1491,2024-04-02 12:53:27,-69,57,620075,0
1491,2024-04-02 12:53:57,-75,57,620075,0
1491,2024-04-02 12:54:01,-54,57,620075,0
1491,2024-04-02 12:54:39,-60,57,620075,0
1491,2024-04-02 12:54:43,-70,57,620075,0
1491,2024-04-02 12:54:44,-77,57,620075,0
1491,2024-04-02 12:54:49,-78,57,620075,0
1491,2024-04-02 12:54:50,-72,57,620075,0
1491,2024-04-02 12:54:53,-80,57,620075,0
1491,2024-04-02 12:56:29,-74,57,620075,0
1491,2024-04-02 12:56:32,-71,57,620075,0
1491,2024-04-02 12:56:34,-75,57,620075,0
1491,2024-04-02 12:56:37,-72,57,620075,0
1491,2024-04-02 12:56:38,-64,57,620075,0
1491,2024-04-02 12:56:42,-64,57,620075,0
1491,2024-04-02 12:56:43,-61,57,620075,0
1491,2024-04-02 12:56:46,-75,57,620075,0
1491,2024-04-02 12:57:32,-73,57,620075,0
1491,2024-04-02 12:57:35,-59,57,620075,0
1491,2024-04-02 12:57:42,-60,57,620075,0
1491,2024-04-02 12:57:46,-70,57,620075,0
1491,2024-04-02 12:57:48,-72,57,620075,0
1491,2024-04-02 12:57:51,-69,57,620075,0
1491,2024-04-02 12:57:54,-74,57,620075,0
1491,2024-04-02 12:57:58,-70,57,620075,0
1491,2024-04-02 14:07:18,-84,57,620075,0
1491,2024-04-02 14:14:01,-114,57,620075,0
1491,2024-04-02 14:14:04,-97,57,620075,0
1491,2024-04-02 14:21:17,-110,57,620075,0
1491,2024-04-02 14:21:36,-111,57,620075,0
1491,2024-04-02 14:24:34,-110,57,620075,0
1491,2024-04-02 14:26:32,-109,57,620075,0
1491,2024-04-02 14:26:35,-105,57,620075,0
1491,2024-04-02 14:26:42,-104,57,620075,0
1491,2024-04-02 14:26:48,-106,57,620075,0
1491,2024-04-02 14:26:52,-100,57,620075,0
1491,2024-04-02 14:28:43,-105,57,620075,0
1491,2024-04-02 14:28:47,-126,57,620075,0
1491,2024-04-02 14:28:48,-93,57,620075,0
1491,2024-04-02 14:28:52,-93,57,620075,0
1491,2024-04-02 14:28:53,-94,57,620075,0
1491,2024-04-02 14:28:54,-102,57,620075,0
1491,2024-04-02 14:28:58,-110,57,620075,0
1491,2024-04-02 14:29:38,-103,57,620075,0
1491,2024-04-02 14:30:23,-114,57,620075,0
1491,2024-04-02 14:30:26,-111,57,620075,0
1491,2024-04-02 14:30:31,-110,57,620075,0
1491,2024-04-02 14:30:50,-95,57,620075,0
1491,2024-04-02 14:30:53,-101,57,620075,0
1491,2024-04-02 14:30:55,-106,57,620075,0
1491,2024-04-02 14:30:58,-108,57,620075,0
1491,2024-04-02 14:31:00,-112,57,620075,0
1491,2024-04-02 14:31:03,-108,57,620075,0
1491,2024-04-02 14:33:53,-93,57,620075,0
1491,2024-04-02 14:33:57,-104,57,620075,0
1491,2024-04-02 14:34:01,-86,57,620075,0
1491,2024-04-02 14:34:24,-110,57,620075,0
1491,2024-04-02 14:34:43,-103,57,620075,0
1491,2024-04-02 14:34:46,-112,57,620075,0
1491,2024-04-02 14:38:36,-107,57,620075,0
1491,2024-04-02 14:38:41,-111,57,620075,0
1491,2024-04-02 14:38:42,-111,57,620075,0
1491,2024-04-02 14:38:47,-103,57,620075,0
1491,2024-04-02 14:38:52,-105,57,620075,0
1491,2024-04-02 14:39:26,-104,57,620075,0
1491,2024-04-02 14:39:31,-105,57,620075,0
1491,2024-04-02 14:40:06,-114,57,620075,0
1491,2024-04-02 14:40:07,-110,57,620075,0
1491,2024-04-02 14:40:12,-111,57,620075,0
1491,2024-04-02 14:40:14,-108,57,620075,0
1491,2024-04-02 14:40:17,-111,57,620075,0
1491,2024-04-02 14:40:23,-89,57,620075,0
1491,2024-04-02 14:40:26,-103,57,620075,0
1491,2024-04-02 14:59:13,-104,57,620075,0
1491,2024-04-02 14:59:16,-114,57,620075,0
1491,2024-04-02 14:59:17,-109,57,620075,0
1491,2024-04-02 14:59:21,-115,57,620075,0
1491,2024-04-02 14:59:42,-111,57,620075,0
1491,2024-04-02 14:59:46,-108,57,620075,0
1491,2024-04-02 15:00:17,-90,57,620075,0
1491,2024-04-02 15:00:20,-99,57,620075,0
1491,2024-04-02 15:00:21,-94,57,620075,0
1491,2024-04-02 15:00:25,-99,57,620075,0
1491,2024-04-02 15:00:31,-87,57,620075,0
1491,2024-04-02 15:00:35,-89,57,620075,0
1491,2024-04-02 15:00:47,-68,57,620075,0
1491,2024-04-02 15:00:51,-92,57,620075,0
1491,2024-04-02 15:01:05,-91,57,620075,0
1491,2024-04-02 15:01:08,-86,57,620075,0
1491,2024-04-02 15:03:11,-97,57,620075,0
1491,2024-04-02 15:03:14,-78,57,620075,0
1491,2024-04-02 15:03:16,-88,57,620075,0
1491,2024-04-02 15:03:20,-92,57,620075,0
1491,2024-04-02 15:12:18,-90,57,620075,0
1491,2024-04-02 15:12:21,-91,57,620075,0
1491,2024-04-02 15:12:29,-82,57,620075,0
1491,2024-04-02 15:12:32,-83,57,620075,0
1491,2024-04-02 15:12:41,-81,57,620075,0
1491,2024-04-02 15:12:45,-84,57,620075,0
1491,2024-04-02 15:12:47,-81,57,620075,0
1491,2024-04-02 15:12:50,-87,57,620075,0
1491,2024-04-02 15:13:13,-85,57,620075,0
1491,2024-04-02 15:13:17,-92,57,620075,0
1491,2024-04-02 15:14:59,-76,57,620075,0
1491,2024-04-02 15:15:04,-56,57,620075,0
1491,2024-04-02 15:15:44,-52,57,620075,0
1491,2024-04-02 15:15:49,-74,57,620075,0
1491,2024-04-02 15:15:58,-82,57,620075,0
1491,2024-04-02 15:16:02,-74,57,620075,0
1491,2024-04-02 15:17:41,-95,57,620075,0
1491,2024-04-02 15:17:45,-63,57,620075,0
1491,2024-04-02 15:18:48,-63,57,620075,0
1491,2024-04-02 15:18:52,-87,57,620075,0
1491,2024-04-02 15:19:53,-95,57,620075,0
1491,2024-04-02 15:19:56,-72,57,620075,0
1491,2024-04-02 15:20:17,-74,57,620075,0
1491,2024-04-02 15:20:21,-79,57,620075,0
1491,2024-04-02 15:21:15,-76,57,620075,0
1491,2024-04-02 15:21:18,-87,57,620075,0
1491,2024-04-02 15:22:47,-91,57,620075,0
1491,2024-04-02 15:22:50,-76,57,620075,0
1491,2024-04-02 15:23:25,-92,57,620075,0
1491,2024-04-02 15:23:28,-78,57,620075,0
1491,2024-04-02 15:23:35,-78,57,620075,0
1491,2024-04-02 15:23:39,-76,57,620075,0
1492,2024-04-07 22:19:04,-81,31,500013,1
1492,2024-04-07 23:07:52,-74,31,500013,1
1492,2024-04-07 23:13:52,-78,31,500013,0
1500,2024-03-21 14:10:53,-73,31,500013,1
1540,2024-03-02 13:31:33,-74,19,400091,1
1595,2024-04-13 19:43:43,-82,19,400091,1
1595,2024-04-13 19:51:15,-90,19,400091,1
1605,2024-03-26 14:13:00,-74,20,700102,1
1762,2024-03-14 19:17:55,-49,19,500091,1
1845,2024-03-14 10:26:40,-104,20,700102,0
1845,2024-03-14 10:26:53,-102,20,700102,0
1845,2024-03-26 11:57:49,-84,20,700102,0
1845,2024-03-26 11:57:52,-11,20,700102,0
1856,2024-03-17 16:07:22,-78,31,500013,0
1856,2024-03-17 16:07:57,-75,31,500013,0
1856,2024-03-17 16:08:10,-73,31,500013,0
1856,2024-03-17 16:08:15,-98,31,500013,0
1856,2024-03-17 16:08:26,-78,31,500013,0
1856,2024-03-17 16:08:56,-76,31,500013,0
1856,2024-03-24 15:13:53,-82,31,500013,0
1856,2024-03-24 15:14:16,-73,31,500013,0
1856,2024-03-24 15:14:19,-92,31,500013,0
1856,2024-03-24 15:14:22,-74,31,500013,0
1856,2024-03-24 15:14:28,-90,31,500013,0
1856,2024-03-24 15:14:31,-71,31,500013,0
1856,2024-04-05 13:21:09,-82,31,500013,0
1856,2024-04-05 13:23:11,-78,31,500013,0
1944,2024-04-21 16:00:35,-70,31,500013,0
1944,2024-04-21 16:01:13,-68,31,500013,0
1957,2024-04-07 23:16:20,-57,31,500013,1
1957,2024-04-07 23:22:10,-64,31,500013,0
1976,2024-04-26 15:54:46,-66,31,500013,0
1976,2024-04-26 15:55:22,-70,31,500013,0
1988,2024-04-09 06:27:46,-81,16,501061,1
1990,2024-04-10 21:22:05,-70,16,501061,0
1990,2024-04-10 21:22:11,-79,16,501061,0
2003,2024-04-27 22:20:36,-93,16,501061,0
2003,2024-04-27 22:23:20,-99,16,501061,0
2264,2024-03-08 22:54:39,-78,31,500013,0
2264,2024-03-08 22:54:42,-52,31,500013,0
2265,2024-04-23 13:35:22,-76,31,500013,0
2265,2024-04-23 13:35:25,-74,31,500013,0
2317,2024-04-02 22:50:03,-64,19,400091,1
2356,2024-03-31 10:02:48,-96,19,500091,1
2371,2024-04-13 20:10:20,-72,19,500091,0
2371,2024-04-13 20:12:34,-69,19,500091,0
2385,2024-04-12 16:20:16,-88,19,500091,0
2385,2024-04-12 16:20:27,-80,19,500091,0
2387,2024-03-12 22:21:42,-74,19,500091,0
2387,2024-03-12 22:21:45,-64,19,500091,0
2387,2024-03-25 21:46:38,-70,19,500091,0
2387,2024-03-25 21:46:41,-73,19,500091,0
2470,2024-04-12 20:01:01,-86,19,500091,0
2470,2024-04-12 20:03:06,-60,19,500091,0
2495,2024-04-12 20:02:14,-74,19,500091,0
2495,2024-04-12 20:02:47,-86,19,500091,0
2613,2024-05-04 13:10:22,-74,19,400091,1
2650,2024-05-06 14:03:50,-78,19,400091,0
2650,2024-05-06 14:05:02,-69,19,400091,0
2673,2024-04-06 10:32:41,-82,19,500091,1
2673,2024-04-06 11:17:17,-70,19,500091,1
2673,2024-04-06 11:41:52,-87,19,500091,1
2782,2024-04-09 20:55:38,-87,16,601061,0
2782,2024-04-09 20:55:41,-92,16,601061,0
2863,2024-04-13 19:33:26,-68,19,500091,0
2863,2024-04-13 19:34:34,-66,19,500091,0
2905,2024-04-02 11:48:39,-54,57,620075,0
2905,2024-04-02 11:48:43,-94,57,620075,0
2905,2024-04-02 11:49:00,-57,57,620075,0
2905,2024-04-02 11:49:06,-81,57,620075,0
2905,2024-04-02 11:49:16,-59,57,620075,0
2905,2024-04-02 11:49:19,-96,57,620075,0
2905,2024-04-02 11:49:51,-50,57,620075,0
2905,2024-04-02 11:49:59,-70,57,620075,0
2905,2024-04-02 11:50:24,-36,57,620075,0
2905,2024-04-02 11:50:28,-80,57,620075,0
2905,2024-04-02 11:55:05,-63,57,620075,1
2905,2024-04-02 11:55:08,-92,57,620075,1
2905,2024-04-02 11:55:13,-65,57,620075,1
2905,2024-04-02 11:55:19,-104,57,620075,1
2905,2024-04-02 11:55:42,-75,57,620075,1
2905,2024-04-02 11:55:47,-88,57,620075,1
2905,2024-04-02 11:58:43,-63,57,620075,1
2905,2024-04-02 11:58:47,-92,57,620075,1
2905,2024-04-02 11:59:00,-63,57,620075,1
2905,2024-04-02 11:59:04,-94,57,620075,1
2905,2024-04-02 11:59:32,-86,57,620075,1
2905,2024-04-02 11:59:36,-79,57,620075,1
2905,2024-04-02 11:59:40,-92,57,620075,1
2905,2024-04-02 12:11:40,-76,57,620075,0
2905,2024-04-02 12:11:45,-77,57,620075,0
2905,2024-04-02 12:15:17,-78,57,620075,0
2905,2024-04-02 12:15:21,-68,57,620075,0
2905,2024-04-02 12:19:23,-64,57,620075,0
2905,2024-04-02 12:19:29,-97,57,620075,0
2905,2024-04-02 14:42:51,-88,57,620075,0
2905,2024-04-02 14:42:54,-88,57,620075,0
2905,2024-04-02 14:43:25,-77,57,620075,0
2905,2024-04-02 14:43:29,-76,57,620075,0
2905,2024-04-02 14:43:33,-87,57,620075,0
2905,2024-04-02 14:43:36,-94,57,620075,0
2905,2024-04-02 14:43:44,-99,57,620075,0
2905,2024-04-02 14:43:48,-93,57,620075,0
2905,2024-04-02 14:43:55,-85,57,620075,0
2905,2024-04-02 14:44:00,-84,57,620075,0
2905,2024-04-02 14:44:58,-88,57,620075,0
2905,2024-04-02 14:45:02,-51,57,620075,0
2905,2024-04-02 14:45:28,-57,57,620075,0
2905,2024-04-02 14:45:47,-56,57,620075,0
2905,2024-04-02 14:47:02,-45,57,620075,0
2905,2024-04-02 14:47:05,-32,57,620075,0
2905,2024-04-02 14:47:07,-68,57,620075,0
2905,2024-04-02 14:47:10,-65,57,620075,0
2905,2024-04-02 14:48:32,-79,57,620075,0
2905,2024-04-02 14:48:35,-96,57,620075,0
2905,2024-04-02 14:49:21,-101,57,620075,0
2905,2024-04-02 14:49:25,-87,57,620075,0
2905,2024-04-02 14:49:44,-76,57,620075,0
2905,2024-04-02 14:51:12,-76,57,620075,0
2905,2024-04-02 14:51:43,-72,57,620075,0
2905,2024-04-02 14:59:27,-67,57,620075,0
2905,2024-04-02 14:59:31,-78,57,620075,0
2905,2024-04-02 14:59:35,-75,57,620075,0
2905,2024-04-02 14:59:39,-81,57,620075,0
2905,2024-04-02 14:59:57,-74,57,620075,0
2905,2024-04-02 15:00:00,-62,57,620075,0
2905,2024-04-02 15:00:53,-69,57,620075,0
2905,2024-04-02 15:00:56,-64,57,620075,0
2905,2024-04-02 15:01:32,-74,57,620075,0
2905,2024-04-02 15:01:36,-49,57,620075,0
2905,2024-04-02 15:01:38,-58,57,620075,0
2905,2024-04-02 15:01:42,-67,57,620075,0
2905,2024-04-02 15:03:39,-64,57,620075,0
2905,2024-04-02 15:03:44,-58,57,620075,0
2905,2024-04-02 15:04:03,-47,57,620075,0
2905,2024-04-02 15:04:08,-73,57,620075,0
3074,2024-03-12 07:55:44,-48,57,620075,1
3085,2024-04-22 09:01:13,-76,16,501061,1
3091,2024-04-07 10:29:28,-60,16,601061,1
3091,2024-04-07 10:36:03,-58,16,601061,1
3091,2024-04-07 10:39:43,-54,16,601061,1
3091,2024-04-07 10:42:34,-68,16,601061,1
3125,2024-04-14 05:24:48,-72,57,620075,1
3125,2024-04-14 12:52:50,-80,57,620075,0
3125,2024-04-14 12:54:51,-75,57,620075,0
3125,2024-04-15 06:02:48,-74,57,620075,1
3125,2024-04-20 10:06:53,-40,57,620075,1
3125,2024-04-21 11:41:36,-75,57,620075,1
3125,2024-04-21 11:45:00,-78,57,620075,0
3193,2024-03-09 13:20:57,-56,16,501061,0
3193,2024-03-09 13:21:11,-62,16,501061,0
3202,2024-04-18 20:13:42,-86,16,601061,1
3202,2024-04-18 20:17:52,-78,16,601061,0
3202,2024-04-18 22:17:39,-80,16,601061,0
3202,2024-04-18 22:20:17,-76,16,601061,0
3202,2024-04-18 23:09:15,-80,16,601061,0
3202,2024-04-18 23:11:33,-78,16,601061,0
3202,2024-04-18 23:23:27,-74,16,601061,0
3202,2024-04-18 23:23:38,-92,16,601061,0
3202,2024-04-19 00:29:26,-72,16,601061,0
3202,2024-04-19 00:29:43,-100,16,601061,0
3202,2024-04-19 00:32:47,-78,16,601061,0
3202,2024-04-19 00:32:57,-98,16,601061,0
3202,2024-04-19 00:37:03,-76,16,601061,0
3202,2024-04-19 00:37:15,-94,16,601061,0
3202,2024-04-19 00:40:52,-58,16,601061,0
3202,2024-04-19 00:40:57,-89,16,601061,0
3202,2024-04-19 00:42:44,-74,16,601061,0
3202,2024-04-19 00:42:55,-88,16,601061,0
3202,2024-04-19 00:59:45,-74,16,601061,1
3202,2024-04-19 01:15:16,-63,16,601061,1
3202,2024-04-19 01:41:42,-80,16,601061,1
3202,2024-04-19 02:16:33,-69,16,601061,1
3202,2024-04-19 02:33:03,-75,16,601061,1
3202,2024-04-19 02:45:55,-84,16,601061,1
3202,2024-04-19 02:51:35,-78,16,601061,1
3202,2024-04-19 02:57:23,-87,16,601061,1
3202,2024-04-19 03:14:43,-78,16,601061,1
3202,2024-04-19 03:22:23,-78,16,601061,1
3202,2024-04-19 03:29:08,-78,16,601061,1
3202,2024-04-19 03:32:43,-73,16,601061,0
3202,2024-04-19 04:08:23,-67,16,601061,1
3202,2024-04-19 04:30:40,-84,16,601061,1
3202,2024-04-19 04:49:38,-76,16,601061,1
3202,2024-04-19 05:25:29,-90,16,601061,1
3202,2024-04-19 07:58:58,-80,16,601061,1
3202,2024-04-19 13:51:47,-78,16,601061,1
3202,2024-04-19 14:05:18,-81,16,601061,1
3202,2024-04-19 14:38:28,-100,16,601061,0
3202,2024-04-19 14:38:37,-81,16,601061,0
3202,2024-04-19 14:41:34,-76,16,601061,0
3202,2024-04-19 14:41:40,-82,16,601061,0
3202,2024-04-19 17:14:01,-84,16,601061,1
3202,2024-04-19 17:30:27,-75,16,601061,1
3202,2024-04-19 17:36:20,-78,16,601061,1
3202,2024-04-19 18:02:14,-76,16,601061,1
3202,2024-04-19 19:25:08,-81,16,601061,0
3202,2024-04-19 19:25:33,-78,16,601061,0
3202,2024-04-19 19:34:15,-76,16,601061,0
3202,2024-04-19 19:34:29,-88,16,601061,0
3202,2024-04-19 19:36:46,-81,16,601061,0
3202,2024-04-19 19:37:31,-81,16,601061,0
3202,2024-04-19 19:40:48,-60,16,601061,0
3202,2024-04-19 19:41:11,-80,16,601061,0
3202,2024-04-19 19:50:47,-80,16,601061,0
3202,2024-04-19 19:51:41,-76,16,601061,0
3202,2024-04-19 19:51:52,-80,16,601061,0
3202,2024-04-19 19:51:56,-86,16,601061,0
3202,2024-04-19 19:51:59,-76,16,601061,0
3202,2024-04-19 19:52:07,-98,16,601061,0
3202,2024-04-19 19:52:10,-76,16,601061,0
3202,2024-04-19 19:52:33,-76,16,601061,0
3202,2024-04-19 19:52:42,-74,16,601061,0
3202,2024-04-19 19:53:29,-86,16,601061,0
3202,2024-04-19 19:55:18,-73,16,601061,1
3202,2024-04-19 19:57:45,-80,16,601061,1
3202,2024-04-19 19:58:23,-74,16,601061,1
3202,2024-04-19 19:58:40,-72,16,601061,1
3202,2024-04-19 20:00:26,-71,16,601061,1
3202,2024-04-19 20:11:14,-74,16,601061,1
3202,2024-04-19 20:14:03,-80,16,601061,1
3202,2024-04-19 20:17:53,-74,16,601061,1
3202,2024-04-19 20:23:56,-80,16,601061,1
3202,2024-04-19 20:33:54,-78,16,601061,1
3202,2024-04-19 20:39:00,-88,16,601061,1
3202,2024-04-19 20:46:30,-80,16,601061,1
3202,2024-04-19 20:55:54,-75,16,601061,0
3202,2024-04-19 20:56:23,-78,16,601061,0
3202,2024-04-19 21:05:24,-76,16,601061,1
3202,2024-04-19 21:14:13,-79,16,601061,1
3202,2024-04-19 21:19:28,-80,16,601061,1
3202,2024-04-19 21:43:02,-80,16,601061,1
3202,2024-04-19 22:24:47,-88,16,601061,1
3202,2024-04-19 22:40:46,-76,16,601061,1
3202,2024-04-20 00:17:34,-82,16,601061,1
3202,2024-04-20 00:31:04,-84,16,601061,1
3202,2024-04-20 00:39:28,-80,16,601061,1
3202,2024-04-20 00:44:22,-93,16,601061,1
3202,2024-04-20 00:52:10,-79,16,601061,1
3202,2024-04-20 00:58:00,-80,16,601061,1
3202,2024-04-20 01:03:19,-80,16,601061,1
3202,2024-04-20 01:08:17,-74,16,601061,1
3202,2024-04-20 01:16:09,-80,16,601061,1
3202,2024-04-20 01:22:13,-58,16,601061,1
3202,2024-04-20 01:26:56,-76,16,601061,1
3202,2024-04-20 01:34:48,-76,16,601061,1
3202,2024-04-20 01:49:56,-80,16,601061,1
3202,2024-04-20 02:05:49,-84,16,601061,1
3202,2024-04-20 02:14:08,-80,16,601061,1
3202,2024-04-20 02:24:12,-78,16,601061,1
3327,2024-03-30 07:05:12,-87,16,601061,0
3327,2024-03-30 07:05:35,-90,16,601061,0
3374,2024-03-09 09:32:40,-78,31,500013,0
3374,2024-03-09 09:32:43,-79,31,500013,0
3374,2024-03-23 11:13:16,-78,31,500013,0
3374,2024-03-23 11:13:23,-70,31,500013,0
3396,2024-03-14 14:57:34,-84,20,700102,0
3396,2024-03-14 14:57:38,-75,20,700102,0
3441,2024-04-20 02:09:14,-87,56,752065,1
3458,2024-04-21 18:09:41,-80,56,752065,1
3458,2024-04-21 18:13:10,-70,56,752065,0
3465,2024-03-20 19:57:27,-88,16,601061,1
3512,2024-04-07 23:41:51,-82,56,752065,0
3512,2024-04-07 23:44:00,-90,56,752065,0
3512,2024-04-07 23:52:48,-93,56,752065,1
3512,2024-04-08 01:06:36,-84,56,752065,1
3512,2024-04-08 01:08:26,-84,56,752065,1
3512,2024-04-08 01:08:41,-88,56,752065,1
3512,2024-04-08 01:19:16,-90,56,752065,1
3512,2024-04-08 01:24:37,-88,56,752065,1
3512,2024-04-08 01:27:01,-90,56,752065,0
3512,2024-04-08 01:27:40,-90,56,752065,0
3512,2024-04-08 01:27:53,-96,56,752065,0
3512,2024-04-08 01:28:16,-87,56,752065,0
3512,2024-04-08 01:28:49,-88,56,752065,0
3512,2024-04-08 01:30:20,-102,56,752065,0
3512,2024-04-08 01:30:42,-86,56,752065,0
3512,2024-04-08 01:33:37,-100,56,752065,1
3512,2024-04-08 01:34:41,-87,56,752065,1
3512,2024-04-08 01:37:59,-86,56,752065,1
3512,2024-04-08 01:48:57,-86,56,752065,1
3512,2024-04-08 02:01:21,-82,56,752065,0
3512,2024-04-08 02:02:47,-86,56,752065,1
3512,2024-04-08 02:08:00,-98,56,752065,1
3512,2024-04-08 02:15:53,-80,56,752065,1
3512,2024-04-08 02:20:55,-84,56,752065,1
3512,2024-04-08 02:26:55,-88,56,752065,1
3512,2024-04-08 02:31:32,-86,56,752065,1
3512,2024-04-08 02:40:47,-84,56,752065,1
3512,2024-04-08 02:47:34,-81,56,752065,1
3512,2024-04-08 02:59:03,-81,56,752065,1
3512,2024-04-08 03:09:56,-84,56,752065,1
3512,2024-04-08 03:17:22,-84,56,752065,1
3512,2024-04-08 03:22:04,-81,56,752065,1
3512,2024-04-08 03:28:51,-84,56,752065,1
3512,2024-04-08 04:14:14,-82,56,752065,1
3512,2024-04-08 04:29:56,-84,56,752065,1
3512,2024-04-08 04:41:49,-78,56,752065,1
3512,2024-04-08 05:09:43,-88,56,752065,1
3512,2024-04-08 06:46:46,-81,56,752065,1
3703,2024-03-03 21:37:08,-78,56,752065,1
3706,2024-03-03 21:39:27,-69,56,752065,1
3724,2024-03-02 18:55:31,-78,56,752065,0
3724,2024-03-02 18:57:29,-64,56,752065,0
3811,2024-03-04 11:24:43,-69,5,500050,1
3936,2024-03-30 08:18:59,-66,5,500050,1
3967,2024-03-13 13:16:42,-94,15,121151,0
3967,2024-03-13 13:16:46,-99,15,121151,0
3980,2024-03-02 09:08:07,-93,16,421061,1
3980,2024-03-03 16:21:30,-90,16,421061,1
3980,2024-03-03 22:37:04,-85,16,421061,0
3980,2024-03-03 22:39:07,-86,16,421061,0
4089,2024-04-19 22:39:00,-98,15,121151,0
4089,2024-04-19 22:39:07,-94,15,121151,0
4135,2024-03-12 13:26:01,-96,5,500050,0
4190,2024-03-13 11:35:43,-64,5,500050,0
4190,2024-03-13 11:35:50,-80,5,500050,0
4193,2024-04-10 09:55:40,-68,56,511065,1
4227,2024-03-31 15:46:30,-96,56,511065,1
4245,2024-03-26 18:18:45,-60,5,500050,0
4245,2024-03-26 18:18:49,-94,5,500050,0
4382,2024-04-13 16:47:39,-70,5,500050,1
4412,2024-04-17 14:16:21,-73,5,500050,0
4412,2024-04-17 14:16:39,-72,5,500050,0
4514,2024-04-10 19:23:01,-86,16,970161,0
4725,2024-05-08 09:25:57,-72,16,601061,0
4725,2024-05-08 09:28:24,-80,16,601061,0
4801,2024-03-29 18:47:46,-72,16,601061,1
4843,2024-03-26 14:12:24,-117,52,728125,0
4843,2024-03-26 14:29:17,-98,52,728125,0
4843,2024-03-26 14:40:03,-97,52,728125,0
4843,2024-03-26 14:40:21,-106,52,728125,0
4843,2024-04-02 10:45:26,-114,52,728125,0
4843,2024-04-02 10:45:29,-44,52,728125,0
4843,2024-04-02 10:46:17,-66,52,728125,0
4843,2024-04-02 10:47:02,-69,52,728125,0
4843,2024-04-02 10:47:10,-76,52,728125,0
4843,2024-04-02 10:47:16,-68,52,728125,0
4843,2024-04-02 10:48:23,-70,52,728125,0
4843,2024-04-02 10:48:29,-99,52,728125,0
4843,2024-04-02 10:48:35,-86,52,728125,0
4843,2024-04-02 10:48:59,-108,52,728125,0
4843,2024-04-02 10:50:11,-75,52,728125,0
4843,2024-04-02 10:50:30,-68,52,728125,0
4843,2024-04-02 10:50:34,-59,52,728125,0
4843,2024-04-02 10:50:52,-60,52,728125,0
4843,2024-04-02 10:50:57,-69,52,728125,0
4843,2024-04-02 10:52:12,-65,52,728125,0
4843,2024-04-02 10:52:21,-78,52,728125,0
4843,2024-04-02 10:52:26,-68,52,728125,0
4843,2024-04-02 10:53:23,-75,52,728125,0
4843,2024-04-02 10:53:40,-51,52,728125,0
4843,2024-04-02 10:53:43,-32,52,728125,0
4843,2024-04-02 10:54:04,-59,52,728125,0
4843,2024-04-02 10:54:49,-57,52,728125,0
4843,2024-04-02 10:54:56,-81,52,728125,0
4843,2024-04-02 10:54:59,-79,52,728125,0
4843,2024-04-02 10:55:06,-74,52,728125,0
4843,2024-04-02 10:55:14,-67,52,728125,0
4843,2024-04-02 10:55:22,-77,52,728125,0
4843,2024-04-02 11:00:44,-81,52,728125,0
4843,2024-04-02 11:00:51,-76,52,728125,0
4843,2024-04-02 11:06:01,-80,52,728125,0
4843,2024-04-02 11:06:07,-58,52,728125,0
4843,2024-04-02 11:06:41,-63,52,728125,0
4843,2024-04-02 11:06:46,-70,52,728125,0
4843,2024-04-02 11:07:56,-51,52,728125,0
4843,2024-04-02 11:08:01,-60,52,728125,0
4843,2024-04-02 11:08:56,-52,52,728125,0
4843,2024-04-02 11:09:00,-45,52,728125,0
4843,2024-04-02 11:09:53,-76,52,728125,0
4843,2024-04-02 11:09:57,-60,52,728125,0
4843,2024-04-02 11:10:00,-69,52,728125,0
4843,2024-04-02 11:10:04,-80,52,728125,0
4843,2024-04-02 11:10:30,-92,52,728125,0
4843,2024-04-02 11:10:36,-67,52,728125,0
4843,2024-04-02 11:11:48,-72,52,728125,0
4843,2024-04-02 11:11:56,-49,52,728125,0
4843,2024-04-02 11:12:02,-98,52,728125,0
4843,2024-04-02 11:12:25,-94,52,728125,0
4843,2024-04-02 11:13:51,-80,52,728125,0
4843,2024-04-02 11:13:56,-92,52,728125,0
4843,2024-04-02 11:14:10,-75,52,728125,0
4843,2024-04-02 11:14:29,-82,52,728125,0
4843,2024-04-02 11:15:14,-82,52,728125,0
4843,2024-04-02 11:15:18,-94,52,728125,0
4843,2024-04-02 11:16:18,-88,52,728125,0
4843,2024-04-02 11:16:30,-78,52,728125,0
4843,2024-04-02 11:16:35,-76,52,728125,0
4843,2024-04-02 11:16:43,-112,52,728125,0
4843,2024-04-02 11:17:42,-68,52,728125,0
4843,2024-04-02 11:17:48,-32,52,728125,0
4843,2024-04-02 11:17:51,-82,52,728125,0
4843,2024-04-02 11:17:56,-55,52,728125,0
4843,2024-04-02 11:48:33,-74,52,728125,0
4843,2024-04-02 11:48:44,-78,52,728125,0
4843,2024-04-02 11:48:49,-66,52,728125,0
4843,2024-04-02 11:48:59,-60,52,728125,0
4843,2024-04-02 11:49:02,-74,52,728125,0
4843,2024-04-02 11:49:07,-47,52,728125,0
4843,2024-04-02 11:49:35,-80,52,728125,0
4843,2024-04-02 11:49:41,-85,52,728125,0
4843,2024-04-02 11:49:47,-110,52,728125,0
4843,2024-04-02 11:49:53,-87,52,728125,0
4843,2024-04-02 11:49:57,-106,52,728125,0
4843,2024-04-02 11:50:03,-96,52,728125,0
4843,2024-04-02 11:52:05,-92,52,728125,0
4843,2024-04-02 11:52:12,-38,52,728125,0
4843,2024-04-02 11:52:30,-64,52,728125,0
4843,2024-04-02 11:52:35,-58,52,728125,0
4843,2024-04-02 11:52:42,-33,52,728125,0
4843,2024-04-02 11:53:18,-67,52,728125,0
4843,2024-04-02 11:53:28,-74,52,728125,0
4843,2024-04-02 11:53:32,-54,52,728125,0
4843,2024-04-02 11:53:40,-75,52,728125,0
4843,2024-04-02 11:53:44,-62,52,728125,0
4843,2024-04-02 11:53:52,-78,52,728125,0
4843,2024-04-02 11:55:27,-49,52,728125,0
4843,2024-04-02 11:55:34,-50,52,728125,0
4843,2024-04-02 12:01:23,-46,52,728125,0
4843,2024-04-02 12:01:32,-74,52,728125,0
4843,2024-04-02 12:01:35,-66,52,728125,0
4843,2024-04-02 12:01:41,-62,52,728125,0
4843,2024-04-02 12:01:46,-71,52,728125,0
4843,2024-04-02 12:01:52,-53,52,728125,0
4843,2024-04-02 12:02:08,-72,52,728125,0
4843,2024-04-02 12:02:22,-66,52,728125,0
4843,2024-04-02 12:02:26,-92,52,728125,0
4843,2024-04-02 12:02:36,-105,52,728125,0
4843,2024-04-02 12:02:40,-99,52,728125,0
4843,2024-04-02 12:02:51,-97,52,728125,0
4843,2024-04-02 12:03:15,-85,52,728125,0
4843,2024-04-02 12:03:19,-98,52,728125,0
4843,2024-04-02 14:21:14,-74,52,728125,0
4843,2024-04-02 14:21:17,-93,52,728125,0
4843,2024-04-02 14:22:54,-98,52,728125,0
4843,2024-04-02 14:22:58,-104,52,728125,0
4843,2024-04-02 14:24:26,-96,52,728125,0
4843,2024-04-02 14:24:31,-88,52,728125,0
4843,2024-04-02 14:24:42,-71,52,728125,0
4843,2024-04-02 14:39:28,-78,52,728125,0
4843,2024-04-02 14:39:32,-68,52,728125,0
4843,2024-04-02 14:41:02,-88,52,728125,0
4843,2024-04-02 14:41:09,-94,52,728125,0
4843,2024-04-02 14:41:55,-91,52,728125,0
4843,2024-04-02 14:42:04,-74,52,728125,0
4843,2024-04-02 14:42:07,-68,52,728125,0
4843,2024-04-02 14:42:12,-96,52,728125,0
4843,2024-04-02 14:42:20,-82,52,728125,0
4843,2024-04-02 14:42:24,-78,52,728125,0
4843,2024-04-02 14:42:41,-80,52,728125,0
4843,2024-04-02 14:42:50,-92,52,728125,0
4843,2024-04-02 14:42:54,-70,52,728125,0
4843,2024-04-02 14:43:01,-82,52,728125,0
4843,2024-04-02 14:43:12,-67,52,728125,0
4843,2024-04-02 14:43:18,-80,52,728125,0
4843,2024-04-02 14:43:41,-76,52,728125,0
4843,2024-04-02 14:43:48,-81,52,728125,0
4843,2024-04-02 14:43:57,-98,52,728125,0
4843,2024-04-02 14:44:00,-74,52,728125,0
4843,2024-04-02 14:44:06,-102,52,728125,0
4843,2024-04-02 14:45:43,-78,52,728125,0
4843,2024-04-02 14:45:51,-104,52,728125,0
4843,2024-04-02 14:49:53,-84,52,728125,0
4843,2024-04-02 14:49:57,-94,52,728125,0
4843,2024-04-02 14:50:02,-74,52,728125,0
4843,2024-04-02 14:50:07,-100,52,728125,0
4843,2024-04-02 14:50:13,-70,52,728125,0
4843,2024-04-02 14:50:44,-84,52,728125,0
4843,2024-04-02 14:50:50,-60,52,728125,0
4843,2024-04-02 14:50:56,-86,52,728125,0
4843,2024-04-02 14:51:04,-60,52,728125,0
4843,2024-04-02 14:51:47,-67,52,728125,0
4843,2024-04-02 14:51:56,-42,52,728125,0
4843,2024-04-02 14:53:18,-79,52,728125,0
4843,2024-04-02 14:53:29,-96,52,728125,0
4843,2024-04-02 14:54:45,-96,52,728125,0
4843,2024-04-02 14:54:57,-84,52,728125,0
4843,2024-04-02 14:55:19,-58,52,728125,0
4843,2024-04-02 14:55:25,-98,52,728125,0
4843,2024-04-02 14:55:38,-66,52,728125,0
4843,2024-04-02 14:55:54,-104,52,728125,0
4843,2024-04-02 14:56:16,-76,52,728125,0
4843,2024-04-02 14:56:22,-43,52,728125,0
4843,2024-04-02 14:56:59,-69,52,728125,0
4843,2024-04-02 14:57:03,-86,52,728125,0
4843,2024-04-02 14:57:15,-68,52,728125,0
4843,2024-04-02 14:57:21,-98,52,728125,0
4843,2024-04-02 14:57:39,-69,52,728125,0
4843,2024-04-02 14:57:45,-86,52,728125,0
4843,2024-04-02 14:58:36,-67,52,728125,0
4843,2024-04-02 14:58:45,-98,52,728125,0
4843,2024-04-02 14:59:37,-67,52,728125,0
4843,2024-04-02 14:59:45,-97,52,728125,0
4843,2024-04-02 15:00:04,-62,52,728125,0
4843,2024-04-02 15:00:08,-70,52,728125,0
4843,2024-04-02 15:00:23,-57,52,728125,0
4843,2024-04-02 15:00:32,-75,52,728125,0
4843,2024-04-02 15:00:38,-57,52,728125,0
4843,2024-04-02 15:00:48,-86,52,728125,0
4843,2024-04-02 15:01:29,-60,52,728125,0
4843,2024-04-02 15:01:35,-117,52,728125,0
4843,2024-04-02 15:01:44,-55,52,728125,0
4843,2024-04-02 15:01:54,-78,52,728125,0
4843,2024-04-02 15:02:31,-61,52,728125,0
4843,2024-04-02 15:02:35,-76,52,728125,0
4843,2024-04-02 15:02:41,-58,52,728125,0
4843,2024-04-02 15:02:47,-72,52,728125,0
4843,2024-04-02 15:03:55,-61,52,728125,0
4843,2024-04-02 15:04:01,-90,52,728125,0
4843,2024-04-02 15:04:11,-81,52,728125,0
4843,2024-04-02 15:04:15,-99,52,728125,0
4843,2024-04-02 15:04:21,-98,52,728125,0
4843,2024-04-02 15:04:29,-72,52,728125,0
4843,2024-04-02 15:04:48,-98,52,728125,0
4843,2024-04-02 15:04:57,-70,52,728125,0
4843,2024-04-02 15:05:00,-96,52,728125,0
4843,2024-04-02 15:05:08,-66,52,728125,0
4843,2024-04-02 15:05:52,-96,52,728125,0
4843,2024-04-02 15:05:56,-84,52,728125,0
4843,2024-04-02 15:05:59,-99,52,728125,0
4843,2024-04-02 15:06:16,-78,52,728125,0
4843,2024-04-02 15:06:26,-98,52,728125,0
4843,2024-04-02 15:06:35,-80,52,728125,0
4843,2024-04-02 15:06:39,-81,52,728125,0
4843,2024-04-02 15:06:46,-92,52,728125,0
4843,2024-04-02 15:06:59,-105,52,728125,0
4843,2024-04-02 15:07:16,-94,52,728125,0
4843,2024-04-02 15:07:49,-74,52,728125,0
4843,2024-04-02 15:07:54,-46,52,728125,0
4843,2024-04-02 15:08:03,-92,52,728125,0
4843,2024-04-02 15:08:08,-85,52,728125,0
4843,2024-04-02 15:16:55,-80,52,728125,0
4843,2024-04-02 15:17:03,-99,52,728125,0
4843,2024-04-02 15:20:45,-101,52,728125,0
4843,2024-04-02 15:21:22,-112,52,728125,0
4843,2024-04-02 15:21:25,-102,52,728125,0
4843,2024-04-02 15:21:45,-96,52,728125,0
4843,2024-04-02 15:21:49,-96,52,728125,0
4843,2024-04-02 15:22:26,-108,52,728125,0
4843,2024-04-02 15:22:30,-96,52,728125,0
4843,2024-04-02 15:22:44,-108,52,728125,0
4843,2024-04-02 15:22:48,-75,52,728125,0
4843,2024-04-02 15:23:00,-98,52,728125,0
4843,2024-04-02 15:23:05,-77,52,728125,0
4843,2024-04-02 15:25:06,-91,52,728125,0
4843,2024-04-02 15:25:09,-83,52,728125,0
4910,2024-03-12 10:56:44,-60,16,601061,0
4910,2024-03-12 10:59:23,-57,16,601061,0
4910,2024-04-12 20:03:16,-51,16,601061,1
5019,2024-05-05 06:42:08,-70,14,151041,0
5019,2024-05-05 06:42:25,-67,14,151041,0
5030,2024-03-17 21:13:31,-72,16,421061,1
5030,2024-04-12 11:06:43,-72,16,421061,1
5041,2024-04-22 23:28:06,-52,14,151041,1
5060,2024-03-13 21:15:52,-61,16,970161,0
5060,2024-03-13 21:17:17,-70,16,970161,0
5096,2024-04-27 00:11:20,-84,46,445064,0
5096,2024-04-27 00:13:51,-82,46,445064,0
5096,2024-04-28 19:11:24,-87,46,445064,0
5096,2024-04-28 19:11:27,-81,46,445064,0
5096,2024-04-28 21:47:34,-80,46,445064,0
5096,2024-04-28 21:48:02,-82,46,445064,0
5131,2024-03-28 04:07:41,-62,16,970161,0
5131,2024-03-28 04:07:45,-55,16,970161,0
5153,2024-03-24 18:19:20,-67,16,970161,1
5195,2024-03-09 09:48:41,-90,16,150061,0
5195,2024-03-09 09:51:32,-92,16,150061,0
5235,2024-03-21 14:06:59,-105,37,90073,1
5274,2024-04-10 18:02:56,-80,20,700102,1
5391,2024-03-16 03:10:44,-92,16,150061,1
5391,2024-04-18 20:35:13,-108,16,150061,1
5409,2024-04-13 06:24:18,-99,15,980051,1
5418,2024-04-08 07:52:52,-96,16,150061,0
5418,2024-04-08 07:54:10,-92,16,150061,0
5418,2024-04-08 08:43:30,-91,16,150061,1
5418,2024-04-08 10:18:35,-91,16,150061,1
5418,2024-04-08 14:01:41,-87,16,150061,1
5418,2024-04-08 16:51:32,-88,16,150061,1
5418,2024-04-12 15:20:23,-88,16,150061,0
5418,2024-04-12 15:21:06,-111,16,150061,0
5418,2024-04-15 21:34:37,-94,16,150061,1
5433,2024-04-30 06:36:18,-100,16,150061,0
5433,2024-04-30 06:38:11,-100,16,150061,0
5437,2024-03-31 03:55:11,-98,16,150061,0
5437,2024-03-31 03:55:56,-98,16,150061,0
5451,2024-03-21 13:15:39,-58,16,250061,0
5451,2024-03-21 13:15:42,-58,16,250061,0
5485,2024-04-03 04:04:09,-88,16,150061,1
5525,2024-04-10 00:08:37,-72,16,250061,1
5549,2024-03-20 15:43:34,-54,16,250061,0
5549,2024-03-20 15:43:42,-43,16,250061,0
5615,2024-03-29 19:40:08,-68,56,511065,0
5615,2024-03-29 19:40:22,-63,56,511065,0
5615,2024-03-29 19:54:17,-80,56,511065,0
5615,2024-03-29 19:54:21,-66,56,511065,0
5615,2024-03-30 14:03:30,-66,56,511065,0
5615,2024-03-30 14:03:36,-70,56,511065,0
5615,2024-03-30 14:04:39,-59,56,511065,0
5615,2024-03-30 14:04:45,-80,56,511065,0
5615,2024-04-21 17:54:45,-63,56,511065,0
5615,2024-04-21 17:54:48,-61,56,511065,0
5621,2024-03-12 20:01:38,-75,16,150061,0
5621,2024-03-12 20:01:42,-65,16,150061,0
5624,2024-04-09 23:43:52,-75,9,910090,1
5650,2024-05-07 17:08:07,-96,9,400090,0
5650,2024-05-07 17:08:48,-92,9,400090,0
5661,2024-04-28 19:02:27,-94,9,300090,0
5661,2024-04-28 19:02:30,-34,9,300090,0
5772,2024-04-16 10:13:49,-50,16,970161,1
5784,2024-04-26 17:15:59,-84,16,970161,0
5784,2024-04-26 17:16:03,-35,16,970161,0
5854,2024-04-01 02:34:37,-69,9,910090,0
5854,2024-04-01 02:34:41,-68,9,910090,0
5856,2024-04-02 10:42:37,-122,9,910090,0
5856,2024-04-02 10:42:41,-82,9,910090,0
5856,2024-04-02 10:45:29,-44,9,910090,0
5856,2024-04-02 10:45:39,-94,9,910090,0
5856,2024-04-02 10:46:07,-78,9,910090,0
5856,2024-04-02 10:46:10,-62,9,910090,0
5856,2024-04-02 10:48:19,-69,9,910090,0
5856,2024-04-02 10:48:23,-79,9,910090,0
5856,2024-04-02 10:48:36,-86,9,910090,0
5856,2024-04-02 10:48:40,-86,9,910090,0
5856,2024-04-02 10:48:48,-68,9,910090,0
5856,2024-04-02 10:50:09,-82,9,910090,0
5856,2024-04-02 10:50:12,-60,9,910090,0
5856,2024-04-02 10:50:36,-56,9,910090,0
5856,2024-04-02 10:50:41,-77,9,910090,0
5856,2024-04-02 10:51:03,-50,9,910090,0
5856,2024-04-02 10:51:07,-74,9,910090,0
5856,2024-04-02 10:51:59,-57,9,910090,0
5856,2024-04-02 10:52:02,-99,9,910090,0
5856,2024-04-02 10:52:24,-76,9,910090,0
5856,2024-04-02 10:52:27,-64,9,910090,0
5856,2024-04-02 10:53:29,-84,9,910090,0
5856,2024-04-02 10:53:32,-93,9,910090,0
5856,2024-04-02 10:53:48,-54,9,910090,0
5856,2024-04-02 10:53:51,-52,9,910090,0
5856,2024-04-02 10:54:55,-44,9,910090,0
5856,2024-04-02 10:54:59,-98,9,910090,0
5856,2024-04-02 10:55:06,-75,9,910090,0
5856,2024-04-02 10:55:10,-54,9,910090,0
5856,2024-04-02 10:58:47,-81,9,910090,0
5856,2024-04-02 10:58:51,-92,9,910090,0
5856,2024-04-02 11:00:39,-90,9,910090,0
5856,2024-04-02 11:00:43,-80,9,910090,0
5856,2024-04-02 11:01:21,-34,9,910090,0
5856,2024-04-02 11:01:25,-60,9,910090,0
5856,2024-04-02 11:04:51,-62,9,910090,0
5856,2024-04-02 11:04:55,-68,9,910090,0
5856,2024-04-02 11:05:03,-76,9,910090,0
5856,2024-04-02 11:06:07,-53,9,910090,0
5856,2024-04-02 11:06:10,-74,9,910090,0
5856,2024-04-02 11:06:45,-58,9,910090,0
5856,2024-04-02 11:06:48,-55,9,910090,0
5856,2024-04-02 11:07:58,-36,9,910090,0
5856,2024-04-02 11:08:02,-48,9,910090,0
5856,2024-04-02 11:08:10,-48,9,910090,0
5856,2024-04-02 11:08:48,-55,9,910090,0
5856,2024-04-02 11:08:52,-46,9,910090,0
5856,2024-04-02 11:09:57,-51,9,910090,0
5856,2024-04-02 11:10:01,-51,9,910090,0
5856,2024-04-02 11:10:04,-42,9,910090,0
5856,2024-04-02 11:10:08,-62,9,910090,0
5856,2024-04-02 11:10:18,-52,9,910090,0
5856,2024-04-02 11:10:23,-76,9,910090,0
5856,2024-04-02 11:10:37,-49,9,910090,0
5856,2024-04-02 11:10:41,-70,9,910090,0
5856,2024-04-02 11:11:42,-64,9,910090,0
5856,2024-04-02 11:11:47,-57,9,910090,0
5856,2024-04-02 11:12:02,-78,9,910090,0
5856,2024-04-02 11:12:07,-72,9,910090,0
5856,2024-04-02 11:12:23,-69,9,910090,0
5856,2024-04-02 11:12:32,-84,9,910090,0
5856,2024-04-02 11:13:59,-64,9,910090,0
5856,2024-04-02 11:14:12,-63,9,910090,0
5856,2024-04-02 11:14:18,-75,9,910090,0
5856,2024-04-02 11:14:40,-47,9,910090,0
5856,2024-04-02 11:14:45,-70,9,910090,0
5856,2024-04-02 11:15:06,-42,9,910090,0
5856,2024-04-02 11:15:28,-64,9,910090,0
5856,2024-04-02 11:15:32,-86,9,910090,0
5856,2024-04-02 11:15:43,-84,9,910090,0
5856,2024-04-02 11:15:48,-54,9,910090,0
5856,2024-04-02 11:15:52,-46,9,910090,0
5856,2024-04-02 11:15:59,-68,9,910090,0
5856,2024-04-02 11:16:10,-71,9,910090,0
5856,2024-04-02 11:16:20,-64,9,910090,0
5856,2024-04-02 11:16:25,-68,9,910090,0
5856,2024-04-02 11:16:29,-86,9,910090,0
5856,2024-04-02 11:16:34,-70,9,910090,0
5856,2024-04-02 11:16:38,-72,9,910090,0
5856,2024-04-02 11:16:43,-62,9,910090,0
5856,2024-04-02 11:17:49,-76,9,910090,0
5856,2024-04-02 11:17:53,-78,9,910090,0
5856,2024-04-02 11:18:01,-90,9,910090,0
5856,2024-04-02 11:18:12,-79,9,910090,0
5856,2024-04-02 11:18:20,-69,9,910090,0
5856,2024-04-02 11:19:22,-81,9,910090,0
5856,2024-04-02 11:19:38,-70,9,910090,0
5856,2024-04-02 11:19:48,-72,9,910090,0
5856,2024-04-02 11:19:55,-78,9,910090,0
5856,2024-04-02 11:20:06,-86,9,910090,0
5856,2024-04-02 11:20:11,-78,9,910090,0
5856,2024-04-02 11:23:00,-84,9,910090,0
5856,2024-04-02 11:23:06,-36,9,910090,0
5856,2024-04-02 11:47:24,-80,9,910090,0
5856,2024-04-02 11:47:29,-44,9,910090,0
5856,2024-04-02 11:48:32,-58,9,910090,0
5856,2024-04-02 11:48:40,-69,9,910090,0
5856,2024-04-02 11:48:44,-76,9,910090,0
5856,2024-04-02 11:48:53,-65,9,910090,0
5856,2024-04-02 11:49:00,-53,9,910090,0
5856,2024-04-02 11:49:09,-79,9,910090,0
5856,2024-04-02 11:52:07,-79,9,910090,0
5856,2024-04-02 11:52:14,-82,9,910090,0
5856,2024-04-02 11:52:21,-72,9,910090,0
5856,2024-04-02 11:52:28,-67,9,910090,0
5856,2024-04-02 11:52:35,-71,9,910090,0
5856,2024-04-02 11:52:42,-67,9,910090,0
5856,2024-04-02 12:00:59,-62,9,910090,0
5856,2024-04-02 12:01:03,-52,9,910090,0
5856,2024-04-02 12:01:07,-57,9,910090,0
5856,2024-04-02 12:01:15,-56,9,910090,0
5856,2024-04-02 12:01:18,-56,9,910090,0
5856,2024-04-02 12:01:26,-55,9,910090,0
5856,2024-04-02 12:01:54,-55,9,910090,0
5856,2024-04-02 12:02:01,-86,9,910090,0
5856,2024-04-02 12:02:05,-95,9,910090,0
5856,2024-04-02 12:02:12,-97,9,910090,0
5856,2024-04-02 12:02:15,-94,9,910090,0
5856,2024-04-02 12:02:23,-93,9,910090,0
5857,2024-04-11 22:16:35,-76,9,910090,1
5857,2024-04-11 22:20:01,-80,9,910090,0
5910,2024-03-03 12:50:59,-87,46,445064,1
5915,2024-04-27 07:40:21,-96,46,445064,0
5915,2024-04-27 07:41:47,-98,46,445064,0
5916,2024-03-12 12:52:55,-98,46,445064,0
5916,2024-03-12 12:52:58,-90,46,445064,0
5948,2024-03-16 17:22:47,-84,15,980051,1
5948,2024-03-16 17:27:37,-86,15,980051,0
5972,2024-03-17 12:42:22,-49,16,250061,0
5972,2024-03-17 12:42:25,-50,16,250061,0
5974,2024-04-08 17:11:31,-69,16,250061,0
5974,2024-04-08 17:11:43,-57,16,250061,0
6106,2024-03-13 08:10:10,-82,46,445064,0
6106,2024-03-13 08:10:18,-78,46,445064,0
6120,2024-04-27 11:18:47,-58,21,740012,1
6164,2024-03-18 12:15:49,-76,46,445064,0
6164,2024-03-18 12:15:52,-88,46,445064,0
6242,2024-04-13 17:22:31,-80,46,445064,0
6242,2024-04-13 17:23:08,-78,46,445064,0
6376,2024-04-21 15:37:33,-63,16,150061,0
6376,2024-04-21 15:37:45,-53,16,150061,0
6376,2024-04-21 16:34:18,-70,16,150061,1
6386,2024-04-26 19:40:04,-73,16,150061,1
6468,2024-03-14 20:31:31,-84,33,160033,1
6483,2024-04-27 20:22:21,-88,37,90073,1
6483,2024-04-28 19:20:06,-90,37,90073,0
6483,2024-04-28 19:21:02,-86,37,90073,0
6502,2024-04-15 21:45:59,-90,15,90051,0
6508,2024-03-26 11:42:54,-72,15,980051,1
6520,2024-04-30 11:32:31,-86,33,260033,1
6583,2024-04-10 20:01:01,-99,46,445064,0
6583,2024-04-10 20:02:56,-94,46,445064,0
6583,2024-04-21 12:28:39,-96,46,445064,0
6583,2024-04-21 12:28:42,-90,46,445064,0
6586,2024-03-29 20:08:38,-105,56,511065,0
6586,2024-03-29 20:09:32,-93,56,511065,0
6597,2024-04-12 20:27:33,-90,56,511065,1
6613,2024-04-09 09:11:16,-108,56,511065,1
6613,2024-04-09 09:18:55,-106,56,511065,0
6644,2024-04-16 01:21:41,-100,56,511065,0
6644,2024-04-16 01:23:45,-93,56,511065,0
6716,2024-04-04 22:52:39,-72,19,500091,0
6716,2024-04-04 22:52:44,-79,19,500091,0
6722,2024-04-10 23:30:53,-58,16,970161,0
6722,2024-04-10 23:31:05,-63,16,970161,0
6762,2024-04-10 14:25:50,-69,31,500013,0
6762,2024-04-10 14:26:04,-82,31,500013,0
6762,2024-04-10 14:26:10,-73,31,500013,0
6762,2024-04-10 14:26:13,-95,31,500013,0
6832,2024-04-25 10:35:43,-74,56,321065,0
6832,2024-04-25 10:37:00,-70,56,321065,0
6832,2024-04-25 10:37:25,-72,56,321065,0
6832,2024-04-25 10:37:41,-88,56,321065,0
6832,2024-05-07 14:20:22,-102,56,321065,0
6832,2024-05-07 14:20:58,-70,56,321065,0
6832,2024-05-07 14:21:31,-66,56,321065,0
6832,2024-05-07 14:21:45,-92,56,321065,0
6839,2024-04-25 10:35:13,-66,56,321065,0
6839,2024-04-25 10:37:13,-72,56,321065,0
6839,2024-05-07 14:19:58,-64,56,321065,0
6839,2024-05-07 14:20:09,-86,56,321065,0
6871,2024-05-04 22:38:54,-89,16,150061,1
6871,2024-05-04 22:56:27,-90,16,150061,1
6871,2024-05-04 23:53:34,-86,16,150061,1
6871,2024-05-05 00:06:02,-90,16,150061,1
6916,2024-03-12 14:16:46,-78,16,970161,0
6933,2024-03-23 12:21:20,-84,16,150061,0
6933,2024-03-23 12:21:24,-84,16,150061,0
6933,2024-04-13 15:37:47,-87,16,150061,0
6933,2024-04-13 15:39:54,-87,16,150061,0
6933,2024-04-14 02:38:46,-93,16,150061,0
6933,2024-04-14 02:38:49,-86,16,150061,0
6933,2024-04-16 05:52:55,-90,16,150061,1
6933,2024-04-17 22:32:20,-90,16,150061,0
7043,2024-05-02 12:48:26,-87,9,910090,1
7106,2024-04-25 14:45:54,-85,33,260033,0
7106,2024-04-25 14:45:58,-94,33,260033,0
7207,2024-04-18 16:13:19,-86,9,910090,1
7231,2024-05-01 11:23:46,-88,9,910090,1
7263,2024-03-10 12:50:45,-68,46,445064,0
7263,2024-03-10 12:50:48,-28,46,445064,0
7263,2024-03-10 14:40:41,-70,46,445064,0
7263,2024-03-10 14:40:44,-92,46,445064,0
7263,2024-03-10 14:41:06,-68,46,445064,0
7263,2024-03-10 14:41:09,-92,46,445064,0
7300,2024-03-08 11:17:39,-54,16,421061,1
7300,2024-04-10 18:28:58,-52,16,421061,1
7310,2024-04-29 08:10:44,-54,19,400091,1
7371,2024-03-22 16:28:55,-78,33,260033,1
7398,2024-04-21 11:07:05,-76,46,445064,0
7398,2024-04-21 11:07:09,-92,46,445064,0
7472,2024-04-10 19:23:26,-88,33,260033,0
7472,2024-04-10 19:23:36,-88,33,260033,0
7508,2024-03-01 01:45:30,-84,33,260033,1
7508,2024-03-01 02:02:35,-88,33,260033,1
7508,2024-03-01 02:07:42,-86,33,260033,1
7508,2024-03-01 02:13:08,-80,33,260033,1
7508,2024-03-01 02:19:14,-88,33,260033,1
7508,2024-03-01 02:29:34,-88,33,260033,1
7508,2024-03-01 02:34:48,-85,33,260033,1
7534,2024-03-19 00:03:46,-72,16,150061,1
7571,2024-05-03 10:38:46,-90,33,160033,1
7572,2024-03-19 09:57:20,-63,33,160033,1
7575,2024-04-15 16:38:22,-94,33,260033,0
7575,2024-04-15 16:38:25,-96,33,260033,0
7586,2024-04-14 14:44:26,-73,16,970161,1
7586,2024-04-14 14:50:46,-78,16,970161,0
7615,2024-03-08 00:26:49,-68,33,160033,1
7670,2024-04-24 14:17:15,-96,33,260033,0
7670,2024-04-24 14:17:43,-96,33,260033,0
7671,2024-05-06 17:36:29,-86,16,150061,1
7705,2024-03-08 20:21:12,-60,16,150061,1
7742,2024-03-24 13:32:05,-84,33,260033,0
7742,2024-03-24 13:32:13,-88,33,260033,0
7756,2024-04-10 12:59:45,-66,33,260033,0
7756,2024-04-10 13:02:13,-66,33,260033,0
7756,2024-04-10 16:55:26,-72,33,260033,0
7756,2024-04-10 16:55:33,-98,33,260033,0
7787,2024-04-09 07:43:23,-90,33,260033,1
7802,2024-03-15 03:39:30,-82,16,150061,1
7821,2024-05-01 12:08:36,-84,16,150061,0
7821,2024-05-01 12:08:40,-58,16,150061,0
7842,2024-03-12 20:33:25,-72,33,260033,0
7842,2024-03-12 20:33:55,-72,33,260033,0
7842,2024-04-10 13:32:07,-72,33,260033,0
7842,2024-04-10 13:32:11,-76,33,260033,0
7842,2024-04-10 15:54:22,-84,33,260033,0
7842,2024-04-10 15:54:39,-66,33,260033,0
7842,2024-04-10 16:31:28,-67,33,260033,0
7842,2024-04-10 16:31:32,-74,33,260033,0
7858,2024-04-28 16:41:56,-92,33,160033,1
7886,2024-03-19 10:05:21,-68,33,160033,0
7886,2024-03-19 10:06:04,-72,33,160033,0
7897,2024-04-11 15:45:08,-90,33,260033,1
7964,2024-03-30 21:29:05,-87,33,160033,1
8024,2024-05-07 07:20:17,-102,33,260033,0
8024,2024-05-07 07:20:21,-89,33,260033,0
8042,2024-03-02 15:57:41,-66,33,160033,0
8042,2024-03-02 15:57:45,-98,33,160033,0
8045,2024-03-15 05:27:59,-95,33,260033,1
8045,2024-03-16 12:14:35,-84,33,260033,1
8045,2024-03-16 18:40:07,-100,33,260033,1
8045,2024-03-16 18:59:44,-99,33,260033,0
8045,2024-03-16 18:59:53,-92,33,260033,0
8045,2024-03-17 00:50:51,-98,33,260033,1
8062,2024-04-02 21:56:03,-66,16,150061,1
8082,2024-03-13 17:47:54,-86,9,910090,1
8101,2024-04-22 17:02:29,-84,16,150061,0
8101,2024-04-22 17:02:32,-75,16,150061,0
8140,2024-05-02 15:08:01,-76,33,260033,0
8140,2024-05-02 15:08:39,-76,33,260033,0
8222,2024-05-02 13:54:15,-64,16,970161,0
8222,2024-05-02 13:56:17,-91,16,970161,0
8248,2024-04-22 19:06:57,-72,56,511065,0
8248,2024-04-22 19:09:02,-63,56,511065,0
8289,2024-04-03 13:16:41,-40,15,980051,0
8289,2024-04-03 13:16:44,-32,15,980051,0
8289,2024-04-03 13:16:55,-39,15,980051,0
8289,2024-04-03 13:17:06,-40,15,980051,0
8417,2024-03-04 04:19:42,-80,33,260033,0
8417,2024-03-04 04:19:50,-76,33,260033,0
8424,2024-04-29 10:39:42,-84,33,260033,0
8424,2024-04-29 10:39:49,-78,33,260033,0
8446,2024-04-13 15:52:00,-63,33,260033,0
8446,2024-04-13 15:53:16,-74,33,260033,0
8527,2024-04-14 20:56:55,-90,20,700102,0
8527,2024-04-14 20:57:00,-102,20,700102,0
8555,2024-04-14 18:21:18,-78,33,260033,0
8555,2024-04-14 18:21:23,-75,33,260033,0
8601,2024-03-18 14:59:47,-76,33,260033,1
8663,2024-04-01 10:27:14,-93,16,150061,0
8663,2024-04-01 10:27:17,-85,16,150061,0
8686,2024-03-29 09:17:24,-92,33,160033,0
8686,2024-03-29 09:17:28,-82,33,160033,0
8703,2024-03-05 18:57:47,-70,33,260033,0
8703,2024-03-05 18:58:18,-66,33,260033,0
8711,2024-03-11 19:31:06,-56,33,260033,0
8711,2024-03-11 19:31:10,-82,33,260033,0
8711,2024-03-11 20:00:53,-94,33,260033,0
8711,2024-03-11 20:00:58,-84,33,260033,0
8711,2024-03-11 20:06:11,-86,33,260033,0
8711,2024-03-11 20:06:18,-56,33,260033,0
8711,2024-03-14 19:00:28,-84,33,260033,0
8711,2024-03-14 19:00:33,-78,33,260033,0
8711,2024-03-14 19:31:58,-75,33,260033,0
8711,2024-03-14 19:32:02,-68,33,260033,0
8711,2024-03-14 19:39:03,-48,33,260033,0
8711,2024-03-14 19:39:09,-76,33,260033,0
8711,2024-03-20 19:34:44,-62,33,260033,0
8711,2024-03-20 19:34:49,-90,33,260033,0
8711,2024-03-20 19:39:02,-78,33,260033,0
8711,2024-03-20 19:39:06,-78,33,260033,0
8711,2024-03-25 19:14:00,-79,33,260033,0
8711,2024-03-25 19:14:04,-98,33,260033,0
8711,2024-03-25 19:33:13,-66,33,260033,0
8711,2024-03-25 19:33:17,-80,33,260033,0
8711,2024-03-25 20:23:23,-55,33,260033,0
8711,2024-03-25 20:23:29,-86,33,260033,0
8711,2024-03-26 19:22:42,-56,33,260033,0
8711,2024-03-26 19:22:47,-68,33,260033,0
8711,2024-03-26 20:04:07,-51,33,260033,0
8711,2024-03-26 20:04:14,-44,33,260033,0
8713,2024-03-22 13:27:03,-76,33,260033,0
8713,2024-03-22 13:27:06,-71,33,260033,0
8759,2024-05-08 05:00:53,-88,46,445064,1
8759,2024-05-08 05:04:40,-84,46,445064,0
8810,2024-04-13 19:00:33,-72,33,260033,0
8810,2024-04-13 19:00:44,-82,33,260033,0
8820,2024-04-16 13:31:31,-92,33,260033,1
8832,2024-04-08 09:32:52,-90,33,260033,1
8833,2024-04-10 20:00:13,-76,33,260033,0
8833,2024-04-10 20:02:58,-82,33,260033,0
8850,2024-04-06 17:05:27,-86,33,260033,1
8851,2024-05-07 13:40:29,-90,33,260033,1
8873,2024-03-02 10:37:46,-63,56,752065,1
8913,2024-03-07 15:34:20,-75,21,740012,0
8913,2024-03-07 15:34:24,-81,21,740012,0
8913,2024-04-12 22:57:35,-84,21,740012,0
8913,2024-04-12 22:57:48,-77,21,740012,0
8996,2024-04-26 05:43:16,-81,19,400091,1
9022,2024-04-07 12:21:39,-70,20,700102,1
9052,2024-04-27 18:58:10,-88,21,740012,1
9077,2024-05-01 18:58:52,-94,20,700102,0
9077,2024-05-01 19:00:37,-100,20,700102,0
9230,2024-04-16 07:23:15,-92,16,970161,1
9298,2024-04-24 14:20:50,-88,16,970161,0
9310,2024-04-24 13:27:47,-58,16,970161,0
9310,2024-04-24 13:27:51,-58,16,970161,0
9357,2024-04-17 14:54:11,-70,56,752065,0
9357,2024-04-17 14:54:18,-64,56,752065,0
9417,2024-03-08 19:23:37,-88,16,421061,0
9417,2024-03-08 19:23:41,-88,16,421061,0
9426,2024-03-31 13:43:11,-96,16,970161,0
9426,2024-03-31 13:43:27,-56,16,970161,0
9437,2024-04-14 15:44:32,-64,16,970161,0
9437,2024-04-14 15:44:37,-59,16,970161,0
9446,2024-03-13 22:49:04,-60,16,970161,0
9446,2024-03-13 22:49:50,-68,16,970161,0
9446,2024-03-13 22:50:25,-64,16,970161,0
9623,2024-03-01 11:21:46,-61,16,501061,0
9623,2024-03-01 11:21:49,-62,16,501061,0
9623,2024-03-01 11:21:52,-57,16,501061,0
9623,2024-03-01 11:21:57,-48,16,501061,0
9623,2024-03-04 06:07:27,-57,16,501061,0
9623,2024-03-04 06:07:31,-54,16,501061,0
9623,2024-03-09 06:36:35,-63,16,501061,0
9623,2024-03-09 06:36:38,-68,16,501061,0
9623,2024-04-04 10:33:43,-63,16,501061,0
9623,2024-04-04 10:33:46,-59,16,501061,0
9623,2024-04-05 06:59:45,-57,16,501061,0
9623,2024-04-05 06:59:50,-62,16,501061,0
9623,2024-04-30 06:02:18,-63,16,501061,0
9623,2024-04-30 06:02:22,-63,16,501061,0
9648,2024-04-12 13:36:12,-86,16,250061,1
9837,2024-03-25 21:58:21,-73,16,501061,0
9837,2024-03-25 21:58:34,-81,16,501061,0
9862,2024-03-30 21:47:45,-84,15,121151,0
9862,2024-03-30 21:49:52,-78,15,121151,0
9862,2024-05-05 19:47:08,-67,15,121151,1
9875,2024-04-08 12:50:47,-66,16,250061,1
9878,2024-05-07 16:22:58,-78,31,500013,0
9878,2024-05-07 16:23:01,-100,31,500013,0
9885,2024-04-10 13:22:25,-91,37,90073,0
9885,2024-04-10 13:22:30,-54,37,90073,0
9945,2024-04-19 11:01:43,-76,15,121151,1
10008,2024-03-15 13:03:33,-64,33,260033,1
10008,2024-04-20 01:23:02,-70,33,260033,0
10008,2024-04-20 01:25:42,-74,33,260033,0
10060,2024-05-05 11:57:43,-100,56,511065,0
10060,2024-05-05 11:57:46,-97,56,511065,0
10064,2024-04-22 13:36:55,-87,56,511065,0
10064,2024-04-22 13:36:59,-104,56,511065,0
10064,2024-05-05 19:59:27,-90,56,511065,0
10074,2024-04-28 13:45:28,-66,56,752065,1
10077,2024-04-14 19:41:42,-60,56,752065,1
10079,2024-04-12 16:43:00,-64,56,752065,0
10079,2024-04-12 16:43:06,-104,56,752065,0
10079,2024-04-12 16:43:14,-67,56,752065,0
10079,2024-04-12 16:43:25,-58,56,752065,0
10085,2024-05-07 14:24:01,-87,56,321065,0
10085,2024-05-07 14:24:15,-73,56,321065,0
10096,2024-05-07 14:24:50,-93,56,321065,0
10096,2024-05-07 14:25:01,-88,56,321065,0
10107,2024-04-11 11:46:43,-69,21,740012,0
10107,2024-04-11 11:48:42,-69,21,740012,0
10116,2024-04-08 22:55:14,-82,21,740012,1
10116,2024-04-08 23:04:33,-81,21,740012,1
10116,2024-04-08 23:12:56,-82,21,740012,0
10116,2024-04-08 23:13:32,-84,21,740012,0
10116,2024-04-08 23:13:56,-76,21,740012,0
10116,2024-04-08 23:14:17,-76,21,740012,0
10116,2024-04-08 23:16:55,-77,21,740012,1
10116,2024-04-08 23:18:51,-80,21,740012,1
10116,2024-04-08 23:22:22,-78,21,740012,1
10116,2024-04-08 23:23:08,-84,21,740012,1
10116,2024-04-08 23:23:20,-80,21,740012,1
10116,2024-04-08 23:42:17,-84,21,740012,1
10116,2024-04-08 23:53:19,-79,21,740012,1
10116,2024-04-09 00:03:11,-82,21,740012,1
10116,2024-04-09 00:12:28,-86,21,740012,1
10116,2024-04-09 00:31:59,-79,21,740012,1
10116,2024-04-09 00:53:22,-84,21,740012,1
10116,2024-04-09 06:31:50,-79,21,740012,1
10116,2024-04-09 08:07:40,-81,21,740012,1
10116,2024-04-09 08:20:20,-82,21,740012,1
10116,2024-04-09 13:30:27,-81,21,740012,1
10116,2024-04-09 13:36:51,-80,21,740012,1
10116,2024-04-09 13:47:35,-106,21,740012,1
10116,2024-04-09 13:56:14,-81,21,740012,1
10116,2024-04-09 14:04:04,-84,21,740012,1
10194,2024-03-20 10:24:54,-84,15,121151,1
10475,2024-04-10 15:19:24,-84,14,151041,0
10475,2024-04-10 15:19:47,-86,14,151041,0
10709,2024-04-14 17:08:22,-62,15,321151,1
10763,2024-04-10 20:27:42,-94,15,300051,1
10763,2024-04-10 20:31:29,-103,15,300051,0
10768,2024-03-05 11:53:53,-100,15,300051,0
10768,2024-03-05 11:54:26,-78,15,300051,0
10768,2024-03-12 12:50:38,-87,15,300051,0
10768,2024-03-12 12:51:03,-78,15,300051,0
10768,2024-03-12 12:54:26,-76,15,300051,0
10768,2024-03-12 12:54:56,-80,15,300051,0
10810,2024-03-07 12:23:37,-100,15,300051,0
10810,2024-03-07 12:23:42,-92,15,300051,0
10832,2024-03-26 15:14:59,-45,31,130013,0
10832,2024-03-26 15:15:03,-39,31,130013,0
10926,2024-04-10 21:57:54,-94,9,400090,1
10981,2024-04-27 10:04:19,-94,15,300051,0
10981,2024-04-27 10:04:23,-91,15,300051,0
11048,2024-03-21 14:10:11,-72,15,300051,1
11103,2024-04-22 21:18:11,-81,15,321151,1
11103,2024-04-22 21:23:11,-84,15,321151,1
11103,2024-04-23 06:17:18,-80,15,321151,0
11103,2024-04-23 06:19:44,-82,15,321151,0
11503,2024-04-17 13:53:35,-76,15,321151,1
11581,2024-03-06 14:45:24,-54,15,300051,0
11581,2024-03-06 14:45:28,-45,15,300051,0
11616,2024-03-29 19:15:44,-60,15,711151,0
11616,2024-03-29 19:16:14,-51,15,711151,0
11641,2024-03-21 14:50:43,-66,15,300051,0
11641,2024-03-21 14:50:46,-56,15,300051,0
11740,2024-04-24 17:10:53,-84,9,300090,0
11740,2024-04-24 17:10:57,-81,9,300090,0
11763,2024-04-11 15:22:26,-76,9,400090,1
11763,2024-04-11 15:31:03,-62,9,400090,0
11763,2024-04-11 15:31:12,-67,9,400090,0
11831,2024-04-14 13:24:40,-79,31,510013,0
11831,2024-04-14 13:24:49,-76,31,510013,0
11864,2024-03-07 20:07:33,-98,15,321151,0
11864,2024-03-07 20:09:23,-100,15,321151,0
11953,2024-04-07 06:15:25,-80,15,300051,1
11976,2024-04-14 19:22:41,-94,9,400090,1
12262,2024-03-06 18:55:28,-64,15,711151,0
12301,2024-03-12 10:59:38,-54,9,300090,1
12301,2024-03-12 11:03:33,-49,9,300090,0
12306,2024-03-19 09:55:39,-102,15,711151,1
12306,2024-03-19 11:33:15,-102,15,711151,1
12306,2024-03-19 11:42:23,-99,15,711151,1
12306,2024-03-19 12:00:08,-100,15,711151,1
12306,2024-03-19 12:49:36,-106,15,711151,1
12306,2024-03-19 13:11:02,-108,15,711151,1
12306,2024-03-19 15:04:20,-100,15,711151,1
12306,2024-03-20 13:04:23,-100,15,711151,1
12306,2024-03-20 13:17:31,-102,15,711151,1
12306,2024-03-20 14:26:22,-97,15,711151,1
12306,2024-03-20 14:40:23,-110,15,711151,1
12306,2024-03-21 14:26:54,-94,15,711151,0
12306,2024-03-21 14:37:22,-88,15,711151,1
12306,2024-03-21 14:52:39,-90,15,711151,1
12306,2024-03-21 17:10:04,-84,15,711151,1
12306,2024-03-21 17:37:47,-81,15,711151,1
12361,2024-04-26 13:44:02,-69,15,711151,0
12361,2024-04-26 13:45:49,-72,15,711151,0
12398,2024-04-27 16:45:05,-104,31,510013,0
12398,2024-04-27 16:45:08,-103,31,510013,0
12409,2024-03-01 03:14:18,-50,15,711151,0
12409,2024-03-01 04:21:50,-46,15,711151,0
12409,2024-03-01 04:33:52,-47,15,711151,0
12409,2024-03-01 05:45:55,-42,15,711151,0
12409,2024-03-01 06:02:28,-58,15,711151,0
12409,2024-03-01 06:08:21,-45,15,711151,0
12409,2024-03-01 06:20:29,-58,15,711151,0
12409,2024-03-01 06:29:59,-43,15,711151,0
12409,2024-03-01 06:59:43,-58,15,711151,0
12409,2024-03-01 07:11:33,-45,15,711151,0
12409,2024-03-05 08:18:41,-50,15,711151,0
12409,2024-03-05 09:14:11,-44,15,711151,0
12409,2024-03-05 09:43:57,-45,15,711151,0
12409,2024-03-05 21:19:55,-46,15,711151,0
12409,2024-03-05 21:36:19,-48,15,711151,0
12409,2024-03-05 21:44:47,-51,15,711151,0
12409,2024-03-06 20:55:22,-50,15,711151,0
12409,2024-03-06 21:56:25,-50,15,711151,0
12409,2024-03-06 22:03:18,-39,15,711151,0
12409,2024-03-06 22:40:45,-62,15,711151,0
12409,2024-03-06 22:55:57,-46,15,711151,0
12409,2024-03-06 23:02:44,-62,15,711151,0
12409,2024-03-07 17:23:30,-48,15,711151,0
12409,2024-03-07 19:15:38,-50,15,711151,0
12409,2024-03-07 19:28:46,-64,15,711151,0
12409,2024-03-07 19:39:25,-50,15,711151,0
12409,2024-03-07 19:54:11,-74,15,711151,0
12409,2024-03-07 20:19:57,-49,15,711151,0
12409,2024-03-07 20:25:14,-64,15,711151,0
12409,2024-03-07 20:33:37,-46,15,711151,0
12409,2024-03-07 20:55:15,-68,15,711151,1
12409,2024-03-07 23:30:52,-54,15,711151,0
12409,2024-03-07 23:47:14,-68,15,711151,0
12409,2024-03-08 02:54:55,-50,15,711151,1
12409,2024-03-08 03:19:14,-50,15,711151,0
12409,2024-03-08 03:46:20,-52,15,711151,0
12409,2024-03-08 04:20:23,-50,15,711151,1
12409,2024-03-08 04:23:34,-50,15,711151,0
12409,2024-03-08 04:27:52,-50,15,711151,0
12409,2024-03-08 08:18:19,-51,15,711151,0
12409,2024-03-08 08:28:45,-50,15,711151,1
12409,2024-03-08 08:29:48,-51,15,711151,0
12409,2024-03-08 13:26:12,-50,15,711151,0
12409,2024-03-08 14:16:39,-52,15,711151,1
12409,2024-03-08 14:22:30,-68,15,711151,1
12409,2024-03-08 14:28:34,-51,15,711151,0
12409,2024-03-08 14:28:49,-66,15,711151,0
12409,2024-03-08 14:29:15,-56,15,711151,0
12409,2024-03-08 14:30:22,-51,15,711151,0
12409,2024-03-08 14:30:25,-54,15,711151,0
12409,2024-03-08 14:30:29,-54,15,711151,0
12409,2024-03-08 14:31:03,-54,15,711151,0
12409,2024-03-08 14:31:11,-54,15,711151,0
12409,2024-03-08 14:32:04,-51,15,711151,0
12409,2024-03-08 14:32:09,-54,15,711151,0
12409,2024-03-08 14:32:14,-56,15,711151,0
12409,2024-03-08 14:47:57,-56,15,711151,1
12409,2024-03-08 14:49:52,-63,15,711151,1
12409,2024-03-08 14:56:14,-60,15,711151,1
12409,2024-03-08 14:57:53,-52,15,711151,0
12409,2024-03-08 14:58:37,-54,15,711151,0
12409,2024-03-08 14:58:41,-52,15,711151,0
12409,2024-03-08 14:58:46,-56,15,711151,0
12409,2024-03-08 14:58:59,-58,15,711151,0
12409,2024-03-08 15:15:45,-56,15,711151,0
12409,2024-03-08 15:16:28,-57,15,711151,0
12409,2024-03-08 15:19:14,-58,15,711151,0
12409,2024-03-08 15:28:05,-60,15,711151,1
12409,2024-03-08 15:35:35,-48,15,711151,1
12409,2024-03-08 15:40:58,-52,15,711151,0
12409,2024-03-08 15:41:04,-51,15,711151,0
12409,2024-03-08 15:41:12,-52,15,711151,0
12409,2024-03-08 15:42:08,-51,15,711151,0
12409,2024-03-08 15:42:17,-46,15,711151,0
12409,2024-03-08 15:46:54,-54,15,711151,0
12409,2024-03-08 15:49:29,-56,15,711151,0
12409,2024-03-08 15:49:39,-52,15,711151,0
12409,2024-03-08 15:49:44,-54,15,711151,0
12409,2024-03-08 15:49:54,-54,15,711151,0
12409,2024-03-08 15:50:01,-54,15,711151,0
12409,2024-03-08 15:50:05,-106,15,711151,0
12409,2024-03-08 15:50:09,-56,15,711151,0
12409,2024-03-08 15:50:12,-56,15,711151,0
12409,2024-03-08 15:50:16,-56,15,711151,0
12409,2024-03-08 15:50:23,-58,15,711151,0
12409,2024-03-08 15:50:34,-52,15,711151,0
12409,2024-03-08 15:50:57,-54,15,711151,0
12409,2024-03-08 15:51:59,-54,15,711151,0
12409,2024-03-08 15:53:02,-54,15,711151,0
12409,2024-03-08 15:54:49,-52,15,711151,0
12409,2024-03-08 15:54:53,-56,15,711151,0
12409,2024-03-08 15:55:33,-54,15,711151,0
12409,2024-03-08 15:55:37,-60,15,711151,0
12409,2024-03-08 15:55:41,-58,15,711151,0
12409,2024-03-08 15:56:05,-56,15,711151,0
12409,2024-03-08 15:56:16,-54,15,711151,0
12409,2024-03-08 15:58:41,-56,15,711151,0
12409,2024-03-08 15:58:49,-62,15,711151,0
12409,2024-03-08 16:00:27,-56,15,711151,0
12409,2024-03-08 18:18:04,-54,15,711151,0
12409,2024-03-08 18:46:12,-57,15,711151,1
12409,2024-03-08 18:46:51,-60,15,711151,0
12409,2024-03-08 18:51:41,-64,15,711151,0
12409,2024-03-08 18:52:16,-64,15,711151,0
12409,2024-03-08 18:52:32,-58,15,711151,0
12409,2024-03-08 18:52:57,-62,15,711151,0
12409,2024-03-08 19:23:00,-57,15,711151,1
12409,2024-03-08 19:27:56,-60,15,711151,0
12409,2024-03-08 19:28:02,-60,15,711151,0
12409,2024-03-08 19:30:39,-58,15,711151,0
12409,2024-03-08 22:46:22,-51,15,711151,1
12409,2024-03-08 22:54:56,-54,15,711151,1
12409,2024-03-08 22:57:33,-56,15,711151,0
12409,2024-03-08 22:58:23,-60,15,711151,0
12409,2024-03-08 22:58:37,-58,15,711151,0
12409,2024-03-08 22:59:32,-51,15,711151,0
12409,2024-03-08 23:01:17,-57,15,711151,0
12409,2024-03-08 23:02:42,-60,15,711151,0
12409,2024-03-08 23:13:58,-54,15,711151,0
12409,2024-03-08 23:14:09,-55,15,711151,0
12409,2024-03-08 23:14:18,-54,15,711151,0
12409,2024-03-08 23:14:28,-55,15,711151,0
12409,2024-03-08 23:14:35,-56,15,711151,0
12409,2024-03-09 00:48:20,-58,15,711151,0
12409,2024-03-09 01:06:04,-49,15,711151,1
12409,2024-03-09 01:09:10,-52,15,711151,0
12409,2024-03-09 01:10:00,-56,15,711151,0
12409,2024-03-09 01:12:22,-52,15,711151,0
12409,2024-03-09 01:12:39,-56,15,711151,0
12409,2024-03-09 01:12:48,-56,15,711151,0
12409,2024-03-09 01:46:59,-58,15,711151,1
12409,2024-03-10 09:52:34,-55,15,711151,0
12409,2024-03-10 09:57:15,-50,15,711151,0
12409,2024-03-10 10:01:18,-50,15,711151,0
12409,2024-03-10 11:10:14,-49,15,711151,0
12409,2024-03-10 11:17:12,-54,15,711151,0
12409,2024-03-10 11:44:43,-49,15,711151,1
12409,2024-03-10 11:49:29,-50,15,711151,1
12409,2024-03-10 11:51:54,-56,15,711151,0
12409,2024-03-10 11:56:55,-58,15,711151,0
12409,2024-03-10 11:57:04,-58,15,711151,0
12409,2024-03-10 11:57:11,-56,15,711151,0
12409,2024-03-10 11:57:29,-52,15,711151,0
12409,2024-03-10 11:59:16,-49,15,711151,0
12409,2024-03-10 11:59:48,-52,15,711151,0
12409,2024-03-10 12:01:07,-56,15,711151,0
12409,2024-03-10 12:07:48,-56,15,711151,0
12409,2024-03-10 12:08:56,-56,15,711151,0
12409,2024-03-10 12:20:46,-56,15,711151,1
12409,2024-03-10 12:21:44,-51,15,711151,0
12409,2024-03-10 12:48:08,-56,15,711151,0
12409,2024-03-10 15:15:37,-54,15,711151,0
12409,2024-03-11 21:18:24,-52,15,711151,0
12409,2024-04-02 00:00:49,-56,15,711151,0
12409,2024-04-07 21:16:40,-48,15,711151,1
12409,2024-04-09 09:00:44,-52,15,711151,0
12442,2024-04-18 18:20:40,-68,46,30064,0
12446,2024-04-21 21:38:21,-86,73,300037,1
12446,2024-04-21 21:57:15,-72,73,300037,0
12446,2024-04-21 21:57:24,-76,73,300037,0
12518,2024-04-24 16:50:25,-84,9,300090,0
12518,2024-04-24 16:50:29,-88,9,300090,0
12518,2024-04-24 16:50:35,-73,9,300090,0
12518,2024-04-24 16:50:41,-86,9,300090,0
12518,2024-04-24 18:04:28,-79,9,300090,0
12518,2024-04-24 18:04:32,-68,9,300090,0
12518,2024-04-24 18:06:31,-69,9,300090,0
12518,2024-04-24 18:06:34,-76,9,300090,0
12518,2024-04-24 18:07:49,-76,9,300090,0
12518,2024-04-24 18:07:52,-67,9,300090,0
12533,2024-03-31 21:48:00,-69,46,30064,0
12533,2024-03-31 21:48:06,-85,46,30064,0
12533,2024-04-22 10:28:59,-67,46,30064,1
12564,2024-03-26 14:15:02,-54,46,130164,1
12604,2024-03-26 14:14:49,-63,46,130164,1
12649,2024-03-17 10:21:36,-90,31,510013,1
12675,2024-03-04 01:35:41,-87,9,400090,1
12680,2024-03-06 10:30:52,-62,9,400090,0
12680,2024-03-06 10:32:25,-68,9,400090,0
12680,2024-03-28 08:48:31,-70,9,400090,0
12680,2024-03-28 08:48:54,-66,9,400090,0
12690,2024-03-05 20:19:45,-112,9,300090,1
12690,2024-03-05 20:23:17,-86,9,300090,0
12752,2024-04-06 18:54:21,-70,46,130164,0
12752,2024-04-06 18:54:24,-68,46,130164,0
12758,2024-04-03 13:17:16,-42,31,510013,0
12758,2024-04-03 21:03:29,-79,31,510013,0
12758,2024-04-03 21:03:32,-94,31,510013,0
12758,2024-04-03 21:03:42,-82,31,510013,0
12764,2024-04-17 21:54:15,-66,31,510013,0
12764,2024-04-17 21:54:18,-80,31,510013,0
12791,2024-03-23 05:56:56,-69,31,510013,0
12791,2024-03-23 05:57:18,-67,31,510013,0
12801,2024-04-12 18:42:01,-76,46,130164,1
12801,2024-04-12 18:46:04,-84,46,130164,0
12801,2024-04-28 18:28:18,-74,46,130164,0
12801,2024-04-28 18:28:21,-72,46,130164,0
12865,2024-03-11 16:58:13,-93,46,130164,1
12941,2024-04-14 01:03:57,-66,31,510013,0
12941,2024-04-14 01:04:07,-58,31,510013,0
12974,2024-04-02 17:55:48,-80,46,130164,1
12986,2024-03-28 21:07:03,-98,46,130164,1
12986,2024-03-28 21:11:00,-93,46,130164,0
13080,2024-04-12 09:00:35,-88,46,30064,1
13110,2024-04-11 17:52:50,-87,46,210064,1
13214,2024-04-20 16:58:01,-66,46,220164,1
13219,2024-05-01 19:02:50,-66,46,220164,0
13219,2024-05-01 19:03:00,-60,46,220164,0
13237,2024-03-09 15:14:36,-69,46,220164,1
13242,2024-03-10 14:49:17,-52,46,30064,1
13242,2024-04-12 17:01:38,-51,46,30064,0
13242,2024-04-12 17:04:32,-60,46,30064,0
13279,2024-03-14 11:02:18,-102,31,510013,0
13279,2024-03-14 11:02:21,-92,31,510013,0
13297,2024-03-21 02:29:42,-97,46,210064,1
13297,2024-03-21 02:39:14,-93,46,210064,1
13297,2024-03-21 02:45:02,-93,46,210064,1
13297,2024-03-21 02:57:10,-86,46,210064,0
13297,2024-03-21 02:58:31,-102,46,210064,0
13297,2024-03-23 00:25:18,-98,46,210064,1
13297,2024-03-23 00:45:57,-96,46,210064,1
13297,2024-03-24 12:21:02,-94,46,210064,1
13297,2024-03-25 09:55:15,-93,46,210064,1
13436,2024-05-04 06:27:47,-80,46,210064,0
13436,2024-05-04 06:27:53,-93,46,210064,0
13489,2024-03-09 09:31:14,-75,46,210064,1
13503,2024-04-26 14:17:24,-80,46,210064,1
13503,2024-04-26 14:24:04,-76,46,210064,0
13503,2024-04-26 14:27:06,-98,46,210064,0
13503,2024-04-26 14:27:34,-86,46,210064,0
13503,2024-04-26 14:27:47,-98,46,210064,0
13503,2024-04-26 14:29:38,-81,46,210064,0
13503,2024-04-26 14:29:49,-82,46,210064,0
13503,2024-04-26 14:31:42,-75,46,210064,0
13503,2024-04-26 14:32:06,-74,46,210064,0
13503,2024-04-26 14:34:37,-88,46,210064,0
13533,2024-04-10 18:50:06,-86,46,210064,0
13533,2024-04-10 18:50:54,-74,46,210064,0
13564,2024-03-01 08:39:08,-84,46,130164,1
13564,2024-03-01 08:42:51,-80,46,130164,0
13565,2024-04-14 17:59:19,-88,46,30064,0
13565,2024-04-14 17:59:23,-84,46,30064,0
13588,2024-04-13 17:12:58,-88,46,210064,0
13588,2024-04-13 17:14:55,-96,46,210064,0
13629,2024-04-24 21:18:03,-91,46,210064,0
13629,2024-04-24 21:19:28,-104,46,210064,0
13682,2024-04-10 21:49:56,-82,15,300051,0
13682,2024-04-10 21:50:03,-74,15,300051,0
13719,2024-05-06 00:14:21,-48,46,210064,1
13719,2024-05-06 00:21:12,-48,46,210064,1
13840,2024-04-01 12:04:12,-115,15,300051,0
13840,2024-04-01 12:05:32,-111,15,300051,0
13913,2024-04-17 12:48:07,-75,56,712065,1
13920,2024-04-09 16:58:18,-63,56,712065,0
13920,2024-04-09 16:58:25,-67,56,712065,0
13925,2024-04-13 20:09:29,-63,56,712065,0
13925,2024-04-13 20:09:37,-66,56,712065,0
13936,2024-04-28 19:07:10,-56,56,712065,1
13938,2024-03-03 17:56:44,-80,56,712065,0
13938,2024-03-03 17:56:55,-76,56,712065,0
13948,2024-05-05 22:44:08,-93,56,712065,1
13950,2024-04-28 10:14:24,-81,56,712065,0
13950,2024-04-28 10:16:03,-96,56,712065,0
13970,2024-03-29 10:07:22,-88,56,712065,1
13970,2024-03-29 10:10:39,-90,56,712065,1
13975,2024-04-10 20:15:00,-68,56,712065,0
13975,2024-04-10 20:16:21,-52,56,712065,0
13975,2024-04-13 09:03:42,-48,56,712065,0
13975,2024-04-13 09:03:47,-43,56,712065,0
13982,2024-04-29 16:31:59,-93,56,712065,0
13982,2024-04-29 16:32:23,-97,56,712065,0
14018,2024-03-17 16:26:05,-62,56,712065,0
14018,2024-03-17 16:28:09,-64,56,712065,0
14086,2024-03-02 00:27:26,-102,56,24065,1
14104,2024-03-05 17:10:09,-84,56,24065,0
14104,2024-03-05 17:10:12,-74,56,24065,0
14104,2024-03-12 15:16:58,-88,56,24065,0
14104,2024-03-12 15:17:10,-74,56,24065,0
14104,2024-03-13 01:29:49,-84,56,24065,0
14104,2024-03-13 01:29:54,-84,56,24065,0
14104,2024-03-16 23:42:40,-80,56,24065,0
14104,2024-03-16 23:42:44,-71,56,24065,0
14194,2024-03-26 15:39:59,-94,56,24065,0
14194,2024-03-26 15:40:04,-90,56,24065,0
14233,2024-05-02 13:03:21,-63,56,24065,1
14331,2024-04-10 12:44:01,-92,73,300037,0
14331,2024-04-10 12:44:39,-93,73,300037,0
14350,2024-04-10 18:41:46,-88,73,300037,0
14350,2024-04-10 18:42:13,-92,73,300037,0
14365,2024-04-19 13:53:26,-95,73,300037,1
14397,2024-04-27 02:11:14,-76,73,300037,0
14397,2024-04-27 02:11:17,-77,73,300037,0
14397,2024-04-29 22:57:59,-78,73,300037,0
14397,2024-04-29 22:58:02,-82,73,300037,0
14397,2024-04-29 22:58:06,-74,73,300037,0
14397,2024-04-29 22:58:09,-72,73,300037,0
14397,2024-04-29 22:59:04,-66,73,300037,0
14397,2024-04-29 22:59:08,-86,73,300037,0
14397,2024-04-29 22:59:28,-76,73,300037,0
14397,2024-04-29 22:59:32,-71,73,300037,0
14397,2024-04-29 22:59:41,-81,73,300037,0
14397,2024-04-29 23:02:55,-76,73,300037,0
14397,2024-04-29 23:03:03,-75,73,300037,0
14397,2024-04-29 23:04:04,-81,73,300037,0
14397,2024-04-29 23:04:11,-74,73,300037,0
14397,2024-04-29 23:10:00,-71,73,300037,0
14397,2024-04-29 23:10:03,-68,73,300037,0
14397,2024-05-04 08:58:32,-78,73,300037,0
14397,2024-05-04 08:58:36,-65,73,300037,0
14419,2024-04-26 14:32:03,-84,56,24065,1
14488,2024-04-10 19:46:52,-44,73,300037,0
14488,2024-04-10 19:48:02,-48,73,300037,0
14545,2024-04-06 16:32:45,-74,73,400037,1
14545,2024-04-10 20:22:25,-74,73,400037,0
14545,2024-04-10 20:23:31,-67,73,400037,0
14545,2024-04-12 08:32:12,-69,73,400037,0
14545,2024-04-12 08:33:52,-72,73,400037,0
14545,2024-04-13 12:22:50,-72,73,400037,1
14545,2024-04-14 12:40:10,-72,73,400037,1
14545,2024-04-15 18:14:58,-69,73,400037,1
14545,2024-04-15 18:15:01,-68,73,400037,1
14545,2024-04-15 18:15:14,-70,73,400037,1
14545,2024-04-16 04:03:46,-78,73,400037,1
14564,2024-04-04 15:34:51,-78,73,400037,1
14578,2024-04-26 10:07:22,-69,73,300037,1
14578,2024-04-26 10:11:06,-68,73,300037,0
14630,2024-04-23 21:33:10,-68,73,300037,0
14630,2024-04-23 21:34:56,-70,73,300037,0
14666,2024-04-12 09:34:27,-110,73,400037,1
14666,2024-04-12 10:48:10,-100,73,400037,1
14718,2024-04-03 22:12:46,-64,73,400037,1
14770,2024-03-07 08:42:50,-58,73,400037,0
14770,2024-03-07 08:43:30,-60,73,400037,0
14770,2024-03-07 09:17:38,-55,73,400037,0
14770,2024-03-07 09:17:59,-56,73,400037,0
14770,2024-03-07 14:28:49,-57,73,400037,0
14770,2024-03-07 14:29:01,-51,73,400037,0
14781,2024-04-25 10:52:15,-82,73,300037,0
14781,2024-04-25 10:52:31,-76,73,300037,0
14815,2024-03-10 14:41:34,-88,73,400037,0
14815,2024-03-10 14:43:14,-98,73,400037,0
14847,2024-04-13 19:31:06,-72,73,400037,0
14847,2024-04-13 19:31:36,-75,73,400037,0
14894,2024-04-11 21:01:08,-75,73,300037,0
14894,2024-04-11 21:02:19,-76,73,300037,0
14926,2024-03-31 17:12:37,-52,33,130033,0
14926,2024-03-31 17:12:43,-63,33,130033,0
14949,2024-04-02 11:26:34,-60,73,300037,1
14966,2024-04-17 09:22:39,-76,73,300037,1
14980,2024-03-30 21:09:42,-80,73,400037,0
14980,2024-03-30 21:11:30,-81,73,400037,0
14984,2024-03-29 14:45:03,-80,73,300037,0
14984,2024-03-29 14:47:03,-80,73,300037,0
14995,2024-04-08 19:49:45,-75,73,400037,1
15027,2024-03-23 07:48:11,-64,73,300037,1
15027,2024-04-11 21:09:37,-66,73,300037,0
15027,2024-04-11 21:09:51,-51,73,300037,0
15053,2024-03-10 10:36:27,-87,46,830164,0
15053,2024-03-10 10:36:32,-93,46,830164,0
15055,2024-05-04 21:48:36,-78,46,930164,0
15055,2024-05-04 21:50:22,-78,46,930164,0
15080,2024-03-04 04:05:05,-76,46,830164,0
15080,2024-03-04 04:06:52,-81,46,830164,0
15130,2024-03-04 04:09:58,-52,46,830164,0
15130,2024-03-04 04:10:11,-86,46,830164,0
15196,2024-04-07 21:18:04,-52,46,830164,1
15207,2024-03-02 21:36:42,-88,46,930164,0
15207,2024-03-02 21:38:30,-94,46,930164,0
15220,2024-03-22 03:39:04,-70,46,830164,0
15220,2024-03-22 03:40:15,-78,46,830164,0
15220,2024-03-22 03:40:21,-78,46,830164,0
15220,2024-03-22 03:40:27,-82,46,830164,0
15257,2024-03-18 21:45:53,-74,46,830164,0
15257,2024-03-18 21:45:57,-67,46,830164,0
15270,2024-04-14 15:07:47,-60,46,930164,0
15270,2024-04-14 15:07:52,-55,46,930164,0
15291,2024-03-17 18:01:44,-64,73,400037,0
15291,2024-03-17 18:02:22,-63,73,400037,0
15310,2024-04-14 17:38:51,-81,46,930164,1
15319,2024-04-10 09:42:48,-52,46,930164,0
15319,2024-04-10 09:42:53,-43,46,930164,0
15353,2024-03-22 03:38:49,-62,46,830164,1
15353,2024-03-22 03:39:12,-63,46,830164,1
15353,2024-03-22 03:39:27,-63,46,830164,1
15353,2024-03-22 03:39:45,-82,46,830164,1
15353,2024-03-22 03:39:51,-62,46,830164,1
15353,2024-03-22 03:43:31,-64,46,830164,0
15356,2024-04-10 11:20:32,-61,46,930164,0
15356,2024-04-10 11:22:40,-60,46,930164,0
15360,2024-04-10 18:27:13,-64,73,400037,0
15360,2024-04-10 18:27:28,-82,73,400037,0
15380,2024-03-07 09:24:22,-98,73,300037,0
15380,2024-03-07 09:24:34,-86,73,300037,0
15427,2024-04-11 20:20:16,-75,73,300037,0
15427,2024-04-11 20:20:44,-72,73,300037,0
15429,2024-04-10 21:28:04,-85,73,300037,1
15429,2024-04-10 21:38:53,-88,73,300037,0
15429,2024-04-10 21:39:33,-88,73,300037,0
15454,2024-04-24 17:22:51,-66,73,300037,0
15454,2024-04-24 17:22:54,-54,73,300037,0
15459,2024-03-02 20:25:57,-70,46,830164,0
15459,2024-03-02 20:26:02,-93,46,830164,0
15459,2024-03-25 21:27:41,-76,46,830164,0
15459,2024-03-25 21:27:45,-66,46,830164,0
15459,2024-04-10 22:28:48,-72,46,830164,0
15459,2024-04-10 22:28:52,-64,46,830164,0
15459,2024-04-12 20:56:37,-78,46,830164,0
15459,2024-04-12 20:56:41,-69,46,830164,0
15481,2024-03-29 02:06:33,-118,46,320164,0
15481,2024-03-29 02:06:38,-87,46,320164,0
15504,2024-03-20 17:02:55,-84,46,930164,0
15504,2024-03-20 17:03:16,-84,46,930164,0
15509,2024-03-03 01:26:29,-81,46,830164,0
15509,2024-03-03 01:28:38,-94,46,830164,0
15570,2024-04-13 17:59:44,-48,15,321151,0
15570,2024-04-13 18:00:22,-48,15,321151,0
15705,2024-05-07 19:58:55,-72,15,711151,0
15705,2024-05-07 19:58:58,-90,15,711151,0
15810,2024-04-06 10:42:57,-86,15,300051,1
15897,2024-04-21 02:24:48,-87,46,30064,1
15946,2024-03-01 15:34:15,-79,46,30064,1
15950,2024-03-11 00:13:40,-87,46,30064,0
15950,2024-03-11 00:13:44,-89,46,30064,0
15950,2024-04-05 18:58:22,-87,46,30064,0
15950,2024-04-05 18:59:49,-88,46,30064,0
16042,2024-04-11 16:39:45,-58,46,210064,1
16071,2024-03-26 18:28:47,-90,46,210064,0
16071,2024-03-26 18:28:52,-88,46,210064,0
16126,2024-04-11 22:20:32,-72,46,30064,0
16126,2024-04-11 22:23:11,-88,46,30064,0
16173,2024-04-15 22:22:00,-86,46,210064,1
16173,2024-04-15 22:29:41,-84,46,210064,1
16173,2024-04-16 03:53:14,-84,46,210064,1
16173,2024-04-16 04:03:01,-90,46,210064,1
16173,2024-04-16 12:21:57,-88,46,210064,1
16173,2024-04-16 15:04:10,-78,46,210064,1
16173,2024-04-17 19:24:20,-84,46,210064,1
16176,2024-03-08 18:45:42,-74,37,90073,0
16176,2024-03-08 18:46:44,-76,37,90073,0
16181,2024-04-11 08:51:44,-96,56,321065,1
16219,2024-03-18 20:42:03,-62,56,712065,0
16219,2024-03-18 20:42:06,-66,56,712065,0
16233,2024-04-15 15:08:59,-66,15,90051,1
16233,2024-04-15 15:14:06,-66,15,90051,0
16233,2024-04-15 15:15:07,-67,15,90051,0
16255,2024-03-11 11:33:36,-51,37,90073,1
16268,2024-04-04 06:19:06,-86,37,90073,0
16268,2024-04-04 06:19:16,-79,37,90073,0
16343,2024-04-25 11:12:44,-66,15,980051,0
16343,2024-04-25 11:12:53,-90,15,980051,0
16348,2024-03-26 12:09:14,-92,37,90073,0
16446,2024-04-10 19:08:23,-75,56,321065,0
16446,2024-04-10 19:08:32,-68,56,321065,0
16501,2024-03-14 07:37:35,-93,56,321065,0
16501,2024-03-14 07:37:38,-91,56,321065,0
16530,2024-03-02 15:23:48,-62,37,90073,0
16530,2024-03-02 15:25:36,-62,37,90073,0
16591,2024-03-13 22:43:15,-64,37,90073,1
16591,2024-03-13 22:54:27,-72,37,90073,1
16714,2024-04-12 17:42:08,-72,15,980051,0
16714,2024-04-12 17:43:28,-80,15,980051,0
16725,2024-04-14 18:49:15,-48,15,980051,0
16725,2024-04-14 18:49:30,-50,15,980051,0
16752,2024-04-14 17:55:57,-70,15,980051,0
16752,2024-04-14 17:56:13,-64,15,980051,0
16792,2024-04-11 15:23:28,-67,15,980051,0
16792,2024-04-11 15:24:29,-76,15,980051,0
16855,2024-04-27 09:28:15,-86,15,980051,0
16855,2024-04-27 09:29:53,-88,15,980051,0
16865,2024-04-03 13:37:08,-50,15,980051,0
16865,2024-04-03 13:37:22,-93,15,980051,0
16928,2024-03-03 15:17:12,-70,15,321151,0
17137,2024-03-04 14:42:37,-86,46,930164,1
17137,2024-03-04 15:22:18,-78,46,930164,0
17141,2024-03-12 20:44:49,-74,46,320164,0
17141,2024-03-12 20:46:20,-64,46,320164,0
17260,2024-04-12 13:23:09,-54,46,420064,0
17260,2024-04-12 13:23:56,-64,46,420064,0
17324,2024-03-01 11:51:47,-74,46,320164,1
17324,2024-03-01 11:58:14,-76,46,320164,0
17324,2024-03-01 12:03:43,-72,46,320164,0
17324,2024-03-01 12:03:56,-81,46,320164,0
17324,2024-04-23 14:01:32,-72,46,320164,1
17354,2024-04-10 17:02:35,-57,46,420064,0
17354,2024-04-10 17:02:45,-111,46,420064,0
17385,2024-03-18 17:04:35,-66,46,320164,0
17385,2024-03-18 17:05:09,-60,46,320164,0
17423,2024-04-10 18:31:26,-87,46,320164,0
17423,2024-04-10 18:31:42,-78,46,320164,0
17423,2024-04-10 18:53:51,-83,46,320164,0
17423,2024-04-10 18:53:56,-64,46,320164,0
17559,2024-04-20 17:31:24,-72,27,100172,0
17559,2024-04-20 17:31:35,-88,27,100172,0
17587,2024-03-09 18:36:39,-70,27,100172,0
17587,2024-03-09 18:38:06,-70,27,100172,0
17592,2024-03-01 00:17:49,-76,46,420064,1
17592,2024-03-01 00:49:56,-74,46,420064,1
17592,2024-03-01 01:04:40,-72,46,420064,1
17592,2024-03-01 01:14:19,-80,46,420064,1
17592,2024-03-01 01:42:27,-80,46,420064,1
17633,2024-04-19 20:33:45,-66,46,420064,0
17633,2024-04-19 20:35:52,-80,46,420064,0
17637,2024-04-20 13:56:31,-60,31,71013,1
17637,2024-04-20 13:59:52,-54,31,71013,0
17637,2024-04-22 09:17:09,-62,31,71013,1
17637,2024-04-22 09:20:43,-60,31,71013,0
17643,2024-05-01 15:43:41,-66,46,420064,0
17643,2024-05-01 15:44:35,-62,46,420064,0
17643,2024-05-01 16:02:29,-58,46,420064,0
17643,2024-05-01 16:02:32,-87,46,420064,0
17653,2024-03-02 15:45:09,-48,46,320164,0
17653,2024-03-02 15:45:18,-50,46,320164,0
17653,2024-03-10 18:33:43,-44,46,320164,0
17653,2024-03-10 18:33:52,-54,46,320164,0
17657,2024-04-20 23:28:30,-64,46,320164,0
17657,2024-04-20 23:28:56,-78,46,320164,0
17666,2024-03-07 13:51:58,-66,46,420064,0
17666,2024-03-07 13:52:04,-55,46,420064,0
17666,2024-03-18 00:37:44,-72,46,420064,0
17666,2024-03-18 00:37:47,-92,46,420064,0
17684,2024-04-18 13:20:39,-68,46,320164,1
17684,2024-04-18 13:25:19,-69,46,320164,0
17702,2024-04-10 15:38:49,-58,46,420064,0
17702,2024-04-10 15:41:38,-84,46,420064,0
17702,2024-04-10 16:05:36,-51,46,420064,0
17702,2024-04-10 16:07:32,-44,46,420064,0
17705,2024-03-11 15:27:27,-86,46,420064,1
17726,2024-03-18 00:14:12,-33,46,420064,0
17726,2024-03-18 00:14:16,-50,46,420064,0
17726,2024-03-18 00:28:54,-33,46,420064,0
17726,2024-03-18 00:28:58,-52,46,420064,0
17726,2024-03-18 00:45:02,-48,46,420064,0
17726,2024-03-18 00:45:06,-45,46,420064,0
17742,2024-03-01 17:06:53,-60,46,420064,0
17742,2024-03-01 17:06:56,-82,46,420064,0
17742,2024-03-30 09:04:47,-48,46,420064,0
17742,2024-03-30 09:04:50,-51,46,420064,0
17763,2024-04-10 14:31:58,-84,19,900091,0
17763,2024-04-10 14:33:42,-82,19,900091,0
17763,2024-04-10 14:36:28,-99,19,900091,0
17763,2024-04-10 14:36:34,-78,19,900091,0
17763,2024-04-10 15:14:54,-102,19,900091,0
17763,2024-04-10 15:14:58,-80,19,900091,0
17766,2024-04-10 20:44:49,-99,19,900091,0
17766,2024-04-10 20:46:11,-98,19,900091,0
17766,2024-05-01 18:48:19,-100,19,900091,0
17766,2024-05-01 18:48:24,-95,19,900091,0
17796,2024-03-06 14:16:57,-54,31,71013,0
17796,2024-03-06 14:17:11,-74,31,71013,0
17909,2024-04-20 11:29:43,-94,46,420064,0
17915,2024-04-20 17:20:24,-63,31,71013,0
17915,2024-04-20 17:20:31,-64,31,71013,0
17958,2024-03-23 13:06:43,-79,46,420064,0
17958,2024-03-23 13:08:30,-80,46,420064,0
18140,2024-04-20 18:42:58,-54,33,130033,0
18140,2024-04-20 18:43:13,-45,33,130033,0
18162,2024-05-04 23:13:13,-74,33,130033,0
18162,2024-05-04 23:15:00,-70,33,130033,0
18186,2024-05-06 11:44:02,-92,27,100172,1
18186,2024-05-06 11:49:05,-96,27,100172,0
18186,2024-05-06 11:50:07,-91,27,100172,0
18186,2024-05-06 11:50:23,-79,27,100172,0
18186,2024-05-06 11:59:50,-77,27,100172,1
18186,2024-05-06 12:04:04,-92,27,100172,0
18324,2024-03-04 06:25:09,-51,27,100172,1
18324,2024-03-04 06:35:29,-56,27,100172,1
18324,2024-03-04 06:39:44,-52,27,100172,1
18333,2024-03-03 19:24:44,-62,27,100172,0
18333,2024-03-03 19:26:40,-66,27,100172,0
18343,2024-04-24 14:42:47,-70,31,71013,0
18343,2024-04-24 14:42:57,-61,31,71013,0
18347,2024-03-13 15:36:10,-57,27,100172,1
18347,2024-05-02 19:28:40,-58,27,100172,1
18387,2024-03-20 15:39:39,-82,33,130033,1
18433,2024-03-01 17:32:49,-82,31,71013,0
18433,2024-03-01 17:32:53,-90,31,71013,0
18451,2024-04-15 11:18:11,-90,27,100172,1
18462,2024-04-22 12:14:55,-56,31,71013,1
18485,2024-03-10 07:35:00,-92,33,130033,0
18485,2024-03-10 07:37:14,-97,33,130033,0
18485,2024-03-10 07:41:46,-100,33,130033,1
18485,2024-03-10 07:44:01,-86,33,130033,1
18485,2024-03-10 07:45:47,-93,33,130033,1
18485,2024-03-10 07:45:53,-82,33,130033,1
18485,2024-03-10 07:45:56,-103,33,130033,1
18485,2024-03-10 10:55:00,-96,33,130033,1
18485,2024-03-10 10:56:08,-112,33,130033,1
18485,2024-03-10 11:05:52,-92,33,130033,1
18485,2024-03-10 11:05:58,-80,33,130033,1
18485,2024-03-10 11:06:26,-92,33,130033,1
18485,2024-03-10 11:12:33,-90,33,130033,1
18485,2024-03-11 10:56:32,-96,33,130033,1
18485,2024-03-11 11:04:34,-92,33,130033,1
18485,2024-03-12 18:56:29,-94,33,130033,0
18485,2024-03-12 18:57:03,-88,33,130033,0
18485,2024-03-12 18:59:01,-110,33,130033,1
18485,2024-03-12 19:04:09,-96,33,130033,1
18485,2024-03-12 19:10:22,-111,33,130033,0
18485,2024-03-13 10:28:38,-96,33,130033,1
18485,2024-03-14 07:43:07,-99,33,130033,0
18485,2024-03-14 07:45:55,-100,33,130033,0
18485,2024-03-14 07:59:49,-87,33,130033,0
18578,2024-04-10 17:58:32,-94,33,230033,1
18578,2024-04-10 18:00:16,-99,33,230033,1
18578,2024-04-10 18:03:21,-96,33,230033,1
18578,2024-04-10 18:08:31,-94,33,230033,0
18597,2024-03-07 17:11:14,-87,27,100172,0
18597,2024-03-07 17:11:17,-87,27,100172,0
18597,2024-03-07 17:11:20,-100,27,100172,0
18597,2024-03-07 17:11:24,-92,27,100172,0
18645,2024-03-02 21:41:59,-73,33,230033,1
18722,2024-03-30 06:34:28,-80,27,100172,1
18735,2024-03-13 07:31:05,-80,27,100172,1
18748,2024-04-22 08:42:46,-75,33,230033,0
18748,2024-04-22 08:44:09,-75,33,230033,0
18777,2024-04-30 21:32:59,-79,33,130033,0
18777,2024-04-30 21:33:11,-98,33,130033,0
18780,2024-04-10 21:21:05,-96,33,130033,0
18780,2024-04-10 21:22:06,-94,33,130033,0
18780,2024-04-20 11:04:38,-93,33,130033,0
18780,2024-04-20 11:06:28,-78,33,130033,0
18806,2024-04-03 13:16:56,-44,33,130033,0
18806,2024-04-03 15:49:59,-100,33,130033,0
18806,2024-04-03 15:50:10,-114,33,130033,0
18806,2024-04-03 15:50:20,-94,33,130033,0
18806,2024-04-03 15:50:32,-93,33,130033,0
18806,2024-04-03 15:50:43,-73,33,130033,0
18806,2024-04-03 21:03:26,-109,33,130033,0
18806,2024-04-03 21:03:41,-94,33,130033,0
18806,2024-04-03 21:03:52,-81,33,130033,0
18809,2024-04-29 12:16:40,-62,19,700091,0
18809,2024-04-29 12:16:49,-71,19,700091,0
18816,2024-03-17 22:21:26,-72,33,130033,1
18816,2024-03-17 22:27:09,-67,33,130033,0
18862,2024-04-22 07:16:58,-100,19,700091,0
18862,2024-04-22 07:17:02,-90,19,700091,0
18887,2024-03-22 14:21:29,-62,33,330033,1
18887,2024-03-23 05:20:40,-64,33,330033,0
18887,2024-03-23 05:20:59,-58,33,330033,0
18887,2024-03-23 05:21:06,-58,33,330033,0
18887,2024-03-23 05:21:12,-62,33,330033,0
18887,2024-03-23 05:21:18,-60,33,330033,0
18887,2024-03-23 05:21:24,-61,33,330033,0
18887,2024-03-23 05:21:34,-62,33,330033,0
18887,2024-03-23 05:21:38,-62,33,330033,0
18887,2024-03-23 05:21:59,-62,33,330033,0
18887,2024-03-23 05:22:11,-61,33,330033,0
18887,2024-03-23 05:22:35,-60,33,330033,0
18887,2024-03-23 05:23:55,-66,33,330033,0
18898,2024-03-30 20:19:04,-94,19,700091,0
18898,2024-03-30 20:19:12,-106,19,700091,0
18916,2024-03-09 17:49:36,-71,33,330033,0
18916,2024-03-09 17:49:52,-75,33,330033,0
18917,2024-04-29 10:18:56,-64,19,700091,1
18972,2024-04-13 16:37:19,-76,33,330033,0
18972,2024-04-13 16:39:00,-70,33,330033,0
18984,2024-04-23 01:15:30,-57,33,330033,1
19038,2024-04-13 20:14:23,-62,33,330033,0
19038,2024-04-13 20:14:33,-76,33,330033,0
19041,2024-05-07 16:26:46,-94,19,800091,0
19041,2024-05-07 16:26:51,-81,19,800091,0
19049,2024-04-16 22:05:52,-70,19,700091,0
19049,2024-04-16 22:07:15,-70,19,700091,0
19049,2024-04-29 09:18:42,-69,19,700091,1
19072,2024-03-05 12:41:31,-76,19,700091,0
19072,2024-03-05 12:41:35,-58,19,700091,0
19133,2024-05-02 17:15:25,-72,19,700091,1
19184,2024-03-05 16:45:54,-92,19,800091,1
19215,2024-03-28 14:44:16,-68,33,330033,1
19215,2024-04-16 14:35:30,-63,33,330033,1
19230,2024-05-07 03:00:38,-54,19,700091,0
19230,2024-05-07 03:00:46,-50,19,700091,0
19230,2024-05-07 03:41:20,-48,19,700091,0
19230,2024-05-07 03:42:19,-56,19,700091,0
19230,2024-05-07 04:54:42,-50,19,700091,0
19230,2024-05-07 04:55:20,-52,19,700091,0
19230,2024-05-07 06:56:06,-49,19,700091,0
19230,2024-05-07 06:56:50,-54,19,700091,0
19249,2024-04-03 13:17:50,-39,33,230033,0
19282,2024-04-05 16:51:42,-80,33,330033,0
19282,2024-04-05 16:51:46,-91,33,330033,0
19310,2024-04-03 13:17:40,-44,33,230033,0
19317,2024-03-16 22:37:17,-90,33,230033,0
19317,2024-03-16 22:37:30,-92,33,230033,0
19327,2024-03-05 15:38:23,-93,33,330033,0
19327,2024-03-05 15:38:39,-85,33,330033,0
19346,2024-04-11 13:48:34,-51,56,813065,0
19346,2024-04-11 13:48:38,-51,56,813065,0
19351,2024-03-07 16:45:21,-82,19,700091,0
19351,2024-03-07 16:45:27,-79,19,700091,0
19358,2024-04-11 13:38:23,-82,56,813065,1
19362,2024-04-05 18:20:26,-90,33,230033,1
19384,2024-03-31 17:41:36,-88,33,130033,0
19384,2024-03-31 17:41:39,-89,33,130033,0
19446,2024-03-08 10:10:27,-88,33,130033,1
19454,2024-03-11 22:59:01,-72,33,130033,0
19454,2024-03-11 22:59:10,-86,33,130033,0
19509,2024-04-14 23:19:21,-69,19,900091,1
19515,2024-05-02 15:03:12,-72,56,24065,1
19542,2024-04-20 19:17:29,-63,33,230033,0
19542,2024-04-20 19:17:32,-55,33,230033,0
19560,2024-04-12 15:48:13,-64,19,800091,1
19560,2024-04-12 15:51:32,-68,19,800091,0
19597,2024-05-04 20:47:07,-72,33,330033,0
19597,2024-05-04 20:47:23,-80,33,330033,0
19652,2024-03-03 13:51:31,-76,19,900091,0
19652,2024-03-03 13:51:35,-78,19,900091,0
19652,2024-03-03 14:07:26,-74,19,900091,0
19652,2024-03-03 14:07:29,-75,19,900091,0
19652,2024-03-24 14:49:32,-87,19,900091,0
19652,2024-03-24 14:49:43,-78,19,900091,0
19652,2024-03-30 12:32:21,-74,19,900091,0
19652,2024-03-30 12:32:36,-97,19,900091,0
19652,2024-04-14 10:20:21,-74,19,900091,0
19652,2024-04-14 10:20:27,-90,19,900091,0
19652,2024-04-27 17:22:14,-79,19,900091,0
19652,2024-04-27 17:22:25,-72,19,900091,0
19652,2024-04-27 18:38:31,-85,19,900091,0
19652,2024-04-27 18:38:40,-82,19,900091,0
19663,2024-03-13 17:40:50,-72,33,330033,0
19663,2024-03-13 17:43:32,-72,33,330033,0
19702,2024-04-04 12:52:18,-80,19,800091,0
19702,2024-04-04 12:53:10,-78,19,800091,0
19720,2024-03-03 13:58:35,-63,19,900091,0
19720,2024-03-03 13:58:41,-48,19,900091,0
19722,2024-04-12 19:38:52,-96,19,900091,1
19740,2024-05-06 21:29:01,-78,19,900091,0
19740,2024-05-06 21:29:35,-80,19,900091,0
19763,2024-04-11 10:54:44,-80,33,130033,0
19763,2024-04-11 10:54:52,-92,33,130033,0
19790,2024-03-03 00:53:10,-72,19,900091,1
19806,2024-03-14 10:08:04,-88,33,130033,0
19806,2024-03-14 10:08:38,-92,33,130033,0
19807,2024-03-02 08:15:50,-75,19,900091,0
19807,2024-03-02 08:15:53,-90,19,900091,0
19844,2024-04-14 17:04:47,-88,19,900091,1
19844,2024-04-14 17:08:53,-98,19,900091,0
19857,2024-04-27 17:28:06,-82,19,700091,1
19857,2024-04-27 17:49:44,-90,19,700091,1
19857,2024-04-27 18:07:15,-84,19,700091,1
19857,2024-04-27 20:47:14,-85,19,700091,1
19857,2024-04-27 20:54:37,-90,19,700091,1
19857,2024-04-27 21:20:29,-85,19,700091,1
19857,2024-04-27 23:03:49,-92,19,700091,1
19857,2024-04-28 06:41:25,-84,19,700091,1
19857,2024-04-28 07:47:54,-85,19,700091,1
19857,2024-04-29 06:57:14,-88,19,700091,1
19857,2024-04-29 10:29:03,-86,19,700091,1
19857,2024-04-29 23:52:57,-86,19,700091,1
19857,2024-04-30 05:01:11,-74,19,700091,1
19857,2024-04-30 05:16:49,-88,19,700091,1
19857,2024-04-30 05:22:25,-88,19,700091,1
19857,2024-04-30 05:49:12,-100,19,700091,1
19857,2024-04-30 06:06:00,-88,19,700091,1
19857,2024-04-30 06:22:03,-90,19,700091,1
19857,2024-04-30 07:02:51,-90,19,700091,1
19857,2024-04-30 07:14:02,-90,19,700091,1
19857,2024-04-30 07:37:19,-88,19,700091,1
19857,2024-04-30 07:48:36,-87,19,700091,1
19857,2024-04-30 08:13:43,-87,19,700091,1
19857,2024-04-30 09:28:29,-100,19,700091,1
19857,2024-04-30 09:56:11,-90,19,700091,1
19857,2024-04-30 13:05:56,-82,19,700091,1
19857,2024-04-30 14:07:50,-81,19,700091,1
19857,2024-04-30 16:11:07,-88,19,700091,1
19857,2024-04-30 16:18:18,-86,19,700091,1
19857,2024-04-30 16:25:01,-88,19,700091,1
19857,2024-04-30 17:08:46,-90,19,700091,1
19857,2024-04-30 18:17:43,-85,19,700091,1
19857,2024-04-30 19:30:31,-85,19,700091,1
19857,2024-04-30 20:23:36,-78,19,700091,1
19857,2024-04-30 22:40:55,-88,19,700091,1
19857,2024-04-30 23:31:49,-85,19,700091,1
19857,2024-05-02 02:07:19,-86,19,700091,1
19857,2024-05-04 00:08:16,-86,19,700091,1
19857,2024-05-05 21:43:10,-84,19,700091,1
19857,2024-05-08 05:16:04,-74,19,700091,1
19857,2024-05-08 06:09:46,-85,19,700091,1
19857,2024-05-08 07:58:49,-85,19,700091,1
19857,2024-05-08 08:19:09,-86,19,700091,1
19857,2024-05-08 09:54:42,-86,19,700091,1
19890,2024-04-09 17:20:03,-85,19,700091,0
19890,2024-04-09 17:20:39,-90,19,700091,0
19890,2024-04-09 17:20:43,-86,19,700091,0
19890,2024-04-09 17:20:58,-102,19,700091,0
19915,2024-04-10 15:21:54,-78,33,230033,0
19915,2024-04-10 15:22:31,-84,33,230033,0
19951,2024-04-14 10:55:00,-78,33,330033,0
19969,2024-04-27 19:51:32,-70,19,700091,0
19969,2024-04-27 19:53:04,-74,19,700091,0
20038,2024-04-10 20:26:07,-80,19,800091,0
20038,2024-04-10 20:27:02,-80,19,800091,0
20039,2024-03-22 04:58:55,-87,19,900091,1
20039,2024-03-22 05:08:23,-70,19,900091,0
20039,2024-04-28 03:41:36,-88,19,900091,1
20054,2024-03-26 11:57:55,-18,56,24065,0
20054,2024-03-26 11:57:58,-33,56,24065,0
20054,2024-04-03 12:22:39,-63,56,24065,0
20054,2024-04-03 12:23:04,-12,56,24065,0
20054,2024-04-03 12:30:33,-37,56,24065,0
20054,2024-04-03 13:38:28,-104,56,24065,0
20054,2024-04-03 13:38:31,-73,56,24065,0
20054,2024-04-03 13:41:56,-96,56,24065,0
20054,2024-04-03 13:42:32,-70,56,24065,0
20054,2024-04-03 14:00:32,-66,56,24065,0
20054,2024-04-03 14:00:54,-67,56,24065,0
20054,2024-04-03 16:33:03,-86,56,24065,0
20054,2024-04-03 16:33:29,-40,56,24065,0
20054,2024-04-04 17:33:29,-86,56,24065,1
20054,2024-04-05 13:49:33,-62,56,24065,1
20054,2024-04-05 13:55:56,-78,56,24065,0
20054,2024-04-05 13:57:47,-64,56,24065,0
20054,2024-04-05 13:57:50,-75,56,24065,0
20054,2024-04-05 14:00:27,-75,56,24065,0
20054,2024-04-05 14:00:31,-38,56,24065,0
20054,2024-04-05 15:09:10,-38,56,24065,1
20054,2024-04-05 15:25:45,-66,56,24065,0
20054,2024-04-05 15:25:57,-62,56,24065,0
20054,2024-04-05 15:51:43,-78,56,24065,0
20054,2024-04-05 15:51:58,-61,56,24065,0
20054,2024-04-09 14:37:27,-72,56,24065,1
20054,2024-04-09 14:55:49,-82,56,24065,0
20054,2024-04-09 14:57:25,-76,56,24065,0
20054,2024-04-09 14:57:36,-86,56,24065,0
20054,2024-04-09 14:59:08,-66,56,24065,0
20054,2024-04-16 17:34:06,-112,56,24065,0
20054,2024-04-16 17:35:01,-14,56,24065,0
20054,2024-04-17 14:36:48,-104,56,24065,0
20054,2024-04-17 14:37:37,-112,56,24065,0
20054,2024-04-17 15:23:12,-108,56,24065,1
20054,2024-04-17 15:26:17,-4,56,24065,1
20054,2024-04-17 15:26:43,-21,56,24065,1
20054,2024-04-17 15:32:47,-32,56,24065,1
20054,2024-04-17 15:34:43,-26,56,24065,1
20054,2024-04-17 15:42:48,-38,56,24065,0
20054,2024-04-17 15:44:19,-33,56,24065,0
20054,2024-04-17 16:01:35,-56,56,24065,1
20054,2024-04-17 16:16:59,-25,56,24065,0
20054,2024-04-17 16:18:45,-32,56,24065,0
20054,2024-04-17 16:19:24,-56,56,24065,0
20054,2024-04-17 16:20:14,-28,56,24065,0
20054,2024-05-07 19:45:50,-64,56,24065,1
20054,2024-05-07 19:47:50,-76,56,24065,1
20054,2024-05-07 19:48:59,-81,56,24065,1
20054,2024-05-07 19:54:32,-75,56,24065,0
20054,2024-05-07 19:56:48,-75,56,24065,0
20054,2024-05-07 19:57:52,-57,56,24065,0
20054,2024-05-08 09:14:04,-64,56,24065,0
20054,2024-05-08 09:14:17,-70,56,24065,0
20054,2024-05-08 09:27:23,-55,56,24065,0
20054,2024-05-08 09:27:28,-64,56,24065,0
20054,2024-05-08 09:33:18,-60,56,24065,0
20054,2024-05-08 09:33:25,-61,56,24065,0
20054,2024-05-08 09:40:01,-80,56,24065,0
20054,2024-05-08 09:40:10,-66,56,24065,0
20054,2024-05-08 10:18:07,-72,56,24065,1
20054,2024-05-08 10:18:18,-58,56,24065,1
20054,2024-05-08 10:22:02,-63,56,24065,1
20054,2024-05-08 10:32:38,-54,56,24065,0
20054,2024-05-08 10:32:42,-70,56,24065,0
20054,2024-05-08 11:24:11,-45,56,24065,0
20054,2024-05-08 11:24:17,-68,56,24065,0
20054,2024-05-08 11:34:14,-62,56,24065,1
20054,2024-05-08 12:24:17,-58,56,24065,0
20054,2024-05-08 12:24:24,-57,56,24065,0
20054,2024-05-08 12:25:15,-72,56,24065,0
20054,2024-05-08 12:27:16,-62,56,24065,0
20054,2024-05-08 13:33:40,-64,56,24065,1
20054,2024-05-08 13:52:31,-56,56,24065,0
20054,2024-05-08 13:52:45,-61,56,24065,0
20054,2024-05-08 13:56:03,-92,56,24065,0
20054,2024-05-08 13:56:21,-65,56,24065,0
20054,2024-05-08 14:01:54,-69,56,24065,0
20054,2024-05-08 14:02:01,-69,56,24065,0
20054,2024-05-08 14:19:32,-80,56,24065,0
20054,2024-05-08 14:20:02,-66,56,24065,0
20054,2024-05-08 14:31:59,-76,56,24065,0
20054,2024-05-08 14:36:44,-52,56,24065,0
20054,2024-05-08 14:36:54,-82,56,24065,0
20054,2024-05-08 14:47:09,-64,56,24065,1
20054,2024-05-08 15:15:35,-60,56,24065,0
20054,2024-05-08 15:15:47,-57,56,24065,0
20054,2024-05-08 15:39:47,-54,56,24065,0
20054,2024-05-08 15:40:25,-84,56,24065,0
20054,2024-05-08 15:40:35,-68,56,24065,0
20054,2024-05-08 17:52:16,-49,56,24065,0
20054,2024-05-08 17:53:44,-66,56,24065,0
20054,2024-05-08 18:46:38,-60,56,24065,1
20054,2024-05-08 18:55:37,-78,56,24065,1
20054,2024-05-08 18:57:26,-68,56,24065,1
20054,2024-05-08 19:00:39,-60,56,24065,1
20081,2024-04-14 14:16:09,-81,33,330033,1
20081,2024-04-14 14:19:38,-81,33,330033,0
20105,2024-04-21 16:37:09,-60,33,330033,0
20105,2024-04-21 16:37:38,-72,33,330033,0
20106,2024-04-08 14:39:07,-68,33,330033,1
20168,2024-04-20 12:59:46,-92,19,800091,0
20168,2024-04-20 13:01:07,-106,19,800091,0
20176,2024-03-29 04:23:41,-92,33,130033,1
20228,2024-03-07 17:25:47,-90,19,900091,1
20251,2024-03-25 23:22:35,-82,33,230033,0
20251,2024-03-25 23:24:31,-63,33,230033,0
20310,2024-03-02 17:04:18,-93,19,800091,0
20310,2024-03-02 17:04:26,-88,19,800091,0
20316,2024-03-16 13:23:20,-78,33,230033,0
20316,2024-03-16 13:24:38,-76,33,230033,0
20320,2024-04-09 19:21:37,-66,19,800091,0
20320,2024-04-09 19:21:46,-72,19,800091,0
20362,2024-04-21 19:07:01,-60,33,330033,0
20362,2024-04-21 19:08:30,-68,33,330033,0
20413,2024-03-07 12:57:19,-72,19,900091,0
20413,2024-03-07 12:57:30,-74,19,900091,0
20442,2024-04-20 16:22:32,-75,27,100172,0
20442,2024-04-20 16:22:51,-98,27,100172,0
20475,2024-04-03 05:59:04,-57,19,900091,1
20530,2024-03-11 07:52:26,-68,19,900091,1
20530,2024-03-11 11:13:15,-66,19,900091,1
20556,2024-05-05 15:07:27,-78,33,230033,0
20556,2024-05-05 15:08:39,-74,33,230033,0
20557,2024-03-03 07:47:41,-86,19,900091,0
20557,2024-03-03 07:48:46,-96,19,900091,0
20567,2024-03-06 21:54:32,-67,19,900091,0
20567,2024-03-06 21:56:13,-67,19,900091,0
20567,2024-03-06 21:56:21,-64,19,900091,0
20567,2024-03-06 21:56:31,-85,19,900091,0
20621,2024-04-02 09:36:28,-64,19,900091,0
20621,2024-04-02 09:36:35,-56,19,900091,0
20621,2024-04-14 10:13:40,-50,19,900091,0
20621,2024-04-14 10:14:09,-57,19,900091,0
20628,2024-04-18 11:50:23,-92,19,800091,1
20679,2024-04-21 21:46:51,-66,56,813065,0
20679,2024-04-21 21:48:28,-64,56,813065,0
20693,2024-04-26 08:19:42,-78,19,900091,0
20693,2024-04-26 08:19:49,-82,19,900091,0
20703,2024-03-09 13:27:09,-72,19,900091,0
20703,2024-03-09 13:30:03,-69,19,900091,0
20708,2024-04-10 12:21:40,-70,19,800091,0
20708,2024-04-10 12:21:48,-66,19,800091,0
20708,2024-04-10 12:33:52,-68,19,800091,0
20708,2024-04-10 12:33:56,-69,19,800091,0
20714,2024-03-21 22:18:42,-78,19,800091,1
20726,2024-05-04 01:07:10,-69,19,900091,0
20775,2024-03-07 07:19:57,-54,19,800091,1
20800,2024-03-03 16:32:13,-78,19,800091,0
20800,2024-03-03 16:32:21,-64,19,800091,0
20808,2024-05-04 01:05:01,-82,19,900091,0
20808,2024-05-04 01:06:43,-85,19,900091,0
20905,2024-04-03 18:13:39,-72,19,800091,0
20905,2024-04-03 18:16:23,-72,19,800091,0
20924,2024-05-05 07:09:55,-62,19,900091,0
20924,2024-05-05 07:10:00,-51,19,900091,0
20940,2024-04-14 17:35:12,-54,19,900091,0
20940,2024-04-14 17:35:20,-54,19,900091,0
21021,2024-04-21 17:21:02,-39,56,813065,0
21021,2024-04-21 17:21:50,-36,56,813065,0
21120,2024-03-03 15:10:55,-62,19,900091,1
21120,2024-03-03 15:13:56,-63,19,900091,1
21120,2024-04-13 14:00:50,-68,19,900091,0
21120,2024-04-13 14:00:55,-63,19,900091,0
21152,2024-04-15 15:49:03,-72,19,800091,1
21153,2024-03-14 20:54:33,-91,33,260033,1
21153,2024-03-14 20:57:57,-94,33,260033,0
21153,2024-04-02 13:50:21,-96,33,260033,0
21153,2024-04-02 13:52:04,-96,33,260033,0
21189,2024-04-10 15:58:14,-70,16,501061,0
21189,2024-04-10 15:58:18,-99,16,501061,0
21212,2024-03-07 13:12:31,-95,33,160033,0
21212,2024-03-07 13:14:39,-93,33,160033,0
21220,2024-04-20 11:22:18,-58,46,420064,0
21220,2024-04-20 11:23:18,-58,46,420064,0
21227,2024-04-10 20:21:59,-74,46,420064,0
21227,2024-04-10 20:22:13,-76,46,420064,0
21264,2024-03-11 16:57:07,-109,15,121151,0
21264,2024-03-11 16:57:13,-115,15,121151,0
21264,2024-05-05 10:26:52,-106,15,121151,0
21264,2024-05-05 10:26:57,-113,15,121151,0
21306,2024-03-27 11:50:56,-113,56,813065,0
21306,2024-03-27 11:50:59,-114,56,813065,0
21310,2024-05-04 09:21:18,-108,15,121151,0
21310,2024-05-04 09:21:22,-117,15,121151,0
21321,2024-04-06 18:12:19,-106,15,121151,0
21321,2024-04-06 18:13:09,-110,15,121151,0
21323,2024-03-11 16:24:54,-95,9,300090,0
21323,2024-03-11 16:25:21,-93,9,300090,0
21370,2024-03-10 16:48:08,-115,56,813065,0
21370,2024-03-10 16:48:11,-111,56,813065,0
21466,2024-03-08 18:04:11,-70,46,420064,0
21466,2024-03-08 18:04:20,-62,46,420064,0
21466,2024-03-11 17:58:59,-76,46,420064,0
21466,2024-03-11 17:59:10,-74,46,420064,0
21466,2024-03-11 18:36:58,-78,46,420064,0
21466,2024-03-11 18:37:03,-69,46,420064,0
21466,2024-03-12 01:05:24,-66,46,420064,0
21466,2024-03-12 01:05:35,-57,46,420064,0
21466,2024-03-15 20:20:15,-56,46,420064,0
21466,2024-03-15 20:20:18,-62,46,420064,0
21466,2024-03-15 23:36:53,-76,46,420064,0
21466,2024-03-15 23:36:57,-71,46,420064,0
21466,2024-03-21 18:19:32,-64,46,420064,0
21466,2024-03-21 18:19:37,-65,46,420064,0
21466,2024-03-22 23:19:21,-70,46,420064,0
21466,2024-03-22 23:19:24,-84,46,420064,0
21466,2024-03-23 00:13:10,-60,46,420064,0
21466,2024-03-23 00:13:15,-59,46,420064,0
21466,2024-03-23 11:14:31,-66,46,420064,0
21466,2024-03-23 11:14:35,-60,46,420064,0
21466,2024-03-24 13:34:15,-74,46,420064,0
21466,2024-03-24 13:34:18,-90,46,420064,0
21466,2024-03-24 13:34:26,-68,46,420064,0
21466,2024-03-24 13:34:30,-62,46,420064,0
21466,2024-03-24 14:00:49,-66,46,420064,0
21466,2024-03-24 14:00:55,-76,46,420064,0
21466,2024-03-29 11:50:43,-61,46,420064,0
21466,2024-03-29 11:50:46,-75,46,420064,0
21466,2024-03-31 01:18:43,-70,46,420064,0
21466,2024-03-31 01:18:48,-60,46,420064,0
21466,2024-03-31 12:10:00,-80,46,420064,1
21540,2024-04-10 15:29:23,-68,15,300051,0
21540,2024-04-10 15:29:39,-58,15,300051,0
21546,2024-03-24 06:34:32,-82,15,711151,0
21546,2024-03-24 06:34:36,-75,15,711151,0
21554,2024-03-21 17:31:07,-84,46,420064,0
21554,2024-03-21 17:31:11,-85,46,420064,0
21554,2024-03-22 14:52:56,-65,46,420064,0
21554,2024-03-22 14:52:59,-79,46,420064,0
21554,2024-03-24 15:06:40,-90,46,420064,0
21554,2024-03-24 15:06:48,-76,46,420064,0
21554,2024-03-24 15:10:10,-78,46,420064,0
21554,2024-03-24 15:10:13,-85,46,420064,0
21554,2024-03-24 15:10:17,-62,46,420064,0
21554,2024-03-24 15:10:20,-79,46,420064,0
21554,2024-03-24 15:10:24,-80,46,420064,0
21554,2024-03-24 15:10:27,-77,46,420064,0
21554,2024-03-24 15:10:30,-87,46,420064,0
21554,2024-03-24 15:10:34,-78,46,420064,0
21554,2024-03-24 15:10:37,-85,46,420064,0
21554,2024-03-24 15:10:40,-80,46,420064,0
21554,2024-03-30 17:07:38,-76,46,420064,0
21554,2024-03-30 17:07:41,-82,46,420064,0
21554,2024-04-08 09:45:36,-46,46,420064,0
21554,2024-04-08 09:46:13,-63,46,420064,0
21571,2024-03-30 13:33:11,-63,46,320164,1
21622,2024-03-02 12:03:08,-102,37,90073,0
21622,2024-03-02 12:05:49,-85,37,90073,0
21657,2024-03-09 22:49:13,-113,33,330033,1
21686,2024-04-09 17:16:59,-52,73,300037,1
21708,2024-04-13 14:10:41,-81,15,300051,1
21739,2024-03-23 23:53:02,-98,15,300051,0
21739,2024-03-23 23:53:32,-75,15,300051,0
21807,2024-03-06 20:03:21,-56,31,510013,0
21807,2024-03-06 20:03:31,-46,31,510013,0
21888,2024-03-18 04:52:02,-81,15,321151,1
21888,2024-04-11 20:04:46,-85,15,321151,1
21903,2024-03-10 18:44:49,-54,15,711151,0
21903,2024-03-10 18:46:15,-58,15,711151,0
21936,2024-03-08 13:54:28,-79,15,711151,0
21936,2024-03-08 13:54:33,-75,15,711151,0
21970,2024-03-31 23:29:37,-82,31,71013,0
21970,2024-03-31 23:29:41,-80,31,71013,0
21972,2024-03-18 10:58:27,-63,33,330033,0
21972,2024-03-18 10:59:12,-63,33,330033,0
21972,2024-04-05 10:47:47,-76,33,330033,0
21972,2024-04-05 10:48:12,-64,33,330033,0
21977,2024-04-15 17:31:23,-70,33,130033,1
21980,2024-04-10 16:00:18,-64,33,130033,0
21980,2024-04-10 16:01:53,-74,33,130033,0
21996,2024-03-16 14:13:15,-102,33,330033,0
21996,2024-03-16 14:13:20,-96,33,330033,0
21998,2024-04-09 20:25:50,-76,33,130033,0
21998,2024-04-09 20:25:56,-74,33,130033,0
21998,2024-04-19 22:09:37,-69,33,130033,0
21998,2024-04-19 22:11:34,-76,33,130033,0
22001,2024-03-28 15:00:54,-78,15,90051,0
22023,2024-03-15 18:00:48,-58,33,130033,0
22023,2024-03-15 18:00:53,-60,33,130033,0
22023,2024-04-17 22:42:08,-76,33,130033,0
22023,2024-04-17 22:42:26,-60,33,130033,0
22023,2024-05-01 14:13:40,-68,33,130033,0
22023,2024-05-01 14:13:44,-63,33,130033,0
22026,2024-03-16 10:26:01,-92,33,130033,0
22026,2024-03-16 10:26:05,-84,33,130033,0
22026,2024-03-17 06:03:05,-88,33,130033,0
22026,2024-03-17 06:03:09,-86,33,130033,0
22026,2024-03-23 09:13:31,-86,33,130033,0
22026,2024-03-23 09:13:37,-87,33,130033,0
22042,2024-03-17 10:58:06,-72,33,130033,0
22042,2024-03-17 11:00:19,-66,33,130033,0
22050,2024-03-22 21:16:31,-93,33,230033,0
22050,2024-03-22 21:17:05,-96,33,230033,0
22068,2024-03-28 10:02:53,-69,15,980051,0
22096,2024-05-03 19:20:21,-70,33,330033,0
22096,2024-05-03 19:20:24,-67,33,330033,0
22101,2024-04-25 10:18:08,-67,15,90051,1
22101,2024-04-25 10:24:25,-75,15,90051,0
22111,2024-03-28 21:21:40,-63,15,980051,1
22206,2024-04-08 14:40:10,-86,9,300090,1
22206,2024-04-08 14:46:58,-96,9,300090,0
22209,2024-03-28 10:02:17,-92,15,980051,1
