Time Step,Simulation,0,2,4,6,8,10,12,14,16,18,20,22
0,0.5715355759930425,0.6015355759930425,0.6015355759930425,0.6015355759930425,0.5865355759930425,0.5865355759930425,0.5865355759930425,0.5865355759930425,0.5865355759930425,0.5965355759930425,0.5965355759930425,0.6065355759930425,0.6065355759930425
1,0.8262702444161079,0.8262702444161079,0.8262702444161079,0.8162702444161078,0.8162702444161078,0.8162702444161078,0.8162702444161078,0.8062702444161078,0.8262702444161079,0.8262702444161079,0.8262702444161079,0.8062702444161078,0.7962702444161078
2,1.0,0.98,1.0,0.97,0.97,0.96,0.96,0.96,0.96,0.96,0.96,0.965,0.965
3,0.7472212588177917,0.7472212588177917,0.7472212588177917,0.7572212588177917,0.7772212588177917,0.7572212588177917,0.7672212588177917,0.7672212588177917,0.7672212588177917,0.7772212588177917,0.7572212588177917,0.7772212588177917,0.7622212588177917
4,0.8591394635981424,0.8391394635981424,0.8291394635981424,0.8291394635981424,0.8491394635981424,0.8491394635981424,0.8391394635981424,0.8391394635981424,0.8491394635981424,0.8591394635981424,0.8691394635981424,0.8691394635981424,0.8691394635981424
5,0.7919590623151125,0.7919590623151125,0.7919590623151125,0.8019590623151125,0.8019590623151125,0.7919590623151125,0.7819590623151125,0.7919590623151125,0.7919590623151125,0.7919590623151125,0.7919590623151125,0.7819590623151125,0.8019590623151125
6,0.8586035310813254,0.8786035310813254,0.8536035310813254,0.8536035310813254,0.8536035310813254,0.8636035310813254,0.8936035310813254,0.8836035310813254,0.8936035310813254,0.8936035310813254,0.8836035310813254,0.8836035310813254,0.8836035310813254
7,0.6173065127225299,0.6273065127225299,0.6373065127225299,0.6373065127225299,0.6373065127225299,0.6373065127225299,0.6373065127225299,0.6273065127225299,0.6173065127225299,0.6073065127225299,0.6173065127225299,0.6273065127225299,0.6273065127225299
8,0.8652875409342305,0.8652875409342305,0.8752875409342306,0.8752875409342306,0.8652875409342305,0.8652875409342305,0.8652875409342305,0.8652875409342305,0.8752875409342306,0.8752875409342306,0.8652875409342305,0.8552875409342305,0.8552875409342305
9,0.7813678025372015,0.7813678025372015,0.7613678025372015,0.7613678025372015,0.7713678025372015,0.7613678025372015,0.7613678025372015,0.7713678025372015,0.7513678025372015,0.7513678025372015,0.7613678025372015,0.7613678025372015,0.7613678025372015
10,0.7205006117129505,0.7205006117129505,0.7305006117129506,0.7305006117129506,0.7305006117129506,0.7405006117129506,0.7405006117129506,0.7405006117129506,0.7205006117129505,0.7105006117129505,0.7105006117129505,0.7505006117129506,0.7355006117129506
11,0.7876982658288149,0.7876982658288149,0.7776982658288148,0.7776982658288148,0.7776982658288148,0.7676982658288148,0.7676982658288148,0.7676982658288148,0.7676982658288148,0.7576982658288148,0.7776982658288148,0.7776982658288148,0.7776982658288148
12,0.8751971681494718,0.8751971681494718,0.8651971681494718,0.8751971681494718,0.8751971681494718,0.8751971681494718,0.8851971681494718,0.8651971681494718,0.8751971681494718,0.8951971681494718,0.8951971681494718,0.8751971681494718,0.8751971681494718
13,0.812641876450364,0.812641876450364,0.822641876450364,0.822641876450364,0.822641876450364,0.832641876450364,0.832641876450364,0.812641876450364,0.812641876450364,0.842641876450364,0.832641876450364,0.832641876450364,0.822641876450364
14,0.726191905077697,0.726191905077697,0.736191905077697,0.726191905077697,0.726191905077697,0.726191905077697,0.726191905077697,0.736191905077697,0.7561919050776971,0.7561919050776971,0.7661919050776971,0.7611919050776971,0.7511919050776971
15,0.8698961370926405,0.8898961370926405,0.9098961370926405,0.9098961370926405,0.9098961370926405,0.9098961370926405,0.9098961370926405,0.9098961370926405,0.9098961370926405,0.9098961370926405,0.9098961370926405,0.9098961370926405,0.8998961370926405
16,0.843542182371955,0.833542182371955,0.833542182371955,0.833542182371955,0.833542182371955,0.833542182371955,0.833542182371955,0.833542182371955,0.833542182371955,0.823542182371955,0.813542182371955,0.813542182371955,0.813542182371955
17,0.5508752192150433,0.5508752192150433,0.5408752192150433,0.5608752192150434,0.5608752192150434,0.5408752192150433,0.5408752192150433,0.5508752192150433,0.5508752192150433,0.5508752192150433,0.5408752192150433,0.5408752192150433,0.5508752192150433
18,0.8204657375461304,0.8204657375461304,0.8204657375461304,0.8104657375461304,0.8004657375461304,0.8254657375461304,0.8154657375461304,0.8254657375461304,0.8254657375461304,0.8354657375461304,0.8454657375461304,0.8454657375461304,0.8254657375461304
19,0.7589191688052195,0.7689191688052195,0.7589191688052195,0.7489191688052195,0.7589191688052195,0.7589191688052195,0.7589191688052195,0.7689191688052195,0.7689191688052195,0.7689191688052195,0.7689191688052195,0.7689191688052195,0.7689191688052195
20,0.8626345987675069,0.8726345987675069,0.8726345987675069,0.8726345987675069,0.8626345987675069,0.8626345987675069,0.8626345987675069,0.8526345987675069,0.8326345987675069,0.8326345987675069,0.8426345987675069,0.8426345987675069,0.8226345987675069
21,0.8989898408421536,0.8889898408421536,0.8889898408421536,0.8989898408421536,0.8889898408421536,0.8989898408421536,0.9089898408421536,0.8989898408421536,0.8989898408421536,0.9089898408421536,0.9089898408421536,0.8989898408421536,0.8989898408421536
22,0.9011675332495241,0.9011675332495241,0.9011675332495241,0.9011675332495241,0.9011675332495241,0.9011675332495241,0.8811675332495241,0.8911675332495241,0.8911675332495241,0.8911675332495241,0.8811675332495241,0.8811675332495241,0.8711675332495241
23,0.7907432634810083,0.7807432634810083,0.7807432634810083,0.7907432634810083,0.7907432634810083,0.7907432634810083,0.7707432634810083,0.7707432634810083,0.7707432634810083,0.7707432634810083,0.7607432634810083,0.7707432634810083,0.7707432634810083
24,0.8922367636905957,0.8922367636905957,0.8922367636905957,0.8822367636905957,0.8922367636905957,0.8922367636905957,0.8922367636905957,0.9022367636905957,0.9022367636905957,0.9122367636905957,0.9022367636905957,0.8922367636905957,0.9022367636905957
25,0.8296463210304026,0.8196463210304026,0.8196463210304026,0.8196463210304026,0.8296463210304026,0.8396463210304026,0.8296463210304026,0.8196463210304026,0.8296463210304026,0.8296463210304026,0.8196463210304026,0.8096463210304026,0.8096463210304026
26,0.5124793702320946,0.5124793702320946,0.48247937023209453,0.48247937023209453,0.48247937023209453,0.4724793702320945,0.48247937023209453,0.48247937023209453,0.5024793702320945,0.5024793702320945,0.49247937023209454,0.48247937023209453,0.49247937023209454
27,0.8040931905784089,0.8040931905784089,0.7840931905784089,0.7940931905784089,0.8140931905784089,0.7940931905784089,0.7740931905784089,0.7640931905784089,0.7940931905784089,0.8140931905784089,0.8140931905784089,0.8140931905784089,0.8140931905784089
28,0.8525020852899396,0.8825020852899397,0.8725020852899397,0.8625020852899397,0.8625020852899397,0.8625020852899397,0.8625020852899397,0.8725020852899397,0.8625020852899397,0.8425020852899396,0.8525020852899396,0.8525020852899396,0.8525020852899396
29,0.6160040674357314,0.6160040674357314,0.6160040674357314,0.6160040674357314,0.6060040674357314,0.5960040674357314,0.6160040674357314,0.6360040674357315,0.6460040674357315,0.6160040674357314,0.6260040674357314,0.6260040674357314,0.6260040674357314
30,0.6791439609973304,0.6791439609973304,0.6891439609973304,0.6891439609973304,0.6891439609973304,0.6691439609973304,0.6691439609973304,0.6491439609973304,0.6591439609973304,0.6691439609973304,0.6691439609973304,0.6691439609973304,0.6591439609973304
31,0.4720574815641353,0.4720574815641353,0.4520574815641353,0.4620574815641353,0.4720574815641353,0.4720574815641353,0.4720574815641353,0.4820574815641353,0.4720574815641353,0.4720574815641353,0.4720574815641353,0.4720574815641353,0.4820574815641353
32,0.6392082699959823,0.6392082699959823,0.6392082699959823,0.6292082699959823,0.6292082699959823,0.6092082699959823,0.6192082699959823,0.6192082699959823,0.6192082699959823,0.6292082699959823,0.6292082699959823,0.6192082699959823,0.6192082699959823
33,0.8044354688373746,0.8244354688373746,0.7844354688373746,0.7844354688373746,0.7844354688373746,0.7844354688373746,0.7844354688373746,0.7744354688373746,0.7644354688373746,0.7744354688373746,0.7844354688373746,0.8044354688373746,0.8344354688373746
34,0.6957350940771165,0.6857350940771165,0.7057350940771165,0.6957350940771165,0.6857350940771165,0.6957350940771165,0.6957350940771165,0.6957350940771165,0.6957350940771165,0.6957350940771165,0.6857350940771165,0.6757350940771165,0.6757350940771165
35,0.7125491031760645,0.7125491031760645,0.7225491031760645,0.7325491031760645,0.7425491031760645,0.7425491031760645,0.7275491031760645,0.7275491031760645,0.7175491031760645,0.7175491031760645,0.7275491031760645,0.7075491031760645,0.6975491031760644
36,0.5717133931252808,0.5517133931252808,0.5317133931252808,0.5517133931252808,0.5917133931252808,0.5917133931252808,0.5917133931252808,0.5717133931252808,0.5917133931252808,0.5717133931252808,0.5717133931252808,0.5517133931252808,0.5517133931252808
37,0.7417276888749303,0.7317276888749303,0.7517276888749304,0.7617276888749304,0.7817276888749304,0.7767276888749304,0.7767276888749304,0.7367276888749303,0.7467276888749304,0.7567276888749304,0.7867276888749304,0.7667276888749304,0.7567276888749304
38,0.8409213857379679,0.8409213857379679,0.8209213857379679,0.8209213857379679,0.8109213857379679,0.8109213857379679,0.8209213857379679,0.8209213857379679,0.8409213857379679,0.8409213857379679,0.8209213857379679,0.8209213857379679,0.8409213857379679
39,0.7176701097279091,0.7176701097279091,0.7176701097279091,0.7176701097279091,0.7176701097279091,0.7276701097279091,0.7376701097279091,0.7376701097279091,0.7476701097279091,0.7476701097279091,0.7476701097279091,0.7376701097279091,0.7176701097279091
40,0.752114349971968,0.762114349971968,0.762114349971968,0.752114349971968,0.782114349971968,0.782114349971968,0.782114349971968,0.767114349971968,0.777114349971968,0.777114349971968,0.7971143499719681,0.7971143499719681,0.7971143499719681
41,0.5931560746419282,0.5931560746419282,0.5931560746419282,0.5831560746419282,0.5831560746419282,0.5831560746419282,0.5831560746419282,0.6131560746419282,0.6031560746419282,0.6131560746419282,0.6031560746419282,0.6131560746419282,0.6231560746419282
42,0.7776367804214032,0.7576367804214031,0.7476367804214031,0.7476367804214031,0.7676367804214032,0.7676367804214032,0.7676367804214032,0.7676367804214032,0.7576367804214031,0.7676367804214032,0.7876367804214032,0.7876367804214032,0.7776367804214032
43,0.7632564178328574,0.7632564178328574,0.7732564178328574,0.7632564178328574,0.7632564178328574,0.7632564178328574,0.7532564178328574,0.7632564178328574,0.7632564178328574,0.7632564178328574,0.7632564178328574,0.7632564178328574,0.7732564178328574
44,0.7844846125288071,0.7644846125288071,0.7744846125288071,0.7644846125288071,0.7644846125288071,0.7644846125288071,0.7644846125288071,0.7644846125288071,0.754484612528807,0.754484612528807,0.7644846125288071,0.754484612528807,0.754484612528807
45,0.591301017658933,0.601301017658933,0.591301017658933,0.591301017658933,0.601301017658933,0.611301017658933,0.601301017658933,0.591301017658933,0.5713010176589329,0.5713010176589329,0.5813010176589329,0.601301017658933,0.591301017658933
46,0.8631047839818374,0.8631047839818374,0.8631047839818374,0.8731047839818374,0.8831047839818374,0.8631047839818374,0.8531047839818374,0.8531047839818374,0.8531047839818374,0.8531047839818374,0.8531047839818374,0.8531047839818374,0.8831047839818374
47,0.7901057292770811,0.8001057292770811,0.8101057292770811,0.8301057292770812,0.8301057292770812,0.8301057292770812,0.8101057292770811,0.8201057292770811,0.8001057292770811,0.8001057292770811,0.8001057292770811,0.8101057292770811,0.8101057292770811
48,0.8420707793445155,0.8420707793445155,0.8520707793445155,0.8620707793445155,0.8720707793445155,0.8820707793445155,0.8820707793445155,0.8820707793445155,0.8820707793445155,0.8770707793445155,0.8670707793445155,0.8370707793445155,0.8370707793445155
49,0.6166576548643649,0.6166576548643649,0.6166576548643649,0.6166576548643649,0.6166576548643649,0.6066576548643648,0.6266576548643649,0.6366576548643649,0.6566576548643649,0.6566576548643649,0.6566576548643649,0.6566576548643649,0.6516576548643649
50,0.7002910538045712,0.7002910538045712,0.7002910538045712,0.7102910538045712,0.7102910538045712,0.7102910538045712,0.7002910538045712,0.7202910538045713,0.7302910538045713,0.7302910538045713,0.7302910538045713,0.7102910538045712,0.7302910538045713
51,0.6701428143670709,0.6801428143670709,0.6801428143670709,0.6801428143670709,0.6801428143670709,0.7101428143670709,0.7001428143670709,0.6701428143670709,0.6701428143670709,0.6801428143670709,0.6701428143670709,0.6601428143670709,0.6601428143670709
52,0.6783295607146408,0.6683295607146408,0.6483295607146408,0.6483295607146408,0.6483295607146408,0.6483295607146408,0.6383295607146408,0.6383295607146408,0.6583295607146408,0.6683295607146408,0.6583295607146408,0.6783295607146408,0.6783295607146408
53,0.7521633959179788,0.7521633959179788,0.7521633959179788,0.7521633959179788,0.7521633959179788,0.7521633959179788,0.7421633959179788,0.7421633959179788,0.7421633959179788,0.7221633959179787,0.7221633959179787,0.7121633959179787,0.7321633959179787
54,0.5156767257408462,0.5356767257408462,0.5356767257408462,0.5456767257408462,0.5456767257408462,0.5456767257408462,0.5356767257408462,0.5456767257408462,0.5356767257408462,0.5456767257408462,0.5356767257408462,0.5356767257408462,0.5356767257408462
55,0.7781136310721708,0.7981136310721708,0.8081136310721708,0.8181136310721708,0.8181136310721708,0.8181136310721708,0.8181136310721708,0.8131136310721708,0.8131136310721708,0.8131136310721708,0.8131136310721708,0.8131136310721708,0.8031136310721708
56,0.8543289303216766,0.8443289303216766,0.8443289303216766,0.8343289303216765,0.8593289303216766,0.8793289303216766,0.8893289303216766,0.8893289303216766,0.8893289303216766,0.8893289303216766,0.8893289303216766,0.8893289303216766,0.8793289303216766
57,0.7896467271600005,0.7896467271600005,0.7996467271600005,0.7796467271600005,0.7796467271600005,0.7796467271600005,0.7896467271600005,0.7996467271600005,0.7896467271600005,0.7696467271600005,0.7696467271600005,0.7796467271600005,0.7796467271600005
58,0.7036557559364378,0.7036557559364378,0.7036557559364378,0.6836557559364378,0.6836557559364378,0.6936557559364378,0.6936557559364378,0.6736557559364378,0.6736557559364378,0.6736557559364378,0.6736557559364378,0.6736557559364378,0.6836557559364378
59,0.659785583329845,0.659785583329845,0.649785583329845,0.659785583329845,0.649785583329845,0.649785583329845,0.639785583329845,0.639785583329845,0.629785583329845,0.649785583329845,0.639785583329845,0.629785583329845,0.629785583329845
60,0.8374907952209609,0.8374907952209609,0.8374907952209609,0.8374907952209609,0.8274907952209609,0.8274907952209609,0.8374907952209609,0.8374907952209609,0.8274907952209609,0.8274907952209609,0.7974907952209609,0.8024907952209609,0.8024907952209609
61,0.8574701163903157,0.8474701163903157,0.8474701163903157,0.8574701163903157,0.8574701163903157,0.8574701163903157,0.8474701163903157,0.8374701163903157,0.8274701163903156,0.8374701163903157,0.8374701163903157,0.8174701163903156,0.8224701163903156
62,0.8458555356476758,0.8358555356476758,0.8458555356476758,0.8358555356476758,0.8458555356476758,0.8458555356476758,0.8358555356476758,0.8458555356476758,0.8458555356476758,0.8358555356476758,0.8358555356476758,0.8458555356476758,0.8458555356476758
63,0.6870466906823196,0.6870466906823196,0.6870466906823196,0.7070466906823196,0.7070466906823196,0.6870466906823196,0.6870466906823196,0.6870466906823196,0.6870466906823196,0.6870466906823196,0.6670466906823196,0.6570466906823196,0.6570466906823196
64,1.0,1.0,0.99,1.0,0.985,0.985,0.995,0.985,1.0,1.0,0.99,0.99,0.98
65,0.806713804000104,0.806713804000104,0.816713804000104,0.836713804000104,0.826713804000104,0.826713804000104,0.826713804000104,0.826713804000104,0.836713804000104,0.826713804000104,0.826713804000104,0.816713804000104,0.806713804000104
66,0.667082996508768,0.677082996508768,0.677082996508768,0.697082996508768,0.697082996508768,0.682082996508768,0.662082996508768,0.662082996508768,0.662082996508768,0.642082996508768,0.632082996508768,0.632082996508768,0.642082996508768
67,0.8765877642366322,0.8765877642366322,0.8765877642366322,0.8965877642366322,0.8965877642366322,0.8965877642366322,0.8665877642366322,0.8665877642366322,0.8465877642366322,0.8465877642366322,0.8465877642366322,0.8465877642366322,0.8365877642366322
68,0.5361528342174333,0.5361528342174333,0.5561528342174333,0.5461528342174333,0.5661528342174333,0.5761528342174334,0.5761528342174334,0.5711528342174333,0.5711528342174333,0.5711528342174333,0.5711528342174333,0.5611528342174333,0.5611528342174333
69,0.6923525616815971,0.6723525616815971,0.6623525616815971,0.652352561681597,0.652352561681597,0.652352561681597,0.6923525616815971,0.7023525616815971,0.7023525616815971,0.7023525616815971,0.6923525616815971,0.6823525616815971,0.6723525616815971
70,0.7869306884369239,0.826930688436924,0.816930688436924,0.816930688436924,0.806930688436924,0.816930688436924,0.816930688436924,0.816930688436924,0.816930688436924,0.816930688436924,0.816930688436924,0.816930688436924,0.826930688436924
71,0.9208120286878765,0.9008120286878765,0.8908120286878765,0.8908120286878765,0.9058120286878765,0.9058120286878765,0.9058120286878765,0.9058120286878765,0.8958120286878765,0.8958120286878765,0.8858120286878765,0.8858120286878765,0.8858120286878765
72,0.776254923792117,0.776254923792117,0.786254923792117,0.776254923792117,0.776254923792117,0.746254923792117,0.746254923792117,0.756254923792117,0.736254923792117,0.746254923792117,0.746254923792117,0.736254923792117,0.741254923792117
73,0.8605568212933445,0.8705568212933446,0.8805568212933446,0.9005568212933446,0.9005568212933446,0.9005568212933446,0.9005568212933446,0.8955568212933446,0.8855568212933446,0.8555568212933445,0.8555568212933445,0.8555568212933445,0.8555568212933445
74,0.8098583141599552,0.7998583141599552,0.7998583141599552,0.7998583141599552,0.8198583141599552,0.8198583141599552,0.8198583141599552,0.8198583141599552,0.8198583141599552,0.8198583141599552,0.8198583141599552,0.8098583141599552,0.7998583141599552
75,0.6558907784833258,0.6558907784833258,0.6258907784833257,0.6408907784833258,0.6208907784833257,0.6208907784833257,0.6208907784833257,0.6208907784833257,0.6208907784833257,0.6308907784833258,0.6308907784833258,0.6208907784833257,0.6208907784833257
76,0.9269391134132862,0.9369391134132862,0.9569391134132862,0.9569391134132862,0.9569391134132862,0.9469391134132862,0.9569391134132862,0.9669391134132862,0.9569391134132862,0.9569391134132862,0.9569391134132862,0.9569391134132862,0.9469391134132862
77,0.7277291487457165,0.7177291487457165,0.6977291487457165,0.7077291487457165,0.7377291487457165,0.7477291487457165,0.7377291487457165,0.7277291487457165,0.7177291487457165,0.7177291487457165,0.7377291487457165,0.7027291487457165,0.7127291487457165
78,0.645070154719321,0.6650701547193211,0.6550701547193211,0.6650701547193211,0.625070154719321,0.625070154719321,0.625070154719321,0.625070154719321,0.615070154719321,0.615070154719321,0.605070154719321,0.610070154719321,0.610070154719321
79,0.5821606612803887,0.5821606612803887,0.5721606612803887,0.5721606612803887,0.5621606612803887,0.5621606612803887,0.5621606612803887,0.5721606612803887,0.5621606612803887,0.5621606612803887,0.5521606612803887,0.5521606612803887,0.5621606612803887
80,0.7917751518639001,0.7917751518639001,0.8017751518639001,0.8117751518639001,0.8017751518639001,0.8217751518639002,0.8217751518639002,0.8117751518639001,0.8217751518639002,0.8017751518639001,0.8317751518639002,0.8017751518639001,0.7717751518639001
81,0.7016528731495345,0.7016528731495345,0.6916528731495345,0.6916528731495345,0.6916528731495345,0.6916528731495345,0.7116528731495345,0.7116528731495345,0.7216528731495345,0.7216528731495345,0.7216528731495345,0.7316528731495345,0.7316528731495345
82,0.9364697940861455,0.9264697940861455,0.9164697940861455,0.9364697940861455,0.9364697940861455,0.9364697940861455,0.9364697940861455,0.9364697940861455,0.8964697940861455,0.8964697940861455,0.8964697940861455,0.9264697940861455,0.9064697940861455
83,0.6356658104763321,0.6256658104763321,0.6356658104763321,0.6356658104763321,0.6556658104763321,0.6356658104763321,0.6356658104763321,0.6256658104763321,0.6156658104763321,0.6256658104763321,0.6256658104763321,0.6356658104763321,0.6356658104763321
84,0.5880523383318453,0.5880523383318453,0.5980523383318453,0.5880523383318453,0.5680523383318453,0.5680523383318453,0.5580523383318453,0.5780523383318453,0.5780523383318453,0.5780523383318453,0.5480523383318453,0.5580523383318453,0.5580523383318453
85,0.7101981023736532,0.7101981023736532,0.7001981023736532,0.6901981023736532,0.7001981023736532,0.7001981023736532,0.7001981023736532,0.7001981023736532,0.7001981023736532,0.7101981023736532,0.7101981023736532,0.7001981023736532,0.7101981023736532
86,0.8335278742807672,0.8235278742807672,0.8135278742807672,0.8035278742807672,0.8035278742807672,0.8035278742807672,0.8035278742807672,0.8035278742807672,0.8035278742807672,0.8035278742807672,0.8035278742807672,0.8035278742807672,0.8235278742807672
87,0.7765467151044237,0.7665467151044237,0.7565467151044237,0.7565467151044237,0.7465467151044237,0.7365467151044237,0.7415467151044237,0.7515467151044237,0.7715467151044237,0.7515467151044237,0.7715467151044237,0.7715467151044237,0.7415467151044237
88,0.7847676164983097,0.7947676164983097,0.7747676164983097,0.7947676164983097,0.7847676164983097,0.7847676164983097,0.7847676164983097,0.7847676164983097,0.7847676164983097,0.7847676164983097,0.8047676164983097,0.7947676164983097,0.8147676164983098
89,0.7671996630425645,0.7871996630425645,0.7871996630425645,0.7771996630425645,0.7571996630425645,0.7371996630425645,0.7271996630425644,0.7321996630425645,0.7421996630425645,0.7621996630425645,0.7721996630425645,0.7721996630425645,0.7721996630425645
90,0.6048715456839555,0.6348715456839555,0.6348715456839555,0.6248715456839555,0.6248715456839555,0.6248715456839555,0.6348715456839555,0.6248715456839555,0.6048715456839555,0.5948715456839555,0.5848715456839555,0.5748715456839555,0.6048715456839555
91,0.7822473879030382,0.7822473879030382,0.7922473879030382,0.7922473879030382,0.8022473879030382,0.7922473879030382,0.7822473879030382,0.7822473879030382,0.7922473879030382,0.7822473879030382,0.7922473879030382,0.7822473879030382,0.7922473879030382
92,0.6518677985301589,0.6518677985301589,0.6718677985301589,0.6818677985301589,0.6818677985301589,0.6718677985301589,0.6718677985301589,0.6818677985301589,0.6818677985301589,0.6818677985301589,0.6818677985301589,0.6718677985301589,0.6718677985301589
93,0.6919605475810555,0.6819605475810555,0.6919605475810555,0.6919605475810555,0.6919605475810555,0.6819605475810555,0.6819605475810555,0.6719605475810555,0.6819605475810555,0.6719605475810555,0.6719605475810555,0.6719605475810555,0.6619605475810555
94,0.6656849714012768,0.6656849714012768,0.6556849714012768,0.6556849714012768,0.6456849714012768,0.6356849714012768,0.6356849714012768,0.6506849714012768,0.6606849714012768,0.6606849714012768,0.6706849714012768,0.6906849714012768,0.6906849714012768
95,0.7210952994771542,0.7210952994771542,0.7110952994771542,0.7210952994771542,0.7210952994771542,0.7210952994771542,0.7210952994771542,0.7010952994771542,0.7010952994771542,0.7010952994771542,0.6910952994771542,0.6810952994771542,0.6810952994771542
96,0.9221254233761379,0.9121254233761379,0.9021254233761379,0.9021254233761379,0.8921254233761379,0.8921254233761379,0.9321254233761379,0.9421254233761379,0.9221254233761379,0.9221254233761379,0.9221254233761379,0.9121254233761379,0.9321254233761379
97,0.9032550667456647,0.8832550667456647,0.8832550667456647,0.8832550667456647,0.8832550667456647,0.8832550667456647,0.9082550667456647,0.9082550667456647,0.8882550667456647,0.8782550667456647,0.8782550667456647,0.8782550667456647,0.8782550667456647
98,0.8806458186651024,0.8506458186651024,0.8506458186651024,0.8506458186651024,0.8506458186651024,0.8406458186651024,0.8456458186651024,0.8456458186651024,0.8456458186651024,0.8556458186651024,0.8656458186651024,0.8756458186651024,0.8756458186651024
99,0.6833667967432404,0.6833667967432404,0.6833667967432404,0.6833667967432404,0.6833667967432404,0.6833667967432404,0.6733667967432404,0.6633667967432404,0.6533667967432404,0.6683667967432404,0.6783667967432404,0.6983667967432404,0.6683667967432404
100,0.9154128520563987,0.8954128520563986,0.8954128520563986,0.8954128520563986,0.8954128520563986,0.8954128520563986,0.8754128520563986,0.8754128520563986,0.8854128520563986,0.8854128520563986,0.8854128520563986,0.8854128520563986,0.8854128520563986
101,0.8047481764255615,0.8047481764255615,0.8047481764255615,0.8247481764255615,0.8247481764255615,0.8347481764255615,0.8347481764255615,0.8447481764255615,0.8347481764255615,0.8247481764255615,0.8347481764255615,0.8447481764255615,0.8347481764255615
102,0.781615400662098,0.771615400662098,0.781615400662098,0.821615400662098,0.816615400662098,0.816615400662098,0.806615400662098,0.796615400662098,0.786615400662098,0.806615400662098,0.806615400662098,0.806615400662098,0.796615400662098
103,0.6147934886305386,0.6147934886305386,0.6047934886305386,0.5747934886305386,0.5797934886305386,0.5897934886305386,0.5897934886305386,0.5797934886305386,0.5897934886305386,0.5897934886305386,0.6097934886305386,0.6097934886305386,0.6197934886305386
104,0.5803861420494122,0.5903861420494122,0.5803861420494122,0.5803861420494122,0.6003861420494122,0.6103861420494122,0.6103861420494122,0.6003861420494122,0.6003861420494122,0.6003861420494122,0.6203861420494122,0.6153861420494122,0.6053861420494122
105,0.91354843469084,0.93354843469084,0.93354843469084,0.93354843469084,0.92354843469084,0.88854843469084,0.90854843469084,0.90854843469084,0.90854843469084,0.90854843469084,0.90854843469084,0.89854843469084,0.89854843469084
106,0.7492943557558582,0.7392943557558582,0.7392943557558582,0.7292943557558582,0.7092943557558582,0.7392943557558582,0.7392943557558582,0.7292943557558582,0.7792943557558583,0.7792943557558583,0.7592943557558582,0.7242943557558582,0.7242943557558582
107,0.7926987126561647,0.7926987126561647,0.7926987126561647,0.8126987126561647,0.8126987126561647,0.8126987126561647,0.8126987126561647,0.8026987126561647,0.8026987126561647,0.8026987126561647,0.8026987126561647,0.8026987126561647,0.8026987126561647
108,0.6702105642701652,0.6802105642701652,0.6602105642701652,0.6402105642701652,0.6302105642701652,0.6302105642701652,0.6402105642701652,0.6502105642701652,0.6402105642701652,0.6502105642701652,0.6602105642701652,0.6502105642701652,0.6502105642701652
109,0.9231928437529738,0.9231928437529738,0.9331928437529738,0.9331928437529738,0.9331928437529738,0.9331928437529738,0.9331928437529738,0.9231928437529738,0.9331928437529738,0.9131928437529738,0.9131928437529738,0.9031928437529738,0.9131928437529738
110,0.7920551173402233,0.7820551173402233,0.7720551173402233,0.7720551173402233,0.7720551173402233,0.7520551173402232,0.7520551173402232,0.7520551173402232,0.7570551173402232,0.7570551173402232,0.7570551173402232,0.7570551173402232,0.7770551173402233
111,0.7407365342232728,0.7507365342232728,0.7607365342232728,0.7607365342232728,0.7607365342232728,0.7607365342232728,0.7707365342232728,0.7707365342232728,0.7507365342232728,0.7507365342232728,0.7507365342232728,0.7407365342232728,0.7407365342232728
112,1.0,1.0,0.99,0.99,0.99,0.99,1.0,1.0,1.0,1.0,1.0,0.97,0.98
113,0.8083950901314365,0.8083950901314365,0.7983950901314365,0.7983950901314365,0.7883950901314365,0.7883950901314365,0.7883950901314365,0.7783950901314365,0.7983950901314365,0.7883950901314365,0.7883950901314365,0.7883950901314365,0.7883950901314365
114,0.9197003100974723,0.9197003100974723,0.9297003100974723,0.9097003100974723,0.9097003100974723,0.8997003100974723,0.8997003100974723,0.8997003100974723,0.8897003100974723,0.8997003100974723,0.8897003100974723,0.8897003100974723,0.8897003100974723
115,0.8661682610715051,0.8761682610715051,0.8661682610715051,0.8661682610715051,0.8761682610715051,0.8761682610715051,0.8761682610715051,0.8661682610715051,0.8861682610715051,0.8961682610715052,0.9061682610715052,0.8961682610715052,0.8861682610715051
116,0.8226998148725394,0.8226998148725394,0.8226998148725394,0.8226998148725394,0.8426998148725394,0.8426998148725394,0.8426998148725394,0.8426998148725394,0.8426998148725394,0.8526998148725394,0.8326998148725394,0.8326998148725394,0.8326998148725394
117,0.6753685149375828,0.6753685149375828,0.6553685149375827,0.6353685149375827,0.6403685149375827,0.6503685149375827,0.6503685149375827,0.6503685149375827,0.6503685149375827,0.6503685149375827,0.6503685149375827,0.6703685149375828,0.6603685149375828
118,0.9203922261365366,0.9203922261365366,0.9303922261365366,0.9003922261365366,0.9003922261365366,0.9003922261365366,0.9003922261365366,0.9103922261365366,0.9303922261365366,0.9303922261365366,0.9303922261365366,0.9303922261365366,0.9303922261365366
119,0.6747944670396495,0.6747944670396495,0.6647944670396495,0.6647944670396495,0.6747944670396495,0.6847944670396495,0.6847944670396495,0.6847944670396495,0.6847944670396495,0.6847944670396495,0.6847944670396495,0.7147944670396496,0.7097944670396495
120,0.7649957554405421,0.7649957554405421,0.7649957554405421,0.7549957554405421,0.7449957554405421,0.7449957554405421,0.7649957554405421,0.7749957554405421,0.7849957554405421,0.7549957554405421,0.7449957554405421,0.7449957554405421,0.7249957554405421
121,0.7686790363827216,0.7686790363827216,0.7586790363827216,0.7586790363827216,0.7586790363827216,0.7486790363827216,0.7486790363827216,0.7586790363827216,0.7786790363827216,0.7886790363827216,0.7886790363827216,0.7786790363827216,0.7786790363827216
122,0.6767911860724947,0.6767911860724947,0.7067911860724947,0.6867911860724947,0.6867911860724947,0.6767911860724947,0.6767911860724947,0.6767911860724947,0.6767911860724947,0.6767911860724947,0.6767911860724947,0.6867911860724947,0.6767911860724947
123,0.8950030500997317,0.9050030500997317,0.9050030500997317,0.9050030500997317,0.8950030500997317,0.9050030500997317,0.9050030500997317,0.9250030500997317,0.9150030500997317,0.9150030500997317,0.9050030500997317,0.8950030500997317,0.8950030500997317
124,1.0,1.0,1.0,1.0,1.0,1.0,1.0,0.99,1.0,1.0,1.0,0.99,0.99
125,0.5762996799516635,0.5662996799516635,0.5562996799516635,0.5562996799516635,0.5562996799516635,0.5462996799516635,0.5362996799516635,0.5462996799516635,0.5462996799516635,0.5462996799516635,0.5362996799516635,0.5412996799516635,0.5412996799516635
126,0.8900246658075583,0.8900246658075583,0.8900246658075583,0.9200246658075584,0.9200246658075584,0.9000246658075584,0.9000246658075584,0.9200246658075584,0.9300246658075584,0.9300246658075584,0.9300246658075584,0.9250246658075584,0.9250246658075584
127,0.7402688312627385,0.7702688312627385,0.7602688312627385,0.7402688312627385,0.7402688312627385,0.7302688312627384,0.7302688312627384,0.7302688312627384,0.7402688312627385,0.7302688312627384,0.7402688312627385,0.7402688312627385,0.7502688312627385
128,0.6881501576864805,0.6681501576864805,0.6981501576864805,0.6981501576864805,0.6981501576864805,0.7081501576864805,0.6981501576864805,0.6981501576864805,0.6981501576864805,0.6881501576864805,0.7181501576864805,0.6981501576864805,0.6981501576864805
129,0.8210017458046686,0.8210017458046686,0.7910017458046685,0.7910017458046685,0.7910017458046685,0.7810017458046685,0.7910017458046685,0.8010017458046685,0.8010017458046685,0.7910017458046685,0.7910017458046685,0.7910017458046685,0.7810017458046685
130,0.9924949499185857,0.9724949499185856,0.9724949499185856,0.9924949499185857,1.0,1.0,1.0,1.0,0.995,0.995,0.995,0.995,0.995
131,0.5462290284371797,0.5462290284371797,0.5662290284371797,0.5662290284371797,0.5662290284371797,0.5662290284371797,0.5462290284371797,0.5562290284371797,0.5562290284371797,0.5562290284371797,0.5562290284371797,0.5562290284371797,0.5562290284371797
132,0.7077944363255217,0.7277944363255218,0.7277944363255218,0.7077944363255217,0.7077944363255217,0.6977944363255217,0.6877944363255217,0.6977944363255217,0.6877944363255217,0.6877944363255217,0.7077944363255217,0.7077944363255217,0.6877944363255217
133,0.9447495235574939,0.9547495235574939,0.9447495235574939,0.9347495235574939,0.9347495235574939,0.9347495235574939,0.9347495235574939,0.9247495235574938,0.9447495235574939,0.9547495235574939,0.9747495235574939,0.9747495235574939,0.9597495235574939
134,0.8497929776875962,0.8597929776875962,0.8497929776875962,0.8697929776875962,0.8697929776875962,0.8497929776875962,0.8297929776875962,0.8397929776875962,0.8397929776875962,0.8597929776875962,0.8497929776875962,0.8497929776875962,0.8497929776875962
135,0.8631456527819756,0.8531456527819756,0.8531456527819756,0.8531456527819756,0.8531456527819756,0.8731456527819756,0.8631456527819756,0.8731456527819756,0.8731456527819756,0.8531456527819756,0.8531456527819756,0.8531456527819756,0.8631456527819756
136,0.7049062291464634,0.7049062291464634,0.7049062291464634,0.7249062291464634,0.7249062291464634,0.7249062291464634,0.7249062291464634,0.7249062291464634,0.7449062291464634,0.7349062291464634,0.7149062291464634,0.7149062291464634,0.7249062291464634
137,0.9076656409658218,0.9076656409658218,0.9276656409658218,0.9276656409658218,0.9176656409658218,0.9276656409658218,0.9276656409658218,0.9476656409658218,0.9426656409658218,0.9326656409658218,0.9226656409658218,0.9226656409658218,0.9126656409658218
138,0.8218339662882617,0.8218339662882617,0.8218339662882617,0.8118339662882617,0.8218339662882617,0.8018339662882616,0.8118339662882617,0.8318339662882617,0.8518339662882617,0.8418339662882617,0.8518339662882617,0.8518339662882617,0.8418339662882617
139,0.6251615014294298,0.6251615014294298,0.6251615014294298,0.6251615014294298,0.6151615014294298,0.6151615014294298,0.6151615014294298,0.6151615014294298,0.6251615014294298,0.6251615014294298,0.6451615014294299,0.6451615014294299,0.6451615014294299
140,0.7749582434972245,0.7949582434972245,0.7949582434972245,0.7849582434972245,0.7849582434972245,0.8049582434972246,0.7949582434972245,0.7949582434972245,0.7949582434972245,0.8049582434972246,0.7949582434972245,0.7949582434972245,0.7749582434972245
141,0.7172615652470988,0.7172615652470988,0.7072615652470988,0.7172615652470988,0.7172615652470988,0.6872615652470988,0.6772615652470988,0.6972615652470988,0.7172615652470988,0.7172615652470988,0.7172615652470988,0.7172615652470988,0.7172615652470988
142,0.6713324566362322,0.6713324566362322,0.6813324566362322,0.6813324566362322,0.6813324566362322,0.6813324566362322,0.6913324566362322,0.6713324566362322,0.6613324566362322,0.6613324566362322,0.6413324566362322,0.6563324566362322,0.6563324566362322
143,0.5474717045681047,0.5474717045681047,0.5474717045681047,0.5474717045681047,0.5674717045681047,0.5674717045681047,0.5374717045681047,0.5374717045681047,0.5474717045681047,0.5574717045681047,0.5574717045681047,0.5374717045681047,0.5474717045681047
144,0.7932004785621176,0.7932004785621176,0.7932004785621176,0.7832004785621176,0.7932004785621176,0.8232004785621176,0.8232004785621176,0.8132004785621176,0.8132004785621176,0.8232004785621176,0.8082004785621176,0.8082004785621176,0.7782004785621176
145,0.8590397128112907,0.8590397128112907,0.8390397128112906,0.8390397128112906,0.8490397128112906,0.8590397128112907,0.8590397128112907,0.8590397128112907,0.8690397128112907,0.8690397128112907,0.8690397128112907,0.8790397128112907,0.8790397128112907
146,0.6920552310496668,0.6920552310496668,0.7020552310496668,0.6920552310496668,0.7020552310496668,0.6920552310496668,0.6920552310496668,0.6820552310496668,0.6820552310496668,0.6820552310496668,0.6720552310496668,0.6620552310496668,0.6520552310496668
147,0.9277363742979401,0.9377363742979401,0.9077363742979401,0.9077363742979401,0.8977363742979401,0.8977363742979401,0.8977363742979401,0.9077363742979401,0.9077363742979401,0.9077363742979401,0.8977363742979401,0.8877363742979401,0.8877363742979401
148,0.9135673918628526,0.9135673918628526,0.9235673918628526,0.9335673918628526,0.9435673918628527,0.9535673918628527,0.9435673918628527,0.9435673918628527,0.9335673918628526,0.9435673918628527,0.9535673918628527,0.9535673918628527,0.9335673918628526
149,0.9229606179539056,0.9329606179539056,0.9329606179539056,0.9329606179539056,0.9229606179539056,0.9129606179539056,0.9029606179539056,0.8929606179539056,0.9029606179539056,0.8929606179539056,0.9029606179539056,0.9029606179539056,0.9229606179539056
150,0.9376913970894195,0.9376913970894195,0.9476913970894195,0.9576913970894195,0.9476913970894195,0.9576913970894195,0.9576913970894195,0.9676913970894195,0.9576913970894195,0.9576913970894195,0.9576913970894195,0.9576913970894195,0.9576913970894195
151,0.6063882082085446,0.5963882082085445,0.5963882082085445,0.6063882082085446,0.5763882082085445,0.5763882082085445,0.5663882082085445,0.5663882082085445,0.5713882082085445,0.5813882082085445,0.5913882082085445,0.5713882082085445,0.5813882082085445
152,0.9236707309766283,0.9336707309766283,0.9436707309766283,0.9236707309766283,0.9236707309766283,0.9236707309766283,0.9236707309766283,0.9136707309766283,0.9136707309766283,0.8936707309766283,0.9036707309766283,0.9136707309766283,0.9236707309766283
153,0.6314050137825971,0.6614050137825971,0.6514050137825971,0.6614050137825971,0.6714050137825971,0.6714050137825971,0.6714050137825971,0.6664050137825971,0.6564050137825971,0.6564050137825971,0.6464050137825971,0.6364050137825971,0.6464050137825971
154,0.8174988392127073,0.8174988392127073,0.8374988392127073,0.8474988392127073,0.8474988392127073,0.8374988392127073,0.8174988392127073,0.8474988392127073,0.8474988392127073,0.8374988392127073,0.8374988392127073,0.8374988392127073,0.8274988392127073
155,0.7886364893382842,0.7886364893382842,0.7986364893382842,0.7986364893382842,0.7986364893382842,0.8086364893382842,0.7986364893382842,0.8086364893382842,0.7886364893382842,0.8086364893382842,0.7986364893382842,0.7986364893382842,0.8086364893382842
156,0.7718654606400723,0.7718654606400723,0.7718654606400723,0.7418654606400723,0.7418654606400723,0.7318654606400723,0.7368654606400723,0.7468654606400723,0.7868654606400723,0.7868654606400723,0.7868654606400723,0.7968654606400724,0.7968654606400724
157,0.9503348823573384,0.9503348823573384,0.9603348823573384,0.9703348823573384,0.9453348823573384,0.9453348823573384,0.9453348823573384,0.9553348823573384,0.9753348823573385,0.9753348823573385,0.9753348823573385,0.9553348823573384,0.9553348823573384
158,0.6420008330284934,0.6320008330284934,0.6320008330284934,0.6320008330284934,0.6420008330284934,0.6420008330284934,0.6320008330284934,0.6220008330284934,0.6470008330284934,0.6470008330284934,0.6470008330284934,0.6570008330284934,0.6570008330284934
159,0.7649647091633148,0.7649647091633148,0.7549647091633148,0.7349647091633148,0.7449647091633148,0.7449647091633148,0.7449647091633148,0.7249647091633148,0.7249647091633148,0.7249647091633148,0.7349647091633148,0.7449647091633148,0.7449647091633148
160,0.678456605794262,0.688456605794262,0.698456605794262,0.673456605794262,0.673456605794262,0.663456605794262,0.673456605794262,0.663456605794262,0.663456605794262,0.663456605794262,0.663456605794262,0.663456605794262,0.663456605794262
161,0.7015310644147781,0.6915310644147781,0.6915310644147781,0.6915310644147781,0.6915310644147781,0.6915310644147781,0.7215310644147781,0.7215310644147781,0.7115310644147781,0.7115310644147781,0.7115310644147781,0.7315310644147781,0.7215310644147781
162,0.7946483378964474,0.7846483378964474,0.7846483378964474,0.8146483378964474,0.8246483378964474,0.8096483378964474,0.8296483378964474,0.8196483378964474,0.8196483378964474,0.8196483378964474,0.8296483378964474,0.8296483378964474,0.8196483378964474
163,0.7665317597308409,0.7665317597308409,0.7765317597308409,0.8065317597308409,0.8015317597308409,0.7615317597308409,0.7615317597308409,0.7615317597308409,0.7815317597308409,0.8015317597308409,0.7915317597308409,0.7815317597308409,0.7815317597308409
164,0.7694434995862849,0.7494434995862849,0.7694434995862849,0.7594434995862849,0.7794434995862849,0.7794434995862849,0.7794434995862849,0.8094434995862849,0.8094434995862849,0.8094434995862849,0.8094434995862849,0.8044434995862849,0.7944434995862849
165,0.6616705018431903,0.6616705018431903,0.6616705018431903,0.6616705018431903,0.6516705018431903,0.6516705018431903,0.6516705018431903,0.6516705018431903,0.6516705018431903,0.6416705018431903,0.6416705018431903,0.6416705018431903,0.6316705018431903
166,0.5681782151510492,0.5681782151510492,0.5681782151510492,0.5681782151510492,0.5681782151510492,0.5481782151510491,0.5481782151510491,0.5481782151510491,0.5381782151510491,0.5481782151510491,0.5381782151510491,0.5481782151510491,0.5281782151510491
167,0.7892265294683323,0.7892265294683323,0.7792265294683323,0.7792265294683323,0.7692265294683323,0.7592265294683322,0.7592265294683322,0.7592265294683322,0.7492265294683322,0.7542265294683322,0.7642265294683322,0.7842265294683323,0.7742265294683323
168,0.7029537038408267,0.6929537038408267,0.7029537038408267,0.7029537038408267,0.7129537038408267,0.7129537038408267,0.7129537038408267,0.7029537038408267,0.7029537038408267,0.7029537038408267,0.7029537038408267,0.7129537038408267,0.7129537038408267
169,0.8761528991326174,0.8861528991326174,0.8761528991326174,0.8761528991326174,0.8761528991326174,0.8761528991326174,0.8661528991326174,0.8961528991326174,0.8861528991326174,0.8761528991326174,0.8461528991326174,0.8561528991326174,0.8561528991326174
170,0.8633821188460686,0.8433821188460686,0.8233821188460686,0.8283821188460686,0.8383821188460686,0.8283821188460686,0.8283821188460686,0.8283821188460686,0.8283821188460686,0.8383821188460686,0.8283821188460686,0.8383821188460686,0.8383821188460686
171,0.6933634062020859,0.6633634062020859,0.6733634062020859,0.6833634062020859,0.6933634062020859,0.6933634062020859,0.6733634062020859,0.6833634062020859,0.6733634062020859,0.6733634062020859,0.6533634062020859,0.6533634062020859,0.6533634062020859
172,0.7252284583768578,0.7352284583768578,0.7252284583768578,0.7252284583768578,0.7552284583768578,0.7452284583768578,0.7452284583768578,0.7452284583768578,0.7352284583768578,0.7352284583768578,0.7352284583768578,0.7152284583768578,0.7152284583768578
173,0.5894407590323281,0.5894407590323281,0.6194407590323281,0.6094407590323281,0.6094407590323281,0.6194407590323281,0.6094407590323281,0.5994407590323281,0.5894407590323281,0.5894407590323281,0.5894407590323281,0.569440759032328,0.569440759032328
174,0.8445040721729102,0.8345040721729102,0.8345040721729102,0.8345040721729102,0.8245040721729102,0.8245040721729102,0.8245040721729102,0.8045040721729102,0.8045040721729102,0.8095040721729102,0.8195040721729102,0.8195040721729102,0.8295040721729102
175,0.7547867679033744,0.7547867679033744,0.7547867679033744,0.7647867679033744,0.7647867679033744,0.7847867679033744,0.7947867679033744,0.7947867679033744,0.7947867679033744,0.7947867679033744,0.7947867679033744,0.7947867679033744,0.7947867679033744
176,0.806324009928114,0.806324009928114,0.806324009928114,0.806324009928114,0.8363240099281141,0.8263240099281141,0.8263240099281141,0.816324009928114,0.8263240099281141,0.8363240099281141,0.8363240099281141,0.8463240099281141,0.8413240099281141
177,0.6471335964072883,0.6571335964072883,0.6471335964072883,0.6271335964072883,0.6171335964072883,0.6171335964072883,0.6371335964072883,0.6271335964072883,0.6171335964072883,0.6271335964072883,0.6171335964072883,0.6171335964072883,0.6171335964072883
178,0.7000753465561402,0.7100753465561402,0.7100753465561402,0.7200753465561402,0.7400753465561403,0.7350753465561403,0.7250753465561403,0.7350753465561403,0.7350753465561403,0.7350753465561403,0.7250753465561403,0.7250753465561403,0.7050753465561402
179,0.8062311537504108,0.8062311537504108,0.7862311537504107,0.7862311537504107,0.7662311537504107,0.7712311537504107,0.7812311537504107,0.8012311537504108,0.7812311537504107,0.7812311537504107,0.8012311537504108,0.8012311537504108,0.7812311537504107
180,0.6673693480994703,0.6773693480994704,0.6873693480994704,0.6773693480994704,0.6873693480994704,0.6773693480994704,0.6773693480994704,0.6773693480994704,0.6673693480994703,0.6673693480994703,0.6873693480994704,0.6873693480994704,0.6873693480994704
181,0.7107390110240581,0.7307390110240581,0.7307390110240581,0.7407390110240581,0.7257390110240581,0.7357390110240581,0.7357390110240581,0.7357390110240581,0.7357390110240581,0.7157390110240581,0.7157390110240581,0.7257390110240581,0.7257390110240581
182,0.7374906370457515,0.7374906370457515,0.7374906370457515,0.7374906370457515,0.7274906370457515,0.7274906370457515,0.7274906370457515,0.7274906370457515,0.7274906370457515,0.7274906370457515,0.7174906370457514,0.7174906370457514,0.7174906370457514
183,0.7857066665237059,0.7857066665237059,0.7957066665237059,0.8057066665237059,0.8057066665237059,0.7957066665237059,0.7957066665237059,0.7957066665237059,0.7957066665237059,0.7957066665237059,0.7957066665237059,0.8157066665237059,0.8157066665237059
184,0.6677056302654382,0.6877056302654382,0.6977056302654382,0.7077056302654382,0.7027056302654382,0.7027056302654382,0.7027056302654382,0.7027056302654382,0.6927056302654382,0.6927056302654382,0.6727056302654382,0.6627056302654382,0.6427056302654381
185,0.684150610181658,0.684150610181658,0.694150610181658,0.694150610181658,0.704150610181658,0.724150610181658,0.719150610181658,0.709150610181658,0.699150610181658,0.699150610181658,0.709150610181658,0.709150610181658,0.689150610181658
186,0.8454767535420402,0.8454767535420402,0.8454767535420402,0.8454767535420402,0.8454767535420402,0.8454767535420402,0.8454767535420402,0.8554767535420402,0.8554767535420402,0.8354767535420402,0.8354767535420402,0.8254767535420402,0.8254767535420402
187,0.8082661027290783,0.8082661027290783,0.7982661027290783,0.8082661027290783,0.8082661027290783,0.8282661027290783,0.8282661027290783,0.8282661027290783,0.8282661027290783,0.8182661027290783,0.8182661027290783,0.8382661027290783,0.8382661027290783
188,0.7914365554748386,0.7914365554748386,0.7914365554748386,0.7914365554748386,0.7714365554748386,0.8014365554748386,0.8214365554748386,0.8314365554748386,0.8264365554748386,0.8264365554748386,0.8164365554748386,0.7964365554748386,0.7964365554748386
189,0.7451744634834393,0.7551744634834393,0.7551744634834393,0.7451744634834393,0.7451744634834393,0.7251744634834393,0.7351744634834393,0.7351744634834393,0.7351744634834393,0.7251744634834393,0.7551744634834393,0.7451744634834393,0.7551744634834393
190,0.873702411096994,0.863702411096994,0.833702411096994,0.838702411096994,0.838702411096994,0.838702411096994,0.848702411096994,0.858702411096994,0.848702411096994,0.868702411096994,0.898702411096994,0.888702411096994,0.888702411096994
191,0.6057736635634068,0.5857736635634068,0.5757736635634068,0.5857736635634068,0.6057736635634068,0.5957736635634068,0.5957736635634068,0.6057736635634068,0.6057736635634068,0.6057736635634068,0.6157736635634068,0.6157736635634068,0.6157736635634068
192,0.825167867914746,0.8051678679147459,0.8051678679147459,0.8051678679147459,0.8051678679147459,0.8051678679147459,0.8151678679147459,0.8051678679147459,0.8051678679147459,0.7951678679147459,0.7851678679147459,0.7851678679147459,0.7951678679147459
193,0.7387729753072103,0.7387729753072103,0.7387729753072103,0.7387729753072103,0.7387729753072103,0.7287729753072103,0.7387729753072103,0.7387729753072103,0.7387729753072103,0.7487729753072103,0.7487729753072103,0.7387729753072103,0.7387729753072103
194,0.6727300711894719,0.6727300711894719,0.6727300711894719,0.6727300711894719,0.6827300711894719,0.6927300711894719,0.6727300711894719,0.6727300711894719,0.6627300711894719,0.6627300711894719,0.6527300711894719,0.6427300711894719,0.6527300711894719
195,0.6149700584231738,0.6049700584231738,0.5849700584231737,0.5849700584231737,0.5999700584231737,0.6099700584231738,0.6099700584231738,0.6099700584231738,0.6099700584231738,0.6199700584231738,0.6099700584231738,0.6199700584231738,0.6199700584231738
196,0.8352888078313557,0.8352888078313557,0.8352888078313557,0.8352888078313557,0.8252888078313557,0.8152888078313557,0.8452888078313557,0.8552888078313557,0.8652888078313558,0.8352888078313557,0.8352888078313557,0.8352888078313557,0.8452888078313557
197,0.8636103572575259,0.8736103572575259,0.8536103572575259,0.8636103572575259,0.8736103572575259,0.8936103572575259,0.8936103572575259,0.8936103572575259,0.8936103572575259,0.8786103572575259,0.8686103572575259,0.8686103572575259,0.8586103572575259
198,0.7224662137334341,0.7124662137334341,0.7124662137334341,0.7224662137334341,0.7324662137334341,0.7124662137334341,0.7024662137334341,0.7274662137334341,0.7374662137334341,0.7374662137334341,0.7374662137334341,0.7374662137334341,0.7274662137334341
199,0.6246228229175472,0.6246228229175472,0.6446228229175472,0.6346228229175472,0.6446228229175472,0.6446228229175472,0.6446228229175472,0.6546228229175473,0.6646228229175473,0.6646228229175473,0.6646228229175473,0.6546228229175473,0.6446228229175472
200,0.7099493976998661,0.7099493976998661,0.6799493976998661,0.6799493976998661,0.6699493976998661,0.6699493976998661,0.6699493976998661,0.6999493976998661,0.7099493976998661,0.7099493976998661,0.7099493976998661,0.7299493976998661,0.7049493976998661
201,0.7302367141433946,0.6902367141433946,0.6952367141433946,0.6952367141433946,0.6952367141433946,0.7052367141433946,0.7152367141433946,0.7152367141433946,0.7252367141433946,0.7252367141433946,0.7252367141433946,0.7552367141433947,0.7352367141433946
202,0.8450511231393177,0.8450511231393177,0.8450511231393177,0.8750511231393178,0.8550511231393177,0.8450511231393177,0.8450511231393177,0.8450511231393177,0.8650511231393178,0.8650511231393178,0.8650511231393178,0.8450511231393177,0.8450511231393177
203,0.7143123022264564,0.7343123022264564,0.7043123022264564,0.6943123022264563,0.6943123022264563,0.6943123022264563,0.6943123022264563,0.7143123022264564,0.7143123022264564,0.7343123022264564,0.7443123022264564,0.7443123022264564,0.7543123022264564
204,0.728109060593005,0.748109060593005,0.738109060593005,0.728109060593005,0.748109060593005,0.748109060593005,0.768109060593005,0.763109060593005,0.753109060593005,0.763109060593005,0.753109060593005,0.733109060593005,0.733109060593005
205,0.7560059146464229,0.7560059146464229,0.7560059146464229,0.7560059146464229,0.7360059146464228,0.7560059146464229,0.7560059146464229,0.7360059146464228,0.7360059146464228,0.7460059146464229,0.7460059146464229,0.7360059146464228,0.7260059146464228
206,0.8372194360091676,0.8472194360091676,0.8572194360091676,0.8472194360091676,0.8672194360091676,0.8672194360091676,0.8522194360091676,0.8522194360091676,0.8522194360091676,0.8722194360091676,0.8622194360091676,0.8822194360091676,0.8822194360091676
207,0.831261506876547,0.821261506876547,0.821261506876547,0.821261506876547,0.821261506876547,0.811261506876547,0.811261506876547,0.811261506876547,0.791261506876547,0.791261506876547,0.801261506876547,0.801261506876547,0.811261506876547
208,0.7371382170620504,0.7471382170620504,0.7371382170620504,0.7371382170620504,0.7471382170620504,0.7571382170620504,0.7571382170620504,0.7571382170620504,0.7571382170620504,0.7471382170620504,0.7471382170620504,0.7371382170620504,0.7371382170620504
209,0.7467897076294358,0.7467897076294358,0.7167897076294357,0.7167897076294357,0.7367897076294357,0.7367897076294357,0.7367897076294357,0.7467897076294358,0.7467897076294358,0.7367897076294357,0.7367897076294357,0.7267897076294357,0.7267897076294357
210,0.8353950156011679,0.8353950156011679,0.8253950156011679,0.8153950156011679,0.8153950156011679,0.8353950156011679,0.8253950156011679,0.8453950156011679,0.8453950156011679,0.8453950156011679,0.8453950156011679,0.8453950156011679,0.8453950156011679
211,0.889253325153527,0.889253325153527,0.889253325153527,0.909253325153527,0.884253325153527,0.884253325153527,0.894253325153527,0.894253325153527,0.884253325153527,0.894253325153527,0.894253325153527,0.8542533251535269,0.8742533251535269
212,0.862506713193592,0.872506713193592,0.872506713193592,0.872506713193592,0.892506713193592,0.882506713193592,0.882506713193592,0.902506713193592,0.897506713193592,0.897506713193592,0.887506713193592,0.887506713193592,0.897506713193592
213,0.7134635983440234,0.7334635983440234,0.7134635983440234,0.7234635983440234,0.7134635983440234,0.7034635983440234,0.7034635983440234,0.6734635983440234,0.6734635983440234,0.6784635983440234,0.6784635983440234,0.6984635983440234,0.6984635983440234
214,0.7271873346604184,0.7371873346604184,0.7371873346604184,0.7171873346604184,0.7471873346604184,0.7571873346604184,0.7471873346604184,0.7171873346604184,0.7171873346604184,0.7171873346604184,0.7171873346604184,0.7171873346604184,0.7071873346604184
215,0.752082656467883,0.752082656467883,0.762082656467883,0.742082656467883,0.7120826564678829,0.732082656467883,0.7220826564678829,0.732082656467883,0.7220826564678829,0.7120826564678829,0.7120826564678829,0.7120826564678829,0.7120826564678829
216,0.7740007319309111,0.7640007319309111,0.7640007319309111,0.7440007319309111,0.7440007319309111,0.7440007319309111,0.7540007319309111,0.7440007319309111,0.7440007319309111,0.7540007319309111,0.7440007319309111,0.7440007319309111,0.7440007319309111
217,0.7858823908683075,0.7858823908683075,0.7858823908683075,0.7858823908683075,0.7858823908683075,0.8158823908683075,0.8258823908683075,0.8158823908683075,0.8158823908683075,0.8158823908683075,0.8158823908683075,0.7958823908683075,0.7858823908683075
218,0.5218448539431402,0.5218448539431402,0.5218448539431402,0.5218448539431402,0.5218448539431402,0.5218448539431402,0.5318448539431402,0.5418448539431402,0.5418448539431402,0.5418448539431402,0.5318448539431402,0.5318448539431402,0.5318448539431402
219,0.6341558769045873,0.6341558769045873,0.6341558769045873,0.6341558769045873,0.6341558769045873,0.6341558769045873,0.6241558769045873,0.6241558769045873,0.6341558769045873,0.6141558769045873,0.6241558769045873,0.6341558769045873,0.6441558769045873
220,0.9078967816960648,0.9078967816960648,0.9278967816960648,0.9278967816960648,0.9478967816960648,0.9478967816960648,0.9478967816960648,0.9378967816960648,0.9228967816960648,0.9228967816960648,0.9328967816960648,0.9328967816960648,0.9428967816960648
221,0.8310947850340203,0.8310947850340203,0.8210947850340203,0.8210947850340203,0.8010947850340203,0.8010947850340203,0.8160947850340203,0.8160947850340203,0.8360947850340203,0.8360947850340203,0.8360947850340203,0.8060947850340203,0.7960947850340203
222,0.7901413079443098,0.8001413079443098,0.7701413079443098,0.7701413079443098,0.7701413079443098,0.7701413079443098,0.7801413079443098,0.7901413079443098,0.7701413079443098,0.7701413079443098,0.7701413079443098,0.7951413079443098,0.7851413079443098
223,0.7125110917191974,0.7025110917191973,0.6925110917191973,0.6925110917191973,0.7025110917191973,0.6925110917191973,0.6925110917191973,0.6925110917191973,0.6825110917191973,0.7025110917191973,0.7125110917191974,0.7125110917191974,0.7225110917191974
224,0.6889824720496227,0.6889824720496227,0.6789824720496227,0.7089824720496227,0.6789824720496227,0.6789824720496227,0.6989824720496227,0.6989824720496227,0.6889824720496227,0.7089824720496227,0.6839824720496227,0.6939824720496227,0.6739824720496227
225,0.8930374220667225,0.8930374220667225,0.9230374220667226,0.9080374220667226,0.8980374220667225,0.8980374220667225,0.8980374220667225,0.9080374220667226,0.9180374220667226,0.9380374220667226,0.9180374220667226,0.9180374220667226,0.9080374220667226
226,0.6387409408123583,0.6387409408123583,0.6487409408123583,0.6487409408123583,0.6187409408123583,0.6287409408123583,0.6287409408123583,0.6087409408123583,0.6087409408123583,0.6287409408123583,0.6287409408123583,0.6087409408123583,0.5987409408123583
227,0.8854946800751821,0.8854946800751821,0.8854946800751821,0.9054946800751821,0.9254946800751821,0.9254946800751821,0.9254946800751821,0.9254946800751821,0.9254946800751821,0.9254946800751821,0.9204946800751821,0.9204946800751821,0.9204946800751821
228,0.7881216330411627,0.7981216330411627,0.8081216330411627,0.8081216330411627,0.8181216330411627,0.8181216330411627,0.8181216330411627,0.8081216330411627,0.8181216330411627,0.8281216330411627,0.8181216330411627,0.8181216330411627,0.8081216330411627
229,0.8288979062630429,0.8288979062630429,0.8188979062630429,0.838897906263043,0.838897906263043,0.8188979062630429,0.8188979062630429,0.8188979062630429,0.7988979062630429,0.7988979062630429,0.7988979062630429,0.8088979062630429,0.8088979062630429
230,0.7043436300347297,0.7143436300347297,0.7043436300347297,0.7243436300347297,0.7243436300347297,0.7443436300347297,0.7343436300347297,0.7343436300347297,0.7343436300347297,0.7343436300347297,0.7043436300347297,0.6943436300347297,0.7143436300347297
231,0.8238060918760306,0.8238060918760306,0.8238060918760306,0.8338060918760306,0.8438060918760306,0.8438060918760306,0.8538060918760306,0.8538060918760306,0.8638060918760306,0.8588060918760306,0.8488060918760306,0.8488060918760306,0.8588060918760306
232,0.6776350355343609,0.6476350355343609,0.6576350355343609,0.6476350355343609,0.6476350355343609,0.6476350355343609,0.6476350355343609,0.6376350355343609,0.6376350355343609,0.6476350355343609,0.6976350355343609,0.6976350355343609,0.6976350355343609
233,0.9208696710654705,0.9108696710654705,0.9108696710654705,0.9108696710654705,0.9208696710654705,0.9008696710654704,0.9008696710654704,0.9008696710654704,0.9008696710654704,0.9008696710654704,0.9008696710654704,0.9008696710654704,0.9008696710654704
234,0.8147329838052445,0.8147329838052445,0.8147329838052445,0.8147329838052445,0.8247329838052445,0.8247329838052445,0.8247329838052445,0.8147329838052445,0.8247329838052445,0.8347329838052445,0.8147329838052445,0.8347329838052445,0.8247329838052445
235,0.736575764018339,0.746575764018339,0.756575764018339,0.756575764018339,0.746575764018339,0.766575764018339,0.766575764018339,0.746575764018339,0.726575764018339,0.736575764018339,0.756575764018339,0.766575764018339,0.776575764018339
236,0.9786698179013585,0.9886698179013585,0.9886698179013585,0.9886698179013585,0.9986698179013586,0.9986698179013586,0.9886698179013585,0.9886698179013585,0.9886698179013585,0.9886698179013585,0.9886698179013585,0.9886698179013585,0.9986698179013586
237,0.7361646212161133,0.7361646212161133,0.7361646212161133,0.7061646212161132,0.7061646212161132,0.7061646212161132,0.6961646212161132,0.7011646212161132,0.7111646212161132,0.7111646212161132,0.7111646212161132,0.7111646212161132,0.7211646212161132
238,0.7894489511800816,0.7994489511800816,0.8094489511800816,0.8094489511800816,0.8194489511800817,0.8194489511800817,0.8194489511800817,0.8194489511800817,0.8294489511800817,0.8294489511800817,0.8294489511800817,0.8294489511800817,0.8294489511800817
239,0.7368699838295453,0.7268699838295453,0.7268699838295453,0.7268699838295453,0.7268699838295453,0.7168699838295453,0.7168699838295453,0.7168699838295453,0.7068699838295452,0.6968699838295452,0.6968699838295452,0.6968699838295452,0.7068699838295452
240,0.7587467406969146,0.7887467406969146,0.7787467406969146,0.7787467406969146,0.7787467406969146,0.7787467406969146,0.7687467406969146,0.7787467406969146,0.7887467406969146,0.7987467406969146,0.7937467406969146,0.7837467406969146,0.7737467406969146
241,0.873496278417731,0.863496278417731,0.873496278417731,0.893496278417731,0.893496278417731,0.893496278417731,0.883496278417731,0.883496278417731,0.883496278417731,0.883496278417731,0.883496278417731,0.873496278417731,0.873496278417731
242,0.6272481854322038,0.6272481854322038,0.6172481854322038,0.6272481854322038,0.6072481854322038,0.6172481854322038,0.6372481854322039,0.6672481854322039,0.6672481854322039,0.6672481854322039,0.6572481854322039,0.6572481854322039,0.6672481854322039
243,0.6455201748449526,0.6455201748449526,0.6455201748449526,0.6355201748449526,0.6455201748449526,0.6355201748449526,0.6455201748449526,0.6455201748449526,0.6255201748449526,0.6355201748449526,0.6355201748449526,0.6355201748449526,0.6555201748449526
244,0.7174626537518195,0.7174626537518195,0.7174626537518195,0.7274626537518195,0.7174626537518195,0.7274626537518195,0.7074626537518195,0.7274626537518195,0.7074626537518195,0.7074626537518195,0.7074626537518195,0.7074626537518195,0.7074626537518195
245,0.754862955009719,0.774862955009719,0.784862955009719,0.794862955009719,0.794862955009719,0.789862955009719,0.779862955009719,0.779862955009719,0.779862955009719,0.769862955009719,0.779862955009719,0.769862955009719,0.769862955009719
246,0.6980796079941789,0.6980796079941789,0.7080796079941789,0.6980796079941789,0.6980796079941789,0.6980796079941789,0.6980796079941789,0.7280796079941789,0.7280796079941789,0.7280796079941789,0.7130796079941789,0.6830796079941789,0.6830796079941789
247,0.9230407547856736,0.9030407547856736,0.9130407547856736,0.8930407547856736,0.8930407547856736,0.8930407547856736,0.8930407547856736,0.8930407547856736,0.9080407547856736,0.9080407547856736,0.8980407547856736,0.8880407547856736,0.8980407547856736
248,0.7933555923915016,0.7733555923915015,0.7733555923915015,0.7733555923915015,0.7733555923915015,0.7833555923915015,0.7833555923915015,0.7833555923915015,0.8133555923915016,0.8133555923915016,0.8333555923915016,0.8333555923915016,0.8333555923915016
249,0.8108614926929208,0.8108614926929208,0.8208614926929209,0.8308614926929209,0.8108614926929208,0.8108614926929208,0.7908614926929208,0.8108614926929208,0.8308614926929209,0.8308614926929209,0.8408614926929209,0.8308614926929209,0.8408614926929209
250,0.8539215351699779,0.8639215351699779,0.8539215351699779,0.8539215351699779,0.8639215351699779,0.8639215351699779,0.883921535169978,0.883921535169978,0.8639215351699779,0.8539215351699779,0.8639215351699779,0.8639215351699779,0.8439215351699779
251,0.787613085330745,0.797613085330745,0.767613085330745,0.767613085330745,0.757613085330745,0.767613085330745,0.787613085330745,0.787613085330745,0.767613085330745,0.757613085330745,0.757613085330745,0.747613085330745,0.757613085330745
252,0.6316649155973239,0.6316649155973239,0.6316649155973239,0.6516649155973239,0.6616649155973239,0.6616649155973239,0.6616649155973239,0.6416649155973239,0.6416649155973239,0.6416649155973239,0.6416649155973239,0.6416649155973239,0.6416649155973239
253,0.9825152973698658,1.0,1.0,1.0,0.98,0.97,0.97,0.98,0.98,0.98,0.98,0.98,0.98
254,0.7303911141138384,0.7103911141138384,0.7103911141138384,0.7103911141138384,0.7103911141138384,0.7103911141138384,0.7403911141138384,0.7403911141138384,0.7303911141138384,0.7203911141138384,0.7303911141138384,0.7603911141138384,0.7703911141138384
255,0.7250274291683865,0.7150274291683865,0.7350274291683865,0.7350274291683865,0.7350274291683865,0.7150274291683865,0.7150274291683865,0.6950274291683864,0.7100274291683865,0.7100274291683865,0.7100274291683865,0.7200274291683865,0.7200274291683865
256,0.8394253397679785,0.8394253397679785,0.8094253397679785,0.8094253397679785,0.7994253397679785,0.8044253397679785,0.8144253397679785,0.8144253397679785,0.8144253397679785,0.8244253397679785,0.8244253397679785,0.8344253397679785,0.8344253397679785
257,0.7038015392109201,0.7238015392109202,0.7238015392109202,0.7338015392109202,0.7438015392109202,0.7438015392109202,0.7238015392109202,0.7238015392109202,0.7238015392109202,0.7238015392109202,0.7238015392109202,0.6988015392109201,0.6988015392109201
258,0.7783960454935173,0.7783960454935173,0.7883960454935173,0.7783960454935173,0.7783960454935173,0.7683960454935173,0.7883960454935173,0.7883960454935173,0.7883960454935173,0.7983960454935173,0.8083960454935173,0.7983960454935173,0.7983960454935173
259,0.6116236013690676,0.6116236013690676,0.6116236013690676,0.5916236013690676,0.6016236013690676,0.6216236013690676,0.6016236013690676,0.6016236013690676,0.5916236013690676,0.5816236013690675,0.6016236013690676,0.6116236013690676,0.6116236013690676
260,0.7161686631926846,0.6961686631926846,0.6761686631926845,0.7061686631926846,0.6961686631926846,0.7061686631926846,0.6961686631926846,0.7261686631926846,0.7361686631926846,0.7261686631926846,0.6961686631926846,0.7161686631926846,0.7361686631926846
261,0.8315810397839442,0.8215810397839441,0.8115810397839441,0.8115810397839441,0.8215810397839441,0.8215810397839441,0.8015810397839441,0.8215810397839441,0.8215810397839441,0.7915810397839441,0.7915810397839441,0.8015810397839441,0.7915810397839441
262,0.7676277449837358,0.7776277449837358,0.7576277449837358,0.7776277449837358,0.7876277449837358,0.7776277449837358,0.7776277449837358,0.7776277449837358,0.7776277449837358,0.7776277449837358,0.7876277449837358,0.7776277449837358,0.7676277449837358
263,0.6120621924838325,0.5820621924838325,0.5820621924838325,0.5820621924838325,0.5820621924838325,0.5820621924838325,0.5820621924838325,0.5820621924838325,0.5820621924838325,0.5720621924838325,0.5770621924838325,0.5970621924838325,0.6070621924838325
264,0.8234224230273434,0.8234224230273434,0.8434224230273434,0.8134224230273434,0.8134224230273434,0.8234224230273434,0.8134224230273434,0.7934224230273433,0.8034224230273433,0.8134224230273434,0.8134224230273434,0.8334224230273434,0.8134224230273434
265,0.8261199686393992,0.8361199686393992,0.8361199686393992,0.8261199686393992,0.8161199686393992,0.8161199686393992,0.8161199686393992,0.8061199686393992,0.7961199686393992,0.7861199686393991,0.7861199686393991,0.7861199686393991,0.7861199686393991
266,0.5872812787347734,0.5872812787347734,0.5672812787347734,0.5672812787347734,0.5572812787347734,0.5572812787347734,0.5472812787347734,0.5472812787347734,0.5522812787347734,0.5622812787347734,0.5622812787347734,0.5622812787347734,0.5522812787347734
267,0.8115624915975943,0.8115624915975943,0.8115624915975943,0.7915624915975943,0.7915624915975943,0.7915624915975943,0.7915624915975943,0.7915624915975943,0.7715624915975943,0.7715624915975943,0.7915624915975943,0.7915624915975943,0.7815624915975943
268,0.91858850380204,0.90858850380204,0.90858850380204,0.90858850380204,0.91858850380204,0.9485885038020401,0.9335885038020401,0.92358850380204,0.91358850380204,0.91358850380204,0.90358850380204,0.90358850380204,0.88358850380204
269,0.9579145913220134,0.9579145913220134,0.9279145913220134,0.9279145913220134,0.9279145913220134,0.9279145913220134,0.9279145913220134,0.9379145913220134,0.9279145913220134,0.9479145913220134,0.9379145913220134,0.9379145913220134,0.9679145913220134
270,0.5837553005899072,0.5837553005899072,0.6037553005899072,0.5937553005899072,0.5937553005899072,0.6137553005899072,0.5837553005899072,0.5837553005899072,0.5737553005899072,0.5537553005899072,0.5537553005899072,0.5437553005899072,0.5537553005899072
271,0.824116019387125,0.824116019387125,0.824116019387125,0.834116019387125,0.824116019387125,0.834116019387125,0.834116019387125,0.844116019387125,0.844116019387125,0.854116019387125,0.834116019387125,0.834116019387125,0.824116019387125
272,0.9195916779535709,0.9195916779535709,0.9095916779535709,0.9095916779535709,0.9095916779535709,0.9195916779535709,0.9095916779535709,0.9095916779535709,0.9195916779535709,0.9295916779535709,0.9295916779535709,0.9495916779535709,0.9345916779535709
273,0.7303711475568749,0.7403711475568749,0.7403711475568749,0.750371147556875,0.7403711475568749,0.760371147556875,0.770371147556875,0.760371147556875,0.760371147556875,0.760371147556875,0.750371147556875,0.7303711475568749,0.7303711475568749
274,0.6123244418410718,0.6123244418410718,0.6123244418410718,0.5923244418410718,0.6173244418410718,0.6073244418410718,0.6073244418410718,0.6073244418410718,0.5973244418410718,0.5873244418410718,0.5773244418410718,0.5873244418410718,0.5773244418410718
275,0.7582283905725332,0.7482283905725332,0.7482283905725332,0.7382283905725332,0.7182283905725332,0.7182283905725332,0.7182283905725332,0.7232283905725332,0.7332283905725332,0.7332283905725332,0.7332283905725332,0.7532283905725332,0.7432283905725332
276,0.8270920975611219,0.8070920975611219,0.8270920975611219,0.8170920975611219,0.8270920975611219,0.8270920975611219,0.8270920975611219,0.7970920975611219,0.8070920975611219,0.7970920975611219,0.8070920975611219,0.8070920975611219,0.8070920975611219
277,0.8518487047135224,0.8318487047135223,0.8318487047135223,0.8318487047135223,0.8318487047135223,0.8318487047135223,0.8418487047135224,0.8418487047135224,0.8318487047135223,0.8418487047135224,0.8418487047135224,0.8518487047135224,0.8518487047135224
278,0.8644176525102031,0.8744176525102031,0.8744176525102031,0.8844176525102031,0.9044176525102031,0.9044176525102031,0.8994176525102031,0.8894176525102031,0.8794176525102031,0.8694176525102031,0.8794176525102031,0.8794176525102031,0.8794176525102031
279,0.8535080362587695,0.8535080362587695,0.8435080362587695,0.8135080362587694,0.8235080362587694,0.8135080362587694,0.8435080362587695,0.8435080362587695,0.8335080362587695,0.8435080362587695,0.8335080362587695,0.8335080362587695,0.8335080362587695
280,0.7974448888305256,0.7774448888305255,0.7674448888305255,0.7674448888305255,0.7974448888305256,0.8174448888305256,0.8274448888305256,0.8274448888305256,0.8074448888305256,0.8174448888305256,0.8174448888305256,0.8074448888305256,0.8174448888305256
281,0.6774052941635821,0.6774052941635821,0.6774052941635821,0.6974052941635821,0.6974052941635821,0.7174052941635821,0.7174052941635821,0.7124052941635821,0.7124052941635821,0.7024052941635821,0.6824052941635821,0.6824052941635821,0.6924052941635821
282,0.912523720512213,0.912523720512213,0.922523720512213,0.922523720512213,0.902523720512213,0.892523720512213,0.912523720512213,0.942523720512213,0.942523720512213,0.932523720512213,0.932523720512213,0.907523720512213,0.907523720512213
283,0.8641570730675535,0.8641570730675535,0.8641570730675535,0.8641570730675535,0.8441570730675535,0.8541570730675535,0.8841570730675535,0.8841570730675535,0.8841570730675535,0.8741570730675535,0.8641570730675535,0.8641570730675535,0.8741570730675535
284,0.7815611809149741,0.7815611809149741,0.7915611809149741,0.7915611809149741,0.8115611809149741,0.8115611809149741,0.8015611809149741,0.8115611809149741,0.8215611809149741,0.8215611809149741,0.8115611809149741,0.8115611809149741,0.8215611809149741
285,0.9261439128279298,0.9261439128279298,0.9061439128279298,0.9161439128279298,0.9161439128279298,0.9261439128279298,0.9261439128279298,0.9161439128279298,0.9261439128279298,0.9261439128279298,0.9261439128279298,0.9461439128279299,0.9461439128279299
286,0.40366630219473976,0.39366630219473975,0.39366630219473975,0.39366630219473975,0.39366630219473975,0.40366630219473976,0.39366630219473975,0.37366630219473973,0.40366630219473976,0.39366630219473975,0.41366630219473977,0.38366630219473974,0.39366630219473975
287,0.831878606117962,0.8518786061179621,0.8718786061179621,0.8518786061179621,0.8518786061179621,0.8618786061179621,0.8618786061179621,0.8518786061179621,0.8518786061179621,0.821878606117962,0.821878606117962,0.821878606117962,0.821878606117962
288,0.739815734946043,0.769815734946043,0.769815734946043,0.769815734946043,0.769815734946043,0.739815734946043,0.719815734946043,0.709815734946043,0.729815734946043,0.739815734946043,0.739815734946043,0.739815734946043,0.769815734946043
289,0.7127086652770678,0.7127086652770678,0.7127086652770678,0.7227086652770678,0.7227086652770678,0.7327086652770678,0.7327086652770678,0.7327086652770678,0.7227086652770678,0.7227086652770678,0.7427086652770678,0.7527086652770678,0.7427086652770678
290,0.9795498752468257,0.9695498752468257,0.9695498752468257,0.9695498752468257,0.9695498752468257,0.9595498752468257,0.9695498752468257,0.9795498752468257,0.9695498752468257,0.9695498752468257,0.9795498752468257,0.9795498752468257,0.9795498752468257
291,0.8170462933145378,0.7970462933145378,0.7870462933145378,0.7870462933145378,0.7870462933145378,0.8070462933145378,0.8070462933145378,0.8070462933145378,0.8070462933145378,0.8070462933145378,0.7970462933145378,0.7970462933145378,0.7970462933145378
292,0.8164332356457105,0.8164332356457105,0.8064332356457105,0.8064332356457105,0.8064332356457105,0.7964332356457104,0.7964332356457104,0.7964332356457104,0.8064332356457105,0.7864332356457104,0.7864332356457104,0.7864332356457104,0.7864332356457104
293,0.6545463821875306,0.6545463821875306,0.6645463821875306,0.6545463821875306,0.6445463821875306,0.6645463821875306,0.6545463821875306,0.6345463821875306,0.6545463821875306,0.6645463821875306,0.6645463821875306,0.6545463821875306,0.6845463821875306
294,0.7102241068050797,0.7102241068050797,0.7102241068050797,0.7002241068050797,0.7202241068050798,0.7202241068050798,0.7302241068050798,0.7202241068050798,0.6902241068050797,0.6902241068050797,0.6802241068050797,0.6902241068050797,0.6902241068050797
295,0.7783741899736867,0.7583741899736867,0.7483741899736867,0.7383741899736866,0.7383741899736866,0.7583741899736867,0.7683741899736867,0.7683741899736867,0.7883741899736867,0.7883741899736867,0.7983741899736867,0.8083741899736867,0.8083741899736867
296,0.5568814660795667,0.5468814660795667,0.5368814660795667,0.5368814660795667,0.5368814660795667,0.5368814660795667,0.5568814660795667,0.5568814660795667,0.5668814660795667,0.5668814660795667,0.5868814660795667,0.5868814660795667,0.5768814660795667
297,0.8780448138922661,0.8780448138922661,0.8780448138922661,0.8880448138922661,0.8880448138922661,0.9180448138922661,0.9180448138922661,0.9080448138922661,0.9080448138922661,0.9080448138922661,0.8980448138922661,0.8980448138922661,0.8980448138922661
298,0.7685450061744102,0.7585450061744102,0.7485450061744102,0.7385450061744102,0.7485450061744102,0.7285450061744102,0.7385450061744102,0.7385450061744102,0.7385450061744102,0.7385450061744102,0.7385450061744102,0.7385450061744102,0.7585450061744102
299,0.8025396661128534,0.8025396661128534,0.7925396661128534,0.8025396661128534,0.7925396661128534,0.8225396661128535,0.8225396661128535,0.8125396661128534,0.8125396661128534,0.8125396661128534,0.8125396661128534,0.7925396661128534,0.8325396661128535
300,0.7472313046363724,0.7272313046363724,0.7472313046363724,0.7472313046363724,0.7472313046363724,0.7372313046363724,0.7372313046363724,0.7372313046363724,0.7472313046363724,0.7572313046363724,0.7772313046363725,0.7672313046363725,0.7672313046363725
301,0.7861061788572312,0.8061061788572312,0.8061061788572312,0.8161061788572312,0.8161061788572312,0.8261061788572313,0.8161061788572312,0.8161061788572312,0.8011061788572312,0.8111061788572312,0.8111061788572312,0.8111061788572312,0.8111061788572312
302,0.7278494292956437,0.7278494292956437,0.7078494292956437,0.6978494292956436,0.7128494292956437,0.7128494292956437,0.6928494292956436,0.6928494292956436,0.6928494292956436,0.7028494292956436,0.7128494292956437,0.7128494292956437,0.7128494292956437
303,0.7752136202002614,0.7852136202002614,0.7952136202002614,0.7952136202002614,0.7752136202002614,0.7852136202002614,0.8052136202002614,0.7902136202002614,0.7902136202002614,0.7902136202002614,0.7902136202002614,0.7702136202002614,0.7702136202002614
304,0.9290959138704442,0.9490959138704442,0.9490959138704442,0.9590959138704442,0.9590959138704442,0.9690959138704442,0.9690959138704442,0.9690959138704442,0.9690959138704442,0.9490959138704442,0.9390959138704442,0.9390959138704442,0.9490959138704442
305,0.8804386262178052,0.8804386262178052,0.8704386262178052,0.8704386262178052,0.8704386262178052,0.8704386262178052,0.8904386262178052,0.8904386262178052,0.8554386262178052,0.8654386262178052,0.8754386262178052,0.8754386262178052,0.8654386262178052
306,0.6702598996245079,0.6502598996245079,0.6502598996245079,0.6502598996245079,0.6502598996245079,0.6702598996245079,0.690259899624508,0.700259899624508,0.700259899624508,0.700259899624508,0.700259899624508,0.700259899624508,0.710259899624508
307,0.8089460873142255,0.8089460873142255,0.8289460873142255,0.8189460873142255,0.8289460873142255,0.8389460873142255,0.8489460873142255,0.8439460873142255,0.8339460873142255,0.8339460873142255,0.8439460873142255,0.8239460873142255,0.7939460873142254
308,0.6665600691430246,0.6665600691430246,0.6565600691430246,0.6665600691430246,0.6665600691430246,0.6565600691430246,0.6565600691430246,0.6565600691430246,0.6465600691430246,0.6365600691430245,0.6515600691430246,0.6315600691430245,0.6415600691430245
309,1.0,0.99,0.99,0.99,1.0,1.0,0.98,0.96,0.97,0.97,0.97,0.97,0.96
310,0.6258418198982473,0.6358418198982473,0.6258418198982473,0.6158418198982473,0.6258418198982473,0.6258418198982473,0.6258418198982473,0.5958418198982472,0.5858418198982472,0.5908418198982472,0.6108418198982473,0.6108418198982473,0.6308418198982473
311,0.7887984083113672,0.7787984083113672,0.7787984083113672,0.7987984083113672,0.7987984083113672,0.7987984083113672,0.7987984083113672,0.7987984083113672,0.7987984083113672,0.7987984083113672,0.7987984083113672,0.7987984083113672,0.7987984083113672
312,1.0,1.0,1.0,0.99,0.99,1.0,0.98,0.98,0.98,0.99,0.99,0.99,0.98
313,0.6503074513035756,0.6403074513035756,0.6503074513035756,0.6503074513035756,0.6603074513035756,0.6503074513035756,0.6603074513035756,0.6503074513035756,0.6403074513035756,0.6603074513035756,0.6603074513035756,0.6603074513035756,0.6603074513035756
314,0.7965597019724653,0.7965597019724653,0.7865597019724653,0.7965597019724653,0.8165597019724653,0.8065597019724653,0.7965597019724653,0.7965597019724653,0.8165597019724653,0.7965597019724653,0.8165597019724653,0.8265597019724653,0.8265597019724653
315,0.620169978014145,0.620169978014145,0.620169978014145,0.610169978014145,0.630169978014145,0.600169978014145,0.610169978014145,0.620169978014145,0.590169978014145,0.590169978014145,0.5801699780141449,0.5801699780141449,0.5851699780141449
316,0.717755226266521,0.707755226266521,0.687755226266521,0.717755226266521,0.697755226266521,0.697755226266521,0.687755226266521,0.697755226266521,0.687755226266521,0.707755226266521,0.687755226266521,0.687755226266521,0.687755226266521
317,0.6939064977941956,0.6939064977941956,0.6939064977941956,0.7039064977941956,0.7139064977941956,0.6639064977941955,0.6639064977941955,0.6739064977941955,0.6839064977941955,0.6739064977941955,0.6639064977941955,0.6839064977941955,0.6839064977941955
318,0.860908974990256,0.850908974990256,0.850908974990256,0.840908974990256,0.840908974990256,0.820908974990256,0.825908974990256,0.835908974990256,0.825908974990256,0.825908974990256,0.855908974990256,0.865908974990256,0.865908974990256
319,0.5584141131002773,0.5584141131002773,0.5784141131002773,0.5484141131002773,0.5484141131002773,0.5484141131002773,0.5584141131002773,0.5684141131002773,0.5684141131002773,0.5584141131002773,0.5684141131002773,0.5684141131002773,0.5884141131002774
320,0.7150678530159792,0.7150678530159792,0.7150678530159792,0.7150678530159792,0.7150678530159792,0.7150678530159792,0.7150678530159792,0.7050678530159792,0.6850678530159792,0.6850678530159792,0.7150678530159792,0.7250678530159792,0.7250678530159792
321,0.7983821965853486,0.8183821965853486,0.8283821965853486,0.8183821965853486,0.8183821965853486,0.7683821965853486,0.7783821965853486,0.7883821965853486,0.7983821965853486,0.7883821965853486,0.7683821965853486,0.7883821965853486,0.7783821965853486
322,0.7518503153248043,0.7618503153248043,0.7518503153248043,0.7618503153248043,0.7618503153248043,0.7618503153248043,0.7618503153248043,0.7718503153248043,0.7718503153248043,0.7718503153248043,0.7718503153248043,0.7468503153248043,0.7568503153248043
323,0.6493104545543992,0.6593104545543992,0.6593104545543992,0.6693104545543992,0.6693104545543992,0.6593104545543992,0.6593104545543992,0.6793104545543992,0.6643104545543992,0.6643104545543992,0.6543104545543992,0.6343104545543992,0.6343104545543992
324,0.8572635171015918,0.8572635171015918,0.8472635171015918,0.8472635171015918,0.8472635171015918,0.8472635171015918,0.8472635171015918,0.8472635171015918,0.8472635171015918,0.8572635171015918,0.8472635171015918,0.8372635171015917,0.8472635171015918
325,0.7040624254534709,0.7140624254534709,0.7040624254534709,0.7040624254534709,0.7140624254534709,0.7140624254534709,0.7340624254534709,0.7340624254534709,0.7240624254534709,0.7240624254534709,0.6990624254534709,0.7190624254534709,0.7190624254534709
326,0.7655438375411077,0.7855438375411077,0.8055438375411077,0.8055438375411077,0.8055438375411077,0.8055438375411077,0.8005438375411077,0.7905438375411077,0.7905438375411077,0.7905438375411077,0.7905438375411077,0.7805438375411077,0.7705438375411077
327,0.7170238911433046,0.7170238911433046,0.6970238911433045,0.6970238911433045,0.6870238911433045,0.7070238911433046,0.7070238911433046,0.7070238911433046,0.7070238911433046,0.7170238911433046,0.7170238911433046,0.7270238911433046,0.7270238911433046
328,0.6845193514468959,0.6845193514468959,0.6945193514468959,0.7045193514468959,0.7045193514468959,0.7045193514468959,0.6945193514468959,0.6945193514468959,0.6845193514468959,0.6445193514468959,0.6745193514468959,0.6745193514468959,0.6945193514468959
329,0.7702836328457063,0.7702836328457063,0.7702836328457063,0.7702836328457063,0.7902836328457064,0.7702836328457063,0.7902836328457064,0.7902836328457064,0.7902836328457064,0.7902836328457064,0.7902836328457064,0.7602836328457063,0.7302836328457063
330,0.6283037363693994,0.6283037363693994,0.6183037363693994,0.6183037363693994,0.6383037363693994,0.6383037363693994,0.6483037363693994,0.6483037363693994,0.6483037363693994,0.6683037363693994,0.6683037363693994,0.6683037363693994,0.6583037363693994
331,0.730106822999486,0.740106822999486,0.730106822999486,0.730106822999486,0.730106822999486,0.7501068229994861,0.7501068229994861,0.730106822999486,0.7501068229994861,0.730106822999486,0.710106822999486,0.710106822999486,0.730106822999486
332,0.8903340703892333,0.8903340703892333,0.8903340703892333,0.8903340703892333,0.8903340703892333,0.8803340703892333,0.9003340703892333,0.8903340703892333,0.9003340703892333,0.9103340703892333,0.9103340703892333,0.9203340703892333,0.9053340703892333
333,0.807534451012669,0.837534451012669,0.837534451012669,0.797534451012669,0.787534451012669,0.787534451012669,0.787534451012669,0.787534451012669,0.787534451012669,0.787534451012669,0.7675344510126689,0.7725344510126689,0.7725344510126689
334,0.7227213461140698,0.7227213461140698,0.7327213461140698,0.7327213461140698,0.7227213461140698,0.7227213461140698,0.7227213461140698,0.7227213461140698,0.7227213461140698,0.7227213461140698,0.7227213461140698,0.7027213461140698,0.7127213461140698
335,0.7714189924311995,0.7714189924311995,0.7714189924311995,0.7614189924311995,0.7514189924311995,0.7514189924311995,0.7514189924311995,0.7414189924311995,0.7614189924311995,0.7514189924311995,0.7514189924311995,0.7514189924311995,0.7514189924311995
336,0.7486919746997882,0.7586919746997882,0.7786919746997882,0.7486919746997882,0.7486919746997882,0.7486919746997882,0.7686919746997882,0.7586919746997882,0.7186919746997882,0.7186919746997882,0.7186919746997882,0.7286919746997882,0.7186919746997882
337,0.8140574975020849,0.7840574975020849,0.7740574975020849,0.7740574975020849,0.7740574975020849,0.7740574975020849,0.7840574975020849,0.7840574975020849,0.7840574975020849,0.7840574975020849,0.7940574975020849,0.7940574975020849,0.7840574975020849
338,0.823120997367566,0.8331209973675661,0.8331209973675661,0.8331209973675661,0.8331209973675661,0.813120997367566,0.813120997367566,0.803120997367566,0.803120997367566,0.803120997367566,0.803120997367566,0.803120997367566,0.813120997367566
339,0.7341710702996043,0.7241710702996043,0.7241710702996043,0.7441710702996043,0.7441710702996043,0.7441710702996043,0.7441710702996043,0.7441710702996043,0.7541710702996043,0.7541710702996043,0.7641710702996043,0.7541710702996043,0.7441710702996043
340,0.8788172845044071,0.8688172845044071,0.8788172845044071,0.8788172845044071,0.8788172845044071,0.8788172845044071,0.8788172845044071,0.8788172845044071,0.8788172845044071,0.8588172845044071,0.8588172845044071,0.8788172845044071,0.8788172845044071
341,0.7217856883285836,0.7417856883285836,0.7317856883285836,0.7417856883285836,0.7417856883285836,0.7517856883285836,0.7367856883285836,0.7267856883285836,0.7267856883285836,0.7267856883285836,0.7367856883285836,0.7367856883285836,0.7267856883285836
342,0.6487645306150882,0.6487645306150882,0.6287645306150882,0.6287645306150882,0.6487645306150882,0.6687645306150882,0.6587645306150882,0.6187645306150882,0.6337645306150882,0.6337645306150882,0.6337645306150882,0.6437645306150882,0.6437645306150882
343,0.4970246793500906,0.4870246793500906,0.4770246793500906,0.4870246793500906,0.46702467935009057,0.46702467935009057,0.46702467935009057,0.4770246793500906,0.4870246793500906,0.4870246793500906,0.4870246793500906,0.4770246793500906,0.4870246793500906
344,0.7980283048914172,0.8080283048914172,0.8280283048914172,0.8130283048914172,0.8130283048914172,0.7830283048914172,0.7830283048914172,0.7830283048914172,0.7830283048914172,0.7830283048914172,0.7730283048914172,0.7830283048914172,0.8030283048914172
345,0.8732600201885391,0.8932600201885391,0.8932600201885391,0.9132600201885391,0.9082600201885391,0.8982600201885391,0.8982600201885391,0.8982600201885391,0.8882600201885391,0.8782600201885391,0.8782600201885391,0.8882600201885391,0.8782600201885391
346,0.7248635820480673,0.7148635820480673,0.7148635820480673,0.7248635820480673,0.7248635820480673,0.7248635820480673,0.7148635820480673,0.7448635820480674,0.7548635820480674,0.7648635820480674,0.7648635820480674,0.7648635820480674,0.7598635820480674
347,0.8847709470633035,0.8847709470633035,0.9147709470633035,0.9047709470633035,0.9047709470633035,0.9047709470633035,0.9047709470633035,0.9047709470633035,0.9147709470633035,0.9147709470633035,0.9247709470633035,0.9147709470633035,0.9147709470633035
348,0.691584197731895,0.691584197731895,0.691584197731895,0.691584197731895,0.691584197731895,0.691584197731895,0.691584197731895,0.6815841977318949,0.701584197731895,0.701584197731895,0.691584197731895,0.691584197731895,0.6715841977318949
349,0.7103885536116514,0.7003885536116514,0.7103885536116514,0.7203885536116514,0.6803885536116514,0.6803885536116514,0.6703885536116514,0.6703885536116514,0.6803885536116514,0.6803885536116514,0.6803885536116514,0.6803885536116514,0.6903885536116514
350,0.7770609986022113,0.7870609986022113,0.7870609986022113,0.7870609986022113,0.7870609986022113,0.7770609986022113,0.7770609986022113,0.7870609986022113,0.7870609986022113,0.7870609986022113,0.7870609986022113,0.7770609986022113,0.7870609986022113
351,0.5532681447393838,0.5732681447393838,0.5832681447393838,0.5732681447393838,0.5732681447393838,0.5732681447393838,0.5732681447393838,0.5732681447393838,0.5932681447393838,0.5832681447393838,0.5832681447393838,0.5682681447393838,0.5682681447393838
352,0.5702359449794353,0.5802359449794353,0.5802359449794353,0.5802359449794353,0.5902359449794353,0.5602359449794353,0.5602359449794353,0.5502359449794353,0.5502359449794353,0.5402359449794353,0.5502359449794353,0.5502359449794353,0.5702359449794353
353,0.932407564002609,0.892407564002609,0.912407564002609,0.912407564002609,0.932407564002609,0.9524075640026091,0.942407564002609,0.922407564002609,0.932407564002609,0.942407564002609,0.9524075640026091,0.932407564002609,0.922407564002609
354,0.9076828735807809,0.9076828735807809,0.8876828735807809,0.8976828735807809,0.8976828735807809,0.8876828735807809,0.8876828735807809,0.8876828735807809,0.8876828735807809,0.9176828735807809,0.937682873580781,0.9176828735807809,0.9176828735807809
355,0.8243151736751019,0.8243151736751019,0.8243151736751019,0.8243151736751019,0.8243151736751019,0.8043151736751019,0.8043151736751019,0.8043151736751019,0.8043151736751019,0.7943151736751018,0.7943151736751018,0.7843151736751018,0.7843151736751018
356,0.8030297786788324,0.8230297786788324,0.8130297786788324,0.8230297786788324,0.8230297786788324,0.8430297786788324,0.8330297786788324,0.8230297786788324,0.8230297786788324,0.8330297786788324,0.8030297786788324,0.7830297786788324,0.7830297786788324
357,0.7929409240770608,0.7929409240770608,0.8129409240770609,0.8029409240770609,0.7929409240770608,0.7929409240770608,0.7929409240770608,0.7929409240770608,0.7929409240770608,0.8029409240770609,0.8129409240770609,0.8129409240770609,0.8129409240770609
358,0.6756837229400552,0.6756837229400552,0.6756837229400552,0.6556837229400552,0.6556837229400552,0.6856837229400552,0.6856837229400552,0.7056837229400552,0.7156837229400552,0.7156837229400552,0.7156837229400552,0.7156837229400552,0.7056837229400552
359,0.7146003038893246,0.7246003038893246,0.7046003038893246,0.7146003038893246,0.7246003038893246,0.7546003038893246,0.7446003038893246,0.7296003038893246,0.6996003038893246,0.6896003038893246,0.6796003038893246,0.6896003038893246,0.6796003038893246
360,0.7828539708017189,0.7828539708017189,0.8028539708017189,0.7828539708017189,0.7828539708017189,0.7828539708017189,0.8028539708017189,0.822853970801719,0.822853970801719,0.822853970801719,0.822853970801719,0.822853970801719,0.8028539708017189
361,0.6987581703813538,0.7087581703813538,0.7087581703813538,0.7287581703813538,0.7087581703813538,0.7187581703813538,0.7187581703813538,0.7187581703813538,0.7287581703813538,0.7287581703813538,0.7087581703813538,0.7087581703813538,0.6987581703813538
362,0.9552959671042107,0.9452959671042107,0.9552959671042107,0.9852959671042107,0.9752959671042107,0.9752959671042107,0.9852959671042107,0.9852959671042107,0.9952959671042108,0.9902959671042108,0.9802959671042107,0.9702959671042107,0.9802959671042107
363,0.7608260177344114,0.7708260177344114,0.7908260177344114,0.7708260177344114,0.7808260177344114,0.7708260177344114,0.7708260177344114,0.7708260177344114,0.7608260177344114,0.7608260177344114,0.7708260177344114,0.7708260177344114,0.7708260177344114
364,0.8367164644314735,0.8167164644314735,0.8267164644314735,0.8067164644314735,0.8167164644314735,0.8417164644314735,0.8317164644314735,0.8317164644314735,0.8317164644314735,0.8217164644314735,0.8217164644314735,0.8117164644314735,0.8117164644314735
365,0.678423452156958,0.658423452156958,0.658423452156958,0.658423452156958,0.683423452156958,0.673423452156958,0.673423452156958,0.683423452156958,0.683423452156958,0.683423452156958,0.673423452156958,0.703423452156958,0.703423452156958
366,0.7212093596001956,0.7212093596001956,0.7412093596001956,0.7612093596001956,0.7512093596001956,0.7512093596001956,0.7512093596001956,0.7412093596001956,0.7212093596001956,0.7212093596001956,0.7212093596001956,0.7112093596001956,0.7012093596001956
367,0.7390709188628561,0.7390709188628561,0.7390709188628561,0.7190709188628561,0.7190709188628561,0.6990709188628561,0.6990709188628561,0.7090709188628561,0.7090709188628561,0.7090709188628561,0.7090709188628561,0.7090709188628561,0.6990709188628561
368,0.7493745221955825,0.7493745221955825,0.7493745221955825,0.7593745221955825,0.7593745221955825,0.7493745221955825,0.7393745221955825,0.7393745221955825,0.7493745221955825,0.7493745221955825,0.7193745221955825,0.7193745221955825,0.7193745221955825
369,0.8642498690680782,0.8542498690680782,0.8542498690680782,0.8642498690680782,0.8742498690680782,0.8642498690680782,0.8342498690680782,0.8442498690680782,0.8542498690680782,0.8642498690680782,0.8642498690680782,0.8642498690680782,0.8442498690680782
370,0.9315489430736414,0.9315489430736414,0.9315489430736414,0.9315489430736414,0.9615489430736415,0.9465489430736415,0.9565489430736415,0.9665489430736415,0.9665489430736415,0.9665489430736415,0.9565489430736415,0.9665489430736415,0.9565489430736415
371,0.9997811255721105,1.0,0.99,0.99,0.99,0.98,0.98,0.98,0.98,0.96,0.975,0.955,0.965
372,0.8131817006207159,0.8231817006207159,0.8031817006207159,0.8031817006207159,0.7931817006207159,0.7831817006207159,0.7831817006207159,0.7981817006207159,0.7881817006207159,0.7781817006207159,0.7881817006207159,0.7981817006207159,0.7981817006207159
373,0.6785603824368238,0.6585603824368238,0.6685603824368238,0.6585603824368238,0.6585603824368238,0.6585603824368238,0.6585603824368238,0.6385603824368238,0.6435603824368238,0.6535603824368238,0.6635603824368238,0.6635603824368238,0.6735603824368238
374,0.7066758386915495,0.7066758386915495,0.6966758386915495,0.7266758386915495,0.7366758386915495,0.7466758386915495,0.7416758386915495,0.7316758386915495,0.6916758386915495,0.6916758386915495,0.7016758386915495,0.6916758386915495,0.6916758386915495
375,0.8407009789140167,0.8107009789140167,0.8107009789140167,0.8207009789140167,0.8307009789140167,0.8307009789140167,0.8607009789140168,0.8357009789140167,0.8057009789140167,0.8057009789140167,0.8057009789140167,0.8157009789140167,0.8057009789140167
376,0.8310032755463969,0.8310032755463969,0.8410032755463969,0.8410032755463969,0.8510032755463969,0.8260032755463969,0.8260032755463969,0.8360032755463969,0.8360032755463969,0.8160032755463968,0.7960032755463968,0.7960032755463968,0.8060032755463968
377,0.7315020054558632,0.7215020054558632,0.7215020054558632,0.7515020054558632,0.7415020054558632,0.7415020054558632,0.7415020054558632,0.7415020054558632,0.7415020054558632,0.7215020054558632,0.7215020054558632,0.7215020054558632,0.7215020054558632
378,0.852589782231195,0.852589782231195,0.852589782231195,0.852589782231195,0.852589782231195,0.862589782231195,0.862589782231195,0.882589782231195,0.882589782231195,0.872589782231195,0.862589782231195,0.862589782231195,0.852589782231195
379,1.0,1.0,1.0,1.0,0.995,0.995,0.985,0.975,0.975,0.975,0.995,0.995,0.985
380,0.8249902520238361,0.8449902520238362,0.8449902520238362,0.8449902520238362,0.8449902520238362,0.8449902520238362,0.8549902520238362,0.8399902520238361,0.8599902520238362,0.8399902520238361,0.8399902520238361,0.8399902520238361,0.8399902520238361
381,0.6835299701514479,0.6735299701514479,0.6435299701514479,0.6435299701514479,0.6485299701514479,0.6585299701514479,0.6585299701514479,0.6685299701514479,0.6385299701514479,0.6385299701514479,0.6385299701514479,0.6385299701514479,0.6385299701514479
382,0.9953006914558424,0.9853006914558424,0.9853006914558424,0.9853006914558424,0.9753006914558424,0.9753006914558424,0.9753006914558424,0.9953006914558424,1.0,1.0,0.98,0.99,1.0
383,0.8602374926373688,0.8702374926373688,0.8502374926373688,0.8202374926373688,0.8252374926373688,0.8352374926373688,0.8252374926373688,0.8252374926373688,0.8252374926373688,0.8352374926373688,0.8352374926373688,0.8252374926373688,0.8352374926373688
384,0.7556832685624335,0.7656832685624335,0.7656832685624335,0.7856832685624335,0.7856832685624335,0.7856832685624335,0.7856832685624335,0.7706832685624335,0.7506832685624335,0.7506832685624335,0.7306832685624335,0.7206832685624335,0.7206832685624335
385,0.7961984383095537,0.7861984383095537,0.7861984383095537,0.7861984383095537,0.7861984383095537,0.7861984383095537,0.7661984383095537,0.7561984383095537,0.7861984383095537,0.7861984383095537,0.7861984383095537,0.7861984383095537,0.7761984383095537
386,0.7167199740096065,0.7167199740096065,0.7067199740096065,0.7167199740096065,0.7267199740096065,0.7167199740096065,0.6967199740096065,0.6867199740096065,0.6767199740096065,0.6767199740096065,0.6767199740096065,0.6867199740096065,0.7017199740096065
387,0.7747326028212322,0.7547326028212322,0.7747326028212322,0.7647326028212322,0.7647326028212322,0.7747326028212322,0.7847326028212323,0.7747326028212322,0.7647326028212322,0.7647326028212322,0.7747326028212322,0.7747326028212322,0.7747326028212322
388,0.8244823410139119,0.8344823410139119,0.844482341013912,0.8344823410139119,0.854482341013912,0.864482341013912,0.864482341013912,0.864482341013912,0.8144823410139119,0.8144823410139119,0.8144823410139119,0.8044823410139119,0.7944823410139119
389,0.8601543110821785,0.8501543110821785,0.8501543110821785,0.8601543110821785,0.8501543110821785,0.8201543110821785,0.8201543110821785,0.8251543110821785,0.8251543110821785,0.8251543110821785,0.8251543110821785,0.8351543110821785,0.8251543110821785
390,0.7818438221713142,0.7918438221713142,0.7818438221713142,0.7818438221713142,0.7718438221713142,0.7718438221713142,0.7718438221713142,0.7618438221713142,0.7818438221713142,0.7918438221713142,0.7818438221713142,0.8018438221713142,0.8118438221713142
391,0.7365460805144819,0.7265460805144819,0.7265460805144819,0.7265460805144819,0.7265460805144819,0.7065460805144819,0.7065460805144819,0.7265460805144819,0.7265460805144819,0.7165460805144819,0.7165460805144819,0.7065460805144819,0.7065460805144819
392,0.7379975352252907,0.7479975352252907,0.7479975352252907,0.7479975352252907,0.7079975352252906,0.6979975352252906,0.6979975352252906,0.6979975352252906,0.7029975352252906,0.7029975352252906,0.7129975352252906,0.6929975352252906,0.6929975352252906
393,0.7245751843311112,0.7345751843311112,0.7245751843311112,0.7245751843311112,0.7145751843311112,0.7145751843311112,0.7145751843311112,0.7045751843311112,0.7045751843311112,0.7045751843311112,0.6945751843311112,0.6945751843311112,0.6945751843311112
394,0.8408815651556112,0.8308815651556112,0.8408815651556112,0.8408815651556112,0.8508815651556112,0.8408815651556112,0.8208815651556112,0.8108815651556112,0.8108815651556112,0.8208815651556112,0.8308815651556112,0.8308815651556112,0.8308815651556112
395,0.8559140660031339,0.8559140660031339,0.8559140660031339,0.8459140660031339,0.8659140660031339,0.8759140660031339,0.8759140660031339,0.8559140660031339,0.8559140660031339,0.8559140660031339,0.8659140660031339,0.8659140660031339,0.8659140660031339
396,1.0,0.99,0.98,0.99,0.99,0.98,0.96,0.97,1.0,1.0,0.99,0.99,0.99
397,0.7206913540789103,0.7206913540789103,0.7306913540789103,0.7306913540789103,0.7306913540789103,0.7306913540789103,0.7306913540789103,0.7506913540789103,0.7306913540789103,0.7106913540789103,0.7006913540789103,0.7106913540789103,0.7006913540789103
398,0.7690910948865756,0.7690910948865756,0.7690910948865756,0.7690910948865756,0.7590910948865756,0.7490910948865755,0.7590910948865756,0.7590910948865756,0.7690910948865756,0.7690910948865756,0.7890910948865756,0.7890910948865756,0.7790910948865756
399,0.7642701069865517,0.7742701069865517,0.7642701069865517,0.7642701069865517,0.7442701069865517,0.7442701069865517,0.7442701069865517,0.7342701069865517,0.7342701069865517,0.7342701069865517,0.7442701069865517,0.7642701069865517,0.7642701069865517
400,0.8642335791350451,0.8742335791350451,0.8642335791350451,0.8642335791350451,0.8642335791350451,0.8742335791350451,0.8642335791350451,0.8942335791350451,0.8942335791350451,0.8742335791350451,0.8742335791350451,0.8842335791350451,0.8842335791350451
401,0.7465075222854531,0.7565075222854531,0.7565075222854531,0.7565075222854531,0.7365075222854531,0.7365075222854531,0.7265075222854531,0.7265075222854531,0.7265075222854531,0.7265075222854531,0.7265075222854531,0.7265075222854531,0.7165075222854531
402,0.843716716406751,0.843716716406751,0.843716716406751,0.833716716406751,0.823716716406751,0.813716716406751,0.803716716406751,0.808716716406751,0.818716716406751,0.818716716406751,0.818716716406751,0.838716716406751,0.828716716406751
403,0.9509652572377385,0.9509652572377385,0.9309652572377385,0.9209652572377385,0.9359652572377385,0.9359652572377385,0.9359652572377385,0.9559652572377385,0.9559652572377385,0.9759652572377385,0.9759652572377385,0.9659652572377385,0.9659652572377385
404,0.8260389253947228,0.8260389253947228,0.8260389253947228,0.8360389253947228,0.8360389253947228,0.8560389253947228,0.8560389253947228,0.8560389253947228,0.8560389253947228,0.8660389253947228,0.8560389253947228,0.8410389253947228,0.8510389253947228
405,0.6289148368972396,0.6289148368972396,0.6389148368972396,0.6389148368972396,0.6389148368972396,0.6389148368972396,0.6389148368972396,0.6389148368972396,0.6289148368972396,0.6089148368972396,0.5989148368972396,0.6089148368972396,0.6089148368972396
406,0.9591089787327759,0.9591089787327759,0.9591089787327759,0.9591089787327759,0.9591089787327759,0.9591089787327759,0.9691089787327759,0.9691089787327759,0.9791089787327759,0.9491089787327759,0.9591089787327759,0.9491089787327759,0.9491089787327759
407,0.9580423646627635,0.9580423646627635,0.9380423646627635,0.9280423646627635,0.9280423646627635,0.9280423646627635,0.9580423646627635,0.9580423646627635,0.9680423646627635,0.9680423646627635,0.9680423646627635,0.9680423646627635,0.9680423646627635
408,0.6400900928844389,0.6300900928844388,0.6200900928844388,0.6500900928844389,0.6700900928844389,0.6700900928844389,0.6550900928844389,0.6350900928844389,0.6450900928844389,0.6250900928844388,0.6450900928844389,0.6550900928844389,0.6550900928844389
409,0.7991643643780839,0.7991643643780839,0.7991643643780839,0.7891643643780839,0.7891643643780839,0.7891643643780839,0.7891643643780839,0.7791643643780839,0.7991643643780839,0.7891643643780839,0.7691643643780839,0.7791643643780839,0.8041643643780839
410,0.6526023128297898,0.6426023128297897,0.6126023128297897,0.6226023128297897,0.6226023128297897,0.6326023128297897,0.6726023128297898,0.6626023128297898,0.6626023128297898,0.6526023128297898,0.6526023128297898,0.6326023128297897,0.6326023128297897
411,0.9311185198915339,0.9411185198915339,0.9311185198915339,0.9311185198915339,0.9311185198915339,0.951118519891534,0.951118519891534,0.951118519891534,0.961118519891534,0.971118519891534,0.961118519891534,0.951118519891534,0.961118519891534
412,0.6318471859646144,0.6218471859646144,0.6318471859646144,0.6318471859646144,0.6318471859646144,0.6318471859646144,0.6418471859646144,0.6518471859646144,0.6318471859646144,0.6118471859646144,0.6018471859646144,0.6018471859646144,0.5918471859646144
413,0.7391201326733357,0.7291201326733356,0.7491201326733357,0.7291201326733356,0.6991201326733356,0.7041201326733356,0.7141201326733356,0.7241201326733356,0.7241201326733356,0.7241201326733356,0.7241201326733356,0.7241201326733356,0.7241201326733356
414,0.5491811367039063,0.5491811367039063,0.5591811367039063,0.5591811367039063,0.5391811367039063,0.5191811367039063,0.5291811367039063,0.5291811367039063,0.5291811367039063,0.5391811367039063,0.5391811367039063,0.5491811367039063,0.5491811367039063
415,0.755164188899008,0.745164188899008,0.745164188899008,0.745164188899008,0.755164188899008,0.755164188899008,0.755164188899008,0.755164188899008,0.745164188899008,0.735164188899008,0.725164188899008,0.740164188899008,0.740164188899008
416,0.7198877582873066,0.7198877582873066,0.7198877582873066,0.6998877582873065,0.7198877582873066,0.7298877582873066,0.7198877582873066,0.7198877582873066,0.7198877582873066,0.7198877582873066,0.7098877582873065,0.6898877582873065,0.7098877582873065
417,0.870016388861541,0.880016388861541,0.890016388861541,0.890016388861541,0.890016388861541,0.890016388861541,0.890016388861541,0.880016388861541,0.890016388861541,0.890016388861541,0.890016388861541,0.900016388861541,0.910016388861541
418,0.9126677755818386,0.9226677755818387,0.9026677755818386,0.8926677755818386,0.8926677755818386,0.8926677755818386,0.9226677755818387,0.9226677755818387,0.9226677755818387,0.9126677755818386,0.9126677755818386,0.9026677755818386,0.9026677755818386
419,0.7381540241172173,0.7381540241172173,0.7481540241172173,0.7381540241172173,0.7081540241172173,0.7081540241172173,0.7081540241172173,0.6981540241172173,0.6981540241172173,0.6981540241172173,0.7081540241172173,0.7181540241172173,0.7181540241172173
420,0.6522604843706868,0.6522604843706868,0.6622604843706869,0.6422604843706868,0.6422604843706868,0.6422604843706868,0.6522604843706868,0.6522604843706868,0.6522604843706868,0.6522604843706868,0.6622604843706869,0.6622604843706869,0.6822604843706869
421,0.9386501850521992,0.9186501850521992,0.9486501850521992,0.9386501850521992,0.9386501850521992,0.9386501850521992,0.9486501850521992,0.9386501850521992,0.9286501850521992,0.9286501850521992,0.9286501850521992,0.9386501850521992,0.9386501850521992
422,0.7725709550506155,0.7725709550506155,0.7925709550506155,0.7725709550506155,0.7525709550506154,0.7525709550506154,0.7425709550506154,0.7425709550506154,0.7325709550506154,0.7325709550506154,0.7325709550506154,0.7375709550506154,0.7475709550506154
423,0.7612322291232461,0.751232229123246,0.731232229123246,0.751232229123246,0.751232229123246,0.751232229123246,0.751232229123246,0.751232229123246,0.751232229123246,0.7612322291232461,0.7612322291232461,0.751232229123246,0.751232229123246
424,0.8532503106177154,0.8732503106177154,0.8732503106177154,0.8532503106177154,0.8532503106177154,0.8732503106177154,0.8732503106177154,0.8432503106177154,0.8432503106177154,0.8532503106177154,0.8532503106177154,0.8632503106177154,0.8632503106177154
425,0.6431865820514866,0.6431865820514866,0.6631865820514866,0.6631865820514866,0.6831865820514866,0.6831865820514866,0.6631865820514866,0.6731865820514866,0.6531865820514866,0.6431865820514866,0.6631865820514866,0.6631865820514866,0.6731865820514866
426,0.7169068324194993,0.6969068324194992,0.7069068324194993,0.7169068324194993,0.7169068324194993,0.7169068324194993,0.7069068324194993,0.6969068324194992,0.6769068324194992,0.6969068324194992,0.7069068324194993,0.7069068324194993,0.6769068324194992
427,0.8257282106140147,0.8457282106140147,0.8257282106140147,0.8257282106140147,0.8157282106140147,0.7957282106140147,0.7957282106140147,0.7957282106140147,0.7957282106140147,0.7957282106140147,0.7957282106140147,0.7957282106140147,0.7957282106140147
428,0.6430510552331398,0.6630510552331398,0.6630510552331398,0.6630510552331398,0.6630510552331398,0.6830510552331398,0.6730510552331398,0.6580510552331398,0.6580510552331398,0.6580510552331398,0.6480510552331398,0.6680510552331398,0.6880510552331398
429,0.9611940651299574,0.9411940651299574,0.9411940651299574,0.9311940651299574,0.9311940651299574,0.9461940651299574,0.9461940651299574,0.9461940651299574,0.9461940651299574,0.9361940651299574,0.9461940651299574,0.9561940651299574,0.9561940651299574
430,0.6821540851251608,0.6721540851251608,0.6721540851251608,0.6721540851251608,0.6821540851251608,0.6721540851251608,0.6821540851251608,0.6821540851251608,0.6921540851251609,0.6921540851251609,0.6821540851251608,0.6821540851251608,0.6621540851251608
431,0.8985762182740443,0.8885762182740443,0.8785762182740443,0.8885762182740443,0.8785762182740443,0.8785762182740443,0.8785762182740443,0.8785762182740443,0.8785762182740443,0.8785762182740443,0.9035762182740443,0.9035762182740443,0.9235762182740443
432,0.5582354332888404,0.5482354332888404,0.5482354332888404,0.5482354332888404,0.5482354332888404,0.5782354332888404,0.5882354332888404,0.5782354332888404,0.5682354332888404,0.5782354332888404,0.5882354332888404,0.5882354332888404,0.5782354332888404
433,1.0,1.0,1.0,0.97,0.96,0.98,0.97,0.985,0.985,0.985,0.985,0.995,0.985
434,0.8051014010113671,0.8051014010113671,0.8051014010113671,0.8051014010113671,0.8151014010113671,0.8051014010113671,0.8051014010113671,0.8151014010113671,0.8151014010113671,0.8051014010113671,0.8051014010113671,0.8051014010113671,0.8051014010113671
435,0.8308123691665716,0.8408123691665716,0.8408123691665716,0.8208123691665716,0.8308123691665716,0.8308123691665716,0.8208123691665716,0.8208123691665716,0.8408123691665716,0.8408123691665716,0.8508123691665717,0.8508123691665717,0.8508123691665717
436,0.6512403304182319,0.6312403304182319,0.6212403304182319,0.6212403304182319,0.6112403304182319,0.6162403304182319,0.6162403304182319,0.6262403304182319,0.6362403304182319,0.6462403304182319,0.6462403304182319,0.6462403304182319,0.6362403304182319
437,0.8475777408208065,0.8375777408208065,0.8775777408208065,0.8775777408208065,0.8775777408208065,0.8575777408208065,0.8575777408208065,0.8675777408208065,0.8675777408208065,0.8775777408208065,0.8875777408208065,0.8675777408208065,0.8775777408208065
438,0.8439579501504723,0.8139579501504722,0.8239579501504722,0.8239579501504722,0.8039579501504722,0.8039579501504722,0.8139579501504722,0.8139579501504722,0.8139579501504722,0.8239579501504722,0.8239579501504722,0.8339579501504722,0.8339579501504722
439,0.6413034254585664,0.6113034254585664,0.6113034254585664,0.6013034254585664,0.6063034254585664,0.6163034254585664,0.6063034254585664,0.6263034254585664,0.6163034254585664,0.6263034254585664,0.6563034254585665,0.6563034254585665,0.6663034254585665
440,0.7450480502405546,0.7150480502405546,0.7300480502405546,0.7300480502405546,0.7300480502405546,0.7100480502405546,0.7100480502405546,0.7100480502405546,0.7100480502405546,0.7300480502405546,0.7200480502405546,0.7000480502405546,0.7000480502405546
441,0.7007241191178959,0.7007241191178959,0.7007241191178959,0.7007241191178959,0.7207241191178959,0.7207241191178959,0.7207241191178959,0.7307241191178959,0.7307241191178959,0.7157241191178959,0.7157241191178959,0.7157241191178959,0.7057241191178959
442,0.6475539410807848,0.6475539410807848,0.6175539410807848,0.6175539410807848,0.6175539410807848,0.6075539410807848,0.6125539410807848,0.6125539410807848,0.6225539410807848,0.6225539410807848,0.6225539410807848,0.6225539410807848,0.6225539410807848
443,0.7026238529093948,0.6926238529093948,0.6926238529093948,0.6926238529093948,0.6926238529093948,0.6926238529093948,0.6926238529093948,0.6826238529093948,0.6826238529093948,0.6926238529093948,0.6926238529093948,0.6926238529093948,0.6926238529093948
444,0.6768439668621218,0.6768439668621218,0.6868439668621218,0.6768439668621218,0.6668439668621218,0.6668439668621218,0.6668439668621218,0.6668439668621218,0.6768439668621218,0.6968439668621218,0.6968439668621218,0.7068439668621218,0.7168439668621218
445,0.7446517380712908,0.7646517380712908,0.7646517380712908,0.7446517380712908,0.7446517380712908,0.7546517380712908,0.7446517380712908,0.7446517380712908,0.7746517380712908,0.7646517380712908,0.7546517380712908,0.7346517380712908,0.7346517380712908
446,0.7625518806633229,0.7625518806633229,0.7525518806633229,0.7625518806633229,0.7825518806633229,0.7925518806633229,0.7925518806633229,0.802551880663323,0.802551880663323,0.802551880663323,0.7625518806633229,0.7625518806633229,0.7625518806633229
447,0.7340418459340754,0.7240418459340754,0.7240418459340754,0.7240418459340754,0.7240418459340754,0.7240418459340754,0.7140418459340754,0.7140418459340754,0.7040418459340754,0.7190418459340754,0.7190418459340754,0.7390418459340754,0.7390418459340754
448,0.7323129169332042,0.7323129169332042,0.7323129169332042,0.7423129169332042,0.7523129169332042,0.7423129169332042,0.7423129169332042,0.7423129169332042,0.7623129169332042,0.7623129169332042,0.7623129169332042,0.7623129169332042,0.7723129169332043
449,0.8242870860839115,0.8242870860839115,0.8242870860839115,0.8242870860839115,0.8242870860839115,0.8442870860839116,0.8342870860839116,0.8142870860839115,0.8342870860839116,0.8342870860839116,0.8242870860839115,0.8342870860839116,0.8542870860839116
450,0.6947757270524709,0.6947757270524709,0.7047757270524709,0.7047757270524709,0.7047757270524709,0.6847757270524709,0.6947757270524709,0.6647757270524709,0.6747757270524709,0.6547757270524709,0.6547757270524709,0.6647757270524709,0.6547757270524709
451,0.6665818041045916,0.6565818041045915,0.6665818041045916,0.6565818041045915,0.6365818041045915,0.6565818041045915,0.6565818041045915,0.6865818041045916,0.6865818041045916,0.6865818041045916,0.6965818041045916,0.6815818041045916,0.6815818041045916
452,0.6868416570610912,0.6768416570610912,0.6768416570610912,0.6768416570610912,0.6868416570610912,0.6868416570610912,0.6468416570610912,0.6768416570610912,0.6968416570610912,0.7068416570610913,0.6968416570610912,0.6868416570610912,0.6868416570610912
453,0.7027919571533056,0.7027919571533056,0.7127919571533056,0.7127919571533056,0.7327919571533056,0.7427919571533056,0.7427919571533056,0.7427919571533056,0.7427919571533056,0.7327919571533056,0.7227919571533056,0.7327919571533056,0.7227919571533056
454,0.6636756717839853,0.6636756717839853,0.6636756717839853,0.6436756717839853,0.6436756717839853,0.6436756717839853,0.6436756717839853,0.6336756717839853,0.6436756717839853,0.6536756717839853,0.6436756717839853,0.6436756717839853,0.6436756717839853
455,0.7889388603535257,0.7889388603535257,0.7989388603535257,0.7989388603535257,0.7989388603535257,0.7789388603535257,0.7889388603535257,0.7789388603535257,0.7689388603535257,0.7689388603535257,0.7689388603535257,0.7589388603535256,0.7489388603535256
456,0.7637526079727518,0.7637526079727518,0.7537526079727518,0.7537526079727518,0.7437526079727518,0.7437526079727518,0.7237526079727518,0.7287526079727518,0.7287526079727518,0.7287526079727518,0.7587526079727518,0.7687526079727518,0.7787526079727518
457,0.680765654409144,0.670765654409144,0.660765654409144,0.660765654409144,0.660765654409144,0.660765654409144,0.650765654409144,0.670765654409144,0.640765654409144,0.640765654409144,0.645765654409144,0.635765654409144,0.635765654409144
458,0.781883626349975,0.771883626349975,0.771883626349975,0.811883626349975,0.811883626349975,0.811883626349975,0.811883626349975,0.811883626349975,0.796883626349975,0.796883626349975,0.796883626349975,0.796883626349975,0.776883626349975
459,0.7389539553648271,0.7389539553648271,0.7189539553648271,0.7089539553648271,0.7289539553648271,0.7289539553648271,0.7289539553648271,0.7189539553648271,0.7289539553648271,0.7289539553648271,0.7189539553648271,0.7439539553648271,0.7239539553648271
460,0.7692364952467782,0.7692364952467782,0.7492364952467782,0.7492364952467782,0.7492364952467782,0.7392364952467781,0.7492364952467782,0.7492364952467782,0.7592364952467782,0.7592364952467782,0.7392364952467781,0.7542364952467782,0.7742364952467782
461,0.7534531545577682,0.7534531545577682,0.7534531545577682,0.7534531545577682,0.7634531545577682,0.7534531545577682,0.7534531545577682,0.7634531545577682,0.7634531545577682,0.7734531545577682,0.7834531545577682,0.7834531545577682,0.7934531545577682
462,0.9259701240964443,0.9359701240964443,0.9359701240964443,0.9359701240964443,0.9459701240964443,0.9459701240964443,0.9459701240964443,0.9459701240964443,0.9359701240964443,0.9559701240964443,0.9409701240964443,0.9409701240964443,0.9609701240964443
463,0.661766430198416,0.641766430198416,0.6217664301984159,0.6317664301984159,0.6317664301984159,0.641766430198416,0.661766430198416,0.661766430198416,0.651766430198416,0.651766430198416,0.661766430198416,0.661766430198416,0.661766430198416
464,0.7625815749806418,0.7525815749806418,0.7525815749806418,0.7525815749806418,0.7625815749806418,0.7925815749806419,0.7925815749806419,0.7725815749806418,0.7725815749806418,0.7725815749806418,0.7525815749806418,0.7525815749806418,0.7325815749806418
465,0.8182870824070387,0.8182870824070387,0.8282870824070387,0.8282870824070387,0.8182870824070387,0.8182870824070387,0.8182870824070387,0.8082870824070387,0.7882870824070387,0.7882870824070387,0.7982870824070387,0.8232870824070387,0.8532870824070388
466,0.7584424132590831,0.7684424132590831,0.7584424132590831,0.7684424132590831,0.7684424132590831,0.7584424132590831,0.7884424132590832,0.7984424132590832,0.7984424132590832,0.7984424132590832,0.7884424132590832,0.7784424132590831,0.7684424132590831
467,0.6379862212177614,0.6479862212177614,0.6379862212177614,0.6379862212177614,0.6079862212177614,0.6079862212177614,0.6179862212177614,0.6279862212177614,0.6379862212177614,0.6379862212177614,0.6379862212177614,0.6379862212177614,0.6379862212177614
468,0.888320380726288,0.888320380726288,0.888320380726288,0.888320380726288,0.878320380726288,0.878320380726288,0.878320380726288,0.878320380726288,0.878320380726288,0.878320380726288,0.868320380726288,0.848320380726288,0.848320380726288
469,0.559435816087627,0.529435816087627,0.529435816087627,0.529435816087627,0.519435816087627,0.519435816087627,0.519435816087627,0.529435816087627,0.519435816087627,0.524435816087627,0.524435816087627,0.524435816087627,0.544435816087627
470,0.9727990950189241,0.9627990950189241,0.9527990950189241,0.9527990950189241,0.9777990950189241,0.9777990950189241,0.9777990950189241,0.9677990950189241,0.9677990950189241,0.9677990950189241,0.9777990950189241,0.9777990950189241,0.9777990950189241
471,0.7044039571013841,0.7244039571013842,0.7144039571013842,0.7444039571013842,0.7444039571013842,0.7444039571013842,0.7444039571013842,0.7444039571013842,0.7344039571013842,0.7444039571013842,0.7444039571013842,0.7394039571013842,0.7294039571013842
472,1.0,1.0,1.0,1.0,1.0,1.0,1.0,0.99,0.99,0.97,0.96,0.97,0.97
473,0.9329823291348277,0.9129823291348277,0.9029823291348277,0.9029823291348277,0.9029823291348277,0.9229823291348277,0.9229823291348277,0.9329823291348277,0.9529823291348277,0.9529823291348277,0.9529823291348277,0.9729823291348277,0.9729823291348277
474,0.8079829489280804,0.7879829489280804,0.7979829489280804,0.7879829489280804,0.7879829489280804,0.7979829489280804,0.7879829489280804,0.7879829489280804,0.7979829489280804,0.7979829489280804,0.7979829489280804,0.7979829489280804,0.8079829489280804
475,0.7569731073605156,0.7469731073605156,0.7569731073605156,0.7569731073605156,0.7569731073605156,0.7769731073605156,0.7769731073605156,0.7769731073605156,0.7519731073605156,0.7419731073605156,0.7219731073605156,0.7119731073605156,0.7119731073605156
476,0.873793888442351,0.873793888442351,0.8637938884423509,0.8337938884423509,0.8437938884423509,0.8437938884423509,0.8587938884423509,0.878793888442351,0.878793888442351,0.878793888442351,0.888793888442351,0.888793888442351,0.908793888442351
477,0.7360512654524884,0.7460512654524885,0.7460512654524885,0.7760512654524885,0.7560512654524885,0.7560512654524885,0.7460512654524885,0.7660512654524885,0.7560512654524885,0.7460512654524885,0.7560512654524885,0.7560512654524885,0.7560512654524885
478,0.9761751700833358,0.9961751700833358,1.0,0.97,0.97,0.96,0.96,0.95,0.95,0.94,0.94,0.96,0.96
479,0.6375431739660102,0.6175431739660102,0.5975431739660102,0.6025431739660102,0.6125431739660102,0.6125431739660102,0.6225431739660102,0.6225431739660102,0.6125431739660102,0.6025431739660102,0.6025431739660102,0.6125431739660102,0.6125431739660102
480,0.634447903044553,0.624447903044553,0.624447903044553,0.614447903044553,0.594447903044553,0.594447903044553,0.594447903044553,0.594447903044553,0.599447903044553,0.599447903044553,0.599447903044553,0.609447903044553,0.609447903044553
481,0.8490559245828758,0.8590559245828758,0.8490559245828758,0.8390559245828758,0.8290559245828758,0.8090559245828758,0.8140559245828758,0.8240559245828758,0.8340559245828758,0.8340559245828758,0.8340559245828758,0.8240559245828758,0.8440559245828758
482,0.8401199358130889,0.8201199358130888,0.8201199358130888,0.8101199358130888,0.8101199358130888,0.8251199358130888,0.8251199358130888,0.8451199358130889,0.8451199358130889,0.8451199358130889,0.8451199358130889,0.8351199358130889,0.8351199358130889
483,0.7544473485933436,0.7444473485933436,0.7644473485933436,0.7744473485933436,0.7644473485933436,0.7744473485933436,0.7644473485933436,0.7744473485933436,0.7744473485933436,0.7744473485933436,0.7744473485933436,0.7644473485933436,0.7644473485933436
484,0.8673078704204733,0.8873078704204733,0.8773078704204733,0.8873078704204733,0.8973078704204733,0.8973078704204733,0.8823078704204733,0.8923078704204733,0.9123078704204733,0.9123078704204733,0.9123078704204733,0.9023078704204733,0.8923078704204733
485,0.9690452820250266,0.9790452820250266,0.9790452820250266,0.9590452820250266,0.9790452820250266,0.9790452820250266,0.9790452820250266,0.9440452820250266,0.9240452820250266,0.9240452820250266,0.9340452820250266,0.9340452820250266,0.9240452820250266
486,0.7942489497980446,0.7942489497980446,0.8142489497980446,0.8142489497980446,0.8042489497980446,0.7692489497980446,0.7692489497980446,0.7692489497980446,0.7492489497980446,0.7492489497980446,0.7592489497980446,0.7592489497980446,0.7592489497980446
487,0.7469812434657158,0.7369812434657158,0.7469812434657158,0.7569812434657158,0.7569812434657158,0.7369812434657158,0.7269812434657158,0.7469812434657158,0.7269812434657158,0.7269812434657158,0.7069812434657158,0.7069812434657158,0.7069812434657158
488,0.7918425257411934,0.7918425257411934,0.7918425257411934,0.7918425257411934,0.8118425257411934,0.8118425257411934,0.8218425257411934,0.8118425257411934,0.7868425257411934,0.7668425257411934,0.7668425257411934,0.7568425257411934,0.7568425257411934
489,0.7541687697024891,0.7541687697024891,0.7541687697024891,0.7541687697024891,0.7541687697024891,0.7641687697024891,0.7541687697024891,0.7441687697024891,0.7541687697024891,0.7541687697024891,0.7341687697024891,0.7341687697024891,0.7241687697024891
490,0.7192821157196659,0.7192821157196659,0.7192821157196659,0.7192821157196659,0.729282115719666,0.7192821157196659,0.739282115719666,0.739282115719666,0.739282115719666,0.739282115719666,0.729282115719666,0.759282115719666,0.754282115719666
491,0.7673722734584839,0.7773722734584839,0.7473722734584839,0.7873722734584839,0.7873722734584839,0.7673722734584839,0.7573722734584839,0.7673722734584839,0.7673722734584839,0.7673722734584839,0.7673722734584839,0.7473722734584839,0.7273722734584839
492,0.9058733909483043,0.9158733909483043,0.9058733909483043,0.9058733909483043,0.8958733909483043,0.8858733909483043,0.8858733909483043,0.8858733909483043,0.8858733909483043,0.8858733909483043,0.8758733909483043,0.8858733909483043,0.8958733909483043
493,0.7048509458390442,0.6948509458390442,0.7048509458390442,0.6948509458390442,0.6948509458390442,0.7048509458390442,0.6948509458390442,0.6948509458390442,0.6948509458390442,0.6848509458390442,0.6848509458390442,0.6848509458390442,0.6648509458390441
494,0.6384814056660801,0.6184814056660801,0.6184814056660801,0.6584814056660802,0.6484814056660801,0.6384814056660801,0.6384814056660801,0.6284814056660801,0.6284814056660801,0.6284814056660801,0.6284814056660801,0.6284814056660801,0.6484814056660801
495,0.668493623340402,0.678493623340402,0.668493623340402,0.678493623340402,0.678493623340402,0.698493623340402,0.698493623340402,0.678493623340402,0.688493623340402,0.688493623340402,0.698493623340402,0.698493623340402,0.698493623340402
496,0.8435896882431777,0.8435896882431777,0.8335896882431777,0.8335896882431777,0.8435896882431777,0.8435896882431777,0.8435896882431777,0.8335896882431777,0.8335896882431777,0.8235896882431777,0.8235896882431777,0.8235896882431777,0.8235896882431777
497,0.6684513810634557,0.6784513810634557,0.6784513810634557,0.6684513810634557,0.6684513810634557,0.6584513810634557,0.6684513810634557,0.6784513810634557,0.6784513810634557,0.6884513810634557,0.6634513810634557,0.6634513810634557,0.6634513810634557
498,0.813297505944455,0.813297505944455,0.8332975059444551,0.8332975059444551,0.8332975059444551,0.808297505944455,0.818297505944455,0.818297505944455,0.818297505944455,0.818297505944455,0.808297505944455,0.808297505944455,0.808297505944455
499,0.5431509859088786,0.5331509859088785,0.5431509859088786,0.5531509859088786,0.5531509859088786,0.5731509859088786,0.5731509859088786,0.5731509859088786,0.5631509859088786,0.5631509859088786,0.5531509859088786,0.5331509859088785,0.5331509859088785
500,0.7542187208786559,0.7542187208786559,0.7542187208786559,0.7542187208786559,0.774218720878656,0.784218720878656,0.7542187208786559,0.7542187208786559,0.7642187208786559,0.7542187208786559,0.7442187208786559,0.7442187208786559,0.7542187208786559
501,0.806392433414269,0.766392433414269,0.771392433414269,0.771392433414269,0.771392433414269,0.771392433414269,0.801392433414269,0.801392433414269,0.801392433414269,0.811392433414269,0.831392433414269,0.831392433414269,0.831392433414269
502,0.8941903368003642,0.9041903368003642,0.8941903368003642,0.8841903368003642,0.8941903368003642,0.8741903368003642,0.8741903368003642,0.8741903368003642,0.8741903368003642,0.8941903368003642,0.8941903368003642,0.8941903368003642,0.9041903368003642
503,0.6598641929363598,0.6598641929363598,0.6598641929363598,0.6898641929363598,0.6898641929363598,0.6798641929363598,0.6798641929363598,0.6798641929363598,0.6898641929363598,0.6798641929363598,0.6998641929363598,0.6898641929363598,0.6748641929363598
504,0.9637310528363872,0.9637310528363872,0.9637310528363872,0.9837310528363872,1.0,0.99,0.98,0.98,0.98,0.98,0.97,0.94,0.94
505,0.9318009603903661,0.9318009603903661,0.9118009603903661,0.9118009603903661,0.9018009603903661,0.9018009603903661,0.9018009603903661,0.9018009603903661,0.891800960390366,0.896800960390366,0.896800960390366,0.896800960390366,0.896800960390366
506,0.7074560697190232,0.7074560697190232,0.6974560697190232,0.6874560697190232,0.6874560697190232,0.6774560697190232,0.6774560697190232,0.6924560697190232,0.6924560697190232,0.6924560697190232,0.7024560697190232,0.7224560697190232,0.7224560697190232
507,0.6782475839106431,0.6982475839106431,0.6982475839106431,0.6982475839106431,0.6982475839106431,0.6982475839106431,0.6782475839106431,0.6782475839106431,0.6782475839106431,0.6882475839106431,0.6882475839106431,0.6682475839106431,0.6482475839106431
508,0.7621296802993139,0.7621296802993139,0.7621296802993139,0.7521296802993139,0.7321296802993139,0.7421296802993139,0.7521296802993139,0.7621296802993139,0.772129680299314,0.772129680299314,0.7621296802993139,0.7621296802993139,0.7521296802993139
509,0.695292354592365,0.7152923545923651,0.7052923545923651,0.7052923545923651,0.7052923545923651,0.695292354592365,0.675292354592365,0.665292354592365,0.665292354592365,0.675292354592365,0.675292354592365,0.675292354592365,0.665292354592365
510,0.8641569479531023,0.8641569479531023,0.8741569479531023,0.8641569479531023,0.8841569479531023,0.8941569479531023,0.8791569479531023,0.8691569479531023,0.8791569479531023,0.8791569479531023,0.8691569479531023,0.8891569479531023,0.8891569479531023
511,0.8503234276979256,0.8503234276979256,0.8503234276979256,0.8503234276979256,0.8603234276979256,0.8603234276979256,0.8603234276979256,0.8703234276979256,0.8703234276979256,0.8603234276979256,0.8603234276979256,0.8503234276979256,0.8503234276979256
512,1.0,0.98,0.96,0.97,0.97,0.97,0.97,0.97,0.96,0.96,0.96,0.96,0.96
513,0.6851481984616142,0.6851481984616142,0.6851481984616142,0.6851481984616142,0.6851481984616142,0.6951481984616142,0.6951481984616142,0.6951481984616142,0.6951481984616142,0.6851481984616142,0.6951481984616142,0.7151481984616143,0.7151481984616143
514,0.7649967421734628,0.7649967421734628,0.7549967421734628,0.7549967421734628,0.7549967421734628,0.7549967421734628,0.7549967421734628,0.7549967421734628,0.7549967421734628,0.7549967421734628,0.7549967421734628,0.7549967421734628,0.7749967421734628
515,0.7213558691788815,0.6813558691788815,0.6863558691788815,0.6863558691788815,0.6863558691788815,0.6963558691788815,0.7263558691788815,0.7363558691788815,0.7163558691788815,0.7163558691788815,0.7163558691788815,0.7163558691788815,0.7263558691788815
516,0.8965885575809938,0.8965885575809938,0.9065885575809938,0.9065885575809938,0.8865885575809938,0.8965885575809938,0.8965885575809938,0.8865885575809938,0.9165885575809938,0.9165885575809938,0.8965885575809938,0.8765885575809937,0.8665885575809937
517,0.8854003180411761,0.8754003180411761,0.8754003180411761,0.8754003180411761,0.8854003180411761,0.8854003180411761,0.8854003180411761,0.8854003180411761,0.8754003180411761,0.8654003180411761,0.8854003180411761,0.8954003180411761,0.8954003180411761
518,0.9032070702952796,0.9032070702952796,0.9032070702952796,0.8932070702952796,0.8932070702952796,0.8932070702952796,0.8832070702952796,0.8932070702952796,0.8632070702952795,0.8732070702952796,0.8832070702952796,0.8732070702952796,0.8732070702952796
519,0.8929240531203466,0.8829240531203466,0.8729240531203466,0.8929240531203466,0.9229240531203466,0.9229240531203466,0.9229240531203466,0.9029240531203466,0.9129240531203466,0.9029240531203466,0.8829240531203466,0.8829240531203466,0.8729240531203466
520,0.8886066540500395,0.8786066540500395,0.8886066540500395,0.8886066540500395,0.8586066540500394,0.8586066540500394,0.8686066540500395,0.8586066540500394,0.8686066540500395,0.8786066540500395,0.8686066540500395,0.8786066540500395,0.8786066540500395
521,0.6771303990084371,0.6771303990084371,0.6671303990084371,0.6971303990084371,0.6721303990084371,0.6721303990084371,0.6721303990084371,0.6721303990084371,0.6621303990084371,0.6621303990084371,0.6621303990084371,0.6721303990084371,0.6721303990084371
522,0.6916388267857813,0.7016388267857813,0.6816388267857812,0.6616388267857812,0.6616388267857812,0.6766388267857812,0.6666388267857812,0.6666388267857812,0.6866388267857813,0.7066388267857813,0.7066388267857813,0.7066388267857813,0.7166388267857813
523,0.8343132972152603,0.8043132972152602,0.7943132972152602,0.7993132972152602,0.7993132972152602,0.8093132972152602,0.8093132972152602,0.8093132972152602,0.8193132972152603,0.8193132972152603,0.8093132972152602,0.8393132972152603,0.8293132972152603
524,0.7384937740079281,0.7384937740079281,0.7384937740079281,0.7484937740079282,0.7284937740079281,0.7184937740079281,0.7184937740079281,0.7284937740079281,0.7484937740079282,0.7484937740079282,0.7384937740079281,0.7384937740079281,0.7484937740079282
525,0.6745144678030305,0.6645144678030305,0.6645144678030305,0.6745144678030305,0.6645144678030305,0.6745144678030305,0.6845144678030305,0.6745144678030305,0.6945144678030305,0.6745144678030305,0.6645144678030305,0.6845144678030305,0.6845144678030305
526,0.5140715275643436,0.5140715275643436,0.5140715275643436,0.5240715275643436,0.5240715275643436,0.5040715275643436,0.4940715275643436,0.4840715275643436,0.4940715275643436,0.4940715275643436,0.5140715275643436,0.5140715275643436,0.5240715275643436
527,0.7492910519353138,0.7492910519353138,0.7492910519353138,0.7492910519353138,0.7592910519353138,0.7692910519353138,0.7692910519353138,0.7592910519353138,0.7692910519353138,0.7592910519353138,0.7592910519353138,0.7592910519353138,0.7492910519353138
528,0.7173606732142985,0.7173606732142985,0.7273606732142985,0.7073606732142985,0.6973606732142985,0.6973606732142985,0.7273606732142985,0.7273606732142985,0.7173606732142985,0.7173606732142985,0.7173606732142985,0.6773606732142985,0.6773606732142985
529,0.6446099675521489,0.6446099675521489,0.6346099675521489,0.6446099675521489,0.6446099675521489,0.6446099675521489,0.6446099675521489,0.6446099675521489,0.6446099675521489,0.6146099675521489,0.6246099675521489,0.6146099675521489,0.6146099675521489
530,0.882022867733728,0.872022867733728,0.8620228677337279,0.872022867733728,0.872022867733728,0.872022867733728,0.872022867733728,0.8620228677337279,0.872022867733728,0.872022867733728,0.872022867733728,0.8520228677337279,0.8620228677337279
531,0.8991596470005747,0.9091596470005747,0.9091596470005747,0.9091596470005747,0.9191596470005747,0.9191596470005747,0.8991596470005747,0.9091596470005747,0.8891596470005747,0.8891596470005747,0.8791596470005747,0.8791596470005747,0.8791596470005747
532,0.9287909255309006,0.9387909255309006,0.9387909255309006,0.9387909255309006,0.9387909255309006,0.9387909255309006,0.9287909255309006,0.9187909255309006,0.9187909255309006,0.9187909255309006,0.9187909255309006,0.9187909255309006,0.9087909255309006
533,0.8616888224939739,0.881688822493974,0.881688822493974,0.881688822493974,0.881688822493974,0.871688822493974,0.8616888224939739,0.881688822493974,0.8616888224939739,0.8616888224939739,0.8416888224939739,0.8516888224939739,0.8316888224939739
534,0.712054092530459,0.712054092530459,0.712054092530459,0.712054092530459,0.692054092530459,0.682054092530459,0.682054092530459,0.702054092530459,0.702054092530459,0.702054092530459,0.7370540925304591,0.727054092530459,0.7370540925304591
535,0.9347561631450786,0.9247561631450786,0.9247561631450786,0.9247561631450786,0.9347561631450786,0.9447561631450786,0.9447561631450786,0.9547561631450786,0.9547561631450786,0.9547561631450786,0.9547561631450786,0.9447561631450786,0.9447561631450786
536,0.6537341787053192,0.6437341787053192,0.6537341787053192,0.6737341787053193,0.6837341787053193,0.6837341787053193,0.6637341787053193,0.6837341787053193,0.6737341787053193,0.6837341787053193,0.6687341787053193,0.6687341787053193,0.6887341787053193
537,0.5796308016021049,0.5796308016021049,0.5696308016021049,0.5796308016021049,0.5896308016021049,0.5796308016021049,0.5796308016021049,0.5796308016021049,0.5796308016021049,0.5696308016021049,0.5896308016021049,0.5796308016021049,0.5896308016021049
538,0.8553473031046206,0.8553473031046206,0.8653473031046206,0.8553473031046206,0.8553473031046206,0.8253473031046206,0.8253473031046206,0.8253473031046206,0.8253473031046206,0.8253473031046206,0.8253473031046206,0.8253473031046206,0.8253473031046206
539,0.7280804089306929,0.7280804089306929,0.7380804089306929,0.7180804089306929,0.7080804089306929,0.7330804089306929,0.7230804089306929,0.7230804089306929,0.7130804089306929,0.7130804089306929,0.7130804089306929,0.7130804089306929,0.7230804089306929
540,0.7613884255429538,0.7513884255429538,0.7413884255429538,0.7613884255429538,0.7713884255429538,0.7813884255429538,0.7813884255429538,0.7913884255429539,0.8013884255429539,0.8013884255429539,0.7963884255429539,0.7763884255429538,0.7963884255429539
541,0.7036855416709663,0.7036855416709663,0.7236855416709663,0.7236855416709663,0.7336855416709663,0.7336855416709663,0.7136855416709663,0.6936855416709663,0.6936855416709663,0.6936855416709663,0.6936855416709663,0.7036855416709663,0.7036855416709663
542,0.5424509373544018,0.5424509373544018,0.5324509373544017,0.5224509373544017,0.5324509373544017,0.5324509373544017,0.5324509373544017,0.5324509373544017,0.5224509373544017,0.5124509373544017,0.5024509373544017,0.5024509373544017,0.5024509373544017
543,0.774087777743031,0.774087777743031,0.7540877777430309,0.7440877777430309,0.7590877777430309,0.7590877777430309,0.7390877777430309,0.7490877777430309,0.7490877777430309,0.7490877777430309,0.7390877777430309,0.7490877777430309,0.7490877777430309
544,0.8072916503792709,0.8372916503792709,0.8272916503792709,0.8372916503792709,0.8172916503792709,0.8272916503792709,0.8372916503792709,0.8472916503792709,0.8422916503792709,0.8422916503792709,0.8422916503792709,0.8122916503792709,0.8122916503792709
545,0.9231298951426243,0.9231298951426243,0.9031298951426243,0.8931298951426243,0.8931298951426243,0.8931298951426243,0.8931298951426243,0.9081298951426243,0.9081298951426243,0.9181298951426243,0.9181298951426243,0.9081298951426243,0.8981298951426243
546,0.6224129485860741,0.6024129485860741,0.5824129485860741,0.6024129485860741,0.6224129485860741,0.6224129485860741,0.6324129485860741,0.6624129485860741,0.6574129485860741,0.6574129485860741,0.6574129485860741,0.6374129485860741,0.6574129485860741
547,0.5915810449870217,0.5715810449870217,0.5715810449870217,0.5615810449870217,0.5515810449870217,0.5615810449870217,0.5515810449870217,0.5565810449870217,0.5565810449870217,0.5565810449870217,0.5765810449870217,0.5765810449870217,0.5765810449870217
548,0.7377740101296,0.7577740101296,0.7577740101296,0.7677740101296,0.7677740101296,0.7527740101296,0.7527740101296,0.7527740101296,0.7527740101296,0.7527740101296,0.7527740101296,0.7627740101296,0.7627740101296
549,0.7879870877356464,0.7779870877356464,0.7979870877356464,0.8079870877356464,0.8079870877356464,0.8079870877356464,0.8079870877356464,0.7979870877356464,0.7879870877356464,0.7779870877356464,0.7679870877356464,0.7679870877356464,0.7479870877356464
550,0.6707094841741871,0.6607094841741871,0.6507094841741871,0.6707094841741871,0.6607094841741871,0.6607094841741871,0.640709484174187,0.640709484174187,0.640709484174187,0.640709484174187,0.640709484174187,0.640709484174187,0.640709484174187
551,0.6425369360264175,0.6425369360264175,0.6425369360264175,0.6525369360264175,0.6525369360264175,0.6625369360264175,0.6625369360264175,0.6625369360264175,0.6525369360264175,0.6425369360264175,0.6425369360264175,0.6625369360264175,0.6625369360264175
552,0.8222335912261208,0.8322335912261208,0.8122335912261208,0.8322335912261208,0.8322335912261208,0.8122335912261208,0.8122335912261208,0.8222335912261208,0.8122335912261208,0.8122335912261208,0.8122335912261208,0.8122335912261208,0.7922335912261208
553,0.8030863422377895,0.8030863422377895,0.8030863422377895,0.7830863422377895,0.7830863422377895,0.7730863422377895,0.7830863422377895,0.7830863422377895,0.7730863422377895,0.7830863422377895,0.7830863422377895,0.7630863422377895,0.7630863422377895
554,0.9270506294130638,0.9570506294130638,0.9570506294130638,0.9570506294130638,0.9570506294130638,0.9270506294130638,0.9170506294130638,0.9170506294130638,0.9170506294130638,0.9270506294130638,0.9270506294130638,0.9270506294130638,0.9370506294130638
555,0.670277645306854,0.700277645306854,0.710277645306854,0.705277645306854,0.695277645306854,0.695277645306854,0.705277645306854,0.695277645306854,0.705277645306854,0.705277645306854,0.695277645306854,0.695277645306854,0.695277645306854
556,0.7878712347994943,0.7878712347994943,0.7978712347994943,0.7978712347994943,0.8078712347994943,0.8078712347994943,0.7978712347994943,0.7978712347994943,0.7978712347994943,0.7978712347994943,0.7978712347994943,0.7978712347994943,0.7978712347994943
557,0.6734579090312626,0.6734579090312626,0.6934579090312626,0.6834579090312626,0.6834579090312626,0.6834579090312626,0.6634579090312626,0.6634579090312626,0.6634579090312626,0.6434579090312625,0.6634579090312626,0.6434579090312625,0.6334579090312625
558,0.707391737926758,0.707391737926758,0.707391737926758,0.727391737926758,0.697391737926758,0.677391737926758,0.692391737926758,0.682391737926758,0.672391737926758,0.682391737926758,0.672391737926758,0.692391737926758,0.712391737926758
559,0.7473763252204687,0.7373763252204687,0.7373763252204687,0.7573763252204687,0.7373763252204687,0.7373763252204687,0.7373763252204687,0.7373763252204687,0.7173763252204687,0.7173763252204687,0.7173763252204687,0.7323763252204687,0.7423763252204687
560,0.775641727785422,0.775641727785422,0.805641727785422,0.795641727785422,0.795641727785422,0.775641727785422,0.775641727785422,0.785641727785422,0.785641727785422,0.785641727785422,0.7556417277854219,0.7556417277854219,0.7356417277854219
561,0.886312853478111,0.8763128534781109,0.8763128534781109,0.8663128534781109,0.8563128534781109,0.8563128534781109,0.8663128534781109,0.8663128534781109,0.8663128534781109,0.8463128534781109,0.8563128534781109,0.8563128534781109,0.8463128534781109
562,0.8583328395684859,0.878332839568486,0.868332839568486,0.868332839568486,0.868332839568486,0.888332839568486,0.888332839568486,0.888332839568486,0.888332839568486,0.898332839568486,0.898332839568486,0.898332839568486,0.898332839568486
563,0.7789560391915209,0.7689560391915209,0.7889560391915209,0.7989560391915209,0.8189560391915209,0.8139560391915209,0.8139560391915209,0.8139560391915209,0.8039560391915209,0.8039560391915209,0.8039560391915209,0.7839560391915209,0.8039560391915209
564,0.7797058663077068,0.7897058663077068,0.7897058663077068,0.7897058663077068,0.8097058663077068,0.8097058663077068,0.7947058663077068,0.7947058663077068,0.7847058663077068,0.7847058663077068,0.7847058663077068,0.7847058663077068,0.7847058663077068
565,0.8304549312849159,0.8304549312849159,0.8404549312849159,0.8504549312849159,0.8504549312849159,0.8304549312849159,0.8404549312849159,0.8104549312849159,0.8104549312849159,0.8104549312849159,0.8004549312849158,0.8154549312849159,0.7954549312849158
566,0.7882320971687785,0.7782320971687785,0.7782320971687785,0.7682320971687785,0.7682320971687785,0.7682320971687785,0.7482320971687785,0.7582320971687785,0.7482320971687785,0.7682320971687785,0.7782320971687785,0.7782320971687785,0.8082320971687785
567,0.5710992828420839,0.5610992828420839,0.5410992828420839,0.5410992828420839,0.5510992828420839,0.5510992828420839,0.5510992828420839,0.5510992828420839,0.5410992828420839,0.5560992828420839,0.5260992828420838,0.5260992828420838,0.5260992828420838
568,0.9409224391723066,0.9409224391723066,0.9509224391723066,0.9609224391723066,0.9709224391723066,0.9709224391723066,0.9709224391723066,0.9709224391723066,0.9709224391723066,0.9709224391723066,0.9709224391723066,0.9709224391723066,0.9509224391723066
569,0.7590822327523813,0.7490822327523813,0.7390822327523813,0.7390822327523813,0.7290822327523813,0.7190822327523813,0.7190822327523813,0.7390822327523813,0.7590822327523813,0.7490822327523813,0.7690822327523813,0.7790822327523813,0.7790822327523813
570,0.7073062879504395,0.7073062879504395,0.7073062879504395,0.7073062879504395,0.7073062879504395,0.7073062879504395,0.7073062879504395,0.7073062879504395,0.7073062879504395,0.7073062879504395,0.7173062879504395,0.7273062879504395,0.7173062879504395
571,0.6725840504373414,0.6925840504373414,0.7025840504373414,0.7125840504373414,0.7075840504373414,0.6975840504373414,0.6875840504373414,0.6875840504373414,0.6875840504373414,0.6875840504373414,0.7075840504373414,0.6975840504373414,0.6875840504373414
572,0.9314046110221559,0.9114046110221559,0.9114046110221559,0.9114046110221559,0.9014046110221559,0.9014046110221559,0.9164046110221559,0.9064046110221559,0.9164046110221559,0.9064046110221559,0.9164046110221559,0.9164046110221559,0.9064046110221559
573,0.7694491422176357,0.7494491422176357,0.7794491422176357,0.7794491422176357,0.7894491422176357,0.8094491422176358,0.8044491422176357,0.8044491422176357,0.8144491422176358,0.8044491422176357,0.7844491422176357,0.7844491422176357,0.7844491422176357
574,0.6928684918773528,0.6928684918773528,0.7128684918773528,0.7128684918773528,0.7328684918773528,0.7328684918773528,0.7278684918773528,0.7278684918773528,0.7278684918773528,0.7178684918773528,0.6978684918773528,0.6878684918773528,0.6878684918773528
575,0.7919707277968524,0.8119707277968524,0.8119707277968524,0.8119707277968524,0.8119707277968524,0.8119707277968524,0.7919707277968524,0.8019707277968524,0.8019707277968524,0.8219707277968524,0.8319707277968524,0.8219707277968524,0.8119707277968524
576,0.7880997236587164,0.7880997236587164,0.7780997236587164,0.7880997236587164,0.7980997236587164,0.7980997236587164,0.7980997236587164,0.7780997236587164,0.7780997236587164,0.7780997236587164,0.7880997236587164,0.8080997236587164,0.7980997236587164
577,0.7686933519407919,0.7686933519407919,0.7686933519407919,0.7586933519407919,0.7586933519407919,0.7586933519407919,0.7586933519407919,0.7586933519407919,0.7586933519407919,0.7686933519407919,0.7686933519407919,0.7886933519407919,0.7886933519407919
578,0.4474084796686616,0.4574084796686616,0.4574084796686616,0.4774084796686616,0.4774084796686616,0.4774084796686616,0.4674084796686616,0.4674084796686616,0.4774084796686616,0.4674084796686616,0.4674084796686616,0.42740847966866163,0.4574084796686616
579,0.7250634245832678,0.7350634245832678,0.7050634245832678,0.7050634245832678,0.7050634245832678,0.7150634245832678,0.7050634245832678,0.7150634245832678,0.7050634245832678,0.7050634245832678,0.7150634245832678,0.7250634245832678,0.7250634245832678
580,0.8540809159391013,0.8340809159391013,0.8140809159391013,0.8140809159391013,0.8140809159391013,0.8140809159391013,0.8140809159391013,0.8440809159391013,0.8340809159391013,0.8240809159391013,0.8340809159391013,0.8240809159391013,0.8240809159391013
581,0.9121296135922521,0.9121296135922521,0.9121296135922521,0.9221296135922521,0.9321296135922521,0.9421296135922521,0.9521296135922521,0.9471296135922521,0.9371296135922521,0.9371296135922521,0.9471296135922521,0.9371296135922521,0.9371296135922521
582,0.8790798014789307,0.8890798014789307,0.8990798014789307,0.8990798014789307,0.8990798014789307,0.8890798014789307,0.8890798014789307,0.8990798014789307,0.8690798014789307,0.8990798014789307,0.9090798014789307,0.8990798014789307,0.8890798014789307
583,0.793539379770901,0.773539379770901,0.783539379770901,0.783539379770901,0.773539379770901,0.783539379770901,0.783539379770901,0.783539379770901,0.783539379770901,0.783539379770901,0.763539379770901,0.763539379770901,0.773539379770901
584,0.7437203872142408,0.7237203872142408,0.7237203872142408,0.7237203872142408,0.7137203872142408,0.7137203872142408,0.7237203872142408,0.7487203872142408,0.7287203872142408,0.7087203872142408,0.7087203872142408,0.7187203872142408,0.7287203872142408
585,0.6273160735378082,0.6373160735378082,0.6473160735378082,0.6273160735378082,0.6273160735378082,0.6273160735378082,0.6473160735378082,0.6473160735378082,0.6573160735378082,0.6673160735378082,0.6673160735378082,0.6673160735378082,0.6673160735378082
586,0.6914390911425893,0.6914390911425893,0.7114390911425893,0.7014390911425893,0.6914390911425893,0.6914390911425893,0.6814390911425893,0.6714390911425893,0.6614390911425893,0.6714390911425893,0.6614390911425893,0.6614390911425893,0.6614390911425893
587,0.6581107224478786,0.6581107224478786,0.6581107224478786,0.6681107224478786,0.6781107224478786,0.6881107224478786,0.6981107224478786,0.6931107224478786,0.6831107224478786,0.6831107224478786,0.6831107224478786,0.6831107224478786,0.6931107224478786
588,0.9753531911283437,0.9753531911283437,1.0,1.0,0.99,1.0,0.99,0.99,0.96,0.96,0.9299999999999999,0.95,0.95
589,0.8052774085881172,0.8052774085881172,0.7752774085881172,0.7752774085881172,0.7652774085881172,0.7652774085881172,0.7702774085881172,0.7802774085881172,0.7702774085881172,0.7702774085881172,0.7802774085881172,0.8002774085881172,0.8002774085881172
590,0.853246854520952,0.853246854520952,0.853246854520952,0.853246854520952,0.863246854520952,0.873246854520952,0.883246854520952,0.893246854520952,0.863246854520952,0.863246854520952,0.863246854520952,0.863246854520952,0.863246854520952
591,0.7583019043163686,0.7583019043163686,0.7483019043163686,0.7383019043163686,0.7483019043163686,0.7383019043163686,0.7383019043163686,0.7383019043163686,0.7633019043163686,0.7633019043163686,0.7633019043163686,0.7533019043163686,0.7433019043163686
592,0.942939931153559,0.922939931153559,0.912939931153559,0.912939931153559,0.912939931153559,0.922939931153559,0.922939931153559,0.932939931153559,0.912939931153559,0.912939931153559,0.932939931153559,0.942939931153559,0.942939931153559
593,0.9054975967475336,0.9254975967475336,0.9254975967475336,0.9004975967475336,0.9004975967475336,0.9004975967475336,0.9104975967475336,0.9204975967475336,0.9104975967475336,0.8804975967475336,0.8804975967475336,0.8904975967475336,0.8904975967475336
594,0.6275766535881742,0.5975766535881741,0.6275766535881742,0.6275766535881742,0.6275766535881742,0.6275766535881742,0.6575766535881742,0.6575766535881742,0.6575766535881742,0.6475766535881742,0.6575766535881742,0.6575766535881742,0.6675766535881742
595,0.6159922034636992,0.6159922034636992,0.6159922034636992,0.6159922034636992,0.6059922034636992,0.6059922034636992,0.6159922034636992,0.6059922034636992,0.6159922034636992,0.6159922034636992,0.6059922034636992,0.5859922034636992,0.5959922034636992
596,0.7309440284875177,0.7309440284875177,0.7309440284875177,0.7509440284875177,0.7509440284875177,0.7509440284875177,0.7709440284875178,0.7709440284875178,0.7659440284875177,0.7559440284875177,0.7659440284875177,0.7559440284875177,0.7659440284875177
597,0.7460695764871567,0.7460695764871567,0.7760695764871567,0.7860695764871567,0.7810695764871567,0.7710695764871567,0.7610695764871567,0.7610695764871567,0.7610695764871567,0.7810695764871567,0.7810695764871567,0.7710695764871567,0.7810695764871567
598,0.9700845018422455,0.9500845018422455,0.9500845018422455,0.9600845018422455,0.9600845018422455,0.9600845018422455,0.9500845018422455,0.9400845018422455,0.9400845018422455,0.9400845018422455,0.9500845018422455,0.9500845018422455,0.9500845018422455
599,0.7001142351799453,0.6701142351799453,0.6701142351799453,0.6701142351799453,0.6601142351799453,0.6601142351799453,0.6601142351799453,0.6601142351799453,0.6651142351799453,0.6651142351799453,0.6751142351799453,0.6951142351799453,0.6951142351799453
600,0.9256088345387293,0.9256088345387293,0.9356088345387293,0.9456088345387293,0.9656088345387294,0.9556088345387294,0.9356088345387293,0.9456088345387293,0.9356088345387293,0.9356088345387293,0.9456088345387293,0.9456088345387293,0.9456088345387293
601,0.841615488793047,0.821615488793047,0.821615488793047,0.831615488793047,0.821615488793047,0.821615488793047,0.831615488793047,0.831615488793047,0.841615488793047,0.8616154887930471,0.821615488793047,0.831615488793047,0.831615488793047
602,0.6554985447837403,0.6554985447837403,0.6654985447837403,0.6754985447837403,0.6654985447837403,0.6654985447837403,0.6754985447837403,0.6754985447837403,0.6954985447837403,0.6854985447837403,0.6754985447837403,0.6654985447837403,0.6654985447837403
603,0.7172613304137242,0.7072613304137242,0.7072613304137242,0.6872613304137242,0.6772613304137242,0.6772613304137242,0.6772613304137242,0.6822613304137242,0.6922613304137242,0.6922613304137242,0.6922613304137242,0.7022613304137242,0.6922613304137242
604,0.8289201119461046,0.8389201119461046,0.8389201119461046,0.8289201119461046,0.8289201119461046,0.8189201119461046,0.8289201119461046,0.8289201119461046,0.8289201119461046,0.8289201119461046,0.8389201119461046,0.8489201119461046,0.8389201119461046
605,0.8300166645379448,0.8300166645379448,0.8000166645379447,0.8000166645379447,0.8000166645379447,0.8000166645379447,0.8000166645379447,0.8150166645379447,0.8150166645379447,0.7950166645379447,0.8150166645379447,0.8150166645379447,0.8050166645379447
606,0.7574624473179562,0.7374624473179562,0.7374624473179562,0.7474624473179562,0.7574624473179562,0.7574624473179562,0.7574624473179562,0.7774624473179562,0.7774624473179562,0.7774624473179562,0.7774624473179562,0.7774624473179562,0.7774624473179562
607,0.9005797055373921,0.8905797055373921,0.8705797055373921,0.8705797055373921,0.860579705537392,0.860579705537392,0.860579705537392,0.8705797055373921,0.8705797055373921,0.8705797055373921,0.8905797055373921,0.9105797055373921,0.9105797055373921
608,0.7820294839133319,0.7620294839133319,0.7420294839133319,0.7470294839133319,0.7470294839133319,0.7570294839133319,0.7770294839133319,0.7570294839133319,0.7770294839133319,0.7770294839133319,0.7770294839133319,0.797029483913332,0.797029483913332
609,0.7780081120110485,0.7780081120110485,0.7880081120110485,0.7880081120110485,0.7880081120110485,0.7880081120110485,0.7980081120110485,0.8080081120110485,0.7980081120110485,0.7980081120110485,0.7980081120110485,0.8080081120110485,0.8180081120110485
610,0.8622108436717666,0.8622108436717666,0.8522108436717666,0.8422108436717666,0.8322108436717666,0.8322108436717666,0.8322108436717666,0.8322108436717666,0.8322108436717666,0.8422108436717666,0.8422108436717666,0.8522108436717666,0.8422108436717666
611,0.69145970099556,0.69145970099556,0.70145970099556,0.70145970099556,0.70145970099556,0.68145970099556,0.68145970099556,0.68145970099556,0.67145970099556,0.69645970099556,0.70645970099556,0.70645970099556,0.70645970099556
612,0.5835463188433279,0.6035463188433279,0.6035463188433279,0.5935463188433279,0.6135463188433279,0.6135463188433279,0.5985463188433279,0.5985463188433279,0.5785463188433279,0.5885463188433279,0.5685463188433278,0.5485463188433278,0.5585463188433278
613,0.762144550771896,0.752144550771896,0.772144550771896,0.782144550771896,0.782144550771896,0.782144550771896,0.782144550771896,0.792144550771896,0.792144550771896,0.777144550771896,0.777144550771896,0.787144550771896,0.777144550771896
614,0.7416751827015086,0.7216751827015085,0.7216751827015085,0.7316751827015086,0.7316751827015086,0.7316751827015086,0.7316751827015086,0.7016751827015085,0.7066751827015085,0.7166751827015085,0.7166751827015085,0.7166751827015085,0.7066751827015085
615,0.7005453649961562,0.7005453649961562,0.7005453649961562,0.7105453649961562,0.7105453649961562,0.7005453649961562,0.7005453649961562,0.6905453649961562,0.6805453649961561,0.6905453649961562,0.6905453649961562,0.6905453649961562,0.6905453649961562
616,0.7949945354967927,0.8149945354967927,0.8249945354967927,0.8349945354967927,0.8349945354967927,0.8299945354967927,0.8299945354967927,0.8199945354967927,0.8199945354967927,0.7999945354967927,0.7999945354967927,0.7999945354967927,0.7899945354967927
617,1.0,1.0,1.0,1.0,0.96,0.96,0.96,0.9299999999999999,0.94,0.95,0.94,0.94,0.94
618,0.8381809428025284,0.8281809428025284,0.8181809428025284,0.8081809428025284,0.8081809428025284,0.7981809428025284,0.7981809428025284,0.8031809428025284,0.8131809428025284,0.8131809428025284,0.8131809428025284,0.8131809428025284,0.8131809428025284
619,0.8422637860535387,0.8522637860535387,0.8622637860535387,0.8822637860535387,0.8822637860535387,0.8822637860535387,0.8822637860535387,0.8822637860535387,0.8822637860535387,0.8822637860535387,0.8772637860535387,0.8772637860535387,0.8672637860535387
620,0.8384598564781772,0.8384598564781772,0.8284598564781772,0.8384598564781772,0.8384598564781772,0.8384598564781772,0.8384598564781772,0.8584598564781772,0.8684598564781773,0.8584598564781772,0.8584598564781772,0.8384598564781772,0.8684598564781773
621,0.5779019896868232,0.5979019896868232,0.5879019896868232,0.5879019896868232,0.5779019896868232,0.5779019896868232,0.5679019896868231,0.5679019896868231,0.5679019896868231,0.5679019896868231,0.5679019896868231,0.5679019896868231,0.5779019896868232
622,0.5982499211714857,0.6182499211714857,0.6282499211714857,0.6382499211714857,0.6282499211714857,0.6282499211714857,0.6282499211714857,0.6132499211714857,0.6132499211714857,0.6132499211714857,0.6132499211714857,0.6132499211714857,0.6132499211714857
623,0.742044724656945,0.7620447246569451,0.7620447246569451,0.742044724656945,0.732044724656945,0.732044724656945,0.732044724656945,0.722044724656945,0.732044724656945,0.712044724656945,0.722044724656945,0.722044724656945,0.722044724656945
624,0.8810576840047444,0.8910576840047444,0.8610576840047444,0.8810576840047444,0.9010576840047444,0.9010576840047444,0.9110576840047444,0.9010576840047444,0.9010576840047444,0.8910576840047444,0.8810576840047444,0.8810576840047444,0.8710576840047444
625,0.6793513567012366,0.6693513567012366,0.6693513567012366,0.6593513567012366,0.6593513567012366,0.6693513567012366,0.6593513567012366,0.6843513567012366,0.6743513567012366,0.6843513567012366,0.6743513567012366,0.6743513567012366,0.6843513567012366
626,0.635777696723905,0.635777696723905,0.6457776967239051,0.635777696723905,0.635777696723905,0.625777696723905,0.615777696723905,0.615777696723905,0.625777696723905,0.605777696723905,0.620777696723905,0.620777696723905,0.610777696723905
627,0.8733742690663414,0.8733742690663414,0.8733742690663414,0.8733742690663414,0.8833742690663414,0.8633742690663414,0.8733742690663414,0.8733742690663414,0.8633742690663414,0.8433742690663414,0.8333742690663414,0.8333742690663414,0.8333742690663414
628,0.6946786748811754,0.6846786748811754,0.6746786748811754,0.6746786748811754,0.6846786748811754,0.6846786748811754,0.6846786748811754,0.6846786748811754,0.6946786748811754,0.7146786748811754,0.7146786748811754,0.7246786748811754,0.7246786748811754
629,0.5951728335584294,0.5851728335584294,0.5851728335584294,0.5851728335584294,0.5851728335584294,0.5851728335584294,0.5851728335584294,0.5951728335584294,0.5951728335584294,0.5951728335584294,0.5951728335584294,0.6051728335584294,0.6251728335584295
630,0.7063299375680929,0.6663299375680929,0.6663299375680929,0.6663299375680929,0.6663299375680929,0.6713299375680929,0.6813299375680929,0.6813299375680929,0.6613299375680929,0.6613299375680929,0.6613299375680929,0.6613299375680929,0.6613299375680929
631,0.975813595075225,0.965813595075225,0.965813595075225,0.975813595075225,0.955813595075225,0.955813595075225,0.985813595075225,0.995813595075225,0.975813595075225,0.985813595075225,0.995813595075225,0.995813595075225,1.0
632,0.6650426275817497,0.6450426275817497,0.6450426275817497,0.6450426275817497,0.6550426275817497,0.6550426275817497,0.6450426275817497,0.6550426275817497,0.6550426275817497,0.6350426275817497,0.6500426275817497,0.6500426275817497,0.6600426275817497
633,0.9013475620633382,0.9013475620633382,0.9013475620633382,0.8913475620633382,0.9113475620633382,0.9113475620633382,0.9113475620633382,0.9013475620633382,0.9113475620633382,0.9213475620633382,0.9313475620633382,0.9413475620633383,0.9213475620633382
634,0.8229630667350918,0.8229630667350918,0.8229630667350918,0.8229630667350918,0.8229630667350918,0.8229630667350918,0.8229630667350918,0.8329630667350918,0.8229630667350918,0.8329630667350918,0.8329630667350918,0.8329630667350918,0.8329630667350918
635,0.7665490426389207,0.7865490426389207,0.7865490426389207,0.7865490426389207,0.7965490426389207,0.7965490426389207,0.7865490426389207,0.7965490426389207,0.7965490426389207,0.7765490426389207,0.7765490426389207,0.7865490426389207,0.7865490426389207
636,0.7521270226392354,0.7521270226392354,0.7521270226392354,0.7521270226392354,0.7221270226392353,0.7221270226392353,0.7321270226392353,0.7221270226392353,0.7121270226392353,0.7171270226392353,0.7271270226392353,0.7171270226392353,0.7171270226392353
637,0.6842773273167329,0.6842773273167329,0.6942773273167329,0.7042773273167329,0.6842773273167329,0.6842773273167329,0.6742773273167328,0.6742773273167328,0.6742773273167328,0.6642773273167328,0.6542773273167328,0.6542773273167328,0.6642773273167328
638,0.8059731724877647,0.7959731724877647,0.7959731724877647,0.7959731724877647,0.7759731724877647,0.7909731724877647,0.7909731724877647,0.7809731724877647,0.7809731724877647,0.7809731724877647,0.7709731724877646,0.7709731724877646,0.7809731724877647
639,0.6400536176993592,0.6400536176993592,0.6300536176993592,0.6000536176993592,0.6000536176993592,0.6300536176993592,0.6200536176993592,0.6100536176993592,0.6100536176993592,0.6200536176993592,0.6500536176993592,0.6500536176993592,0.6500536176993592
640,0.5688272349544947,0.5988272349544947,0.5888272349544947,0.5788272349544947,0.5588272349544947,0.5588272349544947,0.5588272349544947,0.5588272349544947,0.5938272349544947,0.5938272349544947,0.5838272349544947,0.5938272349544947,0.6138272349544948
641,0.7006049331127251,0.7106049331127251,0.7206049331127251,0.7206049331127251,0.7106049331127251,0.7106049331127251,0.7206049331127251,0.7206049331127251,0.7106049331127251,0.7106049331127251,0.7106049331127251,0.7006049331127251,0.6906049331127251
642,0.6964961822759858,0.7064961822759858,0.7064961822759858,0.6964961822759858,0.6864961822759857,0.6764961822759857,0.6764961822759857,0.6764961822759857,0.6664961822759857,0.6764961822759857,0.6864961822759857,0.6864961822759857,0.7164961822759858
643,0.8501066870195921,0.8501066870195921,0.8601066870195921,0.8501066870195921,0.8601066870195921,0.8501066870195921,0.8501066870195921,0.8601066870195921,0.8601066870195921,0.8701066870195922,0.8701066870195922,0.8901066870195922,0.8901066870195922
644,0.9675872601406958,0.9675872601406958,0.9775872601406959,0.9775872601406959,0.9775872601406959,0.9775872601406959,0.9575872601406958,0.9575872601406958,0.9575872601406958,0.9575872601406958,0.9575872601406958,0.9875872601406959,0.9675872601406958
645,0.7746109085749255,0.7846109085749255,0.7946109085749256,0.7946109085749256,0.7696109085749255,0.7596109085749255,0.7496109085749255,0.7496109085749255,0.7496109085749255,0.7496109085749255,0.7396109085749255,0.7396109085749255,0.7396109085749255
646,0.8289089875887412,0.8089089875887412,0.8189089875887412,0.8289089875887412,0.8289089875887412,0.8489089875887412,0.8189089875887412,0.8289089875887412,0.8289089875887412,0.8289089875887412,0.8489089875887412,0.8389089875887412,0.8389089875887412
647,0.8696090632130996,0.8596090632130996,0.8596090632130996,0.8696090632130996,0.8696090632130996,0.8696090632130996,0.8796090632130996,0.8996090632130996,0.9096090632130996,0.9096090632130996,0.9096090632130996,0.8996090632130996,0.8896090632130996
648,0.6596027782021622,0.6596027782021622,0.6596027782021622,0.6596027782021622,0.6596027782021622,0.6596027782021622,0.6796027782021622,0.6696027782021622,0.6696027782021622,0.6696027782021622,0.6696027782021622,0.6696027782021622,0.6696027782021622
649,0.7103445753593387,0.7103445753593387,0.7103445753593387,0.7103445753593387,0.7303445753593387,0.7303445753593387,0.7203445753593387,0.7103445753593387,0.7003445753593387,0.7303445753593387,0.7003445753593387,0.7203445753593387,0.7103445753593387
650,0.7512529020190781,0.7412529020190781,0.7212529020190781,0.7362529020190781,0.7462529020190781,0.7462529020190781,0.7462529020190781,0.7462529020190781,0.7562529020190781,0.7462529020190781,0.7462529020190781,0.7262529020190781,0.7262529020190781
651,0.9702257293211837,0.9702257293211837,0.9702257293211837,0.9702257293211837,0.9702257293211837,0.9702257293211837,0.9702257293211837,0.9702257293211837,0.9702257293211837,0.9602257293211837,0.9502257293211837,0.9502257293211837,0.9502257293211837
652,0.6566533636994768,0.6766533636994768,0.6766533636994768,0.6766533636994768,0.6666533636994768,0.6666533636994768,0.6666533636994768,0.6566533636994768,0.6566533636994768,0.6666533636994768,0.6766533636994768,0.6766533636994768,0.6666533636994768
653,0.8039888445941535,0.8339888445941536,0.8439888445941536,0.8389888445941536,0.8389888445941536,0.8389888445941536,0.8289888445941536,0.8089888445941535,0.8089888445941535,0.8089888445941535,0.8089888445941535,0.8089888445941535,0.8189888445941536
654,0.7449252325523348,0.7449252325523348,0.7449252325523348,0.7449252325523348,0.7249252325523348,0.7249252325523348,0.7149252325523348,0.7349252325523348,0.7349252325523348,0.7449252325523348,0.7549252325523348,0.7449252325523348,0.7549252325523348
655,0.8720470584746551,0.8820470584746551,0.8820470584746551,0.8820470584746551,0.8820470584746551,0.8720470584746551,0.8720470584746551,0.8720470584746551,0.8520470584746551,0.8620470584746551,0.8520470584746551,0.8520470584746551,0.8820470584746551
656,0.7084895297295056,0.7084895297295056,0.7284895297295056,0.7284895297295056,0.7284895297295056,0.7384895297295057,0.7384895297295057,0.7384895297295057,0.7384895297295057,0.7484895297295057,0.7484895297295057,0.7434895297295057,0.7334895297295057
657,0.7007300300905692,0.6907300300905692,0.6907300300905692,0.6907300300905692,0.6907300300905692,0.7007300300905692,0.7107300300905692,0.7007300300905692,0.6907300300905692,0.7007300300905692,0.6907300300905692,0.7007300300905692,0.6807300300905692
658,0.7983084332513889,0.7983084332513889,0.7983084332513889,0.7883084332513889,0.7983084332513889,0.8083084332513889,0.8183084332513889,0.8183084332513889,0.8283084332513889,0.8183084332513889,0.8183084332513889,0.8183084332513889,0.8183084332513889
659,0.7871268278403888,0.7771268278403888,0.7771268278403888,0.7971268278403888,0.8071268278403888,0.8171268278403888,0.8071268278403888,0.8171268278403888,0.8071268278403888,0.7871268278403888,0.7671268278403888,0.7671268278403888,0.7671268278403888
660,0.795135652729589,0.795135652729589,0.815135652729589,0.815135652729589,0.815135652729589,0.815135652729589,0.805135652729589,0.805135652729589,0.815135652729589,0.795135652729589,0.815135652729589,0.815135652729589,0.825135652729589
661,0.6880643812436131,0.6880643812436131,0.7080643812436132,0.7080643812436132,0.7080643812436132,0.7180643812436132,0.7180643812436132,0.7280643812436132,0.7180643812436132,0.7280643812436132,0.7230643812436132,0.7130643812436132,0.6930643812436131
662,0.8311712525537561,0.8511712525537561,0.8511712525537561,0.8511712525537561,0.8511712525537561,0.8411712525537561,0.8511712525537561,0.8411712525537561,0.8411712525537561,0.8711712525537562,0.8661712525537562,0.8661712525537562,0.8661712525537562
663,0.9365621713266001,0.9365621713266001,0.9365621713266001,0.9165621713266001,0.8965621713266001,0.8965621713266001,0.8965621713266001,0.8965621713266001,0.9365621713266001,0.9265621713266001,0.9265621713266001,0.9365621713266001,0.9165621713266001
664,0.9624320341897658,0.9624320341897658,0.9524320341897657,0.9624320341897658,0.9724320341897658,0.9624320341897658,0.9624320341897658,0.9724320341897658,0.9724320341897658,0.9724320341897658,0.9824320341897658,0.9724320341897658,0.9724320341897658
665,0.8260355666822565,0.8160355666822565,0.8160355666822565,0.8160355666822565,0.8160355666822565,0.8260355666822565,0.8660355666822566,0.8660355666822566,0.8660355666822566,0.8610355666822566,0.8610355666822566,0.8610355666822566,0.8410355666822565
666,0.7425343499065331,0.7325343499065331,0.7525343499065331,0.7425343499065331,0.7425343499065331,0.7325343499065331,0.7325343499065331,0.7425343499065331,0.7425343499065331,0.7425343499065331,0.7325343499065331,0.7225343499065331,0.7225343499065331
667,0.6894418712713848,0.6894418712713848,0.6894418712713848,0.6894418712713848,0.6894418712713848,0.6794418712713848,0.6894418712713848,0.6894418712713848,0.6894418712713848,0.6794418712713848,0.6894418712713848,0.6894418712713848,0.6794418712713848
668,0.8682137699842064,0.8682137699842064,0.8682137699842064,0.8682137699842064,0.8682137699842064,0.8682137699842064,0.8682137699842064,0.8782137699842064,0.8982137699842064,0.8882137699842064,0.8882137699842064,0.8882137699842064,0.8882137699842064
669,0.9794800013151467,0.9794800013151467,0.9894800013151467,0.9994800013151467,0.9894800013151467,0.9794800013151467,0.9794800013151467,0.9994800013151467,0.9994800013151467,0.9894800013151467,0.9894800013151467,0.9894800013151467,1.0
670,0.889787898426371,0.889787898426371,0.929787898426371,0.929787898426371,0.909787898426371,0.919787898426371,0.929787898426371,0.929787898426371,0.924787898426371,0.904787898426371,0.914787898426371,0.914787898426371,0.934787898426371
671,0.8192534268677073,0.8192534268677073,0.8092534268677073,0.8092534268677073,0.8292534268677073,0.8592534268677073,0.8492534268677073,0.8492534268677073,0.8592534268677073,0.8592534268677073,0.8492534268677073,0.8592534268677073,0.8592534268677073
672,0.950792300492112,0.9607923004921121,0.9607923004921121,0.9707923004921121,0.9707923004921121,0.9707923004921121,0.9607923004921121,0.9807923004921121,0.9707923004921121,0.950792300492112,0.9607923004921121,0.9607923004921121,0.9607923004921121
673,0.7289100603370895,0.7189100603370895,0.6989100603370895,0.6989100603370895,0.6989100603370895,0.7089100603370895,0.7189100603370895,0.7289100603370895,0.7289100603370895,0.7389100603370895,0.7389100603370895,0.7289100603370895,0.7489100603370895
674,0.5279308993195944,0.5379308993195944,0.5179308993195944,0.5479308993195944,0.5479308993195944,0.5579308993195944,0.5579308993195944,0.5579308993195944,0.5579308993195944,0.5579308993195944,0.5479308993195944,0.5379308993195944,0.5479308993195944
675,0.7999362736977295,0.7999362736977295,0.7799362736977294,0.7699362736977294,0.7699362736977294,0.7799362736977294,0.7699362736977294,0.7699362736977294,0.7699362736977294,0.7699362736977294,0.7849362736977294,0.7849362736977294,0.7849362736977294
676,0.8932029286427732,0.8832029286427732,0.9032029286427732,0.9132029286427732,0.8932029286427732,0.8732029286427732,0.8932029286427732,0.8832029286427732,0.8832029286427732,0.8732029286427732,0.8982029286427732,0.8982029286427732,0.8982029286427732
677,1.0,1.0,1.0,0.995,0.985,0.995,0.985,0.985,0.985,0.985,0.985,0.975,0.975
678,0.8006750296271183,0.8206750296271184,0.8106750296271183,0.8006750296271183,0.8006750296271183,0.8006750296271183,0.7706750296271183,0.7706750296271183,0.7706750296271183,0.7606750296271183,0.7606750296271183,0.7706750296271183,0.7706750296271183
679,0.9408588898519402,0.9608588898519402,0.9808588898519403,0.9808588898519403,0.9808588898519403,0.9758588898519402,0.9758588898519402,0.9758588898519402,0.9658588898519402,0.9658588898519402,0.9658588898519402,0.9758588898519402,0.9758588898519402
680,0.82847829620561,0.79847829620561,0.79847829620561,0.81347829620561,0.82347829620561,0.84347829620561,0.81347829620561,0.82347829620561,0.82347829620561,0.82347829620561,0.83347829620561,0.82347829620561,0.83347829620561
681,0.565358331239483,0.565358331239483,0.565358331239483,0.575358331239483,0.575358331239483,0.595358331239483,0.580358331239483,0.570358331239483,0.570358331239483,0.600358331239483,0.600358331239483,0.600358331239483,0.610358331239483
682,0.7326195613459359,0.7626195613459359,0.7626195613459359,0.7726195613459359,0.7726195613459359,0.7626195613459359,0.7626195613459359,0.7476195613459359,0.7376195613459359,0.7476195613459359,0.7476195613459359,0.7376195613459359,0.7376195613459359
683,0.6789490703297084,0.6789490703297084,0.6789490703297084,0.6789490703297084,0.6689490703297084,0.6689490703297084,0.6689490703297084,0.6789490703297084,0.6789490703297084,0.6689490703297084,0.6689490703297084,0.6589490703297084,0.6589490703297084
684,0.890785542539738,0.890785542539738,0.890785542539738,0.890785542539738,0.870785542539738,0.890785542539738,0.890785542539738,0.890785542539738,0.890785542539738,0.900785542539738,0.900785542539738,0.890785542539738,0.900785542539738
685,0.7558212854824238,0.7558212854824238,0.7558212854824238,0.7658212854824238,0.7458212854824238,0.7458212854824238,0.7458212854824238,0.7358212854824238,0.7258212854824238,0.7458212854824238,0.7258212854824238,0.7258212854824238,0.7258212854824238
686,0.707771458185523,0.717771458185523,0.697771458185523,0.697771458185523,0.697771458185523,0.707771458185523,0.707771458185523,0.687771458185523,0.717771458185523,0.737771458185523,0.727771458185523,0.717771458185523,0.717771458185523
687,0.7759912148033731,0.7659912148033731,0.7759912148033731,0.7759912148033731,0.7759912148033731,0.7759912148033731,0.7559912148033731,0.7559912148033731,0.7559912148033731,0.7559912148033731,0.745991214803373,0.735991214803373,0.740991214803373
688,0.523248261025104,0.513248261025104,0.503248261025104,0.513248261025104,0.523248261025104,0.523248261025104,0.523248261025104,0.523248261025104,0.533248261025104,0.523248261025104,0.523248261025104,0.513248261025104,0.503248261025104
689,0.8926135286660086,0.8926135286660086,0.9026135286660086,0.9026135286660086,0.9026135286660086,0.8926135286660086,0.8926135286660086,0.8926135286660086,0.8826135286660086,0.8526135286660086,0.8576135286660086,0.8676135286660086,0.8776135286660086
690,0.6598671058933059,0.6598671058933059,0.6698671058933059,0.6598671058933059,0.6598671058933059,0.6598671058933059,0.6598671058933059,0.6598671058933059,0.6598671058933059,0.6598671058933059,0.6598671058933059,0.6598671058933059,0.6598671058933059
691,0.8626560651082039,0.8626560651082039,0.8626560651082039,0.8626560651082039,0.8626560651082039,0.8526560651082039,0.8526560651082039,0.8526560651082039,0.8426560651082039,0.8426560651082039,0.8426560651082039,0.8326560651082039,0.8526560651082039
692,0.6413108071779708,0.6413108071779708,0.6413108071779708,0.6513108071779709,0.6513108071779709,0.6513108071779709,0.6613108071779709,0.6513108071779709,0.6813108071779709,0.6713108071779709,0.6713108071779709,0.6713108071779709,0.6513108071779709
693,0.7980248081811399,0.7880248081811398,0.7880248081811398,0.7880248081811398,0.7780248081811398,0.7880248081811398,0.7880248081811398,0.7780248081811398,0.7780248081811398,0.7880248081811398,0.7880248081811398,0.7880248081811398,0.7880248081811398
694,0.6910489141600616,0.6710489141600616,0.6810489141600616,0.7110489141600617,0.7210489141600617,0.7110489141600617,0.7110489141600617,0.7110489141600617,0.7110489141600617,0.7110489141600617,0.7210489141600617,0.7110489141600617,0.7110489141600617
695,0.7418777932725151,0.7618777932725151,0.7618777932725151,0.7518777932725151,0.7418777932725151,0.7418777932725151,0.7418777932725151,0.7318777932725151,0.7418777932725151,0.7518777932725151,0.7618777932725151,0.7618777932725151,0.7618777932725151
696,0.6988348009960371,0.7088348009960371,0.7188348009960371,0.6988348009960371,0.6988348009960371,0.7088348009960371,0.7088348009960371,0.6988348009960371,0.6988348009960371,0.7088348009960371,0.7088348009960371,0.6988348009960371,0.7088348009960371
697,0.7643887567466398,0.7543887567466397,0.7343887567466397,0.7343887567466397,0.7493887567466397,0.7493887567466397,0.7393887567466397,0.7493887567466397,0.7193887567466397,0.7193887567466397,0.7193887567466397,0.7393887567466397,0.7593887567466397
698,0.6318723078429682,0.6218723078429682,0.6318723078429682,0.6318723078429682,0.6418723078429682,0.6418723078429682,0.6318723078429682,0.6318723078429682,0.6318723078429682,0.6118723078429682,0.6118723078429682,0.6218723078429682,0.6218723078429682
699,0.8304555498675052,0.8404555498675053,0.8504555498675053,0.8604555498675053,0.8504555498675053,0.8604555498675053,0.8704555498675053,0.8654555498675053,0.8554555498675053,0.8354555498675053,0.8254555498675052,0.8154555498675052,0.7954555498675052
700,0.9779621099238919,0.9979621099238919,0.9979621099238919,0.9979621099238919,1.0,1.0,0.97,0.97,0.99,0.95,0.94,0.95,0.98
701,0.7624342135941855,0.7324342135941855,0.7324342135941855,0.7324342135941855,0.7324342135941855,0.7474342135941855,0.7474342135941855,0.7574342135941855,0.7474342135941855,0.7374342135941855,0.7374342135941855,0.7574342135941855,0.7574342135941855
702,0.9006139666468957,0.9006139666468957,0.8906139666468957,0.8706139666468957,0.8706139666468957,0.8706139666468957,0.8606139666468957,0.8606139666468957,0.8706139666468957,0.8806139666468957,0.8806139666468957,0.8606139666468957,0.8656139666468957
703,0.7668021944512254,0.7568021944512254,0.7568021944512254,0.7768021944512254,0.7768021944512254,0.7768021944512254,0.7768021944512254,0.7968021944512255,0.7868021944512255,0.7768021944512254,0.7768021944512254,0.7768021944512254,0.7668021944512254
704,0.9695913758175714,0.9795913758175714,0.9595913758175714,0.9695913758175714,0.9995913758175714,0.9995913758175714,0.9895913758175714,0.9795913758175714,0.9695913758175714,0.9795913758175714,0.9595913758175714,0.9595913758175714,0.9595913758175714
705,0.8154711832905528,0.7954711832905528,0.8054711832905528,0.8054711832905528,0.8054711832905528,0.8054711832905528,0.8054711832905528,0.8054711832905528,0.7954711832905528,0.7854711832905528,0.8054711832905528,0.8354711832905528,0.8354711832905528
706,0.7697696491613958,0.7797696491613958,0.7897696491613958,0.7897696491613958,0.7797696491613958,0.7597696491613958,0.7897696491613958,0.7797696491613958,0.7897696491613958,0.7797696491613958,0.7797696491613958,0.7797696491613958,0.7897696491613958
707,0.6158874183719456,0.6258874183719456,0.6258874183719456,0.6458874183719456,0.6558874183719456,0.6558874183719456,0.6558874183719456,0.6458874183719456,0.6458874183719456,0.6258874183719456,0.6158874183719456,0.6258874183719456,0.6358874183719456
708,0.7362967781813561,0.7362967781813561,0.7262967781813561,0.7362967781813561,0.7462967781813561,0.7462967781813561,0.7362967781813561,0.7362967781813561,0.7362967781813561,0.7462967781813561,0.7362967781813561,0.7262967781813561,0.7262967781813561
709,0.7840973009410958,0.7840973009410958,0.7940973009410958,0.7940973009410958,0.7940973009410958,0.8040973009410958,0.8240973009410958,0.8240973009410958,0.8140973009410958,0.8140973009410958,0.8240973009410958,0.7940973009410958,0.8040973009410958
710,0.7054130229978808,0.7154130229978808,0.7254130229978808,0.7254130229978808,0.7354130229978808,0.7354130229978808,0.7354130229978808,0.7354130229978808,0.7354130229978808,0.7254130229978808,0.7254130229978808,0.7354130229978808,0.7354130229978808
711,0.9153138864831561,0.9253138864831562,0.9353138864831562,0.9103138864831561,0.8903138864831561,0.9203138864831562,0.9203138864831562,0.9103138864831561,0.9103138864831561,0.9103138864831561,0.9103138864831561,0.9003138864831561,0.9103138864831561
712,0.808457944048499,0.828457944048499,0.828457944048499,0.8484579440484991,0.843457944048499,0.833457944048499,0.843457944048499,0.833457944048499,0.813457944048499,0.813457944048499,0.823457944048499,0.813457944048499,0.823457944048499
713,0.5342486665873649,0.5442486665873649,0.5342486665873649,0.5342486665873649,0.5342486665873649,0.5542486665873649,0.5542486665873649,0.5442486665873649,0.5542486665873649,0.5542486665873649,0.5542486665873649,0.5542486665873649,0.5442486665873649
714,0.6386958072091828,0.6586958072091829,0.6586958072091829,0.6586958072091829,0.6786958072091829,0.6786958072091829,0.6786958072091829,0.6786958072091829,0.6786958072091829,0.6786958072091829,0.6686958072091829,0.6686958072091829,0.6586958072091829
715,0.764336424022966,0.764336424022966,0.744336424022966,0.744336424022966,0.744336424022966,0.744336424022966,0.744336424022966,0.744336424022966,0.744336424022966,0.7243364240229659,0.729336424022966,0.729336424022966,0.739336424022966
716,0.5994793863907601,0.5994793863907601,0.5894793863907601,0.5894793863907601,0.5994793863907601,0.5894793863907601,0.5794793863907601,0.5794793863907601,0.5994793863907601,0.5994793863907601,0.5994793863907601,0.6194793863907602,0.6194793863907602
717,1.0,1.0,1.0,1.0,1.0,1.0,1.0,1.0,0.99,0.97,0.96,0.97,0.98
718,0.8650662455491646,0.8650662455491646,0.8550662455491645,0.8450662455491645,0.8450662455491645,0.8550662455491645,0.8550662455491645,0.8450662455491645,0.8450662455491645,0.8550662455491645,0.8650662455491646,0.8650662455491646,0.8650662455491646
719,0.6423385026729582,0.6423385026729582,0.6323385026729582,0.6423385026729582,0.6523385026729582,0.6523385026729582,0.6523385026729582,0.6623385026729582,0.6623385026729582,0.6623385026729582,0.6623385026729582,0.6623385026729582,0.6523385026729582
720,0.6685434483964657,0.6685434483964657,0.6685434483964657,0.6685434483964657,0.6485434483964657,0.6585434483964657,0.6585434483964657,0.6485434483964657,0.6485434483964657,0.6585434483964657,0.6585434483964657,0.6685434483964657,0.6485434483964657
721,0.8590976249424425,0.8790976249424425,0.8790976249424425,0.8790976249424425,0.8790976249424425,0.8890976249424425,0.8890976249424425,0.8990976249424425,0.8990976249424425,0.8890976249424425,0.8740976249424425,0.8740976249424425,0.8640976249424425
722,0.6594769819275679,0.6594769819275679,0.6594769819275679,0.6494769819275679,0.6394769819275679,0.6394769819275679,0.6394769819275679,0.6294769819275678,0.6294769819275678,0.6444769819275679,0.6444769819275679,0.6344769819275679,0.6344769819275679
723,0.7792561110879045,0.7792561110879045,0.7892561110879045,0.7892561110879045,0.7992561110879045,0.7992561110879045,0.8092561110879045,0.8092561110879045,0.7892561110879045,0.7692561110879045,0.7792561110879045,0.7892561110879045,0.7892561110879045
724,0.8223346055801645,0.8223346055801645,0.8323346055801645,0.8223346055801645,0.8023346055801645,0.8123346055801645,0.8123346055801645,0.8223346055801645,0.8223346055801645,0.8023346055801645,0.8123346055801645,0.8123346055801645,0.8223346055801645
725,0.6518061544415441,0.6618061544415441,0.6518061544415441,0.6618061544415441,0.6518061544415441,0.6518061544415441,0.6618061544415441,0.6618061544415441,0.6518061544415441,0.6318061544415441,0.6418061544415441,0.6318061544415441,0.6318061544415441
726,0.606464054942162,0.616464054942162,0.606464054942162,0.596464054942162,0.586464054942162,0.576464054942162,0.586464054942162,0.586464054942162,0.596464054942162,0.596464054942162,0.596464054942162,0.596464054942162,0.596464054942162
727,0.8264854971098103,0.8264854971098103,0.8164854971098103,0.8564854971098104,0.8464854971098104,0.8164854971098103,0.8364854971098103,0.8464854971098104,0.8364854971098103,0.8264854971098103,0.8164854971098103,0.8164854971098103,0.8164854971098103
728,0.7473867067490135,0.7373867067490135,0.7473867067490135,0.7473867067490135,0.7673867067490135,0.7673867067490135,0.7773867067490136,0.7873867067490136,0.7873867067490136,0.7873867067490136,0.7873867067490136,0.7773867067490136,0.7623867067490135
729,0.8119835152944872,0.8319835152944872,0.8319835152944872,0.8119835152944872,0.8119835152944872,0.8119835152944872,0.8019835152944872,0.8019835152944872,0.8019835152944872,0.8019835152944872,0.8119835152944872,0.8119835152944872,0.7919835152944872
730,0.6096089363827906,0.6396089363827906,0.6296089363827906,0.6296089363827906,0.6296089363827906,0.6046089363827906,0.6046089363827906,0.6146089363827906,0.6146089363827906,0.6146089363827906,0.6146089363827906,0.6146089363827906,0.6246089363827906
731,0.7471367389327362,0.7371367389327362,0.7371367389327362,0.7371367389327362,0.7271367389327362,0.7471367389327362,0.7471367389327362,0.7571367389327363,0.7571367389327363,0.7571367389327363,0.7571367389327363,0.7671367389327363,0.7671367389327363
732,0.8274997366983642,0.8374997366983642,0.8274997366983642,0.8374997366983642,0.8374997366983642,0.8274997366983642,0.8174997366983642,0.8174997366983642,0.8174997366983642,0.8174997366983642,0.8174997366983642,0.8174997366983642,0.8174997366983642
733,0.5907981540485722,0.6107981540485722,0.6107981540485722,0.6107981540485722,0.6107981540485722,0.6007981540485722,0.6007981540485722,0.5807981540485722,0.6007981540485722,0.5907981540485722,0.5807981540485722,0.5807981540485722,0.5707981540485721
734,0.7339678277120303,0.7439678277120303,0.7439678277120303,0.7439678277120303,0.7439678277120303,0.7239678277120303,0.7339678277120303,0.7339678277120303,0.7239678277120303,0.7339678277120303,0.7339678277120303,0.7339678277120303,0.7439678277120303
735,0.7004614846967362,0.7004614846967362,0.7004614846967362,0.7004614846967362,0.7004614846967362,0.6804614846967362,0.6704614846967362,0.6804614846967362,0.7004614846967362,0.7004614846967362,0.6904614846967362,0.6904614846967362,0.6904614846967362
736,0.6385126517087912,0.6385126517087912,0.6185126517087912,0.6185126517087912,0.6185126517087912,0.6185126517087912,0.6185126517087912,0.6085126517087912,0.6085126517087912,0.6185126517087912,0.6185126517087912,0.6085126517087912,0.6085126517087912
737,0.5836473050508801,0.5736473050508801,0.5736473050508801,0.5836473050508801,0.5836473050508801,0.5836473050508801,0.5836473050508801,0.6036473050508802,0.6136473050508802,0.6236473050508802,0.6236473050508802,0.6236473050508802,0.6236473050508802
738,0.8812833502165086,0.8812833502165086,0.8712833502165086,0.8812833502165086,0.8912833502165086,0.9112833502165086,0.8912833502165086,0.9012833502165086,0.9012833502165086,0.9212833502165086,0.9212833502165086,0.9012833502165086,0.9012833502165086
739,0.7041117207568334,0.7041117207568334,0.7141117207568334,0.7141117207568334,0.7141117207568334,0.7241117207568334,0.7141117207568334,0.7241117207568334,0.7241117207568334,0.7241117207568334,0.7141117207568334,0.6941117207568334,0.7041117207568334
740,0.7304298027899004,0.7504298027899005,0.7604298027899005,0.7604298027899005,0.7404298027899004,0.7404298027899004,0.7504298027899005,0.7504298027899005,0.7504298027899005,0.7504298027899005,0.7504298027899005,0.7604298027899005,0.7454298027899005
741,0.7284001239901932,0.7284001239901932,0.7384001239901932,0.7384001239901932,0.7584001239901932,0.7584001239901932,0.7584001239901932,0.7184001239901932,0.7184001239901932,0.7184001239901932,0.6984001239901931,0.7134001239901931,0.7134001239901931
742,0.7135123716929672,0.7135123716929672,0.7135123716929672,0.7235123716929672,0.7135123716929672,0.6935123716929672,0.7035123716929672,0.7235123716929672,0.7235123716929672,0.7235123716929672,0.7235123716929672,0.7235123716929672,0.7435123716929672
743,0.7315314327944062,0.7315314327944062,0.7415314327944063,0.7115314327944062,0.7215314327944062,0.7115314327944062,0.7115314327944062,0.7115314327944062,0.7115314327944062,0.6915314327944062,0.7015314327944062,0.7015314327944062,0.7165314327944062
744,0.7772723073029147,0.7872723073029148,0.7772723073029147,0.7772723073029147,0.7872723073029148,0.7972723073029148,0.7872723073029148,0.7972723073029148,0.7972723073029148,0.7972723073029148,0.7872723073029148,0.8072723073029148,0.8072723073029148
745,0.9530186033935991,0.9530186033935991,0.9430186033935991,0.9330186033935991,0.9330186033935991,0.9230186033935991,0.9430186033935991,0.9430186033935991,0.9430186033935991,0.9330186033935991,0.9230186033935991,0.9230186033935991,0.9230186033935991
746,0.5993224840852777,0.5893224840852777,0.5893224840852777,0.5693224840852776,0.5793224840852776,0.5793224840852776,0.5893224840852777,0.5893224840852777,0.5893224840852777,0.5993224840852777,0.5993224840852777,0.5893224840852777,0.5893224840852777
747,0.7353827467362095,0.7353827467362095,0.7253827467362095,0.7353827467362095,0.7353827467362095,0.7353827467362095,0.7353827467362095,0.7353827467362095,0.7353827467362095,0.7453827467362095,0.7453827467362095,0.7753827467362095,0.7753827467362095
748,0.721747314210494,0.701747314210494,0.701747314210494,0.711747314210494,0.691747314210494,0.691747314210494,0.681747314210494,0.681747314210494,0.711747314210494,0.721747314210494,0.731747314210494,0.741747314210494,0.711747314210494
749,0.641740543118967,0.641740543118967,0.641740543118967,0.661740543118967,0.661740543118967,0.671740543118967,0.651740543118967,0.681740543118967,0.681740543118967,0.676740543118967,0.666740543118967,0.666740543118967,0.646740543118967
750,0.7100433596183747,0.7100433596183747,0.7100433596183747,0.6900433596183747,0.7000433596183747,0.7400433596183748,0.7200433596183747,0.7200433596183747,0.7000433596183747,0.7200433596183747,0.7200433596183747,0.7200433596183747,0.7200433596183747
751,0.6132198424540367,0.6032198424540367,0.5832198424540367,0.5732198424540367,0.5732198424540367,0.5732198424540367,0.5732198424540367,0.5832198424540367,0.5832198424540367,0.5732198424540367,0.5832198424540367,0.5932198424540367,0.6132198424540367
752,0.73887847850498,0.73887847850498,0.73887847850498,0.72887847850498,0.72887847850498,0.74887847850498,0.71887847850498,0.70887847850498,0.70887847850498,0.71887847850498,0.71887847850498,0.73887847850498,0.77887847850498
753,0.8780651975466038,0.8780651975466038,0.8580651975466038,0.8680651975466038,0.8680651975466038,0.8980651975466039,0.8980651975466039,0.8980651975466039,0.8780651975466038,0.8980651975466039,0.8680651975466038,0.8680651975466038,0.8680651975466038
754,0.6837350782320198,0.6937350782320199,0.6837350782320198,0.6837350782320198,0.7037350782320199,0.7037350782320199,0.7037350782320199,0.6937350782320199,0.6637350782320198,0.6737350782320198,0.6737350782320198,0.6737350782320198,0.6737350782320198
755,0.7097782945816272,0.6997782945816272,0.6897782945816272,0.6997782945816272,0.7097782945816272,0.7397782945816272,0.7397782945816272,0.7397782945816272,0.7397782945816272,0.7397782945816272,0.7247782945816272,0.7147782945816272,0.7147782945816272
756,0.8810202118512279,0.8810202118512279,0.911020211851228,0.8960202118512279,0.8660202118512279,0.8660202118512279,0.8860202118512279,0.8860202118512279,0.8960202118512279,0.9060202118512279,0.8960202118512279,0.8960202118512279,0.8960202118512279
757,0.8290977458723051,0.8390977458723051,0.8590977458723051,0.8590977458723051,0.8590977458723051,0.8590977458723051,0.8590977458723051,0.8490977458723051,0.8490977458723051,0.8490977458723051,0.8590977458723051,0.8590977458723051,0.8590977458723051
758,0.6893219600970704,0.6793219600970704,0.6793219600970704,0.6693219600970703,0.6693219600970703,0.6593219600970703,0.6593219600970703,0.6693219600970703,0.6793219600970704,0.6693219600970703,0.6593219600970703,0.6593219600970703,0.6693219600970703
759,0.8472642030471724,0.8472642030471724,0.8472642030471724,0.8372642030471724,0.8372642030471724,0.8272642030471724,0.8372642030471724,0.8272642030471724,0.8172642030471724,0.8322642030471724,0.8322642030471724,0.8422642030471724,0.8422642030471724
760,0.7151748699981866,0.7351748699981866,0.7351748699981866,0.7351748699981866,0.7251748699981866,0.7251748699981866,0.7351748699981866,0.7451748699981866,0.7451748699981866,0.7451748699981866,0.7451748699981866,0.7351748699981866,0.7251748699981866
761,0.9248255070677174,0.9248255070677174,0.9248255070677174,0.9348255070677174,0.9348255070677174,0.9548255070677174,0.9548255070677174,0.9548255070677174,0.9648255070677174,0.9548255070677174,0.9548255070677174,0.9548255070677174,0.9548255070677174
762,0.6589316377321246,0.6689316377321246,0.6689316377321246,0.6889316377321246,0.6889316377321246,0.6589316377321246,0.6589316377321246,0.6589316377321246,0.6789316377321246,0.6589316377321246,0.6789316377321246,0.6989316377321246,0.6889316377321246
763,0.777737778725116,0.777737778725116,0.787737778725116,0.787737778725116,0.787737778725116,0.777737778725116,0.797737778725116,0.787737778725116,0.767737778725116,0.767737778725116,0.777737778725116,0.797737778725116,0.777737778725116
764,0.7904276745280713,0.7804276745280713,0.7804276745280713,0.8004276745280713,0.8004276745280713,0.8004276745280713,0.8104276745280713,0.8104276745280713,0.8204276745280713,0.8204276745280713,0.8054276745280713,0.8054276745280713,0.8054276745280713
765,0.6707419703176863,0.6807419703176864,0.6807419703176864,0.6907419703176864,0.6807419703176864,0.6907419703176864,0.7007419703176864,0.7107419703176864,0.7057419703176864,0.7057419703176864,0.7057419703176864,0.6957419703176864,0.7057419703176864
766,0.87659426700178,0.87659426700178,0.88659426700178,0.89659426700178,0.89659426700178,0.88659426700178,0.88659426700178,0.88659426700178,0.88659426700178,0.85659426700178,0.85659426700178,0.86659426700178,0.86659426700178
767,0.5752503807187281,0.5852503807187281,0.5852503807187281,0.5752503807187281,0.5952503807187282,0.5952503807187282,0.5852503807187281,0.5952503807187282,0.5952503807187282,0.5952503807187282,0.5952503807187282,0.5952503807187282,0.5952503807187282
768,0.647549905857186,0.647549905857186,0.647549905857186,0.647549905857186,0.657549905857186,0.667549905857186,0.647549905857186,0.647549905857186,0.667549905857186,0.647549905857186,0.657549905857186,0.627549905857186,0.637549905857186
769,0.5567728626379277,0.5567728626379277,0.5567728626379277,0.5467728626379277,0.5567728626379277,0.5367728626379277,0.5617728626379277,0.5617728626379277,0.5817728626379277,0.5817728626379277,0.5617728626379277,0.5617728626379277,0.5617728626379277
770,0.7077151065568429,0.6877151065568429,0.6677151065568429,0.6727151065568429,0.6827151065568429,0.6927151065568429,0.7127151065568429,0.7227151065568429,0.7127151065568429,0.7327151065568429,0.7327151065568429,0.7427151065568429,0.7327151065568429
771,0.7865751944591937,0.8065751944591937,0.8065751944591937,0.7865751944591937,0.7965751944591937,0.7965751944591937,0.7765751944591937,0.7765751944591937,0.7565751944591936,0.7565751944591936,0.7665751944591936,0.7665751944591936,0.7665751944591936
772,0.8132858077727132,0.8032858077727132,0.7832858077727132,0.7932858077727132,0.7932858077727132,0.8032858077727132,0.7832858077727132,0.7732858077727132,0.7832858077727132,0.7832858077727132,0.7982858077727132,0.8082858077727132,0.8082858077727132
773,0.9080259114176883,0.8780259114176883,0.8780259114176883,0.8880259114176883,0.8880259114176883,0.8780259114176883,0.8930259114176883,0.8730259114176883,0.8730259114176883,0.8730259114176883,0.8830259114176883,0.8830259114176883,0.8730259114176883
774,0.7549311059120175,0.7649311059120175,0.7249311059120175,0.7249311059120175,0.7149311059120175,0.7149311059120175,0.7249311059120175,0.7549311059120175,0.7449311059120175,0.7349311059120175,0.7349311059120175,0.7249311059120175,0.7249311059120175
775,0.7580115084944361,0.7780115084944361,0.7480115084944361,0.7480115084944361,0.7580115084944361,0.7280115084944361,0.7180115084944361,0.7180115084944361,0.7230115084944361,0.7330115084944361,0.7230115084944361,0.7230115084944361,0.7330115084944361
776,0.6530353978862846,0.6730353978862846,0.6630353978862846,0.6630353978862846,0.6430353978862846,0.6430353978862846,0.6430353978862846,0.6330353978862846,0.6330353978862846,0.6430353978862846,0.6330353978862846,0.6330353978862846,0.6530353978862846
777,0.6396975338710846,0.6396975338710846,0.6396975338710846,0.6396975338710846,0.6296975338710846,0.6296975338710846,0.6196975338710846,0.6096975338710846,0.6096975338710846,0.5996975338710846,0.5996975338710846,0.5996975338710846,0.5996975338710846
778,0.8155650865310792,0.8055650865310792,0.8255650865310792,0.8155650865310792,0.8055650865310792,0.8355650865310792,0.8355650865310792,0.8355650865310792,0.8355650865310792,0.8155650865310792,0.8155650865310792,0.7955650865310792,0.7955650865310792
779,0.8146531680285154,0.8346531680285154,0.8146531680285154,0.8246531680285154,0.8146531680285154,0.8246531680285154,0.8246531680285154,0.8146531680285154,0.7946531680285154,0.7946531680285154,0.7846531680285154,0.7996531680285154,0.7996531680285154
780,0.8345734816287206,0.8445734816287206,0.8445734816287206,0.8445734816287206,0.8645734816287206,0.8645734816287206,0.8645734816287206,0.8545734816287206,0.8345734816287206,0.8445734816287206,0.8445734816287206,0.8345734816287206,0.8345734816287206
781,0.8195397073097912,0.8195397073097912,0.8195397073097912,0.8195397073097912,0.8195397073097912,0.8195397073097912,0.8295397073097912,0.8495397073097912,0.8295397073097912,0.8395397073097912,0.8145397073097912,0.8245397073097912,0.8245397073097912
782,0.7787283313026493,0.7987283313026493,0.7987283313026493,0.7987283313026493,0.7887283313026493,0.7987283313026493,0.7987283313026493,0.7987283313026493,0.7887283313026493,0.7887283313026493,0.7787283313026493,0.7787283313026493,0.7787283313026493
783,0.948344673419542,0.928344673419542,0.918344673419542,0.918344673419542,0.938344673419542,0.928344673419542,0.938344673419542,0.973344673419542,0.973344673419542,0.953344673419542,0.953344673419542,0.963344673419542,0.963344673419542
784,0.8919822393530711,0.8819822393530711,0.8719822393530711,0.8719822393530711,0.8819822393530711,0.8919822393530711,0.8919822393530711,0.8819822393530711,0.8819822393530711,0.8819822393530711,0.8719822393530711,0.8719822393530711,0.8719822393530711
785,0.6995957311901431,0.6995957311901431,0.679595731190143,0.679595731190143,0.679595731190143,0.669595731190143,0.659595731190143,0.664595731190143,0.674595731190143,0.684595731190143,0.674595731190143,0.664595731190143,0.664595731190143
786,0.8745266145363924,0.8745266145363924,0.8745266145363924,0.8645266145363923,0.8745266145363924,0.8645266145363923,0.8845266145363924,0.8845266145363924,0.8945266145363924,0.8945266145363924,0.8845266145363924,0.8745266145363924,0.8745266145363924
787,0.7999889190257362,0.7899889190257362,0.7899889190257362,0.7899889190257362,0.7899889190257362,0.7899889190257362,0.7899889190257362,0.7899889190257362,0.7999889190257362,0.7799889190257362,0.7799889190257362,0.7699889190257362,0.7699889190257362
788,0.8816164464429139,0.8916164464429139,0.8916164464429139,0.8916164464429139,0.921616446442914,0.921616446442914,0.916616446442914,0.916616446442914,0.906616446442914,0.906616446442914,0.916616446442914,0.8966164464429139,0.8966164464429139
789,0.7678751705553426,0.7578751705553426,0.7478751705553426,0.7728751705553426,0.7828751705553426,0.7928751705553426,0.7928751705553426,0.7928751705553426,0.7928751705553426,0.8128751705553426,0.7928751705553426,0.7928751705553426,0.7928751705553426
790,0.7564022200241646,0.7464022200241646,0.7364022200241646,0.7564022200241646,0.7464022200241646,0.7264022200241645,0.7264022200241645,0.7414022200241646,0.7414022200241646,0.7414022200241646,0.7214022200241645,0.7314022200241646,0.7314022200241646
791,0.6479876232134554,0.6479876232134554,0.6679876232134554,0.6429876232134554,0.6529876232134554,0.6529876232134554,0.6429876232134554,0.6229876232134554,0.6029876232134553,0.6229876232134554,0.6229876232134554,0.6229876232134554,0.6229876232134554
792,0.9241938183200435,0.9241938183200435,0.9441938183200436,0.9441938183200436,0.9241938183200435,0.9241938183200435,0.9241938183200435,0.9241938183200435,0.9241938183200435,0.9141938183200435,0.8941938183200435,0.9041938183200435,0.9041938183200435
793,0.4512039190458776,0.4612039190458776,0.4512039190458776,0.4512039190458776,0.4512039190458776,0.4412039190458776,0.43120391904587757,0.43120391904587757,0.42120391904587756,0.4362039190458776,0.4362039190458776,0.41620391904587756,0.41620391904587756
794,0.784678779241307,0.804678779241307,0.794678779241307,0.794678779241307,0.794678779241307,0.784678779241307,0.784678779241307,0.804678779241307,0.804678779241307,0.804678779241307,0.8246787792413071,0.814678779241307,0.794678779241307
795,0.7947232121740888,0.7747232121740888,0.7997232121740888,0.8197232121740888,0.8197232121740888,0.7997232121740888,0.8097232121740888,0.8297232121740888,0.8397232121740889,0.8297232121740888,0.8297232121740888,0.8297232121740888,0.8297232121740888
796,0.5173733989099384,0.48737339890993836,0.5023733989099384,0.5023733989099384,0.5023733989099384,0.5023733989099384,0.48237339890993836,0.48237339890993836,0.48237339890993836,0.5023733989099384,0.5023733989099384,0.48237339890993836,0.5023733989099384
797,0.7646384493385596,0.7546384493385596,0.7446384493385596,0.7646384493385596,0.7946384493385596,0.7846384493385596,0.7846384493385596,0.7846384493385596,0.7746384493385596,0.7746384493385596,0.7746384493385596,0.7746384493385596,0.7646384493385596
798,0.7454051490071936,0.7454051490071936,0.7654051490071936,0.7754051490071936,0.7754051490071936,0.7654051490071936,0.7654051490071936,0.7754051490071936,0.7854051490071936,0.7854051490071936,0.7854051490071936,0.7804051490071936,0.7704051490071936
799,0.8846791984507631,0.8846791984507631,0.9046791984507632,0.8946791984507632,0.8746791984507631,0.8746791984507631,0.8646791984507631,0.8646791984507631,0.8646791984507631,0.8646791984507631,0.8746791984507631,0.8546791984507631,0.8646791984507631
800,0.7254169167527108,0.7354169167527108,0.7154169167527108,0.7154169167527108,0.7154169167527108,0.7154169167527108,0.7154169167527108,0.7554169167527108,0.7554169167527108,0.7654169167527108,0.7604169167527108,0.7504169167527108,0.7404169167527108
801,0.6906738886133932,0.7006738886133932,0.7106738886133932,0.7206738886133932,0.7206738886133932,0.7206738886133932,0.7106738886133932,0.7206738886133932,0.7206738886133932,0.7206738886133932,0.7206738886133932,0.7206738886133932,0.7206738886133932
802,0.8371637967934011,0.8571637967934012,0.8671637967934012,0.8571637967934012,0.8571637967934012,0.8571637967934012,0.8671637967934012,0.8771637967934012,0.8721637967934012,0.8521637967934012,0.8521637967934012,0.8521637967934012,0.8521637967934012
803,0.7084658375498958,0.6984658375498958,0.7284658375498958,0.7484658375498958,0.7484658375498958,0.7484658375498958,0.7484658375498958,0.7484658375498958,0.7484658375498958,0.7434658375498958,0.7434658375498958,0.7334658375498958,0.7334658375498958
804,0.5725459366753783,0.6125459366753784,0.6125459366753784,0.6125459366753784,0.6025459366753784,0.5925459366753784,0.6025459366753784,0.6125459366753784,0.6125459366753784,0.6125459366753784,0.6075459366753784,0.5975459366753784,0.6075459366753784
805,0.7729917606456219,0.7729917606456219,0.7729917606456219,0.7829917606456219,0.7829917606456219,0.8029917606456219,0.7879917606456219,0.7979917606456219,0.7879917606456219,0.807991760645622,0.7979917606456219,0.807991760645622,0.7979917606456219
806,0.6228002331190875,0.6328002331190875,0.6428002331190875,0.6428002331190875,0.6428002331190875,0.6428002331190875,0.6428002331190875,0.6228002331190875,0.6228002331190875,0.6128002331190875,0.6128002331190875,0.6128002331190875,0.6028002331190875
807,0.6105258225753487,0.6205258225753487,0.6105258225753487,0.6305258225753487,0.6305258225753487,0.6405258225753487,0.6255258225753487,0.6355258225753487,0.6455258225753487,0.6455258225753487,0.6455258225753487,0.6355258225753487,0.6155258225753487
808,0.9777904727252433,0.9777904727252433,0.9677904727252433,0.9777904727252433,0.9877904727252433,0.9877904727252433,0.9877904727252433,0.9877904727252433,1.0,1.0,1.0,0.995,0.995
809,0.807569612887768,0.797569612887768,0.797569612887768,0.7675696128877679,0.7725696128877679,0.7725696128877679,0.7725696128877679,0.7725696128877679,0.7725696128877679,0.7825696128877679,0.7725696128877679,0.7725696128877679,0.7825696128877679
810,0.8371700447666485,0.8271700447666485,0.8171700447666485,0.8171700447666485,0.7971700447666484,0.8071700447666484,0.8371700447666485,0.8271700447666485,0.8371700447666485,0.8571700447666485,0.8671700447666485,0.8571700447666485,0.8571700447666485
811,0.7286214674820417,0.7386214674820417,0.7586214674820417,0.7686214674820417,0.7686214674820417,0.7386214674820417,0.7386214674820417,0.7286214674820417,0.7286214674820417,0.7186214674820417,0.7086214674820417,0.7186214674820417,0.6986214674820417
812,0.6809027485594858,0.6709027485594858,0.6709027485594858,0.6909027485594859,0.7209027485594859,0.7159027485594859,0.7059027485594859,0.7059027485594859,0.7259027485594859,0.7159027485594859,0.7159027485594859,0.7059027485594859,0.6859027485594859
813,0.7795927885825708,0.7995927885825708,0.8095927885825708,0.7995927885825708,0.7995927885825708,0.7995927885825708,0.7895927885825708,0.7895927885825708,0.7995927885825708,0.7995927885825708,0.8095927885825708,0.7995927885825708,0.8095927885825708
814,0.8109910419698326,0.8109910419698326,0.8009910419698326,0.8009910419698326,0.8009910419698326,0.8109910419698326,0.8109910419698326,0.8009910419698326,0.8009910419698326,0.7709910419698326,0.7709910419698326,0.7759910419698326,0.7859910419698326
815,0.8535955715667823,0.8435955715667823,0.8535955715667823,0.8635955715667823,0.8635955715667823,0.8635955715667823,0.8635955715667823,0.8635955715667823,0.8735955715667824,0.8635955715667823,0.8535955715667823,0.8735955715667824,0.8635955715667823
816,0.636652196832278,0.656652196832278,0.666652196832278,0.666652196832278,0.656652196832278,0.656652196832278,0.636652196832278,0.646652196832278,0.636652196832278,0.646652196832278,0.646652196832278,0.636652196832278,0.636652196832278
817,0.7169341710369813,0.7169341710369813,0.7169341710369813,0.7169341710369813,0.7169341710369813,0.7369341710369813,0.7569341710369814,0.7569341710369814,0.7519341710369813,0.7419341710369813,0.7519341710369813,0.7419341710369813,0.7219341710369813
818,0.6776749593535787,0.6776749593535787,0.6776749593535787,0.6576749593535787,0.6576749593535787,0.6476749593535787,0.6576749593535787,0.6376749593535787,0.6376749593535787,0.6376749593535787,0.6426749593535787,0.6426749593535787,0.6426749593535787
819,0.7847988322055099,0.7847988322055099,0.7847988322055099,0.7847988322055099,0.7847988322055099,0.7847988322055099,0.7747988322055099,0.7747988322055099,0.7747988322055099,0.7847988322055099,0.7847988322055099,0.79479883220551,0.82479883220551
820,0.7433701063238679,0.7433701063238679,0.7533701063238679,0.7533701063238679,0.7533701063238679,0.7533701063238679,0.7433701063238679,0.7433701063238679,0.7433701063238679,0.7333701063238679,0.7433701063238679,0.7433701063238679,0.7233701063238679
821,0.8317156737132774,0.8417156737132774,0.8517156737132774,0.8417156737132774,0.8517156737132774,0.8717156737132774,0.8667156737132774,0.8567156737132774,0.8367156737132774,0.8367156737132774,0.8467156737132774,0.8467156737132774,0.8367156737132774
822,0.8974343487955068,0.8974343487955068,0.9074343487955068,0.9174343487955068,0.9074343487955068,0.8974343487955068,0.8874343487955068,0.8874343487955068,0.8874343487955068,0.8874343487955068,0.8974343487955068,0.8974343487955068,0.8974343487955068
823,0.7818551434038815,0.7918551434038815,0.7918551434038815,0.7918551434038815,0.8118551434038815,0.8118551434038815,0.8118551434038815,0.8118551434038815,0.8118551434038815,0.8218551434038815,0.8118551434038815,0.8118551434038815,0.7818551434038815
824,0.6967733153250718,0.6667733153250718,0.6817733153250718,0.6817733153250718,0.7217733153250718,0.7017733153250718,0.7017733153250718,0.7017733153250718,0.7017733153250718,0.7017733153250718,0.7217733153250718,0.7217733153250718,0.6917733153250718
825,0.8438948864712666,0.8438948864712666,0.8438948864712666,0.8338948864712666,0.8338948864712666,0.8238948864712666,0.8338948864712666,0.8338948864712666,0.8338948864712666,0.8538948864712667,0.8738948864712667,0.8738948864712667,0.8838948864712667
826,0.5233874233485535,0.5233874233485535,0.5233874233485535,0.5233874233485535,0.5033874233485535,0.5033874233485535,0.5283874233485535,0.5183874233485535,0.5183874233485535,0.5183874233485535,0.5183874233485535,0.49838742334855346,0.48838742334855345
827,0.8586243816488808,0.8486243816488808,0.8486243816488808,0.8486243816488808,0.8686243816488808,0.8786243816488808,0.8786243816488808,0.8886243816488808,0.8786243816488808,0.8686243816488808,0.8786243816488808,0.8786243816488808,0.8686243816488808
828,0.6724608644461443,0.6724608644461443,0.6624608644461443,0.6624608644461443,0.6624608644461443,0.6724608644461443,0.6624608644461443,0.6724608644461443,0.6824608644461443,0.6824608644461443,0.6924608644461443,0.6924608644461443,0.7024608644461443
829,0.8498475084397139,0.8398475084397139,0.8498475084397139,0.8698475084397139,0.8598475084397139,0.8598475084397139,0.8898475084397139,0.8898475084397139,0.8848475084397139,0.8748475084397139,0.8748475084397139,0.8548475084397139,0.8548475084397139
830,0.659947213288964,0.649947213288964,0.649947213288964,0.649947213288964,0.649947213288964,0.684947213288964,0.694947213288964,0.694947213288964,0.704947213288964,0.694947213288964,0.684947213288964,0.684947213288964,0.684947213288964
831,0.7940187523491632,0.7840187523491632,0.7940187523491632,0.7940187523491632,0.8240187523491632,0.8090187523491632,0.7990187523491632,0.8090187523491632,0.8090187523491632,0.8190187523491632,0.8190187523491632,0.8190187523491632,0.8190187523491632
832,0.6968641981746821,0.6668641981746821,0.6868641981746821,0.6668641981746821,0.6668641981746821,0.6768641981746821,0.6768641981746821,0.6668641981746821,0.6668641981746821,0.6818641981746821,0.6818641981746821,0.6918641981746821,0.6818641981746821
833,0.7871545564827547,0.7871545564827547,0.7671545564827547,0.7571545564827546,0.7571545564827546,0.7671545564827547,0.7571545564827546,0.7671545564827547,0.7771545564827547,0.7871545564827547,0.7971545564827547,0.8071545564827547,0.8071545564827547
834,0.6520280008050672,0.6520280008050672,0.6620280008050672,0.6620280008050672,0.6720280008050672,0.6720280008050672,0.6720280008050672,0.6620280008050672,0.6620280008050672,0.6620280008050672,0.6620280008050672,0.6720280008050672,0.6720280008050672
835,0.8327835759044768,0.8427835759044768,0.8327835759044768,0.8327835759044768,0.8427835759044768,0.8527835759044768,0.8527835759044768,0.8327835759044768,0.8327835759044768,0.8327835759044768,0.8327835759044768,0.8127835759044768,0.7927835759044768
836,0.7999615677749871,0.8399615677749871,0.8399615677749871,0.8349615677749871,0.8249615677749871,0.8349615677749871,0.8249615677749871,0.8249615677749871,0.8349615677749871,0.8249615677749871,0.8249615677749871,0.8049615677749871,0.8049615677749871
837,0.4991287968688983,0.48912879686889826,0.4991287968688983,0.48912879686889826,0.47912879686889825,0.5041287968688982,0.5041287968688982,0.46412879686889824,0.48412879686889826,0.48412879686889826,0.47412879686889825,0.49412879686889827,0.5041287968688982
838,0.734928349864838,0.724928349864838,0.724928349864838,0.724928349864838,0.744928349864838,0.744928349864838,0.754928349864838,0.754928349864838,0.734928349864838,0.734928349864838,0.734928349864838,0.734928349864838,0.714928349864838
839,0.7875586208214296,0.7875586208214296,0.7875586208214296,0.7975586208214296,0.7975586208214296,0.7975586208214296,0.8175586208214296,0.8175586208214296,0.8075586208214296,0.8075586208214296,0.8275586208214296,0.8275586208214296,0.8075586208214296
840,0.7483687715930518,0.7583687715930518,0.7583687715930518,0.7583687715930518,0.7583687715930518,0.7583687715930518,0.7583687715930518,0.7583687715930518,0.7683687715930518,0.7683687715930518,0.7583687715930518,0.7483687715930518,0.7383687715930518
841,0.96707879974705,0.96707879974705,0.94707879974705,0.94707879974705,0.96707879974705,0.95707879974705,0.93707879974705,0.94707879974705,0.95707879974705,0.96707879974705,0.97707879974705,0.96707879974705,0.94707879974705
842,0.6736935536577094,0.6736935536577094,0.6736935536577094,0.6536935536577094,0.6536935536577094,0.6636935536577094,0.6636935536577094,0.6636935536577094,0.6636935536577094,0.6636935536577094,0.6636935536577094,0.6636935536577094,0.6636935536577094
843,0.8897725698751173,0.8897725698751173,0.8897725698751173,0.8897725698751173,0.8897725698751173,0.8897725698751173,0.8497725698751173,0.8597725698751173,0.8697725698751173,0.8697725698751173,0.8697725698751173,0.8697725698751173,0.8697725698751173
844,0.8734782924017244,0.8734782924017244,0.8734782924017244,0.8834782924017244,0.8834782924017244,0.8634782924017244,0.8634782924017244,0.8534782924017243,0.8634782924017244,0.8734782924017244,0.8634782924017244,0.8634782924017244,0.8734782924017244
845,0.7419595676135898,0.7319595676135898,0.7319595676135898,0.7619595676135898,0.7719595676135899,0.7819595676135899,0.7819595676135899,0.7819595676135899,0.7819595676135899,0.7719595676135899,0.7819595676135899,0.7819595676135899,0.7719595676135899
846,0.6976422435077411,0.7076422435077411,0.7076422435077411,0.7276422435077411,0.7276422435077411,0.7276422435077411,0.7176422435077411,0.7276422435077411,0.7276422435077411,0.7376422435077411,0.7326422435077411,0.7026422435077411,0.7126422435077411
847,0.6956055160181385,0.7156055160181385,0.7056055160181385,0.6956055160181385,0.6856055160181385,0.6756055160181385,0.6956055160181385,0.6956055160181385,0.7056055160181385,0.6706055160181384,0.6506055160181384,0.6606055160181384,0.6606055160181384
848,0.6466491021434038,0.6466491021434038,0.6366491021434038,0.6466491021434038,0.6466491021434038,0.6366491021434038,0.6266491021434037,0.6266491021434037,0.6066491021434037,0.6066491021434037,0.6116491021434037,0.6216491021434037,0.6616491021434038
849,0.7268980734731024,0.7268980734731024,0.7368980734731024,0.7468980734731024,0.7368980734731024,0.7168980734731024,0.7168980734731024,0.7168980734731024,0.7168980734731024,0.7468980734731024,0.7468980734731024,0.7218980734731024,0.7218980734731024
850,0.7033448597484234,0.7033448597484234,0.7033448597484234,0.7033448597484234,0.6833448597484234,0.6833448597484234,0.6833448597484234,0.7033448597484234,0.7033448597484234,0.7133448597484234,0.7033448597484234,0.7033448597484234,0.7133448597484234
851,0.5946618661731081,0.6046618661731081,0.6046618661731081,0.5946618661731081,0.5946618661731081,0.5846618661731081,0.5946618661731081,0.6146618661731081,0.6246618661731081,0.6246618661731081,0.6346618661731082,0.6346618661731082,0.6246618661731081
852,0.7747850603485591,0.7747850603485591,0.7647850603485591,0.7647850603485591,0.7647850603485591,0.7647850603485591,0.7747850603485591,0.7647850603485591,0.7647850603485591,0.7447850603485591,0.7547850603485591,0.7647850603485591,0.7547850603485591
853,0.563022681939098,0.553022681939098,0.553022681939098,0.543022681939098,0.543022681939098,0.543022681939098,0.563022681939098,0.563022681939098,0.563022681939098,0.563022681939098,0.563022681939098,0.573022681939098,0.583022681939098
854,0.7697594244038992,0.7797594244038992,0.7797594244038992,0.7997594244038992,0.7797594244038992,0.7897594244038992,0.7997594244038992,0.7797594244038992,0.7797594244038992,0.7697594244038992,0.7697594244038992,0.7697594244038992,0.7697594244038992
855,0.669731001235881,0.669731001235881,0.669731001235881,0.669731001235881,0.669731001235881,0.679731001235881,0.679731001235881,0.689731001235881,0.689731001235881,0.689731001235881,0.679731001235881,0.679731001235881,0.679731001235881
856,0.5352762628746762,0.5152762628746762,0.5152762628746762,0.5152762628746762,0.5152762628746762,0.5152762628746762,0.5252762628746762,0.5352762628746762,0.5252762628746762,0.5252762628746762,0.5252762628746762,0.5152762628746762,0.5252762628746762
857,0.6815381013965389,0.6915381013965389,0.6815381013965389,0.6915381013965389,0.6915381013965389,0.7015381013965389,0.7015381013965389,0.6915381013965389,0.6915381013965389,0.711538101396539,0.711538101396539,0.711538101396539,0.711538101396539
858,0.8087404964501639,0.8087404964501639,0.8187404964501639,0.8187404964501639,0.8187404964501639,0.8287404964501639,0.8287404964501639,0.8487404964501639,0.8437404964501639,0.8437404964501639,0.8337404964501639,0.8337404964501639,0.8337404964501639
859,0.6315302695472551,0.6315302695472551,0.6415302695472551,0.6315302695472551,0.6215302695472551,0.6215302695472551,0.6115302695472551,0.5915302695472551,0.5915302695472551,0.5915302695472551,0.6015302695472551,0.6115302695472551,0.6115302695472551
860,0.7560101739168191,0.7560101739168191,0.7560101739168191,0.7660101739168191,0.7360101739168191,0.7360101739168191,0.7610101739168191,0.7710101739168191,0.7710101739168191,0.7610101739168191,0.7410101739168191,0.7610101739168191,0.7410101739168191
861,0.8781458542112284,0.8781458542112284,0.9181458542112284,0.9181458542112284,0.9181458542112284,0.9181458542112284,0.9181458542112284,0.9181458542112284,0.9081458542112284,0.8931458542112284,0.8931458542112284,0.9031458542112284,0.9131458542112284
862,0.8579127994715849,0.8579127994715849,0.8579127994715849,0.8379127994715849,0.8279127994715849,0.8279127994715849,0.8179127994715849,0.8179127994715849,0.8179127994715849,0.8229127994715849,0.8329127994715849,0.8329127994715849,0.8429127994715849
863,0.7363347285561436,0.7163347285561436,0.7263347285561436,0.7263347285561436,0.7263347285561436,0.7263347285561436,0.7263347285561436,0.7463347285561436,0.7563347285561436,0.7563347285561436,0.7563347285561436,0.7363347285561436,0.7563347285561436
864,0.9990341153514124,1.0,0.96,0.96,0.96,0.975,0.985,0.985,0.985,0.965,0.975,0.975,0.975
865,0.730489024306731,0.720489024306731,0.720489024306731,0.720489024306731,0.710489024306731,0.710489024306731,0.730489024306731,0.730489024306731,0.710489024306731,0.690489024306731,0.695489024306731,0.705489024306731,0.705489024306731
866,0.685636613665512,0.685636613665512,0.695636613665512,0.705636613665512,0.715636613665512,0.715636613665512,0.715636613665512,0.700636613665512,0.700636613665512,0.690636613665512,0.690636613665512,0.690636613665512,0.670636613665512
867,0.9118507022049056,0.9118507022049056,0.9018507022049056,0.8918507022049056,0.8918507022049056,0.9018507022049056,0.9018507022049056,0.8818507022049056,0.8818507022049056,0.8818507022049056,0.8818507022049056,0.8818507022049056,0.8818507022049056
868,0.7639968237882913,0.7639968237882913,0.7339968237882912,0.7339968237882912,0.7339968237882912,0.7339968237882912,0.7239968237882912,0.7239968237882912,0.7239968237882912,0.7239968237882912,0.7339968237882912,0.7439968237882912,0.7439968237882912
869,0.6912857595979615,0.6712857595979614,0.6612857595979614,0.6512857595979614,0.6612857595979614,0.6512857595979614,0.6562857595979614,0.6562857595979614,0.6562857595979614,0.6662857595979614,0.6562857595979614,0.6562857595979614,0.6562857595979614
870,0.676221251351014,0.676221251351014,0.656221251351014,0.656221251351014,0.6462212513510139,0.656221251351014,0.6462212513510139,0.661221251351014,0.681221251351014,0.681221251351014,0.701221251351014,0.701221251351014,0.691221251351014
871,0.9417548777026191,0.9517548777026191,0.9617548777026191,0.9717548777026191,0.9717548777026191,0.9717548777026191,0.9567548777026191,0.9567548777026191,0.9467548777026191,0.9367548777026191,0.9467548777026191,0.9567548777026191,0.9667548777026191
872,0.8496046541272243,0.8696046541272243,0.8696046541272243,0.8796046541272243,0.8396046541272243,0.8296046541272243,0.8396046541272243,0.8396046541272243,0.8196046541272243,0.8346046541272243,0.8146046541272243,0.8146046541272243,0.8246046541272243
873,0.6946165975563771,0.7146165975563771,0.689616597556377,0.6996165975563771,0.6996165975563771,0.7096165975563771,0.7196165975563771,0.6996165975563771,0.6996165975563771,0.689616597556377,0.689616597556377,0.669616597556377,0.689616597556377
874,0.7489002478702982,0.7489002478702982,0.7589002478702982,0.7589002478702982,0.7589002478702982,0.7589002478702982,0.7489002478702982,0.7489002478702982,0.7389002478702982,0.7389002478702982,0.7489002478702982,0.7489002478702982,0.7389002478702982
875,0.6636112387888364,0.6436112387888364,0.6436112387888364,0.6236112387888364,0.6286112387888364,0.6286112387888364,0.6286112387888364,0.6286112387888364,0.6486112387888364,0.6486112387888364,0.6486112387888364,0.6486112387888364,0.6486112387888364
876,0.9353415294324555,0.9353415294324555,0.9453415294324555,0.9553415294324555,0.9553415294324555,0.9553415294324555,0.9553415294324555,0.9553415294324555,0.9453415294324555,0.9453415294324555,0.9353415294324555,0.9353415294324555,0.9253415294324555
877,0.7865296992447172,0.7765296992447172,0.7665296992447171,0.7665296992447171,0.7865296992447172,0.7865296992447172,0.7765296992447172,0.7665296992447171,0.7565296992447171,0.7565296992447171,0.7665296992447171,0.7765296992447172,0.7765296992447172
878,0.7576044164913431,0.7776044164913432,0.7676044164913431,0.7576044164913431,0.7676044164913431,0.7576044164913431,0.7576044164913431,0.7576044164913431,0.7576044164913431,0.7776044164913432,0.7776044164913432,0.7676044164913431,0.7576044164913431
879,0.5885620940595647,0.5785620940595647,0.5785620940595647,0.5885620940595647,0.5685620940595647,0.5785620940595647,0.5585620940595647,0.5735620940595647,0.5635620940595647,0.5935620940595647,0.5935620940595647,0.6235620940595648,0.6235620940595648
880,0.8291822670990621,0.8291822670990621,0.8291822670990621,0.8291822670990621,0.8291822670990621,0.8391822670990621,0.8391822670990621,0.8391822670990621,0.8391822670990621,0.8291822670990621,0.8291822670990621,0.8391822670990621,0.8291822670990621
881,0.5375574509644407,0.5475574509644408,0.5475574509644408,0.5475574509644408,0.5575574509644408,0.5575574509644408,0.5575574509644408,0.5575574509644408,0.5575574509644408,0.5575574509644408,0.5575574509644408,0.5175574509644407,0.5375574509644407
882,0.4263969997298104,0.41639699972981037,0.4263969997298104,0.4463969997298104,0.4463969997298104,0.4263969997298104,0.4263969997298104,0.4263969997298104,0.4463969997298104,0.4363969997298104,0.4363969997298104,0.4263969997298104,0.4263969997298104
883,0.6439168731838674,0.6439168731838674,0.6539168731838674,0.6139168731838673,0.6339168731838674,0.6339168731838674,0.6139168731838673,0.6139168731838673,0.6289168731838674,0.6389168731838674,0.6589168731838674,0.6589168731838674,0.6889168731838674
884,0.6610601316882967,0.6710601316882967,0.6710601316882967,0.6610601316882967,0.6510601316882967,0.6510601316882967,0.6310601316882967,0.6310601316882967,0.6510601316882967,0.6810601316882967,0.6810601316882967,0.6560601316882967,0.6560601316882967
885,0.6848172618478686,0.6948172618478686,0.6848172618478686,0.6848172618478686,0.6848172618478686,0.6848172618478686,0.7148172618478686,0.7148172618478686,0.7148172618478686,0.7248172618478687,0.7248172618478687,0.7198172618478687,0.6998172618478686
886,0.7494444179332983,0.7394444179332983,0.7394444179332983,0.7694444179332983,0.7694444179332983,0.7694444179332983,0.7694444179332983,0.7894444179332983,0.7894444179332983,0.7894444179332983,0.7844444179332983,0.7944444179332983,0.7744444179332983
887,0.8339698306028744,0.8339698306028744,0.8339698306028744,0.8339698306028744,0.8339698306028744,0.8339698306028744,0.8339698306028744,0.8339698306028744,0.8439698306028744,0.8439698306028744,0.8439698306028744,0.8439698306028744,0.8439698306028744
888,0.7900232333942044,0.8000232333942044,0.8000232333942044,0.8100232333942045,0.8200232333942045,0.8100232333942045,0.8100232333942045,0.8100232333942045,0.8000232333942044,0.8100232333942045,0.7900232333942044,0.7900232333942044,0.8000232333942044
889,0.7707354658436579,0.7607354658436579,0.7507354658436579,0.7507354658436579,0.7507354658436579,0.7507354658436579,0.7607354658436579,0.7507354658436579,0.7407354658436579,0.7507354658436579,0.7507354658436579,0.7707354658436579,0.7707354658436579
890,0.7026981284388849,0.7026981284388849,0.7026981284388849,0.7126981284388849,0.7126981284388849,0.7226981284388849,0.7326981284388849,0.7326981284388849,0.7326981284388849,0.7176981284388849,0.7176981284388849,0.7176981284388849,0.7176981284388849
891,0.7825953640967213,0.7825953640967213,0.7825953640967213,0.7825953640967213,0.7625953640967212,0.7625953640967212,0.7625953640967212,0.7625953640967212,0.7425953640967212,0.7475953640967212,0.7475953640967212,0.7575953640967212,0.7475953640967212
892,0.5641940566388343,0.5541940566388343,0.5541940566388343,0.5441940566388342,0.5741940566388343,0.5841940566388343,0.5841940566388343,0.5641940566388343,0.5541940566388343,0.5841940566388343,0.5741940566388343,0.5741940566388343,0.5741940566388343
893,0.5921764477012579,0.5921764477012579,0.6221764477012579,0.6321764477012579,0.6121764477012579,0.6121764477012579,0.6121764477012579,0.6121764477012579,0.6021764477012579,0.6121764477012579,0.6121764477012579,0.6021764477012579,0.5921764477012579
894,0.8253168966750419,0.855316896675042,0.845316896675042,0.855316896675042,0.855316896675042,0.855316896675042,0.845316896675042,0.845316896675042,0.8353168966750419,0.8353168966750419,0.8053168966750419,0.845316896675042,0.845316896675042
895,0.853390080421355,0.823390080421355,0.813390080421355,0.813390080421355,0.823390080421355,0.823390080421355,0.813390080421355,0.823390080421355,0.823390080421355,0.843390080421355,0.843390080421355,0.833390080421355,0.833390080421355
896,0.6120997865321803,0.6220997865321803,0.6420997865321804,0.6270997865321803,0.6270997865321803,0.6470997865321804,0.6470997865321804,0.6370997865321804,0.6170997865321803,0.6070997865321803,0.6070997865321803,0.6070997865321803,0.6070997865321803
897,0.8038615523831864,0.8138615523831864,0.8138615523831864,0.8038615523831864,0.8038615523831864,0.8038615523831864,0.8038615523831864,0.7938615523831863,0.7938615523831863,0.7938615523831863,0.7638615523831863,0.7738615523831863,0.7738615523831863
898,0.5590955810396745,0.5590955810396745,0.5490955810396745,0.5690955810396745,0.5690955810396745,0.5490955810396745,0.5590955810396745,0.5590955810396745,0.5390955810396745,0.5490955810396745,0.5290955810396745,0.5290955810396745,0.5390955810396745
899,0.8244689782737425,0.8044689782737425,0.7944689782737425,0.7944689782737425,0.8144689782737425,0.8144689782737425,0.8144689782737425,0.7944689782737425,0.8044689782737425,0.8044689782737425,0.7944689782737425,0.7944689782737425,0.7944689782737425
900,0.9551566924509525,0.9551566924509525,0.9251566924509524,0.9151566924509524,0.9201566924509524,0.9301566924509524,0.9501566924509525,0.9401566924509525,0.9401566924509525,0.9601566924509525,0.9601566924509525,0.9601566924509525,0.9601566924509525
901,0.7318396258629714,0.7318396258629714,0.7318396258629714,0.7318396258629714,0.7318396258629714,0.7218396258629713,0.7218396258629713,0.7218396258629713,0.7218396258629713,0.7318396258629714,0.7118396258629713,0.7118396258629713,0.7118396258629713
902,0.8205783110346121,0.8405783110346121,0.8505783110346121,0.8505783110346121,0.8505783110346121,0.8505783110346121,0.8505783110346121,0.8505783110346121,0.8505783110346121,0.8405783110346121,0.8505783110346121,0.8355783110346121,0.8555783110346121
903,0.7299748357659743,0.7299748357659743,0.7299748357659743,0.7399748357659743,0.7499748357659743,0.7699748357659744,0.7649748357659744,0.7549748357659744,0.7549748357659744,0.7549748357659744,0.7649748357659744,0.7549748357659744,0.7549748357659744
904,0.8869580347829308,0.8969580347829308,0.8969580347829308,0.9069580347829308,0.8969580347829308,0.8969580347829308,0.9069580347829308,0.9069580347829308,0.9269580347829308,0.9219580347829308,0.9219580347829308,0.9219580347829308,0.9219580347829308
905,0.6312495696961913,0.6412495696961913,0.6512495696961913,0.6612495696961913,0.6712495696961913,0.6712495696961913,0.6512495696961913,0.6712495696961913,0.6662495696961913,0.6562495696961913,0.6362495696961913,0.6362495696961913,0.6362495696961913
906,0.5936647247477218,0.6036647247477218,0.5936647247477218,0.6136647247477218,0.6236647247477218,0.6236647247477218,0.6236647247477218,0.6336647247477218,0.6286647247477218,0.6286647247477218,0.6286647247477218,0.6286647247477218,0.6186647247477218
907,0.777485466040538,0.777485466040538,0.8074854660405381,0.8074854660405381,0.8074854660405381,0.8074854660405381,0.787485466040538,0.797485466040538,0.797485466040538,0.797485466040538,0.797485466040538,0.772485466040538,0.782485466040538
908,0.8602712573285307,0.8602712573285307,0.8602712573285307,0.8702712573285307,0.8502712573285307,0.8302712573285307,0.8302712573285307,0.8302712573285307,0.8302712573285307,0.8202712573285307,0.8302712573285307,0.8302712573285307,0.8202712573285307
909,0.9429873775497946,0.9229873775497945,0.9229873775497945,0.9479873775497946,0.9379873775497946,0.9279873775497945,0.9479873775497946,0.9479873775497946,0.9479873775497946,0.9479873775497946,0.9479873775497946,0.9479873775497946,0.9479873775497946
910,0.6247494261097355,0.6347494261097355,0.6347494261097355,0.6247494261097355,0.6347494261097355,0.6447494261097355,0.6447494261097355,0.6347494261097355,0.6147494261097355,0.6347494261097355,0.6347494261097355,0.6347494261097355,0.6347494261097355
911,0.8981160217891466,0.9081160217891466,0.9081160217891466,0.9081160217891466,0.9081160217891466,0.8981160217891466,0.8981160217891466,0.9181160217891466,0.9181160217891466,0.8981160217891466,0.8881160217891466,0.8781160217891466,0.8581160217891466
912,0.8175284383943391,0.7975284383943391,0.7975284383943391,0.7875284383943391,0.8025284383943391,0.7925284383943391,0.7925284383943391,0.782528438394339,0.782528438394339,0.7925284383943391,0.8125284383943391,0.8325284383943391,0.8325284383943391
913,0.7904826153064943,0.7804826153064943,0.7904826153064943,0.7904826153064943,0.8104826153064943,0.8104826153064943,0.8104826153064943,0.8004826153064943,0.8004826153064943,0.7704826153064943,0.7604826153064943,0.7754826153064943,0.7754826153064943
914,0.7256470194692486,0.7256470194692486,0.7256470194692486,0.7056470194692486,0.6856470194692486,0.6906470194692486,0.6906470194692486,0.7006470194692486,0.7006470194692486,0.6906470194692486,0.7006470194692486,0.7006470194692486,0.7006470194692486
915,0.7617819591778162,0.7517819591778162,0.7417819591778162,0.7517819591778162,0.7517819591778162,0.7517819591778162,0.7517819591778162,0.7517819591778162,0.7717819591778162,0.7717819591778162,0.7717819591778162,0.7617819591778162,0.7617819591778162
916,0.7710939146700666,0.7710939146700666,0.7610939146700666,0.7410939146700666,0.7310939146700666,0.7410939146700666,0.7560939146700666,0.7560939146700666,0.7660939146700666,0.7660939146700666,0.7760939146700666,0.7760939146700666,0.7860939146700666
917,0.6449856214319051,0.6549856214319051,0.6549856214319051,0.6249856214319051,0.6349856214319051,0.6349856214319051,0.6349856214319051,0.6349856214319051,0.6249856214319051,0.6349856214319051,0.6449856214319051,0.6349856214319051,0.6449856214319051
918,0.5953789643497523,0.5753789643497523,0.5753789643497523,0.5653789643497523,0.5853789643497523,0.6053789643497524,0.5953789643497523,0.5853789643497523,0.5853789643497523,0.5853789643497523,0.5753789643497523,0.5753789643497523,0.6053789643497524
919,0.8112770464074657,0.8112770464074657,0.8112770464074657,0.8112770464074657,0.8112770464074657,0.8012770464074657,0.8112770464074657,0.8412770464074657,0.8312770464074657,0.8212770464074657,0.8012770464074657,0.8212770464074657,0.7812770464074656
920,0.7613865057065158,0.7813865057065158,0.7813865057065158,0.7713865057065158,0.7713865057065158,0.7713865057065158,0.7713865057065158,0.7363865057065158,0.7463865057065158,0.7163865057065157,0.7263865057065158,0.7163865057065157,0.7163865057065157
921,0.6692075838498383,0.6792075838498383,0.6592075838498382,0.6592075838498382,0.6592075838498382,0.6592075838498382,0.6592075838498382,0.6592075838498382,0.6492075838498382,0.6492075838498382,0.6492075838498382,0.6492075838498382,0.6692075838498383
922,0.9772058135854091,0.9672058135854091,0.9672058135854091,0.9672058135854091,0.9572058135854091,0.9472058135854091,0.9472058135854091,0.9672058135854091,0.9672058135854091,0.9972058135854092,0.9672058135854091,0.9772058135854091,0.9872058135854092
923,0.9250724600987066,0.9350724600987066,0.9250724600987066,0.9450724600987066,0.9450724600987066,0.9350724600987066,0.9350724600987066,0.9550724600987066,0.9400724600987066,0.9200724600987066,0.9200724600987066,0.9200724600987066,0.9200724600987066
924,0.7686691084745765,0.7686691084745765,0.7886691084745765,0.7986691084745765,0.7886691084745765,0.8086691084745765,0.7986691084745765,0.7986691084745765,0.8086691084745765,0.8086691084745765,0.8086691084745765,0.7986691084745765,0.7986691084745765
925,0.7335453604286781,0.7235453604286781,0.7335453604286781,0.7335453604286781,0.7335453604286781,0.7335453604286781,0.7235453604286781,0.7135453604286781,0.7035453604286781,0.7035453604286781,0.7035453604286781,0.7035453604286781,0.7035453604286781
926,0.744565180240381,0.744565180240381,0.734565180240381,0.724565180240381,0.724565180240381,0.714565180240381,0.714565180240381,0.724565180240381,0.724565180240381,0.724565180240381,0.724565180240381,0.724565180240381,0.734565180240381
927,0.8340824474290719,0.8340824474290719,0.8340824474290719,0.8240824474290719,0.8140824474290719,0.8240824474290719,0.8040824474290719,0.8040824474290719,0.8240824474290719,0.8340824474290719,0.8340824474290719,0.8240824474290719,0.8240824474290719
928,0.5961630099198563,0.5761630099198563,0.5761630099198563,0.5761630099198563,0.5661630099198562,0.5661630099198562,0.5661630099198562,0.5661630099198562,0.5661630099198562,0.5661630099198562,0.5761630099198563,0.5861630099198563,0.5961630099198563
929,0.6433858388644028,0.6533858388644028,0.6533858388644028,0.6633858388644028,0.6533858388644028,0.6433858388644028,0.6333858388644028,0.6133858388644028,0.6133858388644028,0.6133858388644028,0.6283858388644028,0.6283858388644028,0.6383858388644028
930,0.8423453881023802,0.8623453881023803,0.8423453881023802,0.8323453881023802,0.8323453881023802,0.8323453881023802,0.8523453881023803,0.8423453881023802,0.8423453881023802,0.8623453881023803,0.8623453881023803,0.8523453881023803,0.8523453881023803
931,0.856475900879767,0.876475900879767,0.886475900879767,0.876475900879767,0.886475900879767,0.886475900879767,0.886475900879767,0.866475900879767,0.886475900879767,0.876475900879767,0.851475900879767,0.851475900879767,0.851475900879767
932,0.8066059577716512,0.8066059577716512,0.8166059577716512,0.8166059577716512,0.8266059577716512,0.8366059577716513,0.8366059577716513,0.8266059577716512,0.8266059577716512,0.8266059577716512,0.8166059577716512,0.8166059577716512,0.8266059577716512
933,0.7631075975678178,0.7631075975678178,0.7731075975678178,0.7731075975678178,0.7631075975678178,0.7631075975678178,0.7631075975678178,0.7631075975678178,0.7531075975678178,0.7231075975678177,0.7231075975678177,0.7531075975678178,0.7531075975678178
934,0.8822489043962093,0.9022489043962093,0.9122489043962093,0.8972489043962093,0.8872489043962093,0.8472489043962093,0.8472489043962093,0.8472489043962093,0.8472489043962093,0.8472489043962093,0.8572489043962093,0.8572489043962093,0.8372489043962092
935,0.6871047777139303,0.6771047777139303,0.6771047777139303,0.6771047777139303,0.6871047777139303,0.6671047777139303,0.6671047777139303,0.6671047777139303,0.6671047777139303,0.6471047777139303,0.6871047777139303,0.6971047777139303,0.6971047777139303
936,0.6730331699310591,0.6730331699310591,0.6630331699310591,0.6630331699310591,0.6630331699310591,0.6530331699310591,0.6730331699310591,0.6630331699310591,0.6630331699310591,0.6430331699310591,0.6430331699310591,0.6330331699310591,0.6430331699310591
937,0.8750341053400137,0.8750341053400137,0.8950341053400137,0.9150341053400137,0.9150341053400137,0.9100341053400137,0.9000341053400137,0.8800341053400137,0.8800341053400137,0.8800341053400137,0.8800341053400137,0.8900341053400137,0.8900341053400137
938,0.6993357628249166,0.6993357628249166,0.6893357628249166,0.6893357628249166,0.7293357628249166,0.6993357628249166,0.6793357628249166,0.6793357628249166,0.6893357628249166,0.6993357628249166,0.6993357628249166,0.6893357628249166,0.6993357628249166
939,0.8107563589774016,0.8007563589774016,0.8007563589774016,0.8007563589774016,0.7907563589774016,0.7907563589774016,0.7807563589774016,0.7707563589774016,0.7807563589774016,0.7807563589774016,0.7907563589774016,0.7907563589774016,0.7707563589774016
940,0.7985277124822392,0.8085277124822392,0.8085277124822392,0.8085277124822392,0.8385277124822392,0.8335277124822392,0.8335277124822392,0.8235277124822392,0.8335277124822392,0.8335277124822392,0.8335277124822392,0.8235277124822392,0.8335277124822392
941,0.669848304867514,0.649848304867514,0.679848304867514,0.679848304867514,0.699848304867514,0.699848304867514,0.699848304867514,0.699848304867514,0.689848304867514,0.669848304867514,0.669848304867514,0.659848304867514,0.649848304867514
942,0.7569521000228395,0.7669521000228395,0.7669521000228395,0.7669521000228395,0.7669521000228395,0.7869521000228396,0.7869521000228396,0.7869521000228396,0.7719521000228395,0.7819521000228395,0.7819521000228395,0.7919521000228396,0.7719521000228395
943,0.6514035182579706,0.6414035182579706,0.6214035182579706,0.6214035182579706,0.6364035182579706,0.6364035182579706,0.6164035182579706,0.6264035182579706,0.6264035182579706,0.6164035182579706,0.6264035182579706,0.6264035182579706,0.6264035182579706
944,0.7686615784414604,0.7986615784414605,0.7836615784414604,0.7836615784414604,0.7936615784414605,0.7836615784414604,0.7736615784414604,0.7836615784414604,0.7736615784414604,0.7836615784414604,0.7736615784414604,0.7736615784414604,0.7736615784414604
945,0.8032028287738753,0.8032028287738753,0.7932028287738753,0.8132028287738753,0.8132028287738753,0.8232028287738753,0.8332028287738753,0.8332028287738753,0.8332028287738753,0.8232028287738753,0.8232028287738753,0.8232028287738753,0.8232028287738753
946,0.6246952010778988,0.6146952010778988,0.6046952010778988,0.6146952010778988,0.6046952010778988,0.6046952010778988,0.6146952010778988,0.6246952010778988,0.6046952010778988,0.6046952010778988,0.6046952010778988,0.6146952010778988,0.6346952010778988
947,0.8436239639955864,0.8336239639955864,0.8336239639955864,0.8236239639955864,0.8236239639955864,0.8336239639955864,0.8336239639955864,0.8336239639955864,0.8236239639955864,0.8136239639955863,0.8036239639955863,0.8036239639955863,0.8136239639955863
948,0.9862482759299,0.9862482759299,0.9862482759299,0.9962482759299001,0.9862482759299,0.9962482759299001,0.9962482759299001,1.0,0.985,0.995,0.995,0.975,0.985
949,0.7380039253410634,0.7380039253410634,0.7280039253410634,0.7580039253410634,0.7580039253410634,0.7580039253410634,0.7680039253410634,0.7580039253410634,0.7580039253410634,0.7580039253410634,0.7580039253410634,0.7680039253410634,0.7480039253410634
950,0.8123238974137699,0.8123238974137699,0.8123238974137699,0.8123238974137699,0.7923238974137699,0.7923238974137699,0.8023238974137699,0.8123238974137699,0.8323238974137699,0.8023238974137699,0.8023238974137699,0.8023238974137699,0.8123238974137699
951,0.49528012839452984,0.49528012839452984,0.5052801283945298,0.5252801283945299,0.5052801283945298,0.5152801283945299,0.5052801283945298,0.48528012839452983,0.4752801283945298,0.49528012839452984,0.48528012839452983,0.49528012839452984,0.49528012839452984
952,0.6582773869010411,0.6582773869010411,0.6582773869010411,0.6382773869010411,0.6382773869010411,0.6382773869010411,0.6182773869010411,0.6282773869010411,0.6382773869010411,0.6582773869010411,0.6582773869010411,0.6582773869010411,0.6782773869010411
953,0.7260887598280575,0.7260887598280575,0.7260887598280575,0.7260887598280575,0.7260887598280575,0.7060887598280575,0.7060887598280575,0.7160887598280575,0.7160887598280575,0.7360887598280575,0.7560887598280576,0.7660887598280576,0.7660887598280576
954,0.6344128723113294,0.6244128723113294,0.6244128723113294,0.6444128723113294,0.6444128723113294,0.6544128723113294,0.6544128723113294,0.6644128723113294,0.6644128723113294,0.6644128723113294,0.6644128723113294,0.6644128723113294,0.6644128723113294
955,0.6343691496884972,0.6343691496884972,0.6243691496884972,0.6243691496884972,0.6243691496884972,0.6043691496884972,0.6043691496884972,0.6143691496884972,0.6143691496884972,0.6143691496884972,0.6043691496884972,0.6143691496884972,0.6043691496884972
956,0.9955360587127553,0.9955360587127553,0.9955360587127553,1.0,1.0,1.0,1.0,1.0,0.995,0.985,0.985,0.975,0.975
957,0.8702624984648049,0.8302624984648048,0.8352624984648048,0.8352624984648048,0.8452624984648048,0.8452624984648048,0.8452624984648048,0.8452624984648048,0.8652624984648049,0.8752624984648049,0.8552624984648048,0.8752624984648049,0.8852624984648049
958,0.7321335375743689,0.7321335375743689,0.742133537574369,0.772133537574369,0.762133537574369,0.762133537574369,0.772133537574369,0.752133537574369,0.752133537574369,0.742133537574369,0.742133537574369,0.7221335375743689,0.7321335375743689
959,0.9620579672847358,0.9520579672847358,0.9620579672847358,0.9620579672847358,0.9620579672847358,0.9620579672847358,0.9720579672847358,0.9520579672847358,0.9520579672847358,0.9420579672847358,0.9420579672847358,0.9420579672847358,0.9620579672847358
960,0.8182720216398068,0.8182720216398068,0.8282720216398068,0.8382720216398069,0.8482720216398069,0.8582720216398069,0.8582720216398069,0.8282720216398068,0.8382720216398069,0.8482720216398069,0.8182720216398068,0.8282720216398068,0.8082720216398068
961,0.6326510962530152,0.6326510962530152,0.6326510962530152,0.6226510962530152,0.6126510962530152,0.6126510962530152,0.6126510962530152,0.6126510962530152,0.6226510962530152,0.6226510962530152,0.6326510962530152,0.6326510962530152,0.6326510962530152
962,0.7753031589216502,0.7853031589216503,0.7753031589216502,0.7753031589216502,0.7753031589216502,0.7853031589216503,0.7953031589216503,0.7953031589216503,0.7653031589216502,0.7853031589216503,0.7853031589216503,0.7453031589216502,0.7553031589216502
963,0.7049319827321916,0.7049319827321916,0.7049319827321916,0.7049319827321916,0.7049319827321916,0.7049319827321916,0.7049319827321916,0.6949319827321916,0.6849319827321916,0.6849319827321916,0.6849319827321916,0.6949319827321916,0.6849319827321916
964,0.7134097496212414,0.7034097496212414,0.7034097496212414,0.6934097496212414,0.7134097496212414,0.7334097496212414,0.7084097496212414,0.7084097496212414,0.7084097496212414,0.7084097496212414,0.7284097496212414,0.7284097496212414,0.7284097496212414
965,0.6992878864151009,0.7292878864151009,0.7392878864151009,0.7392878864151009,0.7342878864151009,0.7342878864151009,0.7242878864151009,0.7242878864151009,0.7442878864151009,0.7442878864151009,0.7442878864151009,0.7242878864151009,0.7042878864151009
966,0.5547701261237954,0.5547701261237954,0.5447701261237954,0.5547701261237954,0.5447701261237954,0.5447701261237954,0.5447701261237954,0.5647701261237954,0.5647701261237954,0.5847701261237954,0.5947701261237954,0.5847701261237954,0.5947701261237954
967,0.6355401605619757,0.6255401605619757,0.6555401605619757,0.6755401605619757,0.6705401605619757,0.6705401605619757,0.6705401605619757,0.6705401605619757,0.6605401605619757,0.6305401605619757,0.6305401605619757,0.6305401605619757,0.6105401605619757
968,0.7781493320208688,0.7881493320208688,0.7781493320208688,0.7781493320208688,0.7681493320208688,0.7681493320208688,0.7881493320208688,0.7881493320208688,0.7581493320208688,0.7581493320208688,0.7481493320208688,0.7581493320208688,0.7681493320208688
969,0.7956054153131625,0.8056054153131625,0.8056054153131625,0.8156054153131626,0.8156054153131626,0.8156054153131626,0.8056054153131625,0.8256054153131626,0.8156054153131626,0.8256054153131626,0.8256054153131626,0.8156054153131626,0.8056054153131625
970,0.8014127880108014,0.8014127880108014,0.7614127880108014,0.7664127880108014,0.7764127880108014,0.7764127880108014,0.7864127880108014,0.7764127880108014,0.7764127880108014,0.8064127880108014,0.8164127880108014,0.7964127880108014,0.7964127880108014
971,0.8063510380079736,0.7963510380079736,0.7963510380079736,0.7763510380079736,0.7763510380079736,0.7863510380079736,0.7663510380079736,0.7713510380079736,0.7913510380079736,0.7813510380079736,0.7713510380079736,0.7813510380079736,0.7813510380079736
972,0.8689779686217709,0.8689779686217709,0.8689779686217709,0.8689779686217709,0.8789779686217709,0.8489779686217709,0.8489779686217709,0.8489779686217709,0.8689779686217709,0.8789779686217709,0.8789779686217709,0.8789779686217709,0.8789779686217709
973,0.8357953021973076,0.8157953021973076,0.8257953021973076,0.8257953021973076,0.8457953021973076,0.8457953021973076,0.8457953021973076,0.8457953021973076,0.8457953021973076,0.8457953021973076,0.8457953021973076,0.8657953021973076,0.8657953021973076
974,0.757627502665292,0.737627502665292,0.737627502665292,0.747627502665292,0.767627502665292,0.747627502665292,0.747627502665292,0.747627502665292,0.737627502665292,0.747627502665292,0.747627502665292,0.727627502665292,0.727627502665292
975,0.9206349714711731,0.9406349714711731,0.9206349714711731,0.9106349714711731,0.9106349714711731,0.8906349714711731,0.8806349714711731,0.8806349714711731,0.8806349714711731,0.8806349714711731,0.8806349714711731,0.8806349714711731,0.8906349714711731
976,0.755543135863788,0.755543135863788,0.755543135863788,0.775543135863788,0.785543135863788,0.785543135863788,0.775543135863788,0.775543135863788,0.775543135863788,0.775543135863788,0.775543135863788,0.775543135863788,0.775543135863788
977,0.7346464648545155,0.7346464648545155,0.7346464648545155,0.7346464648545155,0.7246464648545154,0.6946464648545154,0.7046464648545154,0.7046464648545154,0.7196464648545154,0.7196464648545154,0.7196464648545154,0.7096464648545154,0.7296464648545155
978,0.7138626505173447,0.7138626505173447,0.7138626505173447,0.7138626505173447,0.7238626505173447,0.7338626505173447,0.7538626505173447,0.7538626505173447,0.7338626505173447,0.7338626505173447,0.7538626505173447,0.7538626505173447,0.7538626505173447
979,0.7361755227193085,0.7361755227193085,0.7461755227193085,0.7361755227193085,0.7561755227193085,0.7561755227193085,0.7661755227193086,0.7661755227193086,0.7661755227193086,0.7661755227193086,0.7661755227193086,0.7561755227193085,0.7561755227193085
980,1.0,1.0,0.99,0.98,0.99,0.97,0.97,0.97,0.97,0.95,0.955,0.965,0.965
981,0.8375834832533782,0.8475834832533782,0.8175834832533782,0.7975834832533781,0.8075834832533781,0.8075834832533781,0.8075834832533781,0.7975834832533781,0.8025834832533781,0.8025834832533781,0.8025834832533781,0.8025834832533781,0.8025834832533781
982,0.6971295561725479,0.6971295561725479,0.7171295561725479,0.6971295561725479,0.6871295561725479,0.6571295561725479,0.6621295561725479,0.6621295561725479,0.6721295561725479,0.6821295561725479,0.6721295561725479,0.6621295561725479,0.6721295561725479
983,0.9254998406312794,0.9254998406312794,0.9354998406312794,0.9554998406312795,0.9554998406312795,0.9554998406312795,0.9554998406312795,0.9404998406312794,0.9604998406312795,0.9604998406312795,0.9604998406312795,0.9604998406312795,0.9604998406312795
984,0.6538900275703406,0.6538900275703406,0.6638900275703407,0.6538900275703406,0.6538900275703406,0.6938900275703407,0.6938900275703407,0.6838900275703407,0.6938900275703407,0.6938900275703407,0.6938900275703407,0.6938900275703407,0.6938900275703407
985,0.7289991761891002,0.7089991761891001,0.7089991761891001,0.6889991761891001,0.6939991761891001,0.7039991761891001,0.7239991761891001,0.7239991761891001,0.7239991761891001,0.7239991761891001,0.7039991761891001,0.7139991761891001,0.7139991761891001
986,0.6724554708634556,0.6724554708634556,0.6724554708634556,0.6924554708634556,0.6674554708634556,0.6774554708634556,0.6574554708634556,0.6574554708634556,0.6574554708634556,0.6774554708634556,0.6874554708634556,0.6874554708634556,0.6974554708634556
987,0.6393389869289148,0.6393389869289148,0.6393389869289148,0.6393389869289148,0.6593389869289148,0.6593389869289148,0.6593389869289148,0.6793389869289148,0.6793389869289148,0.6793389869289148,0.6793389869289148,0.6793389869289148,0.6743389869289148
988,0.7632515891806649,0.783251589180665,0.803251589180665,0.793251589180665,0.793251589180665,0.778251589180665,0.7682515891806649,0.7682515891806649,0.7682515891806649,0.788251589180665,0.788251589180665,0.778251589180665,0.788251589180665
989,0.7285915227715979,0.7385915227715979,0.7385915227715979,0.7285915227715979,0.7285915227715979,0.7285915227715979,0.7185915227715979,0.7185915227715979,0.7285915227715979,0.7085915227715979,0.6985915227715979,0.6985915227715979,0.7085915227715979
990,0.8074803861623029,0.8074803861623029,0.7974803861623029,0.7674803861623029,0.7774803861623029,0.7874803861623029,0.7674803861623029,0.7674803861623029,0.7674803861623029,0.7724803861623029,0.7824803861623029,0.8024803861623029,0.8024803861623029
991,0.5821351851810426,0.5721351851810426,0.5521351851810425,0.5521351851810425,0.5421351851810425,0.5421351851810425,0.5471351851810425,0.5471351851810425,0.5571351851810425,0.5771351851810426,0.5671351851810426,0.5871351851810426,0.5971351851810426
992,0.6058201052846972,0.6058201052846972,0.6158201052846972,0.5858201052846972,0.6058201052846972,0.6258201052846972,0.6258201052846972,0.6158201052846972,0.6158201052846972,0.6158201052846972,0.6258201052846972,0.6258201052846972,0.6258201052846972
993,0.7132024059251134,0.7532024059251134,0.7432024059251134,0.7432024059251134,0.7282024059251134,0.7182024059251134,0.7182024059251134,0.7182024059251134,0.7182024059251134,0.7182024059251134,0.7182024059251134,0.7282024059251134,0.7282024059251134
994,0.7417583009885146,0.7417583009885146,0.7517583009885146,0.7317583009885146,0.7317583009885146,0.7317583009885146,0.7317583009885146,0.7317583009885146,0.7317583009885146,0.7217583009885146,0.7217583009885146,0.7217583009885146,0.7217583009885146
995,0.7258543859013395,0.7158543859013395,0.7158543859013395,0.7158543859013395,0.7058543859013395,0.7058543859013395,0.7158543859013395,0.7358543859013396,0.7058543859013395,0.7158543859013395,0.7158543859013395,0.7258543859013395,0.7258543859013395
996,0.5902229396463433,0.5902229396463433,0.5902229396463433,0.6102229396463433,0.6102229396463433,0.6202229396463433,0.6202229396463433,0.6302229396463433,0.6252229396463433,0.6152229396463433,0.6152229396463433,0.6252229396463433,0.6252229396463433
997,1.0,1.0,1.0,1.0,0.99,0.99,0.99,0.99,0.99,1.0,1.0,1.0,1.0
998,0.7840467485094466,0.7840467485094466,0.8040467485094466,0.8140467485094466,0.8140467485094466,0.8140467485094466,0.8240467485094466,0.7840467485094466,0.8140467485094466,0.8240467485094466,0.8140467485094466,0.8240467485094466,0.8240467485094466
999,0.6798256743302292,0.6998256743302292,0.6998256743302292,0.7198256743302293,0.7148256743302293,0.7148256743302293,0.7148256743302293,0.7048256743302292,0.6948256743302292,0.7048256743302292,0.7248256743302293,0.7248256743302293,0.7248256743302293
