Time Step,Simulation,0,2,4,6,8,10,12,14,16,18,20,22
0,0.8683836583982022,0.8783836583982022,0.8783836583982022,0.8683836583982022,0.8583836583982022,0.8583836583982022,0.8483836583982022,0.8283836583982022,0.8483836583982022,0.8483836583982022,0.8483836583982022,0.8283836583982022,0.8333836583982022
1,0.8763400240318535,0.8763400240318535,0.8663400240318535,0.8463400240318535,0.8463400240318535,0.8463400240318535,0.8613400240318535,0.8713400240318535,0.8513400240318535,0.8713400240318535,0.8513400240318535,0.8513400240318535,0.8513400240318535
2,0.905734485245599,0.905734485245599,0.905734485245599,0.915734485245599,0.935734485245599,0.925734485245599,0.925734485245599,0.905734485245599,0.915734485245599,0.915734485245599,0.925734485245599,0.900734485245599,0.890734485245599
3,0.906619277605666,0.896619277605666,0.896619277605666,0.8766192776056659,0.8666192776056659,0.8716192776056659,0.8716192776056659,0.8716192776056659,0.8716192776056659,0.8716192776056659,0.8716192776056659,0.8816192776056659,0.8816192776056659
4,0.8771471082427945,0.9071471082427945,0.9171471082427946,0.9121471082427945,0.8621471082427945,0.8521471082427945,0.8521471082427945,0.8421471082427945,0.8421471082427945,0.8421471082427945,0.8421471082427945,0.8421471082427945,0.8521471082427945
5,0.8426882992904272,0.8626882992904272,0.8726882992904272,0.8626882992904272,0.8426882992904272,0.8226882992904272,0.8426882992904272,0.8326882992904272,0.8326882992904272,0.8226882992904272,0.8126882992904272,0.8126882992904272,0.8126882992904272
6,0.9020377343234389,0.9020377343234389,0.9120377343234389,0.9120377343234389,0.9220377343234389,0.9220377343234389,0.942037734323439,0.937037734323439,0.937037734323439,0.9270377343234389,0.9270377343234389,0.9070377343234389,0.9170377343234389
7,0.8683499849813164,0.8683499849813164,0.8683499849813164,0.8383499849813164,0.8283499849813164,0.8283499849813164,0.8683499849813164,0.8683499849813164,0.8683499849813164,0.8683499849813164,0.9083499849813165,0.9033499849813165,0.9033499849813165
8,0.8895260081310473,0.8895260081310473,0.8695260081310473,0.8795260081310473,0.8795260081310473,0.8795260081310473,0.8795260081310473,0.8795260081310473,0.8795260081310473,0.8595260081310473,0.8595260081310473,0.8595260081310473,0.8495260081310473
9,0.8627728650795188,0.8627728650795188,0.8427728650795188,0.8427728650795188,0.8427728650795188,0.8527728650795188,0.8427728650795188,0.8677728650795188,0.8677728650795188,0.8677728650795188,0.8677728650795188,0.8677728650795188,0.8677728650795188
10,0.9016532954769136,0.9016532954769136,0.9016532954769136,0.8716532954769136,0.8716532954769136,0.8716532954769136,0.8916532954769136,0.8816532954769136,0.8816532954769136,0.8616532954769136,0.8716532954769136,0.8716532954769136,0.9016532954769136
11,0.8591941773740173,0.8691941773740173,0.8691941773740173,0.8691941773740173,0.8691941773740173,0.8891941773740173,0.8791941773740173,0.8791941773740173,0.8791941773740173,0.8791941773740173,0.8691941773740173,0.8691941773740173,0.8591941773740173
12,0.8943438696671008,0.8943438696671008,0.8643438696671008,0.8543438696671007,0.8593438696671007,0.8593438696671007,0.8693438696671008,0.8693438696671008,0.8693438696671008,0.8693438696671008,0.8493438696671007,0.8493438696671007,0.8493438696671007
13,0.9789038037372371,0.9789038037372371,0.9689038037372371,0.9689038037372371,0.9689038037372371,0.9689038037372371,0.958903803737237,0.948903803737237,0.958903803737237,0.938903803737237,0.948903803737237,0.938903803737237,0.938903803737237
14,0.8818883711951779,0.8818883711951779,0.8818883711951779,0.8818883711951779,0.8818883711951779,0.8818883711951779,0.901888371195178,0.921888371195178,0.921888371195178,0.916888371195178,0.916888371195178,0.906888371195178,0.906888371195178
15,0.8958276514761829,0.8858276514761829,0.8758276514761829,0.8958276514761829,0.915827651476183,0.925827651476183,0.925827651476183,0.935827651476183,0.925827651476183,0.925827651476183,0.925827651476183,0.925827651476183,0.925827651476183
16,0.8884953410022294,0.8684953410022294,0.8584953410022294,0.8484953410022293,0.8584953410022294,0.8684953410022294,0.8684953410022294,0.8884953410022294,0.8984953410022294,0.9184953410022294,0.9184953410022294,0.9084953410022294,0.8884953410022294
17,0.8931676180270264,0.8931676180270264,0.8931676180270264,0.9031676180270264,0.9031676180270264,0.9031676180270264,0.9131676180270264,0.8931676180270264,0.9131676180270264,0.9131676180270264,0.9131676180270264,0.9131676180270264,0.9131676180270264
18,0.8668756230463687,0.8668756230463687,0.8568756230463687,0.8468756230463687,0.8268756230463686,0.8368756230463686,0.8568756230463687,0.8468756230463687,0.8568756230463687,0.8368756230463686,0.8268756230463686,0.8318756230463686,0.8318756230463686
19,0.895182129426598,0.895182129426598,0.905182129426598,0.895182129426598,0.875182129426598,0.895182129426598,0.895182129426598,0.905182129426598,0.895182129426598,0.925182129426598,0.925182129426598,0.9351821294265981,0.925182129426598
20,0.8821341847588375,0.8821341847588375,0.8721341847588375,0.8821341847588375,0.8821341847588375,0.8821341847588375,0.8921341847588375,0.8921341847588375,0.9021341847588376,0.9021341847588376,0.9021341847588376,0.8921341847588375,0.8921341847588375
21,0.8354300960664474,0.8254300960664473,0.8454300960664474,0.8654300960664474,0.8654300960664474,0.8754300960664474,0.8704300960664474,0.8704300960664474,0.8704300960664474,0.8704300960664474,0.8604300960664474,0.8604300960664474,0.8604300960664474
22,0.837899100700463,0.837899100700463,0.817899100700463,0.817899100700463,0.817899100700463,0.807899100700463,0.797899100700463,0.802899100700463,0.822899100700463,0.842899100700463,0.852899100700463,0.852899100700463,0.852899100700463
23,0.8566671185749101,0.8566671185749101,0.8466671185749101,0.83666711857491,0.8466671185749101,0.8466671185749101,0.8466671185749101,0.8466671185749101,0.83666711857491,0.83666711857491,0.83666711857491,0.83666711857491,0.8466671185749101
24,0.8358518307636386,0.8358518307636386,0.8458518307636386,0.8458518307636386,0.8558518307636386,0.8658518307636386,0.8508518307636386,0.8508518307636386,0.8608518307636386,0.8708518307636386,0.8708518307636386,0.8708518307636386,0.8708518307636386
25,0.8868842051004384,0.9068842051004384,0.8968842051004384,0.9068842051004384,0.9068842051004384,0.9068842051004384,0.9168842051004384,0.9268842051004385,0.9268842051004385,0.9218842051004384,0.9118842051004384,0.9118842051004384,0.9118842051004384
26,0.9000020063181869,0.8800020063181869,0.8700020063181869,0.8600020063181869,0.8600020063181869,0.8650020063181869,0.8750020063181869,0.8650020063181869,0.8650020063181869,0.905002006318187,0.915002006318187,0.925002006318187,0.945002006318187
27,0.8473062864457936,0.8373062864457936,0.8173062864457936,0.8073062864457936,0.8123062864457936,0.8223062864457936,0.8123062864457936,0.8323062864457936,0.8323062864457936,0.8223062864457936,0.8323062864457936,0.8023062864457936,0.8123062864457936
28,0.8551985091842479,0.8551985091842479,0.8551985091842479,0.8651985091842479,0.8551985091842479,0.8851985091842479,0.8951985091842479,0.8901985091842479,0.8801985091842479,0.8601985091842479,0.8601985091842479,0.8601985091842479,0.8801985091842479
29,0.90132500290596,0.89132500290596,0.89132500290596,0.91132500290596,0.91132500290596,0.8763250029059599,0.8663250029059599,0.8763250029059599,0.8663250029059599,0.8663250029059599,0.8663250029059599,0.8663250029059599,0.8563250029059599
30,0.8941416004178613,0.8841416004178613,0.8841416004178613,0.8741416004178613,0.8641416004178613,0.8641416004178613,0.9041416004178613,0.8841416004178613,0.8841416004178613,0.8741416004178613,0.8741416004178613,0.8741416004178613,0.8841416004178613
31,0.8607033152265232,0.8607033152265232,0.8607033152265232,0.8707033152265232,0.8707033152265232,0.8507033152265232,0.8507033152265232,0.8707033152265232,0.8707033152265232,0.8907033152265232,0.9007033152265232,0.8907033152265232,0.8707033152265232
32,0.8771105829684276,0.8671105829684276,0.8671105829684276,0.8571105829684276,0.8471105829684276,0.8471105829684276,0.8671105829684276,0.8671105829684276,0.8771105829684276,0.8771105829684276,0.8771105829684276,0.8671105829684276,0.8971105829684276
33,0.8506111715755285,0.8406111715755284,0.8306111715755284,0.8406111715755284,0.8406111715755284,0.8506111715755285,0.8506111715755285,0.8506111715755285,0.8406111715755284,0.8406111715755284,0.8406111715755284,0.8306111715755284,0.8606111715755285
34,0.8473266398407167,0.8573266398407167,0.8473266398407167,0.8373266398407166,0.8373266398407166,0.8373266398407166,0.8273266398407166,0.8273266398407166,0.8273266398407166,0.8273266398407166,0.8373266398407166,0.8173266398407166,0.8173266398407166
35,0.908841324727654,0.918841324727654,0.928841324727654,0.918841324727654,0.918841324727654,0.908841324727654,0.888841324727654,0.878841324727654,0.868841324727654,0.873841324727654,0.873841324727654,0.883841324727654,0.863841324727654
36,0.8175165943087859,0.8075165943087859,0.8075165943087859,0.7975165943087859,0.7875165943087858,0.7875165943087858,0.7775165943087858,0.7825165943087858,0.7825165943087858,0.7925165943087858,0.8125165943087859,0.8125165943087859,0.8125165943087859
37,0.8665278132755662,0.8665278132755662,0.8765278132755662,0.8965278132755662,0.8815278132755662,0.8815278132755662,0.8715278132755662,0.8715278132755662,0.8715278132755662,0.8815278132755662,0.8815278132755662,0.8815278132755662,0.9015278132755662
38,0.8553754920502339,0.8553754920502339,0.8653754920502339,0.8653754920502339,0.8653754920502339,0.8453754920502339,0.8453754920502339,0.8453754920502339,0.8453754920502339,0.8553754920502339,0.8653754920502339,0.8653754920502339,0.8553754920502339
39,0.8753783627256494,0.8753783627256494,0.8753783627256494,0.8753783627256494,0.8753783627256494,0.8753783627256494,0.8653783627256494,0.8753783627256494,0.8753783627256494,0.8753783627256494,0.8753783627256494,0.8653783627256494,0.8653783627256494
40,0.8937233300866244,0.9037233300866244,0.9137233300866244,0.8937233300866244,0.8937233300866244,0.9037233300866244,0.9037233300866244,0.9037233300866244,0.8937233300866244,0.9037233300866244,0.9137233300866244,0.9137233300866244,0.9237233300866244
41,0.8921171467922198,0.8921171467922198,0.8921171467922198,0.9021171467922198,0.8921171467922198,0.8621171467922197,0.8621171467922197,0.8721171467922197,0.8721171467922197,0.8621171467922197,0.8621171467922197,0.8621171467922197,0.8621171467922197
42,0.8939931437912529,0.8939931437912529,0.8939931437912529,0.8939931437912529,0.8739931437912529,0.8739931437912529,0.8739931437912529,0.8639931437912529,0.8539931437912529,0.8539931437912529,0.8539931437912529,0.8539931437912529,0.8589931437912529
43,0.9029301245822902,0.9129301245822902,0.9129301245822902,0.9229301245822902,0.9129301245822902,0.9029301245822902,0.9029301245822902,0.9129301245822902,0.9029301245822902,0.9029301245822902,0.9229301245822902,0.9329301245822902,0.9129301245822902
44,0.8850406424005266,0.8950406424005266,0.8850406424005266,0.8750406424005266,0.8650406424005266,0.8550406424005266,0.8650406424005266,0.8550406424005266,0.8550406424005266,0.8550406424005266,0.8650406424005266,0.8450406424005266,0.8550406424005266
45,0.8799050925251254,0.8999050925251254,0.8999050925251254,0.8899050925251254,0.8899050925251254,0.8899050925251254,0.8899050925251254,0.8999050925251254,0.8799050925251254,0.8699050925251254,0.8899050925251254,0.8999050925251254,0.8999050925251254
46,0.9282291001058302,0.9282291001058302,0.9182291001058301,0.9282291001058302,0.9182291001058301,0.9182291001058301,0.9082291001058301,0.8982291001058301,0.8982291001058301,0.9082291001058301,0.9082291001058301,0.8982291001058301,0.8882291001058301
47,0.8637054635906496,0.8637054635906496,0.8737054635906496,0.8737054635906496,0.8637054635906496,0.8737054635906496,0.8387054635906496,0.8387054635906496,0.8187054635906496,0.8187054635906496,0.8187054635906496,0.8187054635906496,0.8187054635906496
48,0.8995694219993302,0.8995694219993302,0.8695694219993302,0.8595694219993302,0.8595694219993302,0.8595694219993302,0.8695694219993302,0.8695694219993302,0.8695694219993302,0.8795694219993302,0.8795694219993302,0.8795694219993302,0.8595694219993302
49,0.8741050454680819,0.8741050454680819,0.8741050454680819,0.8741050454680819,0.8941050454680819,0.8941050454680819,0.8941050454680819,0.9141050454680819,0.9041050454680819,0.8891050454680819,0.8891050454680819,0.8991050454680819,0.8991050454680819
50,0.8718701957873455,0.8618701957873455,0.8618701957873455,0.8718701957873455,0.8918701957873455,0.8818701957873455,0.8818701957873455,0.8818701957873455,0.8818701957873455,0.8818701957873455,0.8718701957873455,0.8618701957873455,0.8518701957873455
51,0.8898941935932568,0.8998941935932568,0.8898941935932568,0.8798941935932568,0.8698941935932568,0.8798941935932568,0.8898941935932568,0.8798941935932568,0.8898941935932568,0.8898941935932568,0.9098941935932569,0.9098941935932569,0.8998941935932568
52,0.8671815740315987,0.8671815740315987,0.8671815740315987,0.8571815740315987,0.8571815740315987,0.8471815740315987,0.8371815740315987,0.8371815740315987,0.8371815740315987,0.8371815740315987,0.8521815740315987,0.8621815740315987,0.8621815740315987
53,0.871549807898389,0.861549807898389,0.861549807898389,0.881549807898389,0.881549807898389,0.881549807898389,0.881549807898389,0.881549807898389,0.861549807898389,0.851549807898389,0.861549807898389,0.841549807898389,0.841549807898389
54,0.9142986213962103,0.9242986213962103,0.9242986213962103,0.9242986213962103,0.9242986213962103,0.9342986213962103,0.9342986213962103,0.9442986213962103,0.9342986213962103,0.9442986213962103,0.9292986213962103,0.9292986213962103,0.9292986213962103
55,0.8965225275398508,0.8965225275398508,0.8965225275398508,0.9165225275398509,0.9165225275398509,0.9165225275398509,0.8965225275398508,0.8965225275398508,0.9065225275398509,0.8965225275398508,0.8765225275398508,0.9065225275398509,0.9065225275398509
56,0.9179296636861914,0.9179296636861914,0.9179296636861914,0.9279296636861915,0.9279296636861915,0.9279296636861915,0.9279296636861915,0.9379296636861915,0.9379296636861915,0.9479296636861915,0.9329296636861915,0.9429296636861915,0.9429296636861915
57,0.8988760634608823,0.8988760634608823,0.8988760634608823,0.8888760634608823,0.8988760634608823,0.8888760634608823,0.8888760634608823,0.8888760634608823,0.8888760634608823,0.8888760634608823,0.8888760634608823,0.9188760634608824,0.9188760634608824
58,0.8951550215978307,0.8851550215978307,0.8751550215978307,0.8751550215978307,0.8851550215978307,0.8751550215978307,0.8751550215978307,0.8751550215978307,0.8651550215978306,0.8801550215978307,0.8901550215978307,0.8901550215978307,0.9001550215978307
59,0.8766207045918464,0.8666207045918464,0.8666207045918464,0.8666207045918464,0.8366207045918463,0.8366207045918463,0.8366207045918463,0.8366207045918463,0.8366207045918463,0.8366207045918463,0.8366207045918463,0.8466207045918464,0.8616207045918464
60,0.9044790458366522,0.9044790458366522,0.9044790458366522,0.9144790458366522,0.9144790458366522,0.9344790458366522,0.9344790458366522,0.9244790458366522,0.9244790458366522,0.9244790458366522,0.9144790458366522,0.9044790458366522,0.8944790458366522
61,0.8629752627536036,0.8629752627536036,0.8729752627536036,0.8429752627536036,0.8429752627536036,0.8329752627536036,0.8429752627536036,0.8429752627536036,0.8729752627536036,0.8929752627536036,0.8929752627536036,0.8929752627536036,0.8929752627536036
62,0.8456136786750063,0.8456136786750063,0.8456136786750063,0.8456136786750063,0.8256136786750062,0.8156136786750062,0.8306136786750062,0.8406136786750062,0.8506136786750063,0.8406136786750062,0.8306136786750062,0.8206136786750062,0.8206136786750062
63,0.8723672321714854,0.8723672321714854,0.8723672321714854,0.8523672321714854,0.8523672321714854,0.8523672321714854,0.8623672321714854,0.9023672321714854,0.8923672321714854,0.8723672321714854,0.8823672321714854,0.8923672321714854,0.8923672321714854
64,0.8946008431006354,0.8846008431006354,0.8746008431006354,0.9046008431006354,0.8946008431006354,0.8946008431006354,0.8946008431006354,0.8846008431006354,0.8846008431006354,0.8846008431006354,0.8846008431006354,0.8846008431006354,0.8846008431006354
65,0.8491433335007682,0.8591433335007682,0.8491433335007682,0.8491433335007682,0.8491433335007682,0.8491433335007682,0.8491433335007682,0.8391433335007682,0.8591433335007682,0.8591433335007682,0.8491433335007682,0.8291433335007682,0.8391433335007682
66,0.8824445667463974,0.8824445667463974,0.8824445667463974,0.8524445667463973,0.8524445667463973,0.8624445667463974,0.8724445667463974,0.8724445667463974,0.8724445667463974,0.8624445667463974,0.8624445667463974,0.8724445667463974,0.9024445667463974
67,0.8957567961429334,0.9057567961429334,0.9057567961429334,0.8957567961429334,0.8957567961429334,0.8757567961429333,0.8757567961429333,0.8757567961429333,0.8857567961429333,0.8857567961429333,0.8857567961429333,0.8957567961429334,0.8857567961429333
68,0.879664507334627,0.859664507334627,0.859664507334627,0.869664507334627,0.879664507334627,0.879664507334627,0.879664507334627,0.879664507334627,0.879664507334627,0.889664507334627,0.869664507334627,0.889664507334627,0.889664507334627
69,0.9106258372078729,0.930625837207873,0.9206258372078729,0.930625837207873,0.9206258372078729,0.9206258372078729,0.9206258372078729,0.9206258372078729,0.9106258372078729,0.9106258372078729,0.9106258372078729,0.9106258372078729,0.9206258372078729
70,0.823785951915678,0.823785951915678,0.823785951915678,0.823785951915678,0.803785951915678,0.803785951915678,0.823785951915678,0.8337859519156781,0.823785951915678,0.823785951915678,0.813785951915678,0.813785951915678,0.8337859519156781
71,0.8724398167051206,0.9124398167051206,0.9024398167051206,0.9124398167051206,0.8924398167051206,0.8624398167051206,0.8624398167051206,0.8524398167051206,0.8424398167051206,0.8424398167051206,0.8524398167051206,0.8624398167051206,0.8524398167051206
72,0.8731125163250215,0.8731125163250215,0.8731125163250215,0.8531125163250215,0.8631125163250215,0.8831125163250215,0.8831125163250215,0.8831125163250215,0.8931125163250215,0.8931125163250215,0.8931125163250215,0.8931125163250215,0.8931125163250215
73,0.9005558727464533,0.9005558727464533,0.9005558727464533,0.9005558727464533,0.9005558727464533,0.8905558727464533,0.9005558727464533,0.9005558727464533,0.8905558727464533,0.8805558727464533,0.8805558727464533,0.8705558727464533,0.8605558727464533
74,0.8668579945097122,0.8668579945097122,0.8668579945097122,0.8568579945097122,0.8668579945097122,0.8668579945097122,0.8568579945097122,0.8568579945097122,0.8668579945097122,0.8468579945097122,0.8368579945097122,0.8468579945097122,0.8568579945097122
75,0.8572406476405682,0.8372406476405682,0.8572406476405682,0.8772406476405682,0.8872406476405682,0.8972406476405682,0.8672406476405682,0.8772406476405682,0.8772406476405682,0.8772406476405682,0.8772406476405682,0.8572406476405682,0.8672406476405682
76,0.9202262371759139,0.9302262371759139,0.9202262371759139,0.9302262371759139,0.9302262371759139,0.9402262371759139,0.9502262371759139,0.9402262371759139,0.9302262371759139,0.9202262371759139,0.9202262371759139,0.9202262371759139,0.9502262371759139
77,0.9199330203814545,0.8999330203814545,0.9099330203814545,0.9199330203814545,0.9199330203814545,0.9199330203814545,0.9199330203814545,0.9199330203814545,0.9099330203814545,0.9099330203814545,0.9399330203814545,0.9399330203814545,0.9399330203814545
78,0.8942180971873365,0.8942180971873365,0.9042180971873365,0.9042180971873365,0.9042180971873365,0.8842180971873365,0.8842180971873365,0.8742180971873365,0.8742180971873365,0.8742180971873365,0.8842180971873365,0.8942180971873365,0.8942180971873365
79,0.8886872964645031,0.8886872964645031,0.8886872964645031,0.878687296464503,0.8886872964645031,0.878687296464503,0.868687296464503,0.868687296464503,0.868687296464503,0.868687296464503,0.9086872964645031,0.9186872964645031,0.9186872964645031
80,0.889449994374622,0.869449994374622,0.869449994374622,0.859449994374622,0.859449994374622,0.849449994374622,0.859449994374622,0.869449994374622,0.869449994374622,0.859449994374622,0.849449994374622,0.859449994374622,0.859449994374622
81,0.865950984946535,0.855950984946535,0.835950984946535,0.825950984946535,0.835950984946535,0.825950984946535,0.845950984946535,0.865950984946535,0.875950984946535,0.875950984946535,0.875950984946535,0.885950984946535,0.885950984946535
82,0.927002785945916,0.917002785945916,0.967002785945916,0.957002785945916,0.947002785945916,0.947002785945916,0.947002785945916,0.947002785945916,0.957002785945916,0.957002785945916,0.957002785945916,0.947002785945916,0.937002785945916
83,0.8680513874053126,0.8680513874053126,0.8580513874053126,0.8580513874053126,0.8580513874053126,0.8480513874053126,0.8380513874053126,0.8380513874053126,0.8530513874053126,0.8630513874053126,0.8730513874053126,0.8930513874053126,0.8830513874053126
84,0.8650324104014481,0.8650324104014481,0.8650324104014481,0.845032410401448,0.845032410401448,0.845032410401448,0.8550324104014481,0.8650324104014481,0.8550324104014481,0.8550324104014481,0.8550324104014481,0.8550324104014481,0.8550324104014481
85,0.8771253745025476,0.8871253745025476,0.8971253745025476,0.8771253745025476,0.8771253745025476,0.8771253745025476,0.8771253745025476,0.8771253745025476,0.8771253745025476,0.8771253745025476,0.8871253745025476,0.8971253745025476,0.8971253745025476
86,0.9054112686233602,0.9054112686233602,0.9054112686233602,0.9054112686233602,0.9054112686233602,0.9054112686233602,0.9054112686233602,0.9154112686233602,0.9154112686233602,0.9254112686233602,0.9254112686233602,0.9254112686233602,0.9254112686233602
87,0.8493076677990113,0.8593076677990114,0.8293076677990113,0.8593076677990114,0.8493076677990113,0.8193076677990113,0.8393076677990113,0.8493076677990113,0.8493076677990113,0.8493076677990113,0.8193076677990113,0.8293076677990113,0.8293076677990113
88,0.8805193447002293,0.8805193447002293,0.8905193447002293,0.8905193447002293,0.8905193447002293,0.8905193447002293,0.9105193447002293,0.9105193447002293,0.8905193447002293,0.9105193447002293,0.9105193447002293,0.8905193447002293,0.8905193447002293
89,0.9304027680414547,0.9304027680414547,0.9304027680414547,0.9304027680414547,0.9304027680414547,0.9304027680414547,0.9304027680414547,0.9304027680414547,0.9304027680414547,0.9504027680414547,0.9504027680414547,0.9404027680414547,0.9404027680414547
90,0.8820913045323862,0.8620913045323861,0.8520913045323861,0.8520913045323861,0.8420913045323861,0.8470913045323861,0.8570913045323861,0.8770913045323862,0.8570913045323861,0.8670913045323861,0.8970913045323862,0.9270913045323862,0.9270913045323862
91,0.8605880547499715,0.8605880547499715,0.8605880547499715,0.8505880547499715,0.8505880547499715,0.8705880547499715,0.8805880547499715,0.8705880547499715,0.8605880547499715,0.8705880547499715,0.8605880547499715,0.8405880547499714,0.8505880547499715
92,0.8998254115829173,0.8798254115829173,0.8798254115829173,0.9098254115829173,0.9098254115829173,0.9198254115829173,0.9198254115829173,0.9098254115829173,0.9098254115829173,0.9098254115829173,0.8998254115829173,0.8798254115829173,0.8798254115829173
93,0.8895168639820629,0.8895168639820629,0.8795168639820629,0.8995168639820629,0.9095168639820629,0.8845168639820629,0.8845168639820629,0.8845168639820629,0.8845168639820629,0.8745168639820629,0.8745168639820629,0.8545168639820628,0.8945168639820629
94,0.8654139030197511,0.8654139030197511,0.8554139030197511,0.8754139030197511,0.8754139030197511,0.8754139030197511,0.8654139030197511,0.8554139030197511,0.8554139030197511,0.825413903019751,0.830413903019751,0.830413903019751,0.830413903019751
95,0.8671862622226302,0.8471862622226302,0.8721862622226302,0.8721862622226302,0.8821862622226302,0.8921862622226302,0.9021862622226302,0.8921862622226302,0.8921862622226302,0.8921862622226302,0.8921862622226302,0.8821862622226302,0.8921862622226302
96,0.875269906540461,0.875269906540461,0.885269906540461,0.885269906540461,0.885269906540461,0.885269906540461,0.915269906540461,0.910269906540461,0.900269906540461,0.890269906540461,0.870269906540461,0.860269906540461,0.860269906540461
97,0.9202664979621547,0.9002664979621546,0.9102664979621546,0.9302664979621547,0.9402664979621547,0.9402664979621547,0.9402664979621547,0.9602664979621547,0.9402664979621547,0.9202664979621547,0.9002664979621546,0.9002664979621546,0.9102664979621546
98,0.8618876322731863,0.8618876322731863,0.8718876322731863,0.8718876322731863,0.8818876322731863,0.8918876322731863,0.8918876322731863,0.8918876322731863,0.8918876322731863,0.8818876322731863,0.8718876322731863,0.8518876322731863,0.8618876322731863
99,0.8844343898174168,0.8744343898174168,0.8744343898174168,0.8744343898174168,0.8544343898174168,0.8644343898174168,0.8544343898174168,0.8544343898174168,0.8544343898174168,0.8544343898174168,0.8744343898174168,0.8744343898174168,0.8844343898174168
100,0.8587830885510023,0.8687830885510023,0.8687830885510023,0.8687830885510023,0.8687830885510023,0.8687830885510023,0.8687830885510023,0.8687830885510023,0.8787830885510023,0.8887830885510023,0.8687830885510023,0.8587830885510023,0.8587830885510023
101,0.9053488215619075,0.9153488215619076,0.8953488215619075,0.8653488215619075,0.8753488215619075,0.8753488215619075,0.8753488215619075,0.8853488215619075,0.8853488215619075,0.8953488215619075,0.8853488215619075,0.8853488215619075,0.8753488215619075
102,0.8971561923164607,0.8971561923164607,0.9171561923164607,0.9271561923164607,0.9271561923164607,0.9121561923164607,0.9221561923164607,0.9421561923164607,0.9321561923164607,0.9021561923164607,0.9021561923164607,0.8921561923164607,0.8621561923164607
103,0.9274671106450849,0.9274671106450849,0.9374671106450849,0.9274671106450849,0.9274671106450849,0.9274671106450849,0.9274671106450849,0.9474671106450849,0.9374671106450849,0.9274671106450849,0.9174671106450849,0.9074671106450849,0.9174671106450849
104,0.8568479972477702,0.8568479972477702,0.8568479972477702,0.8468479972477702,0.8568479972477702,0.8668479972477702,0.8568479972477702,0.8868479972477702,0.8868479972477702,0.8868479972477702,0.8968479972477702,0.8918479972477702,0.8818479972477702
105,0.8372564292731828,0.8372564292731828,0.8372564292731828,0.8372564292731828,0.8372564292731828,0.8072564292731828,0.7972564292731827,0.8072564292731828,0.8072564292731828,0.7972564292731827,0.8022564292731827,0.8022564292731827,0.8122564292731828
106,0.8844256020707034,0.8944256020707034,0.8844256020707034,0.8944256020707034,0.8644256020707034,0.8644256020707034,0.8644256020707034,0.8944256020707034,0.9044256020707034,0.9144256020707034,0.9144256020707034,0.8994256020707034,0.8994256020707034
107,0.9290978691547755,0.9290978691547755,0.9290978691547755,0.9290978691547755,0.9290978691547755,0.9290978691547755,0.9190978691547755,0.9390978691547756,0.9390978691547756,0.9390978691547756,0.9290978691547755,0.9290978691547755,0.9290978691547755
108,0.8684591405591198,0.8684591405591198,0.8784591405591198,0.8784591405591198,0.8784591405591198,0.8884591405591198,0.8784591405591198,0.8684591405591198,0.8684591405591198,0.8784591405591198,0.8784591405591198,0.8784591405591198,0.8984591405591198
109,0.8568439075041929,0.8668439075041929,0.8668439075041929,0.8568439075041929,0.8668439075041929,0.8668439075041929,0.8768439075041929,0.886843907504193,0.896843907504193,0.896843907504193,0.891843907504193,0.881843907504193,0.891843907504193
110,0.9325459366253371,0.9525459366253372,0.9625459366253372,0.9625459366253372,0.9725459366253372,0.9425459366253371,0.9625459366253372,0.9625459366253372,0.9475459366253371,0.9575459366253372,0.9575459366253372,0.9575459366253372,0.9575459366253372
111,0.8463235764259806,0.8363235764259805,0.8363235764259805,0.8363235764259805,0.8363235764259805,0.8363235764259805,0.8363235764259805,0.8713235764259806,0.8713235764259806,0.8713235764259806,0.8513235764259806,0.8513235764259806,0.8513235764259806
112,0.891232256556521,0.871232256556521,0.881232256556521,0.891232256556521,0.9012322565565211,0.9012322565565211,0.9112322565565211,0.9112322565565211,0.9112322565565211,0.9012322565565211,0.9212322565565211,0.9062322565565211,0.9062322565565211
113,0.8773429355063609,0.8573429355063609,0.8473429355063609,0.8473429355063609,0.8473429355063609,0.8473429355063609,0.8473429355063609,0.8373429355063609,0.8473429355063609,0.8473429355063609,0.8473429355063609,0.8673429355063609,0.8673429355063609
114,0.8683020525636485,0.8583020525636484,0.8583020525636484,0.8483020525636484,0.8683020525636485,0.8483020525636484,0.8383020525636484,0.8483020525636484,0.8683020525636485,0.8583020525636484,0.8783020525636485,0.8783020525636485,0.8783020525636485
115,0.8646014550031865,0.8846014550031865,0.8946014550031866,0.8846014550031865,0.8946014550031866,0.8846014550031865,0.8546014550031865,0.8446014550031865,0.8346014550031865,0.8346014550031865,0.8546014550031865,0.8646014550031865,0.8446014550031865
116,0.847058085633511,0.837058085633511,0.827058085633511,0.837058085633511,0.847058085633511,0.8770580856335111,0.8770580856335111,0.8770580856335111,0.8870580856335111,0.8820580856335111,0.8820580856335111,0.8820580856335111,0.8720580856335111
117,0.893012803375728,0.883012803375728,0.883012803375728,0.873012803375728,0.8530128033757279,0.873012803375728,0.873012803375728,0.873012803375728,0.883012803375728,0.883012803375728,0.903012803375728,0.913012803375728,0.913012803375728
118,0.8722429461341437,0.8722429461341437,0.8822429461341437,0.8822429461341437,0.8472429461341436,0.8372429461341436,0.8572429461341436,0.8572429461341436,0.8572429461341436,0.8572429461341436,0.8772429461341437,0.8772429461341437,0.8972429461341437
119,0.9389014331957516,0.9389014331957516,0.9589014331957516,0.9589014331957516,0.9389014331957516,0.9389014331957516,0.9489014331957516,0.9389014331957516,0.9589014331957516,0.9589014331957516,0.9689014331957516,0.9689014331957516,0.9589014331957516
120,0.8725511878743345,0.8925511878743345,0.8925511878743345,0.8825511878743345,0.8725511878743345,0.8825511878743345,0.8825511878743345,0.8925511878743345,0.9025511878743345,0.8825511878743345,0.8925511878743345,0.8925511878743345,0.8925511878743345
121,0.8714130423260558,0.8814130423260558,0.8714130423260558,0.8714130423260558,0.8714130423260558,0.8814130423260558,0.8914130423260558,0.9014130423260558,0.8864130423260558,0.8864130423260558,0.8864130423260558,0.8664130423260558,0.8664130423260558
122,0.8517234493836735,0.8517234493836735,0.8317234493836735,0.8417234493836735,0.8217234493836735,0.8217234493836735,0.8217234493836735,0.8117234493836735,0.8217234493836735,0.8217234493836735,0.8117234493836735,0.8117234493836735,0.8217234493836735
123,0.9023803868619543,0.9023803868619543,0.9023803868619543,0.8823803868619543,0.8823803868619543,0.8823803868619543,0.8823803868619543,0.8823803868619543,0.8623803868619543,0.8623803868619543,0.8823803868619543,0.8823803868619543,0.9023803868619543
124,0.8578230840405735,0.8578230840405735,0.8478230840405735,0.8378230840405735,0.8378230840405735,0.8378230840405735,0.8178230840405735,0.8178230840405735,0.8178230840405735,0.8228230840405735,0.8228230840405735,0.8228230840405735,0.8228230840405735
125,0.8256843343366228,0.8256843343366228,0.8256843343366228,0.8156843343366228,0.8156843343366228,0.8256843343366228,0.8256843343366228,0.8156843343366228,0.8156843343366228,0.8156843343366228,0.8056843343366228,0.7956843343366228,0.8156843343366228
126,0.9109674296163446,0.9009674296163446,0.9009674296163446,0.9109674296163446,0.8909674296163446,0.8809674296163446,0.8809674296163446,0.8809674296163446,0.8809674296163446,0.8809674296163446,0.8809674296163446,0.8809674296163446,0.9109674296163446
127,0.8604099456048294,0.8704099456048294,0.8804099456048294,0.8804099456048294,0.8804099456048294,0.8804099456048294,0.8804099456048294,0.8804099456048294,0.8804099456048294,0.8704099456048294,0.8504099456048294,0.8604099456048294,0.8704099456048294
128,0.8726878750644224,0.9026878750644224,0.9026878750644224,0.9126878750644224,0.9076878750644224,0.8876878750644224,0.8776878750644224,0.8776878750644224,0.8676878750644224,0.8876878750644224,0.8776878750644224,0.9076878750644224,0.8876878750644224
129,0.8572337023524874,0.8572337023524874,0.8572337023524874,0.8772337023524874,0.8472337023524874,0.8272337023524874,0.8272337023524874,0.8422337023524874,0.8322337023524874,0.8422337023524874,0.8522337023524874,0.8422337023524874,0.8322337023524874
130,0.8815708066563055,0.8715708066563055,0.8615708066563055,0.8515708066563055,0.8515708066563055,0.8715708066563055,0.8715708066563055,0.8815708066563055,0.8615708066563055,0.8615708066563055,0.8415708066563055,0.8415708066563055,0.8415708066563055
131,0.8528131955607723,0.8628131955607723,0.8728131955607723,0.8828131955607723,0.8928131955607723,0.8878131955607723,0.8878131955607723,0.8678131955607723,0.8578131955607723,0.8578131955607723,0.8578131955607723,0.8578131955607723,0.8378131955607723
132,0.8621129263583928,0.8521129263583928,0.8521129263583928,0.8521129263583928,0.8821129263583928,0.8821129263583928,0.8821129263583928,0.8721129263583928,0.8721129263583928,0.8521129263583928,0.8621129263583928,0.8721129263583928,0.8721129263583928
133,0.942753878449273,0.922753878449273,0.932753878449273,0.9527538784492731,0.932753878449273,0.942753878449273,0.912753878449273,0.902753878449273,0.907753878449273,0.917753878449273,0.917753878449273,0.917753878449273,0.907753878449273
134,0.8938199763367606,0.9038199763367606,0.9038199763367606,0.8938199763367606,0.8738199763367606,0.8838199763367606,0.8738199763367606,0.8838199763367606,0.8738199763367606,0.8738199763367606,0.8738199763367606,0.8638199763367606,0.8838199763367606
135,0.8942340679426547,0.8842340679426547,0.8942340679426547,0.8842340679426547,0.8842340679426547,0.8642340679426547,0.8542340679426547,0.8542340679426547,0.8542340679426547,0.8642340679426547,0.8642340679426547,0.8742340679426547,0.8742340679426547
136,0.8531577179176363,0.8231577179176363,0.8331577179176363,0.8231577179176363,0.8331577179176363,0.8231577179176363,0.8231577179176363,0.8381577179176363,0.8781577179176363,0.8881577179176363,0.8781577179176363,0.8881577179176363,0.8781577179176363
137,0.8815835715718956,0.8815835715718956,0.8815835715718956,0.8615835715718956,0.8715835715718956,0.8615835715718956,0.8715835715718956,0.8915835715718956,0.8915835715718956,0.8815835715718956,0.8615835715718956,0.8715835715718956,0.8715835715718956
138,0.8376022662320297,0.8376022662320297,0.8376022662320297,0.8376022662320297,0.8376022662320297,0.8176022662320297,0.8276022662320297,0.8276022662320297,0.8176022662320297,0.8176022662320297,0.8176022662320297,0.8076022662320297,0.8476022662320297
139,0.8870488769406983,0.9070488769406984,0.9070488769406984,0.9270488769406984,0.9070488769406984,0.8970488769406983,0.8970488769406983,0.8970488769406983,0.8870488769406983,0.8870488769406983,0.8870488769406983,0.8970488769406983,0.9070488769406984
140,0.8517336314731915,0.8417336314731915,0.8317336314731915,0.8317336314731915,0.8317336314731915,0.8617336314731915,0.8817336314731915,0.8717336314731915,0.8717336314731915,0.8717336314731915,0.8617336314731915,0.8817336314731915,0.8917336314731915
141,0.9133706879377167,0.8933706879377167,0.9033706879377167,0.8833706879377167,0.9033706879377167,0.9033706879377167,0.9033706879377167,0.8933706879377167,0.8833706879377167,0.8833706879377167,0.8983706879377167,0.9183706879377167,0.9283706879377167
142,0.9262925493528554,0.9262925493528554,0.9362925493528554,0.9462925493528554,0.9262925493528554,0.9162925493528554,0.9162925493528554,0.9062925493528554,0.9062925493528554,0.9262925493528554,0.9262925493528554,0.9262925493528554,0.9462925493528554
143,0.8276697342934318,0.8176697342934318,0.8176697342934318,0.8076697342934318,0.8176697342934318,0.8176697342934318,0.8176697342934318,0.8376697342934318,0.8376697342934318,0.8576697342934319,0.8376697342934318,0.8376697342934318,0.8476697342934318
144,0.8431901053398708,0.8431901053398708,0.8331901053398708,0.8331901053398708,0.8331901053398708,0.8331901053398708,0.8331901053398708,0.8331901053398708,0.8431901053398708,0.8431901053398708,0.8431901053398708,0.8631901053398708,0.8431901053398708
145,0.9022186172193969,0.8922186172193969,0.8922186172193969,0.9022186172193969,0.9022186172193969,0.8722186172193969,0.8622186172193969,0.8822186172193969,0.8822186172193969,0.8822186172193969,0.8822186172193969,0.8922186172193969,0.8822186172193969
146,0.8895364000560925,0.8695364000560925,0.8695364000560925,0.8945364000560925,0.8745364000560925,0.8745364000560925,0.8745364000560925,0.8645364000560924,0.8645364000560924,0.8845364000560925,0.8845364000560925,0.8745364000560925,0.8745364000560925
147,0.8892259544968808,0.8692259544968808,0.8942259544968808,0.8942259544968808,0.9042259544968808,0.9042259544968808,0.8742259544968808,0.8742259544968808,0.8642259544968808,0.8842259544968808,0.8742259544968808,0.8742259544968808,0.8742259544968808
148,0.9039291767175425,0.9239291767175425,0.9339291767175425,0.9339291767175425,0.9339291767175425,0.9339291767175425,0.9339291767175425,0.9339291767175425,0.9439291767175425,0.9439291767175425,0.9439291767175425,0.9439291767175425,0.9439291767175425
149,0.9599605143601865,0.9699605143601865,0.9699605143601865,0.9699605143601865,0.9599605143601865,0.9499605143601865,0.9399605143601865,0.9499605143601865,0.9399605143601865,0.9299605143601865,0.9199605143601864,0.9299605143601865,0.9299605143601865
150,0.8895250868240444,0.8895250868240444,0.8895250868240444,0.8895250868240444,0.8895250868240444,0.8695250868240444,0.8495250868240444,0.8595250868240444,0.8595250868240444,0.8895250868240444,0.8995250868240444,0.8995250868240444,0.8645250868240444
151,0.8830829035160486,0.8830829035160486,0.9130829035160486,0.9030829035160486,0.9230829035160486,0.9130829035160486,0.9230829035160486,0.9180829035160486,0.9280829035160486,0.9280829035160486,0.9280829035160486,0.9280829035160486,0.9280829035160486
152,0.8667685033366977,0.8567685033366977,0.8567685033366977,0.8467685033366977,0.8667685033366977,0.8567685033366977,0.8567685033366977,0.8767685033366978,0.8767685033366978,0.8867685033366978,0.8767685033366978,0.8667685033366977,0.8667685033366977
153,0.929333442747372,0.929333442747372,0.929333442747372,0.9193334427473719,0.9193334427473719,0.9093334427473719,0.9093334427473719,0.9093334427473719,0.8993334427473719,0.8993334427473719,0.9093334427473719,0.9093334427473719,0.9093334427473719
154,0.9167862970174392,0.8967862970174392,0.8767862970174392,0.8817862970174392,0.8817862970174392,0.8917862970174392,0.8817862970174392,0.8917862970174392,0.9017862970174392,0.9217862970174392,0.9417862970174392,0.9417862970174392,0.9417862970174392
155,0.8597125202796503,0.8497125202796503,0.8597125202796503,0.8597125202796503,0.8597125202796503,0.8697125202796503,0.8797125202796503,0.8697125202796503,0.8897125202796503,0.8897125202796503,0.8897125202796503,0.8797125202796503,0.8797125202796503
156,0.8835991597816794,0.8835991597816794,0.8835991597816794,0.8635991597816793,0.8635991597816793,0.8635991597816793,0.8635991597816793,0.8735991597816793,0.8735991597816793,0.8835991597816794,0.8735991597816793,0.8835991597816794,0.8635991597816793
157,0.8105441137540003,0.8105441137540003,0.8105441137540003,0.8205441137540003,0.8205441137540003,0.8205441137540003,0.8305441137540003,0.8505441137540003,0.8505441137540003,0.8505441137540003,0.8505441137540003,0.8455441137540003,0.8455441137540003
158,0.8817899733934413,0.8817899733934413,0.8817899733934413,0.8917899733934413,0.8917899733934413,0.8917899733934413,0.8917899733934413,0.8917899733934413,0.8817899733934413,0.8917899733934413,0.8917899733934413,0.8817899733934413,0.8817899733934413
159,0.8436924855925022,0.8536924855925022,0.8436924855925022,0.8236924855925022,0.8136924855925022,0.8136924855925022,0.8136924855925022,0.8236924855925022,0.8036924855925022,0.8036924855925022,0.8136924855925022,0.8036924855925022,0.8086924855925022
160,0.8882043368061527,0.8882043368061527,0.8882043368061527,0.8782043368061527,0.8582043368061527,0.8582043368061527,0.8582043368061527,0.8782043368061527,0.8882043368061527,0.8982043368061527,0.9282043368061528,0.9282043368061528,0.9282043368061528
161,0.8887542372447921,0.8887542372447921,0.8987542372447921,0.8987542372447921,0.8987542372447921,0.8987542372447921,0.8987542372447921,0.8987542372447921,0.8987542372447921,0.8987542372447921,0.9087542372447921,0.9287542372447921,0.9287542372447921
162,0.8719366294105618,0.8619366294105618,0.8619366294105618,0.8619366294105618,0.8419366294105618,0.8319366294105618,0.8619366294105618,0.8619366294105618,0.8719366294105618,0.8719366294105618,0.8919366294105618,0.9119366294105619,0.8919366294105618
163,0.8800252249513113,0.8800252249513113,0.8700252249513113,0.8700252249513113,0.8900252249513113,0.8800252249513113,0.9000252249513113,0.8900252249513113,0.8900252249513113,0.8800252249513113,0.8800252249513113,0.8700252249513113,0.8700252249513113
164,0.8850319614510426,0.8750319614510426,0.8750319614510426,0.8750319614510426,0.8750319614510426,0.8850319614510426,0.9050319614510426,0.8950319614510426,0.9150319614510426,0.9150319614510426,0.9250319614510426,0.9250319614510426,0.9250319614510426
165,0.8393978118439435,0.8293978118439435,0.8293978118439435,0.8393978118439435,0.8593978118439435,0.8593978118439435,0.8793978118439435,0.8693978118439435,0.8693978118439435,0.8393978118439435,0.8393978118439435,0.8393978118439435,0.8293978118439435
166,0.8922263836280898,0.9022263836280898,0.9122263836280898,0.9122263836280898,0.9122263836280898,0.9122263836280898,0.9322263836280898,0.9322263836280898,0.9322263836280898,0.9272263836280898,0.9172263836280898,0.9072263836280898,0.9072263836280898
167,0.8801892460232065,0.8801892460232065,0.8801892460232065,0.9101892460232065,0.9001892460232065,0.9001892460232065,0.8801892460232065,0.8901892460232065,0.9101892460232065,0.9201892460232065,0.9201892460232065,0.9201892460232065,0.9201892460232065
168,0.8857272053827173,0.8857272053827173,0.8857272053827173,0.8957272053827173,0.8757272053827173,0.8757272053827173,0.8757272053827173,0.8757272053827173,0.8757272053827173,0.8857272053827173,0.8957272053827173,0.9057272053827173,0.8857272053827173
169,0.8809894920694182,0.8609894920694182,0.8809894920694182,0.8809894920694182,0.8809894920694182,0.8909894920694182,0.8709894920694182,0.8709894920694182,0.8709894920694182,0.8909894920694182,0.8809894920694182,0.8409894920694182,0.8459894920694182
170,0.8672062555198441,0.8572062555198441,0.8472062555198441,0.8372062555198441,0.8472062555198441,0.8372062555198441,0.8372062555198441,0.8372062555198441,0.8272062555198441,0.8272062555198441,0.8272062555198441,0.8272062555198441,0.8322062555198441
171,0.9468094779349269,0.9468094779349269,0.9468094779349269,0.9468094779349269,0.9368094779349269,0.9368094779349269,0.9568094779349269,0.9568094779349269,0.9568094779349269,0.9568094779349269,0.9568094779349269,0.9568094779349269,0.9468094779349269
172,0.8927836429810576,0.8927836429810576,0.9127836429810576,0.8927836429810576,0.8927836429810576,0.8927836429810576,0.8727836429810576,0.8827836429810576,0.9027836429810576,0.9127836429810576,0.9027836429810576,0.9127836429810576,0.8927836429810576
173,0.8800248609231094,0.8800248609231094,0.8700248609231094,0.8800248609231094,0.8700248609231094,0.8700248609231094,0.8400248609231094,0.8500248609231094,0.8600248609231094,0.8500248609231094,0.8600248609231094,0.8600248609231094,0.8600248609231094
174,0.8906436234517086,0.8906436234517086,0.8806436234517085,0.8506436234517085,0.8556436234517085,0.8656436234517085,0.8556436234517085,0.8656436234517085,0.8556436234517085,0.8556436234517085,0.8656436234517085,0.8556436234517085,0.8656436234517085
175,0.8949758934013631,0.8949758934013631,0.864975893401363,0.864975893401363,0.8849758934013631,0.8849758934013631,0.8849758934013631,0.864975893401363,0.8749758934013631,0.8849758934013631,0.8749758934013631,0.8749758934013631,0.8749758934013631
176,0.8976753802995089,0.8876753802995089,0.8876753802995089,0.8876753802995089,0.8776753802995089,0.8676753802995089,0.8826753802995089,0.8826753802995089,0.9126753802995089,0.9326753802995089,0.9326753802995089,0.9326753802995089,0.9326753802995089
177,0.8870621215417807,0.8870621215417807,0.8770621215417806,0.8870621215417807,0.8670621215417806,0.8670621215417806,0.8870621215417807,0.8970621215417807,0.8970621215417807,0.9070621215417807,0.9070621215417807,0.9170621215417807,0.9070621215417807
178,0.8967292019836635,0.8967292019836635,0.9167292019836635,0.9267292019836635,0.9117292019836635,0.9017292019836635,0.9017292019836635,0.9017292019836635,0.9017292019836635,0.8817292019836634,0.8817292019836634,0.8817292019836634,0.8817292019836634
179,0.9069816105871834,0.9169816105871834,0.9169816105871834,0.9169816105871834,0.9269816105871834,0.9269816105871834,0.9269816105871834,0.9269816105871834,0.9269816105871834,0.9069816105871834,0.9369816105871834,0.9369816105871834,0.9369816105871834
180,0.8825370576211595,0.8925370576211595,0.8825370576211595,0.8825370576211595,0.8825370576211595,0.8725370576211595,0.8925370576211595,0.8825370576211595,0.8525370576211595,0.8825370576211595,0.8825370576211595,0.8825370576211595,0.8825370576211595
181,0.902048864631692,0.912048864631692,0.922048864631692,0.922048864631692,0.922048864631692,0.912048864631692,0.922048864631692,0.922048864631692,0.872048864631692,0.872048864631692,0.862048864631692,0.892048864631692,0.912048864631692
182,0.83519173206007,0.84519173206007,0.83519173206007,0.83519173206007,0.82519173206007,0.82519173206007,0.79519173206007,0.79519173206007,0.80019173206007,0.80019173206007,0.80019173206007,0.81019173206007,0.81019173206007
183,0.9375057370585204,0.9375057370585204,0.9175057370585203,0.9175057370585203,0.9275057370585204,0.9375057370585204,0.9275057370585204,0.9275057370585204,0.9175057370585203,0.9075057370585203,0.8975057370585203,0.9075057370585203,0.9175057370585203
184,0.9366881280402057,0.9366881280402057,0.9466881280402057,0.9466881280402057,0.9466881280402057,0.9566881280402058,0.9566881280402058,0.9566881280402058,0.9566881280402058,0.9666881280402058,0.9516881280402057,0.9816881280402058,0.9616881280402058
185,0.8430813886351579,0.8230813886351579,0.8130813886351579,0.8030813886351579,0.8080813886351579,0.8280813886351579,0.8280813886351579,0.8280813886351579,0.8280813886351579,0.8280813886351579,0.8080813886351579,0.8180813886351579,0.8280813886351579
186,0.8410959599346839,0.8210959599346839,0.8210959599346839,0.8310959599346839,0.8310959599346839,0.8110959599346839,0.8010959599346839,0.8210959599346839,0.8210959599346839,0.8210959599346839,0.8510959599346839,0.8410959599346839,0.8310959599346839
187,0.8942307115399128,0.8942307115399128,0.9042307115399129,0.9042307115399129,0.9042307115399129,0.9042307115399129,0.9142307115399129,0.8742307115399128,0.8742307115399128,0.8742307115399128,0.8842307115399128,0.9042307115399129,0.9142307115399129
188,0.8343774695161462,0.8343774695161462,0.8343774695161462,0.8343774695161462,0.8343774695161462,0.8243774695161462,0.8243774695161462,0.8143774695161462,0.8243774695161462,0.8243774695161462,0.8343774695161462,0.8443774695161462,0.8543774695161462
189,0.8728960809335258,0.8728960809335258,0.8728960809335258,0.9028960809335258,0.9028960809335258,0.8878960809335258,0.8978960809335258,0.9078960809335258,0.8978960809335258,0.8978960809335258,0.8978960809335258,0.8978960809335258,0.8978960809335258
190,0.8975961777103039,0.9275961777103039,0.9075961777103039,0.8875961777103039,0.8775961777103038,0.8675961777103038,0.8825961777103039,0.8925961777103039,0.9125961777103039,0.9125961777103039,0.9025961777103039,0.8725961777103038,0.8725961777103038
191,0.7995030406429238,0.7895030406429238,0.7895030406429238,0.7695030406429237,0.7695030406429237,0.7895030406429238,0.7595030406429237,0.7595030406429237,0.7595030406429237,0.7695030406429237,0.7695030406429237,0.7695030406429237,0.7695030406429237
192,0.9164254053278391,0.9264254053278391,0.9264254053278391,0.9264254053278391,0.9464254053278391,0.9364254053278391,0.9264254053278391,0.9364254053278391,0.9364254053278391,0.9264254053278391,0.9264254053278391,0.9264254053278391,0.9364254053278391
193,0.8679264517492457,0.8679264517492457,0.8679264517492457,0.8579264517492456,0.8479264517492456,0.8479264517492456,0.8379264517492456,0.8379264517492456,0.8279264517492456,0.8329264517492456,0.8429264517492456,0.8429264517492456,0.8429264517492456
194,0.7429470856297801,0.7429470856297801,0.7429470856297801,0.7429470856297801,0.7429470856297801,0.7329470856297801,0.7679470856297801,0.7879470856297801,0.7779470856297801,0.7779470856297801,0.7779470856297801,0.7879470856297801,0.7879470856297801
195,0.8850268161106186,0.8850268161106186,0.8750268161106186,0.8750268161106186,0.8750268161106186,0.8750268161106186,0.8750268161106186,0.8750268161106186,0.8750268161106186,0.8750268161106186,0.8850268161106186,0.8950268161106186,0.8750268161106186
196,0.836181573148868,0.836181573148868,0.836181573148868,0.836181573148868,0.846181573148868,0.846181573148868,0.856181573148868,0.836181573148868,0.856181573148868,0.866181573148868,0.856181573148868,0.876181573148868,0.866181573148868
197,0.8541864642466928,0.8541864642466928,0.8541864642466928,0.8641864642466928,0.8541864642466928,0.8541864642466928,0.8541864642466928,0.8541864642466928,0.8541864642466928,0.8541864642466928,0.8641864642466928,0.8741864642466928,0.8741864642466928
198,0.8459732875604179,0.8559732875604179,0.8559732875604179,0.8659732875604179,0.8559732875604179,0.8559732875604179,0.8559732875604179,0.8559732875604179,0.8559732875604179,0.8559732875604179,0.8659732875604179,0.8359732875604179,0.8359732875604179
199,0.871087869321309,0.871087869321309,0.851087869321309,0.841087869321309,0.831087869321309,0.836087869321309,0.836087869321309,0.836087869321309,0.856087869321309,0.856087869321309,0.836087869321309,0.846087869321309,0.846087869321309
200,0.8365745544462653,0.8565745544462653,0.8315745544462653,0.8315745544462653,0.8315745544462653,0.8515745544462653,0.8715745544462653,0.8615745544462653,0.8615745544462653,0.8615745544462653,0.8515745544462653,0.8515745544462653,0.8515745544462653
201,0.8858668672557081,0.8758668672557081,0.8758668672557081,0.8858668672557081,0.8858668672557081,0.8758668672557081,0.845866867255708,0.845866867255708,0.850866867255708,0.860866867255708,0.860866867255708,0.870866867255708,0.870866867255708
202,0.9043163931206362,0.9043163931206362,0.9043163931206362,0.8943163931206362,0.8843163931206361,0.8843163931206361,0.8843163931206361,0.8843163931206361,0.8843163931206361,0.8743163931206361,0.8643163931206361,0.8643163931206361,0.8643163931206361
203,0.8788788879679204,0.8788788879679204,0.8788788879679204,0.8788788879679204,0.8788788879679204,0.8788788879679204,0.8788788879679204,0.8788788879679204,0.8688788879679203,0.8688788879679203,0.9088788879679204,0.9088788879679204,0.8988788879679204
204,0.9069888714760707,0.9069888714760707,0.9069888714760707,0.8869888714760706,0.9069888714760707,0.9069888714760707,0.8869888714760706,0.8769888714760706,0.8869888714760706,0.8869888714760706,0.8969888714760706,0.8969888714760706,0.8969888714760706
205,0.89368589796925,0.89368589796925,0.89368589796925,0.87368589796925,0.86368589796925,0.87868589796925,0.87868589796925,0.85868589796925,0.86868589796925,0.87868589796925,0.85868589796925,0.85868589796925,0.85868589796925
206,0.8947347441994371,0.8947347441994371,0.8947347441994371,0.8947347441994371,0.9047347441994371,0.8947347441994371,0.8947347441994371,0.8847347441994371,0.8847347441994371,0.8747347441994371,0.8647347441994371,0.8747347441994371,0.8747347441994371
207,0.9231464558277223,0.9331464558277223,0.9431464558277223,0.9431464558277223,0.9431464558277223,0.9531464558277223,0.9631464558277223,0.9531464558277223,0.9631464558277223,0.9631464558277223,0.9631464558277223,0.9581464558277223,0.9581464558277223
208,0.9032671687930187,0.9132671687930187,0.9132671687930187,0.9132671687930187,0.9232671687930187,0.9332671687930187,0.9332671687930187,0.9232671687930187,0.9232671687930187,0.9432671687930188,0.9432671687930188,0.9382671687930187,0.9482671687930188
209,0.9347413027007777,0.9447413027007777,0.9347413027007777,0.9447413027007777,0.9447413027007777,0.9547413027007777,0.9347413027007777,0.9347413027007777,0.9447413027007777,0.9347413027007777,0.9247413027007777,0.9147413027007777,0.9147413027007777
210,0.853642771773298,0.8436427717732979,0.8336427717732979,0.8436427717732979,0.873642771773298,0.873642771773298,0.863642771773298,0.863642771773298,0.853642771773298,0.8436427717732979,0.8436427717732979,0.8436427717732979,0.8236427717732979
211,0.9166335710227036,0.9266335710227036,0.9366335710227036,0.9566335710227036,0.9566335710227036,0.9566335710227036,0.9566335710227036,0.9516335710227036,0.9516335710227036,0.9416335710227036,0.9516335710227036,0.9416335710227036,0.9216335710227036
212,0.9199689806796828,0.9299689806796828,0.9399689806796828,0.9099689806796828,0.9199689806796828,0.9199689806796828,0.9099689806796828,0.9299689806796828,0.9299689806796828,0.9199689806796828,0.9199689806796828,0.9299689806796828,0.9399689806796828
213,0.86572208840634,0.86572208840634,0.85572208840634,0.84572208840634,0.83572208840634,0.82572208840634,0.82572208840634,0.84572208840634,0.84572208840634,0.84572208840634,0.85572208840634,0.84572208840634,0.86572208840634
214,0.8966892208817249,0.8966892208817249,0.8966892208817249,0.8966892208817249,0.9066892208817249,0.8866892208817249,0.8766892208817249,0.8866892208817249,0.9066892208817249,0.9066892208817249,0.9066892208817249,0.9066892208817249,0.9166892208817249
215,0.8950849406199275,0.9050849406199275,0.9050849406199275,0.9050849406199275,0.8750849406199275,0.8750849406199275,0.8750849406199275,0.8850849406199275,0.8750849406199275,0.8650849406199275,0.8650849406199275,0.8650849406199275,0.8800849406199275
216,0.8820568014193222,0.8920568014193222,0.9020568014193222,0.8820568014193222,0.8720568014193222,0.8820568014193222,0.8920568014193222,0.8820568014193222,0.8820568014193222,0.8820568014193222,0.8620568014193222,0.8920568014193222,0.8820568014193222
217,0.8704228873835633,0.8804228873835633,0.8804228873835633,0.8904228873835633,0.8804228873835633,0.8904228873835633,0.9004228873835634,0.8804228873835633,0.8604228873835633,0.8604228873835633,0.8604228873835633,0.8804228873835633,0.8804228873835633
218,0.8407240607906807,0.8207240607906807,0.8207240607906807,0.8107240607906807,0.8107240607906807,0.8107240607906807,0.8107240607906807,0.8207240607906807,0.8107240607906807,0.8107240607906807,0.8107240607906807,0.8307240607906807,0.8307240607906807
219,0.9017376901480693,0.8917376901480693,0.9217376901480693,0.9217376901480693,0.9117376901480693,0.9117376901480693,0.9117376901480693,0.9317376901480693,0.9417376901480693,0.9367376901480693,0.9267376901480693,0.9167376901480693,0.9167376901480693
220,0.8482581263147385,0.8482581263147385,0.8482581263147385,0.8482581263147385,0.8382581263147385,0.8182581263147385,0.8282581263147385,0.8182581263147385,0.8282581263147385,0.8082581263147385,0.8132581263147385,0.8232581263147385,0.8132581263147385
221,0.8463384017251211,0.8463384017251211,0.8463384017251211,0.8563384017251211,0.8763384017251211,0.8763384017251211,0.8613384017251211,0.8813384017251211,0.8713384017251211,0.8713384017251211,0.8713384017251211,0.8713384017251211,0.8813384017251211
222,0.8688414444650742,0.8688414444650742,0.8388414444650741,0.8388414444650741,0.8388414444650741,0.8488414444650741,0.8588414444650742,0.8588414444650742,0.8788414444650742,0.8888414444650742,0.9088414444650742,0.9088414444650742,0.9038414444650742
223,0.8964383119130541,0.8964383119130541,0.9264383119130541,0.9264383119130541,0.9264383119130541,0.9164383119130541,0.9264383119130541,0.9264383119130541,0.9264383119130541,0.9364383119130542,0.9364383119130542,0.9264383119130541,0.9264383119130541
224,0.8091190882822337,0.8091190882822337,0.8191190882822337,0.8091190882822337,0.8091190882822337,0.7891190882822336,0.7891190882822336,0.7891190882822336,0.7991190882822337,0.8091190882822337,0.8191190882822337,0.8291190882822337,0.8391190882822337
225,0.8473683627023997,0.8673683627023997,0.8673683627023997,0.8573683627023997,0.8573683627023997,0.8673683627023997,0.8673683627023997,0.8673683627023997,0.8573683627023997,0.8573683627023997,0.8473683627023997,0.8473683627023997,0.8573683627023997
226,0.8752144880860608,0.8752144880860608,0.8552144880860608,0.8552144880860608,0.8452144880860608,0.8552144880860608,0.8552144880860608,0.8552144880860608,0.8552144880860608,0.8752144880860608,0.8852144880860608,0.8752144880860608,0.8852144880860608
227,0.896358266018268,0.906358266018268,0.916358266018268,0.936358266018268,0.916358266018268,0.926358266018268,0.936358266018268,0.936358266018268,0.931358266018268,0.931358266018268,0.921358266018268,0.901358266018268,0.901358266018268
228,0.9583987405085619,0.9483987405085619,0.9583987405085619,0.9283987405085619,0.9183987405085619,0.9183987405085619,0.9183987405085619,0.9383987405085619,0.9383987405085619,0.9383987405085619,0.9383987405085619,0.9283987405085619,0.9183987405085619
229,0.8919853782373113,0.8819853782373113,0.8719853782373113,0.8619853782373113,0.8619853782373113,0.8819853782373113,0.8819853782373113,0.8519853782373112,0.8569853782373112,0.8469853782373112,0.8469853782373112,0.8469853782373112,0.8569853782373112
230,0.8683914993634753,0.8783914993634753,0.8783914993634753,0.8883914993634753,0.8783914993634753,0.8983914993634753,0.8833914993634753,0.8833914993634753,0.8833914993634753,0.9033914993634753,0.9033914993634753,0.8933914993634753,0.8833914993634753
231,0.8836400412769426,0.9036400412769426,0.9036400412769426,0.8736400412769426,0.8836400412769426,0.8836400412769426,0.9036400412769426,0.8936400412769426,0.9036400412769426,0.9136400412769426,0.9136400412769426,0.9036400412769426,0.9036400412769426
232,0.9148522609892803,0.9048522609892803,0.8948522609892803,0.9048522609892803,0.9048522609892803,0.9148522609892803,0.8948522609892803,0.9148522609892803,0.9048522609892803,0.9048522609892803,0.9048522609892803,0.9048522609892803,0.9148522609892803
233,0.8574967176156009,0.8574967176156009,0.8574967176156009,0.8574967176156009,0.8474967176156009,0.8374967176156008,0.8374967176156008,0.8374967176156008,0.8274967176156008,0.8374967176156008,0.8174967176156008,0.8174967176156008,0.8274967176156008
234,0.8635726781938203,0.8735726781938203,0.8735726781938203,0.9035726781938204,0.8835726781938203,0.9035726781938204,0.8835726781938203,0.8835726781938203,0.8835726781938203,0.8835726781938203,0.8635726781938203,0.8635726781938203,0.8535726781938203
235,0.8257348414431481,0.8357348414431481,0.8257348414431481,0.8057348414431481,0.8307348414431481,0.8307348414431481,0.8307348414431481,0.8307348414431481,0.8307348414431481,0.8307348414431481,0.8307348414431481,0.8307348414431481,0.8307348414431481
236,0.8837498980408768,0.8737498980408768,0.8837498980408768,0.8837498980408768,0.8737498980408768,0.8837498980408768,0.8837498980408768,0.8937498980408768,0.9037498980408768,0.8937498980408768,0.8837498980408768,0.8837498980408768,0.8937498980408768
237,0.8967517655136927,0.8967517655136927,0.9067517655136927,0.9067517655136927,0.9267517655136928,0.9267517655136928,0.9367517655136928,0.9317517655136928,0.9217517655136928,0.9117517655136927,0.9117517655136927,0.9117517655136927,0.9217517655136928
238,0.901840698562947,0.901840698562947,0.911840698562947,0.921840698562947,0.911840698562947,0.901840698562947,0.901840698562947,0.891840698562947,0.901840698562947,0.901840698562947,0.871840698562947,0.881840698562947,0.861840698562947
239,0.8415740932054785,0.8515740932054785,0.8515740932054785,0.8515740932054785,0.8515740932054785,0.8515740932054785,0.8415740932054785,0.8615740932054785,0.8515740932054785,0.8515740932054785,0.8715740932054785,0.8815740932054785,0.8815740932054785
240,0.8733398382685297,0.8733398382685297,0.8633398382685297,0.8733398382685297,0.8833398382685297,0.8833398382685297,0.8733398382685297,0.8833398382685297,0.8933398382685297,0.9033398382685297,0.8883398382685297,0.9083398382685297,0.8983398382685297
241,0.862281633492977,0.842281633492977,0.842281633492977,0.832281633492977,0.842281633492977,0.842281633492977,0.832281633492977,0.832281633492977,0.832281633492977,0.832281633492977,0.832281633492977,0.832281633492977,0.852281633492977
242,0.8904180279229787,0.9104180279229788,0.9304180279229788,0.9104180279229788,0.9204180279229788,0.9204180279229788,0.9104180279229788,0.8904180279229787,0.8904180279229787,0.8704180279229787,0.8704180279229787,0.8804180279229787,0.8604180279229787
243,0.8902512941646799,0.8802512941646798,0.8902512941646799,0.8802512941646798,0.8802512941646798,0.8802512941646798,0.8602512941646798,0.8602512941646798,0.8602512941646798,0.8602512941646798,0.8602512941646798,0.8602512941646798,0.8602512941646798
244,0.8366131076408544,0.8666131076408544,0.8766131076408544,0.8666131076408544,0.8466131076408544,0.8566131076408544,0.8566131076408544,0.8466131076408544,0.8266131076408544,0.8266131076408544,0.8066131076408544,0.8216131076408544,0.8216131076408544
245,0.8883927307969199,0.8883927307969199,0.8783927307969199,0.8883927307969199,0.89839273079692,0.91839273079692,0.90339273079692,0.90339273079692,0.8933927307969199,0.8833927307969199,0.8833927307969199,0.8733927307969199,0.8733927307969199
246,0.7947252759663077,0.8047252759663077,0.8147252759663077,0.8047252759663077,0.8047252759663077,0.8047252759663077,0.8247252759663077,0.8147252759663077,0.8147252759663077,0.7947252759663077,0.8047252759663077,0.7947252759663077,0.8047252759663077
247,0.8579357594021312,0.8379357594021312,0.8379357594021312,0.8179357594021311,0.8379357594021312,0.8479357594021312,0.8479357594021312,0.8479357594021312,0.8379357594021312,0.8279357594021312,0.8279357594021312,0.8279357594021312,0.8279357594021312
248,0.8483079808349213,0.8583079808349213,0.8583079808349213,0.8583079808349213,0.8683079808349213,0.8683079808349213,0.8583079808349213,0.8583079808349213,0.8683079808349213,0.8683079808349213,0.8883079808349214,0.8883079808349214,0.8683079808349213
249,0.8248983336741357,0.8248983336741357,0.8248983336741357,0.8148983336741357,0.8248983336741357,0.8248983336741357,0.8148983336741357,0.8048983336741357,0.8148983336741357,0.7948983336741356,0.8098983336741357,0.8098983336741357,0.8098983336741357
250,0.8431659761256357,0.8431659761256357,0.8531659761256357,0.8531659761256357,0.8531659761256357,0.8631659761256357,0.8831659761256357,0.8731659761256357,0.8731659761256357,0.8631659761256357,0.8631659761256357,0.8631659761256357,0.8431659761256357
251,0.857528518710449,0.857528518710449,0.857528518710449,0.857528518710449,0.867528518710449,0.897528518710449,0.892528518710449,0.882528518710449,0.882528518710449,0.892528518710449,0.882528518710449,0.862528518710449,0.842528518710449
252,0.8993348932696039,0.9093348932696039,0.9093348932696039,0.8993348932696039,0.9193348932696039,0.8993348932696039,0.9193348932696039,0.9093348932696039,0.8993348932696039,0.8993348932696039,0.8993348932696039,0.929334893269604,0.9193348932696039
253,0.9229692558553707,0.9129692558553707,0.8929692558553707,0.9079692558553707,0.9179692558553707,0.9179692558553707,0.9079692558553707,0.8879692558553707,0.8979692558553707,0.8979692558553707,0.8979692558553707,0.9079692558553707,0.9079692558553707
254,0.8682948591704316,0.8782948591704316,0.8782948591704316,0.8682948591704316,0.8682948591704316,0.8782948591704316,0.8682948591704316,0.8682948591704316,0.8682948591704316,0.8382948591704316,0.8282948591704316,0.8382948591704316,0.8582948591704316
255,0.863066687329357,0.863066687329357,0.833066687329357,0.833066687329357,0.833066687329357,0.833066687329357,0.833066687329357,0.848066687329357,0.848066687329357,0.858066687329357,0.868066687329357,0.868066687329357,0.878066687329357
256,0.8817249610871619,0.8817249610871619,0.8817249610871619,0.8717249610871619,0.8917249610871619,0.8817249610871619,0.8817249610871619,0.8917249610871619,0.8917249610871619,0.8917249610871619,0.911724961087162,0.9017249610871619,0.8917249610871619
257,0.8436608987459303,0.8436608987459303,0.8336608987459303,0.8336608987459303,0.8236608987459303,0.8136608987459303,0.8136608987459303,0.8436608987459303,0.8236608987459303,0.8136608987459303,0.8036608987459303,0.8086608987459303,0.8086608987459303
258,0.903949040725014,0.883949040725014,0.893949040725014,0.883949040725014,0.883949040725014,0.883949040725014,0.883949040725014,0.873949040725014,0.873949040725014,0.888949040725014,0.878949040725014,0.898949040725014,0.898949040725014
259,0.887071264615747,0.897071264615747,0.907071264615747,0.907071264615747,0.897071264615747,0.9170712646157471,0.9170712646157471,0.9270712646157471,0.9270712646157471,0.9220712646157471,0.9220712646157471,0.9120712646157471,0.9120712646157471
260,0.8653030070738542,0.8753030070738542,0.8753030070738542,0.8753030070738542,0.8753030070738542,0.8653030070738542,0.8953030070738542,0.8953030070738542,0.8753030070738542,0.8653030070738542,0.8653030070738542,0.8653030070738542,0.8653030070738542
261,0.8661209668463952,0.8661209668463952,0.8761209668463952,0.8661209668463952,0.8561209668463952,0.8561209668463952,0.8561209668463952,0.8661209668463952,0.8461209668463952,0.8361209668463951,0.8361209668463951,0.8261209668463951,0.8361209668463951
262,0.925332954888816,0.925332954888816,0.925332954888816,0.925332954888816,0.925332954888816,0.935332954888816,0.9153329548888159,0.8953329548888159,0.8953329548888159,0.8953329548888159,0.8853329548888159,0.9053329548888159,0.925332954888816
263,0.919122656286604,0.959122656286604,0.959122656286604,0.949122656286604,0.949122656286604,0.934122656286604,0.934122656286604,0.944122656286604,0.954122656286604,0.954122656286604,0.954122656286604,0.954122656286604,0.944122656286604
264,0.8718002454238383,0.8618002454238383,0.8618002454238383,0.8518002454238383,0.8518002454238383,0.8518002454238383,0.8418002454238382,0.8418002454238382,0.8568002454238383,0.8568002454238383,0.8468002454238382,0.8568002454238383,0.8868002454238383
265,0.8832972936909917,0.8732972936909917,0.8732972936909917,0.8732972936909917,0.8732972936909917,0.8432972936909917,0.8632972936909917,0.8632972936909917,0.8432972936909917,0.8432972936909917,0.8532972936909917,0.8432972936909917,0.8432972936909917
266,0.8578760479393258,0.8578760479393258,0.8478760479393258,0.8478760479393258,0.8478760479393258,0.8478760479393258,0.8578760479393258,0.8578760479393258,0.8578760479393258,0.8678760479393258,0.8678760479393258,0.8578760479393258,0.8578760479393258
267,0.8837016671310985,0.8837016671310985,0.8737016671310985,0.8737016671310985,0.8837016671310985,0.8837016671310985,0.8737016671310985,0.8737016671310985,0.8737016671310985,0.8937016671310986,0.9037016671310986,0.9037016671310986,0.9037016671310986
268,0.8958777756410028,0.9058777756410028,0.9158777756410028,0.9158777756410028,0.9158777756410028,0.9058777756410028,0.8958777756410028,0.8958777756410028,0.8958777756410028,0.9058777756410028,0.9058777756410028,0.9058777756410028,0.9058777756410028
269,0.8693519594028364,0.8693519594028364,0.8593519594028364,0.8593519594028364,0.8693519594028364,0.8793519594028364,0.8793519594028364,0.8693519594028364,0.8693519594028364,0.8593519594028364,0.8793519594028364,0.8793519594028364,0.8793519594028364
270,0.9161227192190255,0.9361227192190256,0.9461227192190256,0.9361227192190256,0.9261227192190256,0.9361227192190256,0.9361227192190256,0.9461227192190256,0.9361227192190256,0.9261227192190256,0.9261227192190256,0.9261227192190256,0.9261227192190256
271,0.8293454522779468,0.8193454522779468,0.8293454522779468,0.8293454522779468,0.8193454522779468,0.8093454522779467,0.7893454522779467,0.7993454522779467,0.7893454522779467,0.7993454522779467,0.7993454522779467,0.7993454522779467,0.8193454522779468
272,0.8821626670748817,0.9021626670748817,0.9021626670748817,0.9021626670748817,0.9021626670748817,0.8921626670748817,0.8921626670748817,0.8821626670748817,0.8821626670748817,0.8821626670748817,0.8821626670748817,0.8821626670748817,0.8721626670748817
273,0.8800036538858595,0.8700036538858595,0.8800036538858595,0.8800036538858595,0.8800036538858595,0.8900036538858596,0.8900036538858596,0.8800036538858595,0.8800036538858595,0.8900036538858596,0.9000036538858596,0.9000036538858596,0.8900036538858596
274,0.8781156090238735,0.8781156090238735,0.8681156090238735,0.8681156090238735,0.8681156090238735,0.8681156090238735,0.8681156090238735,0.8881156090238735,0.8881156090238735,0.8781156090238735,0.8881156090238735,0.8881156090238735,0.8681156090238735
275,0.8825217497674657,0.8825217497674657,0.8825217497674657,0.9025217497674657,0.9125217497674657,0.9225217497674657,0.9125217497674657,0.8975217497674657,0.8975217497674657,0.8975217497674657,0.8975217497674657,0.9075217497674657,0.9175217497674657
276,0.8787196729555475,0.8887196729555475,0.8787196729555475,0.8887196729555475,0.8787196729555475,0.8787196729555475,0.8787196729555475,0.8787196729555475,0.8787196729555475,0.8887196729555475,0.8687196729555475,0.8587196729555475,0.8687196729555475
277,0.9108952311459361,0.9208952311459361,0.9208952311459361,0.9208952311459361,0.9208952311459361,0.9108952311459361,0.9308952311459361,0.9308952311459361,0.9058952311459361,0.9058952311459361,0.9358952311459361,0.9358952311459361,0.9358952311459361
278,0.8702230794144739,0.8602230794144738,0.8502230794144738,0.8502230794144738,0.8402230794144738,0.8302230794144738,0.8302230794144738,0.8302230794144738,0.8302230794144738,0.8352230794144738,0.8452230794144738,0.8652230794144739,0.8952230794144739
279,0.9071021826970396,0.8971021826970396,0.8971021826970396,0.9071021826970396,0.8871021826970396,0.8971021826970396,0.8971021826970396,0.9171021826970396,0.9371021826970396,0.9371021826970396,0.9371021826970396,0.9271021826970396,0.9271021826970396
280,0.913488808634725,0.9434888086347251,0.9434888086347251,0.9434888086347251,0.928488808634725,0.928488808634725,0.918488808634725,0.918488808634725,0.928488808634725,0.9484888086347251,0.9484888086347251,0.9484888086347251,0.9384888086347251
281,0.8447771900692947,0.8447771900692947,0.8647771900692948,0.8547771900692948,0.8547771900692948,0.8547771900692948,0.8747771900692948,0.8547771900692948,0.8547771900692948,0.8647771900692948,0.8447771900692947,0.8447771900692947,0.8847771900692948
282,0.8965208176941935,0.9065208176941935,0.8965208176941935,0.8865208176941934,0.8965208176941935,0.8965208176941935,0.8965208176941935,0.8965208176941935,0.9165208176941935,0.9165208176941935,0.9165208176941935,0.9165208176941935,0.9165208176941935
283,0.8372293283611303,0.8672293283611303,0.8522293283611303,0.8522293283611303,0.8422293283611303,0.8222293283611303,0.8222293283611303,0.8422293283611303,0.8422293283611303,0.8322293283611303,0.8322293283611303,0.8422293283611303,0.8422293283611303
284,0.9098787589696983,0.9198787589696983,0.9498787589696983,0.9498787589696983,0.9448787589696983,0.9348787589696983,0.9248787589696983,0.9148787589696983,0.9148787589696983,0.8948787589696983,0.8948787589696983,0.8848787589696983,0.8648787589696982
285,0.9187005093778334,0.9187005093778334,0.9087005093778334,0.8987005093778334,0.9087005093778334,0.9087005093778334,0.9087005093778334,0.9087005093778334,0.9287005093778334,0.9287005093778334,0.9287005093778334,0.9387005093778334,0.9387005093778334
286,0.9179347349006535,0.9479347349006535,0.9479347349006535,0.9479347349006535,0.9579347349006535,0.9479347349006535,0.9279347349006535,0.9279347349006535,0.9479347349006535,0.9079347349006535,0.9079347349006535,0.9079347349006535,0.9179347349006535
287,0.8590241435411783,0.8690241435411783,0.8490241435411783,0.8590241435411783,0.8490241435411783,0.8490241435411783,0.8490241435411783,0.8490241435411783,0.8390241435411783,0.8640241435411783,0.8640241435411783,0.8640241435411783,0.8640241435411783
288,0.8227449685292958,0.8227449685292958,0.8127449685292958,0.8027449685292958,0.8277449685292958,0.8277449685292958,0.8377449685292958,0.8377449685292958,0.8377449685292958,0.8277449685292958,0.8477449685292958,0.8477449685292958,0.8477449685292958
289,0.8583054133364091,0.8483054133364091,0.8483054133364091,0.8483054133364091,0.8483054133364091,0.8683054133364091,0.8683054133364091,0.8683054133364091,0.8683054133364091,0.8783054133364091,0.8683054133364091,0.8683054133364091,0.8983054133364091
290,0.9138284433473847,0.8938284433473846,0.8938284433473846,0.8738284433473846,0.8738284433473846,0.8788284433473846,0.8788284433473846,0.8888284433473846,0.8888284433473846,0.8788284433473846,0.8788284433473846,0.8788284433473846,0.8788284433473846
291,0.8912413175970604,0.8712413175970604,0.8812413175970604,0.9012413175970604,0.9012413175970604,0.9012413175970604,0.8912413175970604,0.9112413175970604,0.9112413175970604,0.9112413175970604,0.9112413175970604,0.9112413175970604,0.9312413175970604
292,0.879963512133601,0.889963512133601,0.879963512133601,0.869963512133601,0.869963512133601,0.869963512133601,0.859963512133601,0.839963512133601,0.849963512133601,0.839963512133601,0.839963512133601,0.844963512133601,0.854963512133601
293,0.882923079368082,0.872923079368082,0.882923079368082,0.872923079368082,0.872923079368082,0.842923079368082,0.842923079368082,0.842923079368082,0.847923079368082,0.847923079368082,0.847923079368082,0.847923079368082,0.857923079368082
294,0.9026826665212335,0.9026826665212335,0.9026826665212335,0.8926826665212335,0.8826826665212335,0.8826826665212335,0.8926826665212335,0.8926826665212335,0.8726826665212335,0.8826826665212335,0.8726826665212335,0.8826826665212335,0.8826826665212335
295,0.8972514500817396,0.9172514500817396,0.9172514500817396,0.9172514500817396,0.9172514500817396,0.9072514500817396,0.8972514500817396,0.9072514500817396,0.9072514500817396,0.9372514500817396,0.9322514500817396,0.9222514500817396,0.9122514500817396
296,0.8436991083200094,0.8436991083200094,0.8336991083200094,0.8336991083200094,0.8436991083200094,0.8436991083200094,0.8436991083200094,0.8436991083200094,0.8436991083200094,0.8336991083200094,0.8436991083200094,0.8436991083200094,0.8636991083200094
297,0.8820405540491886,0.9120405540491886,0.8920405540491886,0.8920405540491886,0.8720405540491886,0.8820405540491886,0.8620405540491886,0.8620405540491886,0.8820405540491886,0.9020405540491886,0.9220405540491886,0.9120405540491886,0.9020405540491886
298,0.9220083024456314,0.9220083024456314,0.9420083024456314,0.9520083024456314,0.9620083024456314,0.9620083024456314,0.9520083024456314,0.9520083024456314,0.9420083024456314,0.9420083024456314,0.9420083024456314,0.9420083024456314,0.9420083024456314
299,0.8909320347457266,0.8909320347457266,0.8909320347457266,0.9109320347457266,0.9109320347457266,0.9309320347457266,0.9309320347457266,0.9309320347457266,0.9209320347457266,0.9209320347457266,0.9009320347457266,0.9009320347457266,0.8909320347457266
300,0.8856710364799807,0.8856710364799807,0.8756710364799807,0.8756710364799807,0.8756710364799807,0.8656710364799807,0.8556710364799807,0.8556710364799807,0.8556710364799807,0.8756710364799807,0.8556710364799807,0.8706710364799807,0.8706710364799807
301,0.8500325985203345,0.8400325985203345,0.8300325985203345,0.8400325985203345,0.8400325985203345,0.8400325985203345,0.8600325985203345,0.8700325985203345,0.8700325985203345,0.8600325985203345,0.8700325985203345,0.8700325985203345,0.8400325985203345
302,0.8297080790418272,0.8297080790418272,0.8197080790418272,0.8197080790418272,0.8197080790418272,0.8197080790418272,0.8197080790418272,0.8197080790418272,0.8197080790418272,0.8097080790418272,0.8397080790418272,0.8497080790418272,0.8597080790418272
303,0.9058191456518682,0.9058191456518682,0.8958191456518682,0.8958191456518682,0.8958191456518682,0.8958191456518682,0.8858191456518681,0.8858191456518681,0.8858191456518681,0.8858191456518681,0.8758191456518681,0.8758191456518681,0.8908191456518681
304,0.8711116139539863,0.8711116139539863,0.9011116139539863,0.9011116139539863,0.8861116139539863,0.8961116139539863,0.8961116139539863,0.8961116139539863,0.8961116139539863,0.8961116139539863,0.8861116139539863,0.8961116139539863,0.8961116139539863
305,0.8520789174020874,0.8820789174020874,0.8670789174020874,0.8670789174020874,0.8770789174020874,0.8770789174020874,0.8870789174020874,0.8770789174020874,0.8770789174020874,0.8770789174020874,0.8870789174020874,0.8770789174020874,0.8670789174020874
306,0.8539902399448698,0.8439902399448698,0.8339902399448698,0.8439902399448698,0.8339902399448698,0.8139902399448697,0.8139902399448697,0.8139902399448697,0.8189902399448697,0.8289902399448698,0.8289902399448698,0.8389902399448698,0.8189902399448697
307,0.8822281495664221,0.8922281495664222,0.8922281495664222,0.8922281495664222,0.8922281495664222,0.8922281495664222,0.8922281495664222,0.8722281495664221,0.8622281495664221,0.8622281495664221,0.8622281495664221,0.8522281495664221,0.8672281495664221
308,0.9033434408459625,0.8933434408459625,0.8833434408459625,0.8933434408459625,0.8933434408459625,0.8833434408459625,0.8833434408459625,0.8833434408459625,0.9033434408459625,0.9033434408459625,0.8933434408459625,0.8933434408459625,0.9033434408459625
309,0.84901931873252,0.85901931873252,0.87901931873252,0.85901931873252,0.85901931873252,0.85901931873252,0.83901931873252,0.81901931873252,0.81901931873252,0.82901931873252,0.81901931873252,0.82901931873252,0.82901931873252
310,0.9074563313594196,0.9074563313594196,0.9074563313594196,0.9274563313594196,0.9274563313594196,0.9174563313594196,0.9174563313594196,0.9174563313594196,0.9074563313594196,0.9174563313594196,0.9174563313594196,0.9074563313594196,0.9074563313594196
311,0.9215462267993486,0.9015462267993486,0.8815462267993486,0.8815462267993486,0.8915462267993486,0.9115462267993486,0.9115462267993486,0.9115462267993486,0.9015462267993486,0.8915462267993486,0.9065462267993486,0.9065462267993486,0.9065462267993486
312,0.8719647822024151,0.8819647822024151,0.8819647822024151,0.8819647822024151,0.8619647822024151,0.8619647822024151,0.8919647822024152,0.8719647822024151,0.8919647822024152,0.8919647822024152,0.8669647822024151,0.9069647822024152,0.8969647822024152
313,0.9112376439022912,0.9112376439022912,0.8912376439022912,0.9012376439022912,0.9012376439022912,0.8812376439022912,0.8962376439022912,0.9062376439022912,0.9062376439022912,0.8762376439022912,0.8862376439022912,0.8862376439022912,0.8962376439022912
314,0.8998609317782599,0.9098609317782599,0.9098609317782599,0.9198609317782599,0.9098609317782599,0.8998609317782599,0.8998609317782599,0.8898609317782599,0.8898609317782599,0.8998609317782599,0.8998609317782599,0.8898609317782599,0.9098609317782599
315,0.8550397721169024,0.8650397721169024,0.8650397721169024,0.8650397721169024,0.8550397721169024,0.8550397721169024,0.8550397721169024,0.8850397721169024,0.8700397721169024,0.8800397721169024,0.8800397721169024,0.8900397721169024,0.8800397721169024
316,0.839725170409281,0.839725170409281,0.829725170409281,0.829725170409281,0.839725170409281,0.839725170409281,0.849725170409281,0.829725170409281,0.849725170409281,0.839725170409281,0.829725170409281,0.8097251704092809,0.8097251704092809
317,0.8561848850137145,0.8261848850137145,0.8261848850137145,0.8261848850137145,0.8261848850137145,0.8411848850137145,0.8411848850137145,0.8411848850137145,0.8111848850137144,0.8111848850137144,0.8111848850137144,0.8111848850137144,0.8111848850137144
318,0.8876187568742001,0.8976187568742001,0.8776187568742001,0.8776187568742001,0.8676187568742001,0.8576187568742001,0.8576187568742001,0.8476187568742001,0.8576187568742001,0.8576187568742001,0.8476187568742001,0.8526187568742001,0.8626187568742001
319,0.9017123737360858,0.9017123737360858,0.9117123737360858,0.9317123737360858,0.9417123737360859,0.9417123737360859,0.9417123737360859,0.9417123737360859,0.9417123737360859,0.9417123737360859,0.9317123737360858,0.9317123737360858,0.9167123737360858
320,0.9024607317779482,0.9124607317779482,0.9124607317779482,0.9124607317779482,0.9124607317779482,0.9024607317779482,0.9124607317779482,0.9224607317779482,0.9324607317779482,0.9424607317779482,0.9424607317779482,0.9424607317779482,0.9424607317779482
321,0.8622919987716371,0.8922919987716371,0.8922919987716371,0.8722919987716371,0.8922919987716371,0.8822919987716371,0.8822919987716371,0.8922919987716371,0.8922919987716371,0.8822919987716371,0.8622919987716371,0.8322919987716371,0.8322919987716371
322,0.8960967349442494,0.8960967349442494,0.8960967349442494,0.9260967349442494,0.9260967349442494,0.9110967349442494,0.9110967349442494,0.9010967349442494,0.9210967349442494,0.9210967349442494,0.9210967349442494,0.9210967349442494,0.9310967349442494
323,0.9335477788055828,0.9335477788055828,0.9335477788055828,0.9235477788055828,0.9135477788055828,0.9035477788055828,0.8935477788055828,0.8935477788055828,0.9135477788055828,0.8935477788055828,0.8985477788055828,0.8985477788055828,0.9185477788055828
324,0.8423323655083303,0.8423323655083303,0.8223323655083303,0.8223323655083303,0.8223323655083303,0.8223323655083303,0.8223323655083303,0.8123323655083303,0.8223323655083303,0.8223323655083303,0.8323323655083303,0.8223323655083303,0.8123323655083303
325,0.9186744116543774,0.9286744116543774,0.9386744116543774,0.9386744116543774,0.9386744116543774,0.9486744116543774,0.9586744116543774,0.9536744116543774,0.9536744116543774,0.9436744116543774,0.9236744116543774,0.9236744116543774,0.9236744116543774
326,0.8787409073419735,0.9187409073419736,0.9087409073419735,0.9087409073419735,0.8987409073419735,0.8987409073419735,0.8887409073419735,0.8887409073419735,0.8887409073419735,0.8987409073419735,0.8987409073419735,0.8787409073419735,0.8787409073419735
327,0.911297240342201,0.9212972403422011,0.9212972403422011,0.9212972403422011,0.911297240342201,0.911297240342201,0.911297240342201,0.9212972403422011,0.9212972403422011,0.9512972403422011,0.9462972403422011,0.9462972403422011,0.9362972403422011
328,0.8408689376566688,0.8608689376566688,0.8508689376566688,0.8508689376566688,0.8508689376566688,0.8508689376566688,0.8508689376566688,0.8708689376566688,0.8808689376566688,0.8708689376566688,0.8508689376566688,0.8408689376566688,0.8408689376566688
329,0.8783613234757336,0.8583613234757336,0.8583613234757336,0.8583613234757336,0.8583613234757336,0.8583613234757336,0.8583613234757336,0.8583613234757336,0.8483613234757336,0.8633613234757336,0.8533613234757336,0.8533613234757336,0.8433613234757336
330,0.8786001913253201,0.8886001913253201,0.8886001913253201,0.8586001913253201,0.8586001913253201,0.8586001913253201,0.84860019132532,0.8586001913253201,0.8686001913253201,0.8586001913253201,0.84860019132532,0.83860019132532,0.83860019132532
331,0.8871261315401108,0.8671261315401108,0.8671261315401108,0.8571261315401107,0.8571261315401107,0.8721261315401108,0.8721261315401108,0.8421261315401107,0.8421261315401107,0.8521261315401107,0.8521261315401107,0.8521261315401107,0.8521261315401107
332,0.8633640521947795,0.8433640521947795,0.8433640521947795,0.8433640521947795,0.8733640521947795,0.8633640521947795,0.8633640521947795,0.8733640521947795,0.8833640521947795,0.8933640521947795,0.8933640521947795,0.8833640521947795,0.9033640521947796
333,0.8844259925059323,0.8744259925059323,0.8744259925059323,0.8544259925059323,0.8544259925059323,0.8444259925059323,0.8494259925059323,0.8494259925059323,0.8494259925059323,0.8594259925059323,0.8494259925059323,0.8494259925059323,0.8494259925059323
334,0.9034309746681327,0.8934309746681327,0.8934309746681327,0.8934309746681327,0.8834309746681327,0.8834309746681327,0.8634309746681327,0.8634309746681327,0.8734309746681327,0.8934309746681327,0.8834309746681327,0.8934309746681327,0.8734309746681327
335,0.8758888620935733,0.8758888620935733,0.8758888620935733,0.8758888620935733,0.8658888620935733,0.8758888620935733,0.8658888620935733,0.8658888620935733,0.8858888620935733,0.8658888620935733,0.8458888620935733,0.8458888620935733,0.8358888620935733
336,0.9076899964188067,0.8976899964188066,0.8976899964188066,0.8976899964188066,0.8976899964188066,0.8976899964188066,0.8976899964188066,0.8976899964188066,0.8876899964188066,0.8976899964188066,0.8976899964188066,0.8976899964188066,0.8976899964188066
337,0.892767615002083,0.882767615002083,0.882767615002083,0.892767615002083,0.882767615002083,0.882767615002083,0.882767615002083,0.892767615002083,0.902767615002083,0.892767615002083,0.912767615002083,0.932767615002083,0.932767615002083
338,0.9156352838004336,0.9056352838004336,0.9156352838004336,0.9156352838004336,0.9256352838004336,0.9356352838004336,0.9056352838004336,0.9056352838004336,0.9056352838004336,0.9056352838004336,0.9256352838004336,0.9256352838004336,0.9356352838004336
339,0.8713384815909894,0.8813384815909894,0.8813384815909894,0.8813384815909894,0.8813384815909894,0.8713384815909894,0.8813384815909894,0.8813384815909894,0.8913384815909894,0.9013384815909894,0.9013384815909894,0.9113384815909894,0.9063384815909894
340,0.8627527928250107,0.8627527928250107,0.8627527928250107,0.8627527928250107,0.8527527928250107,0.8727527928250107,0.8727527928250107,0.8827527928250107,0.8927527928250107,0.8727527928250107,0.8727527928250107,0.8627527928250107,0.8627527928250107
341,0.8924189971306244,0.8824189971306244,0.8824189971306244,0.8924189971306244,0.8724189971306244,0.8624189971306244,0.8624189971306244,0.8624189971306244,0.8624189971306244,0.8624189971306244,0.8624189971306244,0.8724189971306244,0.8824189971306244
342,0.8723656355046637,0.8623656355046637,0.8323656355046637,0.8423656355046637,0.8423656355046637,0.8573656355046637,0.8773656355046637,0.8573656355046637,0.8573656355046637,0.8573656355046637,0.8573656355046637,0.8573656355046637,0.8373656355046637
343,0.906711735102899,0.896711735102899,0.886711735102899,0.886711735102899,0.886711735102899,0.886711735102899,0.886711735102899,0.886711735102899,0.876711735102899,0.866711735102899,0.866711735102899,0.871711735102899,0.881711735102899
344,0.91415398314758,0.91415398314758,0.92415398314758,0.92415398314758,0.92415398314758,0.91415398314758,0.91415398314758,0.91415398314758,0.90415398314758,0.89415398314758,0.90415398314758,0.88415398314758,0.89415398314758
345,0.8996315513353684,0.8996315513353684,0.9096315513353684,0.9096315513353684,0.9096315513353684,0.9196315513353684,0.9296315513353685,0.9296315513353685,0.9296315513353685,0.9296315513353685,0.9396315513353685,0.9296315513353685,0.9196315513353684
346,0.8250746508451259,0.8250746508451259,0.8250746508451259,0.8150746508451259,0.8250746508451259,0.8250746508451259,0.8150746508451259,0.8250746508451259,0.8150746508451259,0.8150746508451259,0.8150746508451259,0.8250746508451259,0.8250746508451259
347,0.89058439373327,0.89058439373327,0.89058439373327,0.90058439373327,0.90058439373327,0.90058439373327,0.90058439373327,0.88058439373327,0.88058439373327,0.91058439373327,0.91058439373327,0.91058439373327,0.91058439373327
348,0.870411848178862,0.870411848178862,0.900411848178862,0.890411848178862,0.890411848178862,0.900411848178862,0.890411848178862,0.870411848178862,0.850411848178862,0.860411848178862,0.870411848178862,0.880411848178862,0.890411848178862
349,0.8591596586484802,0.8991596586484802,0.8891596586484802,0.8991596586484802,0.8941596586484802,0.8841596586484802,0.8641596586484802,0.8841596586484802,0.8741596586484802,0.8641596586484802,0.8641596586484802,0.8641596586484802,0.8541596586484802
350,0.9070073835775533,0.8870073835775533,0.8970073835775533,0.9170073835775533,0.9170073835775533,0.9170073835775533,0.9170073835775533,0.9070073835775533,0.9070073835775533,0.9270073835775533,0.9270073835775533,0.9270073835775533,0.9270073835775533
351,0.8580876574880668,0.8680876574880668,0.8680876574880668,0.8680876574880668,0.8780876574880668,0.8680876574880668,0.8580876574880668,0.8580876574880668,0.8580876574880668,0.8580876574880668,0.8580876574880668,0.8580876574880668,0.8480876574880668
352,0.8353048974387788,0.8353048974387788,0.8253048974387788,0.8253048974387788,0.8253048974387788,0.8353048974387788,0.8253048974387788,0.7953048974387787,0.7953048974387787,0.8153048974387788,0.8153048974387788,0.8153048974387788,0.8053048974387788
353,0.88501613359555,0.88501613359555,0.89501613359555,0.90501613359555,0.90501613359555,0.89501613359555,0.88501613359555,0.90501613359555,0.88001613359555,0.88001613359555,0.89001613359555,0.89001613359555,0.89001613359555
354,0.9197421284589316,0.9197421284589316,0.9297421284589316,0.9297421284589316,0.9197421284589316,0.9197421284589316,0.9097421284589315,0.9097421284589315,0.8997421284589315,0.8897421284589315,0.9097421284589315,0.8897421284589315,0.8897421284589315
355,0.9017876278576198,0.8917876278576198,0.8917876278576198,0.8917876278576198,0.8917876278576198,0.8917876278576198,0.8917876278576198,0.8917876278576198,0.8917876278576198,0.8917876278576198,0.9117876278576198,0.9117876278576198,0.8817876278576198
356,0.914080273563069,0.914080273563069,0.914080273563069,0.914080273563069,0.914080273563069,0.894080273563069,0.894080273563069,0.904080273563069,0.904080273563069,0.904080273563069,0.894080273563069,0.924080273563069,0.914080273563069
357,0.8927817544496992,0.8927817544496992,0.8727817544496992,0.8827817544496992,0.8827817544496992,0.8927817544496992,0.9027817544496992,0.8927817544496992,0.8827817544496992,0.8827817544496992,0.8827817544496992,0.8527817544496992,0.8527817544496992
358,0.9012715212668378,0.9012715212668378,0.9012715212668378,0.9112715212668379,0.8912715212668378,0.9312715212668379,0.9212715212668379,0.9212715212668379,0.9212715212668379,0.9212715212668379,0.9212715212668379,0.9312715212668379,0.9312715212668379
359,0.9007713511753401,0.8907713511753401,0.9007713511753401,0.9207713511753401,0.9107713511753401,0.9107713511753401,0.9107713511753401,0.9207713511753401,0.9207713511753401,0.9207713511753401,0.9207713511753401,0.9007713511753401,0.8807713511753401
360,0.8514799782447037,0.8514799782447037,0.8714799782447037,0.8614799782447037,0.8614799782447037,0.8614799782447037,0.8414799782447037,0.8514799782447037,0.8514799782447037,0.8614799782447037,0.8714799782447037,0.8614799782447037,0.8614799782447037
361,0.9005410183952801,0.9005410183952801,0.9005410183952801,0.9005410183952801,0.9005410183952801,0.8805410183952801,0.8705410183952801,0.8705410183952801,0.8805410183952801,0.8705410183952801,0.8705410183952801,0.8855410183952801,0.8855410183952801
362,0.8262509294078315,0.8362509294078315,0.8362509294078315,0.8362509294078315,0.8162509294078315,0.8362509294078315,0.8462509294078315,0.8462509294078315,0.8462509294078315,0.8462509294078315,0.8462509294078315,0.8562509294078315,0.8562509294078315
363,0.8581183696344146,0.8581183696344146,0.8881183696344146,0.8781183696344146,0.8781183696344146,0.8881183696344146,0.8881183696344146,0.8881183696344146,0.8881183696344146,0.8781183696344146,0.8681183696344146,0.8781183696344146,0.8531183696344146
364,0.8732204142029855,0.8832204142029855,0.8832204142029855,0.8932204142029855,0.9032204142029855,0.8882204142029855,0.8882204142029855,0.8782204142029855,0.9082204142029855,0.9082204142029855,0.9082204142029855,0.9082204142029855,0.9082204142029855
365,0.9427462421180343,0.9427462421180343,0.9327462421180343,0.9327462421180343,0.9227462421180342,0.9227462421180342,0.9427462421180343,0.9427462421180343,0.9427462421180343,0.9427462421180343,0.9427462421180343,0.9427462421180343,0.9327462421180343
366,0.8730504451025711,0.8730504451025711,0.8730504451025711,0.8630504451025711,0.8630504451025711,0.8730504451025711,0.8930504451025711,0.9030504451025712,0.8930504451025711,0.8930504451025711,0.8830504451025711,0.8930504451025711,0.9030504451025712
367,0.8970167445837256,0.8970167445837256,0.9070167445837256,0.9070167445837256,0.8970167445837256,0.9070167445837256,0.8870167445837256,0.8770167445837256,0.8970167445837256,0.8970167445837256,0.9070167445837256,0.9170167445837256,0.9170167445837256
368,0.8452637379668293,0.8452637379668293,0.8452637379668293,0.8452637379668293,0.8552637379668293,0.8452637379668293,0.8452637379668293,0.8452637379668293,0.8652637379668293,0.8652637379668293,0.8552637379668293,0.8852637379668293,0.8752637379668293
369,0.8670910076416525,0.8670910076416525,0.8570910076416525,0.8670910076416525,0.8770910076416525,0.8770910076416525,0.8670910076416525,0.9070910076416525,0.9070910076416525,0.8970910076416525,0.8970910076416525,0.8670910076416525,0.8770910076416525
370,0.847267238771615,0.857267238771615,0.877267238771615,0.877267238771615,0.867267238771615,0.857267238771615,0.857267238771615,0.857267238771615,0.877267238771615,0.857267238771615,0.867267238771615,0.8872672387716151,0.8822672387716151
371,0.8682348390687268,0.8682348390687268,0.8882348390687268,0.8782348390687268,0.8482348390687268,0.8482348390687268,0.8682348390687268,0.8682348390687268,0.8682348390687268,0.8782348390687268,0.8982348390687268,0.8982348390687268,0.8882348390687268
372,0.9097890184540022,0.8697890184540021,0.8897890184540022,0.9097890184540022,0.8997890184540022,0.9197890184540022,0.9197890184540022,0.9097890184540022,0.8997890184540022,0.8997890184540022,0.8997890184540022,0.9197890184540022,0.9197890184540022
373,0.8893796650557458,0.8893796650557458,0.8893796650557458,0.8993796650557458,0.8993796650557458,0.8993796650557458,0.8993796650557458,0.8993796650557458,0.8893796650557458,0.8993796650557458,0.8893796650557458,0.9093796650557459,0.9093796650557459
374,0.9585375305279855,0.9485375305279855,0.9285375305279855,0.9485375305279855,0.9485375305279855,0.9585375305279855,0.9685375305279855,0.9685375305279855,0.9785375305279855,0.9685375305279855,0.9685375305279855,0.9685375305279855,0.9685375305279855
375,0.8480762566035033,0.8480762566035033,0.8480762566035033,0.8680762566035033,0.8480762566035033,0.8480762566035033,0.8080762566035032,0.8130762566035032,0.8230762566035033,0.8330762566035033,0.8330762566035033,0.8330762566035033,0.8230762566035033
376,0.9091482203654453,0.9091482203654453,0.8991482203654453,0.9191482203654453,0.9291482203654453,0.9291482203654453,0.9291482203654453,0.9291482203654453,0.9291482203654453,0.9391482203654453,0.9241482203654453,0.9241482203654453,0.9141482203654453
377,0.8731491135580968,0.8631491135580968,0.8631491135580968,0.8631491135580968,0.8731491135580968,0.8631491135580968,0.8631491135580968,0.8531491135580967,0.8631491135580968,0.8531491135580967,0.8531491135580967,0.8431491135580967,0.8431491135580967
378,0.9162237494666031,0.9262237494666031,0.9262237494666031,0.9362237494666031,0.9462237494666031,0.9462237494666031,0.9362237494666031,0.9362237494666031,0.9362237494666031,0.9262237494666031,0.9262237494666031,0.9262237494666031,0.9162237494666031
379,0.8688534865176987,0.8688534865176987,0.8588534865176987,0.8388534865176986,0.8388534865176986,0.8488534865176987,0.8588534865176987,0.8688534865176987,0.8688534865176987,0.8688534865176987,0.8688534865176987,0.8688534865176987,0.8788534865176987
380,0.8916167783856781,0.8916167783856781,0.8916167783856781,0.8816167783856781,0.8916167783856781,0.8916167783856781,0.8916167783856781,0.8916167783856781,0.8816167783856781,0.8916167783856781,0.8916167783856781,0.8916167783856781,0.8916167783856781
381,0.8433872241125011,0.8433872241125011,0.8433872241125011,0.8733872241125011,0.8633872241125011,0.8433872241125011,0.8333872241125011,0.8433872241125011,0.8433872241125011,0.8533872241125011,0.8733872241125011,0.8833872241125011,0.8783872241125011
382,0.8962167034772328,0.8762167034772328,0.8762167034772328,0.8862167034772328,0.8762167034772328,0.8862167034772328,0.8862167034772328,0.8862167034772328,0.9062167034772328,0.9062167034772328,0.9262167034772328,0.9262167034772328,0.9362167034772328
383,0.9157682734970561,0.9057682734970561,0.8857682734970561,0.9057682734970561,0.9057682734970561,0.9057682734970561,0.9057682734970561,0.9157682734970561,0.9357682734970562,0.9357682734970562,0.9057682734970561,0.9157682734970561,0.8957682734970561
384,0.8532609400341297,0.8532609400341297,0.8732609400341297,0.8632609400341297,0.8532609400341297,0.8432609400341297,0.8532609400341297,0.8632609400341297,0.8532609400341297,0.8432609400341297,0.8532609400341297,0.8432609400341297,0.8532609400341297
385,0.8961324117590835,0.8961324117590835,0.9061324117590835,0.8761324117590835,0.8761324117590835,0.8761324117590835,0.8861324117590835,0.9161324117590836,0.9161324117590836,0.9161324117590836,0.9161324117590836,0.9161324117590836,0.9161324117590836
386,0.888664413972232,0.888664413972232,0.898664413972232,0.918664413972232,0.918664413972232,0.908664413972232,0.908664413972232,0.908664413972232,0.908664413972232,0.908664413972232,0.918664413972232,0.908664413972232,0.908664413972232
387,0.8573626033735897,0.8373626033735897,0.8373626033735897,0.8373626033735897,0.8373626033735897,0.8473626033735897,0.8473626033735897,0.8573626033735897,0.8473626033735897,0.8373626033735897,0.8273626033735897,0.8473626033735897,0.8473626033735897
388,0.845017631699494,0.865017631699494,0.855017631699494,0.885017631699494,0.875017631699494,0.875017631699494,0.875017631699494,0.845017631699494,0.845017631699494,0.865017631699494,0.885017631699494,0.875017631699494,0.860017631699494
389,0.8793847253350596,0.8993847253350596,0.8993847253350596,0.8893847253350596,0.8893847253350596,0.8893847253350596,0.8993847253350596,0.9093847253350597,0.8993847253350596,0.8993847253350596,0.8693847253350596,0.8693847253350596,0.8693847253350596
390,0.9017503688369481,0.8917503688369481,0.8817503688369481,0.8817503688369481,0.9017503688369481,0.9017503688369481,0.8917503688369481,0.9217503688369482,0.9217503688369482,0.9117503688369482,0.9117503688369482,0.9217503688369482,0.9217503688369482
391,0.8560500255328747,0.8560500255328747,0.8660500255328747,0.8860500255328747,0.8960500255328747,0.8960500255328747,0.8910500255328747,0.8810500255328747,0.8810500255328747,0.8910500255328747,0.8910500255328747,0.8810500255328747,0.8910500255328747
392,0.9201315532610485,0.9001315532610484,0.9201315532610485,0.9201315532610485,0.9001315532610484,0.8901315532610484,0.9051315532610484,0.8951315532610484,0.8951315532610484,0.8951315532610484,0.8851315532610484,0.8951315532610484,0.9151315532610484
393,0.8952156361055095,0.8952156361055095,0.8652156361055094,0.8752156361055095,0.8652156361055094,0.8652156361055094,0.8652156361055094,0.8652156361055094,0.8652156361055094,0.8552156361055094,0.8552156361055094,0.8552156361055094,0.8552156361055094
394,0.8724147949908589,0.8724147949908589,0.892414794990859,0.8724147949908589,0.912414794990859,0.912414794990859,0.907414794990859,0.907414794990859,0.897414794990859,0.907414794990859,0.897414794990859,0.897414794990859,0.907414794990859
395,0.9240591347669107,0.9240591347669107,0.9240591347669107,0.9140591347669107,0.9040591347669107,0.9140591347669107,0.9440591347669107,0.9240591347669107,0.9240591347669107,0.9140591347669107,0.9240591347669107,0.9240591347669107,0.9240591347669107
396,0.8349147409490942,0.8449147409490942,0.8649147409490943,0.8749147409490943,0.8699147409490943,0.8599147409490943,0.8599147409490943,0.8499147409490942,0.8499147409490942,0.8499147409490942,0.8499147409490942,0.8499147409490942,0.8399147409490942
397,0.868580387798694,0.878580387798694,0.888580387798694,0.888580387798694,0.888580387798694,0.888580387798694,0.888580387798694,0.888580387798694,0.868580387798694,0.878580387798694,0.878580387798694,0.878580387798694,0.858580387798694
398,0.8315720348080888,0.8415720348080888,0.8415720348080888,0.8315720348080888,0.8315720348080888,0.8115720348080888,0.8115720348080888,0.7915720348080888,0.8015720348080888,0.8115720348080888,0.8215720348080888,0.8315720348080888,0.8515720348080889
399,0.9464884802605449,0.9364884802605449,0.9364884802605449,0.9464884802605449,0.9364884802605449,0.9364884802605449,0.9364884802605449,0.9164884802605449,0.9064884802605448,0.9064884802605448,0.9264884802605449,0.9264884802605449,0.9464884802605449
400,0.8236648298256588,0.8136648298256588,0.8236648298256588,0.8236648298256588,0.8336648298256588,0.8436648298256588,0.8436648298256588,0.8436648298256588,0.8336648298256588,0.8336648298256588,0.8336648298256588,0.8336648298256588,0.8236648298256588
401,0.8178918418870276,0.8378918418870276,0.8478918418870276,0.8178918418870276,0.8178918418870276,0.8478918418870276,0.8578918418870276,0.8578918418870276,0.8478918418870276,0.8478918418870276,0.8278918418870276,0.8478918418870276,0.8328918418870276
402,0.8674355044207445,0.8774355044207445,0.8874355044207445,0.8974355044207445,0.9074355044207445,0.8974355044207445,0.9074355044207445,0.9074355044207445,0.9074355044207445,0.9074355044207445,0.9024355044207445,0.9024355044207445,0.8824355044207445
403,0.9110925222109161,0.9110925222109161,0.9010925222109161,0.9210925222109161,0.9410925222109161,0.9410925222109161,0.9260925222109161,0.9260925222109161,0.9260925222109161,0.9160925222109161,0.8960925222109161,0.8960925222109161,0.8960925222109161
404,0.8417178165845192,0.8517178165845192,0.8817178165845192,0.8767178165845192,0.8767178165845192,0.8667178165845192,0.8667178165845192,0.8667178165845192,0.8667178165845192,0.8467178165845192,0.8367178165845192,0.8367178165845192,0.8267178165845191
405,0.8766562422152149,0.8766562422152149,0.8666562422152149,0.8766562422152149,0.8766562422152149,0.9066562422152149,0.8866562422152149,0.8766562422152149,0.8766562422152149,0.8466562422152148,0.8466562422152148,0.8466562422152148,0.8466562422152148
406,0.8945121554636096,0.8745121554636096,0.8645121554636096,0.8645121554636096,0.8795121554636096,0.8895121554636096,0.8895121554636096,0.8895121554636096,0.8895121554636096,0.8895121554636096,0.8695121554636096,0.8695121554636096,0.8495121554636096
407,0.872579964840409,0.872579964840409,0.862579964840409,0.852579964840409,0.852579964840409,0.842579964840409,0.842579964840409,0.832579964840409,0.837579964840409,0.847579964840409,0.837579964840409,0.837579964840409,0.847579964840409
408,0.8379231768659872,0.8379231768659872,0.8379231768659872,0.8379231768659872,0.8479231768659872,0.8479231768659872,0.8579231768659872,0.8579231768659872,0.8679231768659872,0.8679231768659872,0.8679231768659872,0.8679231768659872,0.8529231768659872
409,0.9115941588855597,0.9115941588855597,0.8915941588855597,0.8815941588855597,0.8815941588855597,0.8715941588855597,0.8815941588855597,0.8815941588855597,0.8915941588855597,0.9015941588855597,0.9015941588855597,0.9015941588855597,0.8915941588855597
410,0.8320565213885089,0.8220565213885089,0.8220565213885089,0.8220565213885089,0.8220565213885089,0.8220565213885089,0.8220565213885089,0.8120565213885089,0.8120565213885089,0.8120565213885089,0.8120565213885089,0.8120565213885089,0.8220565213885089
411,0.8306131505220815,0.8206131505220815,0.8206131505220815,0.8206131505220815,0.8206131505220815,0.8206131505220815,0.8206131505220815,0.8306131505220815,0.8506131505220815,0.8506131505220815,0.8706131505220815,0.8706131505220815,0.8506131505220815
412,0.8576973266427607,0.8676973266427607,0.8676973266427607,0.8676973266427607,0.8676973266427607,0.8676973266427607,0.8676973266427607,0.8476973266427607,0.8476973266427607,0.8576973266427607,0.8676973266427607,0.8876973266427607,0.8976973266427607
413,0.9160892789357471,0.8960892789357471,0.8960892789357471,0.8960892789357471,0.8960892789357471,0.8960892789357471,0.8860892789357471,0.8960892789357471,0.8960892789357471,0.8860892789357471,0.8960892789357471,0.8960892789357471,0.9060892789357471
414,0.9044293196599532,0.9144293196599532,0.9244293196599532,0.9244293196599532,0.9244293196599532,0.9044293196599532,0.8844293196599532,0.9044293196599532,0.9044293196599532,0.8944293196599532,0.8944293196599532,0.9144293196599532,0.9244293196599532
415,0.8982888244115279,0.9182888244115279,0.9182888244115279,0.9282888244115279,0.9282888244115279,0.9182888244115279,0.8982888244115279,0.9082888244115279,0.8982888244115279,0.8882888244115279,0.8882888244115279,0.8882888244115279,0.8882888244115279
416,0.8578580186726102,0.8578580186726102,0.8578580186726102,0.8578580186726102,0.8578580186726102,0.8478580186726102,0.8378580186726102,0.8378580186726102,0.8278580186726102,0.8278580186726102,0.8428580186726102,0.8428580186726102,0.8328580186726102
417,0.880634018202274,0.880634018202274,0.8906340182022741,0.8906340182022741,0.8906340182022741,0.8906340182022741,0.8906340182022741,0.880634018202274,0.870634018202274,0.880634018202274,0.8906340182022741,0.8906340182022741,0.880634018202274
418,0.8739946778670226,0.8539946778670225,0.8639946778670226,0.8539946778670225,0.8739946778670226,0.8639946778670226,0.8639946778670226,0.8739946778670226,0.8639946778670226,0.8539946778670225,0.8539946778670225,0.8639946778670226,0.8639946778670226
419,0.9000665092791683,0.8800665092791683,0.8800665092791683,0.8800665092791683,0.9100665092791683,0.9100665092791683,0.9300665092791683,0.9100665092791683,0.9300665092791683,0.9300665092791683,0.9300665092791683,0.9300665092791683,0.9400665092791683
420,0.8782174759558059,0.8882174759558059,0.8882174759558059,0.8882174759558059,0.8882174759558059,0.8782174759558059,0.8882174759558059,0.8882174759558059,0.8882174759558059,0.8682174759558059,0.8482174759558059,0.8632174759558059,0.8732174759558059
421,0.8390001168504757,0.7990001168504757,0.8040001168504757,0.8040001168504757,0.8040001168504757,0.8040001168504757,0.8140001168504757,0.8140001168504757,0.8140001168504757,0.8040001168504757,0.8040001168504757,0.8240001168504757,0.8340001168504757
422,0.8601746739847349,0.8701746739847349,0.8901746739847349,0.8801746739847349,0.8701746739847349,0.8801746739847349,0.8901746739847349,0.9001746739847349,0.8951746739847349,0.8851746739847349,0.8851746739847349,0.8851746739847349,0.8751746739847349
423,0.8565651951684633,0.8765651951684633,0.8765651951684633,0.8765651951684633,0.8765651951684633,0.8865651951684633,0.8765651951684633,0.8565651951684633,0.8465651951684633,0.8565651951684633,0.8565651951684633,0.8665651951684633,0.8665651951684633
424,0.8458606735747166,0.8458606735747166,0.8458606735747166,0.8458606735747166,0.8658606735747166,0.8658606735747166,0.8558606735747166,0.8558606735747166,0.8458606735747166,0.8558606735747166,0.8658606735747166,0.8658606735747166,0.8558606735747166
425,0.9055720333981557,0.9055720333981557,0.8955720333981557,0.8755720333981557,0.8755720333981557,0.8755720333981557,0.8655720333981557,0.8705720333981557,0.8805720333981557,0.8805720333981557,0.9005720333981557,0.9105720333981557,0.9105720333981557
426,0.8705026162603668,0.8805026162603669,0.8905026162603669,0.9005026162603669,0.9005026162603669,0.8905026162603669,0.8905026162603669,0.8905026162603669,0.8905026162603669,0.8905026162603669,0.8905026162603669,0.8905026162603669,0.8905026162603669
427,0.8900337652220385,0.9000337652220385,0.9000337652220385,0.9000337652220385,0.8900337652220385,0.8900337652220385,0.8900337652220385,0.8900337652220385,0.8900337652220385,0.8800337652220385,0.8800337652220385,0.8600337652220384,0.8600337652220384
428,0.8475939918208826,0.8575939918208826,0.8575939918208826,0.8575939918208826,0.8675939918208826,0.8675939918208826,0.8675939918208826,0.8675939918208826,0.8675939918208826,0.8775939918208826,0.8775939918208826,0.8775939918208826,0.8875939918208826
429,0.9198506179914459,0.9198506179914459,0.9098506179914458,0.9198506179914459,0.8998506179914458,0.9198506179914459,0.9198506179914459,0.9298506179914459,0.9198506179914459,0.9198506179914459,0.9098506179914458,0.9098506179914458,0.9298506179914459
430,0.8880896626883051,0.8880896626883051,0.8880896626883051,0.9080896626883052,0.9080896626883052,0.8830896626883051,0.8930896626883051,0.8930896626883051,0.9030896626883052,0.9030896626883052,0.9030896626883052,0.8830896626883051,0.8930896626883051
431,0.8999628151816274,0.8999628151816274,0.8899628151816273,0.8899628151816273,0.8599628151816273,0.8799628151816273,0.8799628151816273,0.8799628151816273,0.8799628151816273,0.8699628151816273,0.8799628151816273,0.9099628151816274,0.9299628151816274
432,0.8363481999418518,0.8263481999418518,0.8163481999418518,0.8263481999418518,0.8063481999418518,0.8063481999418518,0.8063481999418518,0.8213481999418518,0.8313481999418518,0.8213481999418518,0.8213481999418518,0.8313481999418518,0.8513481999418518
433,0.8507084101222347,0.8407084101222347,0.8307084101222347,0.8557084101222348,0.8857084101222348,0.8757084101222348,0.8857084101222348,0.8957084101222348,0.8957084101222348,0.8957084101222348,0.8857084101222348,0.8657084101222348,0.8657084101222348
434,0.8864698241098662,0.8764698241098662,0.8664698241098662,0.8864698241098662,0.8764698241098662,0.8764698241098662,0.8664698241098662,0.8664698241098662,0.8864698241098662,0.8864698241098662,0.8964698241098662,0.8764698241098662,0.8764698241098662
435,0.9051618745117019,0.8951618745117019,0.8651618745117019,0.8701618745117019,0.8701618745117019,0.8801618745117019,0.8801618745117019,0.8801618745117019,0.8801618745117019,0.8901618745117019,0.8901618745117019,0.8801618745117019,0.8801618745117019
436,0.8787358333178427,0.8787358333178427,0.8887358333178427,0.8687358333178427,0.8487358333178426,0.8387358333178426,0.8487358333178426,0.8387358333178426,0.8487358333178426,0.8687358333178427,0.8787358333178427,0.8887358333178427,0.8887358333178427
437,0.8673465137105154,0.8873465137105154,0.8873465137105154,0.8973465137105154,0.8973465137105154,0.9073465137105154,0.9073465137105154,0.8873465137105154,0.8773465137105154,0.8873465137105154,0.8873465137105154,0.8873465137105154,0.8873465137105154
438,0.9104878490886024,0.9104878490886024,0.9304878490886024,0.9304878490886024,0.9304878490886024,0.9104878490886024,0.9004878490886024,0.9004878490886024,0.9004878490886024,0.9104878490886024,0.9104878490886024,0.9104878490886024,0.9104878490886024
439,0.8257345779134728,0.8157345779134728,0.8357345779134728,0.8457345779134728,0.8457345779134728,0.8557345779134728,0.8457345779134728,0.8457345779134728,0.8457345779134728,0.8457345779134728,0.8457345779134728,0.8457345779134728,0.8457345779134728
440,0.8975950845480885,0.8875950845480884,0.8875950845480884,0.8775950845480884,0.8775950845480884,0.8875950845480884,0.8775950845480884,0.9075950845480885,0.9075950845480885,0.9175950845480885,0.8875950845480884,0.8975950845480885,0.8975950845480885
441,0.8491756136859986,0.8391756136859986,0.8391756136859986,0.8391756136859986,0.8491756136859986,0.8491756136859986,0.8491756136859986,0.8291756136859986,0.8291756136859986,0.8291756136859986,0.8191756136859986,0.8091756136859986,0.8141756136859986
442,0.834037835339764,0.834037835339764,0.814037835339764,0.824037835339764,0.824037835339764,0.824037835339764,0.824037835339764,0.804037835339764,0.864037835339764,0.844037835339764,0.854037835339764,0.864037835339764,0.854037835339764
443,0.9270943994831559,0.9270943994831559,0.9270943994831559,0.9270943994831559,0.9270943994831559,0.9270943994831559,0.9170943994831559,0.9170943994831559,0.9070943994831558,0.9070943994831558,0.9070943994831558,0.9170943994831559,0.9270943994831559
444,0.8788718823989408,0.8788718823989408,0.8988718823989408,0.8988718823989408,0.8988718823989408,0.8888718823989408,0.8588718823989407,0.8688718823989408,0.8888718823989408,0.8788718823989408,0.8688718823989408,0.8688718823989408,0.8688718823989408
445,0.8680955529733206,0.8580955529733206,0.8280955529733206,0.8330955529733206,0.8430955529733206,0.8630955529733206,0.8730955529733206,0.8730955529733206,0.8430955529733206,0.8430955529733206,0.8530955529733206,0.8430955529733206,0.8430955529733206
446,0.8874203351723183,0.8774203351723183,0.8774203351723183,0.8774203351723183,0.9124203351723184,0.9024203351723183,0.9124203351723184,0.9124203351723184,0.9224203351723184,0.9224203351723184,0.9124203351723184,0.9324203351723184,0.9324203351723184
447,0.9299022595295575,0.9399022595295575,0.9199022595295575,0.9099022595295575,0.9199022595295575,0.9199022595295575,0.9299022595295575,0.9299022595295575,0.9399022595295575,0.9399022595295575,0.9599022595295575,0.9599022595295575,0.9499022595295575
448,0.8608429796545055,0.8808429796545055,0.8558429796545055,0.8358429796545055,0.8358429796545055,0.8358429796545055,0.8358429796545055,0.8358429796545055,0.8358429796545055,0.8358429796545055,0.8358429796545055,0.8358429796545055,0.8358429796545055
449,0.9095816601824539,0.9095816601824539,0.9295816601824539,0.9195816601824539,0.9195816601824539,0.9095816601824539,0.9195816601824539,0.9195816601824539,0.9195816601824539,0.9395816601824539,0.9395816601824539,0.9395816601824539,0.9295816601824539
450,0.8876589456580414,0.8776589456580414,0.8976589456580414,0.8876589456580414,0.8876589456580414,0.8976589456580414,0.8976589456580414,0.8876589456580414,0.8876589456580414,0.8876589456580414,0.8876589456580414,0.8876589456580414,0.8876589456580414
451,0.9005058606801432,0.9105058606801432,0.9305058606801432,0.9105058606801432,0.9005058606801432,0.9005058606801432,0.9005058606801432,0.9005058606801432,0.9105058606801432,0.9205058606801432,0.9205058606801432,0.9205058606801432,0.9105058606801432
452,0.8715567603326135,0.8815567603326135,0.8915567603326136,0.8915567603326136,0.8915567603326136,0.9015567603326136,0.8915567603326136,0.8915567603326136,0.8815567603326135,0.8815567603326135,0.8815567603326135,0.8815567603326135,0.8815567603326135
453,0.9140253724395311,0.9240253724395311,0.9140253724395311,0.9140253724395311,0.9040253724395311,0.9140253724395311,0.9040253724395311,0.9340253724395311,0.9240253724395311,0.9240253724395311,0.9340253724395311,0.9540253724395311,0.9490253724395311
454,0.8818008633653776,0.8918008633653776,0.8818008633653776,0.8818008633653776,0.8818008633653776,0.8818008633653776,0.8818008633653776,0.9018008633653776,0.9018008633653776,0.9018008633653776,0.8768008633653775,0.8768008633653775,0.8768008633653775
455,0.907298555626303,0.907298555626303,0.917298555626303,0.917298555626303,0.937298555626303,0.917298555626303,0.917298555626303,0.887298555626303,0.897298555626303,0.897298555626303,0.897298555626303,0.897298555626303,0.897298555626303
456,0.9264238410939779,0.9264238410939779,0.9464238410939779,0.9264238410939779,0.9264238410939779,0.9264238410939779,0.9264238410939779,0.8964238410939779,0.8964238410939779,0.8864238410939779,0.9064238410939779,0.8964238410939779,0.8864238410939779
457,0.8475657031588046,0.8575657031588046,0.8575657031588046,0.8275657031588046,0.8175657031588046,0.8375657031588046,0.8175657031588046,0.8375657031588046,0.8275657031588046,0.8275657031588046,0.8175657031588046,0.8175657031588046,0.8175657031588046
458,0.9009929468526338,0.9109929468526338,0.9209929468526338,0.9209929468526338,0.9209929468526338,0.9209929468526338,0.9309929468526338,0.9109929468526338,0.9209929468526338,0.9209929468526338,0.9209929468526338,0.9209929468526338,0.9009929468526338
459,0.8720894596977236,0.8720894596977236,0.8720894596977236,0.8720894596977236,0.8720894596977236,0.8620894596977235,0.8620894596977235,0.8420894596977235,0.8320894596977235,0.8320894596977235,0.8320894596977235,0.8320894596977235,0.8420894596977235
460,0.8738265482778598,0.8938265482778598,0.8738265482778598,0.8738265482778598,0.8538265482778598,0.8638265482778598,0.8638265482778598,0.8638265482778598,0.8638265482778598,0.8638265482778598,0.8538265482778598,0.8438265482778597,0.8438265482778597
461,0.8501402315580989,0.8601402315580989,0.8601402315580989,0.8501402315580989,0.8501402315580989,0.8601402315580989,0.8701402315580989,0.880140231558099,0.8651402315580989,0.8651402315580989,0.875140231558099,0.875140231558099,0.8651402315580989
462,0.9343326617820187,0.9243326617820187,0.9243326617820187,0.9543326617820187,0.9643326617820187,0.9443326617820187,0.9743326617820187,0.9743326617820187,0.9643326617820187,0.9643326617820187,0.9493326617820187,0.9593326617820187,0.9393326617820187
463,0.8864410138753351,0.8864410138753351,0.8764410138753351,0.8664410138753351,0.8914410138753351,0.8814410138753351,0.8814410138753351,0.8814410138753351,0.8814410138753351,0.8814410138753351,0.8814410138753351,0.8814410138753351,0.8814410138753351
464,0.8534369891124598,0.8434369891124598,0.8334369891124598,0.8534369891124598,0.8734369891124598,0.8734369891124598,0.8934369891124598,0.8934369891124598,0.8934369891124598,0.8884369891124598,0.8784369891124598,0.8784369891124598,0.8784369891124598
465,0.8816549055980243,0.8716549055980243,0.8716549055980243,0.8716549055980243,0.8516549055980243,0.8416549055980242,0.8416549055980242,0.8416549055980242,0.8416549055980242,0.8416549055980242,0.8466549055980243,0.8566549055980243,0.8766549055980243
466,0.8748340253194632,0.8748340253194632,0.8848340253194632,0.8848340253194632,0.8748340253194632,0.8748340253194632,0.8748340253194632,0.8648340253194632,0.8848340253194632,0.8748340253194632,0.8748340253194632,0.8848340253194632,0.8648340253194632
467,0.8661307902328379,0.8661307902328379,0.8361307902328379,0.8461307902328379,0.8261307902328379,0.8661307902328379,0.8361307902328379,0.8361307902328379,0.8361307902328379,0.8461307902328379,0.8461307902328379,0.8461307902328379,0.8461307902328379
468,0.8553678790795332,0.8553678790795332,0.8553678790795332,0.8553678790795332,0.8553678790795332,0.8553678790795332,0.8553678790795332,0.8353678790795331,0.8253678790795331,0.8453678790795331,0.8353678790795331,0.8253678790795331,0.8153678790795331
469,0.8834632933982058,0.9134632933982059,0.9134632933982059,0.9134632933982059,0.9134632933982059,0.8984632933982059,0.9084632933982059,0.8884632933982058,0.8884632933982058,0.8884632933982058,0.8884632933982058,0.8884632933982058,0.8884632933982058
470,0.8646063703758877,0.8646063703758877,0.8846063703758877,0.8646063703758877,0.8746063703758877,0.8946063703758877,0.8746063703758877,0.8946063703758877,0.8946063703758877,0.8946063703758877,0.8946063703758877,0.9046063703758878,0.8996063703758878
471,0.8551985543648513,0.8551985543648513,0.8551985543648513,0.8651985543648513,0.8751985543648513,0.8751985543648513,0.8751985543648513,0.8651985543648513,0.8551985543648513,0.8651985543648513,0.8651985543648513,0.8551985543648513,0.8551985543648513
472,0.8640464819445469,0.8640464819445469,0.8640464819445469,0.8640464819445469,0.8640464819445469,0.904046481944547,0.904046481944547,0.899046481944547,0.8890464819445469,0.8890464819445469,0.909046481944547,0.909046481944547,0.8890464819445469
473,0.8605768328150283,0.8705768328150283,0.8805768328150283,0.9005768328150283,0.8955768328150283,0.8855768328150283,0.8655768328150283,0.8655768328150283,0.8755768328150283,0.8655768328150283,0.8455768328150283,0.8155768328150282,0.8455768328150283
474,0.8781136593033495,0.8781136593033495,0.8781136593033495,0.8781136593033495,0.8981136593033495,0.8981136593033495,0.8781136593033495,0.8881136593033495,0.8881136593033495,0.8981136593033495,0.9081136593033495,0.9081136593033495,0.9081136593033495
475,0.8565878875372587,0.8365878875372587,0.8265878875372586,0.8565878875372587,0.8465878875372587,0.8465878875372587,0.8565878875372587,0.8465878875372587,0.8665878875372587,0.8865878875372587,0.8965878875372587,0.8965878875372587,0.8965878875372587
476,0.8493667377029361,0.8593667377029361,0.8693667377029362,0.8793667377029362,0.8643667377029361,0.8543667377029361,0.8443667377029361,0.8443667377029361,0.8543667377029361,0.8543667377029361,0.8543667377029361,0.8743667377029362,0.8843667377029362
477,0.8625061562522143,0.8625061562522143,0.8525061562522143,0.8525061562522143,0.8525061562522143,0.8725061562522143,0.8825061562522143,0.8575061562522143,0.8575061562522143,0.8575061562522143,0.8575061562522143,0.8475061562522143,0.8375061562522143
478,0.8863919867986733,0.8763919867986733,0.8763919867986733,0.8763919867986733,0.8663919867986732,0.8563919867986732,0.8863919867986733,0.8863919867986733,0.8763919867986733,0.8663919867986732,0.8563919867986732,0.8563919867986732,0.8563919867986732
479,0.8706200743609304,0.8406200743609303,0.8406200743609303,0.8506200743609303,0.8606200743609304,0.8406200743609303,0.8406200743609303,0.8406200743609303,0.8406200743609303,0.8406200743609303,0.8556200743609303,0.8656200743609304,0.8656200743609304
480,0.8715761289586637,0.8715761289586637,0.8615761289586636,0.8615761289586636,0.8715761289586637,0.8615761289586636,0.8515761289586636,0.8765761289586637,0.8765761289586637,0.8765761289586637,0.8765761289586637,0.8865761289586637,0.8865761289586637
481,0.8510350080901765,0.8510350080901765,0.8710350080901765,0.8810350080901765,0.8810350080901765,0.8810350080901765,0.8810350080901765,0.8910350080901766,0.8810350080901765,0.8710350080901765,0.8710350080901765,0.8710350080901765,0.8710350080901765
482,0.8847531848937983,0.8847531848937983,0.8847531848937983,0.8847531848937983,0.8947531848937983,0.8947531848937983,0.8947531848937983,0.8947531848937983,0.9147531848937983,0.9147531848937983,0.9047531848937983,0.9047531848937983,0.9047531848937983
483,0.8790940310896271,0.8790940310896271,0.8790940310896271,0.8690940310896271,0.8590940310896271,0.8840940310896271,0.8840940310896271,0.8840940310896271,0.8440940310896271,0.8540940310896271,0.8540940310896271,0.8740940310896271,0.8640940310896271
484,0.8743869624614375,0.8943869624614376,0.9043869624614376,0.9043869624614376,0.8943869624614376,0.8843869624614376,0.8743869624614375,0.8743869624614375,0.8743869624614375,0.8643869624614375,0.8643869624614375,0.8643869624614375,0.8743869624614375
485,0.8858118502203375,0.8858118502203375,0.8858118502203375,0.8758118502203375,0.8758118502203375,0.8758118502203375,0.8858118502203375,0.8858118502203375,0.8858118502203375,0.8858118502203375,0.8858118502203375,0.9058118502203375,0.9058118502203375
486,0.8861731999797958,0.8861731999797958,0.8961731999797958,0.8961731999797958,0.8961731999797958,0.8961731999797958,0.8761731999797958,0.8761731999797958,0.8761731999797958,0.8761731999797958,0.8761731999797958,0.8661731999797958,0.8861731999797958
487,0.9075218217628401,0.9275218217628401,0.9075218217628401,0.8975218217628401,0.8775218217628401,0.8925218217628401,0.8925218217628401,0.9225218217628401,0.9225218217628401,0.9225218217628401,0.9225218217628401,0.9225218217628401,0.9125218217628401
488,0.8642900091232906,0.8642900091232906,0.8442900091232906,0.8442900091232906,0.8442900091232906,0.8542900091232906,0.8642900091232906,0.8342900091232905,0.8492900091232906,0.8492900091232906,0.8492900091232906,0.8492900091232906,0.8492900091232906
489,0.8902872765465979,0.8902872765465979,0.8702872765465979,0.8602872765465979,0.8902872765465979,0.9002872765465979,0.9302872765465979,0.9302872765465979,0.9302872765465979,0.9102872765465979,0.9002872765465979,0.9102872765465979,0.9302872765465979
490,0.8527901439196349,0.8327901439196349,0.8327901439196349,0.8327901439196349,0.8327901439196349,0.8327901439196349,0.8577901439196349,0.8577901439196349,0.8677901439196349,0.887790143919635,0.887790143919635,0.877790143919635,0.887790143919635
491,0.8812174119494937,0.8812174119494937,0.8812174119494937,0.8712174119494936,0.8512174119494936,0.8512174119494936,0.8512174119494936,0.8612174119494936,0.8612174119494936,0.8712174119494936,0.8712174119494936,0.8512174119494936,0.8662174119494936
492,0.9308592050522407,0.9408592050522407,0.9708592050522408,0.9658592050522408,0.9558592050522408,0.9358592050522407,0.9558592050522408,0.9558592050522408,0.9358592050522407,0.9358592050522407,0.9258592050522407,0.9258592050522407,0.9258592050522407
493,0.8492638111804851,0.8492638111804851,0.8492638111804851,0.8592638111804851,0.8592638111804851,0.8492638111804851,0.8492638111804851,0.8592638111804851,0.8492638111804851,0.8492638111804851,0.8492638111804851,0.8492638111804851,0.8592638111804851
494,0.8461694878443086,0.8461694878443086,0.8561694878443086,0.8561694878443086,0.8461694878443086,0.8461694878443086,0.8361694878443086,0.8461694878443086,0.8461694878443086,0.8361694878443086,0.8261694878443085,0.8261694878443085,0.8361694878443086
495,0.8613914481523451,0.8713914481523451,0.8613914481523451,0.8613914481523451,0.8813914481523452,0.8713914481523451,0.8713914481523451,0.8813914481523452,0.8813914481523452,0.8613914481523451,0.8813914481523452,0.8913914481523452,0.9013914481523452
496,0.9102965287288549,0.9102965287288549,0.9102965287288549,0.9002965287288549,0.8702965287288549,0.8752965287288549,0.8852965287288549,0.8752965287288549,0.8752965287288549,0.8952965287288549,0.8752965287288549,0.8752965287288549,0.8852965287288549
497,0.8562744346744409,0.8562744346744409,0.8662744346744409,0.8762744346744409,0.8862744346744409,0.8862744346744409,0.8862744346744409,0.8712744346744409,0.8412744346744409,0.8212744346744408,0.8412744346744409,0.8412744346744409,0.8412744346744409
498,0.8869189600856033,0.9069189600856034,0.9169189600856034,0.9169189600856034,0.9069189600856034,0.9069189600856034,0.8969189600856033,0.8969189600856033,0.8969189600856033,0.8869189600856033,0.8769189600856033,0.8769189600856033,0.8869189600856033
499,0.8836971415292519,0.8836971415292519,0.8836971415292519,0.903697141529252,0.913697141529252,0.913697141529252,0.903697141529252,0.903697141529252,0.923697141529252,0.923697141529252,0.923697141529252,0.913697141529252,0.913697141529252
500,0.8435802434742856,0.8635802434742856,0.8535802434742856,0.8635802434742856,0.8635802434742856,0.8835802434742857,0.8835802434742857,0.8785802434742856,0.8785802434742856,0.8685802434742856,0.8685802434742856,0.8585802434742856,0.8585802434742856
501,0.8573464071985998,0.8473464071985998,0.8273464071985998,0.8173464071985997,0.8373464071985998,0.8573464071985998,0.8773464071985998,0.8773464071985998,0.8773464071985998,0.8773464071985998,0.8773464071985998,0.8873464071985998,0.8973464071985998
502,0.8860550876963731,0.8860550876963731,0.8860550876963731,0.8760550876963731,0.8860550876963731,0.8760550876963731,0.8660550876963731,0.8860550876963731,0.8760550876963731,0.8860550876963731,0.8860550876963731,0.8860550876963731,0.9060550876963731
503,0.8565573416559418,0.8465573416559418,0.8465573416559418,0.8265573416559417,0.8365573416559418,0.8665573416559418,0.8865573416559418,0.8665573416559418,0.8765573416559418,0.8765573416559418,0.8665573416559418,0.8665573416559418,0.8765573416559418
504,0.8093483928885967,0.8193483928885967,0.8193483928885967,0.8093483928885967,0.8093483928885967,0.8093483928885967,0.8193483928885967,0.8193483928885967,0.8293483928885967,0.8193483928885967,0.8093483928885967,0.7993483928885967,0.8093483928885967
505,0.9478314108695519,0.9378314108695519,0.9778314108695519,0.9478314108695519,0.9378314108695519,0.9378314108695519,0.9278314108695519,0.9278314108695519,0.9378314108695519,0.9378314108695519,0.9278314108695519,0.9378314108695519,0.9378314108695519
506,0.9264122685208739,0.9264122685208739,0.9264122685208739,0.9264122685208739,0.9264122685208739,0.9164122685208739,0.9064122685208739,0.9164122685208739,0.9164122685208739,0.9064122685208739,0.8964122685208739,0.9064122685208739,0.9164122685208739
507,0.886878615666474,0.886878615666474,0.886878615666474,0.876878615666474,0.886878615666474,0.876878615666474,0.8568786156664739,0.8468786156664739,0.8568786156664739,0.871878615666474,0.8418786156664739,0.8418786156664739,0.8418786156664739
508,0.860211210411154,0.830211210411154,0.840211210411154,0.840211210411154,0.840211210411154,0.830211210411154,0.820211210411154,0.820211210411154,0.820211210411154,0.825211210411154,0.835211210411154,0.855211210411154,0.875211210411154
509,0.8785216861756214,0.8785216861756214,0.8885216861756214,0.8785216861756214,0.8685216861756214,0.8785216861756214,0.8785216861756214,0.8685216861756214,0.8685216861756214,0.8685216861756214,0.8585216861756214,0.8685216861756214,0.8885216861756214
510,0.8725296635741964,0.8625296635741964,0.8825296635741964,0.8825296635741964,0.8925296635741964,0.8925296635741964,0.8925296635741964,0.8725296635741964,0.8625296635741964,0.8725296635741964,0.8625296635741964,0.8525296635741964,0.8625296635741964
511,0.892042327404529,0.902042327404529,0.902042327404529,0.902042327404529,0.9120423274045291,0.902042327404529,0.902042327404529,0.902042327404529,0.902042327404529,0.902042327404529,0.9120423274045291,0.892042327404529,0.892042327404529
512,0.9015335057381905,0.8915335057381905,0.8815335057381904,0.8815335057381904,0.9065335057381905,0.9265335057381905,0.9065335057381905,0.9065335057381905,0.8865335057381905,0.8865335057381905,0.8965335057381905,0.8965335057381905,0.8865335057381905
513,0.8995272897734039,0.8895272897734039,0.9095272897734039,0.9095272897734039,0.9195272897734039,0.9195272897734039,0.9195272897734039,0.9095272897734039,0.8795272897734039,0.8895272897734039,0.8995272897734039,0.8895272897734039,0.8795272897734039
514,0.885169381486251,0.885169381486251,0.875169381486251,0.875169381486251,0.875169381486251,0.865169381486251,0.855169381486251,0.855169381486251,0.855169381486251,0.845169381486251,0.855169381486251,0.855169381486251,0.865169381486251
515,0.8576808812620882,0.8476808812620882,0.8376808812620882,0.8276808812620882,0.8276808812620882,0.8176808812620882,0.8576808812620882,0.8576808812620882,0.8676808812620882,0.8676808812620882,0.8676808812620882,0.8876808812620882,0.8726808812620882
516,0.887084223391657,0.887084223391657,0.887084223391657,0.897084223391657,0.887084223391657,0.887084223391657,0.857084223391657,0.857084223391657,0.877084223391657,0.877084223391657,0.867084223391657,0.867084223391657,0.887084223391657
517,0.9099558829187975,0.9299558829187975,0.9099558829187975,0.8999558829187975,0.8699558829187974,0.8749558829187974,0.8849558829187975,0.8849558829187975,0.8849558829187975,0.8849558829187975,0.8849558829187975,0.8749558829187974,0.8849558829187975
518,0.8844085772024669,0.8744085772024669,0.8844085772024669,0.8644085772024669,0.8544085772024669,0.8544085772024669,0.8544085772024669,0.8844085772024669,0.8744085772024669,0.9044085772024669,0.9144085772024669,0.8944085772024669,0.8944085772024669
519,0.9046497022977725,0.9246497022977725,0.9146497022977725,0.8946497022977725,0.8646497022977725,0.8646497022977725,0.8646497022977725,0.8646497022977725,0.8696497022977725,0.8696497022977725,0.8796497022977725,0.8796497022977725,0.8896497022977725
520,0.8774723711664342,0.8774723711664342,0.8774723711664342,0.8574723711664342,0.8574723711664342,0.8574723711664342,0.8574723711664342,0.8374723711664341,0.8474723711664341,0.8374723711664341,0.8424723711664341,0.8424723711664341,0.8524723711664342
521,0.8675838647546864,0.8675838647546864,0.8675838647546864,0.8675838647546864,0.8675838647546864,0.8375838647546864,0.8275838647546864,0.8475838647546864,0.8475838647546864,0.8575838647546864,0.8675838647546864,0.8875838647546864,0.8875838647546864
522,0.8591777002169584,0.8491777002169584,0.8291777002169584,0.8391777002169584,0.8491777002169584,0.8691777002169584,0.8691777002169584,0.8591777002169584,0.8591777002169584,0.8491777002169584,0.8491777002169584,0.8791777002169584,0.8791777002169584
523,0.9035867582502415,0.8935867582502415,0.8835867582502415,0.8735867582502415,0.8935867582502415,0.8935867582502415,0.8935867582502415,0.8935867582502415,0.8935867582502415,0.9035867582502415,0.9035867582502415,0.8935867582502415,0.8935867582502415
524,0.8060218993396919,0.8060218993396919,0.8060218993396919,0.8060218993396919,0.8160218993396919,0.826021899339692,0.846021899339692,0.826021899339692,0.826021899339692,0.8160218993396919,0.7960218993396919,0.7960218993396919,0.7960218993396919
525,0.8820792249132544,0.9020792249132544,0.9020792249132544,0.9120792249132544,0.9120792249132544,0.9120792249132544,0.9020792249132544,0.9020792249132544,0.9020792249132544,0.9120792249132544,0.9220792249132544,0.9220792249132544,0.9220792249132544
526,0.8557986653462254,0.8457986653462254,0.8457986653462254,0.8457986653462254,0.8457986653462254,0.8457986653462254,0.8457986653462254,0.8557986653462254,0.8557986653462254,0.8457986653462254,0.8457986653462254,0.8457986653462254,0.8357986653462254
527,0.8429085285565167,0.8429085285565167,0.8529085285565167,0.8529085285565167,0.8429085285565167,0.8529085285565167,0.8529085285565167,0.8529085285565167,0.8529085285565167,0.8629085285565167,0.8629085285565167,0.8629085285565167,0.8829085285565167
528,0.8891501026777822,0.8891501026777822,0.8891501026777822,0.8891501026777822,0.8691501026777821,0.8591501026777821,0.8741501026777821,0.8741501026777821,0.8941501026777822,0.9041501026777822,0.9141501026777822,0.9141501026777822,0.9141501026777822
529,0.8569266862050526,0.8569266862050526,0.8369266862050526,0.8369266862050526,0.8769266862050527,0.8769266862050527,0.8769266862050527,0.8769266862050527,0.8769266862050527,0.8869266862050527,0.8769266862050527,0.8869266862050527,0.8869266862050527
530,0.8810559481339828,0.8810559481339828,0.8910559481339828,0.9010559481339828,0.9010559481339828,0.9010559481339828,0.8810559481339828,0.8810559481339828,0.8910559481339828,0.8910559481339828,0.9010559481339828,0.9010559481339828,0.9010559481339828
531,0.8923184070771439,0.8923184070771439,0.8923184070771439,0.8923184070771439,0.902318407077144,0.922318407077144,0.907318407077144,0.8973184070771439,0.907318407077144,0.927318407077144,0.927318407077144,0.927318407077144,0.927318407077144
532,0.9113293368692079,0.9013293368692079,0.9113293368692079,0.8913293368692079,0.8913293368692079,0.8813293368692079,0.8813293368692079,0.8813293368692079,0.9013293368692079,0.9013293368692079,0.9213293368692079,0.9213293368692079,0.9213293368692079
533,0.8647017709594784,0.8547017709594784,0.8547017709594784,0.8447017709594784,0.8347017709594784,0.8497017709594784,0.8797017709594784,0.8697017709594784,0.8797017709594784,0.9097017709594785,0.9097017709594785,0.9097017709594785,0.9097017709594785
534,0.8328204089246354,0.8328204089246354,0.8328204089246354,0.8428204089246354,0.8228204089246354,0.8228204089246354,0.8228204089246354,0.8228204089246354,0.8528204089246354,0.8528204089246354,0.8428204089246354,0.8528204089246354,0.8528204089246354
535,0.9050457113074079,0.8950457113074078,0.8950457113074078,0.8950457113074078,0.8650457113074078,0.8700457113074078,0.8800457113074078,0.9000457113074078,0.8900457113074078,0.8700457113074078,0.8700457113074078,0.8800457113074078,0.8900457113074078
536,0.8717323744395993,0.8817323744395993,0.8417323744395993,0.8417323744395993,0.8517323744395993,0.8517323744395993,0.8617323744395993,0.8617323744395993,0.8717323744395993,0.8717323744395993,0.8617323744395993,0.8617323744395993,0.8617323744395993
537,0.8510774372438844,0.8510774372438844,0.8410774372438844,0.8410774372438844,0.8710774372438844,0.8810774372438844,0.8710774372438844,0.8710774372438844,0.8710774372438844,0.8710774372438844,0.8710774372438844,0.8710774372438844,0.8910774372438844
538,0.9035210823223612,0.9035210823223612,0.9035210823223612,0.8935210823223612,0.8935210823223612,0.9035210823223612,0.9035210823223612,0.8935210823223612,0.8935210823223612,0.8735210823223611,0.8735210823223611,0.8635210823223611,0.8685210823223611
539,0.8330008825252738,0.8330008825252738,0.8430008825252738,0.8430008825252738,0.8430008825252738,0.8430008825252738,0.8430008825252738,0.8430008825252738,0.8630008825252738,0.8630008825252738,0.8630008825252738,0.8630008825252738,0.8730008825252739
540,0.8532099353566723,0.8432099353566723,0.8532099353566723,0.8532099353566723,0.8532099353566723,0.8532099353566723,0.8632099353566723,0.8532099353566723,0.8632099353566723,0.8632099353566723,0.8632099353566723,0.8732099353566724,0.8732099353566724
541,0.867796898495194,0.857796898495194,0.857796898495194,0.8977968984951941,0.8977968984951941,0.8977968984951941,0.9077968984951941,0.9027968984951941,0.8927968984951941,0.8927968984951941,0.8927968984951941,0.8927968984951941,0.8927968984951941
542,0.8848062837117067,0.8748062837117067,0.8448062837117066,0.8448062837117066,0.8498062837117066,0.8498062837117066,0.8698062837117067,0.8698062837117067,0.8698062837117067,0.8698062837117067,0.8598062837117066,0.8598062837117066,0.8598062837117066
543,0.9010532527879261,0.9310532527879262,0.9310532527879262,0.9310532527879262,0.9310532527879262,0.9210532527879262,0.9210532527879262,0.9110532527879261,0.9110532527879261,0.9010532527879261,0.8910532527879261,0.8910532527879261,0.8910532527879261
544,0.8952355002089092,0.8852355002089092,0.8752355002089092,0.8752355002089092,0.8752355002089092,0.8752355002089092,0.8652355002089092,0.8652355002089092,0.8802355002089092,0.8802355002089092,0.8802355002089092,0.8802355002089092,0.8802355002089092
545,0.9067401761813535,0.8767401761813535,0.8667401761813535,0.8667401761813535,0.8667401761813535,0.8717401761813535,0.8717401761813535,0.8817401761813535,0.8817401761813535,0.8917401761813535,0.8917401761813535,0.9017401761813535,0.8917401761813535
546,0.9159696252298447,0.9259696252298447,0.9359696252298447,0.9559696252298447,0.9459696252298447,0.9559696252298447,0.9559696252298447,0.9459696252298447,0.9459696252298447,0.9459696252298447,0.9309696252298447,0.9309696252298447,0.9209696252298447
547,0.8458313141138737,0.8458313141138737,0.8358313141138737,0.8458313141138737,0.8558313141138737,0.8258313141138737,0.8458313141138737,0.8458313141138737,0.8458313141138737,0.8558313141138737,0.8458313141138737,0.8258313141138737,0.8258313141138737
548,0.8452610187914379,0.8452610187914379,0.8652610187914379,0.8652610187914379,0.8452610187914379,0.8552610187914379,0.8202610187914379,0.8302610187914379,0.8302610187914379,0.8302610187914379,0.8302610187914379,0.8402610187914379,0.8302610187914379
549,0.8613537239788638,0.8613537239788638,0.8413537239788638,0.8413537239788638,0.8613537239788638,0.8713537239788638,0.8713537239788638,0.8713537239788638,0.8613537239788638,0.8713537239788638,0.8913537239788638,0.8913537239788638,0.9013537239788638
550,0.8969406023673602,0.8969406023673602,0.8869406023673602,0.9219406023673602,0.9319406023673602,0.9219406023673602,0.9219406023673602,0.9219406023673602,0.9019406023673602,0.9019406023673602,0.8919406023673602,0.8719406023673602,0.8719406023673602
551,0.8555234344803814,0.8355234344803814,0.8455234344803814,0.8455234344803814,0.8355234344803814,0.8355234344803814,0.8255234344803813,0.8255234344803813,0.8355234344803814,0.8355234344803814,0.8555234344803814,0.8455234344803814,0.8655234344803814
552,0.876837115885514,0.866837115885514,0.866837115885514,0.866837115885514,0.8968371158855141,0.9168371158855141,0.9168371158855141,0.9168371158855141,0.9118371158855141,0.9018371158855141,0.9118371158855141,0.9218371158855141,0.9218371158855141
553,0.876685340536201,0.876685340536201,0.876685340536201,0.886685340536201,0.886685340536201,0.886685340536201,0.896685340536201,0.896685340536201,0.906685340536201,0.906685340536201,0.896685340536201,0.886685340536201,0.876685340536201
554,0.8431707591895805,0.8431707591895805,0.8531707591895805,0.8631707591895805,0.8631707591895805,0.8631707591895805,0.8631707591895805,0.8331707591895805,0.8331707591895805,0.8231707591895805,0.8331707591895805,0.8131707591895805,0.8131707591895805
555,0.8413315956673507,0.8413315956673507,0.8413315956673507,0.8413315956673507,0.8413315956673507,0.8413315956673507,0.8313315956673507,0.8513315956673507,0.8513315956673507,0.8513315956673507,0.8513315956673507,0.8613315956673507,0.8613315956673507
556,0.9086136330076326,0.9086136330076326,0.9186136330076327,0.9186136330076327,0.9386136330076327,0.9386136330076327,0.9386136330076327,0.9386136330076327,0.9236136330076327,0.9436136330076327,0.9436136330076327,0.9436136330076327,0.9236136330076327
557,0.8722549403114086,0.8822549403114086,0.8922549403114086,0.9022549403114086,0.8822549403114086,0.8622549403114086,0.8622549403114086,0.8822549403114086,0.8822549403114086,0.8822549403114086,0.8922549403114086,0.8822549403114086,0.8822549403114086
558,0.8739885252532634,0.8939885252532634,0.8839885252532634,0.8539885252532634,0.8539885252532634,0.8339885252532634,0.8339885252532634,0.8339885252532634,0.8539885252532634,0.8639885252532634,0.8739885252532634,0.8839885252532634,0.8839885252532634
559,0.8472286894052227,0.8372286894052227,0.8372286894052227,0.8372286894052227,0.8372286894052227,0.8372286894052227,0.8372286894052227,0.8572286894052227,0.8572286894052227,0.8472286894052227,0.8572286894052227,0.8672286894052227,0.8572286894052227
560,0.8698044259920414,0.8698044259920414,0.8798044259920415,0.8798044259920415,0.8798044259920415,0.8798044259920415,0.8998044259920415,0.8898044259920415,0.8648044259920414,0.8648044259920414,0.8448044259920414,0.8448044259920414,0.8348044259920414
561,0.8188366128218574,0.8188366128218574,0.8088366128218574,0.7888366128218574,0.8038366128218574,0.7938366128218574,0.7738366128218573,0.7738366128218573,0.7738366128218573,0.7738366128218573,0.7738366128218573,0.7738366128218573,0.7738366128218573
562,0.8401286256792262,0.8401286256792262,0.8401286256792262,0.8101286256792262,0.8101286256792262,0.8101286256792262,0.8251286256792262,0.8251286256792262,0.8451286256792262,0.8451286256792262,0.8451286256792262,0.8251286256792262,0.8251286256792262
563,0.9052142487668572,0.9352142487668572,0.9352142487668572,0.9152142487668572,0.9252142487668572,0.9152142487668572,0.9152142487668572,0.9252142487668572,0.9452142487668572,0.9402142487668572,0.9402142487668572,0.9202142487668572,0.9202142487668572
564,0.8839594733175506,0.8739594733175506,0.8739594733175506,0.9039594733175507,0.9039594733175507,0.9039594733175507,0.9139594733175507,0.9139594733175507,0.9139594733175507,0.9239594733175507,0.9039594733175507,0.8939594733175507,0.8739594733175506
565,0.8453966031920602,0.8353966031920602,0.8253966031920602,0.8353966031920602,0.8353966031920602,0.8253966031920602,0.8353966031920602,0.8353966031920602,0.8153966031920602,0.8053966031920602,0.8053966031920602,0.8103966031920602,0.8103966031920602
566,0.8904015716005633,0.9004015716005633,0.9104015716005633,0.9004015716005633,0.9204015716005634,0.9054015716005633,0.9054015716005633,0.9154015716005633,0.8854015716005633,0.9254015716005634,0.9054015716005633,0.9054015716005633,0.9154015716005633
567,0.9099942579100644,0.8899942579100644,0.8899942579100644,0.8999942579100644,0.9099942579100644,0.8999942579100644,0.9099942579100644,0.9099942579100644,0.9099942579100644,0.9099942579100644,0.9199942579100644,0.9199942579100644,0.9199942579100644
568,0.8893678211978692,0.8893678211978692,0.8893678211978692,0.8893678211978692,0.8793678211978692,0.8793678211978692,0.8693678211978692,0.8793678211978692,0.8793678211978692,0.8693678211978692,0.8493678211978691,0.8593678211978691,0.8693678211978692
569,0.8985697507385244,0.9085697507385244,0.8785697507385244,0.8685697507385244,0.8685697507385244,0.8685697507385244,0.8885697507385244,0.8785697507385244,0.8785697507385244,0.8885697507385244,0.9085697507385244,0.9085697507385244,0.9085697507385244
570,0.8823539014566466,0.8623539014566466,0.8523539014566466,0.8723539014566466,0.8623539014566466,0.8823539014566466,0.8823539014566466,0.8823539014566466,0.8523539014566466,0.8623539014566466,0.8623539014566466,0.8623539014566466,0.8523539014566466
571,0.8603807555067557,0.8503807555067557,0.8603807555067557,0.8603807555067557,0.8703807555067558,0.9003807555067558,0.8903807555067558,0.8903807555067558,0.8753807555067558,0.8753807555067558,0.8753807555067558,0.8753807555067558,0.8853807555067558
572,0.8466150020700295,0.8466150020700295,0.8166150020700295,0.8166150020700295,0.8266150020700295,0.8266150020700295,0.8516150020700295,0.8416150020700295,0.8416150020700295,0.8216150020700295,0.8216150020700295,0.8016150020700294,0.8116150020700295
573,0.8562725992132341,0.8562725992132341,0.8462725992132341,0.816272599213234,0.826272599213234,0.826272599213234,0.826272599213234,0.826272599213234,0.8562725992132341,0.8662725992132341,0.8762725992132341,0.8762725992132341,0.8562725992132341
574,0.9074152684370154,0.8974152684370154,0.8974152684370154,0.8974152684370154,0.9174152684370154,0.9174152684370154,0.8974152684370154,0.8974152684370154,0.8974152684370154,0.9074152684370154,0.8874152684370153,0.8874152684370153,0.8874152684370153
575,0.929973954426895,0.939973954426895,0.939973954426895,0.939973954426895,0.939973954426895,0.939973954426895,0.939973954426895,0.939973954426895,0.899973954426895,0.899973954426895,0.899973954426895,0.899973954426895,0.899973954426895
576,0.9145352097058249,0.9145352097058249,0.9045352097058249,0.9045352097058249,0.9045352097058249,0.9045352097058249,0.9045352097058249,0.9045352097058249,0.9045352097058249,0.9045352097058249,0.9045352097058249,0.9045352097058249,0.9045352097058249
577,0.9382997575352094,0.9282997575352094,0.9082997575352094,0.9082997575352094,0.9382997575352094,0.9382997575352094,0.9382997575352094,0.9382997575352094,0.9282997575352094,0.9382997575352094,0.9482997575352095,0.9482997575352095,0.9382997575352094
578,0.8585317137998518,0.8585317137998518,0.8685317137998518,0.8685317137998518,0.8685317137998518,0.8585317137998518,0.8185317137998518,0.8385317137998518,0.8385317137998518,0.8185317137998518,0.8235317137998518,0.8335317137998518,0.8335317137998518
579,0.940230710267427,0.960230710267427,0.960230710267427,0.960230710267427,0.960230710267427,0.960230710267427,0.980230710267427,0.980230710267427,0.980230710267427,0.980230710267427,0.950230710267427,0.950230710267427,0.970230710267427
580,0.8219760320709881,0.8219760320709881,0.8119760320709881,0.8119760320709881,0.8219760320709881,0.8219760320709881,0.8219760320709881,0.8319760320709881,0.8319760320709881,0.8519760320709882,0.8619760320709882,0.8519760320709882,0.8419760320709881
581,0.8717441172159688,0.8717441172159688,0.8617441172159688,0.8617441172159688,0.8617441172159688,0.8617441172159688,0.8617441172159688,0.8617441172159688,0.8617441172159688,0.8617441172159688,0.8817441172159688,0.8917441172159688,0.8917441172159688
582,0.8728252238183186,0.8728252238183186,0.8728252238183186,0.8828252238183186,0.8628252238183186,0.8728252238183186,0.8628252238183186,0.8928252238183186,0.8928252238183186,0.8928252238183186,0.9028252238183186,0.9028252238183186,0.9128252238183187
583,0.8885632973685792,0.8985632973685792,0.9085632973685792,0.9185632973685792,0.9185632973685792,0.9285632973685792,0.9285632973685792,0.9285632973685792,0.9285632973685792,0.9285632973685792,0.9185632973685792,0.9285632973685792,0.9235632973685792
584,0.8945200414790025,0.9045200414790026,0.8845200414790025,0.8745200414790025,0.8745200414790025,0.8745200414790025,0.8645200414790025,0.8645200414790025,0.8845200414790025,0.8645200414790025,0.8795200414790025,0.8895200414790025,0.8895200414790025
585,0.8678138164380409,0.8478138164380409,0.8478138164380409,0.8378138164380409,0.8378138164380409,0.8378138164380409,0.8278138164380409,0.8578138164380409,0.8578138164380409,0.8378138164380409,0.8378138164380409,0.8378138164380409,0.8678138164380409
586,0.8692669593929182,0.8592669593929182,0.8492669593929182,0.8492669593929182,0.8492669593929182,0.8492669593929182,0.8692669593929182,0.8492669593929182,0.8692669593929182,0.8592669593929182,0.8492669593929182,0.8592669593929182,0.8692669593929182
587,0.8248456736113848,0.8148456736113848,0.8248456736113848,0.8248456736113848,0.7948456736113848,0.7948456736113848,0.8248456736113848,0.8148456736113848,0.8148456736113848,0.8148456736113848,0.7948456736113848,0.7948456736113848,0.8048456736113848
588,0.8883559453529771,0.8883559453529771,0.8783559453529771,0.8883559453529771,0.8883559453529771,0.8883559453529771,0.8883559453529771,0.8883559453529771,0.8783559453529771,0.8783559453529771,0.8783559453529771,0.8883559453529771,0.8883559453529771
589,0.8135645469752352,0.8135645469752352,0.8135645469752352,0.8135645469752352,0.8135645469752352,0.8235645469752352,0.8135645469752352,0.8235645469752352,0.8035645469752352,0.8035645469752352,0.8035645469752352,0.8135645469752352,0.8135645469752352
590,0.8019869237431692,0.8019869237431692,0.8019869237431692,0.8019869237431692,0.8119869237431692,0.8219869237431692,0.8119869237431692,0.7769869237431691,0.7969869237431692,0.7969869237431692,0.7869869237431691,0.7869869237431691,0.7769869237431691
591,0.8827969018885662,0.8827969018885662,0.9027969018885662,0.9127969018885662,0.9227969018885662,0.9127969018885662,0.8977969018885662,0.8877969018885662,0.8977969018885662,0.8977969018885662,0.8977969018885662,0.9077969018885662,0.8977969018885662
592,0.9339558215286456,0.9339558215286456,0.9339558215286456,0.9339558215286456,0.9339558215286456,0.9339558215286456,0.9239558215286456,0.9239558215286456,0.9139558215286456,0.9039558215286456,0.9039558215286456,0.9039558215286456,0.9189558215286456
593,0.8861309855631891,0.8861309855631891,0.8761309855631891,0.8861309855631891,0.8861309855631891,0.8861309855631891,0.9061309855631892,0.8961309855631892,0.9161309855631892,0.9061309855631892,0.9061309855631892,0.9061309855631892,0.9261309855631892
594,0.8897864785018781,0.9097864785018781,0.9097864785018781,0.9297864785018781,0.9197864785018781,0.9197864785018781,0.9297864785018781,0.9297864785018781,0.9247864785018781,0.9147864785018781,0.9047864785018781,0.8847864785018781,0.8647864785018781
595,0.8840387430888196,0.8740387430888196,0.8840387430888196,0.8740387430888196,0.8840387430888196,0.8740387430888196,0.8840387430888196,0.8740387430888196,0.8840387430888196,0.8840387430888196,0.8540387430888196,0.8440387430888195,0.8640387430888196
596,0.8812206728471844,0.8812206728471844,0.8812206728471844,0.8812206728471844,0.8812206728471844,0.8812206728471844,0.8812206728471844,0.8812206728471844,0.8912206728471844,0.8912206728471844,0.9012206728471844,0.8812206728471844,0.8812206728471844
597,0.9082308326049019,0.8882308326049019,0.8882308326049019,0.8982308326049019,0.9082308326049019,0.9182308326049019,0.9182308326049019,0.9182308326049019,0.8982308326049019,0.8982308326049019,0.8982308326049019,0.8882308326049019,0.8882308326049019
598,0.8259830610831599,0.8159830610831599,0.8159830610831599,0.8159830610831599,0.7959830610831599,0.7859830610831599,0.7859830610831599,0.7859830610831599,0.7859830610831599,0.8159830610831599,0.8259830610831599,0.8259830610831599,0.8259830610831599
599,0.8401389213680329,0.8401389213680329,0.8601389213680329,0.870138921368033,0.8601389213680329,0.8601389213680329,0.8601389213680329,0.880138921368033,0.880138921368033,0.875138921368033,0.885138921368033,0.885138921368033,0.885138921368033
600,0.837727944615265,0.827727944615265,0.847727944615265,0.867727944615265,0.867727944615265,0.877727944615265,0.857727944615265,0.857727944615265,0.857727944615265,0.877727944615265,0.872727944615265,0.872727944615265,0.862727944615265
601,0.8598837928779389,0.8598837928779389,0.8598837928779389,0.8598837928779389,0.8598837928779389,0.8598837928779389,0.889883792877939,0.889883792877939,0.8798837928779389,0.889883792877939,0.8748837928779389,0.8648837928779389,0.8448837928779389
602,0.8268149364975709,0.8468149364975709,0.8068149364975709,0.8068149364975709,0.8068149364975709,0.7968149364975708,0.7968149364975708,0.7968149364975708,0.7968149364975708,0.7968149364975708,0.7968149364975708,0.8068149364975709,0.8068149364975709
603,0.8710603223838194,0.9010603223838194,0.9110603223838194,0.9110603223838194,0.9010603223838194,0.9110603223838194,0.9110603223838194,0.9110603223838194,0.9010603223838194,0.8810603223838194,0.8810603223838194,0.8710603223838194,0.8710603223838194
604,0.8277723887725366,0.8377723887725366,0.8377723887725366,0.8277723887725366,0.8377723887725366,0.8177723887725366,0.8177723887725366,0.8077723887725365,0.8177723887725366,0.8177723887725366,0.8177723887725366,0.8177723887725366,0.8177723887725366
605,0.9156731125832196,0.9156731125832196,0.9056731125832196,0.9156731125832196,0.9156731125832196,0.9156731125832196,0.9256731125832196,0.9256731125832196,0.9156731125832196,0.9056731125832196,0.9056731125832196,0.8756731125832196,0.8806731125832196
606,0.851849186204072,0.841849186204072,0.841849186204072,0.821849186204072,0.821849186204072,0.811849186204072,0.816849186204072,0.826849186204072,0.836849186204072,0.866849186204072,0.866849186204072,0.866849186204072,0.856849186204072
607,0.869883707554062,0.849883707554062,0.849883707554062,0.849883707554062,0.879883707554062,0.909883707554062,0.909883707554062,0.899883707554062,0.899883707554062,0.909883707554062,0.909883707554062,0.899883707554062,0.909883707554062
608,0.8807206171234863,0.8907206171234863,0.8907206171234863,0.8907206171234863,0.9107206171234863,0.9007206171234863,0.8807206171234863,0.8907206171234863,0.8907206171234863,0.8907206171234863,0.8807206171234863,0.8807206171234863,0.9007206171234863
609,0.8506184060868218,0.8606184060868218,0.8506184060868218,0.8606184060868218,0.8406184060868218,0.8406184060868218,0.8506184060868218,0.8206184060868218,0.8106184060868218,0.8306184060868218,0.8106184060868218,0.8306184060868218,0.8206184060868218
610,0.8644557884295736,0.8744557884295736,0.8744557884295736,0.8744557884295736,0.8644557884295736,0.8644557884295736,0.8544557884295736,0.8544557884295736,0.8344557884295736,0.8244557884295736,0.8544557884295736,0.8544557884295736,0.8244557884295736
611,0.8630228834713196,0.8930228834713196,0.9030228834713196,0.9030228834713196,0.8930228834713196,0.8930228834713196,0.8930228834713196,0.8630228834713196,0.8830228834713196,0.8730228834713196,0.8730228834713196,0.8630228834713196,0.8830228834713196
612,0.8744122552343884,0.8844122552343884,0.8644122552343884,0.8644122552343884,0.8744122552343884,0.8644122552343884,0.8744122552343884,0.9044122552343884,0.8844122552343884,0.8844122552343884,0.8844122552343884,0.8844122552343884,0.8844122552343884
613,0.7868812244264263,0.7768812244264263,0.7868812244264263,0.7768812244264263,0.7768812244264263,0.7868812244264263,0.7868812244264263,0.7868812244264263,0.7868812244264263,0.8068812244264263,0.8068812244264263,0.8168812244264263,0.8168812244264263
614,0.8662506144535235,0.8762506144535235,0.8962506144535235,0.8862506144535235,0.8862506144535235,0.8962506144535235,0.8662506144535235,0.8862506144535235,0.8762506144535235,0.8762506144535235,0.8862506144535235,0.9062506144535235,0.8962506144535235
615,0.827675499029843,0.817675499029843,0.827675499029843,0.827675499029843,0.8376754990298431,0.8376754990298431,0.8476754990298431,0.8376754990298431,0.8376754990298431,0.817675499029843,0.807675499029843,0.807675499029843,0.807675499029843
616,0.913693663944293,0.913693663944293,0.913693663944293,0.923693663944293,0.923693663944293,0.933693663944293,0.933693663944293,0.923693663944293,0.933693663944293,0.943693663944293,0.933693663944293,0.933693663944293,0.933693663944293
617,0.8689512729907559,0.8589512729907559,0.8789512729907559,0.8789512729907559,0.8689512729907559,0.8689512729907559,0.8789512729907559,0.8889512729907559,0.8889512729907559,0.8789512729907559,0.8889512729907559,0.908951272990756,0.908951272990756
618,0.8218026308989799,0.8218026308989799,0.8218026308989799,0.8318026308989799,0.8218026308989799,0.8118026308989799,0.8118026308989799,0.8018026308989799,0.7918026308989798,0.7918026308989798,0.7818026308989798,0.7818026308989798,0.8018026308989799
619,0.8941689909321249,0.8941689909321249,0.9041689909321249,0.9041689909321249,0.9241689909321249,0.9141689909321249,0.9241689909321249,0.9141689909321249,0.9341689909321249,0.9241689909321249,0.9341689909321249,0.9341689909321249,0.9291689909321249
620,0.8208053644816822,0.8208053644816822,0.8108053644816822,0.8308053644816822,0.8308053644816822,0.8108053644816822,0.8108053644816822,0.8458053644816822,0.8458053644816822,0.8458053644816822,0.8458053644816822,0.8458053644816822,0.8558053644816822
621,0.8765429928980029,0.8665429928980029,0.8665429928980029,0.8665429928980029,0.8665429928980029,0.8665429928980029,0.8665429928980029,0.8665429928980029,0.8765429928980029,0.8865429928980029,0.8865429928980029,0.8965429928980029,0.8565429928980028
622,0.9018360743594651,0.9018360743594651,0.9018360743594651,0.8818360743594651,0.8818360743594651,0.8618360743594651,0.8718360743594651,0.8718360743594651,0.8618360743594651,0.8618360743594651,0.8718360743594651,0.8718360743594651,0.8818360743594651
623,0.8857919908481809,0.8857919908481809,0.8857919908481809,0.8857919908481809,0.8657919908481809,0.8657919908481809,0.8757919908481809,0.8857919908481809,0.895791990848181,0.925791990848181,0.915791990848181,0.915791990848181,0.915791990848181
624,0.8971137683286381,0.8971137683286381,0.8871137683286381,0.8871137683286381,0.8871137683286381,0.8971137683286381,0.9071137683286381,0.8971137683286381,0.8771137683286381,0.8771137683286381,0.8771137683286381,0.8771137683286381,0.8771137683286381
625,0.8989382372506786,0.8989382372506786,0.8689382372506785,0.8589382372506785,0.8639382372506785,0.8639382372506785,0.8639382372506785,0.8739382372506785,0.8939382372506786,0.9039382372506786,0.9039382372506786,0.9039382372506786,0.9039382372506786
626,0.8932463601188269,0.9032463601188269,0.9032463601188269,0.9132463601188269,0.9032463601188269,0.9232463601188269,0.9232463601188269,0.9232463601188269,0.9132463601188269,0.9132463601188269,0.8832463601188268,0.8832463601188268,0.8832463601188268
627,0.8614741962575727,0.8614741962575727,0.8614741962575727,0.8714741962575727,0.8614741962575727,0.8714741962575727,0.8714741962575727,0.8714741962575727,0.8814741962575727,0.8614741962575727,0.8814741962575727,0.8514741962575727,0.8514741962575727
628,0.8701087138999075,0.8601087138999075,0.8501087138999075,0.8501087138999075,0.8501087138999075,0.8501087138999075,0.8501087138999075,0.8501087138999075,0.8501087138999075,0.8601087138999075,0.8501087138999075,0.8601087138999075,0.8501087138999075
629,0.859510106309283,0.869510106309283,0.8895101063092831,0.849510106309283,0.849510106309283,0.859510106309283,0.859510106309283,0.849510106309283,0.839510106309283,0.864510106309283,0.864510106309283,0.864510106309283,0.854510106309283
630,0.837844464270429,0.837844464270429,0.847844464270429,0.847844464270429,0.847844464270429,0.827844464270429,0.827844464270429,0.827844464270429,0.847844464270429,0.847844464270429,0.847844464270429,0.847844464270429,0.847844464270429
631,0.8524185349427222,0.8524185349427222,0.8524185349427222,0.8724185349427223,0.8724185349427223,0.8724185349427223,0.8524185349427222,0.8724185349427223,0.8824185349427223,0.8624185349427222,0.8724185349427223,0.8824185349427223,0.8924185349427223
632,0.8718987174011041,0.8718987174011041,0.8718987174011041,0.8618987174011041,0.9018987174011042,0.9018987174011042,0.8818987174011041,0.8718987174011041,0.8718987174011041,0.8518987174011041,0.8418987174011041,0.8518987174011041,0.8518987174011041
633,0.7925787798041872,0.7925787798041872,0.7825787798041872,0.7925787798041872,0.8025787798041872,0.8025787798041872,0.8025787798041872,0.8025787798041872,0.7825787798041872,0.8125787798041872,0.8025787798041872,0.8025787798041872,0.7925787798041872
634,0.8476304040958202,0.8076304040958202,0.8176304040958202,0.8076304040958202,0.8126304040958202,0.8126304040958202,0.8226304040958202,0.8426304040958202,0.8526304040958202,0.8426304040958202,0.8226304040958202,0.8126304040958202,0.8426304040958202
635,0.8752471955925251,0.865247195592525,0.8852471955925251,0.9052471955925251,0.9052471955925251,0.9152471955925251,0.9102471955925251,0.9002471955925251,0.9002471955925251,0.8902471955925251,0.8902471955925251,0.8902471955925251,0.8902471955925251
636,0.8272491304298786,0.8172491304298786,0.8372491304298786,0.8372491304298786,0.8672491304298786,0.8672491304298786,0.8622491304298786,0.8522491304298786,0.8622491304298786,0.8622491304298786,0.8522491304298786,0.8522491304298786,0.8622491304298786
637,0.86398613026586,0.85398613026586,0.83398613026586,0.82398613026586,0.82898613026586,0.82898613026586,0.83898613026586,0.83898613026586,0.84898613026586,0.84898613026586,0.85898613026586,0.84898613026586,0.88898613026586
638,0.858649312529905,0.858649312529905,0.858649312529905,0.8386493125299049,0.8286493125299049,0.8286493125299049,0.8386493125299049,0.8386493125299049,0.8386493125299049,0.8386493125299049,0.8386493125299049,0.8386493125299049,0.8386493125299049
639,0.8593830506126854,0.8793830506126854,0.8893830506126854,0.8893830506126854,0.8893830506126854,0.8743830506126854,0.8643830506126854,0.8543830506126854,0.8643830506126854,0.8843830506126854,0.8943830506126854,0.8843830506126854,0.8943830506126854
640,0.8460041783527897,0.8560041783527897,0.8560041783527897,0.8460041783527897,0.8460041783527897,0.8160041783527897,0.8160041783527897,0.8260041783527897,0.8060041783527897,0.8110041783527897,0.8310041783527897,0.8210041783527897,0.8210041783527897
641,0.8627281032896392,0.8727281032896392,0.8527281032896392,0.8527281032896392,0.8627281032896392,0.8627281032896392,0.8627281032896392,0.8727281032896392,0.8627281032896392,0.8627281032896392,0.8327281032896392,0.8227281032896392,0.8277281032896392
642,0.8918628439467775,0.8918628439467775,0.8918628439467775,0.8918628439467775,0.8718628439467775,0.8618628439467775,0.8618628439467775,0.8618628439467775,0.8618628439467775,0.9018628439467775,0.9018628439467775,0.9018628439467775,0.9118628439467775
643,0.8742783383448337,0.8742783383448337,0.8642783383448337,0.8542783383448337,0.8342783383448337,0.8442783383448337,0.8592783383448337,0.8492783383448337,0.8492783383448337,0.8492783383448337,0.8692783383448337,0.8592783383448337,0.8592783383448337
644,0.8502320405763503,0.8602320405763503,0.8302320405763502,0.8302320405763502,0.8102320405763502,0.8202320405763502,0.8352320405763503,0.8352320405763503,0.8252320405763502,0.8252320405763502,0.8152320405763502,0.8252320405763502,0.8252320405763502
645,0.8835863608072172,0.8935863608072172,0.8935863608072172,0.8935863608072172,0.8935863608072172,0.8935863608072172,0.8935863608072172,0.8735863608072172,0.8535863608072172,0.8535863608072172,0.8635863608072172,0.8735863608072172,0.8635863608072172
646,0.9018576213591037,0.9018576213591037,0.9018576213591037,0.8718576213591037,0.8818576213591037,0.8818576213591037,0.8618576213591037,0.8618576213591037,0.8718576213591037,0.8818576213591037,0.8718576213591037,0.8718576213591037,0.8718576213591037
647,0.9793985230298461,0.9493985230298461,0.9593985230298461,0.9593985230298461,0.9493985230298461,0.939398523029846,0.939398523029846,0.939398523029846,0.9443985230298461,0.9443985230298461,0.9543985230298461,0.9743985230298461,0.9843985230298461
648,0.8907240654035331,0.8907240654035331,0.8907240654035331,0.8807240654035331,0.8807240654035331,0.8807240654035331,0.8807240654035331,0.8807240654035331,0.8807240654035331,0.8707240654035331,0.8607240654035331,0.8607240654035331,0.8757240654035331
649,0.8976246343415357,0.8876246343415357,0.8876246343415357,0.8976246343415357,0.8976246343415357,0.8876246343415357,0.8876246343415357,0.8876246343415357,0.8976246343415357,0.8976246343415357,0.8776246343415357,0.8776246343415357,0.8776246343415357
650,0.8624719008018228,0.8724719008018228,0.8624719008018228,0.8624719008018228,0.8624719008018228,0.8524719008018228,0.8324719008018228,0.8424719008018228,0.8424719008018228,0.8624719008018228,0.8724719008018228,0.8724719008018228,0.8424719008018228
651,0.8379367452031453,0.8379367452031453,0.8479367452031453,0.8579367452031453,0.8779367452031454,0.8729367452031453,0.8529367452031453,0.8629367452031453,0.8629367452031453,0.8329367452031453,0.8329367452031453,0.8229367452031453,0.8229367452031453
652,0.9066190976174331,0.8866190976174331,0.8866190976174331,0.8966190976174331,0.8966190976174331,0.8966190976174331,0.8866190976174331,0.8966190976174331,0.9066190976174331,0.9166190976174331,0.9266190976174331,0.9266190976174331,0.9266190976174331
653,0.8625524185759461,0.8325524185759461,0.8325524185759461,0.8325524185759461,0.8525524185759461,0.8525524185759461,0.8525524185759461,0.8625524185759461,0.8625524185759461,0.8625524185759461,0.8425524185759461,0.8725524185759461,0.8725524185759461
654,0.8601796893324489,0.8601796893324489,0.8601796893324489,0.8501796893324489,0.8601796893324489,0.8601796893324489,0.8601796893324489,0.8601796893324489,0.8601796893324489,0.8601796893324489,0.8601796893324489,0.8601796893324489,0.8501796893324489
655,0.8757490512121825,0.8757490512121825,0.9057490512121825,0.8957490512121825,0.8957490512121825,0.8707490512121825,0.8707490512121825,0.8707490512121825,0.8707490512121825,0.8807490512121825,0.8807490512121825,0.8607490512121825,0.8607490512121825
656,0.8921894494728972,0.8921894494728972,0.8921894494728972,0.9021894494728973,0.9221894494728973,0.9221894494728973,0.9121894494728973,0.9121894494728973,0.9121894494728973,0.9121894494728973,0.9121894494728973,0.9321894494728973,0.9271894494728973
657,0.8133687773689882,0.7933687773689881,0.8133687773689882,0.8133687773689882,0.8133687773689882,0.8033687773689882,0.7933687773689881,0.7833687773689881,0.7933687773689881,0.8133687773689882,0.7683687773689881,0.7683687773689881,0.7683687773689881
658,0.8848224407113392,0.8848224407113392,0.8848224407113392,0.8848224407113392,0.8948224407113392,0.9048224407113392,0.8948224407113392,0.8748224407113392,0.8648224407113392,0.8648224407113392,0.8648224407113392,0.8448224407113392,0.8748224407113392
659,0.8985068031571656,0.9185068031571656,0.9185068031571656,0.8985068031571656,0.8885068031571656,0.9185068031571656,0.8935068031571656,0.8735068031571656,0.8935068031571656,0.8835068031571656,0.8935068031571656,0.9035068031571656,0.8935068031571656
660,0.835338651828188,0.825338651828188,0.805338651828188,0.820338651828188,0.810338651828188,0.810338651828188,0.840338651828188,0.850338651828188,0.850338651828188,0.840338651828188,0.840338651828188,0.840338651828188,0.820338651828188
661,0.8826670603915711,0.8826670603915711,0.8826670603915711,0.8826670603915711,0.872667060391571,0.862667060391571,0.842667060391571,0.852667060391571,0.867667060391571,0.857667060391571,0.857667060391571,0.837667060391571,0.857667060391571
662,0.8662654455637484,0.8562654455637484,0.8562654455637484,0.8562654455637484,0.8662654455637484,0.8662654455637484,0.8762654455637484,0.8762654455637484,0.8662654455637484,0.8662654455637484,0.8562654455637484,0.8562654455637484,0.8662654455637484
663,0.8856633095560972,0.8956633095560972,0.8756633095560972,0.8656633095560972,0.8656633095560972,0.8656633095560972,0.8656633095560972,0.8656633095560972,0.8756633095560972,0.8756633095560972,0.8856633095560972,0.8856633095560972,0.8856633095560972
664,0.8814754985968642,0.8714754985968642,0.8714754985968642,0.8714754985968642,0.8814754985968642,0.8814754985968642,0.8814754985968642,0.8614754985968642,0.8614754985968642,0.8714754985968642,0.8714754985968642,0.8814754985968642,0.8814754985968642
665,0.9209113765985844,0.9309113765985844,0.9209113765985844,0.9209113765985844,0.9309113765985844,0.9309113765985844,0.9309113765985844,0.9309113765985844,0.9309113765985844,0.9609113765985844,0.9509113765985844,0.9359113765985844,0.9559113765985844
666,0.8751444457911249,0.885144445791125,0.885144445791125,0.885144445791125,0.905144445791125,0.915144445791125,0.910144445791125,0.900144445791125,0.900144445791125,0.8801444457911249,0.890144445791125,0.890144445791125,0.890144445791125
667,0.8545114199783153,0.8545114199783153,0.8545114199783153,0.8145114199783152,0.8245114199783152,0.8245114199783152,0.8345114199783152,0.8145114199783152,0.8145114199783152,0.8145114199783152,0.8245114199783152,0.8395114199783152,0.8395114199783152
668,0.8657271337601733,0.9057271337601733,0.9057271337601733,0.9007271337601733,0.9007271337601733,0.8807271337601733,0.8807271337601733,0.9007271337601733,0.9007271337601733,0.8907271337601733,0.8907271337601733,0.8907271337601733,0.8607271337601733
669,0.9002686147944987,0.9002686147944987,0.9002686147944987,0.9002686147944987,0.8902686147944987,0.8902686147944987,0.8902686147944987,0.9002686147944987,0.9002686147944987,0.9202686147944987,0.9202686147944987,0.9202686147944987,0.9402686147944987
670,0.9134540428257062,0.9234540428257062,0.9134540428257062,0.9534540428257062,0.9484540428257062,0.9484540428257062,0.9484540428257062,0.9384540428257062,0.9184540428257062,0.9084540428257062,0.9084540428257062,0.9084540428257062,0.9084540428257062
671,0.8862991472967555,0.8962991472967555,0.8962991472967555,0.8962991472967555,0.8962991472967555,0.8762991472967555,0.8562991472967555,0.8712991472967555,0.8612991472967555,0.8612991472967555,0.8812991472967555,0.8912991472967555,0.9012991472967555
672,0.8779201361855165,0.8579201361855164,0.8579201361855164,0.8479201361855164,0.8479201361855164,0.8579201361855164,0.8679201361855164,0.8479201361855164,0.8479201361855164,0.8379201361855164,0.8429201361855164,0.8429201361855164,0.8429201361855164
673,0.8991783479015789,0.8991783479015789,0.8891783479015789,0.8891783479015789,0.8591783479015789,0.8591783479015789,0.8641783479015789,0.8641783479015789,0.8641783479015789,0.8641783479015789,0.8741783479015789,0.8941783479015789,0.8741783479015789
674,0.9344548812940647,0.9444548812940647,0.9444548812940647,0.9444548812940647,0.9344548812940647,0.9344548812940647,0.9244548812940647,0.8944548812940647,0.8944548812940647,0.8994548812940647,0.9094548812940647,0.9094548812940647,0.9194548812940647
675,0.8912214130062679,0.9012214130062679,0.8812214130062679,0.9112214130062679,0.9112214130062679,0.9112214130062679,0.9012214130062679,0.9112214130062679,0.8912214130062679,0.9112214130062679,0.9112214130062679,0.9212214130062679,0.9212214130062679
676,0.8766592634891155,0.8866592634891155,0.8666592634891155,0.8666592634891155,0.8566592634891155,0.8666592634891155,0.8766592634891155,0.8766592634891155,0.8666592634891155,0.8866592634891155,0.8766592634891155,0.8766592634891155,0.8666592634891155
677,0.8346553478866775,0.8346553478866775,0.8346553478866775,0.8246553478866775,0.8546553478866775,0.8246553478866775,0.8346553478866775,0.8546553478866775,0.8546553478866775,0.8446553478866775,0.8446553478866775,0.8446553478866775,0.8346553478866775
678,0.8700523665451428,0.8800523665451429,0.8800523665451429,0.8700523665451428,0.8800523665451429,0.8800523665451429,0.8500523665451428,0.8500523665451428,0.8500523665451428,0.8600523665451428,0.8500523665451428,0.8500523665451428,0.8400523665451428
679,0.8905726357988141,0.8905726357988141,0.9005726357988141,0.8905726357988141,0.8805726357988141,0.9005726357988141,0.870572635798814,0.8955726357988141,0.8855726357988141,0.8855726357988141,0.8755726357988141,0.8755726357988141,0.8955726357988141
680,0.9037898738258585,0.8837898738258585,0.8837898738258585,0.8937898738258585,0.9037898738258585,0.9137898738258585,0.9137898738258585,0.8937898738258585,0.8937898738258585,0.8937898738258585,0.8837898738258585,0.8837898738258585,0.8937898738258585
681,0.8610105270406447,0.8310105270406447,0.8510105270406447,0.8610105270406447,0.8610105270406447,0.8210105270406447,0.8260105270406447,0.8360105270406447,0.8460105270406447,0.8460105270406447,0.8360105270406447,0.8460105270406447,0.8460105270406447
682,0.8380958363970172,0.8580958363970173,0.8580958363970173,0.8580958363970173,0.8580958363970173,0.8380958363970172,0.8280958363970172,0.8380958363970172,0.8480958363970172,0.8480958363970172,0.8380958363970172,0.8380958363970172,0.8480958363970172
683,0.91879789108972,0.92879789108972,0.92879789108972,0.90879789108972,0.90879789108972,0.90879789108972,0.89879789108972,0.89879789108972,0.89879789108972,0.88879789108972,0.88879789108972,0.90379789108972,0.91379789108972
684,0.8796812412040645,0.8796812412040645,0.8796812412040645,0.8796812412040645,0.8796812412040645,0.8796812412040645,0.8796812412040645,0.8796812412040645,0.8796812412040645,0.8996812412040646,0.8796812412040645,0.8796812412040645,0.9096812412040646
685,0.8481531265866348,0.8281531265866348,0.8181531265866347,0.8181531265866347,0.8331531265866348,0.8331531265866348,0.8331531265866348,0.8531531265866348,0.8531531265866348,0.8531531265866348,0.8631531265866348,0.8631531265866348,0.8631531265866348
686,0.8380168518835756,0.8380168518835756,0.8580168518835756,0.8480168518835756,0.8580168518835756,0.8580168518835756,0.8680168518835756,0.8530168518835756,0.8630168518835756,0.8530168518835756,0.8530168518835756,0.8730168518835756,0.8730168518835756
687,0.8239249647807647,0.8239249647807647,0.8239249647807647,0.8239249647807647,0.8239249647807647,0.8239249647807647,0.8139249647807647,0.8239249647807647,0.8239249647807647,0.8239249647807647,0.8239249647807647,0.8339249647807647,0.8439249647807647
688,0.9215478352759393,0.9215478352759393,0.9215478352759393,0.9215478352759393,0.9215478352759393,0.9015478352759393,0.9015478352759393,0.9015478352759393,0.9015478352759393,0.9115478352759393,0.9015478352759393,0.8915478352759393,0.8915478352759393
689,0.8582568684827965,0.8482568684827965,0.8482568684827965,0.8582568684827965,0.8582568684827965,0.8382568684827965,0.8482568684827965,0.8682568684827965,0.8682568684827965,0.8582568684827965,0.8482568684827965,0.8482568684827965,0.8582568684827965
690,0.8553812401068766,0.8553812401068766,0.8253812401068765,0.8253812401068765,0.8153812401068765,0.8153812401068765,0.8453812401068765,0.8453812401068765,0.8453812401068765,0.8253812401068765,0.8253812401068765,0.8153812401068765,0.8353812401068765
691,0.8877941730114994,0.8877941730114994,0.9077941730114995,0.9277941730114995,0.9177941730114995,0.9177941730114995,0.9077941730114995,0.9277941730114995,0.9277941730114995,0.9077941730114995,0.9077941730114995,0.9077941730114995,0.8877941730114994
692,0.896130717841321,0.896130717841321,0.916130717841321,0.9261307178413211,0.911130717841321,0.911130717841321,0.881130717841321,0.881130717841321,0.881130717841321,0.871130717841321,0.871130717841321,0.881130717841321,0.881130717841321
693,0.8529211253448413,0.8329211253448413,0.8329211253448413,0.8329211253448413,0.8429211253448413,0.8529211253448413,0.8529211253448413,0.8529211253448413,0.8729211253448413,0.8729211253448413,0.8629211253448413,0.8429211253448413,0.8929211253448414
694,0.8634707830620967,0.8534707830620967,0.8734707830620967,0.8634707830620967,0.8634707830620967,0.8534707830620967,0.8634707830620967,0.8634707830620967,0.8734707830620967,0.8534707830620967,0.8434707830620967,0.8434707830620967,0.8534707830620967
695,0.9212057812911887,0.9212057812911887,0.9612057812911887,0.9562057812911887,0.9362057812911887,0.9362057812911887,0.9362057812911887,0.9362057812911887,0.9362057812911887,0.9062057812911887,0.8962057812911887,0.8962057812911887,0.8962057812911887
696,0.8366186644406768,0.8566186644406768,0.8666186644406768,0.8516186644406768,0.8416186644406768,0.8516186644406768,0.8416186644406768,0.8416186644406768,0.8516186644406768,0.8816186644406768,0.8816186644406768,0.8716186644406768,0.8616186644406768
697,0.8883250180577138,0.8683250180577138,0.8783250180577138,0.8683250180577138,0.8683250180577138,0.8783250180577138,0.8783250180577138,0.8783250180577138,0.8783250180577138,0.8583250180577138,0.8583250180577138,0.8583250180577138,0.8483250180577138
698,0.8451262275435809,0.8551262275435809,0.8551262275435809,0.8751262275435809,0.8751262275435809,0.8751262275435809,0.885126227543581,0.8801262275435809,0.8701262275435809,0.8701262275435809,0.8701262275435809,0.8601262275435809,0.8501262275435809
699,0.9050349888768106,0.8650349888768105,0.8750349888768105,0.8650349888768105,0.8650349888768105,0.8750349888768105,0.8650349888768105,0.8700349888768105,0.8900349888768105,0.8800349888768105,0.9000349888768105,0.9000349888768105,0.8900349888768105
700,0.8731471188718021,0.8731471188718021,0.8631471188718021,0.8831471188718021,0.8831471188718021,0.8731471188718021,0.8631471188718021,0.8731471188718021,0.8831471188718021,0.8931471188718021,0.8931471188718021,0.8681471188718021,0.848147118871802
701,0.8789648793681177,0.8789648793681177,0.8789648793681177,0.8689648793681177,0.8689648793681177,0.8789648793681177,0.8789648793681177,0.8589648793681177,0.8489648793681177,0.8589648793681177,0.8789648793681177,0.8689648793681177,0.8689648793681177
702,0.8697543980328841,0.8897543980328841,0.8997543980328842,0.9097543980328842,0.9097543980328842,0.9097543980328842,0.8997543980328842,0.8997543980328842,0.8997543980328842,0.8997543980328842,0.8847543980328841,0.8847543980328841,0.8247543980328842
703,0.8966416634811023,0.8966416634811023,0.8966416634811023,0.8866416634811023,0.8966416634811023,0.8966416634811023,0.8866416634811023,0.8966416634811023,0.8866416634811023,0.9066416634811023,0.9066416634811023,0.9166416634811023,0.9166416634811023
704,0.8659121380880251,0.8659121380880251,0.8659121380880251,0.8759121380880251,0.8759121380880251,0.8759121380880251,0.8659121380880251,0.8759121380880251,0.8859121380880252,0.8859121380880252,0.8859121380880252,0.8859121380880252,0.9059121380880252
705,0.8874717821300945,0.8674717821300945,0.8574717821300945,0.8474717821300944,0.8474717821300944,0.8524717821300944,0.8624717821300945,0.8624717821300945,0.8624717821300945,0.8624717821300945,0.8524717821300944,0.8524717821300944,0.8624717821300945
706,0.8563913589834006,0.8563913589834006,0.8763913589834006,0.8763913589834006,0.8763913589834006,0.8763913589834006,0.8763913589834006,0.8663913589834006,0.8563913589834006,0.8463913589834006,0.8463913589834006,0.8463913589834006,0.8363913589834006
707,0.8785290960189425,0.8585290960189425,0.8485290960189424,0.8385290960189424,0.8585290960189425,0.8485290960189424,0.8485290960189424,0.8485290960189424,0.8485290960189424,0.8635290960189425,0.8535290960189424,0.8535290960189424,0.8535290960189424
708,0.8874774476709231,0.8974774476709231,0.8774774476709231,0.8774774476709231,0.8974774476709231,0.8974774476709231,0.8974774476709231,0.8974774476709231,0.8974774476709231,0.8774774476709231,0.8774774476709231,0.8774774476709231,0.8774774476709231
709,0.8834361907334602,0.8834361907334602,0.8834361907334602,0.9034361907334603,0.8934361907334603,0.8834361907334602,0.8734361907334602,0.8734361907334602,0.8834361907334602,0.8834361907334602,0.8834361907334602,0.9034361907334603,0.9134361907334603
710,0.9048901402608375,0.8948901402608375,0.9048901402608375,0.9048901402608375,0.9248901402608375,0.9148901402608375,0.8848901402608375,0.8948901402608375,0.8948901402608375,0.8848901402608375,0.8848901402608375,0.8848901402608375,0.8748901402608374
711,0.8986212902685647,0.8986212902685647,0.8986212902685647,0.8986212902685647,0.9086212902685648,0.8986212902685647,0.8886212902685647,0.9086212902685648,0.9086212902685648,0.9086212902685648,0.8736212902685647,0.8736212902685647,0.8836212902685647
712,0.887759349184368,0.8977593491843681,0.8977593491843681,0.9177593491843681,0.9277593491843681,0.9227593491843681,0.9227593491843681,0.9127593491843681,0.9127593491843681,0.8927593491843681,0.872759349184368,0.882759349184368,0.8927593491843681
713,0.8744897040537202,0.8744897040537202,0.8944897040537202,0.8944897040537202,0.8944897040537202,0.8944897040537202,0.9044897040537202,0.9044897040537202,0.9044897040537202,0.9044897040537202,0.9044897040537202,0.9144897040537202,0.9044897040537202
714,0.8774889093095742,0.8674889093095742,0.8674889093095742,0.8774889093095742,0.8574889093095742,0.8674889093095742,0.8674889093095742,0.8574889093095742,0.8574889093095742,0.8674889093095742,0.8774889093095742,0.8774889093095742,0.8774889093095742
715,0.8654200815517623,0.8654200815517623,0.8854200815517623,0.8604200815517623,0.8604200815517623,0.8704200815517623,0.8804200815517623,0.9004200815517623,0.8904200815517623,0.9004200815517623,0.8904200815517623,0.8804200815517623,0.8804200815517623
716,0.8523899359827196,0.8323899359827196,0.8123899359827196,0.8323899359827196,0.8323899359827196,0.8423899359827196,0.8523899359827196,0.8523899359827196,0.8523899359827196,0.8223899359827196,0.8123899359827196,0.8323899359827196,0.8323899359827196
717,0.8328232925272677,0.8328232925272677,0.8328232925272677,0.8128232925272677,0.8128232925272677,0.8128232925272677,0.8028232925272677,0.8028232925272677,0.8128232925272677,0.8028232925272677,0.7928232925272677,0.8128232925272677,0.8028232925272677
718,0.9085527505823353,0.9085527505823353,0.9185527505823353,0.9085527505823353,0.8985527505823353,0.8985527505823353,0.9085527505823353,0.9085527505823353,0.9185527505823353,0.9185527505823353,0.9085527505823353,0.9185527505823353,0.9285527505823353
719,0.9556645685452144,0.9556645685452144,0.9556645685452144,0.9556645685452144,0.9556645685452144,0.9456645685452144,0.9456645685452144,0.9556645685452144,0.9456645685452144,0.9456645685452144,0.9456645685452144,0.9456645685452144,0.9556645685452144
720,0.8692988529323868,0.8792988529323869,0.8992988529323869,0.8842988529323869,0.8842988529323869,0.8842988529323869,0.8742988529323868,0.8742988529323868,0.8642988529323868,0.8742988529323868,0.8842988529323869,0.8942988529323869,0.8842988529323869
721,0.8661656134155478,0.8461656134155477,0.8461656134155477,0.8261656134155477,0.8361656134155477,0.8361656134155477,0.8361656134155477,0.8461656134155477,0.8761656134155478,0.8761656134155478,0.9061656134155478,0.9011656134155478,0.8711656134155478
722,0.8458478960828402,0.8358478960828402,0.8358478960828402,0.8458478960828402,0.8458478960828402,0.8358478960828402,0.8258478960828401,0.8258478960828401,0.8258478960828401,0.8158478960828401,0.8158478960828401,0.8308478960828402,0.8308478960828402
723,0.9214172841847729,0.9214172841847729,0.9214172841847729,0.9114172841847729,0.9114172841847729,0.9114172841847729,0.9214172841847729,0.9514172841847729,0.9514172841847729,0.9514172841847729,0.9514172841847729,0.9364172841847729,0.9364172841847729
724,0.8739850789605,0.8839850789605,0.8839850789605,0.9039850789605001,0.9039850789605001,0.9039850789605001,0.9039850789605001,0.9039850789605001,0.9139850789605001,0.9089850789605001,0.9089850789605001,0.8789850789605,0.8789850789605
725,0.929156435716149,0.9691564357161491,0.9641564357161491,0.954156435716149,0.9641564357161491,0.954156435716149,0.934156435716149,0.954156435716149,0.954156435716149,0.954156435716149,0.944156435716149,0.934156435716149,0.934156435716149
726,0.8625452167556722,0.8525452167556722,0.8525452167556722,0.8325452167556722,0.8325452167556722,0.8625452167556722,0.8525452167556722,0.8425452167556722,0.8425452167556722,0.8525452167556722,0.8625452167556722,0.8625452167556722,0.8525452167556722
727,0.8570146753291923,0.8570146753291923,0.8270146753291923,0.8420146753291923,0.8520146753291923,0.8620146753291923,0.8620146753291923,0.8620146753291923,0.8720146753291923,0.8720146753291923,0.8620146753291923,0.8420146753291923,0.8420146753291923
728,0.8385171840406453,0.8285171840406453,0.8285171840406453,0.8385171840406453,0.8285171840406453,0.8185171840406453,0.8185171840406453,0.8185171840406453,0.8185171840406453,0.7985171840406453,0.8035171840406453,0.8035171840406453,0.8035171840406453
729,0.8616544331729172,0.8716544331729172,0.8716544331729172,0.8916544331729173,0.8916544331729173,0.8816544331729173,0.8716544331729172,0.8616544331729172,0.8616544331729172,0.8716544331729172,0.8816544331729173,0.8916544331729173,0.8916544331729173
730,0.9079334470540164,0.8779334470540163,0.9079334470540164,0.9079334470540164,0.9179334470540164,0.9179334470540164,0.9179334470540164,0.9279334470540164,0.9379334470540164,0.9229334470540164,0.9329334470540164,0.9529334470540164,0.9529334470540164
731,0.8891153089080107,0.8891153089080107,0.8691153089080107,0.8691153089080107,0.8791153089080107,0.8791153089080107,0.8491153089080107,0.8691153089080107,0.8791153089080107,0.8791153089080107,0.9091153089080107,0.8991153089080107,0.8891153089080107
732,0.9128782385992706,0.9128782385992706,0.9128782385992706,0.9128782385992706,0.9128782385992706,0.9128782385992706,0.9428782385992707,0.9278782385992707,0.9178782385992706,0.9078782385992706,0.9078782385992706,0.8978782385992706,0.8878782385992706
733,0.8296011137811709,0.8296011137811709,0.8396011137811709,0.8396011137811709,0.8496011137811709,0.8596011137811709,0.8596011137811709,0.8596011137811709,0.8596011137811709,0.8596011137811709,0.8596011137811709,0.8696011137811709,0.8646011137811709
734,0.8875772786660158,0.8875772786660158,0.8875772786660158,0.8875772786660158,0.8975772786660158,0.8775772786660158,0.8775772786660158,0.8775772786660158,0.8675772786660157,0.8775772786660158,0.8775772786660158,0.8975772786660158,0.8975772786660158
735,0.8602226549352749,0.8502226549352749,0.870222654935275,0.870222654935275,0.8602226549352749,0.8302226549352749,0.8302226549352749,0.8452226549352749,0.865222654935275,0.865222654935275,0.865222654935275,0.865222654935275,0.865222654935275
736,0.8645573711576814,0.8645573711576814,0.8645573711576814,0.8645573711576814,0.8745573711576814,0.8545573711576814,0.8745573711576814,0.8845573711576814,0.8845573711576814,0.8845573711576814,0.8845573711576814,0.8745573711576814,0.8745573711576814
737,0.8475244903210204,0.8475244903210204,0.8475244903210204,0.8475244903210204,0.8275244903210204,0.8175244903210204,0.8175244903210204,0.8325244903210204,0.8525244903210204,0.8425244903210204,0.8425244903210204,0.8425244903210204,0.8725244903210204
738,0.9193903635951285,0.9193903635951285,0.8993903635951285,0.8993903635951285,0.8993903635951285,0.9193903635951285,0.8893903635951285,0.9043903635951285,0.9043903635951285,0.9043903635951285,0.8943903635951285,0.9043903635951285,0.8843903635951285
739,0.8884773697257694,0.8884773697257694,0.8884773697257694,0.8684773697257694,0.8584773697257694,0.8584773697257694,0.8584773697257694,0.8584773697257694,0.8584773697257694,0.8584773697257694,0.8584773697257694,0.8734773697257694,0.8734773697257694
740,0.8487362913260202,0.8387362913260202,0.8487362913260202,0.8487362913260202,0.8487362913260202,0.8487362913260202,0.8487362913260202,0.8487362913260202,0.8387362913260202,0.8387362913260202,0.8487362913260202,0.8387362913260202,0.8387362913260202
741,0.8787415795816896,0.8787415795816896,0.8887415795816896,0.8787415795816896,0.8787415795816896,0.8687415795816896,0.8787415795816896,0.8787415795816896,0.8687415795816896,0.8787415795816896,0.8887415795816896,0.8687415795816896,0.8687415795816896
742,0.8773868126826799,0.8773868126826799,0.8773868126826799,0.8873868126826799,0.8773868126826799,0.8773868126826799,0.89738681268268,0.8873868126826799,0.8473868126826799,0.8673868126826799,0.8473868126826799,0.8473868126826799,0.8473868126826799
743,0.9059761826365231,0.9059761826365231,0.9059761826365231,0.9359761826365232,0.9259761826365231,0.9259761826365231,0.9259761826365231,0.9059761826365231,0.9059761826365231,0.9259761826365231,0.9159761826365231,0.9159761826365231,0.9259761826365231
744,0.8461057145857973,0.8461057145857973,0.8661057145857973,0.8761057145857973,0.8661057145857973,0.8661057145857973,0.8661057145857973,0.8661057145857973,0.8561057145857973,0.8561057145857973,0.8561057145857973,0.8561057145857973,0.8561057145857973
745,0.8827058259414856,0.8727058259414856,0.8727058259414856,0.8727058259414856,0.8827058259414856,0.8827058259414856,0.8927058259414856,0.9127058259414856,0.9127058259414856,0.9027058259414856,0.9027058259414856,0.9027058259414856,0.9027058259414856
746,0.8906247202936816,0.8906247202936816,0.8806247202936816,0.8706247202936815,0.8906247202936816,0.9006247202936816,0.9006247202936816,0.9006247202936816,0.9006247202936816,0.8906247202936816,0.9006247202936816,0.8606247202936815,0.8606247202936815
747,0.8344037229618535,0.8244037229618535,0.8244037229618535,0.8344037229618535,0.8344037229618535,0.8744037229618535,0.8744037229618535,0.8644037229618535,0.8744037229618535,0.8744037229618535,0.8694037229618535,0.8594037229618535,0.8594037229618535
748,0.9033891637544155,0.9033891637544155,0.9133891637544155,0.9133891637544155,0.9433891637544155,0.9383891637544155,0.9283891637544155,0.9283891637544155,0.9283891637544155,0.9083891637544155,0.9183891637544155,0.8983891637544155,0.8983891637544155
749,0.870187607063639,0.870187607063639,0.880187607063639,0.890187607063639,0.870187607063639,0.890187607063639,0.900187607063639,0.900187607063639,0.900187607063639,0.910187607063639,0.900187607063639,0.910187607063639,0.900187607063639
750,0.902858478667618,0.902858478667618,0.912858478667618,0.912858478667618,0.902858478667618,0.902858478667618,0.902858478667618,0.892858478667618,0.902858478667618,0.892858478667618,0.902858478667618,0.892858478667618,0.892858478667618
751,0.8335519666096352,0.8235519666096351,0.8335519666096352,0.8335519666096352,0.8135519666096351,0.8035519666096351,0.7935519666096351,0.7935519666096351,0.7935519666096351,0.7935519666096351,0.7935519666096351,0.8135519666096351,0.8235519666096351
752,0.8598509444841496,0.8598509444841496,0.8598509444841496,0.8498509444841496,0.8398509444841495,0.8398509444841495,0.8298509444841495,0.8398509444841495,0.8398509444841495,0.8398509444841495,0.8498509444841496,0.8498509444841496,0.8198509444841495
753,0.8398356024956317,0.8398356024956317,0.8498356024956317,0.8498356024956317,0.8498356024956317,0.8798356024956318,0.8798356024956318,0.8598356024956317,0.8598356024956317,0.8498356024956317,0.8498356024956317,0.8298356024956317,0.8298356024956317
754,0.8637086588963088,0.8637086588963088,0.8637086588963088,0.8637086588963088,0.8537086588963088,0.8437086588963087,0.8537086588963088,0.8237086588963087,0.8287086588963087,0.8287086588963087,0.8287086588963087,0.8387086588963087,0.8387086588963087
755,0.9154932040910571,0.9154932040910571,0.9354932040910571,0.9354932040910571,0.9354932040910571,0.9454932040910571,0.9454932040910571,0.9454932040910571,0.9354932040910571,0.9354932040910571,0.9454932040910571,0.9354932040910571,0.9354932040910571
756,0.8602871391803047,0.8702871391803048,0.8502871391803047,0.8402871391803047,0.8402871391803047,0.8402871391803047,0.8602871391803047,0.8502871391803047,0.8502871391803047,0.8502871391803047,0.8502871391803047,0.8502871391803047,0.8502871391803047
757,0.8720909707999268,0.8820909707999268,0.8720909707999268,0.8720909707999268,0.8820909707999268,0.8820909707999268,0.8820909707999268,0.8920909707999268,0.8720909707999268,0.8720909707999268,0.8520909707999268,0.8520909707999268,0.8520909707999268
758,0.8958603376910542,0.9058603376910542,0.9058603376910542,0.9158603376910542,0.9158603376910542,0.9158603376910542,0.9158603376910542,0.9158603376910542,0.9058603376910542,0.8958603376910542,0.8958603376910542,0.8958603376910542,0.9158603376910542
759,0.8628136926186549,0.8428136926186549,0.8428136926186549,0.8528136926186549,0.8728136926186549,0.8828136926186549,0.8828136926186549,0.8828136926186549,0.8828136926186549,0.8828136926186549,0.8828136926186549,0.8528136926186549,0.8528136926186549
760,0.8152583099804982,0.8152583099804982,0.8152583099804982,0.8152583099804982,0.8152583099804982,0.8152583099804982,0.8252583099804982,0.8452583099804982,0.8552583099804982,0.8552583099804982,0.8452583099804982,0.8452583099804982,0.8552583099804982
761,0.9101671048507641,0.9001671048507641,0.8801671048507641,0.8901671048507641,0.8801671048507641,0.8801671048507641,0.8801671048507641,0.8951671048507641,0.8851671048507641,0.8751671048507641,0.8851671048507641,0.8751671048507641,0.8851671048507641
762,0.8574912490087341,0.8574912490087341,0.827491249008734,0.8374912490087341,0.8374912490087341,0.827491249008734,0.817491249008734,0.817491249008734,0.817491249008734,0.817491249008734,0.822491249008734,0.822491249008734,0.8324912490087341
763,0.8657241996515357,0.8557241996515357,0.8457241996515357,0.8457241996515357,0.8557241996515357,0.8457241996515357,0.8557241996515357,0.8457241996515357,0.8557241996515357,0.8657241996515357,0.8657241996515357,0.8657241996515357,0.8857241996515357
764,0.880445003900115,0.880445003900115,0.870445003900115,0.860445003900115,0.860445003900115,0.870445003900115,0.870445003900115,0.840445003900115,0.850445003900115,0.850445003900115,0.870445003900115,0.870445003900115,0.870445003900115
765,0.8803008524992348,0.8803008524992348,0.9003008524992349,0.9103008524992349,0.9103008524992349,0.9203008524992349,0.9203008524992349,0.9153008524992349,0.9053008524992349,0.9053008524992349,0.9053008524992349,0.9053008524992349,0.9053008524992349
766,0.879018702374871,0.869018702374871,0.849018702374871,0.859018702374871,0.839018702374871,0.859018702374871,0.869018702374871,0.889018702374871,0.879018702374871,0.879018702374871,0.889018702374871,0.859018702374871,0.849018702374871
767,0.8717499538685615,0.8717499538685615,0.8817499538685615,0.8517499538685614,0.8717499538685615,0.8717499538685615,0.8617499538685615,0.8817499538685615,0.8917499538685615,0.8917499538685615,0.8917499538685615,0.8917499538685615,0.8917499538685615
768,0.9129910426939395,0.9129910426939395,0.8729910426939395,0.8729910426939395,0.8829910426939395,0.8829910426939395,0.8729910426939395,0.8729910426939395,0.8829910426939395,0.8829910426939395,0.8829910426939395,0.9029910426939395,0.9029910426939395
769,0.9029917809892821,0.9029917809892821,0.9029917809892821,0.9029917809892821,0.8929917809892821,0.8929917809892821,0.8929917809892821,0.9029917809892821,0.9229917809892821,0.9229917809892821,0.9229917809892821,0.9329917809892821,0.9329917809892821
770,0.9337070989415139,0.9437070989415139,0.953707098941514,0.973707098941514,0.968707098941514,0.9387070989415139,0.9387070989415139,0.9287070989415139,0.9087070989415139,0.9087070989415139,0.9187070989415139,0.9387070989415139,0.9387070989415139
771,0.8790751621694768,0.8690751621694768,0.8690751621694768,0.8690751621694768,0.8790751621694768,0.8790751621694768,0.8990751621694768,0.8740751621694768,0.8740751621694768,0.8740751621694768,0.8740751621694768,0.8840751621694768,0.8640751621694768
772,0.8672704961309637,0.8572704961309637,0.8672704961309637,0.8672704961309637,0.8672704961309637,0.8472704961309637,0.8572704961309637,0.8572704961309637,0.8572704961309637,0.8472704961309637,0.8472704961309637,0.8472704961309637,0.8472704961309637
773,0.8840456714698449,0.8740456714698449,0.8740456714698449,0.8740456714698449,0.8440456714698449,0.8490456714698449,0.8490456714698449,0.8490456714698449,0.8590456714698449,0.8490456714698449,0.8590456714698449,0.8890456714698449,0.8890456714698449
774,0.8699975343790208,0.8699975343790208,0.8799975343790208,0.8899975343790208,0.8999975343790209,0.8999975343790209,0.9099975343790209,0.9049975343790209,0.8949975343790209,0.8949975343790209,0.8949975343790209,0.8849975343790208,0.8849975343790208
775,0.8619311564309253,0.8619311564309253,0.8419311564309253,0.8319311564309253,0.8419311564309253,0.8319311564309253,0.8319311564309253,0.8319311564309253,0.8219311564309253,0.8219311564309253,0.8219311564309253,0.8269311564309253,0.8369311564309253
776,0.8509814078718726,0.8409814078718726,0.8609814078718726,0.8409814078718726,0.8309814078718726,0.8309814078718726,0.8209814078718726,0.8409814078718726,0.8609814078718726,0.8609814078718726,0.8609814078718726,0.8609814078718726,0.8609814078718726
777,0.8759998914302434,0.8759998914302434,0.8759998914302434,0.8759998914302434,0.8659998914302434,0.8559998914302434,0.8659998914302434,0.8559998914302434,0.8659998914302434,0.8659998914302434,0.8659998914302434,0.8759998914302434,0.8659998914302434
778,0.8814342368106748,0.8814342368106748,0.8814342368106748,0.9114342368106748,0.9214342368106748,0.9214342368106748,0.9114342368106748,0.9014342368106748,0.9214342368106748,0.9114342368106748,0.9114342368106748,0.9114342368106748,0.9114342368106748
779,0.8903781541892812,0.9103781541892813,0.9103781541892813,0.8903781541892812,0.8903781541892812,0.8903781541892812,0.8703781541892812,0.8803781541892812,0.8803781541892812,0.8803781541892812,0.8703781541892812,0.8803781541892812,0.8803781541892812
780,0.9554153170451858,0.9754153170451858,0.9754153170451858,0.9754153170451858,0.9954153170451858,0.9904153170451858,0.9904153170451858,0.9904153170451858,0.9904153170451858,0.9904153170451858,0.9904153170451858,0.9904153170451858,0.9904153170451858
781,0.8964661426606692,0.9064661426606692,0.9064661426606692,0.9164661426606692,0.9064661426606692,0.8964661426606692,0.8864661426606691,0.8564661426606691,0.8564661426606691,0.8664661426606691,0.8864661426606691,0.8764661426606691,0.8764661426606691
782,0.8134423688789366,0.7934423688789366,0.7734423688789366,0.7784423688789366,0.7884423688789366,0.7984423688789366,0.7984423688789366,0.8184423688789366,0.8284423688789366,0.8084423688789366,0.8184423688789366,0.8184423688789366,0.8084423688789366
783,0.9018284136986219,0.9018284136986219,0.9018284136986219,0.9118284136986219,0.9118284136986219,0.9218284136986219,0.9318284136986219,0.9318284136986219,0.9218284136986219,0.9018284136986219,0.9018284136986219,0.9018284136986219,0.9318284136986219
784,0.8721889592097293,0.8721889592097293,0.8721889592097293,0.8921889592097293,0.8821889592097293,0.8821889592097293,0.8821889592097293,0.8821889592097293,0.8621889592097293,0.8621889592097293,0.8621889592097293,0.8621889592097293,0.8721889592097293
785,0.8969080902933966,0.8869080902933966,0.8969080902933966,0.8969080902933966,0.8869080902933966,0.8869080902933966,0.8969080902933966,0.9069080902933966,0.9069080902933966,0.9069080902933966,0.9069080902933966,0.9069080902933966,0.8969080902933966
786,0.8858746420237359,0.8758746420237359,0.8858746420237359,0.8958746420237359,0.8758746420237359,0.8758746420237359,0.8858746420237359,0.8858746420237359,0.8758746420237359,0.8658746420237359,0.8658746420237359,0.8558746420237359,0.8658746420237359
787,0.9189356577127296,0.9089356577127296,0.9089356577127296,0.8889356577127295,0.8889356577127295,0.8789356577127295,0.8839356577127295,0.8939356577127295,0.9139356577127296,0.9039356577127295,0.8939356577127295,0.9339356577127296,0.9339356577127296
788,0.8579311419152259,0.8579311419152259,0.8579311419152259,0.8579311419152259,0.8579311419152259,0.8479311419152259,0.8379311419152259,0.8379311419152259,0.8479311419152259,0.8479311419152259,0.8479311419152259,0.8479311419152259,0.8479311419152259
789,0.8739520994023604,0.8739520994023604,0.8739520994023604,0.8739520994023604,0.8839520994023604,0.8839520994023604,0.8839520994023604,0.8839520994023604,0.8839520994023604,0.8939520994023604,0.8639520994023604,0.8639520994023604,0.8639520994023604
790,0.89555458956675,0.9155545895667501,0.89555458956675,0.89555458956675,0.89555458956675,0.89555458956675,0.86555458956675,0.86555458956675,0.86555458956675,0.87555458956675,0.86555458956675,0.86555458956675,0.86555458956675
791,0.8459895500705457,0.8459895500705457,0.8459895500705457,0.8459895500705457,0.8659895500705457,0.8409895500705457,0.8409895500705457,0.8109895500705456,0.8109895500705456,0.8009895500705456,0.8009895500705456,0.8209895500705456,0.8209895500705456
792,0.8886511171848201,0.9086511171848202,0.9286511171848202,0.8986511171848202,0.8786511171848201,0.8786511171848201,0.8786511171848201,0.9086511171848202,0.9186511171848202,0.8986511171848202,0.8886511171848201,0.8686511171848201,0.8686511171848201
793,0.9215739465152797,0.9315739465152797,0.9415739465152797,0.9515739465152797,0.9615739465152797,0.9415739465152797,0.9615739465152797,0.9515739465152797,0.9515739465152797,0.9415739465152797,0.9415739465152797,0.9315739465152797,0.9315739465152797
794,0.8334209642223097,0.8334209642223097,0.8234209642223097,0.7934209642223097,0.8034209642223097,0.8234209642223097,0.8534209642223097,0.8284209642223097,0.8284209642223097,0.8284209642223097,0.8284209642223097,0.8284209642223097,0.8284209642223097
795,0.8557867957080973,0.8557867957080973,0.8457867957080973,0.8457867957080973,0.8457867957080973,0.8457867957080973,0.8357867957080973,0.8257867957080973,0.8257867957080973,0.8357867957080973,0.8257867957080973,0.8257867957080973,0.8257867957080973
796,0.8580783021767592,0.8480783021767592,0.8580783021767592,0.8480783021767592,0.8480783021767592,0.8480783021767592,0.8480783021767592,0.8480783021767592,0.8380783021767592,0.8180783021767591,0.8380783021767592,0.8380783021767592,0.8580783021767592
797,0.8822627016918368,0.8922627016918369,0.8922627016918369,0.8922627016918369,0.8922627016918369,0.8922627016918369,0.9122627016918369,0.9122627016918369,0.8922627016918369,0.8822627016918368,0.8822627016918368,0.8822627016918368,0.8922627016918369
798,0.8994899463524166,0.8994899463524166,0.8994899463524166,0.9094899463524166,0.9194899463524167,0.9194899463524167,0.9394899463524167,0.9344899463524167,0.9344899463524167,0.9244899463524167,0.9244899463524167,0.9244899463524167,0.9144899463524166
799,0.8705347932868887,0.8605347932868886,0.8605347932868886,0.8605347932868886,0.8505347932868886,0.8605347932868886,0.8605347932868886,0.8805347932868887,0.8605347932868886,0.8605347932868886,0.8805347932868887,0.8705347932868887,0.8405347932868886
800,0.8771341743460404,0.8671341743460403,0.8671341743460403,0.8471341743460403,0.8471341743460403,0.8621341743460403,0.8521341743460403,0.8521341743460403,0.8621341743460403,0.8621341743460403,0.8621341743460403,0.8621341743460403,0.8721341743460403
801,0.8644857913678664,0.8644857913678664,0.8844857913678664,0.8644857913678664,0.8544857913678664,0.8444857913678664,0.8644857913678664,0.8544857913678664,0.8544857913678664,0.8444857913678664,0.8544857913678664,0.8544857913678664,0.8444857913678664
802,0.8017300545636126,0.8017300545636126,0.8017300545636126,0.8017300545636126,0.8017300545636126,0.7817300545636126,0.7717300545636125,0.7717300545636125,0.7717300545636125,0.7717300545636125,0.8017300545636126,0.8017300545636126,0.8017300545636126
803,0.8636949532010122,0.8636949532010122,0.8636949532010122,0.8536949532010122,0.8436949532010122,0.8436949532010122,0.8336949532010122,0.8336949532010122,0.8486949532010122,0.8486949532010122,0.8486949532010122,0.8486949532010122,0.8486949532010122
804,0.8813715273215263,0.8713715273215263,0.8713715273215263,0.8913715273215264,0.9013715273215264,0.9013715273215264,0.9213715273215264,0.9113715273215264,0.9113715273215264,0.9113715273215264,0.9113715273215264,0.9213715273215264,0.9213715273215264
805,0.8722205935425995,0.8722205935425995,0.8622205935425995,0.8822205935425995,0.8922205935425995,0.8922205935425995,0.8922205935425995,0.9022205935425995,0.9022205935425995,0.9022205935425995,0.8822205935425995,0.8922205935425995,0.8822205935425995
806,0.8274728388681513,0.8274728388681513,0.8274728388681513,0.8374728388681513,0.8474728388681513,0.8474728388681513,0.8474728388681513,0.8274728388681513,0.8274728388681513,0.8274728388681513,0.8574728388681513,0.8574728388681513,0.8674728388681513
807,0.9155419773152892,0.9255419773152892,0.9555419773152892,0.9505419773152892,0.9505419773152892,0.9505419773152892,0.9405419773152892,0.9405419773152892,0.9405419773152892,0.9505419773152892,0.9405419773152892,0.9405419773152892,0.9305419773152892
808,0.8510165100606766,0.8610165100606766,0.8610165100606766,0.8610165100606766,0.8610165100606766,0.8610165100606766,0.8610165100606766,0.8610165100606766,0.8710165100606766,0.8710165100606766,0.8510165100606766,0.8610165100606766,0.8610165100606766
809,0.8442247303457019,0.8442247303457019,0.8342247303457019,0.8742247303457019,0.8642247303457019,0.8542247303457019,0.8542247303457019,0.8742247303457019,0.8742247303457019,0.8642247303457019,0.8842247303457019,0.8792247303457019,0.8592247303457019
810,0.8887398286324937,0.8887398286324937,0.8987398286324937,0.8987398286324937,0.8787398286324937,0.8787398286324937,0.8587398286324937,0.8587398286324937,0.8687398286324937,0.8787398286324937,0.8687398286324937,0.8487398286324936,0.8587398286324937
811,0.8551316394726323,0.8751316394726323,0.8551316394726323,0.8551316394726323,0.8551316394726323,0.8551316394726323,0.8551316394726323,0.8551316394726323,0.8751316394726323,0.8451316394726323,0.8451316394726323,0.8251316394726322,0.8251316394726322
812,0.8549218971873029,0.8549218971873029,0.8449218971873029,0.8449218971873029,0.8249218971873029,0.8149218971873029,0.8249218971873029,0.8399218971873029,0.8399218971873029,0.8099218971873029,0.8099218971873029,0.8099218971873029,0.8199218971873029
813,0.8633281358597916,0.8633281358597916,0.8533281358597916,0.8533281358597916,0.8333281358597916,0.8233281358597916,0.8283281358597916,0.8283281358597916,0.8283281358597916,0.8383281358597916,0.8483281358597916,0.8583281358597916,0.8583281358597916
814,0.8750235591514921,0.8750235591514921,0.8550235591514921,0.8350235591514921,0.8350235591514921,0.8450235591514921,0.8550235591514921,0.8550235591514921,0.8550235591514921,0.8650235591514921,0.8650235591514921,0.8650235591514921,0.8550235591514921
815,0.9393137008869353,0.9393137008869353,0.9393137008869353,0.9193137008869353,0.9093137008869353,0.9243137008869353,0.9543137008869353,0.9343137008869353,0.9343137008869353,0.9443137008869353,0.9543137008869353,0.9443137008869353,0.9543137008869353
816,0.854444118466943,0.854444118466943,0.864444118466943,0.864444118466943,0.864444118466943,0.874444118466943,0.874444118466943,0.844444118466943,0.854444118466943,0.844444118466943,0.824444118466943,0.839444118466943,0.849444118466943
817,0.8663177806863953,0.8563177806863953,0.8463177806863953,0.8463177806863953,0.8463177806863953,0.8363177806863953,0.8363177806863953,0.8763177806863953,0.8763177806863953,0.8663177806863953,0.8563177806863953,0.8563177806863953,0.8463177806863953
818,0.8739439492825719,0.8739439492825719,0.8739439492825719,0.8839439492825719,0.8939439492825719,0.8739439492825719,0.8739439492825719,0.8539439492825719,0.8339439492825719,0.8389439492825719,0.8489439492825719,0.8589439492825719,0.8789439492825719
819,0.8546400657344732,0.8546400657344732,0.8346400657344731,0.8446400657344731,0.8546400657344732,0.8446400657344731,0.8446400657344731,0.8446400657344731,0.8746400657344732,0.8446400657344731,0.8546400657344732,0.8446400657344731,0.8346400657344731
820,0.8750165690653726,0.8850165690653726,0.8850165690653726,0.8650165690653726,0.8650165690653726,0.8650165690653726,0.8750165690653726,0.8550165690653726,0.8450165690653726,0.8450165690653726,0.8450165690653726,0.8450165690653726,0.8450165690653726
821,0.8803973304749995,0.8703973304749995,0.8803973304749995,0.8703973304749995,0.8903973304749995,0.8603973304749994,0.8603973304749994,0.8503973304749994,0.8503973304749994,0.8503973304749994,0.8603973304749994,0.8603973304749994,0.8603973304749994
822,0.8440111249116361,0.8440111249116361,0.8440111249116361,0.8440111249116361,0.8640111249116361,0.8540111249116361,0.8540111249116361,0.8440111249116361,0.8440111249116361,0.8440111249116361,0.8440111249116361,0.8540111249116361,0.8640111249116361
823,0.8474400436255336,0.8474400436255336,0.8574400436255336,0.8474400436255336,0.8474400436255336,0.8474400436255336,0.8474400436255336,0.8474400436255336,0.8374400436255336,0.8474400436255336,0.8674400436255336,0.8774400436255336,0.8774400436255336
824,0.8656573097303071,0.8656573097303071,0.8456573097303071,0.8456573097303071,0.8456573097303071,0.8656573097303071,0.8556573097303071,0.825657309730307,0.830657309730307,0.8406573097303071,0.8506573097303071,0.8506573097303071,0.8506573097303071
825,0.8918276709149041,0.8918276709149041,0.8818276709149041,0.8818276709149041,0.8818276709149041,0.8818276709149041,0.8818276709149041,0.8818276709149041,0.8818276709149041,0.8718276709149041,0.8718276709149041,0.8618276709149041,0.8618276709149041
826,0.9138669755405433,0.9238669755405433,0.9238669755405433,0.9138669755405433,0.8938669755405433,0.8838669755405433,0.8838669755405433,0.8938669755405433,0.8938669755405433,0.9338669755405433,0.9338669755405433,0.9338669755405433,0.9138669755405433
827,0.860147049250014,0.860147049250014,0.8501470492500139,0.8501470492500139,0.870147049250014,0.870147049250014,0.870147049250014,0.8501470492500139,0.8401470492500139,0.8401470492500139,0.8501470492500139,0.8301470492500139,0.8401470492500139
828,0.9091783353310702,0.9091783353310702,0.8891783353310702,0.8791783353310701,0.8941783353310702,0.9141783353310702,0.9241783353310702,0.9241783353310702,0.9141783353310702,0.9141783353310702,0.9241783353310702,0.9241783353310702,0.9341783353310702
829,0.8769357009259586,0.8669357009259586,0.8669357009259586,0.8669357009259586,0.8669357009259586,0.8669357009259586,0.8669357009259586,0.8669357009259586,0.8669357009259586,0.8369357009259586,0.8369357009259586,0.8419357009259586,0.8419357009259586
830,0.8511322134951065,0.8511322134951065,0.8711322134951065,0.8711322134951065,0.8811322134951065,0.8811322134951065,0.8911322134951065,0.8711322134951065,0.8711322134951065,0.8711322134951065,0.8611322134951065,0.8611322134951065,0.8611322134951065
831,0.9031084673845688,0.9031084673845688,0.9031084673845688,0.9031084673845688,0.9031084673845688,0.9031084673845688,0.9031084673845688,0.9031084673845688,0.9131084673845689,0.9331084673845689,0.9331084673845689,0.9231084673845689,0.9231084673845689
832,0.8899858527572237,0.8799858527572237,0.8799858527572237,0.9099858527572238,0.9099858527572238,0.9099858527572238,0.8849858527572237,0.8749858527572237,0.8649858527572237,0.8749858527572237,0.8649858527572237,0.8749858527572237,0.8849858527572237
833,0.8815160300657887,0.8715160300657887,0.8715160300657887,0.8615160300657887,0.8815160300657887,0.8915160300657887,0.8915160300657887,0.8915160300657887,0.8815160300657887,0.8815160300657887,0.8815160300657887,0.8815160300657887,0.8615160300657887
834,0.8101652266611101,0.8101652266611101,0.8201652266611101,0.8201652266611101,0.8301652266611101,0.8201652266611101,0.8201652266611101,0.8201652266611101,0.8301652266611101,0.8201652266611101,0.8101652266611101,0.8201652266611101,0.8301652266611101
835,0.8788594686816151,0.8688594686816151,0.8888594686816151,0.8888594686816151,0.8788594686816151,0.8788594686816151,0.8888594686816151,0.8788594686816151,0.8788594686816151,0.8788594686816151,0.8988594686816151,0.8888594686816151,0.8988594686816151
836,0.8323970206443465,0.8423970206443465,0.8323970206443465,0.8223970206443465,0.8223970206443465,0.8223970206443465,0.8423970206443465,0.8223970206443465,0.8223970206443465,0.8123970206443465,0.8023970206443465,0.8023970206443465,0.8023970206443465
837,0.8348394685668953,0.8348394685668953,0.8248394685668953,0.8148394685668953,0.7948394685668952,0.7948394685668952,0.7948394685668952,0.7998394685668953,0.8198394685668953,0.8298394685668953,0.8298394685668953,0.8298394685668953,0.8298394685668953
838,0.8869350352181797,0.8969350352181797,0.8969350352181797,0.8869350352181797,0.8969350352181797,0.8969350352181797,0.9169350352181798,0.9019350352181797,0.8919350352181797,0.8819350352181797,0.8919350352181797,0.8919350352181797,0.9119350352181798
839,0.8796020037682455,0.8696020037682455,0.8796020037682455,0.8796020037682455,0.8696020037682455,0.8596020037682455,0.8396020037682455,0.8596020037682455,0.8596020037682455,0.8496020037682455,0.8646020037682455,0.8646020037682455,0.8646020037682455
840,0.8299878218606832,0.8299878218606832,0.8099878218606832,0.8199878218606832,0.8299878218606832,0.8299878218606832,0.8299878218606832,0.8199878218606832,0.8099878218606832,0.8099878218606832,0.8099878218606832,0.7999878218606832,0.7899878218606832
841,0.8497105960316561,0.8597105960316561,0.8597105960316561,0.8597105960316561,0.8597105960316561,0.8597105960316561,0.8697105960316561,0.8447105960316561,0.8547105960316561,0.8647105960316561,0.8647105960316561,0.8547105960316561,0.8547105960316561
842,0.8601827599732843,0.8601827599732843,0.8601827599732843,0.8801827599732843,0.9001827599732843,0.9001827599732843,0.8951827599732843,0.8751827599732843,0.8851827599732843,0.8851827599732843,0.8751827599732843,0.8751827599732843,0.8651827599732843
843,0.8962034575577514,0.8862034575577514,0.8662034575577514,0.8662034575577514,0.8762034575577514,0.8762034575577514,0.8762034575577514,0.8762034575577514,0.8662034575577514,0.8662034575577514,0.8762034575577514,0.8862034575577514,0.8962034575577514
844,0.8388199140279438,0.8288199140279437,0.8288199140279437,0.8388199140279438,0.8288199140279437,0.8488199140279438,0.8588199140279438,0.8588199140279438,0.8588199140279438,0.8488199140279438,0.8588199140279438,0.8688199140279438,0.8688199140279438
845,0.8546504039871077,0.8746504039871077,0.8746504039871077,0.8646504039871077,0.8846504039871077,0.8846504039871077,0.8746504039871077,0.8646504039871077,0.8646504039871077,0.8646504039871077,0.8446504039871077,0.8546504039871077,0.8646504039871077
846,0.8824409777340296,0.8624409777340296,0.8524409777340296,0.8524409777340296,0.8524409777340296,0.8424409777340296,0.8474409777340296,0.8574409777340296,0.8574409777340296,0.8374409777340296,0.8474409777340296,0.8474409777340296,0.8374409777340296
847,0.898998105077362,0.888998105077362,0.908998105077362,0.908998105077362,0.898998105077362,0.878998105077362,0.878998105077362,0.898998105077362,0.898998105077362,0.908998105077362,0.898998105077362,0.888998105077362,0.898998105077362
848,0.8599246189970169,0.8599246189970169,0.8599246189970169,0.8799246189970169,0.8799246189970169,0.8699246189970169,0.8899246189970169,0.8799246189970169,0.8799246189970169,0.8799246189970169,0.8799246189970169,0.8899246189970169,0.8799246189970169
849,0.8677168381230024,0.8477168381230024,0.8477168381230024,0.8377168381230023,0.8377168381230023,0.8477168381230024,0.8477168381230024,0.8577168381230024,0.8477168381230024,0.8477168381230024,0.8477168381230024,0.8577168381230024,0.8577168381230024
850,0.8849365928041938,0.8849365928041938,0.8849365928041938,0.8749365928041938,0.8749365928041938,0.8949365928041938,0.9049365928041938,0.9149365928041938,0.9249365928041938,0.9249365928041938,0.9249365928041938,0.9049365928041938,0.9249365928041938
851,0.8588236774284095,0.8588236774284095,0.8688236774284095,0.8688236774284095,0.8588236774284095,0.8588236774284095,0.8688236774284095,0.8688236774284095,0.8688236774284095,0.8688236774284095,0.8788236774284095,0.8688236774284095,0.8588236774284095
852,0.8368589540467454,0.8468589540467454,0.8668589540467454,0.8568589540467454,0.8568589540467454,0.8568589540467454,0.8468589540467454,0.8268589540467454,0.8068589540467453,0.8068589540467453,0.7968589540467453,0.7968589540467453,0.7968589540467453
853,0.893673280113811,0.893673280113811,0.893673280113811,0.913673280113811,0.923673280113811,0.923673280113811,0.933673280113811,0.928673280113811,0.918673280113811,0.928673280113811,0.928673280113811,0.918673280113811,0.898673280113811
854,0.8896109601020789,0.8896109601020789,0.8796109601020788,0.8796109601020788,0.8896109601020789,0.8996109601020789,0.8996109601020789,0.9096109601020789,0.9096109601020789,0.9096109601020789,0.8996109601020789,0.9096109601020789,0.9096109601020789
855,0.8457208416449484,0.8357208416449484,0.8457208416449484,0.8257208416449484,0.8457208416449484,0.8557208416449484,0.8557208416449484,0.8757208416449485,0.8757208416449485,0.8607208416449484,0.8707208416449485,0.8707208416449485,0.8707208416449485
856,0.8463948267236304,0.8463948267236304,0.8463948267236304,0.8363948267236304,0.8363948267236304,0.8163948267236304,0.8063948267236304,0.8113948267236304,0.8113948267236304,0.8213948267236304,0.8213948267236304,0.8213948267236304,0.8213948267236304
857,0.8090786089706461,0.7990786089706461,0.7990786089706461,0.7990786089706461,0.7990786089706461,0.7990786089706461,0.7890786089706461,0.7790786089706461,0.7790786089706461,0.7690786089706461,0.7740786089706461,0.7740786089706461,0.7740786089706461
858,0.9009182541236502,0.8909182541236502,0.8909182541236502,0.8909182541236502,0.8809182541236502,0.8809182541236502,0.8809182541236502,0.8809182541236502,0.8809182541236502,0.9109182541236502,0.9209182541236502,0.9209182541236502,0.9309182541236503
859,0.9218916184250769,0.9118916184250769,0.9118916184250769,0.9118916184250769,0.9118916184250769,0.9118916184250769,0.9118916184250769,0.9118916184250769,0.8918916184250769,0.8818916184250769,0.9018916184250769,0.9218916184250769,0.9018916184250769
860,0.8680789941459716,0.8680789941459716,0.8780789941459716,0.8780789941459716,0.8780789941459716,0.8580789941459716,0.8580789941459716,0.8580789941459716,0.8580789941459716,0.8280789941459715,0.8330789941459715,0.8430789941459715,0.8530789941459715
861,0.8684629923971452,0.8684629923971452,0.8684629923971452,0.8684629923971452,0.8584629923971452,0.8584629923971452,0.8484629923971452,0.8734629923971452,0.8734629923971452,0.8634629923971452,0.8634629923971452,0.8634629923971452,0.8634629923971452
862,0.8517251496658647,0.8517251496658647,0.8517251496658647,0.8417251496658646,0.8417251496658646,0.8517251496658647,0.8617251496658647,0.8517251496658647,0.8317251496658646,0.8317251496658646,0.8517251496658647,0.8517251496658647,0.8417251496658646
863,0.881798106304477,0.901798106304477,0.901798106304477,0.901798106304477,0.901798106304477,0.921798106304477,0.921798106304477,0.921798106304477,0.921798106304477,0.916798106304477,0.916798106304477,0.906798106304477,0.916798106304477
864,0.9040831154289735,0.8940831154289735,0.8940831154289735,0.8840831154289734,0.8640831154289734,0.8840831154289734,0.8840831154289734,0.9040831154289735,0.9040831154289735,0.8840831154289734,0.8940831154289735,0.8940831154289735,0.9040831154289735
865,0.8968333106917921,0.876833310691792,0.876833310691792,0.866833310691792,0.886833310691792,0.886833310691792,0.856833310691792,0.861833310691792,0.871833310691792,0.871833310691792,0.881833310691792,0.871833310691792,0.8918333106917921
866,0.8624759294965311,0.8824759294965311,0.8824759294965311,0.8824759294965311,0.8624759294965311,0.8624759294965311,0.8524759294965311,0.8624759294965311,0.8524759294965311,0.8524759294965311,0.8524759294965311,0.832475929496531,0.822475929496531
867,0.8125979838023353,0.8025979838023353,0.7825979838023353,0.7925979838023353,0.7925979838023353,0.7825979838023353,0.7825979838023353,0.7825979838023353,0.7825979838023353,0.7725979838023352,0.7725979838023352,0.7775979838023352,0.7775979838023352
868,0.8574154195483407,0.8574154195483407,0.8774154195483407,0.8874154195483407,0.8874154195483407,0.8674154195483407,0.8674154195483407,0.8674154195483407,0.8674154195483407,0.8974154195483407,0.8874154195483407,0.8874154195483407,0.8874154195483407
869,0.8825123014974613,0.8825123014974613,0.8825123014974613,0.8925123014974613,0.8925123014974613,0.8825123014974613,0.8825123014974613,0.8825123014974613,0.8825123014974613,0.8825123014974613,0.8625123014974613,0.8625123014974613,0.8625123014974613
870,0.8296369214664394,0.8296369214664394,0.8296369214664394,0.8296369214664394,0.8196369214664394,0.8096369214664394,0.8096369214664394,0.8096369214664394,0.7896369214664394,0.7896369214664394,0.7946369214664394,0.8046369214664394,0.7946369214664394
871,0.8817518637621267,0.8917518637621267,0.9217518637621267,0.9017518637621267,0.8767518637621267,0.8767518637621267,0.8767518637621267,0.8667518637621267,0.8467518637621266,0.8467518637621266,0.8467518637621266,0.8567518637621266,0.8667518637621267
872,0.8617534159087514,0.8617534159087514,0.8517534159087514,0.8517534159087514,0.8417534159087514,0.8417534159087514,0.8417534159087514,0.8317534159087514,0.8217534159087514,0.8217534159087514,0.8267534159087514,0.8367534159087514,0.8467534159087514
873,0.8697937475589256,0.8497937475589256,0.8497937475589256,0.8497937475589256,0.8797937475589256,0.8997937475589256,0.9097937475589256,0.8997937475589256,0.8997937475589256,0.9097937475589256,0.8797937475589256,0.8797937475589256,0.8597937475589256
874,0.8837469917678787,0.8837469917678787,0.8937469917678788,0.8837469917678787,0.8837469917678787,0.8837469917678787,0.8837469917678787,0.8837469917678787,0.8937469917678788,0.9037469917678788,0.9237469917678788,0.9187469917678788,0.9087469917678788
875,0.8145797461852124,0.8145797461852124,0.7845797461852124,0.8045797461852124,0.8145797461852124,0.8145797461852124,0.8045797461852124,0.8045797461852124,0.7845797461852124,0.7845797461852124,0.7845797461852124,0.7995797461852124,0.7995797461852124
876,0.9455120312952068,0.9455120312952068,0.9455120312952068,0.9355120312952068,0.9255120312952068,0.9155120312952068,0.9155120312952068,0.9355120312952068,0.9355120312952068,0.9355120312952068,0.9255120312952068,0.9255120312952068,0.9155120312952068
877,0.8616067796713418,0.8416067796713418,0.8716067796713418,0.8716067796713418,0.8716067796713418,0.8816067796713418,0.8816067796713418,0.8816067796713418,0.8916067796713418,0.8916067796713418,0.8816067796713418,0.8816067796713418,0.8816067796713418
878,0.8695595473537688,0.8895595473537689,0.8895595473537689,0.8795595473537688,0.8795595473537688,0.8795595473537688,0.8995595473537689,0.8795595473537688,0.8595595473537688,0.8695595473537688,0.8595595473537688,0.8695595473537688,0.8695595473537688
879,0.9317502326044801,0.9117502326044801,0.9117502326044801,0.9317502326044801,0.9317502326044801,0.9417502326044801,0.9517502326044801,0.9517502326044801,0.9517502326044801,0.9617502326044801,0.9417502326044801,0.9517502326044801,0.9517502326044801
880,0.8605680678942942,0.8705680678942942,0.8705680678942942,0.8605680678942942,0.8505680678942942,0.8505680678942942,0.8705680678942942,0.8605680678942942,0.8605680678942942,0.8605680678942942,0.8705680678942942,0.8705680678942942,0.8605680678942942
881,0.8687214574868414,0.8587214574868414,0.8587214574868414,0.8587214574868414,0.8687214574868414,0.8687214574868414,0.8587214574868414,0.8687214574868414,0.8487214574868414,0.8287214574868413,0.8487214574868414,0.8487214574868414,0.8287214574868413
882,0.8864477510000758,0.8864477510000758,0.8564477510000758,0.8464477510000757,0.8564477510000758,0.8564477510000758,0.8464477510000757,0.8464477510000757,0.8464477510000757,0.8464477510000757,0.8514477510000757,0.8514477510000757,0.8614477510000758
883,0.8897982239325175,0.8897982239325175,0.8897982239325175,0.8897982239325175,0.8897982239325175,0.8797982239325175,0.8997982239325175,0.9097982239325175,0.9197982239325175,0.9097982239325175,0.9097982239325175,0.8897982239325175,0.8897982239325175
884,0.8863044017938256,0.8863044017938256,0.8863044017938256,0.8863044017938256,0.8963044017938256,0.8963044017938256,0.8863044017938256,0.9063044017938257,0.9263044017938257,0.9213044017938257,0.9213044017938257,0.8813044017938256,0.8613044017938256
885,0.860795956586549,0.880795956586549,0.900795956586549,0.890795956586549,0.890795956586549,0.890795956586549,0.890795956586549,0.890795956586549,0.875795956586549,0.875795956586549,0.875795956586549,0.885795956586549,0.885795956586549
886,0.8595026860535598,0.8495026860535598,0.8495026860535598,0.8495026860535598,0.8495026860535598,0.8595026860535598,0.8595026860535598,0.8595026860535598,0.8595026860535598,0.8695026860535598,0.8595026860535598,0.8395026860535598,0.8595026860535598
887,0.9285434969032975,0.9285434969032975,0.9185434969032975,0.9185434969032975,0.9185434969032975,0.9385434969032975,0.9385434969032975,0.9285434969032975,0.9185434969032975,0.9185434969032975,0.9085434969032975,0.9085434969032975,0.9085434969032975
888,0.9105487834664161,0.9105487834664161,0.9105487834664161,0.9305487834664161,0.9305487834664161,0.9305487834664161,0.9305487834664161,0.9305487834664161,0.9305487834664161,0.9505487834664161,0.9405487834664161,0.9405487834664161,0.9505487834664161
889,0.8188513233252184,0.8188513233252184,0.8088513233252184,0.8088513233252184,0.8088513233252184,0.8088513233252184,0.8288513233252184,0.8388513233252184,0.8488513233252184,0.8288513233252184,0.8388513233252184,0.8588513233252184,0.8588513233252184
890,0.8768078280866562,0.8768078280866562,0.8868078280866563,0.8868078280866563,0.8868078280866563,0.8968078280866563,0.8768078280866562,0.8768078280866562,0.8968078280866563,0.9068078280866563,0.9068078280866563,0.9168078280866563,0.8968078280866563
891,0.8642348360863346,0.8742348360863346,0.8742348360863346,0.8942348360863346,0.8842348360863346,0.8842348360863346,0.8742348360863346,0.8842348360863346,0.9042348360863346,0.8942348360863346,0.8942348360863346,0.8942348360863346,0.8942348360863346
892,0.8877676503446976,0.8977676503446976,0.8977676503446976,0.8977676503446976,0.8877676503446976,0.8777676503446976,0.8777676503446976,0.8677676503446976,0.8577676503446976,0.8477676503446976,0.8577676503446976,0.8477676503446976,0.8477676503446976
893,0.8635986134686782,0.8635986134686782,0.8635986134686782,0.8435986134686781,0.8535986134686782,0.8435986134686781,0.8435986134686781,0.8435986134686781,0.8435986134686781,0.8435986134686781,0.8435986134686781,0.8435986134686781,0.8335986134686781
894,0.8939739603982263,0.8839739603982263,0.8739739603982263,0.8639739603982263,0.8639739603982263,0.8739739603982263,0.8739739603982263,0.8739739603982263,0.8739739603982263,0.8839739603982263,0.8739739603982263,0.8639739603982263,0.8739739603982263
895,0.8692648869394698,0.8692648869394698,0.8892648869394698,0.8792648869394698,0.8792648869394698,0.8892648869394698,0.8892648869394698,0.8792648869394698,0.8792648869394698,0.8792648869394698,0.8692648869394698,0.8692648869394698,0.8692648869394698
896,0.86955916867235,0.8495591686723499,0.86955916867235,0.86955916867235,0.86955916867235,0.86955916867235,0.86955916867235,0.88955916867235,0.89955916867235,0.88955916867235,0.88955916867235,0.88955916867235,0.88955916867235
897,0.8594362285407734,0.8594362285407734,0.8794362285407734,0.8794362285407734,0.8594362285407734,0.8594362285407734,0.8694362285407734,0.8594362285407734,0.8594362285407734,0.8594362285407734,0.8494362285407734,0.8494362285407734,0.8494362285407734
898,0.9297693191880949,0.9497693191880949,0.9497693191880949,0.9497693191880949,0.9597693191880949,0.9447693191880949,0.9247693191880949,0.9247693191880949,0.9247693191880949,0.9347693191880949,0.9547693191880949,0.9547693191880949,0.9547693191880949
899,0.9235770745665869,0.9235770745665869,0.9535770745665869,0.9535770745665869,0.9435770745665869,0.9435770745665869,0.9335770745665869,0.9335770745665869,0.9335770745665869,0.9335770745665869,0.9335770745665869,0.9435770745665869,0.9435770745665869
900,0.9113463736556306,0.8913463736556306,0.8813463736556306,0.8913463736556306,0.8813463736556306,0.8813463736556306,0.8813463736556306,0.8813463736556306,0.8713463736556306,0.9013463736556306,0.9013463736556306,0.9113463736556306,0.9113463736556306
901,0.8688803880194276,0.8788803880194276,0.8488803880194276,0.8488803880194276,0.8788803880194276,0.8888803880194276,0.8988803880194276,0.8988803880194276,0.8988803880194276,0.8988803880194276,0.8988803880194276,0.8988803880194276,0.8888803880194276
902,0.8623750666752756,0.8523750666752756,0.8323750666752756,0.8523750666752756,0.8623750666752756,0.8623750666752756,0.8723750666752756,0.8723750666752756,0.8723750666752756,0.8823750666752757,0.8823750666752757,0.8923750666752757,0.8773750666752756
903,0.8934066500004244,0.9034066500004244,0.9034066500004244,0.9034066500004244,0.9134066500004244,0.9134066500004244,0.9134066500004244,0.8934066500004244,0.9134066500004244,0.9034066500004244,0.8934066500004244,0.8634066500004244,0.8534066500004244
904,0.9162718533264143,0.9162718533264143,0.9262718533264143,0.9162718533264143,0.9162718533264143,0.9062718533264142,0.9162718533264143,0.8962718533264142,0.8962718533264142,0.8962718533264142,0.8962718533264142,0.8962718533264142,0.8962718533264142
905,0.8501230341169287,0.8701230341169287,0.8801230341169287,0.8651230341169287,0.8751230341169287,0.8751230341169287,0.8651230341169287,0.8651230341169287,0.8751230341169287,0.8851230341169287,0.8751230341169287,0.8751230341169287,0.8551230341169287
906,0.9047169867968347,0.9047169867968347,0.8947169867968346,0.9047169867968347,0.8847169867968346,0.8847169867968346,0.8647169867968346,0.8847169867968346,0.8947169867968346,0.8847169867968346,0.8847169867968346,0.8847169867968346,0.8847169867968346
907,0.8817231883005651,0.8917231883005651,0.8817231883005651,0.8817231883005651,0.8817231883005651,0.871723188300565,0.861723188300565,0.861723188300565,0.871723188300565,0.871723188300565,0.9017231883005651,0.8817231883005651,0.861723188300565
908,0.9295491424181977,0.9295491424181977,0.9195491424181977,0.9195491424181977,0.9195491424181977,0.9295491424181977,0.9195491424181977,0.9195491424181977,0.9295491424181977,0.9495491424181978,0.9395491424181978,0.9295491424181977,0.9195491424181977
909,0.898029912254207,0.888029912254207,0.898029912254207,0.918029912254207,0.908029912254207,0.918029912254207,0.908029912254207,0.898029912254207,0.878029912254207,0.868029912254207,0.878029912254207,0.878029912254207,0.868029912254207
910,0.9039848444475986,0.9139848444475986,0.9239848444475987,0.9239848444475987,0.9239848444475987,0.9339848444475987,0.9239848444475987,0.8939848444475986,0.9139848444475986,0.9139848444475986,0.9139848444475986,0.9039848444475986,0.9039848444475986
911,0.9003776461384391,0.9003776461384391,0.9003776461384391,0.9003776461384391,0.8903776461384391,0.9103776461384391,0.9103776461384391,0.9103776461384391,0.9103776461384391,0.9203776461384391,0.8903776461384391,0.8903776461384391,0.9003776461384391
912,0.852358672080947,0.842358672080947,0.8323586720809469,0.8323586720809469,0.8323586720809469,0.8223586720809469,0.8223586720809469,0.862358672080947,0.862358672080947,0.862358672080947,0.852358672080947,0.872358672080947,0.872358672080947
913,0.9018945344222749,0.8918945344222748,0.8918945344222748,0.8618945344222748,0.8718945344222748,0.8718945344222748,0.8718945344222748,0.8818945344222748,0.8818945344222748,0.8618945344222748,0.8718945344222748,0.8718945344222748,0.8718945344222748
914,0.8837247751766193,0.8837247751766193,0.9037247751766193,0.9237247751766193,0.9137247751766193,0.8937247751766193,0.9137247751766193,0.9037247751766193,0.9137247751766193,0.9237247751766193,0.9137247751766193,0.8987247751766193,0.9087247751766193
915,0.8837479758359609,0.8637479758359609,0.8537479758359608,0.8537479758359608,0.8537479758359608,0.8537479758359608,0.8537479758359608,0.8737479758359609,0.8537479758359608,0.8537479758359608,0.8837479758359609,0.8837479758359609,0.8837479758359609
916,0.866953144194602,0.846953144194602,0.836953144194602,0.826953144194602,0.831953144194602,0.841953144194602,0.831953144194602,0.831953144194602,0.831953144194602,0.841953144194602,0.841953144194602,0.841953144194602,0.841953144194602
917,0.8727652012406503,0.8627652012406503,0.8427652012406502,0.8427652012406502,0.8427652012406502,0.8427652012406502,0.8577652012406503,0.8577652012406503,0.8577652012406503,0.8277652012406502,0.8277652012406502,0.8277652012406502,0.8277652012406502
918,0.8757787001388451,0.8857787001388451,0.8757787001388451,0.8757787001388451,0.8657787001388451,0.8657787001388451,0.855778700138845,0.855778700138845,0.8857787001388451,0.8757787001388451,0.8757787001388451,0.8757787001388451,0.855778700138845
919,0.8246841905440739,0.8146841905440739,0.8146841905440739,0.8146841905440739,0.834684190544074,0.8146841905440739,0.8046841905440739,0.7946841905440739,0.8046841905440739,0.8046841905440739,0.7946841905440739,0.7946841905440739,0.7946841905440739
920,0.8728872887534022,0.8728872887534022,0.8728872887534022,0.8728872887534022,0.8628872887534021,0.8528872887534021,0.8728872887534022,0.8728872887534022,0.8728872887534022,0.8728872887534022,0.8728872887534022,0.8728872887534022,0.8728872887534022
921,0.8628950628845964,0.8528950628845964,0.8528950628845964,0.8628950628845964,0.8828950628845964,0.8828950628845964,0.8828950628845964,0.8928950628845964,0.8728950628845964,0.8628950628845964,0.8628950628845964,0.8928950628845964,0.8828950628845964
922,0.8848385722173391,0.8948385722173391,0.8948385722173391,0.8848385722173391,0.8848385722173391,0.8848385722173391,0.8848385722173391,0.8848385722173391,0.8848385722173391,0.8848385722173391,0.8948385722173391,0.9048385722173391,0.9048385722173391
923,0.8777812026263452,0.8777812026263452,0.8877812026263452,0.8877812026263452,0.8877812026263452,0.9077812026263452,0.9077812026263452,0.8977812026263452,0.8877812026263452,0.8877812026263452,0.8677812026263452,0.9077812026263452,0.8877812026263452
924,0.8609924428980543,0.8709924428980543,0.8709924428980543,0.8809924428980543,0.8809924428980543,0.8809924428980543,0.8809924428980543,0.8809924428980543,0.8809924428980543,0.8909924428980543,0.8609924428980543,0.8609924428980543,0.8609924428980543
925,0.8983404490562745,0.8783404490562745,0.8783404490562745,0.9033404490562745,0.9033404490562745,0.9033404490562745,0.9233404490562745,0.9233404490562745,0.9233404490562745,0.9233404490562745,0.9333404490562746,0.9033404490562745,0.9433404490562746
926,0.8903873146724531,0.8903873146724531,0.8903873146724531,0.8803873146724531,0.8803873146724531,0.8903873146724531,0.9003873146724531,0.9003873146724531,0.9003873146724531,0.9003873146724531,0.9003873146724531,0.9103873146724532,0.9103873146724532
927,0.8684983285656623,0.8684983285656623,0.8684983285656623,0.8884983285656624,0.8884983285656624,0.9084983285656624,0.8784983285656623,0.8784983285656623,0.8784983285656623,0.8484983285656623,0.8584983285656623,0.8384983285656623,0.8384983285656623
928,0.8867083804694393,0.9167083804694394,0.8967083804694393,0.9067083804694394,0.9067083804694394,0.9067083804694394,0.9067083804694394,0.8867083804694393,0.8867083804694393,0.8767083804694393,0.8767083804694393,0.8667083804694393,0.8767083804694393
929,0.9201246549083366,0.9201246549083366,0.9301246549083366,0.9501246549083366,0.9601246549083366,0.9601246549083366,0.9501246549083366,0.9601246549083366,0.9601246549083366,0.9501246549083366,0.9501246549083366,0.9501246549083366,0.9301246549083366
930,0.9466676850508113,0.9366676850508113,0.9466676850508113,0.9466676850508113,0.9466676850508113,0.9466676850508113,0.9566676850508113,0.9566676850508113,0.9466676850508113,0.9466676850508113,0.9466676850508113,0.9366676850508113,0.9466676850508113
931,0.9194588475702358,0.9194588475702358,0.9194588475702358,0.9194588475702358,0.9294588475702358,0.9294588475702358,0.9294588475702358,0.9294588475702358,0.9294588475702358,0.9294588475702358,0.9294588475702358,0.9294588475702358,0.9194588475702358
932,0.8658247113727546,0.8658247113727546,0.8658247113727546,0.8658247113727546,0.8658247113727546,0.8658247113727546,0.8658247113727546,0.8458247113727546,0.8358247113727546,0.8358247113727546,0.8458247113727546,0.8458247113727546,0.8458247113727546
933,0.9054618592083551,0.9054618592083551,0.9054618592083551,0.8954618592083551,0.9054618592083551,0.9254618592083551,0.9254618592083551,0.9254618592083551,0.9354618592083551,0.9354618592083551,0.9354618592083551,0.9254618592083551,0.9254618592083551
934,0.9241940802285656,0.9541940802285657,0.9341940802285656,0.9141940802285656,0.9041940802285656,0.9141940802285656,0.9141940802285656,0.9341940802285656,0.9341940802285656,0.9641940802285657,0.9541940802285657,0.9391940802285657,0.9391940802285657
935,0.8473279870367312,0.8573279870367312,0.8573279870367312,0.8673279870367312,0.8673279870367312,0.8873279870367312,0.8873279870367312,0.8673279870367312,0.8673279870367312,0.8573279870367312,0.8573279870367312,0.8673279870367312,0.8673279870367312
936,0.8669145156549547,0.8869145156549547,0.8869145156549547,0.8869145156549547,0.8869145156549547,0.8869145156549547,0.8969145156549547,0.8969145156549547,0.8969145156549547,0.8869145156549547,0.8969145156549547,0.8969145156549547,0.8869145156549547
937,0.8460256023557955,0.8560256023557955,0.8660256023557955,0.8660256023557955,0.8760256023557955,0.8760256023557955,0.8610256023557955,0.8610256023557955,0.8610256023557955,0.8810256023557955,0.8710256023557955,0.8710256023557955,0.8610256023557955
938,0.8473142969848163,0.8373142969848163,0.8173142969848163,0.8273142969848163,0.8073142969848163,0.8123142969848163,0.8023142969848163,0.8023142969848163,0.8023142969848163,0.8023142969848163,0.8023142969848163,0.8023142969848163,0.8023142969848163
939,0.8095395493690061,0.8095395493690061,0.789539549369006,0.8095395493690061,0.8095395493690061,0.8095395493690061,0.8095395493690061,0.8295395493690061,0.8195395493690061,0.8495395493690061,0.8495395493690061,0.8495395493690061,0.8395395493690061
940,0.8983989294272544,0.8983989294272544,0.9083989294272544,0.9083989294272544,0.9083989294272544,0.9083989294272544,0.8983989294272544,0.8783989294272544,0.8783989294272544,0.8783989294272544,0.8683989294272544,0.8783989294272544,0.8783989294272544
941,0.8558304547262674,0.8258304547262674,0.8158304547262674,0.8208304547262674,0.8308304547262674,0.8308304547262674,0.8408304547262674,0.8408304547262674,0.8508304547262674,0.8508304547262674,0.8408304547262674,0.8508304547262674,0.8308304547262674
942,0.8616221810939745,0.8516221810939745,0.8516221810939745,0.8616221810939745,0.8616221810939745,0.8516221810939745,0.8516221810939745,0.8316221810939745,0.8316221810939745,0.8316221810939745,0.8316221810939745,0.8416221810939745,0.8216221810939744
943,0.8857219140945242,0.8557219140945241,0.8557219140945241,0.8757219140945242,0.8857219140945242,0.8857219140945242,0.8857219140945242,0.8757219140945242,0.9057219140945242,0.9057219140945242,0.9057219140945242,0.9157219140945242,0.9057219140945242
944,0.8269094920199394,0.8269094920199394,0.8269094920199394,0.8169094920199393,0.8269094920199394,0.8169094920199393,0.7969094920199393,0.7969094920199393,0.7969094920199393,0.7869094920199393,0.7869094920199393,0.7919094920199393,0.7919094920199393
945,0.8785549246748223,0.8685549246748223,0.8685549246748223,0.8685549246748223,0.8685549246748223,0.8685549246748223,0.8685549246748223,0.8585549246748223,0.8585549246748223,0.8585549246748223,0.8585549246748223,0.8585549246748223,0.8585549246748223
946,0.8587456291692457,0.8487456291692457,0.8287456291692457,0.8387456291692457,0.8287456291692457,0.8187456291692456,0.8237456291692457,0.8237456291692457,0.8337456291692457,0.8437456291692457,0.8437456291692457,0.8537456291692457,0.8637456291692457
947,0.9274596712176658,0.9274596712176658,0.9274596712176658,0.9274596712176658,0.8974596712176658,0.9074596712176658,0.9174596712176658,0.9174596712176658,0.9074596712176658,0.9074596712176658,0.8874596712176658,0.8874596712176658,0.8874596712176658
948,0.8843346934615018,0.8843346934615018,0.8643346934615018,0.8643346934615018,0.8843346934615018,0.8843346934615018,0.8943346934615019,0.8843346934615018,0.8843346934615018,0.8943346934615019,0.8943346934615019,0.8943346934615019,0.9143346934615019
949,0.8629132101125813,0.8629132101125813,0.8829132101125813,0.8829132101125813,0.8829132101125813,0.8829132101125813,0.8829132101125813,0.9029132101125813,0.8979132101125813,0.8979132101125813,0.8779132101125813,0.8879132101125813,0.9079132101125813
950,0.8474709884854772,0.8374709884854772,0.8274709884854772,0.8074709884854772,0.8074709884854772,0.8074709884854772,0.8174709884854772,0.8074709884854772,0.8074709884854772,0.8074709884854772,0.8124709884854772,0.8124709884854772,0.8124709884854772
951,0.8579517314596997,0.8679517314596997,0.8879517314596997,0.8679517314596997,0.8879517314596997,0.8879517314596997,0.8879517314596997,0.8979517314596998,0.8779517314596997,0.8779517314596997,0.8679517314596997,0.8579517314596997,0.8679517314596997
952,0.9156106793141374,0.9056106793141374,0.9156106793141374,0.9156106793141374,0.9256106793141374,0.8956106793141374,0.9156106793141374,0.9256106793141374,0.9256106793141374,0.9256106793141374,0.9256106793141374,0.9356106793141374,0.9456106793141374
953,0.8931431356234923,0.8831431356234923,0.8731431356234923,0.8631431356234923,0.8531431356234923,0.8631431356234923,0.8631431356234923,0.8531431356234923,0.8531431356234923,0.8531431356234923,0.8531431356234923,0.8531431356234923,0.8731431356234923
954,0.8568522584662435,0.8568522584662435,0.8368522584662434,0.8668522584662435,0.8768522584662435,0.8468522584662435,0.8368522584662434,0.8368522584662434,0.8568522584662435,0.8568522584662435,0.8568522584662435,0.8568522584662435,0.8468522584662435
955,0.8722953835600522,0.8822953835600522,0.8822953835600522,0.8922953835600522,0.9122953835600522,0.9122953835600522,0.9122953835600522,0.9022953835600522,0.9022953835600522,0.9022953835600522,0.9022953835600522,0.9122953835600522,0.9072953835600522
956,0.8953962408948276,0.8853962408948276,0.8753962408948276,0.8653962408948276,0.8553962408948276,0.8603962408948276,0.8603962408948276,0.8603962408948276,0.8603962408948276,0.8703962408948276,0.8703962408948276,0.8603962408948276,0.8803962408948276
957,0.889636541976226,0.889636541976226,0.879636541976226,0.859636541976226,0.859636541976226,0.849636541976226,0.854636541976226,0.864636541976226,0.864636541976226,0.864636541976226,0.844636541976226,0.844636541976226,0.854636541976226
958,0.9361641553559971,0.9361641553559971,0.9461641553559971,0.9461641553559971,0.9661641553559971,0.9761641553559971,0.9711641553559971,0.9611641553559971,0.9411641553559971,0.9411641553559971,0.901164155355997,0.891164155355997,0.891164155355997
959,0.8936101437968884,0.8836101437968884,0.8836101437968884,0.8836101437968884,0.8836101437968884,0.8836101437968884,0.8836101437968884,0.8836101437968884,0.9036101437968884,0.9036101437968884,0.8836101437968884,0.8836101437968884,0.8836101437968884
960,0.8333184446350803,0.8433184446350803,0.8233184446350803,0.8133184446350803,0.8033184446350803,0.7933184446350803,0.8033184446350803,0.8133184446350803,0.8133184446350803,0.8033184446350803,0.8033184446350803,0.8133184446350803,0.8133184446350803
961,0.8510808221718201,0.8410808221718201,0.8410808221718201,0.8410808221718201,0.8410808221718201,0.8410808221718201,0.8410808221718201,0.8410808221718201,0.8410808221718201,0.8610808221718201,0.8710808221718201,0.8710808221718201,0.8810808221718202
962,0.9210838538757151,0.9210838538757151,0.9410838538757151,0.9410838538757151,0.9310838538757151,0.9110838538757151,0.9110838538757151,0.8910838538757151,0.9010838538757151,0.9110838538757151,0.9110838538757151,0.9110838538757151,0.9110838538757151
963,0.9012182024192477,0.9012182024192477,0.8812182024192476,0.8812182024192476,0.8912182024192477,0.9012182024192477,0.8912182024192477,0.9112182024192477,0.9212182024192477,0.9412182024192477,0.9212182024192477,0.9212182024192477,0.9212182024192477
964,0.8979289626838906,0.8979289626838906,0.8979289626838906,0.8979289626838906,0.8879289626838905,0.9079289626838906,0.9079289626838906,0.8979289626838906,0.8979289626838906,0.8779289626838905,0.8779289626838905,0.8779289626838905,0.8779289626838905
965,0.8835300543119713,0.8835300543119713,0.8835300543119713,0.8835300543119713,0.8935300543119713,0.8935300543119713,0.8835300543119713,0.9135300543119713,0.9135300543119713,0.9135300543119713,0.9035300543119713,0.9135300543119713,0.9135300543119713
966,0.8468218286596134,0.8368218286596134,0.8268218286596134,0.8268218286596134,0.8168218286596134,0.8068218286596134,0.8118218286596134,0.8218218286596134,0.8218218286596134,0.8218218286596134,0.8318218286596134,0.8418218286596134,0.8318218286596134
967,0.8396910909580816,0.8496910909580816,0.8396910909580816,0.8396910909580816,0.8296910909580816,0.8396910909580816,0.8596910909580816,0.8696910909580816,0.8696910909580816,0.8796910909580816,0.8746910909580816,0.8746910909580816,0.8646910909580816
968,0.8688757175793822,0.8688757175793822,0.8588757175793822,0.8888757175793822,0.8788757175793822,0.8588757175793822,0.8588757175793822,0.8688757175793822,0.8588757175793822,0.8688757175793822,0.8888757175793822,0.8988757175793822,0.8788757175793822
969,0.8176841979027544,0.8176841979027544,0.8076841979027544,0.8076841979027544,0.7976841979027544,0.8176841979027544,0.8076841979027544,0.7976841979027544,0.7876841979027543,0.7876841979027543,0.7776841979027543,0.7776841979027543,0.7876841979027543
970,0.8413878901723498,0.8413878901723498,0.8513878901723498,0.8613878901723498,0.8513878901723498,0.8513878901723498,0.8513878901723498,0.8613878901723498,0.8613878901723498,0.8363878901723498,0.8363878901723498,0.8263878901723498,0.8463878901723498
971,0.8984930693533226,0.8884930693533226,0.8884930693533226,0.8884930693533226,0.8884930693533226,0.8784930693533226,0.8984930693533226,0.9184930693533226,0.9084930693533226,0.9084930693533226,0.9084930693533226,0.8984930693533226,0.8784930693533226
972,0.8471247333853282,0.8371247333853282,0.8371247333853282,0.8471247333853282,0.8471247333853282,0.8271247333853282,0.8271247333853282,0.8271247333853282,0.8071247333853282,0.8371247333853282,0.8371247333853282,0.8371247333853282,0.8471247333853282
973,0.8586299243612661,0.848629924361266,0.848629924361266,0.8586299243612661,0.8586299243612661,0.8786299243612661,0.8686299243612661,0.8686299243612661,0.8686299243612661,0.8786299243612661,0.8886299243612661,0.8986299243612661,0.8886299243612661
974,0.8484574270170976,0.8484574270170976,0.8484574270170976,0.8584574270170976,0.8584574270170976,0.8484574270170976,0.8684574270170976,0.8584574270170976,0.8584574270170976,0.8584574270170976,0.8584574270170976,0.8484574270170976,0.8484574270170976
975,0.8487693404519031,0.8587693404519031,0.8687693404519031,0.8687693404519031,0.8787693404519031,0.8787693404519031,0.8787693404519031,0.8887693404519031,0.8887693404519031,0.8837693404519031,0.8837693404519031,0.8837693404519031,0.8737693404519031
976,0.839105857792467,0.819105857792467,0.819105857792467,0.809105857792467,0.799105857792467,0.804105857792467,0.814105857792467,0.804105857792467,0.804105857792467,0.804105857792467,0.804105857792467,0.814105857792467,0.824105857792467
977,0.8666043476997073,0.8466043476997073,0.8466043476997073,0.8466043476997073,0.8566043476997073,0.8466043476997073,0.8566043476997073,0.8566043476997073,0.8366043476997073,0.8366043476997073,0.8266043476997073,0.8316043476997073,0.8716043476997073
978,0.846627734498201,0.846627734498201,0.846627734498201,0.846627734498201,0.8366277344982009,0.8266277344982009,0.8366277344982009,0.8066277344982009,0.8066277344982009,0.8116277344982009,0.8216277344982009,0.8216277344982009,0.8216277344982009
979,0.8338012707817617,0.8538012707817617,0.8138012707817617,0.8138012707817617,0.8138012707817617,0.8238012707817617,0.8238012707817617,0.8438012707817617,0.8538012707817617,0.8538012707817617,0.8738012707817617,0.8638012707817617,0.8438012707817617
980,0.8709795480195145,0.8809795480195145,0.8809795480195145,0.8809795480195145,0.8709795480195145,0.8609795480195145,0.8809795480195145,0.8809795480195145,0.8909795480195145,0.8909795480195145,0.8809795480195145,0.8709795480195145,0.8709795480195145
981,0.8947333828238188,0.8947333828238188,0.8947333828238188,0.8947333828238188,0.9047333828238188,0.8947333828238188,0.8947333828238188,0.8947333828238188,0.8847333828238187,0.8847333828238187,0.8747333828238187,0.8747333828238187,0.8747333828238187
982,0.8925155896161222,0.8925155896161222,0.9025155896161222,0.9025155896161222,0.9125155896161222,0.9025155896161222,0.9025155896161222,0.9025155896161222,0.8925155896161222,0.8925155896161222,0.9025155896161222,0.8925155896161222,0.8925155896161222
983,0.8723415965379537,0.8823415965379537,0.8923415965379538,0.8923415965379538,0.8923415965379538,0.9023415965379538,0.8723415965379537,0.8823415965379537,0.8823415965379537,0.8723415965379537,0.8523415965379537,0.8523415965379537,0.8423415965379537
984,0.8181679106982785,0.8081679106982785,0.7881679106982785,0.7881679106982785,0.7881679106982785,0.7881679106982785,0.7781679106982785,0.7831679106982785,0.7831679106982785,0.7831679106982785,0.7931679106982785,0.7731679106982785,0.7731679106982785
985,0.8583969052813594,0.8483969052813594,0.8483969052813594,0.8583969052813594,0.8583969052813594,0.8583969052813594,0.8583969052813594,0.8583969052813594,0.8583969052813594,0.8583969052813594,0.8583969052813594,0.8683969052813594,0.8683969052813594
986,0.8385950783833848,0.8285950783833848,0.8485950783833848,0.8485950783833848,0.8485950783833848,0.8385950783833848,0.8485950783833848,0.8385950783833848,0.8285950783833848,0.8285950783833848,0.8385950783833848,0.8485950783833848,0.8385950783833848
987,0.9392372081428805,0.9392372081428805,0.9392372081428805,0.9392372081428805,0.9392372081428805,0.9592372081428805,0.9692372081428805,0.9792372081428805,0.9792372081428805,0.9592372081428805,0.9692372081428805,0.9692372081428805,0.9792372081428805
988,0.8347114678558256,0.8347114678558256,0.8547114678558256,0.8447114678558256,0.8347114678558256,0.8547114678558256,0.8547114678558256,0.8547114678558256,0.8547114678558256,0.8547114678558256,0.8447114678558256,0.8647114678558256,0.8747114678558257
989,0.899450009455165,0.899450009455165,0.8794500094551649,0.8594500094551649,0.8694500094551649,0.8694500094551649,0.8694500094551649,0.8594500094551649,0.8594500094551649,0.8594500094551649,0.8594500094551649,0.8644500094551649,0.8744500094551649
990,0.8456244861219341,0.8556244861219341,0.8206244861219341,0.8206244861219341,0.8206244861219341,0.8206244861219341,0.8206244861219341,0.8306244861219341,0.8206244861219341,0.8206244861219341,0.810624486121934,0.810624486121934,0.810624486121934
991,0.8585254334751239,0.8685254334751239,0.8585254334751239,0.8785254334751239,0.8785254334751239,0.8885254334751239,0.8885254334751239,0.8785254334751239,0.8785254334751239,0.8785254334751239,0.8785254334751239,0.8685254334751239,0.8785254334751239
992,0.8824662162090372,0.8824662162090372,0.9024662162090372,0.9124662162090372,0.9024662162090372,0.9024662162090372,0.9124662162090372,0.9024662162090372,0.8824662162090372,0.9024662162090372,0.8924662162090372,0.8924662162090372,0.9124662162090372
993,0.8710320833093644,0.8510320833093644,0.8310320833093644,0.8610320833093644,0.8510320833093644,0.8610320833093644,0.8610320833093644,0.8610320833093644,0.8610320833093644,0.8710320833093644,0.8710320833093644,0.8710320833093644,0.8710320833093644
994,0.9118436922455425,0.9218436922455425,0.9218436922455425,0.9218436922455425,0.9218436922455425,0.9218436922455425,0.9218436922455425,0.9518436922455425,0.9468436922455425,0.9368436922455425,0.9168436922455425,0.9168436922455425,0.9068436922455425
995,0.8989743720877151,0.9289743720877152,0.9189743720877152,0.9189743720877152,0.9289743720877152,0.9139743720877151,0.9139743720877151,0.9239743720877152,0.9039743720877151,0.8939743720877151,0.8939743720877151,0.9139743720877151,0.9139743720877151
996,0.900172939148456,0.890172939148456,0.880172939148456,0.880172939148456,0.880172939148456,0.890172939148456,0.880172939148456,0.880172939148456,0.890172939148456,0.890172939148456,0.900172939148456,0.920172939148456,0.900172939148456
997,0.8722142489365141,0.8622142489365141,0.8522142489365141,0.8422142489365141,0.8422142489365141,0.8422142489365141,0.8422142489365141,0.8522142489365141,0.8522142489365141,0.8622142489365141,0.8622142489365141,0.8972142489365141,0.8772142489365141
998,0.851438156567088,0.841438156567088,0.841438156567088,0.841438156567088,0.811438156567088,0.821438156567088,0.836438156567088,0.836438156567088,0.846438156567088,0.856438156567088,0.866438156567088,0.866438156567088,0.876438156567088
999,0.8467234347190701,0.8367234347190701,0.8367234347190701,0.8367234347190701,0.8367234347190701,0.81672343471907,0.81672343471907,0.81672343471907,0.8267234347190701,0.8267234347190701,0.8367234347190701,0.8367234347190701,0.8567234347190701
