Time Step,Simulation,0,2,4,6,8,10,12,14,16,18,20,22
0,0.9679018919806647,0.9479018919806647,0.9479018919806647,0.9479018919806647,0.9379018919806646,0.9379018919806646,0.9379018919806646,0.9579018919806647,0.9779018919806647,0.9779018919806647,0.9779018919806647,0.9679018919806647,0.9579018919806647
1,0.8930840470643953,0.9030840470643953,0.9030840470643953,0.9130840470643953,0.9130840470643953,0.8880840470643953,0.8880840470643953,0.8880840470643953,0.8880840470643953,0.8680840470643952,0.8580840470643952,0.8480840470643952,0.8480840470643952
2,1.0,1.0,1.0,0.99,0.99,0.99,1.0,1.0,0.99,0.99,1.0,0.99,1.0
3,0.9458461664078295,0.9458461664078295,0.9458461664078295,0.9458461664078295,0.9358461664078295,0.9358461664078295,0.9458461664078295,0.9358461664078295,0.9358461664078295,0.9458461664078295,0.9458461664078295,0.9458461664078295,0.9658461664078295
4,0.9655343324665002,0.9655343324665002,0.9555343324665002,0.9455343324665002,0.9455343324665002,0.9355343324665002,0.9455343324665002,0.9355343324665002,0.9255343324665002,0.9355343324665002,0.9355343324665002,0.9355343324665002,0.9255343324665002
5,0.9320590210212106,0.9320590210212106,0.9420590210212106,0.9520590210212106,0.9520590210212106,0.9520590210212106,0.9520590210212106,0.9520590210212106,0.9520590210212106,0.9420590210212106,0.9620590210212107,0.9720590210212107,0.9720590210212107
6,0.9859031522365796,0.9959031522365797,0.9959031522365797,0.9759031522365796,0.9759031522365796,0.9759031522365796,0.9659031522365796,0.9659031522365796,0.9659031522365796,0.9559031522365796,0.9659031522365796,0.9659031522365796,0.9659031522365796
7,0.9145070837857057,0.9145070837857057,0.8945070837857056,0.8745070837857056,0.8795070837857056,0.8795070837857056,0.8895070837857056,0.8995070837857057,0.9095070837857057,0.8995070837857057,0.8995070837857057,0.9195070837857057,0.9395070837857057
8,0.9515137630573659,0.9615137630573659,0.9215137630573659,0.9215137630573659,0.9215137630573659,0.9215137630573659,0.9215137630573659,0.9315137630573659,0.9315137630573659,0.9315137630573659,0.9315137630573659,0.9315137630573659,0.9315137630573659
9,0.8709083293292795,0.8909083293292795,0.9009083293292796,0.9009083293292796,0.9109083293292796,0.9109083293292796,0.9059083293292796,0.8759083293292795,0.8759083293292795,0.8659083293292795,0.8659083293292795,0.9059083293292796,0.9059083293292796
10,1.0,1.0,1.0,1.0,0.985,0.965,0.965,0.945,0.955,0.955,0.955,0.955,0.965
11,0.9175026595381213,0.9175026595381213,0.9175026595381213,0.9175026595381213,0.9275026595381213,0.9275026595381213,0.9275026595381213,0.9375026595381213,0.9275026595381213,0.9075026595381213,0.9075026595381213,0.8775026595381212,0.8775026595381212
12,0.9955590683344457,1.0,1.0,1.0,1.0,1.0,1.0,0.99,0.99,0.99,0.99,0.99,1.0
13,0.8829366849092202,0.8829366849092202,0.8729366849092202,0.8829366849092202,0.8929366849092202,0.8829366849092202,0.8929366849092202,0.8929366849092202,0.8929366849092202,0.8929366849092202,0.9029366849092202,0.8929366849092202,0.9129366849092202
14,1.0,0.99,0.97,0.985,0.985,0.975,0.995,0.995,0.985,0.995,0.975,0.985,0.995
15,1.0,1.0,1.0,1.0,1.0,1.0,1.0,0.99,0.975,0.975,0.975,0.965,0.965
16,1.0,1.0,1.0,1.0,1.0,1.0,1.0,0.97,0.97,0.99,0.99,0.99,0.99
17,0.9139825092281308,0.9139825092281308,0.9039825092281308,0.8939825092281308,0.9039825092281308,0.8939825092281308,0.9139825092281308,0.8839825092281308,0.8839825092281308,0.8989825092281308,0.8889825092281308,0.8889825092281308,0.8889825092281308
18,0.9158587294693235,0.9258587294693235,0.9558587294693235,0.9458587294693235,0.9458587294693235,0.9558587294693235,0.9558587294693235,0.9508587294693235,0.9408587294693235,0.9208587294693235,0.9208587294693235,0.9308587294693235,0.9308587294693235
19,1.0,1.0,1.0,0.99,1.0,1.0,1.0,1.0,0.995,0.985,0.975,0.955,0.945
20,0.9883163142632021,0.9883163142632021,0.9783163142632021,0.9583163142632021,0.9583163142632021,0.9683163142632021,0.9783163142632021,0.9883163142632021,0.9983163142632021,0.9983163142632021,1.0,1.0,1.0
21,0.9266830443224251,0.9166830443224251,0.8966830443224251,0.8866830443224251,0.8866830443224251,0.8866830443224251,0.9066830443224251,0.9166830443224251,0.8966830443224251,0.9066830443224251,0.9166830443224251,0.9066830443224251,0.8966830443224251
22,1.0,0.99,0.99,1.0,1.0,0.98,0.98,0.97,0.99,1.0,1.0,1.0,0.96
23,0.9437072949932566,0.9337072949932566,0.9037072949932565,0.9037072949932565,0.9087072949932565,0.9387072949932566,0.9487072949932566,0.9487072949932566,0.9687072949932566,0.9287072949932565,0.9287072949932565,0.9387072949932566,0.9387072949932566
24,0.9049914211685903,0.8849914211685903,0.8849914211685903,0.8849914211685903,0.8849914211685903,0.8749914211685903,0.8949914211685903,0.8949914211685903,0.8949914211685903,0.8949914211685903,0.8949914211685903,0.8949914211685903,0.8949914211685903
25,0.9293568326820613,0.9393568326820613,0.9393568326820613,0.9493568326820613,0.9293568326820613,0.9093568326820612,0.9343568326820613,0.9343568326820613,0.9343568326820613,0.9343568326820613,0.9343568326820613,0.9143568326820612,0.9143568326820612
26,0.9747619580593023,0.9847619580593023,0.9947619580593023,0.9947619580593023,1.0,0.99,0.99,1.0,0.99,0.99,1.0,0.995,0.985
27,0.9803183728532963,0.9903183728532963,0.9803183728532963,0.9803183728532963,0.9803183728532963,0.9703183728532963,0.9703183728532963,0.9703183728532963,0.9603183728532962,0.9603183728532962,0.9503183728532962,0.9503183728532962,0.9603183728532962
28,1.0,0.99,0.99,0.99,0.99,0.99,1.0,1.0,1.0,0.99,0.99,1.0,1.0
29,0.9566222377187013,0.9666222377187013,0.9666222377187013,0.9866222377187013,0.9866222377187013,0.9866222377187013,0.9766222377187013,0.9766222377187013,0.9766222377187013,0.9766222377187013,0.9766222377187013,0.9766222377187013,0.9766222377187013
30,0.9089696746727671,0.9189696746727671,0.9189696746727671,0.9189696746727671,0.9089696746727671,0.8889696746727671,0.8889696746727671,0.8889696746727671,0.8989696746727671,0.8989696746727671,0.8889696746727671,0.9189696746727671,0.8989696746727671
31,0.987035875249696,0.987035875249696,0.9970358752496961,0.9970358752496961,0.9970358752496961,1.0,1.0,1.0,1.0,1.0,1.0,1.0,1.0
32,1.0,1.0,0.99,0.99,1.0,1.0,1.0,1.0,1.0,1.0,0.995,0.995,0.985
33,0.9239281283043628,0.9139281283043628,0.9239281283043628,0.9139281283043628,0.9339281283043628,0.9339281283043628,0.9339281283043628,0.9239281283043628,0.9239281283043628,0.8939281283043627,0.8839281283043627,0.8839281283043627,0.8939281283043627
34,0.922349813821848,0.932349813821848,0.932349813821848,0.942349813821848,0.942349813821848,0.942349813821848,0.952349813821848,0.952349813821848,0.962349813821848,0.962349813821848,0.952349813821848,0.952349813821848,0.952349813821848
35,0.8605450908043655,0.8605450908043655,0.8605450908043655,0.8605450908043655,0.8505450908043655,0.8705450908043655,0.8505450908043655,0.8505450908043655,0.8505450908043655,0.8205450908043654,0.8255450908043654,0.8355450908043655,0.8555450908043655
36,0.9045511431123888,0.9145511431123888,0.9145511431123888,0.9245511431123888,0.9145511431123888,0.9145511431123888,0.9345511431123888,0.9345511431123888,0.9345511431123888,0.9245511431123888,0.9245511431123888,0.9245511431123888,0.9245511431123888
37,1.0,1.0,1.0,0.99,0.96,0.96,0.95,0.94,0.94,0.94,0.94,0.94,0.94
38,0.99757557162996,0.99757557162996,1.0,0.99,0.99,0.98,0.98,0.96,0.975,0.995,0.995,0.995,0.975
39,0.9442365998062281,0.9342365998062281,0.9242365998062281,0.9042365998062281,0.9042365998062281,0.9092365998062281,0.9092365998062281,0.9092365998062281,0.9192365998062281,0.9192365998062281,0.9192365998062281,0.9192365998062281,0.9192365998062281
40,0.9774742529122827,0.9674742529122827,0.9474742529122827,0.9574742529122827,0.9574742529122827,0.9574742529122827,0.9674742529122827,0.9774742529122827,0.9874742529122827,0.9874742529122827,0.9774742529122827,0.9574742529122827,0.9574742529122827
41,0.9763522055967546,0.9863522055967546,0.9863522055967546,0.9963522055967546,1.0,1.0,1.0,0.99,1.0,1.0,1.0,1.0,0.99
42,0.926688604861682,0.916688604861682,0.926688604861682,0.936688604861682,0.936688604861682,0.936688604861682,0.946688604861682,0.916688604861682,0.916688604861682,0.916688604861682,0.916688604861682,0.916688604861682,0.916688604861682
43,1.0,1.0,1.0,0.99,0.98,0.98,1.0,0.995,1.0,1.0,1.0,1.0,0.99
44,0.9265634449573117,0.9365634449573117,0.9165634449573117,0.9165634449573117,0.9165634449573117,0.9165634449573117,0.9165634449573117,0.9165634449573117,0.9265634449573117,0.9465634449573117,0.9565634449573117,0.9565634449573117,0.9565634449573117
45,0.9354261803354781,0.9354261803354781,0.9554261803354781,0.9554261803354781,0.9654261803354781,0.9554261803354781,0.9454261803354781,0.9454261803354781,0.9554261803354781,0.9454261803354781,0.9454261803354781,0.9454261803354781,0.9354261803354781
46,0.9561091701310138,0.9461091701310138,0.9461091701310138,0.9661091701310138,0.9361091701310138,0.9461091701310138,0.9661091701310138,0.9661091701310138,0.9861091701310138,0.9961091701310139,0.9961091701310139,0.9961091701310139,0.9861091701310138
47,0.9775456788189684,0.9775456788189684,0.9575456788189683,0.9475456788189683,0.9475456788189683,0.9375456788189683,0.9375456788189683,0.9375456788189683,0.9425456788189683,0.9525456788189683,0.9425456788189683,0.9425456788189683,0.9525456788189683
48,0.9805441638577048,1.0,0.99,0.98,1.0,1.0,1.0,0.98,0.98,0.98,0.96,0.96,0.96
49,0.9937621943107019,0.9937621943107019,0.9637621943107019,0.9637621943107019,0.9737621943107019,0.9837621943107019,0.9637621943107019,0.9637621943107019,0.9837621943107019,0.9737621943107019,0.9837621943107019,0.9737621943107019,0.9737621943107019
50,0.8892902651996878,0.8892902651996878,0.8992902651996878,0.8992902651996878,0.8992902651996878,0.8892902651996878,0.8992902651996878,0.9092902651996878,0.9292902651996878,0.9292902651996878,0.9292902651996878,0.9242902651996878,0.9242902651996878
51,0.9161658964509947,0.9161658964509947,0.9061658964509947,0.9161658964509947,0.9261658964509947,0.9261658964509947,0.9261658964509947,0.9261658964509947,0.9161658964509947,0.9161658964509947,0.8961658964509946,0.8761658964509946,0.8861658964509946
52,0.9290568273508001,0.9190568273508001,0.9190568273508001,0.9090568273508001,0.8990568273508001,0.9190568273508001,0.9290568273508001,0.9490568273508001,0.9390568273508001,0.9690568273508001,0.9590568273508001,0.9690568273508001,0.9590568273508001
53,0.9148057111995666,0.9048057111995665,0.8848057111995665,0.8748057111995665,0.8798057111995665,0.8898057111995665,0.8898057111995665,0.8998057111995665,0.9098057111995665,0.9098057111995665,0.9098057111995665,0.9198057111995666,0.9198057111995666
54,0.9219265740553536,0.9319265740553536,0.9419265740553536,0.9419265740553536,0.9219265740553536,0.9219265740553536,0.9219265740553536,0.9319265740553536,0.9219265740553536,0.9319265740553536,0.9319265740553536,0.9519265740553536,0.9519265740553536
55,0.9207610167994611,0.9107610167994611,0.9007610167994611,0.8907610167994611,0.8807610167994611,0.8907610167994611,0.8807610167994611,0.8807610167994611,0.8807610167994611,0.8857610167994611,0.9057610167994611,0.8857610167994611,0.8857610167994611
56,0.9316732935130337,0.9416732935130337,0.9516732935130338,0.9716732935130338,0.9516732935130338,0.9516732935130338,0.9316732935130337,0.9316732935130337,0.9316732935130337,0.9516732935130338,0.9316732935130337,0.9216732935130337,0.9216732935130337
57,0.9050818854283595,0.9050818854283595,0.9050818854283595,0.9450818854283596,0.9450818854283596,0.9350818854283596,0.9450818854283596,0.9450818854283596,0.9450818854283596,0.9450818854283596,0.9400818854283596,0.9400818854283596,0.9400818854283596
58,1.0,1.0,1.0,0.985,0.965,0.965,0.965,0.945,0.945,0.945,0.945,0.945,0.955
59,1.0,1.0,1.0,0.99,1.0,1.0,1.0,1.0,1.0,1.0,0.98,0.97,0.98
60,0.9684337686691624,0.9684337686691624,0.9984337686691624,0.9984337686691624,0.9784337686691624,0.9784337686691624,0.9884337686691624,0.9884337686691624,0.9884337686691624,0.9984337686691624,0.9784337686691624,0.9684337686691624,0.9984337686691624
61,0.9521933150374454,0.9321933150374454,0.9421933150374454,0.9421933150374454,0.9421933150374454,0.9321933150374454,0.9321933150374454,0.9321933150374454,0.9221933150374454,0.9121933150374454,0.9171933150374454,0.9171933150374454,0.9271933150374454
62,0.9650320276152111,0.9850320276152111,0.9950320276152111,0.9950320276152111,0.9950320276152111,1.0,0.99,0.98,0.99,0.99,0.99,0.99,0.98
63,1.0,1.0,1.0,1.0,0.99,1.0,0.99,1.0,1.0,0.995,0.995,0.985,0.985
64,0.9124538677689107,0.9424538677689107,0.9524538677689107,0.9524538677689107,0.9524538677689107,0.9474538677689107,0.9474538677689107,0.9474538677689107,0.9374538677689107,0.9174538677689107,0.9174538677689107,0.9074538677689107,0.9274538677689107
65,0.8145197925576686,0.8145197925576686,0.8145197925576686,0.8145197925576686,0.8145197925576686,0.7945197925576686,0.7845197925576686,0.7845197925576686,0.7745197925576686,0.7795197925576686,0.7995197925576686,0.7995197925576686,0.8295197925576686
66,1.0,1.0,1.0,1.0,1.0,1.0,1.0,1.0,1.0,0.98,0.99,0.99,0.99
67,0.8392125852281794,0.8392125852281794,0.8592125852281794,0.8692125852281795,0.8542125852281794,0.8442125852281794,0.8442125852281794,0.8542125852281794,0.8542125852281794,0.8542125852281794,0.8642125852281795,0.8842125852281795,0.8842125852281795
68,0.8103069085272261,0.8103069085272261,0.8103069085272261,0.8003069085272261,0.7903069085272261,0.8003069085272261,0.8003069085272261,0.8003069085272261,0.7903069085272261,0.7903069085272261,0.7803069085272261,0.7803069085272261,0.8003069085272261
69,0.9374429203108909,0.9274429203108909,0.9274429203108909,0.9274429203108909,0.9274429203108909,0.9174429203108909,0.9074429203108909,0.9174429203108909,0.9074429203108909,0.9074429203108909,0.9074429203108909,0.9074429203108909,0.9074429203108909
70,1.0,1.0,0.99,0.98,0.99,1.0,1.0,1.0,0.97,0.98,0.96,0.96,0.96
71,0.7593058704139932,0.7693058704139932,0.7693058704139932,0.7793058704139932,0.7793058704139932,0.7693058704139932,0.7693058704139932,0.7693058704139932,0.7693058704139932,0.7693058704139932,0.7793058704139932,0.7793058704139932,0.7993058704139933
72,0.9348186670506362,0.9448186670506362,0.9548186670506362,0.9448186670506362,0.9448186670506362,0.9448186670506362,0.9148186670506362,0.9348186670506362,0.9348186670506362,0.9248186670506362,0.9148186670506362,0.9148186670506362,0.9248186670506362
73,1.0,1.0,1.0,0.985,0.975,0.965,0.965,0.975,0.985,0.955,0.955,0.9349999999999999,0.945
74,0.9331086982801524,0.9631086982801524,0.9531086982801524,0.9331086982801524,0.9631086982801524,0.9531086982801524,0.9331086982801524,0.9031086982801524,0.9031086982801524,0.9031086982801524,0.9031086982801524,0.9031086982801524,0.9231086982801524
75,0.926504091278393,0.926504091278393,0.936504091278393,0.926504091278393,0.936504091278393,0.926504091278393,0.9165040912783929,0.936504091278393,0.926504091278393,0.9165040912783929,0.9165040912783929,0.926504091278393,0.926504091278393
76,1.0,1.0,0.99,0.99,1.0,1.0,1.0,1.0,0.98,0.96,0.96,0.97,0.97
77,1.0,1.0,1.0,1.0,1.0,0.965,0.965,0.965,0.965,0.985,0.995,0.985,0.995
78,0.988010385491167,0.998010385491167,0.978010385491167,0.998010385491167,1.0,0.99,1.0,1.0,1.0,0.98,0.955,0.975,0.955
79,0.9666610026809689,0.9466610026809689,0.9666610026809689,0.9666610026809689,0.9666610026809689,0.9666610026809689,0.9766610026809689,0.9866610026809689,0.9966610026809689,0.9966610026809689,0.9966610026809689,0.9966610026809689,0.9866610026809689
80,0.8767202818438506,0.8767202818438506,0.8867202818438507,0.8667202818438506,0.8667202818438506,0.8667202818438506,0.8667202818438506,0.8567202818438506,0.8467202818438506,0.8467202818438506,0.8467202818438506,0.8617202818438506,0.8517202818438506
81,0.9593935188557172,0.9693935188557172,0.9793935188557172,0.9893935188557172,0.9893935188557172,0.9893935188557172,0.9993935188557173,0.9793935188557172,0.9793935188557172,0.9993935188557173,0.9943935188557173,0.9843935188557172,0.9643935188557172
82,0.9437303843371262,0.9437303843371262,0.9437303843371262,0.9637303843371262,0.9537303843371262,0.9637303843371262,0.9737303843371262,0.9737303843371262,0.9637303843371262,0.9737303843371262,0.9637303843371262,0.9737303843371262,0.9637303843371262
83,0.9826393477482316,0.9926393477482316,0.9926393477482316,1.0,0.99,0.99,0.98,0.98,0.97,0.98,0.96,0.96,0.98
84,0.9817328605714193,0.9817328605714193,1.0,1.0,1.0,1.0,1.0,1.0,0.99,0.99,0.98,0.97,0.98
85,0.8377994921009753,0.8377994921009753,0.8277994921009753,0.8277994921009753,0.8177994921009752,0.8177994921009752,0.8177994921009752,0.8177994921009752,0.8177994921009752,0.8277994921009753,0.8077994921009752,0.8077994921009752,0.8077994921009752
86,1.0,1.0,1.0,1.0,1.0,1.0,1.0,0.99,1.0,0.985,0.985,0.995,0.995
87,0.9180746986473347,0.9080746986473347,0.9080746986473347,0.9080746986473347,0.9280746986473347,0.9280746986473347,0.9380746986473347,0.9480746986473347,0.9480746986473347,0.9330746986473347,0.9130746986473347,0.8930746986473347,0.9130746986473347
88,0.997718371023266,1.0,1.0,1.0,1.0,1.0,1.0,1.0,0.99,0.98,1.0,1.0,0.97
89,0.900740065071845,0.880740065071845,0.905740065071845,0.905740065071845,0.895740065071845,0.885740065071845,0.875740065071845,0.865740065071845,0.875740065071845,0.865740065071845,0.865740065071845,0.885740065071845,0.875740065071845
90,0.9611808224068892,0.9511808224068892,0.9511808224068892,0.9511808224068892,0.9611808224068892,0.9511808224068892,0.9411808224068892,0.9411808224068892,0.9411808224068892,0.9411808224068892,0.9411808224068892,0.9411808224068892,0.9411808224068892
91,0.9179528512802382,0.9179528512802382,0.9179528512802382,0.9179528512802382,0.9079528512802382,0.9179528512802382,0.9179528512802382,0.8979528512802382,0.8979528512802382,0.8979528512802382,0.9179528512802382,0.9179528512802382,0.9179528512802382
92,1.0,1.0,1.0,1.0,1.0,0.99,0.99,0.98,0.98,0.98,0.98,0.98,0.98
93,1.0,1.0,1.0,1.0,1.0,1.0,1.0,1.0,0.99,0.98,0.98,0.98,0.97
94,0.8752198342548612,0.8952198342548612,0.8852198342548612,0.8952198342548612,0.8952198342548612,0.9052198342548612,0.8952198342548612,0.8752198342548612,0.8552198342548611,0.8452198342548611,0.8452198342548611,0.8552198342548611,0.8552198342548611
95,0.9313080858642384,0.9313080858642384,0.9413080858642384,0.9413080858642384,0.9413080858642384,0.9213080858642384,0.9413080858642384,0.9513080858642384,0.9413080858642384,0.9413080858642384,0.9413080858642384,0.9513080858642384,0.9313080858642384
96,1.0,1.0,1.0,1.0,0.99,0.99,0.97,0.97,0.97,0.97,0.97,0.98,0.99
97,1.0,1.0,0.99,0.99,0.98,0.97,0.98,0.96,0.965,0.965,0.985,0.985,1.0
98,0.9758210806567001,0.9758210806567001,0.9958210806567002,0.9758210806567001,0.9758210806567001,0.9758210806567001,0.9658210806567001,0.9658210806567001,0.9658210806567001,0.9558210806567001,0.9458210806567001,0.9458210806567001,0.9458210806567001
99,0.9219278473989772,0.9219278473989772,0.9319278473989772,0.9319278473989772,0.9319278473989772,0.9019278473989771,0.9019278473989771,0.9019278473989771,0.8919278473989771,0.9119278473989771,0.9219278473989772,0.9219278473989772,0.9219278473989772
100,0.9870580616223755,0.9870580616223755,0.9970580616223755,0.9870580616223755,0.9770580616223755,0.9570580616223755,0.9470580616223755,0.9470580616223755,0.9470580616223755,0.9520580616223755,0.9520580616223755,0.9620580616223755,0.9820580616223755
101,0.9479992929533528,0.9579992929533528,0.9479992929533528,0.9679992929533529,0.9579992929533528,0.9779992929533529,0.9779992929533529,0.9879992929533529,0.9829992929533529,0.9829992929533529,0.9729992929533529,0.9729992929533529,0.9829992929533529
102,0.8913691257417776,0.8913691257417776,0.8613691257417776,0.8513691257417776,0.8713691257417776,0.8713691257417776,0.8613691257417776,0.8613691257417776,0.8813691257417776,0.8913691257417776,0.9113691257417776,0.9113691257417776,0.9113691257417776
103,0.9625922370298876,0.9625922370298876,0.9625922370298876,0.9725922370298876,0.9725922370298876,0.9525922370298876,0.9525922370298876,0.9625922370298876,0.9625922370298876,0.9625922370298876,0.9625922370298876,0.9725922370298876,0.9725922370298876
104,0.882339074115791,0.9023390741157911,0.9223390741157911,0.9023390741157911,0.9023390741157911,0.9023390741157911,0.9023390741157911,0.892339074115791,0.892339074115791,0.882339074115791,0.9123390741157911,0.9023390741157911,0.9023390741157911
105,0.9308476042889264,0.9108476042889264,0.9008476042889264,0.9108476042889264,0.9108476042889264,0.9008476042889264,0.9208476042889264,0.9208476042889264,0.9208476042889264,0.9208476042889264,0.9208476042889264,0.9308476042889264,0.9508476042889265
106,0.9662146343337479,0.9762146343337479,0.9762146343337479,0.9762146343337479,0.9762146343337479,0.9862146343337479,0.9762146343337479,0.9562146343337479,0.9562146343337479,0.9462146343337479,0.9362146343337479,0.9462146343337479,0.9462146343337479
107,0.9335277261949669,0.9335277261949669,0.9235277261949669,0.9235277261949669,0.9235277261949669,0.9235277261949669,0.9235277261949669,0.9235277261949669,0.8935277261949669,0.8935277261949669,0.8985277261949669,0.9085277261949669,0.9085277261949669
108,0.9218044409002862,0.9318044409002862,0.9318044409002862,0.9418044409002863,0.9218044409002862,0.9118044409002862,0.9218044409002862,0.9218044409002862,0.9218044409002862,0.9218044409002862,0.9318044409002862,0.9318044409002862,0.9318044409002862
109,1.0,1.0,0.99,1.0,1.0,1.0,0.98,0.98,0.96,0.98,0.99,0.98,0.98
110,0.9893115888160162,0.9793115888160162,0.9893115888160162,0.9893115888160162,0.9793115888160162,0.9793115888160162,0.9793115888160162,0.9793115888160162,0.9993115888160162,1.0,0.98,0.98,0.98
111,0.9041260770047492,0.9041260770047492,0.8841260770047492,0.8841260770047492,0.9091260770047492,0.9091260770047492,0.9091260770047492,0.9091260770047492,0.8991260770047492,0.8991260770047492,0.8791260770047492,0.8791260770047492,0.8891260770047492
112,0.963562930985247,0.953562930985247,0.953562930985247,0.963562930985247,0.963562930985247,0.953562930985247,0.953562930985247,0.923562930985247,0.923562930985247,0.923562930985247,0.928562930985247,0.938562930985247,0.918562930985247
113,0.9134055153131719,0.9134055153131719,0.9134055153131719,0.9134055153131719,0.9134055153131719,0.9134055153131719,0.9034055153131719,0.9134055153131719,0.9034055153131719,0.9234055153131719,0.9234055153131719,0.9234055153131719,0.9134055153131719
114,0.9089797835877461,0.9289797835877461,0.9189797835877461,0.9189797835877461,0.9389797835877461,0.9389797835877461,0.9239797835877461,0.9339797835877461,0.9439797835877461,0.9439797835877461,0.9439797835877461,0.9339797835877461,0.9439797835877461
115,0.95875701924811,0.95875701924811,0.94875701924811,0.94875701924811,0.94875701924811,0.95875701924811,0.95875701924811,0.95875701924811,0.95875701924811,0.95875701924811,0.96875701924811,0.96875701924811,0.98875701924811
116,0.9292023105461129,0.9292023105461129,0.9392023105461129,0.9392023105461129,0.9392023105461129,0.9492023105461129,0.9392023105461129,0.9392023105461129,0.9192023105461129,0.9192023105461129,0.9192023105461129,0.9192023105461129,0.9292023105461129
117,0.9439541490303017,0.9339541490303017,0.9339541490303017,0.9439541490303017,0.9439541490303017,0.9439541490303017,0.9639541490303017,0.9739541490303018,0.9839541490303018,0.9789541490303018,0.9689541490303017,0.9689541490303017,0.9789541490303018
118,0.9449389849181792,0.9549389849181792,0.9549389849181792,0.9449389849181792,0.9649389849181792,0.9749389849181792,0.9649389849181792,0.9749389849181792,0.9749389849181792,0.9749389849181792,0.9749389849181792,0.9749389849181792,0.9649389849181792
119,0.9848894147413694,0.9848894147413694,0.9748894147413694,0.9748894147413694,0.9748894147413694,0.9848894147413694,1.0,0.99,1.0,1.0,1.0,1.0,1.0
120,0.9141187414707828,0.9141187414707828,0.9341187414707828,0.9241187414707828,0.9441187414707828,0.9441187414707828,0.9291187414707828,0.9091187414707828,0.9091187414707828,0.9091187414707828,0.9091187414707828,0.9191187414707828,0.9291187414707828
121,0.9473180919093299,0.9373180919093299,0.9573180919093299,0.9673180919093299,0.98731809190933,0.98731809190933,0.97731809190933,0.98731809190933,0.98731809190933,0.98731809190933,0.97731809190933,0.97731809190933,0.98731809190933
122,0.9634782333189659,0.9634782333189659,0.9734782333189659,0.9734782333189659,0.9734782333189659,1.0,1.0,1.0,1.0,0.995,0.975,0.955,0.975
123,0.9770220466281269,0.9770220466281269,0.9670220466281269,0.9470220466281268,0.9620220466281268,0.9420220466281268,0.9520220466281268,0.9520220466281268,0.9720220466281269,0.9520220466281268,0.9720220466281269,0.9520220466281268,0.9520220466281268
124,1.0,0.98,0.96,0.96,0.965,0.975,0.965,0.965,0.965,0.975,0.975,0.985,0.995
125,0.933444265408218,0.933444265408218,0.943444265408218,0.943444265408218,0.973444265408218,0.968444265408218,0.968444265408218,0.968444265408218,0.958444265408218,0.958444265408218,0.958444265408218,0.938444265408218,0.908444265408218
126,0.7883715295261535,0.7783715295261535,0.7783715295261535,0.7983715295261535,0.7983715295261535,0.7983715295261535,0.7983715295261535,0.7883715295261535,0.7783715295261535,0.7883715295261535,0.7883715295261535,0.7783715295261535,0.7783715295261535
127,0.9463478247681618,0.9363478247681618,0.9163478247681618,0.9363478247681618,0.9263478247681618,0.9513478247681618,0.9513478247681618,0.9413478247681618,0.9413478247681618,0.9413478247681618,0.9213478247681618,0.9313478247681618,0.9213478247681618
128,0.8829587105422245,0.8829587105422245,0.8729587105422245,0.8629587105422245,0.8629587105422245,0.8629587105422245,0.8529587105422245,0.8529587105422245,0.8529587105422245,0.8529587105422245,0.8529587105422245,0.8529587105422245,0.8429587105422245
129,1.0,1.0,1.0,0.99,0.99,0.98,1.0,1.0,1.0,1.0,1.0,0.98,0.955
130,1.0,1.0,1.0,1.0,1.0,0.99,0.99,0.99,0.99,0.99,1.0,1.0,1.0
131,0.9228258164226725,0.9328258164226725,0.9128258164226725,0.9228258164226725,0.9028258164226725,0.9228258164226725,0.9228258164226725,0.9228258164226725,0.9028258164226725,0.9328258164226725,0.9328258164226725,0.9328258164226725,0.9228258164226725
132,0.8365459213704368,0.8365459213704368,0.8165459213704368,0.8165459213704368,0.8265459213704368,0.8465459213704368,0.8565459213704368,0.8665459213704368,0.8565459213704368,0.8565459213704368,0.8565459213704368,0.8565459213704368,0.8565459213704368
133,0.8265491676504981,0.8365491676504981,0.8365491676504981,0.8565491676504982,0.8665491676504982,0.8565491676504982,0.8415491676504981,0.8415491676504981,0.8215491676504981,0.8215491676504981,0.8215491676504981,0.8315491676504981,0.8315491676504981
134,0.91210894331834,0.90210894331834,0.90210894331834,0.89210894331834,0.90210894331834,0.90210894331834,0.89210894331834,0.88210894331834,0.87210894331834,0.87210894331834,0.87210894331834,0.87210894331834,0.87710894331834
135,0.9935885060860314,1.0,1.0,1.0,1.0,1.0,0.99,0.99,0.99,0.99,1.0,0.995,0.995
136,0.9442810964497264,0.9542810964497264,0.9642810964497264,0.9642810964497264,0.9342810964497263,0.9342810964497263,0.9342810964497263,0.9642810964497264,0.9642810964497264,0.9542810964497264,0.9442810964497264,0.9342810964497263,0.9442810964497264
137,1.0,1.0,1.0,1.0,0.98,0.97,0.97,0.96,0.975,0.975,0.975,0.975,0.965
138,0.9329100221214187,0.9329100221214187,0.9129100221214187,0.9029100221214187,0.8929100221214187,0.9029100221214187,0.9029100221214187,0.9129100221214187,0.9379100221214187,0.9379100221214187,0.9379100221214187,0.9279100221214187,0.9179100221214187
139,0.9552980468081205,0.9452980468081205,0.9452980468081205,0.9452980468081205,0.9452980468081205,0.9352980468081205,0.9352980468081205,0.9552980468081205,0.9552980468081205,0.9552980468081205,0.9652980468081205,0.9552980468081205,0.9652980468081205
140,0.9812821466201749,0.9512821466201749,0.9512821466201749,0.9512821466201749,0.9412821466201748,0.9412821466201748,0.9462821466201748,0.9562821466201749,0.9462821466201748,0.9562821466201749,0.9662821466201749,0.9662821466201749,0.9762821466201749
141,0.9386700827444836,0.9386700827444836,0.9086700827444836,0.8986700827444836,0.8986700827444836,0.9086700827444836,0.9286700827444836,0.9286700827444836,0.9386700827444836,0.9386700827444836,0.9386700827444836,0.9286700827444836,0.9286700827444836
142,0.97565766549811,0.97565766549811,0.97565766549811,0.97565766549811,0.97565766549811,0.98565766549811,0.98565766549811,0.97565766549811,0.97565766549811,0.98565766549811,0.98565766549811,0.97565766549811,0.98565766549811
143,1.0,0.99,0.99,0.99,0.97,0.97,1.0,1.0,1.0,1.0,0.98,0.98,0.98
144,0.9127799261392366,0.9027799261392366,0.9127799261392366,0.9127799261392366,0.8927799261392366,0.8927799261392366,0.8727799261392366,0.8827799261392366,0.8927799261392366,0.8827799261392366,0.8977799261392366,0.8977799261392366,0.8977799261392366
145,0.9593684390384211,0.9593684390384211,0.9593684390384211,0.9893684390384211,0.9993684390384211,0.9993684390384211,0.9693684390384211,0.9693684390384211,0.9993684390384211,0.9893684390384211,0.9993684390384211,0.9893684390384211,0.9893684390384211
146,0.805795186600121,0.7957951866001209,0.805795186600121,0.825795186600121,0.835795186600121,0.815795186600121,0.825795186600121,0.825795186600121,0.825795186600121,0.825795186600121,0.825795186600121,0.825795186600121,0.825795186600121
147,0.9751638626241387,0.9751638626241387,0.9751638626241387,0.9951638626241387,1.0,1.0,1.0,1.0,0.995,0.985,0.975,0.965,0.965
148,1.0,1.0,0.98,1.0,0.99,0.99,1.0,0.985,0.975,0.965,0.945,0.945,0.945
149,0.978874526371824,0.978874526371824,0.988874526371824,0.968874526371824,0.978874526371824,0.988874526371824,0.988874526371824,0.978874526371824,0.978874526371824,0.978874526371824,0.978874526371824,0.988874526371824,0.9988745263718241
150,0.9362937996258441,0.9262937996258441,0.9262937996258441,0.9462937996258441,0.9562937996258442,0.9562937996258442,0.9662937996258442,0.9662937996258442,0.9562937996258442,0.9662937996258442,0.9662937996258442,0.9662937996258442,0.9662937996258442
151,0.9777142029136026,0.9777142029136026,0.9777142029136026,0.9677142029136026,0.9777142029136026,0.9577142029136025,0.9577142029136025,0.9577142029136025,0.9677142029136026,0.9677142029136026,0.9577142029136025,0.9577142029136025,0.9577142029136025
152,0.9393898153038049,0.9393898153038049,0.9393898153038049,0.9193898153038049,0.9193898153038049,0.8993898153038049,0.9043898153038049,0.9143898153038049,0.9043898153038049,0.9143898153038049,0.9343898153038049,0.9143898153038049,0.9243898153038049
153,1.0,1.0,0.97,0.98,0.97,0.985,0.985,0.965,0.975,0.965,0.975,0.985,0.965
154,0.8591209821853893,0.8891209821853894,0.8891209821853894,0.8891209821853894,0.8741209821853894,0.8641209821853894,0.8641209821853894,0.8641209821853894,0.8641209821853894,0.8841209821853894,0.8741209821853894,0.8741209821853894,0.8541209821853893
155,1.0,0.99,0.99,1.0,1.0,1.0,1.0,0.99,0.98,0.98,0.98,0.96,0.96
156,0.9178462920092826,0.9178462920092826,0.9178462920092826,0.9278462920092826,0.9178462920092826,0.9278462920092826,0.9578462920092826,0.9528462920092826,0.9528462920092826,0.9428462920092826,0.9428462920092826,0.9428462920092826,0.9328462920092826
157,0.9641450998239792,0.9641450998239792,0.9541450998239792,0.9541450998239792,0.9841450998239792,0.9841450998239792,0.9841450998239792,0.9841450998239792,0.9741450998239792,0.9741450998239792,0.9841450998239792,0.9841450998239792,0.9741450998239792
158,0.9552354433955794,0.9552354433955794,0.9552354433955794,0.9752354433955794,0.9752354433955794,0.9852354433955794,0.9702354433955794,0.9502354433955794,0.9502354433955794,0.9502354433955794,0.9502354433955794,0.9402354433955794,0.9402354433955794
159,0.7927981658482033,0.7827981658482033,0.7927981658482033,0.8127981658482033,0.8227981658482033,0.8227981658482033,0.8227981658482033,0.8227981658482033,0.8127981658482033,0.7927981658482033,0.7827981658482033,0.7827981658482033,0.7727981658482033
160,0.9488954459920955,0.9488954459920955,0.9488954459920955,0.9388954459920955,0.9288954459920955,0.9288954459920955,0.9288954459920955,0.9188954459920955,0.9188954459920955,0.9288954459920955,0.9388954459920955,0.9388954459920955,0.9488954459920955
161,0.8428455972330741,0.8428455972330741,0.8728455972330741,0.8728455972330741,0.8628455972330741,0.8628455972330741,0.8528455972330741,0.8728455972330741,0.8578455972330741,0.8578455972330741,0.8778455972330741,0.8778455972330741,0.8678455972330741
162,0.8739743682650936,0.8939743682650936,0.8839743682650936,0.8939743682650936,0.9039743682650936,0.8889743682650936,0.8889743682650936,0.8889743682650936,0.8789743682650936,0.8789743682650936,0.8489743682650935,0.8389743682650935,0.8389743682650935
163,0.9335518201862464,0.9435518201862464,0.9635518201862464,0.9435518201862464,0.9435518201862464,0.9535518201862464,0.9535518201862464,0.9635518201862464,0.9435518201862464,0.9335518201862464,0.9335518201862464,0.9435518201862464,0.9535518201862464
164,0.9148680221840826,0.9348680221840826,0.9448680221840826,0.9348680221840826,0.9348680221840826,0.9348680221840826,0.9348680221840826,0.9248680221840826,0.9248680221840826,0.9248680221840826,0.9248680221840826,0.9248680221840826,0.9248680221840826
165,1.0,1.0,1.0,1.0,1.0,1.0,1.0,1.0,1.0,1.0,0.99,0.98,0.95
166,0.9963345356672172,0.9863345356672172,0.9763345356672172,0.9563345356672172,0.9663345356672172,0.9663345356672172,0.9963345356672172,0.9863345356672172,0.9763345356672172,0.9963345356672172,1.0,1.0,1.0
167,0.944920945983889,0.954920945983889,0.954920945983889,0.974920945983889,0.974920945983889,0.964920945983889,0.954920945983889,0.964920945983889,0.964920945983889,0.954920945983889,0.954920945983889,0.954920945983889,0.954920945983889
168,0.8484030202767706,0.8384030202767706,0.8384030202767706,0.8384030202767706,0.8384030202767706,0.8184030202767706,0.8184030202767706,0.8334030202767706,0.8434030202767706,0.8434030202767706,0.8634030202767706,0.8634030202767706,0.8734030202767706
169,0.9715462152498023,0.9815462152498023,1.0,0.99,0.97,0.98,0.97,0.98,0.98,0.97,0.98,0.99,0.98
170,0.8768913726190182,0.8768913726190182,0.8568913726190182,0.8868913726190182,0.8668913726190182,0.8668913726190182,0.8368913726190181,0.8368913726190181,0.8568913726190182,0.8768913726190182,0.8768913726190182,0.8868913726190182,0.8868913726190182
171,1.0,1.0,1.0,0.99,0.99,0.99,1.0,0.99,1.0,0.99,0.99,0.98,0.98
172,0.880687259216292,0.880687259216292,0.880687259216292,0.890687259216292,0.900687259216292,0.900687259216292,0.900687259216292,0.910687259216292,0.910687259216292,0.920687259216292,0.920687259216292,0.910687259216292,0.910687259216292
173,0.9000720837797778,0.8800720837797777,0.8700720837797777,0.8800720837797777,0.8800720837797777,0.8800720837797777,0.8800720837797777,0.8900720837797778,0.8900720837797778,0.8700720837797777,0.9000720837797778,0.9100720837797778,0.9200720837797778
174,0.8389501949470145,0.8489501949470145,0.8289501949470145,0.8289501949470145,0.8089501949470145,0.8289501949470145,0.8489501949470145,0.8489501949470145,0.8489501949470145,0.8489501949470145,0.8489501949470145,0.8389501949470145,0.8389501949470145
175,1.0,1.0,1.0,1.0,1.0,1.0,1.0,1.0,1.0,1.0,1.0,0.99,0.99
176,1.0,1.0,1.0,1.0,1.0,1.0,1.0,0.99,0.99,0.99,0.99,0.99,0.99
177,1.0,1.0,1.0,1.0,1.0,0.99,0.99,0.99,0.99,1.0,1.0,0.99,0.99
178,1.0,0.99,1.0,1.0,1.0,1.0,0.99,0.99,0.98,0.98,0.98,1.0,0.99
179,0.9206370777073556,0.9106370777073556,0.9106370777073556,0.9006370777073556,0.9006370777073556,0.9006370777073556,0.9006370777073556,0.9006370777073556,0.9006370777073556,0.9006370777073556,0.9106370777073556,0.8806370777073556,0.8806370777073556
180,0.9349454367665083,0.9449454367665083,0.9549454367665083,0.9449454367665083,0.9549454367665083,0.9549454367665083,0.9549454367665083,0.9549454367665083,0.9449454367665083,0.9449454367665083,0.9149454367665083,0.9149454367665083,0.9049454367665083
181,1.0,1.0,1.0,1.0,0.99,0.98,0.99,0.99,0.99,0.97,0.95,0.95,0.96
182,0.9714108378485029,1.0,1.0,0.98,0.99,0.99,0.99,0.99,1.0,1.0,1.0,1.0,0.985
183,0.9021019637438586,0.9021019637438586,0.8721019637438586,0.8821019637438586,0.8721019637438586,0.8921019637438586,0.8921019637438586,0.8921019637438586,0.8921019637438586,0.8721019637438586,0.8721019637438586,0.8921019637438586,0.8721019637438586
184,1.0,1.0,0.97,0.97,0.98,0.97,0.98,1.0,0.97,0.96,0.97,0.96,0.96
185,0.9733471152979193,0.9833471152979193,0.9933471152979193,0.9933471152979193,0.9933471152979193,0.9933471152979193,0.9933471152979193,0.9933471152979193,0.9933471152979193,1.0,0.98,0.98,0.98
186,1.0,0.99,0.99,0.99,0.99,1.0,1.0,1.0,0.995,0.985,0.975,0.965,0.975
187,0.9805619337278002,0.9805619337278002,0.9805619337278002,0.9705619337278002,0.9505619337278002,0.9505619337278002,0.9505619337278002,0.9405619337278002,0.9405619337278002,0.9455619337278002,0.9455619337278002,0.9555619337278002,0.9555619337278002
188,1.0,0.99,0.99,1.0,0.99,0.99,1.0,0.99,0.99,0.98,0.98,0.98,0.98
189,0.967703410762662,0.957703410762662,0.957703410762662,0.957703410762662,0.957703410762662,0.977703410762662,0.977703410762662,0.977703410762662,0.977703410762662,0.977703410762662,0.977703410762662,0.977703410762662,0.947703410762662
190,0.9377113735594389,0.9377113735594389,0.9277113735594389,0.9277113735594389,0.9277113735594389,0.9077113735594389,0.9077113735594389,0.9077113735594389,0.9227113735594389,0.9127113735594389,0.9227113735594389,0.9027113735594389,0.9027113735594389
191,0.8798336620182754,0.8898336620182754,0.9098336620182754,0.8948336620182754,0.9048336620182754,0.9048336620182754,0.9048336620182754,0.9048336620182754,0.9048336620182754,0.9248336620182754,0.9248336620182754,0.9248336620182754,0.9248336620182754
192,0.9161918634433195,0.9061918634433195,0.9061918634433195,0.9161918634433195,0.9161918634433195,0.9161918634433195,0.9161918634433195,0.9161918634433195,0.9161918634433195,0.9161918634433195,0.9061918634433195,0.9061918634433195,0.9261918634433195
193,1.0,1.0,1.0,1.0,1.0,1.0,1.0,1.0,1.0,1.0,1.0,1.0,1.0
194,1.0,1.0,1.0,1.0,1.0,1.0,1.0,0.99,0.98,0.99,0.99,0.99,1.0
195,0.8090336239833824,0.8390336239833824,0.8290336239833824,0.8390336239833824,0.8390336239833824,0.8290336239833824,0.8390336239833824,0.8190336239833824,0.8190336239833824,0.8190336239833824,0.8090336239833824,0.8190336239833824,0.8190336239833824
196,0.9274346661395114,0.9374346661395114,0.9374346661395114,0.9474346661395114,0.9474346661395114,0.9574346661395114,0.9474346661395114,0.9474346661395114,0.9224346661395114,0.9124346661395114,0.9224346661395114,0.9224346661395114,0.9124346661395114
197,0.8778837095985966,0.8778837095985966,0.8878837095985966,0.8778837095985966,0.8878837095985966,0.8778837095985966,0.8778837095985966,0.8778837095985966,0.8778837095985966,0.8878837095985966,0.8978837095985966,0.8978837095985966,0.8878837095985966
198,0.9252772222687125,0.9352772222687125,0.9352772222687125,0.9252772222687125,0.9252772222687125,0.9252772222687125,0.9052772222687124,0.9052772222687124,0.9252772222687125,0.9152772222687124,0.9352772222687125,0.9252772222687125,0.9252772222687125
199,0.8792267018456669,0.8692267018456669,0.8592267018456669,0.8592267018456669,0.8492267018456668,0.8492267018456668,0.8642267018456669,0.8842267018456669,0.8942267018456669,0.8942267018456669,0.8942267018456669,0.9042267018456669,0.8942267018456669
200,0.8946828367818032,0.8946828367818032,0.9046828367818032,0.9146828367818032,0.9146828367818032,0.9346828367818032,0.9246828367818032,0.9146828367818032,0.9246828367818032,0.9246828367818032,0.9046828367818032,0.8946828367818032,0.8946828367818032
201,0.9424910435812215,0.9424910435812215,0.9424910435812215,0.9524910435812215,0.9324910435812215,0.9324910435812215,0.9324910435812215,0.9124910435812215,0.9124910435812215,0.9524910435812215,0.9524910435812215,0.9524910435812215,0.9624910435812215
202,1.0,1.0,0.99,1.0,0.99,0.99,1.0,1.0,0.98,0.98,0.97,0.98,0.96
203,0.9951788432322082,0.9951788432322082,0.9851788432322082,0.9751788432322082,0.9651788432322082,0.9651788432322082,0.9651788432322082,0.9551788432322081,0.9601788432322081,0.9701788432322082,0.9801788432322082,0.9601788432322081,0.9701788432322082
204,0.9362560841630498,0.9362560841630498,0.9462560841630498,0.9262560841630498,0.9362560841630498,0.9362560841630498,0.9462560841630498,0.9262560841630498,0.9362560841630498,0.9362560841630498,0.9562560841630499,0.9562560841630499,0.9462560841630498
205,0.993537887230798,0.993537887230798,1.0,1.0,0.98,1.0,0.99,1.0,1.0,1.0,1.0,1.0,1.0
206,0.9633966548395803,0.9433966548395802,0.9433966548395802,0.9533966548395802,0.9533966548395802,0.9533966548395802,0.9533966548395802,0.9533966548395802,0.9833966548395803,0.9633966548395803,0.9633966548395803,0.9733966548395803,0.9633966548395803
207,0.882987783323442,0.882987783323442,0.862987783323442,0.862987783323442,0.8529877833234419,0.8529877833234419,0.8429877833234419,0.8479877833234419,0.8479877833234419,0.867987783323442,0.877987783323442,0.887987783323442,0.887987783323442
208,0.9041689866203674,0.9041689866203674,0.9141689866203674,0.9241689866203674,0.9341689866203674,0.9341689866203674,0.9341689866203674,0.9241689866203674,0.9041689866203674,0.8941689866203674,0.9041689866203674,0.9141689866203674,0.9241689866203674
209,0.9833076737526665,1.0,0.99,0.98,0.99,1.0,0.99,0.98,0.99,1.0,0.99,0.97,0.97
210,0.9998284796509881,0.9798284796509881,0.9998284796509881,0.9798284796509881,0.9798284796509881,0.9898284796509881,0.959828479650988,0.959828479650988,0.959828479650988,0.9648284796509881,0.9648284796509881,0.9748284796509881,0.9848284796509881
211,0.8386827426183053,0.8186827426183053,0.8286827426183053,0.8286827426183053,0.8286827426183053,0.8486827426183053,0.8486827426183053,0.8386827426183053,0.8086827426183053,0.8236827426183053,0.8436827426183053,0.8436827426183053,0.8436827426183053
212,0.9980440427371514,1.0,0.965,0.965,0.945,0.945,0.945,0.955,0.955,0.955,0.975,0.975,0.975
213,0.936589999638267,0.966589999638267,0.956589999638267,0.956589999638267,0.946589999638267,0.946589999638267,0.946589999638267,0.946589999638267,0.9265899996382669,0.936589999638267,0.936589999638267,0.9265899996382669,0.9165899996382669
214,0.9036158724059447,0.9036158724059447,0.9036158724059447,0.9136158724059447,0.9136158724059447,0.9236158724059447,0.9236158724059447,0.8836158724059446,0.8936158724059446,0.8936158724059446,0.9036158724059447,0.9036158724059447,0.9136158724059447
215,0.9673078506912677,0.9573078506912677,0.9573078506912677,0.9573078506912677,0.9573078506912677,0.9573078506912677,0.9573078506912677,0.9473078506912677,0.9473078506912677,0.9573078506912677,0.9673078506912677,0.9773078506912677,0.9773078506912677
216,0.8734954846130432,0.8734954846130432,0.8834954846130432,0.8934954846130432,0.8934954846130432,0.8934954846130432,0.9034954846130432,0.9034954846130432,0.9134954846130432,0.9134954846130432,0.9034954846130432,0.9134954846130432,0.9084954846130432
217,0.8912824073794332,0.9112824073794332,0.8912824073794332,0.8812824073794332,0.8612824073794332,0.8612824073794332,0.8612824073794332,0.8612824073794332,0.8612824073794332,0.8612824073794332,0.8612824073794332,0.8712824073794332,0.8712824073794332
218,0.8529349435328465,0.8629349435328465,0.8729349435328465,0.8729349435328465,0.8429349435328465,0.8429349435328465,0.8429349435328465,0.8429349435328465,0.8429349435328465,0.8329349435328465,0.8429349435328465,0.8329349435328465,0.8329349435328465
219,0.8729629474317082,0.8729629474317082,0.8729629474317082,0.8629629474317082,0.8629629474317082,0.8629629474317082,0.8529629474317082,0.8629629474317082,0.8729629474317082,0.8729629474317082,0.8729629474317082,0.8629629474317082,0.8729629474317082
220,0.8596551877115253,0.8696551877115253,0.8496551877115253,0.8496551877115253,0.8596551877115253,0.8396551877115253,0.8496551877115253,0.8396551877115253,0.8396551877115253,0.8396551877115253,0.8396551877115253,0.8296551877115252,0.8296551877115252
221,0.9641249158644551,0.9641249158644551,0.9941249158644552,1.0,0.995,0.975,0.985,0.985,0.955,0.955,0.965,0.985,0.985
222,0.8544443001836803,0.8444443001836803,0.8444443001836803,0.8444443001836803,0.8444443001836803,0.8744443001836804,0.8844443001836804,0.8944443001836804,0.8844443001836804,0.8844443001836804,0.8744443001836804,0.8444443001836803,0.8544443001836803
223,0.9390882807517665,0.9490882807517665,0.9490882807517665,0.9390882807517665,0.9590882807517666,0.9690882807517666,0.9690882807517666,0.9690882807517666,0.9590882807517666,0.9090882807517665,0.9090882807517665,0.9090882807517665,0.9390882807517665
224,0.9254572242221524,0.9254572242221524,0.9054572242221524,0.9254572242221524,0.9154572242221524,0.9154572242221524,0.9154572242221524,0.9054572242221524,0.9054572242221524,0.8854572242221523,0.8854572242221523,0.8954572242221523,0.8854572242221523
225,1.0,0.98,0.97,0.98,0.99,0.99,0.99,0.98,0.97,0.96,0.965,0.965,0.965
226,0.9788459288733283,0.9788459288733283,0.9888459288733283,0.9788459288733283,0.9988459288733283,0.9988459288733283,0.9988459288733283,0.9888459288733283,1.0,0.99,0.98,0.98,0.96
227,0.974606411399146,0.974606411399146,0.964606411399146,0.964606411399146,0.964606411399146,0.964606411399146,0.964606411399146,0.954606411399146,0.944606411399146,0.954606411399146,0.964606411399146,0.964606411399146,0.964606411399146
228,0.8827132320449049,0.8827132320449049,0.8627132320449049,0.8627132320449049,0.8727132320449049,0.8627132320449049,0.8627132320449049,0.8877132320449049,0.8877132320449049,0.8977132320449049,0.8777132320449049,0.8877132320449049,0.8877132320449049
229,1.0,1.0,1.0,1.0,1.0,0.98,0.98,1.0,1.0,0.97,0.97,0.97,0.97
230,1.0,1.0,0.99,0.98,0.98,0.97,0.99,0.99,0.98,0.98,0.98,0.98,0.98
231,0.9193014418530387,0.9193014418530387,0.9293014418530388,0.9193014418530387,0.9093014418530387,0.9093014418530387,0.9093014418530387,0.9393014418530388,0.9293014418530388,0.9193014418530387,0.9193014418530387,0.9193014418530387,0.9293014418530388
232,1.0,1.0,0.99,0.98,0.97,1.0,1.0,1.0,1.0,1.0,1.0,1.0,1.0
233,1.0,1.0,0.96,0.965,0.965,0.975,0.975,0.985,0.995,0.985,0.985,0.985,0.985
234,0.9992761181356475,0.9892761181356475,0.9892761181356475,0.9892761181356475,0.9992761181356475,0.9992761181356475,1.0,1.0,1.0,0.99,0.99,0.98,0.98
235,0.8664981457255271,0.8664981457255271,0.8564981457255271,0.8564981457255271,0.8464981457255271,0.8464981457255271,0.8464981457255271,0.836498145725527,0.836498145725527,0.8564981457255271,0.8564981457255271,0.8564981457255271,0.8664981457255271
236,0.9530508881490355,0.9230508881490355,0.9230508881490355,0.9130508881490355,0.9330508881490355,0.9230508881490355,0.9380508881490355,0.9380508881490355,0.9580508881490355,0.9580508881490355,0.9480508881490355,0.9580508881490355,0.9580508881490355
237,0.8815792253698125,0.8915792253698125,0.8815792253698125,0.8515792253698125,0.8515792253698125,0.8615792253698125,0.8865792253698125,0.8865792253698125,0.8865792253698125,0.8865792253698125,0.8865792253698125,0.8765792253698125,0.8665792253698125
238,0.9896285458197293,0.9896285458197293,0.9696285458197292,0.9596285458197292,0.9746285458197292,0.9746285458197292,0.9746285458197292,0.9446285458197292,0.9446285458197292,0.9446285458197292,0.9446285458197292,0.9446285458197292,0.9546285458197292
239,0.8963567262108987,0.9063567262108987,0.8963567262108987,0.8863567262108987,0.8863567262108987,0.8863567262108987,0.9063567262108987,0.9063567262108987,0.9063567262108987,0.9363567262108987,0.9363567262108987,0.9313567262108987,0.9213567262108987
240,0.998905920273987,0.998905920273987,0.9789059202739869,0.9689059202739869,0.9589059202739869,0.9639059202739869,0.9739059202739869,0.9639059202739869,0.9639059202739869,0.9739059202739869,0.9639059202739869,0.9739059202739869,0.9939059202739869
241,0.90662502934154,0.90662502934154,0.90662502934154,0.91662502934154,0.91662502934154,0.91662502934154,0.91662502934154,0.91662502934154,0.91662502934154,0.92662502934154,0.91662502934154,0.91662502934154,0.91662502934154
242,0.8853389057184335,0.8853389057184335,0.8953389057184336,0.8753389057184335,0.8653389057184335,0.8753389057184335,0.8753389057184335,0.8553389057184335,0.8553389057184335,0.8453389057184335,0.8453389057184335,0.8503389057184335,0.8603389057184335
243,0.9602204616128318,0.9602204616128318,0.9602204616128318,0.9602204616128318,0.9402204616128318,0.9302204616128318,0.9302204616128318,0.9502204616128318,0.9502204616128318,0.9202204616128318,0.9302204616128318,0.9452204616128318,0.9552204616128318
244,0.8709699005515708,0.8709699005515708,0.8709699005515708,0.8709699005515708,0.8709699005515708,0.8809699005515708,0.9009699005515708,0.9009699005515708,0.9009699005515708,0.9009699005515708,0.8709699005515708,0.8709699005515708,0.8709699005515708
245,0.9788804190912768,0.9788804190912768,0.9988804190912768,0.9988804190912768,0.9988804190912768,0.9988804190912768,0.9888804190912768,0.9888804190912768,0.9988804190912768,0.9888804190912768,0.9788804190912768,0.9888804190912768,0.9688804190912768
246,0.9020130789356515,0.8920130789356515,0.9020130789356515,0.9120130789356515,0.9120130789356515,0.9120130789356515,0.8920130789356515,0.8920130789356515,0.8820130789356515,0.8820130789356515,0.8820130789356515,0.8720130789356515,0.8820130789356515
247,0.9374388211384759,0.9374388211384759,0.9474388211384759,0.9674388211384759,0.9674388211384759,0.9674388211384759,0.9774388211384759,0.9774388211384759,0.9474388211384759,0.9274388211384759,0.9274388211384759,0.9274388211384759,0.9174388211384759
248,0.9386217045299077,0.9486217045299077,0.9486217045299077,0.9486217045299077,0.9586217045299077,0.9336217045299077,0.9336217045299077,0.9336217045299077,0.9336217045299077,0.9236217045299077,0.9336217045299077,0.9236217045299077,0.9136217045299077
249,1.0,1.0,1.0,1.0,1.0,1.0,1.0,0.99,0.98,0.98,0.98,0.99,0.98
250,0.981114875015606,0.961114875015606,0.951114875015606,0.951114875015606,0.951114875015606,0.951114875015606,0.981114875015606,0.981114875015606,0.971114875015606,0.971114875015606,0.971114875015606,0.971114875015606,0.971114875015606
251,0.9774678472475826,0.9774678472475826,0.9774678472475826,0.9874678472475826,0.9474678472475826,0.9774678472475826,0.9874678472475826,0.9874678472475826,0.9874678472475826,1.0,0.995,0.995,0.985
252,0.8682210830172832,0.8682210830172832,0.8682210830172832,0.8682210830172832,0.8782210830172832,0.8582210830172832,0.8582210830172832,0.8682210830172832,0.8682210830172832,0.8482210830172832,0.8482210830172832,0.8482210830172832,0.8482210830172832
253,0.9008233297547819,0.8908233297547818,0.8908233297547818,0.9008233297547819,0.9208233297547819,0.9408233297547819,0.9208233297547819,0.9408233297547819,0.9408233297547819,0.9408233297547819,0.9408233297547819,0.9358233297547819,0.9158233297547819
254,0.9145185667669377,0.9345185667669377,0.9245185667669377,0.9345185667669377,0.9345185667669377,0.9145185667669377,0.9145185667669377,0.8845185667669376,0.8995185667669376,0.8895185667669376,0.8795185667669376,0.8895185667669376,0.8895185667669376
255,0.8965725269754202,0.8965725269754202,0.8865725269754202,0.9065725269754202,0.9065725269754202,0.9065725269754202,0.9165725269754202,0.9165725269754202,0.9065725269754202,0.8715725269754202,0.8715725269754202,0.8515725269754202,0.8615725269754202
256,0.9543246939478962,0.9343246939478962,0.9543246939478962,0.9543246939478962,0.9543246939478962,0.9643246939478962,0.9643246939478962,0.9843246939478962,0.9743246939478962,0.9743246939478962,0.9743246939478962,0.9643246939478962,0.9543246939478962
257,1.0,0.99,0.99,0.99,1.0,0.98,0.98,0.97,0.97,0.97,0.97,0.98,0.98
258,0.9955752207972899,1.0,1.0,1.0,0.995,0.985,0.965,0.965,0.975,0.985,0.985,0.985,0.985
259,0.9770704052767109,0.9970704052767109,0.9970704052767109,0.9870704052767109,0.9770704052767109,0.9670704052767108,0.9570704052767108,0.9370704052767108,0.9370704052767108,0.9420704052767108,0.9520704052767108,0.9520704052767108,0.9420704052767108
260,0.9943006654429581,0.9943006654429581,0.9843006654429581,0.9943006654429581,0.9943006654429581,0.9943006654429581,1.0,1.0,0.98,0.96,0.96,0.96,0.97
261,1.0,1.0,0.98,1.0,1.0,1.0,0.97,0.97,0.99,1.0,0.965,0.965,1.0
262,0.932977131739558,0.922977131739558,0.922977131739558,0.892977131739558,0.897977131739558,0.897977131739558,0.897977131739558,0.907977131739558,0.907977131739558,0.937977131739558,0.937977131739558,0.937977131739558,0.937977131739558
263,0.9701299912769087,0.9801299912769087,1.0,0.99,1.0,0.995,0.995,0.985,0.995,0.995,0.985,0.985,0.995
264,0.9239747564167603,0.9339747564167603,0.9339747564167603,0.9339747564167603,0.9339747564167603,0.9439747564167603,0.9439747564167603,0.9439747564167603,0.9439747564167603,0.9439747564167603,0.9439747564167603,0.9439747564167603,0.9439747564167603
265,0.9939021611080983,1.0,1.0,1.0,1.0,1.0,0.995,0.985,0.995,0.985,0.995,0.995,0.965
266,0.8675095086694637,0.8675095086694637,0.8475095086694637,0.8375095086694637,0.8375095086694637,0.8525095086694637,0.8725095086694638,0.8525095086694637,0.8525095086694637,0.8525095086694637,0.8425095086694637,0.8525095086694637,0.8525095086694637
267,1.0,0.99,1.0,1.0,1.0,0.99,0.99,0.99,1.0,1.0,1.0,1.0,0.995
268,1.0,0.99,0.98,0.98,0.97,0.97,0.97,1.0,1.0,0.99,0.99,1.0,1.0
269,0.80870367129541,0.79870367129541,0.78870367129541,0.77870367129541,0.77870367129541,0.77870367129541,0.77870367129541,0.77870367129541,0.77870367129541,0.77870367129541,0.77870367129541,0.78870367129541,0.78870367129541
270,0.9294880582907716,0.9294880582907716,0.9294880582907716,0.9494880582907717,0.9594880582907717,0.9594880582907717,0.9494880582907717,0.9594880582907717,0.9694880582907717,0.9694880582907717,0.9494880582907717,0.9494880582907717,0.9594880582907717
271,0.9288895973538587,0.9388895973538587,0.9288895973538587,0.9288895973538587,0.9288895973538587,0.9388895973538587,0.9288895973538587,0.9288895973538587,0.9388895973538587,0.9388895973538587,0.9388895973538587,0.9188895973538587,0.9088895973538587
272,0.9015456177096234,0.9115456177096234,0.9115456177096234,0.9115456177096234,0.9115456177096234,0.9015456177096234,0.8815456177096234,0.8815456177096234,0.8715456177096234,0.8715456177096234,0.8715456177096234,0.8815456177096234,0.8715456177096234
273,0.953402006860188,0.9334020068601879,0.9334020068601879,0.9434020068601879,0.9334020068601879,0.9334020068601879,0.9334020068601879,0.9434020068601879,0.9434020068601879,0.9434020068601879,0.9434020068601879,0.9334020068601879,0.953402006860188
274,0.9520890271342677,0.9320890271342677,0.9420890271342677,0.9520890271342677,0.9320890271342677,0.9220890271342677,0.9420890271342677,0.9520890271342677,0.9520890271342677,0.9420890271342677,0.9420890271342677,0.9320890271342677,0.9420890271342677
275,0.90304178023687,0.89304178023687,0.88304178023687,0.89304178023687,0.89304178023687,0.89304178023687,0.90304178023687,0.89304178023687,0.90304178023687,0.90304178023687,0.90304178023687,0.90304178023687,0.89304178023687
276,1.0,1.0,1.0,1.0,1.0,0.99,0.99,1.0,1.0,1.0,0.99,0.99,0.99
277,0.8883086117646092,0.8883086117646092,0.8983086117646092,0.8983086117646092,0.8983086117646092,0.9083086117646092,0.9283086117646092,0.9233086117646092,0.9033086117646092,0.9133086117646092,0.9033086117646092,0.8933086117646092,0.9033086117646092
278,0.9343729524602087,0.9443729524602087,0.9443729524602087,0.9543729524602087,0.9543729524602087,0.9543729524602087,0.9343729524602087,0.9443729524602087,0.9543729524602087,0.9443729524602087,0.9443729524602087,0.9543729524602087,0.9643729524602087
279,0.9510545207485924,0.9510545207485924,0.9510545207485924,0.9510545207485924,0.9510545207485924,0.9510545207485924,0.9510545207485924,0.9610545207485924,0.9510545207485924,0.9510545207485924,0.9510545207485924,0.9610545207485924,0.9810545207485925
280,0.9337227061532506,0.9037227061532506,0.8937227061532506,0.8937227061532506,0.8987227061532506,0.9087227061532506,0.8987227061532506,0.9087227061532506,0.9287227061532506,0.9387227061532506,0.9287227061532506,0.9287227061532506,0.9487227061532506
281,1.0,1.0,1.0,1.0,1.0,1.0,1.0,1.0,0.99,0.99,0.975,0.965,0.965
282,1.0,0.99,0.98,0.98,0.99,0.98,0.96,0.98,0.96,0.96,0.96,0.96,0.97
283,0.9032555782427097,0.9132555782427098,0.9132555782427098,0.9032555782427097,0.9132555782427098,0.9132555782427098,0.9032555782427097,0.9032555782427097,0.9132555782427098,0.9032555782427097,0.8932555782427097,0.8732555782427097,0.8732555782427097
284,0.9705826313676291,0.9505826313676291,0.9605826313676291,0.9605826313676291,0.9405826313676291,0.9405826313676291,0.9405826313676291,0.9405826313676291,0.9405826313676291,0.9405826313676291,0.9505826313676291,0.9505826313676291,0.9505826313676291
285,0.8809223574860933,0.8909223574860933,0.8809223574860933,0.8909223574860933,0.8909223574860933,0.8709223574860933,0.8709223574860933,0.8909223574860933,0.8909223574860933,0.9009223574860933,0.8809223574860933,0.8809223574860933,0.8809223574860933
286,0.8902870200727254,0.8902870200727254,0.8702870200727254,0.8502870200727254,0.8502870200727254,0.8502870200727254,0.8602870200727254,0.8602870200727254,0.8602870200727254,0.8502870200727254,0.8502870200727254,0.8552870200727254,0.8852870200727254
287,1.0,1.0,1.0,1.0,0.99,0.97,0.97,0.97,0.98,1.0,1.0,1.0,1.0
288,0.9154217960372945,0.9254217960372945,0.9254217960372945,0.9154217960372945,0.9154217960372945,0.9254217960372945,0.9354217960372945,0.9354217960372945,0.9354217960372945,0.9454217960372945,0.9454217960372945,0.9454217960372945,0.9304217960372945
289,0.9233026389674867,0.9233026389674867,0.9333026389674867,0.9233026389674867,0.9333026389674867,0.9133026389674866,0.9333026389674867,0.9233026389674867,0.9233026389674867,0.9133026389674866,0.9133026389674866,0.9133026389674866,0.9033026389674866
290,0.921392304888811,0.921392304888811,0.921392304888811,0.931392304888811,0.931392304888811,0.931392304888811,0.931392304888811,0.921392304888811,0.931392304888811,0.931392304888811,0.931392304888811,0.8963923048888109,0.8963923048888109
291,0.8976108348047983,0.8976108348047983,0.8976108348047983,0.8876108348047983,0.8976108348047983,0.9176108348047983,0.9176108348047983,0.9176108348047983,0.9376108348047983,0.9276108348047983,0.9376108348047983,0.8976108348047983,0.8976108348047983
292,0.9810078121844852,0.9810078121844852,0.9810078121844852,0.9810078121844852,0.9810078121844852,1.0,1.0,1.0,1.0,1.0,1.0,1.0,0.99
293,0.9995607244587759,1.0,0.98,0.99,0.99,0.95,0.96,0.975,0.995,0.995,0.995,0.995,1.0
294,0.9972225684979156,1.0,1.0,1.0,1.0,0.99,0.99,1.0,0.99,0.98,0.98,0.98,0.98
295,1.0,1.0,1.0,1.0,1.0,1.0,1.0,1.0,1.0,1.0,0.995,0.985,0.965
296,0.9549146356520932,0.9649146356520932,0.9849146356520933,0.9749146356520932,0.9749146356520932,0.9749146356520932,0.9849146356520933,0.9949146356520933,0.9949146356520933,0.9899146356520933,0.9899146356520933,0.9799146356520932,0.9799146356520932
297,0.9519519886764688,0.9419519886764688,0.9519519886764688,0.9419519886764688,0.9619519886764688,0.9519519886764688,0.9419519886764688,0.9419519886764688,0.9319519886764688,0.9319519886764688,0.9319519886764688,0.9319519886764688,0.9319519886764688
298,0.96598200444636,0.9359820044463599,0.9359820044463599,0.9359820044463599,0.9359820044463599,0.9359820044463599,0.9359820044463599,0.9459820044463599,0.9459820044463599,0.9459820044463599,0.97098200444636,0.96098200444636,0.96098200444636
299,1.0,1.0,0.99,1.0,1.0,0.99,0.98,0.99,0.99,0.99,0.99,1.0,1.0
300,0.8353751634928276,0.8253751634928276,0.8253751634928276,0.8353751634928276,0.8453751634928276,0.8453751634928276,0.8453751634928276,0.8753751634928276,0.8553751634928276,0.8553751634928276,0.8653751634928276,0.8553751634928276,0.8553751634928276
301,0.9465429951045975,0.9465429951045975,0.9465429951045975,0.9165429951045975,0.9165429951045975,0.9165429951045975,0.9165429951045975,0.9165429951045975,0.9165429951045975,0.9565429951045975,0.9565429951045975,0.9565429951045975,0.9465429951045975
302,0.8670833815851012,0.8570833815851012,0.8570833815851012,0.8570833815851012,0.8570833815851012,0.8470833815851012,0.8670833815851012,0.8670833815851012,0.8870833815851012,0.8970833815851013,0.9070833815851013,0.9070833815851013,0.8970833815851013
303,1.0,1.0,1.0,1.0,0.975,0.985,0.985,0.995,1.0,0.99,0.99,0.99,0.98
304,0.9390755055785182,0.9290755055785181,0.9390755055785182,0.9290755055785181,0.9190755055785181,0.9190755055785181,0.9390755055785182,0.9490755055785182,0.9590755055785182,0.9590755055785182,0.9590755055785182,0.9340755055785182,0.9540755055785182
305,0.9847962120031395,0.9947962120031395,0.9947962120031395,0.9947962120031395,0.9947962120031395,0.9947962120031395,1.0,0.98,0.98,0.97,0.97,0.96,0.96
306,0.8194678098822606,0.8194678098822606,0.8194678098822606,0.8394678098822607,0.8394678098822607,0.8194678098822606,0.8094678098822606,0.8294678098822607,0.8294678098822607,0.7944678098822606,0.7844678098822606,0.7844678098822606,0.7844678098822606
307,1.0,1.0,1.0,1.0,1.0,1.0,1.0,1.0,0.985,0.985,1.0,1.0,1.0
308,0.8733308217222052,0.8633308217222052,0.8733308217222052,0.8633308217222052,0.8833308217222052,0.8633308217222052,0.8833308217222052,0.8833308217222052,0.8933308217222052,0.9033308217222052,0.9033308217222052,0.8933308217222052,0.8833308217222052
309,0.8454183581659938,0.8454183581659938,0.8454183581659938,0.8354183581659937,0.8254183581659937,0.8154183581659937,0.8254183581659937,0.8254183581659937,0.8154183581659937,0.8054183581659937,0.8104183581659937,0.8104183581659937,0.8104183581659937
310,0.8640270257495218,0.8640270257495218,0.8540270257495218,0.8640270257495218,0.8940270257495219,0.8640270257495218,0.8640270257495218,0.8940270257495219,0.8940270257495219,0.8940270257495219,0.9040270257495219,0.9040270257495219,0.9040270257495219
311,0.8971461084631508,0.8971461084631508,0.8771461084631508,0.8671461084631508,0.8871461084631508,0.8871461084631508,0.8871461084631508,0.9171461084631508,0.9071461084631508,0.9071461084631508,0.8871461084631508,0.8871461084631508,0.8871461084631508
312,0.8690877354839415,0.8790877354839415,0.8890877354839415,0.8890877354839415,0.8690877354839415,0.8690877354839415,0.8890877354839415,0.9090877354839415,0.9090877354839415,0.9040877354839415,0.8640877354839415,0.8640877354839415,0.8540877354839415
313,0.9643875962375918,0.9643875962375918,0.9843875962375919,0.9943875962375919,0.9743875962375919,0.9843875962375919,0.9843875962375919,0.9743875962375919,0.9643875962375918,0.9643875962375918,0.9843875962375919,0.9743875962375919,0.9743875962375919
314,0.928679204303444,0.928679204303444,0.928679204303444,0.918679204303444,0.918679204303444,0.908679204303444,0.898679204303444,0.898679204303444,0.8886792043034439,0.898679204303444,0.8886792043034439,0.908679204303444,0.918679204303444
315,1.0,0.99,0.99,0.99,0.99,0.97,0.97,0.97,0.98,0.99,0.99,1.0,0.99
316,0.85260832643643,0.85260832643643,0.85260832643643,0.85260832643643,0.86260832643643,0.86260832643643,0.86260832643643,0.86260832643643,0.84260832643643,0.84260832643643,0.83260832643643,0.83260832643643,0.83260832643643
317,0.920193346552999,0.930193346552999,0.940193346552999,0.940193346552999,0.940193346552999,0.920193346552999,0.890193346552999,0.890193346552999,0.910193346552999,0.910193346552999,0.920193346552999,0.900193346552999,0.900193346552999
318,0.9189223348846187,0.9189223348846187,0.8989223348846187,0.9289223348846187,0.9289223348846187,0.8989223348846187,0.9189223348846187,0.9189223348846187,0.9189223348846187,0.9189223348846187,0.9389223348846187,0.9489223348846187,0.9589223348846188
319,0.992850253251365,1.0,1.0,1.0,0.99,0.99,0.98,0.98,1.0,0.98,0.97,0.96,0.96
320,0.9217498982874516,0.9217498982874516,0.9317498982874516,0.9317498982874516,0.9217498982874516,0.9317498982874516,0.9417498982874516,0.9417498982874516,0.9417498982874516,0.9417498982874516,0.9317498982874516,0.9317498982874516,0.9617498982874516
321,0.8268020358938416,0.8468020358938416,0.8268020358938416,0.8068020358938416,0.8268020358938416,0.8268020358938416,0.8268020358938416,0.8468020358938416,0.8468020358938416,0.8368020358938416,0.8368020358938416,0.8368020358938416,0.8168020358938416
322,0.9546187518975514,0.9646187518975514,0.9746187518975514,0.9746187518975514,0.9646187518975514,0.9296187518975514,0.9296187518975514,0.9296187518975514,0.9296187518975514,0.9296187518975514,0.9396187518975514,0.9696187518975514,0.9696187518975514
323,0.9122153776362348,0.9122153776362348,0.9222153776362348,0.9322153776362349,0.9322153776362349,0.9322153776362349,0.9322153776362349,0.9322153776362349,0.9422153776362349,0.9522153776362349,0.9422153776362349,0.9272153776362348,0.9472153776362349
324,0.8896909304621934,0.8796909304621934,0.8696909304621934,0.8696909304621934,0.8796909304621934,0.8796909304621934,0.8796909304621934,0.8896909304621934,0.8896909304621934,0.8896909304621934,0.8996909304621934,0.9096909304621934,0.9096909304621934
325,0.893677867459657,0.9036778674596571,0.9036778674596571,0.893677867459657,0.893677867459657,0.883677867459657,0.893677867459657,0.893677867459657,0.893677867459657,0.9236778674596571,0.9086778674596571,0.9086778674596571,0.888677867459657
326,0.8621397933147019,0.8721397933147019,0.8721397933147019,0.892139793314702,0.8771397933147019,0.8871397933147019,0.907139793314702,0.907139793314702,0.897139793314702,0.897139793314702,0.897139793314702,0.8771397933147019,0.8771397933147019
327,0.9382901673201901,0.9282901673201901,0.9282901673201901,0.9182901673201901,0.9182901673201901,0.8982901673201901,0.8982901673201901,0.9032901673201901,0.9032901673201901,0.9432901673201901,0.9632901673201901,0.9632901673201901,0.9432901673201901
328,0.8683780872990825,0.8483780872990825,0.8683780872990825,0.8683780872990825,0.8683780872990825,0.8883780872990825,0.8683780872990825,0.8583780872990825,0.8583780872990825,0.8683780872990825,0.8783780872990825,0.8783780872990825,0.8683780872990825
329,0.906523243904463,0.906523243904463,0.886523243904463,0.886523243904463,0.886523243904463,0.886523243904463,0.886523243904463,0.896523243904463,0.916523243904463,0.9265232439044631,0.9265232439044631,0.906523243904463,0.9365232439044631
330,0.9413619742910126,0.9513619742910127,0.9413619742910126,0.9413619742910126,0.9413619742910126,0.9713619742910127,0.9713619742910127,0.9713619742910127,0.9613619742910127,0.9613619742910127,0.9413619742910126,0.9413619742910126,0.9513619742910127
331,0.9728885131715126,0.9728885131715126,0.9628885131715126,0.9528885131715126,0.9428885131715126,0.9428885131715126,0.9428885131715126,0.9428885131715126,0.9428885131715126,0.9578885131715126,0.9578885131715126,0.9578885131715126,0.9578885131715126
332,0.9702611352730727,0.9802611352730727,0.9802611352730727,0.9502611352730727,0.9402611352730726,0.9552611352730727,0.9452611352730727,0.9452611352730727,0.9452611352730727,0.9352611352730726,0.9452611352730727,0.9452611352730727,0.9352611352730726
333,0.8473376220746645,0.8373376220746644,0.8373376220746644,0.8373376220746644,0.8373376220746644,0.8373376220746644,0.8473376220746645,0.8473376220746645,0.8473376220746645,0.8673376220746645,0.8573376220746645,0.8673376220746645,0.8773376220746645
334,0.988174182924667,0.988174182924667,0.988174182924667,0.978174182924667,0.978174182924667,0.968174182924667,0.968174182924667,0.978174182924667,1.0,0.98,0.97,0.96,1.0
335,0.9537053291226391,0.9537053291226391,0.9537053291226391,0.943705329122639,0.933705329122639,0.933705329122639,0.933705329122639,0.9537053291226391,0.9737053291226391,0.9837053291226391,0.9837053291226391,0.9687053291226391,0.9787053291226391
336,1.0,1.0,1.0,1.0,0.99,0.96,0.95,0.955,0.955,0.965,0.965,0.985,1.0
337,0.8182543788928256,0.8182543788928256,0.8182543788928256,0.8182543788928256,0.8182543788928256,0.8182543788928256,0.8082543788928256,0.8082543788928256,0.8082543788928256,0.8082543788928256,0.8082543788928256,0.8382543788928256,0.8382543788928256
338,1.0,1.0,1.0,1.0,1.0,0.99,0.99,0.99,0.99,0.98,0.99,0.99,0.98
339,1.0,0.99,0.98,0.99,1.0,1.0,1.0,0.97,0.95,0.95,0.95,0.95,0.95
340,0.9365444123689839,0.9465444123689839,0.9465444123689839,0.9265444123689839,0.9465444123689839,0.9665444123689839,0.9765444123689839,0.9765444123689839,0.9765444123689839,0.9565444123689839,0.9565444123689839,0.9565444123689839,0.9665444123689839
341,0.9693955779864368,1.0,1.0,0.99,0.98,0.98,0.98,0.99,0.99,1.0,0.99,0.99,0.99
342,0.9499517054054019,0.9699517054054019,0.9699517054054019,0.9799517054054019,0.9599517054054019,0.9499517054054019,0.9399517054054018,0.9599517054054019,0.9699517054054019,0.9499517054054019,0.9299517054054018,0.9299517054054018,0.9399517054054018
343,0.9259051577297434,0.9259051577297434,0.9259051577297434,0.9259051577297434,0.9659051577297434,0.9659051577297434,0.9659051577297434,0.9609051577297434,0.9609051577297434,0.9509051577297434,0.9509051577297434,0.9609051577297434,0.9609051577297434
344,0.951675292785259,0.941675292785259,0.941675292785259,0.951675292785259,0.951675292785259,0.951675292785259,0.931675292785259,0.956675292785259,0.946675292785259,0.936675292785259,0.936675292785259,0.9066752927852589,0.926675292785259
345,0.9869539680970533,1.0,0.98,0.99,0.99,0.99,1.0,1.0,0.99,0.99,1.0,1.0,0.98
346,0.9860574622218168,0.9860574622218168,0.9760574622218168,0.9760574622218168,0.9860574622218168,0.9960574622218168,0.9960574622218168,0.9760574622218168,1.0,1.0,0.99,0.99,0.99
347,0.9535969845832093,0.9635969845832093,0.9435969845832093,0.9335969845832093,0.9135969845832093,0.9185969845832093,0.9285969845832093,0.9385969845832093,0.9385969845832093,0.9485969845832093,0.9485969845832093,0.9585969845832093,0.9585969845832093
348,0.936642867884501,0.946642867884501,0.956642867884501,0.936642867884501,0.936642867884501,0.926642867884501,0.946642867884501,0.936642867884501,0.936642867884501,0.936642867884501,0.936642867884501,0.936642867884501,0.926642867884501
349,0.9946677703984719,1.0,1.0,1.0,0.99,0.99,0.98,0.98,0.98,0.97,0.97,0.96,0.95
350,0.9552730605885837,0.9652730605885838,0.9752730605885838,0.9652730605885838,0.9652730605885838,0.9552730605885837,0.9352730605885837,0.9252730605885837,0.9252730605885837,0.9452730605885837,0.9452730605885837,0.9352730605885837,0.9452730605885837
351,0.8616070266024631,0.8616070266024631,0.8616070266024631,0.8816070266024632,0.8816070266024632,0.8816070266024632,0.8816070266024632,0.8716070266024631,0.8716070266024631,0.8616070266024631,0.8616070266024631,0.8616070266024631,0.8716070266024631
352,1.0,1.0,1.0,1.0,1.0,1.0,1.0,1.0,1.0,1.0,1.0,1.0,1.0
353,1.0,0.98,1.0,1.0,1.0,1.0,1.0,1.0,0.995,0.985,0.965,0.965,0.965
354,1.0,0.99,1.0,1.0,1.0,1.0,0.995,0.985,0.975,0.955,0.955,0.955,0.955
355,0.9356336465158767,0.9556336465158767,0.9556336465158767,0.9656336465158767,0.9556336465158767,0.9556336465158767,0.9756336465158767,0.9756336465158767,0.9706336465158767,0.9606336465158767,0.9406336465158767,0.9406336465158767,0.9406336465158767
356,1.0,1.0,0.97,1.0,1.0,1.0,1.0,0.995,0.985,0.995,0.985,0.985,0.975
357,0.940496837338873,0.930496837338873,0.930496837338873,0.920496837338873,0.920496837338873,0.920496837338873,0.930496837338873,0.920496837338873,0.910496837338873,0.925496837338873,0.915496837338873,0.905496837338873,0.915496837338873
358,0.986893682251954,0.9768936822519539,0.986893682251954,0.9668936822519539,0.9568936822519539,0.9568936822519539,0.9668936822519539,0.9768936822519539,0.986893682251954,0.996893682251954,1.0,1.0,1.0
359,0.8993500332781675,0.9093500332781675,0.9193500332781676,0.9193500332781676,0.9293500332781676,0.9293500332781676,0.9193500332781676,0.9093500332781675,0.9093500332781675,0.9193500332781676,0.9193500332781676,0.9193500332781676,0.9193500332781676
360,1.0,0.99,1.0,0.99,1.0,1.0,1.0,0.99,0.97,0.95,0.9299999999999999,0.94,0.94
361,0.9686716846863784,0.9686716846863784,0.9786716846863784,0.9686716846863784,0.9886716846863784,0.9586716846863784,0.9586716846863784,0.9786716846863784,0.9786716846863784,0.9786716846863784,0.9986716846863785,0.9836716846863784,0.9836716846863784
362,0.9262949963568167,0.9162949963568167,0.9262949963568167,0.9362949963568167,0.9262949963568167,0.9262949963568167,0.9162949963568167,0.9162949963568167,0.9562949963568167,0.9462949963568167,0.9462949963568167,0.9462949963568167,0.9462949963568167
363,0.9743813584345296,0.9743813584345296,0.9743813584345296,0.9743813584345296,0.9543813584345295,0.9543813584345295,0.9743813584345296,0.9743813584345296,0.9843813584345296,0.9543813584345295,0.9443813584345295,0.9593813584345295,0.9493813584345295
364,0.9612825970713799,0.9612825970713799,0.9612825970713799,0.9612825970713799,0.9612825970713799,0.9612825970713799,0.9812825970713799,0.9612825970713799,0.9712825970713799,0.9812825970713799,0.9912825970713799,1.0,1.0
365,0.9649737648276874,0.9649737648276874,0.9649737648276874,0.9549737648276874,0.9549737648276874,0.9549737648276874,0.9349737648276873,0.9249737648276873,0.9299737648276873,0.9399737648276874,0.9599737648276874,0.9599737648276874,0.9699737648276874
366,1.0,1.0,0.99,0.99,0.99,1.0,0.98,0.97,0.97,0.97,1.0,0.97,0.97
367,0.8819056005012089,0.8819056005012089,0.8819056005012089,0.8819056005012089,0.8719056005012089,0.8619056005012089,0.8719056005012089,0.8619056005012089,0.8619056005012089,0.8619056005012089,0.8619056005012089,0.8619056005012089,0.8519056005012089
368,1.0,1.0,0.99,0.98,0.96,0.97,0.98,0.98,0.98,0.98,0.98,0.98,0.98
369,0.9471271026335766,0.9471271026335766,0.9471271026335766,0.9371271026335766,0.9271271026335766,0.9271271026335766,0.9371271026335766,0.9271271026335766,0.9371271026335766,0.9271271026335766,0.9071271026335765,0.9121271026335765,0.9221271026335766
370,0.8825435929612595,0.8825435929612595,0.8825435929612595,0.8825435929612595,0.8825435929612595,0.8825435929612595,0.8925435929612595,0.9025435929612595,0.8925435929612595,0.8825435929612595,0.8825435929612595,0.9025435929612595,0.8925435929612595
371,1.0,0.99,0.99,1.0,1.0,1.0,1.0,1.0,1.0,1.0,1.0,0.99,0.99
372,0.9228967396700232,0.9228967396700232,0.9228967396700232,0.9228967396700232,0.9328967396700232,0.9428967396700232,0.9128967396700232,0.8828967396700231,0.8828967396700231,0.8878967396700231,0.8778967396700231,0.8778967396700231,0.8778967396700231
373,0.949010262626296,0.949010262626296,0.949010262626296,0.9390102626262959,0.9390102626262959,0.959010262626296,0.969010262626296,0.969010262626296,0.989010262626296,0.989010262626296,0.979010262626296,0.979010262626296,0.969010262626296
374,1.0,1.0,1.0,1.0,1.0,1.0,1.0,0.98,0.98,0.97,0.98,0.97,0.97
375,0.9351940571882609,0.9051940571882608,0.9201940571882609,0.9101940571882609,0.9001940571882608,0.9101940571882609,0.9101940571882609,0.9401940571882609,0.9401940571882609,0.9401940571882609,0.9401940571882609,0.9401940571882609,0.9301940571882609
376,0.9294470674531492,0.9194470674531492,0.9094470674531492,0.9094470674531492,0.9094470674531492,0.9094470674531492,0.9094470674531492,0.9194470674531492,0.9194470674531492,0.9194470674531492,0.9194470674531492,0.9194470674531492,0.9494470674531492
377,0.9374835663233878,0.9374835663233878,0.9374835663233878,0.9374835663233878,0.9574835663233878,0.9374835663233878,0.9474835663233878,0.9574835663233878,0.9674835663233878,0.9774835663233878,0.9724835663233878,0.9724835663233878,0.9724835663233878
378,1.0,0.99,1.0,0.99,1.0,1.0,1.0,1.0,0.985,1.0,1.0,1.0,0.99
379,0.9998886917588699,0.9998886917588699,0.9998886917588699,0.9698886917588698,0.9848886917588698,0.9948886917588698,0.9948886917588698,0.9648886917588698,0.9648886917588698,0.9548886917588698,0.9548886917588698,0.9748886917588698,0.9848886917588698
380,0.9146854488651552,0.9146854488651552,0.9346854488651553,0.9346854488651553,0.9446854488651553,0.9446854488651553,0.9346854488651553,0.9346854488651553,0.9046854488651552,0.8846854488651552,0.8746854488651552,0.8846854488651552,0.8946854488651552
381,0.952664944184015,0.942664944184015,0.952664944184015,0.932664944184015,0.957664944184015,0.967664944184015,0.967664944184015,0.9776649441840151,0.937664944184015,0.917664944184015,0.927664944184015,0.927664944184015,0.937664944184015
382,0.926220903265674,0.916220903265674,0.916220903265674,0.916220903265674,0.916220903265674,0.916220903265674,0.916220903265674,0.936220903265674,0.926220903265674,0.926220903265674,0.936220903265674,0.926220903265674,0.926220903265674
383,0.8348854068937368,0.8048854068937368,0.7948854068937368,0.7948854068937368,0.8048854068937368,0.8148854068937368,0.8348854068937368,0.8448854068937368,0.8448854068937368,0.8348854068937368,0.8348854068937368,0.8348854068937368,0.8448854068937368
384,0.9114209043471103,0.9114209043471103,0.9114209043471103,0.9014209043471103,0.9114209043471103,0.9014209043471103,0.8914209043471103,0.8914209043471103,0.8914209043471103,0.8914209043471103,0.9114209043471103,0.9214209043471103,0.9314209043471103
385,0.9590289830072324,0.9290289830072324,0.9290289830072324,0.9390289830072324,0.9290289830072324,0.9390289830072324,0.9390289830072324,0.9290289830072324,0.9390289830072324,0.9290289830072324,0.9440289830072324,0.9640289830072324,0.9340289830072324
386,0.9686915684453319,0.9686915684453319,0.9786915684453319,0.9786915684453319,0.9586915684453319,0.9586915684453319,0.9386915684453319,0.9386915684453319,0.9386915684453319,0.9486915684453319,0.9686915684453319,0.9686915684453319,0.9586915684453319
387,0.913219692876262,0.913219692876262,0.913219692876262,0.903219692876262,0.903219692876262,0.903219692876262,0.913219692876262,0.923219692876262,0.933219692876262,0.9532196928762621,0.9432196928762621,0.9432196928762621,0.9432196928762621
388,0.9450327427915424,0.9550327427915424,0.9750327427915424,0.9850327427915424,0.9750327427915424,0.9850327427915424,0.9800327427915424,0.9600327427915424,0.9700327427915424,0.9900327427915424,0.9800327427915424,0.9700327427915424,0.9700327427915424
389,0.9957880766773067,0.9957880766773067,0.9857880766773067,0.9857880766773067,0.9857880766773067,0.9857880766773067,0.9757880766773067,0.9757880766773067,0.9657880766773067,0.9557880766773067,0.9557880766773067,0.9657880766773067,0.9657880766773067
390,0.8896660340239324,0.8896660340239324,0.8896660340239324,0.8896660340239324,0.8996660340239324,0.8996660340239324,0.8996660340239324,0.8996660340239324,0.8796660340239324,0.8896660340239324,0.8896660340239324,0.8796660340239324,0.8496660340239324
391,0.883501998194985,0.893501998194985,0.913501998194985,0.913501998194985,0.898501998194985,0.898501998194985,0.918501998194985,0.898501998194985,0.888501998194985,0.888501998194985,0.898501998194985,0.888501998194985,0.888501998194985
392,0.874701810339641,0.884701810339641,0.864701810339641,0.864701810339641,0.854701810339641,0.864701810339641,0.864701810339641,0.864701810339641,0.864701810339641,0.874701810339641,0.884701810339641,0.884701810339641,0.864701810339641
393,0.962229996877232,0.982229996877232,0.982229996877232,0.992229996877232,1.0,1.0,1.0,0.97,0.97,0.96,0.96,0.97,0.97
394,0.8968662575787774,0.8868662575787774,0.8968662575787774,0.8868662575787774,0.8868662575787774,0.8968662575787774,0.9168662575787774,0.9268662575787774,0.9118662575787774,0.9018662575787774,0.8918662575787774,0.8918662575787774,0.8918662575787774
395,0.9897685404578666,0.9697685404578665,0.9897685404578666,0.9897685404578666,0.9997685404578666,1.0,0.97,0.95,0.95,0.95,0.95,0.95,0.95
396,0.9910844018872228,0.9910844018872228,0.9810844018872228,0.9810844018872228,0.9910844018872228,1.0,0.99,0.97,0.97,0.96,0.95,0.95,0.94
397,0.9358844346969515,0.9558844346969515,0.9558844346969515,0.9358844346969515,0.9358844346969515,0.9458844346969515,0.9458844346969515,0.9358844346969515,0.9558844346969515,0.9658844346969515,0.9458844346969515,0.9558844346969515,0.9658844346969515
398,0.9474490261137728,0.9574490261137728,0.9374490261137728,0.9474490261137728,0.9574490261137728,0.9374490261137728,0.9374490261137728,0.9374490261137728,0.9374490261137728,0.9474490261137728,0.9574490261137728,0.9474490261137728,0.9474490261137728
399,0.9764365931201792,0.9764365931201792,0.9764365931201792,0.9764365931201792,0.9864365931201792,0.9964365931201792,1.0,0.99,0.96,0.94,0.94,0.96,0.96
400,0.8714812197286157,0.8714812197286157,0.8714812197286157,0.8614812197286157,0.9014812197286157,0.9014812197286157,0.8914812197286157,0.9114812197286157,0.9064812197286157,0.8964812197286157,0.8864812197286157,0.8864812197286157,0.8864812197286157
401,0.9667063611740523,0.9467063611740523,0.9467063611740523,0.9367063611740523,0.9267063611740523,0.9267063611740523,0.9267063611740523,0.9267063611740523,0.9267063611740523,0.9317063611740523,0.9417063611740523,0.9317063611740523,0.9417063611740523
402,0.9850877944378366,0.9650877944378365,0.9650877944378365,0.9650877944378365,0.9550877944378365,0.9550877944378365,0.9550877944378365,0.9450877944378365,0.9450877944378365,0.9450877944378365,0.9550877944378365,0.9550877944378365,0.9550877944378365
403,1.0,1.0,1.0,1.0,1.0,1.0,0.995,0.985,0.975,0.965,0.965,0.965,0.985
404,0.8430985148427906,0.8530985148427906,0.8430985148427906,0.8430985148427906,0.8230985148427906,0.8230985148427906,0.8230985148427906,0.8230985148427906,0.8330985148427906,0.8230985148427906,0.8330985148427906,0.8230985148427906,0.8230985148427906
405,0.8598409573648083,0.8398409573648082,0.8198409573648082,0.8298409573648082,0.8298409573648082,0.8298409573648082,0.8198409573648082,0.8198409573648082,0.8248409573648082,0.8248409573648082,0.8348409573648082,0.8248409573648082,0.8248409573648082
406,0.9891915050649213,0.9791915050649213,0.9791915050649213,0.9891915050649213,0.9891915050649213,0.9791915050649213,0.9991915050649213,0.9991915050649213,0.9991915050649213,0.9991915050649213,0.9991915050649213,0.9991915050649213,0.9991915050649213
407,0.9502402680319307,0.9502402680319307,0.9502402680319307,0.9602402680319307,0.9602402680319307,0.9402402680319307,0.9402402680319307,0.9602402680319307,0.9402402680319307,0.9402402680319307,0.9502402680319307,0.9402402680319307,0.9602402680319307
408,0.9046047759622292,0.9146047759622292,0.9146047759622292,0.9346047759622292,0.9446047759622292,0.9396047759622292,0.9296047759622292,0.9396047759622292,0.9296047759622292,0.9196047759622292,0.9096047759622292,0.9096047759622292,0.9096047759622292
409,0.8341247938000146,0.8341247938000146,0.8341247938000146,0.8141247938000146,0.8141247938000146,0.8341247938000146,0.8241247938000146,0.8241247938000146,0.8141247938000146,0.8141247938000146,0.7941247938000146,0.8041247938000146,0.8141247938000146
410,1.0,1.0,1.0,1.0,1.0,1.0,1.0,1.0,1.0,0.99,0.99,0.99,0.99
411,1.0,1.0,1.0,0.99,0.99,0.99,1.0,0.98,0.96,0.96,0.97,0.95,0.94
412,0.9181319278578836,0.8981319278578835,0.9081319278578835,0.9281319278578836,0.9281319278578836,0.9481319278578836,0.9331319278578836,0.9431319278578836,0.9431319278578836,0.9431319278578836,0.9431319278578836,0.9431319278578836,0.9331319278578836
413,1.0,1.0,1.0,1.0,0.99,0.99,0.99,0.96,0.97,0.96,0.965,0.975,0.975
414,0.9471997360097555,0.9571997360097555,0.9671997360097555,0.9571997360097555,0.9671997360097555,0.9671997360097555,0.9671997360097555,0.9771997360097555,0.9671997360097555,0.9771997360097555,0.9771997360097555,0.9771997360097555,0.9771997360097555
415,1.0,1.0,1.0,1.0,0.98,0.98,0.97,0.97,0.96,0.97,0.95,0.97,0.97
416,0.9684541688908668,0.9684541688908668,0.9484541688908668,0.9484541688908668,0.9484541688908668,0.9584541688908668,0.9584541688908668,0.9384541688908667,0.9384541688908667,0.9584541688908668,0.9884541688908668,0.9884541688908668,0.9634541688908668
417,0.9937200631882748,1.0,1.0,1.0,1.0,1.0,0.98,0.98,0.99,0.99,0.99,0.99,0.98
418,0.9745087208605709,0.9645087208605709,0.9645087208605709,0.9745087208605709,0.9645087208605709,0.9645087208605709,0.9645087208605709,0.9645087208605709,0.984508720860571,1.0,0.99,0.99,0.98
419,0.8922774191159981,0.8822774191159981,0.8822774191159981,0.8722774191159981,0.8722774191159981,0.8522774191159981,0.8572774191159981,0.8572774191159981,0.8672774191159981,0.8672774191159981,0.8572774191159981,0.8572774191159981,0.8672774191159981
420,0.9672530569948052,0.9672530569948052,0.9672530569948052,0.9672530569948052,0.9272530569948052,0.9272530569948052,0.9372530569948052,0.9272530569948052,0.9322530569948052,0.9322530569948052,0.9322530569948052,0.9322530569948052,0.9322530569948052
421,0.8582665954186786,0.8682665954186786,0.8682665954186786,0.8782665954186786,0.8532665954186786,0.8632665954186786,0.8332665954186785,0.8432665954186785,0.8532665954186786,0.8532665954186786,0.8432665954186785,0.8332665954186785,0.8232665954186785
422,0.9646232867665595,0.9646232867665595,0.9546232867665595,0.9646232867665595,0.9646232867665595,0.9646232867665595,0.9646232867665595,0.9646232867665595,0.9646232867665595,0.9646232867665595,0.9346232867665595,0.9446232867665595,0.9546232867665595
423,0.9096951303339285,0.9096951303339285,0.9096951303339285,0.8996951303339285,0.8996951303339285,0.9096951303339285,0.9096951303339285,0.9096951303339285,0.9296951303339285,0.9196951303339285,0.9196951303339285,0.9196951303339285,0.9096951303339285
424,0.7966744899750877,0.7866744899750877,0.7766744899750877,0.7766744899750877,0.7866744899750877,0.7966744899750877,0.7866744899750877,0.7866744899750877,0.7666744899750877,0.7766744899750877,0.7766744899750877,0.7766744899750877,0.7766744899750877
425,0.9946303350251393,0.9946303350251393,1.0,1.0,1.0,1.0,0.99,1.0,0.995,1.0,1.0,1.0,1.0
426,0.9899147644882016,0.9899147644882016,0.9899147644882016,0.9999147644882016,0.9999147644882016,0.9999147644882016,0.9899147644882016,0.9899147644882016,0.9999147644882016,0.9999147644882016,1.0,1.0,0.995
427,0.845524732842914,0.855524732842914,0.855524732842914,0.855524732842914,0.855524732842914,0.855524732842914,0.855524732842914,0.845524732842914,0.845524732842914,0.845524732842914,0.845524732842914,0.845524732842914,0.835524732842914
428,0.9371725015073387,0.9271725015073387,0.9271725015073387,0.9271725015073387,0.9371725015073387,0.9471725015073387,0.9571725015073387,0.9571725015073387,0.9471725015073387,0.9471725015073387,0.9471725015073387,0.9471725015073387,0.9371725015073387
429,1.0,1.0,1.0,0.99,0.99,0.99,0.97,0.97,1.0,1.0,0.97,0.96,0.96
430,0.9922964258578715,0.9922964258578715,1.0,0.99,0.99,0.98,0.98,0.98,0.98,0.97,0.97,0.95,0.96
431,0.8970167053098501,0.8770167053098501,0.8670167053098501,0.8870167053098501,0.8870167053098501,0.8970167053098501,0.9070167053098501,0.9070167053098501,0.9070167053098501,0.9070167053098501,0.9070167053098501,0.9270167053098501,0.9120167053098501
432,1.0,0.98,0.98,0.98,1.0,1.0,0.99,0.99,1.0,1.0,1.0,1.0,0.99
433,0.8976352797238042,0.8776352797238042,0.8676352797238042,0.8676352797238042,0.8776352797238042,0.8776352797238042,0.8676352797238042,0.8576352797238042,0.8676352797238042,0.8576352797238042,0.8626352797238042,0.8726352797238042,0.8926352797238042
434,0.9739095942488685,0.9739095942488685,0.9939095942488685,0.9839095942488685,0.9839095942488685,0.9839095942488685,0.9639095942488685,0.9639095942488685,0.9539095942488685,0.9639095942488685,0.9639095942488685,0.9539095942488685,0.9339095942488684
435,1.0,0.99,0.98,1.0,1.0,1.0,1.0,1.0,1.0,1.0,0.99,0.99,0.99
436,0.9719683195709977,0.9719683195709977,0.9619683195709977,0.9719683195709977,0.9619683195709977,0.9719683195709977,0.9619683195709977,0.9719683195709977,0.9719683195709977,0.9719683195709977,0.9519683195709977,0.9519683195709977,0.9419683195709977
437,0.9713174279966841,0.9813174279966841,0.9913174279966841,0.9813174279966841,0.9813174279966841,0.9813174279966841,0.9513174279966841,0.941317427996684,0.941317427996684,0.931317427996684,0.931317427996684,0.931317427996684,0.941317427996684
438,0.9568620440709082,0.9668620440709083,0.9668620440709083,0.9668620440709083,0.9868620440709083,0.9868620440709083,0.9968620440709083,0.9968620440709083,0.9918620440709083,0.9818620440709083,0.9718620440709083,0.9618620440709083,0.9518620440709082
439,0.9142012397053514,0.8942012397053514,0.8942012397053514,0.8942012397053514,0.9192012397053514,0.9292012397053514,0.9292012397053514,0.9292012397053514,0.9292012397053514,0.9192012397053514,0.9092012397053514,0.9092012397053514,0.9192012397053514
440,0.982993504419116,0.982993504419116,1.0,1.0,1.0,0.985,1.0,1.0,1.0,0.99,0.98,1.0,1.0
441,1.0,1.0,0.98,0.96,0.96,0.96,0.965,0.975,0.975,0.985,0.985,0.995,0.995
442,0.9259574528495939,0.9159574528495938,0.9059574528495938,0.9059574528495938,0.9059574528495938,0.9059574528495938,0.9159574528495938,0.9259574528495939,0.9259574528495939,0.9259574528495939,0.9259574528495939,0.9459574528495939,0.9259574528495939
443,0.9018033885950075,0.9018033885950075,0.9018033885950075,0.9018033885950075,0.8818033885950075,0.8918033885950075,0.8818033885950075,0.9018033885950075,0.9018033885950075,0.9018033885950075,0.9218033885950075,0.9318033885950076,0.9218033885950075
444,1.0,1.0,1.0,1.0,1.0,1.0,0.99,0.99,1.0,1.0,0.98,0.97,0.97
445,0.9366222149725396,0.9466222149725396,0.9466222149725396,0.9466222149725396,0.9466222149725396,0.9466222149725396,0.9366222149725396,0.9566222149725396,0.9666222149725396,0.9566222149725396,0.9566222149725396,0.9566222149725396,0.9366222149725396
446,0.9838677089096434,0.9638677089096434,0.9438677089096433,0.9488677089096433,0.9488677089096433,0.9488677089096433,0.9488677089096433,0.9488677089096433,0.9488677089096433,0.9488677089096433,0.9588677089096433,0.9588677089096433,0.9688677089096434
447,0.9626003404894382,0.9426003404894382,0.9326003404894382,0.9476003404894382,0.9476003404894382,0.9576003404894382,0.9576003404894382,0.9676003404894382,0.9576003404894382,0.9576003404894382,0.9576003404894382,0.9376003404894382,0.9176003404894382
448,0.9580217553322932,0.9380217553322932,0.9280217553322931,0.9380217553322932,0.9380217553322932,0.9380217553322932,0.9380217553322932,0.9280217553322931,0.9280217553322931,0.9380217553322932,0.9280217553322931,0.9280217553322931,0.9580217553322932
449,0.8535951113121353,0.8835951113121353,0.8835951113121353,0.8735951113121353,0.8735951113121353,0.8635951113121353,0.8635951113121353,0.8835951113121353,0.8835951113121353,0.8835951113121353,0.8635951113121353,0.8735951113121353,0.8935951113121353
450,0.9289799116466155,0.9289799116466155,0.9289799116466155,0.9389799116466155,0.9589799116466156,0.9589799116466156,0.9489799116466155,0.9489799116466155,0.9589799116466156,0.9489799116466155,0.9589799116466156,0.9689799116466156,0.9639799116466156
451,0.8579639883419407,0.8579639883419407,0.8479639883419406,0.8579639883419407,0.8479639883419406,0.8479639883419406,0.8679639883419407,0.8679639883419407,0.8679639883419407,0.8679639883419407,0.8579639883419407,0.8379639883419406,0.8179639883419406
452,1.0,0.99,0.99,1.0,1.0,1.0,1.0,1.0,1.0,0.99,0.99,0.99,1.0
453,1.0,0.96,0.965,0.975,0.965,0.975,0.995,0.995,0.965,0.975,0.975,0.995,0.995
454,0.9709687804376688,0.9809687804376688,0.9709687804376688,0.9609687804376688,0.9509687804376687,0.9409687804376687,0.9509687804376687,0.9409687804376687,0.9409687804376687,0.9309687804376687,0.9309687804376687,0.9309687804376687,0.9309687804376687
455,0.880316562830963,0.880316562830963,0.880316562830963,0.880316562830963,0.890316562830963,0.9003165628309631,0.9003165628309631,0.9003165628309631,0.9003165628309631,0.9003165628309631,0.890316562830963,0.880316562830963,0.870316562830963
456,0.9179607596243905,0.9179607596243905,0.9179607596243905,0.9079607596243905,0.8879607596243905,0.8779607596243905,0.8829607596243905,0.8829607596243905,0.8829607596243905,0.8829607596243905,0.8929607596243905,0.8829607596243905,0.8829607596243905
457,0.8790257512862844,0.8690257512862843,0.8490257512862843,0.8640257512862843,0.8640257512862843,0.8640257512862843,0.8340257512862843,0.8340257512862843,0.8340257512862843,0.8640257512862843,0.8740257512862843,0.8740257512862843,0.8840257512862844
458,1.0,1.0,1.0,1.0,1.0,1.0,1.0,1.0,0.995,0.995,0.985,0.985,0.975
459,0.9145652173462474,0.9245652173462474,0.9245652173462474,0.8945652173462474,0.9245652173462474,0.9245652173462474,0.9145652173462474,0.9045652173462474,0.8945652173462474,0.9145652173462474,0.9145652173462474,0.8745652173462474,0.8745652173462474
460,0.880284113840596,0.870284113840596,0.880284113840596,0.880284113840596,0.890284113840596,0.900284113840596,0.900284113840596,0.900284113840596,0.880284113840596,0.880284113840596,0.870284113840596,0.860284113840596,0.860284113840596
461,1.0,0.99,1.0,1.0,1.0,0.99,0.99,0.98,0.98,1.0,1.0,1.0,0.98
462,0.9983330534199311,0.9983330534199311,0.9983330534199311,0.988333053419931,0.988333053419931,0.988333053419931,0.988333053419931,0.988333053419931,0.988333053419931,1.0,1.0,1.0,1.0
463,1.0,1.0,1.0,1.0,1.0,1.0,1.0,1.0,0.995,0.965,0.975,0.965,0.975
464,0.9583137772884339,0.9583137772884339,0.9383137772884339,0.9383137772884339,0.9383137772884339,0.9383137772884339,0.9283137772884339,0.9433137772884339,0.9433137772884339,0.9433137772884339,0.9333137772884339,0.9333137772884339,0.9333137772884339
465,0.9396364347958536,0.9396364347958536,0.9296364347958536,0.9296364347958536,0.9096364347958535,0.9196364347958536,0.8996364347958535,0.9046364347958535,0.9146364347958535,0.9346364347958536,0.9546364347958536,0.9246364347958536,0.9046364347958535
466,0.954409396311728,0.9644093963117281,0.944409396311728,0.954409396311728,0.934409396311728,0.954409396311728,0.944409396311728,0.924409396311728,0.924409396311728,0.914409396311728,0.914409396311728,0.919409396311728,0.929409396311728
467,0.9433240293586219,0.9433240293586219,0.9433240293586219,0.9433240293586219,0.9533240293586219,0.9633240293586219,0.9633240293586219,0.9533240293586219,0.9533240293586219,0.9533240293586219,0.9533240293586219,0.9533240293586219,0.9433240293586219
468,1.0,0.98,0.98,0.97,0.985,0.985,0.965,0.975,0.975,0.975,0.995,0.975,0.975
469,1.0,1.0,0.99,0.97,0.97,0.96,0.96,0.985,0.985,0.985,0.975,0.965,0.965
470,0.9266002420443089,0.9166002420443089,0.8966002420443089,0.9066002420443089,0.9566002420443089,0.9466002420443089,0.9666002420443089,0.9666002420443089,0.9666002420443089,0.9466002420443089,0.9366002420443089,0.9366002420443089,0.9016002420443089
471,0.9569019087576256,0.9669019087576256,0.9669019087576256,0.9669019087576256,0.9769019087576256,0.9969019087576256,0.9869019087576256,0.9869019087576256,0.9869019087576256,0.9869019087576256,0.9869019087576256,0.9669019087576256,0.9769019087576256
472,0.9679657929932803,0.9679657929932803,0.9679657929932803,0.9679657929932803,0.9779657929932803,0.9479657929932803,0.9779657929932803,0.9879657929932804,0.9979657929932804,0.9979657929932804,0.9979657929932804,0.9779657929932803,0.9779657929932803
473,0.9898579777428653,0.9698579777428653,0.9698579777428653,0.9898579777428653,0.9998579777428653,0.9898579777428653,0.9898579777428653,0.9798579777428653,0.9798579777428653,0.9898579777428653,0.9898579777428653,0.9798579777428653,0.9698579777428653
474,0.9856938126347771,0.9856938126347771,0.9756938126347771,0.9856938126347771,0.9756938126347771,0.9756938126347771,0.9756938126347771,0.965693812634777,0.9856938126347771,0.9956938126347771,0.9956938126347771,0.9756938126347771,0.9756938126347771
475,1.0,1.0,1.0,1.0,1.0,1.0,1.0,0.99,0.99,1.0,1.0,0.995,0.995
476,0.9735814509625181,0.9735814509625181,0.9735814509625181,0.9535814509625181,0.9735814509625181,0.9735814509625181,0.9835814509625181,0.9835814509625181,0.9835814509625181,0.9535814509625181,0.9735814509625181,0.9735814509625181,0.9735814509625181
477,0.9946652725950312,1.0,0.99,0.99,0.99,0.99,0.99,1.0,1.0,1.0,1.0,0.99,1.0
478,0.9712133887895165,0.9712133887895165,0.9712133887895165,0.9812133887895165,0.9812133887895165,0.9812133887895165,0.9812133887895165,0.9912133887895165,0.9812133887895165,0.9612133887895165,0.9712133887895165,0.9712133887895165,0.9612133887895165
479,0.9228200927006656,0.9328200927006656,0.9328200927006656,0.9328200927006656,0.9328200927006656,0.9328200927006656,0.9328200927006656,0.9328200927006656,0.9328200927006656,0.9328200927006656,0.9328200927006656,0.9328200927006656,0.9328200927006656
480,0.9493854382479278,0.9493854382479278,0.9393854382479278,0.9593854382479278,0.9793854382479278,0.9893854382479278,0.9893854382479278,0.9843854382479278,0.9743854382479278,0.9943854382479278,0.9943854382479278,0.9943854382479278,0.9843854382479278
481,0.9070840698156368,0.9070840698156368,0.9070840698156368,0.8970840698156368,0.8970840698156368,0.8970840698156368,0.9170840698156368,0.9070840698156368,0.8970840698156368,0.8970840698156368,0.8870840698156368,0.8870840698156368,0.8670840698156368
482,0.8902028761066696,0.9002028761066696,0.8902028761066696,0.8802028761066696,0.8802028761066696,0.8802028761066696,0.8602028761066696,0.8602028761066696,0.8602028761066696,0.8602028761066696,0.8502028761066696,0.8602028761066696,0.8752028761066696
483,0.9878312527809712,0.9678312527809712,0.9778312527809712,0.9978312527809712,1.0,0.99,0.95,0.95,0.94,0.94,0.96,0.97,0.97
484,0.8398217396997576,0.8398217396997576,0.8398217396997576,0.8398217396997576,0.8298217396997576,0.8298217396997576,0.8098217396997576,0.8098217396997576,0.8098217396997576,0.8248217396997576,0.8348217396997576,0.8448217396997576,0.8448217396997576
485,1.0,1.0,0.985,0.965,0.985,0.995,0.995,0.975,1.0,0.99,0.98,0.98,0.96
486,0.9334063206406771,0.9234063206406771,0.9134063206406771,0.9384063206406771,0.9384063206406771,0.9384063206406771,0.9384063206406771,0.9384063206406771,0.9384063206406771,0.9384063206406771,0.9484063206406771,0.9484063206406771,0.9484063206406771
487,0.8805138375679503,0.8805138375679503,0.8805138375679503,0.8605138375679503,0.8605138375679503,0.8605138375679503,0.8805138375679503,0.8805138375679503,0.8505138375679503,0.8655138375679503,0.8555138375679503,0.8755138375679503,0.8855138375679503
488,0.9199356441602766,0.9199356441602766,0.9199356441602766,0.9599356441602767,0.9599356441602767,0.9599356441602767,0.9499356441602766,0.9599356441602767,0.9599356441602767,0.9499356441602766,0.9299356441602766,0.9499356441602766,0.9499356441602766
489,0.9199371514162209,0.9299371514162209,0.9399371514162209,0.9399371514162209,0.9299371514162209,0.9199371514162209,0.9399371514162209,0.9099371514162209,0.9099371514162209,0.8999371514162209,0.8999371514162209,0.8999371514162209,0.8999371514162209
490,1.0,1.0,1.0,0.98,0.98,0.98,0.97,0.95,0.94,0.95,0.96,0.96,0.96
491,0.9266899246779726,0.9566899246779726,0.9366899246779726,0.9566899246779726,0.9266899246779726,0.9366899246779726,0.9366899246779726,0.9266899246779726,0.9266899246779726,0.9066899246779726,0.8966899246779726,0.9066899246779726,0.9066899246779726
492,1.0,1.0,1.0,1.0,1.0,0.99,1.0,0.99,1.0,1.0,0.99,1.0,0.99
493,0.8493805111294288,0.8693805111294288,0.8793805111294288,0.8793805111294288,0.8793805111294288,0.8793805111294288,0.8643805111294288,0.8643805111294288,0.8443805111294288,0.8443805111294288,0.8243805111294288,0.8443805111294288,0.8343805111294288
494,0.9200346566284564,0.9300346566284564,0.9300346566284564,0.9600346566284564,0.9550346566284564,0.9550346566284564,0.9550346566284564,0.9550346566284564,0.9450346566284564,0.9350346566284564,0.9350346566284564,0.9150346566284564,0.8950346566284564
495,0.984901569809752,0.974901569809752,0.974901569809752,1.0,1.0,1.0,1.0,1.0,0.99,0.98,0.96,0.96,0.95
496,0.954041382403592,0.954041382403592,0.954041382403592,0.964041382403592,0.964041382403592,0.9740413824035921,0.9740413824035921,0.9740413824035921,0.944041382403592,0.954041382403592,0.964041382403592,0.964041382403592,0.964041382403592
497,1.0,0.99,0.99,0.99,0.99,0.97,0.96,0.96,0.965,0.965,0.965,0.975,0.975
498,0.9571754788037947,0.9671754788037947,0.9771754788037947,0.9771754788037947,0.9671754788037947,0.9571754788037947,0.9571754788037947,0.9871754788037947,0.9871754788037947,0.9871754788037947,0.9871754788037947,0.9721754788037947,0.9721754788037947
499,0.9308213574474482,0.9408213574474482,0.9208213574474482,0.9308213574474482,0.9308213574474482,0.9308213574474482,0.9408213574474482,0.9058213574474482,0.8958213574474482,0.8958213574474482,0.9058213574474482,0.8958213574474482,0.9058213574474482
500,0.9541118079377269,0.9541118079377269,0.9341118079377269,0.9441118079377269,0.9441118079377269,0.9341118079377269,0.9341118079377269,0.9341118079377269,0.9341118079377269,0.9541118079377269,0.9841118079377269,0.9841118079377269,0.9841118079377269
501,0.9926158169137116,0.9826158169137116,0.9826158169137116,0.9626158169137116,0.9626158169137116,0.9526158169137116,0.9626158169137116,0.9776158169137116,0.9776158169137116,0.9876158169137116,0.9876158169137116,0.9876158169137116,0.9776158169137116
502,0.9929512680716897,0.9529512680716896,0.9629512680716896,0.9529512680716896,0.9629512680716896,0.9729512680716896,0.9829512680716896,0.9829512680716896,0.9929512680716897,0.9829512680716896,1.0,1.0,1.0
503,0.9220948722965886,0.9220948722965886,0.9220948722965886,0.9220948722965886,0.9520948722965886,0.9520948722965886,0.9620948722965886,0.9620948722965886,0.9620948722965886,0.9570948722965886,0.9470948722965886,0.9470948722965886,0.9470948722965886
504,0.8011340803204426,0.8011340803204426,0.8011340803204426,0.8011340803204426,0.8011340803204426,0.8011340803204426,0.8011340803204426,0.8011340803204426,0.8211340803204427,0.8411340803204427,0.8311340803204427,0.8211340803204427,0.8311340803204427
505,0.9763974571801919,0.9763974571801919,0.9863974571801919,0.9563974571801919,0.9463974571801919,0.9563974571801919,0.9663974571801919,0.9563974571801919,0.9563974571801919,0.9463974571801919,0.9463974571801919,0.9463974571801919,0.9463974571801919
506,0.8901841256456046,0.8801841256456046,0.8701841256456045,0.8701841256456045,0.8901841256456046,0.9001841256456046,0.9001841256456046,0.8901841256456046,0.8801841256456046,0.8601841256456045,0.8601841256456045,0.8601841256456045,0.8601841256456045
507,0.9587300061821951,0.9787300061821951,0.9787300061821951,0.9887300061821951,0.9687300061821951,0.9787300061821951,0.9787300061821951,0.9687300061821951,0.9587300061821951,0.9687300061821951,0.9687300061821951,0.9787300061821951,0.9787300061821951
508,0.8658482305764283,0.8858482305764284,0.9058482305764284,0.9058482305764284,0.9058482305764284,0.9058482305764284,0.8958482305764284,0.8758482305764284,0.8658482305764283,0.8658482305764283,0.8758482305764284,0.8758482305764284,0.8658482305764283
509,0.9506291367710088,0.9206291367710088,0.9206291367710088,0.9306291367710088,0.9106291367710088,0.9106291367710088,0.9106291367710088,0.9106291367710088,0.9206291367710088,0.9306291367710088,0.9206291367710088,0.9306291367710088,0.9306291367710088
510,0.9790528272380106,0.9790528272380106,0.9790528272380106,0.9890528272380106,0.9690528272380106,0.9690528272380106,0.9690528272380106,0.9690528272380106,0.9690528272380106,0.9790528272380106,0.9790528272380106,0.9890528272380106,0.9890528272380106
511,0.8693932518690953,0.8893932518690953,0.9093932518690954,0.9093932518690954,0.8893932518690953,0.8893932518690953,0.9093932518690954,0.9093932518690954,0.8793932518690953,0.8493932518690953,0.8493932518690953,0.8493932518690953,0.8593932518690953
512,1.0,0.96,0.965,0.965,0.975,0.975,0.975,0.975,0.975,0.965,0.975,0.975,0.985
513,0.9074223888793168,0.9374223888793168,0.9374223888793168,0.9374223888793168,0.9374223888793168,0.9374223888793168,0.9274223888793168,0.9474223888793168,0.9174223888793168,0.9074223888793168,0.9074223888793168,0.9174223888793168,0.9174223888793168
514,0.9751487564770968,0.9751487564770968,0.9751487564770968,0.9951487564770968,0.9451487564770967,0.9351487564770967,0.9351487564770967,0.9401487564770967,0.9501487564770967,0.9401487564770967,0.9501487564770967,0.9701487564770968,0.9401487564770967
515,0.8849544685997658,0.8649544685997658,0.8849544685997658,0.8749544685997658,0.8949544685997658,0.8849544685997658,0.8949544685997658,0.8849544685997658,0.9049544685997658,0.8949544685997658,0.9149544685997658,0.9049544685997658,0.9049544685997658
516,0.8348432557199642,0.8048432557199642,0.7948432557199642,0.8048432557199642,0.8048432557199642,0.7948432557199642,0.7948432557199642,0.8048432557199642,0.8248432557199642,0.8248432557199642,0.8148432557199642,0.8148432557199642,0.8148432557199642
517,0.9805830449990898,0.9805830449990898,0.9805830449990898,0.9805830449990898,0.9905830449990898,0.9905830449990898,0.9705830449990898,0.9605830449990898,0.9505830449990897,0.9655830449990898,0.9655830449990898,0.9655830449990898,0.9655830449990898
518,0.9610336614402315,0.9610336614402315,0.9610336614402315,0.9710336614402315,0.9710336614402315,0.9710336614402315,0.9910336614402315,0.9410336614402315,0.9610336614402315,0.9610336614402315,0.9510336614402315,0.9410336614402315,0.9410336614402315
519,0.9218806081336993,0.9018806081336993,0.9018806081336993,0.9018806081336993,0.9118806081336993,0.9018806081336993,0.8818806081336993,0.8818806081336993,0.8868806081336993,0.8968806081336993,0.8868806081336993,0.8968806081336993,0.9168806081336993
520,0.9516888092473464,0.9616888092473465,0.9716888092473465,0.9616888092473465,0.9816888092473465,0.9716888092473465,0.9716888092473465,0.9716888092473465,0.9716888092473465,0.9616888092473465,0.9716888092473465,0.9466888092473464,0.9366888092473464
521,0.92864336446714,0.94864336446714,0.94864336446714,0.94864336446714,0.95864336446714,0.94364336446714,0.90364336446714,0.92364336446714,0.92364336446714,0.89364336446714,0.90364336446714,0.90364336446714,0.89364336446714
522,0.9738761965260481,0.9638761965260481,0.9638761965260481,0.9638761965260481,0.9638761965260481,0.953876196526048,0.9638761965260481,0.953876196526048,0.9738761965260481,0.943876196526048,0.953876196526048,0.9638761965260481,0.953876196526048
523,0.9560471594212827,0.9460471594212827,0.9360471594212827,0.9260471594212827,0.9410471594212827,0.9410471594212827,0.9410471594212827,0.9510471594212827,0.9510471594212827,0.9610471594212827,0.9510471594212827,0.9510471594212827,0.9710471594212827
524,0.8763230445399406,0.8763230445399406,0.8763230445399406,0.8763230445399406,0.8963230445399406,0.9063230445399406,0.9063230445399406,0.9063230445399406,0.9163230445399406,0.9063230445399406,0.9063230445399406,0.8863230445399406,0.8963230445399406
525,0.9342850007753206,0.9242850007753206,0.9242850007753206,0.9242850007753206,0.9242850007753206,0.9242850007753206,0.9242850007753206,0.9242850007753206,0.9142850007753206,0.9142850007753206,0.9042850007753206,0.9042850007753206,0.9042850007753206
526,0.9296027533038691,0.9396027533038691,0.9596027533038691,0.9446027533038691,0.9446027533038691,0.9446027533038691,0.9146027533038691,0.8946027533038691,0.8946027533038691,0.9046027533038691,0.9046027533038691,0.9046027533038691,0.9246027533038691
527,0.9291843948142896,0.9191843948142896,0.9291843948142896,0.9191843948142896,0.9191843948142896,0.9291843948142896,0.9291843948142896,0.9291843948142896,0.9291843948142896,0.9091843948142896,0.9091843948142896,0.9391843948142896,0.9191843948142896
528,0.9644718316703146,0.9544718316703146,0.9444718316703146,0.9244718316703145,0.9344718316703146,0.9344718316703146,0.9244718316703145,0.9244718316703145,0.9294718316703146,0.9394718316703146,0.9394718316703146,0.9194718316703145,0.9194718316703145
529,0.9186467801397054,0.9286467801397054,0.9286467801397054,0.9186467801397054,0.9186467801397054,0.9186467801397054,0.8986467801397053,0.8986467801397053,0.8986467801397053,0.8786467801397053,0.8786467801397053,0.8786467801397053,0.8786467801397053
530,0.8607333166134892,0.8307333166134891,0.8307333166134891,0.8207333166134891,0.8207333166134891,0.8257333166134891,0.8357333166134892,0.8457333166134892,0.8257333166134891,0.8357333166134892,0.8557333166134892,0.8557333166134892,0.8457333166134892
531,0.9746389213083922,0.9746389213083922,0.9846389213083923,0.9746389213083922,0.9746389213083922,0.9746389213083922,0.9746389213083922,0.9846389213083923,0.9846389213083923,0.9746389213083922,0.9746389213083922,0.9846389213083923,0.9846389213083923
532,0.9233263116701311,0.9133263116701311,0.9233263116701311,0.9333263116701311,0.9233263116701311,0.9233263116701311,0.9033263116701311,0.8933263116701311,0.8933263116701311,0.9333263116701311,0.9333263116701311,0.9233263116701311,0.9333263116701311
533,1.0,1.0,0.98,0.99,0.99,0.99,0.99,0.99,1.0,1.0,0.99,0.99,0.99
534,1.0,1.0,0.99,0.98,0.98,0.97,0.97,0.985,1.0,1.0,1.0,0.99,0.99
535,1.0,1.0,0.99,1.0,1.0,0.98,0.97,0.99,0.99,0.97,0.99,1.0,0.98
536,0.9221677437879757,0.9321677437879757,0.9321677437879757,0.9421677437879757,0.9621677437879758,0.9571677437879758,0.9471677437879757,0.9271677437879757,0.9271677437879757,0.9571677437879758,0.9471677437879757,0.9471677437879757,0.9571677437879758
537,0.8865639977659958,0.8965639977659958,0.8865639977659958,0.8965639977659958,0.9165639977659958,0.9165639977659958,0.9265639977659959,0.9265639977659959,0.9265639977659959,0.9265639977659959,0.9265639977659959,0.9215639977659958,0.9215639977659958
538,1.0,1.0,1.0,0.98,0.98,0.97,0.97,0.97,0.985,1.0,0.99,0.97,0.98
539,0.8135864613840909,0.8135864613840909,0.8135864613840909,0.8135864613840909,0.8135864613840909,0.8135864613840909,0.7935864613840908,0.7935864613840908,0.7935864613840908,0.8235864613840909,0.8235864613840909,0.8135864613840909,0.8135864613840909
540,0.9369166043183375,0.9469166043183375,0.9569166043183375,0.9569166043183375,0.9469166043183375,0.9469166043183375,0.9269166043183374,0.9169166043183374,0.9369166043183375,0.9169166043183374,0.9169166043183374,0.9169166043183374,0.9169166043183374
541,1.0,0.99,0.99,0.97,0.97,0.97,0.985,0.975,0.985,0.995,0.995,0.995,1.0
542,1.0,1.0,1.0,1.0,0.99,0.98,0.98,0.98,0.99,0.99,0.99,0.99,0.97
543,0.9319267092380757,0.9319267092380757,0.9319267092380757,0.9319267092380757,0.9319267092380757,0.9319267092380757,0.9319267092380757,0.9219267092380757,0.9219267092380757,0.9519267092380758,0.9519267092380758,0.9519267092380758,0.9419267092380758
544,1.0,1.0,0.99,1.0,0.97,0.97,0.96,0.965,0.965,0.965,0.965,0.965,0.975
545,0.8950508247236905,0.9050508247236905,0.8950508247236905,0.8750508247236904,0.8850508247236905,0.8950508247236905,0.9350508247236905,0.9350508247236905,0.9350508247236905,0.9150508247236905,0.8950508247236905,0.8850508247236905,0.8850508247236905
546,0.9355509986035337,0.9455509986035338,0.9555509986035338,0.9455509986035338,0.9455509986035338,0.9655509986035338,0.9255509986035337,0.9355509986035337,0.9255509986035337,0.9255509986035337,0.9255509986035337,0.9155509986035337,0.9055509986035337
547,0.9858954949808377,0.9858954949808377,0.9958954949808377,0.9758954949808377,0.9758954949808377,0.9758954949808377,0.9858954949808377,0.9858954949808377,0.9858954949808377,0.9858954949808377,0.9858954949808377,0.9858954949808377,0.9858954949808377
548,0.9416085455706757,0.9616085455706758,0.9616085455706758,0.9516085455706758,0.9516085455706758,0.9416085455706757,0.9316085455706757,0.9316085455706757,0.9316085455706757,0.9416085455706757,0.9716085455706758,0.9616085455706758,0.9816085455706758
549,0.9876072652818093,0.9976072652818093,1.0,1.0,0.99,0.97,0.97,0.96,0.98,0.98,0.98,1.0,1.0
550,0.964244338586242,0.984244338586242,0.9942443385862421,0.984244338586242,0.9942443385862421,1.0,0.98,0.98,0.98,0.99,0.99,0.99,0.99
551,0.9171548631523461,0.9171548631523461,0.9171548631523461,0.9271548631523461,0.9471548631523461,0.9371548631523461,0.9371548631523461,0.9571548631523461,0.9471548631523461,0.9371548631523461,0.9171548631523461,0.9071548631523461,0.9071548631523461
552,0.9510716576479948,0.9610716576479948,0.9710716576479949,0.9810716576479949,0.9810716576479949,0.9810716576479949,0.9810716576479949,0.9810716576479949,0.9710716576479949,0.9610716576479948,0.9610716576479948,0.9610716576479948,0.9610716576479948
553,1.0,0.99,0.99,1.0,1.0,1.0,1.0,0.995,0.995,0.995,0.995,0.975,0.965
554,0.9123684769837818,0.9123684769837818,0.9023684769837818,0.9123684769837818,0.9123684769837818,0.9223684769837818,0.9123684769837818,0.9123684769837818,0.9123684769837818,0.9223684769837818,0.9223684769837818,0.9123684769837818,0.9223684769837818
555,0.9869546015875253,0.9869546015875253,0.9769546015875253,0.9769546015875253,0.9769546015875253,0.9769546015875253,0.9769546015875253,0.9869546015875253,0.9869546015875253,0.9869546015875253,0.9969546015875254,0.9769546015875253,0.9669546015875253
556,0.8413057924596321,0.8413057924596321,0.8313057924596321,0.8213057924596321,0.8313057924596321,0.8413057924596321,0.8213057924596321,0.8013057924596321,0.8013057924596321,0.8013057924596321,0.8063057924596321,0.8063057924596321,0.8063057924596321
557,0.998813381450388,1.0,0.99,0.99,0.99,1.0,0.99,0.99,0.99,0.99,1.0,1.0,1.0
558,0.8558189366706105,0.8758189366706105,0.8658189366706105,0.8658189366706105,0.8758189366706105,0.8758189366706105,0.8758189366706105,0.8508189366706105,0.8408189366706105,0.8408189366706105,0.8308189366706105,0.8208189366706105,0.8408189366706105
559,0.9779327576019455,0.9679327576019455,0.9679327576019455,0.9779327576019455,0.9879327576019455,0.9579327576019455,0.9579327576019455,0.9579327576019455,0.9579327576019455,0.9379327576019455,0.9379327576019455,0.9679327576019455,0.9579327576019455
560,0.9738787319294235,0.9838787319294235,0.9938787319294236,0.9938787319294236,0.9938787319294236,1.0,1.0,0.98,0.97,0.97,0.95,0.95,0.95
561,0.9554869813865975,0.9554869813865975,0.9554869813865975,0.9454869813865975,0.9154869813865975,0.9204869813865975,0.9204869813865975,0.9304869813865975,0.9204869813865975,0.9304869813865975,0.9404869813865975,0.9704869813865975,0.9704869813865975
562,0.9417307893217192,0.9217307893217191,0.9467307893217192,0.9067307893217191,0.9267307893217192,0.9167307893217191,0.9167307893217191,0.9067307893217191,0.9067307893217191,0.9167307893217191,0.9467307893217192,0.9367307893217192,0.9467307893217192
563,0.9932910048147364,0.9932910048147364,1.0,1.0,0.98,0.98,0.98,1.0,1.0,0.99,0.99,0.99,1.0
564,0.8953599998494919,0.8953599998494919,0.8953599998494919,0.8953599998494919,0.8953599998494919,0.8853599998494919,0.8953599998494919,0.9153599998494919,0.9153599998494919,0.9353599998494919,0.9303599998494919,0.9303599998494919,0.9203599998494919
565,1.0,0.98,0.98,0.96,0.98,0.96,0.96,0.96,0.96,0.96,0.98,0.99,0.99
566,0.8867758695991607,0.8867758695991607,0.8667758695991606,0.8667758695991606,0.8867758695991607,0.8867758695991607,0.8667758695991606,0.8667758695991606,0.8667758695991606,0.8567758695991606,0.8567758695991606,0.8467758695991606,0.8467758695991606
567,0.9193472007650095,0.9193472007650095,0.9093472007650095,0.9193472007650095,0.9193472007650095,0.9093472007650095,0.8893472007650095,0.9093472007650095,0.9093472007650095,0.9093472007650095,0.8993472007650095,0.9193472007650095,0.9293472007650095
568,0.9151620810129832,0.9251620810129833,0.9151620810129832,0.9251620810129833,0.9251620810129833,0.9051620810129832,0.8951620810129832,0.8951620810129832,0.8851620810129832,0.8851620810129832,0.8851620810129832,0.9051620810129832,0.8951620810129832
569,0.9096425385292473,0.9096425385292473,0.9096425385292473,0.8996425385292472,0.9196425385292473,0.9496425385292473,0.9396425385292473,0.9396425385292473,0.9496425385292473,0.9296425385292473,0.9396425385292473,0.9296425385292473,0.9296425385292473
570,0.8200508156167746,0.8300508156167746,0.8100508156167746,0.8000508156167746,0.8000508156167746,0.8250508156167746,0.8350508156167746,0.8150508156167746,0.8350508156167746,0.8550508156167747,0.8650508156167747,0.8650508156167747,0.8650508156167747
571,0.8865003896776285,0.8965003896776285,0.8965003896776285,0.9065003896776285,0.8965003896776285,0.8965003896776285,0.9165003896776285,0.9165003896776285,0.9165003896776285,0.9165003896776285,0.9265003896776285,0.9165003896776285,0.9265003896776285
572,1.0,1.0,1.0,0.975,0.995,0.985,0.975,0.985,0.985,0.985,0.985,0.985,0.995
573,0.9462501003057933,0.9562501003057933,0.9562501003057933,0.9562501003057933,0.9462501003057933,0.9462501003057933,0.9562501003057933,0.9662501003057933,0.9662501003057933,0.9662501003057933,0.9562501003057933,0.9762501003057933,0.9762501003057933
574,0.9456437548986559,0.9256437548986559,0.9156437548986559,0.9156437548986559,0.9156437548986559,0.9156437548986559,0.9256437548986559,0.9356437548986559,0.9556437548986559,0.985643754898656,0.975643754898656,0.975643754898656,0.965643754898656
575,0.9466388918261457,0.9466388918261457,0.9466388918261457,0.9466388918261457,0.9466388918261457,0.9366388918261457,0.9466388918261457,0.9566388918261457,0.9766388918261457,0.9766388918261457,0.9666388918261457,0.9666388918261457,0.9566388918261457
576,1.0,1.0,0.98,0.98,0.98,0.98,0.98,0.98,0.98,0.98,0.98,0.99,0.99
577,0.8514778183688526,0.8414778183688526,0.8314778183688526,0.8214778183688526,0.8414778183688526,0.8214778183688526,0.8214778183688526,0.8214778183688526,0.8214778183688526,0.8214778183688526,0.8214778183688526,0.8414778183688526,0.8114778183688526
578,0.8849894701690143,0.8749894701690143,0.8949894701690143,0.8949894701690143,0.8949894701690143,0.8949894701690143,0.8949894701690143,0.8949894701690143,0.9049894701690143,0.9049894701690143,0.9149894701690143,0.9149894701690143,0.9249894701690143
579,1.0,1.0,1.0,0.99,0.98,0.97,0.97,0.97,0.98,1.0,0.99,0.98,0.99
580,1.0,1.0,1.0,0.98,0.96,0.96,0.96,0.97,0.97,0.96,0.96,0.96,0.95
581,0.9341344864110945,0.9341344864110945,0.9341344864110945,0.9341344864110945,0.9241344864110945,0.9241344864110945,0.9241344864110945,0.9241344864110945,0.9141344864110945,0.9241344864110945,0.9341344864110945,0.9341344864110945,0.9141344864110945
582,0.9374074576239554,0.9474074576239554,0.9474074576239554,0.9574074576239554,0.9574074576239554,0.9274074576239554,0.9374074576239554,0.9474074576239554,0.9274074576239554,0.9274074576239554,0.9174074576239554,0.9274074576239554,0.9274074576239554
583,0.8408397037624471,0.8508397037624471,0.8608397037624471,0.8608397037624471,0.8308397037624471,0.8108397037624471,0.8108397037624471,0.8108397037624471,0.8008397037624471,0.8008397037624471,0.8008397037624471,0.8008397037624471,0.8058397037624471
584,0.9392367941940779,0.9492367941940779,0.9492367941940779,0.9592367941940779,0.9592367941940779,0.9692367941940779,0.9692367941940779,0.9692367941940779,0.9392367941940779,0.9392367941940779,0.9392367941940779,0.9692367941940779,0.9692367941940779
585,0.8963559587400358,0.8963559587400358,0.8963559587400358,0.8863559587400358,0.8863559587400358,0.8963559587400358,0.9063559587400358,0.9163559587400358,0.9163559587400358,0.9363559587400359,0.9313559587400358,0.9213559587400358,0.9213559587400358
586,1.0,0.99,0.99,0.99,1.0,1.0,1.0,0.97,0.97,0.97,0.97,0.96,0.94
587,0.807815076289157,0.8178150762891571,0.8178150762891571,0.8178150762891571,0.8178150762891571,0.8178150762891571,0.797815076289157,0.807815076289157,0.807815076289157,0.807815076289157,0.797815076289157,0.787815076289157,0.787815076289157
588,0.951148808901717,0.951148808901717,0.9711488089017171,0.9811488089017171,0.9911488089017171,0.9911488089017171,0.9861488089017171,0.9861488089017171,0.9861488089017171,0.9861488089017171,0.9661488089017171,0.9661488089017171,0.9661488089017171
589,0.911695203996691,0.921695203996691,0.921695203996691,0.921695203996691,0.911695203996691,0.931695203996691,0.931695203996691,0.931695203996691,0.921695203996691,0.911695203996691,0.911695203996691,0.911695203996691,0.911695203996691
590,0.9133643057075739,0.9133643057075739,0.9233643057075739,0.9433643057075739,0.9533643057075739,0.9333643057075739,0.9233643057075739,0.9233643057075739,0.9233643057075739,0.9133643057075739,0.9133643057075739,0.9233643057075739,0.9133643057075739
591,0.8925442926255999,0.9025442926255999,0.9225442926255999,0.9125442926255999,0.8925442926255999,0.9025442926255999,0.9125442926255999,0.9025442926255999,0.9025442926255999,0.9025442926255999,0.8925442926255999,0.9225442926255999,0.9325442926255999
592,0.9640295573775235,0.9840295573775235,0.9740295573775235,0.9740295573775235,0.9640295573775235,0.9840295573775235,0.9740295573775235,0.9640295573775235,0.9640295573775235,0.9540295573775235,0.9540295573775235,0.9640295573775235,0.9640295573775235
593,0.946808537956622,0.976808537956622,0.966808537956622,0.966808537956622,0.966808537956622,0.976808537956622,0.986808537956622,0.966808537956622,0.976808537956622,0.966808537956622,0.956808537956622,0.946808537956622,0.946808537956622
594,0.8244232746783349,0.8244232746783349,0.8344232746783349,0.8544232746783349,0.8544232746783349,0.8544232746783349,0.8444232746783349,0.8344232746783349,0.8444232746783349,0.8544232746783349,0.8544232746783349,0.8394232746783349,0.8394232746783349
595,0.9909103479569084,0.9909103479569084,1.0,0.98,0.98,0.95,0.95,0.955,0.955,0.965,0.965,0.955,0.955
596,0.9597015805406669,0.9697015805406669,0.9697015805406669,0.9697015805406669,0.9697015805406669,0.9797015805406669,0.9697015805406669,0.9397015805406669,0.9397015805406669,0.9797015805406669,0.9697015805406669,0.9597015805406669,0.9797015805406669
597,1.0,1.0,1.0,1.0,0.99,0.99,1.0,1.0,1.0,0.995,0.985,0.985,0.965
598,0.9730041068924038,0.9530041068924038,0.9530041068924038,0.9730041068924038,0.9930041068924038,0.9930041068924038,1.0,1.0,0.99,0.975,0.945,0.945,0.945
599,0.9321072636378752,0.9321072636378752,0.9121072636378752,0.9371072636378752,0.9471072636378752,0.9471072636378752,0.9371072636378752,0.9371072636378752,0.9371072636378752,0.9371072636378752,0.9271072636378752,0.9371072636378752,0.9471072636378752
600,1.0,1.0,0.99,0.99,1.0,0.99,0.99,0.98,0.98,1.0,1.0,1.0,0.99
601,0.9234894293557161,0.9234894293557161,0.9334894293557161,0.9534894293557161,0.9534894293557161,0.9334894293557161,0.9334894293557161,0.9434894293557161,0.9234894293557161,0.9684894293557161,0.9684894293557161,0.9684894293557161,0.9684894293557161
602,1.0,1.0,1.0,0.99,0.99,0.99,0.96,0.98,0.99,0.99,0.99,0.97,0.96
603,1.0,1.0,1.0,1.0,1.0,0.99,1.0,1.0,1.0,0.98,0.98,0.98,0.955
604,0.9009777198748798,0.9009777198748798,0.9009777198748798,0.9009777198748798,0.9009777198748798,0.8909777198748798,0.9009777198748798,0.9009777198748798,0.8909777198748798,0.9009777198748798,0.8709777198748798,0.8709777198748798,0.8909777198748798
605,0.9663509753827223,0.9963509753827223,0.9963509753827223,0.9963509753827223,1.0,1.0,0.99,0.99,0.98,0.98,0.98,0.96,0.96
606,0.9728912666490255,0.9628912666490255,0.9828912666490255,0.9728912666490255,0.9728912666490255,0.9728912666490255,0.9728912666490255,0.9728912666490255,0.9728912666490255,0.9528912666490255,0.9528912666490255,0.9328912666490254,0.9378912666490254
607,0.97727224111798,0.97727224111798,0.98727224111798,0.98727224111798,0.99727224111798,1.0,1.0,0.99,0.975,0.985,0.985,0.975,0.985
608,1.0,1.0,1.0,1.0,0.99,0.99,0.99,0.99,0.99,0.99,0.99,0.98,0.97
609,0.9953288796793923,0.9953288796793923,1.0,1.0,0.98,0.97,0.95,0.95,0.955,0.965,0.955,0.955,0.965
610,0.8914472400623457,0.9114472400623457,0.8814472400623456,0.8914472400623457,0.8614472400623456,0.8614472400623456,0.8514472400623456,0.8564472400623456,0.8664472400623456,0.8564472400623456,0.8564472400623456,0.8664472400623456,0.8664472400623456
611,0.9829188225175703,0.9929188225175704,0.9929188225175704,1.0,0.98,0.98,0.97,0.98,0.98,0.97,0.97,0.98,0.98
612,0.9594790806296872,0.9594790806296872,0.9594790806296872,0.9294790806296872,0.9294790806296872,0.9194790806296872,0.9294790806296872,0.9194790806296872,0.9194790806296872,0.9194790806296872,0.9294790806296872,0.9294790806296872,0.9394790806296872
613,0.9205440710245077,0.9305440710245078,0.9205440710245077,0.9405440710245078,0.9405440710245078,0.9305440710245078,0.9305440710245078,0.9405440710245078,0.9305440710245078,0.9005440710245077,0.8905440710245077,0.8905440710245077,0.9205440710245077
614,1.0,1.0,1.0,1.0,0.99,0.99,0.98,0.97,0.95,0.95,0.95,0.96,0.97
615,0.9763379121963285,0.9763379121963285,0.9663379121963285,0.9863379121963285,0.9863379121963285,0.9763379121963285,0.9763379121963285,0.9663379121963285,0.9663379121963285,0.9663379121963285,0.9663379121963285,0.9663379121963285,0.9663379121963285
616,0.9894326596145442,0.9894326596145442,0.9794326596145442,0.9494326596145441,0.9494326596145441,0.9494326596145441,0.9544326596145442,0.9644326596145442,0.9844326596145442,0.9844326596145442,0.9844326596145442,0.9844326596145442,0.9744326596145442
617,0.8314644381312222,0.8014644381312221,0.8014644381312221,0.8014644381312221,0.7914644381312221,0.7914644381312221,0.7964644381312221,0.8064644381312221,0.8264644381312222,0.8464644381312222,0.8264644381312222,0.8264644381312222,0.8264644381312222
618,0.8214002809015103,0.8214002809015103,0.8114002809015103,0.8114002809015103,0.8114002809015103,0.8114002809015103,0.8214002809015103,0.8214002809015103,0.8114002809015103,0.8114002809015103,0.8114002809015103,0.8414002809015103,0.8314002809015103
619,0.9635714021948472,0.9435714021948471,0.9635714021948472,0.9635714021948472,0.9635714021948472,0.9735714021948472,0.9735714021948472,0.9635714021948472,0.9635714021948472,0.9535714021948472,0.9535714021948472,0.9535714021948472,0.9535714021948472
620,0.8307124679392759,0.8107124679392759,0.8107124679392759,0.8207124679392759,0.8207124679392759,0.7907124679392759,0.7907124679392759,0.7907124679392759,0.8007124679392759,0.8107124679392759,0.8007124679392759,0.8107124679392759,0.8007124679392759
621,0.8932674509834525,0.8832674509834525,0.8832674509834525,0.8832674509834525,0.8732674509834525,0.8532674509834525,0.8582674509834525,0.8682674509834525,0.8882674509834525,0.8782674509834525,0.8682674509834525,0.8582674509834525,0.8582674509834525
622,0.9642251422173812,0.9442251422173812,0.9342251422173812,0.9442251422173812,0.9742251422173812,0.9642251422173812,0.9542251422173812,0.9542251422173812,0.9542251422173812,0.9742251422173812,0.9842251422173812,0.9842251422173812,0.9942251422173812
623,0.9466080966957169,0.9266080966957169,0.9166080966957169,0.9066080966957168,0.9066080966957168,0.9066080966957168,0.9066080966957168,0.9066080966957168,0.9116080966957169,0.9116080966957169,0.9116080966957169,0.9216080966957169,0.9316080966957169
624,1.0,1.0,1.0,1.0,1.0,1.0,0.995,0.985,0.995,0.995,0.985,0.965,0.9349999999999999
625,1.0,1.0,1.0,1.0,1.0,1.0,1.0,1.0,1.0,0.99,0.99,1.0,1.0
626,0.9981261730507639,1.0,0.99,0.99,1.0,1.0,1.0,0.99,0.99,0.99,0.99,0.99,0.99
627,0.8604071510053273,0.8504071510053273,0.8504071510053273,0.8604071510053273,0.8704071510053273,0.8904071510053273,0.8904071510053273,0.8704071510053273,0.8804071510053273,0.8804071510053273,0.8704071510053273,0.8704071510053273,0.8504071510053273
628,1.0,0.99,0.99,0.99,0.97,0.98,0.98,0.96,0.965,0.965,0.965,0.965,0.975
629,1.0,1.0,0.985,1.0,0.99,0.99,0.97,0.99,0.98,0.98,0.98,0.95,0.97
630,0.8316274111685442,0.8316274111685442,0.8216274111685442,0.8216274111685442,0.8116274111685442,0.8216274111685442,0.8216274111685442,0.8216274111685442,0.8216274111685442,0.8316274111685442,0.8216274111685442,0.8516274111685442,0.8516274111685442
631,0.95363984632048,0.95363984632048,0.96363984632048,0.9736398463204801,0.9736398463204801,0.9736398463204801,0.9936398463204801,0.9886398463204801,0.9886398463204801,0.9786398463204801,0.9686398463204801,0.95863984632048,0.9686398463204801
632,1.0,1.0,1.0,1.0,0.98,0.98,1.0,1.0,1.0,1.0,1.0,0.98,0.96
633,0.8843316060574187,0.8743316060574187,0.8843316060574187,0.8843316060574187,0.8943316060574187,0.8943316060574187,0.8943316060574187,0.8843316060574187,0.8643316060574187,0.8643316060574187,0.8643316060574187,0.8743316060574187,0.8943316060574187
634,0.9027514311911706,0.8727514311911706,0.8727514311911706,0.8877514311911706,0.8777514311911706,0.9077514311911706,0.9077514311911706,0.9377514311911707,0.9477514311911707,0.9477514311911707,0.9477514311911707,0.9477514311911707,0.9377514311911707
635,1.0,1.0,1.0,1.0,0.99,0.97,0.97,0.97,0.96,0.965,0.965,0.975,0.965
636,0.8938831507206956,0.9038831507206956,0.9138831507206956,0.9238831507206956,0.9088831507206956,0.9088831507206956,0.9188831507206956,0.8888831507206956,0.8788831507206956,0.8988831507206956,0.8988831507206956,0.8988831507206956,0.8988831507206956
637,0.930684794947395,0.930684794947395,0.920684794947395,0.910684794947395,0.900684794947395,0.930684794947395,0.940684794947395,0.950684794947395,0.940684794947395,0.940684794947395,0.960684794947395,0.970684794947395,0.970684794947395
638,0.9369693310524192,0.9569693310524192,0.9369693310524192,0.9469693310524192,0.9369693310524192,0.8969693310524192,0.8969693310524192,0.8969693310524192,0.9069693310524192,0.9069693310524192,0.9069693310524192,0.8969693310524192,0.9019693310524192
639,0.906097485930885,0.906097485930885,0.896097485930885,0.906097485930885,0.896097485930885,0.906097485930885,0.896097485930885,0.886097485930885,0.886097485930885,0.866097485930885,0.866097485930885,0.866097485930885,0.876097485930885
640,0.8427149638725736,0.8527149638725736,0.8427149638725736,0.8227149638725736,0.8127149638725736,0.8127149638725736,0.8127149638725736,0.8127149638725736,0.8327149638725736,0.8327149638725736,0.8427149638725736,0.8427149638725736,0.8327149638725736
641,0.9243418974352599,0.9443418974352599,0.9143418974352598,0.9143418974352598,0.9143418974352598,0.9143418974352598,0.9243418974352599,0.8943418974352598,0.9043418974352598,0.8843418974352598,0.8893418974352598,0.8793418974352598,0.8793418974352598
642,0.9886154512609128,0.9686154512609128,0.9686154512609128,0.9686154512609128,0.9986154512609128,0.9886154512609128,0.9686154512609128,0.9686154512609128,0.9786154512609128,0.9786154512609128,0.9786154512609128,0.9586154512609127,0.9586154512609127
643,0.8162867489849883,0.8262867489849883,0.8362867489849883,0.8262867489849883,0.7912867489849883,0.8012867489849883,0.8012867489849883,0.8112867489849883,0.8312867489849883,0.8412867489849883,0.8512867489849884,0.8412867489849883,0.8412867489849883
644,0.7793720980392898,0.7693720980392897,0.7693720980392897,0.7693720980392897,0.7693720980392897,0.7593720980392897,0.7693720980392897,0.8043720980392898,0.8043720980392898,0.8143720980392898,0.8243720980392898,0.8243720980392898,0.8243720980392898
645,0.9436259239460016,0.9136259239460016,0.9136259239460016,0.9136259239460016,0.9136259239460016,0.9236259239460016,0.9036259239460016,0.9036259239460016,0.9086259239460016,0.8986259239460016,0.8986259239460016,0.8986259239460016,0.9086259239460016
646,0.9615488221413,0.9415488221413,0.9415488221413,0.9415488221413,0.9415488221413,0.9215488221413,0.9415488221413,0.9515488221413,0.9515488221413,0.9615488221413,0.9615488221413,0.9615488221413,0.9715488221413
647,0.9710395279465694,0.9610395279465694,0.9710395279465694,0.9410395279465694,0.9410395279465694,0.9410395279465694,0.9510395279465694,0.9510395279465694,0.9610395279465694,0.9510395279465694,0.9510395279465694,0.9510395279465694,0.9760395279465695
648,0.9072857720417531,0.9272857720417531,0.9372857720417531,0.9272857720417531,0.9172857720417531,0.9472857720417531,0.9372857720417531,0.9372857720417531,0.9272857720417531,0.9372857720417531,0.9372857720417531,0.9372857720417531,0.9172857720417531
649,0.9893116634491328,1.0,0.98,0.97,0.98,0.98,0.96,0.9299999999999999,0.94,0.955,0.955,0.965,0.965
650,0.9647852623300628,0.9747852623300628,0.9847852623300628,0.9947852623300628,0.9947852623300628,0.9847852623300628,0.9947852623300628,0.9747852623300628,0.9647852623300628,0.9747852623300628,0.9847852623300628,0.9847852623300628,0.9847852623300628
651,0.894715205894563,0.884715205894563,0.874715205894563,0.899715205894563,0.929715205894563,0.929715205894563,0.939715205894563,0.939715205894563,0.939715205894563,0.939715205894563,0.939715205894563,0.939715205894563,0.939715205894563
652,0.9920705366448477,0.9920705366448477,0.9920705366448477,1.0,0.99,1.0,1.0,1.0,1.0,0.995,0.975,0.975,0.955
653,0.8070916120413624,0.8070916120413624,0.8170916120413624,0.8170916120413624,0.8270916120413624,0.8170916120413624,0.8070916120413624,0.7970916120413624,0.7770916120413623,0.7770916120413623,0.7770916120413623,0.7770916120413623,0.7920916120413624
654,0.9162309792228782,0.9062309792228782,0.9062309792228782,0.9162309792228782,0.9262309792228782,0.9262309792228782,0.9262309792228782,0.9462309792228782,0.9462309792228782,0.9262309792228782,0.9462309792228782,0.9462309792228782,0.9462309792228782
655,0.9615238562001545,0.9715238562001545,0.9615238562001545,0.9515238562001544,0.9515238562001544,0.9415238562001544,0.9315238562001544,0.9715238562001545,0.9715238562001545,0.9715238562001545,0.9915238562001545,0.9915238562001545,0.9915238562001545
656,1.0,0.99,0.99,0.99,0.99,0.99,0.98,0.99,1.0,1.0,1.0,0.99,0.99
657,1.0,0.99,0.98,0.98,0.98,0.99,0.99,0.98,0.98,0.96,0.98,0.98,0.99
658,1.0,1.0,0.99,0.99,0.99,0.98,1.0,0.98,0.96,0.96,0.96,0.96,0.96
659,0.9398869188292425,0.9498869188292425,0.9498869188292425,0.9498869188292425,0.9498869188292425,0.9298869188292425,0.9498869188292425,0.9498869188292425,0.9498869188292425,0.9498869188292425,0.9498869188292425,0.9398869188292425,0.9398869188292425
660,0.950014576502908,0.950014576502908,0.940014576502908,0.940014576502908,0.950014576502908,0.950014576502908,0.940014576502908,0.920014576502908,0.920014576502908,0.910014576502908,0.910014576502908,0.910014576502908,0.915014576502908
661,0.9258054272091426,0.9458054272091426,0.9208054272091426,0.9208054272091426,0.9308054272091426,0.9008054272091426,0.9008054272091426,0.9008054272091426,0.9108054272091426,0.9108054272091426,0.8908054272091426,0.8808054272091426,0.8808054272091426
662,1.0,1.0,1.0,0.97,0.97,0.96,0.96,0.965,0.975,0.985,0.995,0.995,0.995
663,0.9677958441957668,0.9777958441957668,0.9677958441957668,0.9477958441957668,0.9477958441957668,0.9377958441957668,0.9527958441957668,0.9727958441957668,0.9827958441957668,0.9827958441957668,0.9927958441957668,0.9827958441957668,0.9627958441957668
664,0.9203399160903047,0.9003399160903047,0.8803399160903047,0.8903399160903047,0.9003399160903047,0.9003399160903047,0.8803399160903047,0.8853399160903047,0.8853399160903047,0.8953399160903047,0.8953399160903047,0.8853399160903047,0.8953399160903047
665,0.993776246555262,0.993776246555262,0.973776246555262,0.963776246555262,0.993776246555262,0.983776246555262,0.973776246555262,0.973776246555262,0.983776246555262,0.963776246555262,0.9537762465552619,0.958776246555262,0.968776246555262
666,1.0,1.0,1.0,1.0,1.0,0.99,1.0,1.0,1.0,1.0,0.99,1.0,1.0
667,0.9223727064963303,0.9223727064963303,0.9223727064963303,0.8923727064963303,0.8923727064963303,0.9073727064963303,0.9173727064963303,0.9273727064963303,0.9073727064963303,0.8873727064963303,0.8973727064963303,0.9173727064963303,0.9173727064963303
668,0.9902848080451269,0.9902848080451269,1.0,1.0,1.0,0.99,1.0,1.0,0.99,1.0,1.0,1.0,0.99
669,0.851346052775596,0.851346052775596,0.851346052775596,0.851346052775596,0.831346052775596,0.851346052775596,0.8713460527755961,0.8713460527755961,0.8613460527755961,0.841346052775596,0.851346052775596,0.831346052775596,0.831346052775596
670,0.897600164519893,0.897600164519893,0.897600164519893,0.907600164519893,0.907600164519893,0.907600164519893,0.907600164519893,0.907600164519893,0.917600164519893,0.917600164519893,0.917600164519893,0.917600164519893,0.917600164519893
671,0.9325302781575662,0.9425302781575662,0.9425302781575662,0.9425302781575662,0.9425302781575662,0.9525302781575662,0.9525302781575662,0.9625302781575662,0.9625302781575662,0.9625302781575662,0.9725302781575662,0.9675302781575662,0.9675302781575662
672,0.928716783878874,0.948716783878874,0.923716783878874,0.923716783878874,0.933716783878874,0.933716783878874,0.923716783878874,0.923716783878874,0.913716783878874,0.953716783878874,0.9737167838788741,0.9737167838788741,0.953716783878874
673,0.9954135178132963,0.9954135178132963,0.9754135178132963,0.9954135178132963,0.9654135178132963,0.9654135178132963,0.9554135178132963,0.9554135178132963,0.9654135178132963,0.9554135178132963,0.9604135178132963,0.9704135178132963,0.9704135178132963
674,1.0,1.0,0.98,0.98,0.97,0.98,0.98,0.96,0.97,0.96,0.96,0.96,0.95
675,0.9559765938009928,0.9559765938009928,0.9559765938009928,0.9459765938009927,0.9559765938009928,0.9559765938009928,0.9559765938009928,0.9559765938009928,0.9559765938009928,0.9559765938009928,0.9359765938009927,0.9359765938009927,0.9359765938009927
676,0.8710423647120841,0.8810423647120841,0.8910423647120841,0.8710423647120841,0.8710423647120841,0.8710423647120841,0.8910423647120841,0.9010423647120841,0.8860423647120841,0.8860423647120841,0.8860423647120841,0.8860423647120841,0.8960423647120841
677,0.9517124257475583,0.9617124257475583,0.9617124257475583,0.9617124257475583,0.9517124257475583,0.9517124257475583,0.9517124257475583,0.9717124257475583,0.9517124257475583,0.9217124257475583,0.9367124257475583,0.9367124257475583,0.9467124257475583
678,0.9087357841371373,0.9087357841371373,0.9087357841371373,0.8987357841371373,0.8987357841371373,0.9087357841371373,0.8987357841371373,0.8887357841371373,0.8687357841371373,0.8687357841371373,0.8887357841371373,0.8887357841371373,0.8987357841371373
679,0.9466776332914127,0.9466776332914127,0.9266776332914127,0.9166776332914127,0.9266776332914127,0.9466776332914127,0.9666776332914128,0.9366776332914127,0.9366776332914127,0.9366776332914127,0.9266776332914127,0.9266776332914127,0.9266776332914127
680,0.9686960985473958,0.9786960985473958,0.9686960985473958,0.9486960985473958,0.9486960985473958,0.9486960985473958,0.9686960985473958,0.9686960985473958,0.9686960985473958,0.9786960985473958,0.9686960985473958,0.9686960985473958,0.9386960985473958
681,0.9355177285964806,0.9455177285964806,0.9355177285964806,0.9355177285964806,0.9355177285964806,0.9255177285964806,0.8955177285964806,0.9005177285964806,0.9105177285964806,0.9105177285964806,0.8905177285964806,0.8905177285964806,0.8905177285964806
682,0.9942997874134372,1.0,0.99,0.99,0.99,1.0,0.98,0.98,0.98,1.0,1.0,1.0,1.0
683,0.8394687379985905,0.8394687379985905,0.8394687379985905,0.8694687379985905,0.8794687379985905,0.8794687379985905,0.8594687379985905,0.8494687379985905,0.8694687379985905,0.8544687379985905,0.8544687379985905,0.8544687379985905,0.8544687379985905
684,0.9017499092936936,0.9017499092936936,0.8617499092936936,0.8667499092936936,0.8667499092936936,0.8767499092936936,0.8667499092936936,0.8767499092936936,0.8967499092936936,0.8967499092936936,0.8967499092936936,0.8867499092936936,0.9267499092936936
685,1.0,1.0,1.0,1.0,0.97,0.97,0.99,1.0,0.995,0.995,0.985,0.985,0.965
686,0.9895492066085514,0.9795492066085514,0.9995492066085514,0.9895492066085514,0.9895492066085514,0.9995492066085514,0.9995492066085514,0.9995492066085514,0.9995492066085514,0.9895492066085514,0.9995492066085514,0.9695492066085514,0.9695492066085514
687,0.9813623315282033,0.9913623315282033,0.9813623315282033,0.9813623315282033,0.9813623315282033,0.9813623315282033,0.9613623315282033,0.9713623315282033,0.9813623315282033,0.9813623315282033,0.9813623315282033,0.9813623315282033,0.9813623315282033
688,0.9581773470095495,0.9581773470095495,0.9581773470095495,0.9581773470095495,0.9781773470095495,0.9781773470095495,0.9781773470095495,0.9581773470095495,0.9581773470095495,0.9481773470095495,0.9381773470095495,0.9281773470095495,0.9381773470095495
689,0.9294254213857059,0.9294254213857059,0.9294254213857059,0.8994254213857059,0.8994254213857059,0.9094254213857059,0.9094254213857059,0.9294254213857059,0.9294254213857059,0.9294254213857059,0.9094254213857059,0.9094254213857059,0.9194254213857059
690,0.9865996431196418,0.9865996431196418,0.9865996431196418,0.9965996431196418,0.9765996431196418,0.9565996431196417,0.9665996431196417,0.9565996431196417,0.9765996431196418,0.9765996431196418,1.0,1.0,1.0
691,1.0,1.0,0.99,0.97,0.97,0.97,0.98,0.98,0.98,0.99,1.0,1.0,0.99
692,0.9736104771907647,0.9836104771907647,0.9536104771907646,0.9736104771907647,1.0,1.0,1.0,0.995,0.995,0.985,0.985,0.985,0.995
693,0.9676927728189363,0.9776927728189363,0.9776927728189363,0.9576927728189363,0.9576927728189363,0.9476927728189363,0.9576927728189363,0.9676927728189363,0.9776927728189363,0.9676927728189363,0.9676927728189363,0.9676927728189363,0.9576927728189363
694,1.0,1.0,1.0,0.98,0.99,0.99,1.0,1.0,0.995,0.995,0.995,0.975,0.975
695,0.9262555229561736,0.9162555229561736,0.9162555229561736,0.9062555229561736,0.9162555229561736,0.9062555229561736,0.9062555229561736,0.9062555229561736,0.9062555229561736,0.9062555229561736,0.9162555229561736,0.9062555229561736,0.9062555229561736
696,0.9726572783643191,0.9626572783643191,0.9826572783643192,0.9826572783643192,0.9826572783643192,0.9926572783643192,0.9826572783643192,0.9926572783643192,0.9926572783643192,0.9826572783643192,0.9726572783643191,0.9826572783643192,0.9826572783643192
697,0.9374886724087442,0.9374886724087442,0.9274886724087442,0.9174886724087442,0.9074886724087442,0.9074886724087442,0.9174886724087442,0.9274886724087442,0.9274886724087442,0.9174886724087442,0.9174886724087442,0.9174886724087442,0.9074886724087442
698,1.0,1.0,1.0,1.0,1.0,1.0,1.0,1.0,1.0,1.0,1.0,1.0,0.99
699,0.9165986928237946,0.9265986928237946,0.9165986928237946,0.9065986928237946,0.9165986928237946,0.9265986928237946,0.9165986928237946,0.9165986928237946,0.9265986928237946,0.9265986928237946,0.9265986928237946,0.9265986928237946,0.9065986928237946
700,0.9104433107825175,0.8904433107825175,0.9004433107825175,0.9104433107825175,0.9204433107825175,0.9204433107825175,0.9104433107825175,0.9104433107825175,0.8904433107825175,0.8904433107825175,0.8704433107825175,0.8804433107825175,0.8954433107825175
701,1.0,1.0,1.0,1.0,1.0,1.0,0.99,1.0,1.0,1.0,1.0,1.0,1.0
702,0.9366226172333927,0.9366226172333927,0.9366226172333927,0.9266226172333927,0.9566226172333927,0.9766226172333927,0.9766226172333927,0.9666226172333927,0.9766226172333927,0.9766226172333927,0.9566226172333927,0.9566226172333927,0.9316226172333927
703,0.8346459043520758,0.8346459043520758,0.8246459043520757,0.8246459043520757,0.8546459043520758,0.8646459043520758,0.8746459043520758,0.8696459043520758,0.8696459043520758,0.8696459043520758,0.8696459043520758,0.8696459043520758,0.8596459043520758
704,1.0,0.99,1.0,1.0,0.99,0.98,0.99,1.0,1.0,1.0,1.0,1.0,1.0
705,0.9963546662188636,1.0,1.0,1.0,1.0,0.985,0.965,0.965,0.965,0.965,0.965,0.965,0.955
706,0.9184489378453808,0.9184489378453808,0.9184489378453808,0.9384489378453809,0.8984489378453808,0.9184489378453808,0.9184489378453808,0.9184489378453808,0.9184489378453808,0.9184489378453808,0.9184489378453808,0.9184489378453808,0.9284489378453809
707,1.0,1.0,0.99,1.0,1.0,1.0,0.99,0.99,1.0,1.0,1.0,0.99,0.99
708,1.0,1.0,1.0,1.0,1.0,1.0,1.0,1.0,0.99,0.99,0.99,0.99,0.99
709,0.8556414799695541,0.8556414799695541,0.8556414799695541,0.8556414799695541,0.8456414799695541,0.8556414799695541,0.8356414799695541,0.8456414799695541,0.8256414799695541,0.815641479969554,0.820641479969554,0.820641479969554,0.820641479969554
710,0.9345320360786754,0.9345320360786754,0.9645320360786754,0.9645320360786754,0.9745320360786754,0.9745320360786754,0.9745320360786754,0.9745320360786754,0.9545320360786754,0.9545320360786754,0.9445320360786754,0.9445320360786754,0.9545320360786754
711,0.9856140691110894,0.9656140691110894,0.9856140691110894,0.9956140691110894,0.9956140691110894,0.9956140691110894,0.9956140691110894,0.9756140691110894,0.9856140691110894,0.9756140691110894,0.9856140691110894,0.9856140691110894,0.9956140691110894
712,0.98831796272875,0.98831796272875,0.98831796272875,0.98831796272875,0.96831796272875,0.94831796272875,0.94831796272875,0.95331796272875,0.96331796272875,0.96331796272875,0.95331796272875,0.96331796272875,0.95331796272875
713,0.9306781069001432,0.9206781069001432,0.9306781069001432,0.9306781069001432,0.9506781069001432,0.9606781069001432,0.9606781069001432,0.9706781069001432,0.9706781069001432,0.9656781069001432,0.9556781069001432,0.9456781069001432,0.9556781069001432
714,0.9418728013389903,0.9418728013389903,0.9418728013389903,0.9418728013389903,0.9418728013389903,0.9518728013389903,0.9518728013389903,0.9418728013389903,0.9618728013389903,0.9518728013389903,0.9418728013389903,0.9518728013389903,0.9718728013389903
715,1.0,1.0,1.0,1.0,1.0,1.0,1.0,1.0,0.99,1.0,1.0,1.0,1.0
716,0.9064491914342288,0.8964491914342287,0.9164491914342288,0.9164491914342288,0.8964491914342287,0.8864491914342287,0.8964491914342287,0.9064491914342288,0.8764491914342287,0.8864491914342287,0.8764491914342287,0.8664491914342287,0.8664491914342287
717,0.9837387373902289,0.9937387373902289,1.0,1.0,0.98,0.99,0.99,0.99,0.99,0.98,0.98,0.99,0.99
718,1.0,1.0,0.98,0.96,0.96,0.95,0.95,0.95,0.95,0.99,0.99,1.0,1.0
719,1.0,1.0,1.0,0.99,1.0,1.0,1.0,1.0,0.99,0.99,0.98,0.98,0.97
720,0.9370409838110874,0.9370409838110874,0.9270409838110873,0.9370409838110874,0.9370409838110874,0.9370409838110874,0.9370409838110874,0.9470409838110874,0.9470409838110874,0.9570409838110874,0.9670409838110874,0.9470409838110874,0.9370409838110874
721,0.923616721438333,0.913616721438333,0.9036167214383329,0.923616721438333,0.923616721438333,0.923616721438333,0.923616721438333,0.933616721438333,0.933616721438333,0.933616721438333,0.963616721438333,0.953616721438333,0.953616721438333
722,0.9636534457696276,0.9636534457696276,1.0,0.995,0.975,0.975,0.965,0.975,0.975,0.975,0.975,0.975,0.975
723,0.9715856870597027,0.9715856870597027,0.9515856870597027,0.9515856870597027,0.9715856870597027,0.9815856870597027,1.0,1.0,1.0,1.0,0.99,0.98,0.94
724,0.9955431954553134,1.0,1.0,1.0,1.0,1.0,1.0,0.99,0.99,0.97,0.97,0.97,0.97
725,1.0,1.0,1.0,1.0,1.0,1.0,1.0,1.0,1.0,0.98,0.97,0.98,0.98
726,0.9780585002167335,0.9780585002167335,0.9680585002167335,0.9680585002167335,0.9780585002167335,0.9780585002167335,0.9780585002167335,0.9880585002167335,0.9980585002167335,0.9980585002167335,0.9980585002167335,1.0,1.0
727,1.0,1.0,1.0,1.0,0.99,0.99,1.0,1.0,1.0,1.0,1.0,0.99,0.97
728,0.945032506843215,0.905032506843215,0.905032506843215,0.905032506843215,0.910032506843215,0.920032506843215,0.910032506843215,0.910032506843215,0.930032506843215,0.920032506843215,0.920032506843215,0.920032506843215,0.940032506843215
729,0.8919281786867265,0.9019281786867265,0.9019281786867265,0.8919281786867265,0.9019281786867265,0.8919281786867265,0.8919281786867265,0.8919281786867265,0.8819281786867265,0.8719281786867265,0.8719281786867265,0.8719281786867265,0.8619281786867264
730,0.9564801381662393,0.9364801381662393,0.9564801381662393,0.9664801381662393,0.9664801381662393,0.9864801381662394,0.9864801381662394,0.9764801381662394,0.9664801381662393,0.9864801381662394,0.9764801381662394,0.9764801381662394,0.9764801381662394
731,0.9910067176620174,0.9910067176620174,0.9910067176620174,1.0,1.0,1.0,1.0,1.0,1.0,1.0,1.0,0.995,0.975
732,0.9676174340612257,0.9776174340612257,0.9776174340612257,0.9776174340612257,0.9776174340612257,0.9776174340612257,0.9776174340612257,0.9776174340612257,0.9776174340612257,0.9876174340612257,0.9776174340612257,0.9776174340612257,0.9776174340612257
733,0.9615579914496928,0.9715579914496928,0.9815579914496928,0.9715579914496928,0.9615579914496928,0.9515579914496928,0.9865579914496928,0.9865579914496928,0.9765579914496928,0.9665579914496928,0.9865579914496928,0.9865579914496928,0.9865579914496928
734,0.939533445251622,0.939533445251622,0.939533445251622,0.939533445251622,0.939533445251622,0.939533445251622,0.929533445251622,0.929533445251622,0.9095334452516219,0.8995334452516219,0.9045334452516219,0.9045334452516219,0.914533445251622
735,0.9350542815344658,0.9250542815344658,0.9250542815344658,0.9450542815344658,0.9550542815344658,0.9450542815344658,0.9550542815344658,0.9650542815344658,0.9650542815344658,0.9650542815344658,0.9750542815344658,0.9700542815344658,0.9600542815344658
736,0.9234366349579816,0.9334366349579816,0.9434366349579816,0.9534366349579816,0.9634366349579816,0.9634366349579816,0.9634366349579816,0.9534366349579816,0.9634366349579816,0.9634366349579816,0.9634366349579816,0.9634366349579816,0.9534366349579816
737,1.0,0.99,0.97,0.97,0.96,0.97,0.97,0.97,0.97,0.97,0.97,0.99,0.99
738,0.979952924902731,0.969952924902731,0.969952924902731,0.959952924902731,0.949952924902731,0.949952924902731,0.949952924902731,0.949952924902731,0.939952924902731,0.944952924902731,0.944952924902731,0.944952924902731,0.954952924902731
739,0.8903911338933574,0.8903911338933574,0.8803911338933574,0.8703911338933574,0.8703911338933574,0.8703911338933574,0.8503911338933574,0.8503911338933574,0.8603911338933574,0.8803911338933574,0.8603911338933574,0.8603911338933574,0.8503911338933574
740,0.9405432588501405,0.9305432588501404,0.9505432588501405,0.9505432588501405,0.9405432588501405,0.9505432588501405,0.9605432588501405,0.9405432588501405,0.9305432588501404,0.9305432588501404,0.9005432588501404,0.9055432588501404,0.9155432588501404
741,0.9503742997901143,0.9503742997901143,0.9503742997901143,0.9503742997901143,0.9403742997901143,0.9403742997901143,0.9403742997901143,0.9303742997901143,0.9403742997901143,0.9403742997901143,0.9403742997901143,0.9403742997901143,0.9703742997901144
742,0.9237984262341581,0.9237984262341581,0.9337984262341581,0.9237984262341581,0.9137984262341581,0.9037984262341581,0.9137984262341581,0.9237984262341581,0.9337984262341581,0.9337984262341581,0.8987984262341581,0.9087984262341581,0.8887984262341581
743,1.0,0.99,0.97,0.97,0.98,0.98,0.96,0.96,0.965,0.985,1.0,1.0,1.0
744,0.888319422721467,0.888319422721467,0.888319422721467,0.898319422721467,0.888319422721467,0.888319422721467,0.888319422721467,0.878319422721467,0.878319422721467,0.868319422721467,0.868319422721467,0.868319422721467,0.868319422721467
745,0.9644102397458415,0.9644102397458415,0.9744102397458415,0.9644102397458415,0.9644102397458415,0.9444102397458415,0.9544102397458415,0.9944102397458415,0.9944102397458415,0.9944102397458415,0.9944102397458415,0.9944102397458415,0.9944102397458415
746,0.8987050936083758,0.8887050936083758,0.8787050936083758,0.8987050936083758,0.8987050936083758,0.8987050936083758,0.9087050936083758,0.9087050936083758,0.9187050936083758,0.9187050936083758,0.8887050936083758,0.8887050936083758,0.8987050936083758
747,0.9671285743752795,0.9671285743752795,0.9671285743752795,0.9571285743752795,0.9571285743752795,0.9771285743752796,0.9771285743752796,0.9771285743752796,0.9971285743752796,0.9871285743752796,0.9871285743752796,0.9871285743752796,0.9771285743752796
748,0.9012888730783977,0.8912888730783977,0.8712888730783976,0.8712888730783976,0.8812888730783976,0.8812888730783976,0.8812888730783976,0.8912888730783977,0.8812888730783976,0.8712888730783976,0.8912888730783977,0.8912888730783977,0.8612888730783976
749,1.0,1.0,1.0,0.98,0.98,1.0,0.995,0.985,1.0,1.0,1.0,1.0,1.0
750,0.9949165280987524,0.9849165280987524,0.9849165280987524,0.9849165280987524,0.9949165280987524,0.9949165280987524,0.9849165280987524,0.9849165280987524,0.9949165280987524,0.9949165280987524,0.9949165280987524,1.0,1.0
751,0.9197361158609341,0.9197361158609341,0.9397361158609341,0.9397361158609341,0.9397361158609341,0.9197361158609341,0.9197361158609341,0.9097361158609341,0.9397361158609341,0.9397361158609341,0.9297361158609341,0.9197361158609341,0.9097361158609341
752,0.946641435259409,0.956641435259409,0.946641435259409,0.956641435259409,0.956641435259409,0.956641435259409,0.926641435259409,0.916641435259409,0.916641435259409,0.906641435259409,0.916641435259409,0.931641435259409,0.931641435259409
753,1.0,1.0,1.0,1.0,1.0,1.0,1.0,1.0,1.0,1.0,0.99,1.0,1.0
754,0.9222755987082287,0.9122755987082287,0.9322755987082287,0.9122755987082287,0.9122755987082287,0.9122755987082287,0.9122755987082287,0.9122755987082287,0.9222755987082287,0.9222755987082287,0.9122755987082287,0.9122755987082287,0.9122755987082287
755,0.9830397342306824,0.9930397342306824,0.9930397342306824,0.9930397342306824,0.9930397342306824,0.9580397342306823,0.9580397342306823,0.9380397342306823,0.9480397342306823,0.9580397342306823,0.9580397342306823,0.9480397342306823,0.9380397342306823
756,0.9779528409744628,0.9979528409744628,0.9879528409744628,0.9779528409744628,0.9779528409744628,0.9779528409744628,0.9579528409744628,0.9579528409744628,0.9579528409744628,0.9779528409744628,0.9479528409744628,0.9479528409744628,0.9479528409744628
757,0.9606922735327161,0.9506922735327161,0.9506922735327161,0.9406922735327161,0.9506922735327161,0.9406922735327161,0.9406922735327161,0.9406922735327161,0.9406922735327161,0.9406922735327161,0.9406922735327161,0.9506922735327161,0.9406922735327161
758,0.7479611851822834,0.7279611851822834,0.7179611851822834,0.7279611851822834,0.7379611851822834,0.7279611851822834,0.7279611851822834,0.7379611851822834,0.7479611851822834,0.7679611851822834,0.7679611851822834,0.7879611851822834,0.7879611851822834
759,1.0,1.0,1.0,1.0,0.98,0.96,0.97,0.97,1.0,0.98,0.97,0.98,0.98
760,0.8811186252744209,0.8811186252744209,0.8911186252744209,0.9011186252744209,0.9111186252744209,0.9011186252744209,0.9011186252744209,0.9111186252744209,0.9011186252744209,0.9111186252744209,0.9211186252744209,0.9161186252744209,0.9161186252744209
761,0.9453776598767555,0.9353776598767555,0.9253776598767555,0.9253776598767555,0.9253776598767555,0.9153776598767555,0.9153776598767555,0.9153776598767555,0.9253776598767555,0.9353776598767555,0.9353776598767555,0.9353776598767555,0.9353776598767555
762,0.9630237775337555,0.9630237775337555,0.9630237775337555,0.9630237775337555,0.9330237775337554,0.9530237775337554,0.9530237775337554,0.9930237775337555,1.0,0.98,0.99,0.99,0.975
763,0.9623240466112566,0.9623240466112566,0.9423240466112566,0.9423240466112566,0.9423240466112566,0.9423240466112566,0.9323240466112566,0.9423240466112566,0.9523240466112566,0.9623240466112566,0.9623240466112566,0.9223240466112566,0.9323240466112566
764,0.9818734318388633,0.9718734318388633,0.9718734318388633,0.9718734318388633,0.9818734318388633,0.9918734318388633,0.9918734318388633,0.9918734318388633,1.0,1.0,1.0,1.0,1.0
765,0.8761699245302266,0.8761699245302266,0.8761699245302266,0.8561699245302266,0.8561699245302266,0.8561699245302266,0.8461699245302265,0.8461699245302265,0.8611699245302266,0.8611699245302266,0.8511699245302266,0.8511699245302266,0.8411699245302265
766,1.0,1.0,1.0,0.99,1.0,1.0,1.0,1.0,1.0,0.995,0.995,0.985,0.985
767,0.9377354376374935,0.9377354376374935,0.9277354376374934,0.9177354376374934,0.9577354376374935,0.9277354376374934,0.9277354376374934,0.9377354376374935,0.9277354376374934,0.9277354376374934,0.9077354376374934,0.8977354376374934,0.9077354376374934
768,0.9612617417202054,0.9412617417202054,0.9412617417202054,0.9412617417202054,0.9312617417202054,0.9512617417202054,0.9412617417202054,0.9312617417202054,0.9312617417202054,0.9412617417202054,0.9212617417202054,0.9512617417202054,0.9312617417202054
769,0.9490456088551014,0.9490456088551014,0.9490456088551014,0.9390456088551014,0.9290456088551013,0.9390456088551014,0.9290456088551013,0.9190456088551013,0.9290456088551013,0.9090456088551013,0.9090456088551013,0.9290456088551013,0.9590456088551014
770,1.0,1.0,1.0,1.0,1.0,1.0,0.99,0.99,0.99,0.99,1.0,1.0,1.0
771,0.8974676130395232,0.8974676130395232,0.8974676130395232,0.8974676130395232,0.9074676130395232,0.9074676130395232,0.9074676130395232,0.9274676130395232,0.9274676130395232,0.9174676130395232,0.9274676130395232,0.9174676130395232,0.9274676130395232
772,0.9561393963882214,0.9561393963882214,0.9361393963882214,0.9361393963882214,0.9561393963882214,0.9661393963882214,0.9661393963882214,0.9661393963882214,0.9661393963882214,0.9761393963882214,0.9561393963882214,0.9561393963882214,0.9361393963882214
773,1.0,0.98,0.99,0.99,0.99,0.99,0.99,1.0,1.0,1.0,1.0,1.0,1.0
774,0.883745100424083,0.873745100424083,0.873745100424083,0.9037451004240831,0.9037451004240831,0.9137451004240831,0.8937451004240831,0.9037451004240831,0.9037451004240831,0.9037451004240831,0.9037451004240831,0.9037451004240831,0.8937451004240831
775,0.9497847759278952,0.9497847759278952,0.9497847759278952,0.9497847759278952,0.9497847759278952,0.9497847759278952,0.9297847759278952,0.9097847759278952,0.9097847759278952,0.9097847759278952,0.9097847759278952,0.9097847759278952,0.9147847759278952
776,0.9094852296590865,0.8894852296590865,0.8794852296590865,0.8894852296590865,0.8894852296590865,0.8894852296590865,0.8894852296590865,0.8894852296590865,0.8894852296590865,0.9094852296590865,0.9194852296590865,0.9194852296590865,0.9294852296590865
777,0.9225114225038524,0.9225114225038524,0.9325114225038524,0.9325114225038524,0.9225114225038524,0.9325114225038524,0.9325114225038524,0.9425114225038524,0.9225114225038524,0.9225114225038524,0.8925114225038524,0.8925114225038524,0.9025114225038524
778,0.8788431613186435,0.8788431613186435,0.8888431613186435,0.9088431613186435,0.9088431613186435,0.9088431613186435,0.8938431613186435,0.8938431613186435,0.8938431613186435,0.8738431613186435,0.8838431613186435,0.8838431613186435,0.8738431613186435
779,1.0,0.97,0.985,0.995,0.995,1.0,1.0,1.0,1.0,1.0,1.0,1.0,1.0
780,0.8392284279155556,0.8392284279155556,0.8292284279155556,0.8292284279155556,0.8292284279155556,0.8592284279155556,0.8492284279155556,0.8392284279155556,0.8192284279155556,0.8192284279155556,0.8292284279155556,0.8192284279155556,0.8092284279155556
781,0.9562954915078336,0.9562954915078336,0.9562954915078336,0.9862954915078336,0.9962954915078336,0.9962954915078336,0.9962954915078336,0.9962954915078336,0.9912954915078336,0.9912954915078336,0.9712954915078336,0.9712954915078336,0.9812954915078336
782,1.0,1.0,0.99,0.99,1.0,1.0,1.0,1.0,1.0,1.0,0.99,0.99,1.0
783,0.9223889650436361,0.9523889650436361,0.9523889650436361,0.9373889650436361,0.9473889650436361,0.9673889650436361,0.9473889650436361,0.9573889650436361,0.9573889650436361,0.9673889650436361,0.9673889650436361,0.9573889650436361,0.9573889650436361
784,0.9054072532664716,0.8754072532664716,0.8654072532664716,0.8654072532664716,0.8654072532664716,0.8754072532664716,0.8854072532664716,0.9104072532664716,0.9104072532664716,0.9004072532664716,0.9004072532664716,0.9204072532664717,0.9204072532664717
785,0.9876680325083718,0.9876680325083718,0.9976680325083718,1.0,0.99,1.0,1.0,1.0,0.97,0.97,0.98,0.98,0.96
786,1.0,0.99,1.0,0.99,0.98,0.96,0.96,0.965,0.965,0.965,0.965,0.975,0.975
787,0.9350832694716305,0.9350832694716305,0.9550832694716305,0.9550832694716305,0.9650832694716305,0.9650832694716305,0.9650832694716305,0.9650832694716305,0.9750832694716305,0.9650832694716305,0.9650832694716305,0.9500832694716305,0.9500832694716305
788,0.8547419093200448,0.8847419093200448,0.8847419093200448,0.8947419093200448,0.8947419093200448,0.8947419093200448,0.8947419093200448,0.8947419093200448,0.8897419093200448,0.8797419093200448,0.8697419093200448,0.8597419093200448,0.8597419093200448
789,0.9144657687339126,0.9044657687339126,0.8944657687339126,0.9044657687339126,0.8944657687339126,0.8944657687339126,0.9244657687339126,0.9244657687339126,0.9244657687339126,0.9244657687339126,0.9244657687339126,0.9144657687339126,0.9144657687339126
790,0.9617908669548599,0.9617908669548599,0.9517908669548599,0.9517908669548599,0.9517908669548599,0.9317908669548599,0.9317908669548599,0.9317908669548599,0.9217908669548599,0.9267908669548599,0.9367908669548599,0.9367908669548599,0.9567908669548599
791,0.9956024453754978,0.9956024453754978,0.9956024453754978,0.9956024453754978,0.9756024453754978,0.9856024453754978,0.9856024453754978,1.0,1.0,0.99,0.98,0.97,0.97
792,1.0,0.98,0.97,0.97,0.97,0.96,0.98,0.98,0.99,0.99,0.99,1.0,1.0
793,0.9336689901490115,0.9336689901490115,0.9436689901490115,0.9736689901490115,0.9686689901490115,0.9586689901490115,0.9786689901490115,0.9786689901490115,0.9786689901490115,0.9786689901490115,0.9586689901490115,0.9686689901490115,0.9386689901490115
794,0.9377921770378932,0.9377921770378932,0.9477921770378932,0.9577921770378932,0.9677921770378932,0.9577921770378932,0.9577921770378932,0.9777921770378932,0.9777921770378932,0.9777921770378932,0.9777921770378932,0.9777921770378932,0.9577921770378932
795,1.0,1.0,1.0,1.0,0.98,0.96,0.96,0.96,0.96,0.96,0.94,0.95,0.95
796,0.9454763589146616,0.9454763589146616,0.9554763589146616,0.9354763589146616,0.9354763589146616,0.9254763589146616,0.9504763589146616,0.9504763589146616,0.9604763589146617,0.9804763589146617,0.9804763589146617,0.9804763589146617,0.9704763589146617
797,0.9997518277331847,0.9997518277331847,0.9897518277331847,0.9997518277331847,0.9897518277331847,1.0,1.0,1.0,1.0,1.0,0.99,0.96,0.96
798,0.9287845622763549,0.9287845622763549,0.9287845622763549,0.9287845622763549,0.9487845622763549,0.9687845622763549,0.9687845622763549,0.9687845622763549,0.9687845622763549,0.9587845622763549,0.9487845622763549,0.9287845622763549,0.9387845622763549
799,0.9310110746669682,0.9410110746669682,0.9410110746669682,0.9610110746669682,0.9610110746669682,0.9510110746669682,0.9710110746669682,0.9660110746669682,0.9560110746669682,0.9760110746669682,0.9760110746669682,0.9760110746669682,0.9660110746669682
800,1.0,1.0,0.99,0.99,0.98,0.99,0.99,0.97,0.97,0.96,0.96,0.95,0.96
801,1.0,1.0,1.0,1.0,0.99,1.0,1.0,0.99,1.0,0.98,1.0,0.985,0.975
802,0.8720577828351646,0.8720577828351646,0.8720577828351646,0.8620577828351645,0.8720577828351646,0.8520577828351645,0.8420577828351645,0.8420577828351645,0.8420577828351645,0.8620577828351645,0.8620577828351645,0.8720577828351646,0.8820577828351646
803,0.8533498148198002,0.8733498148198002,0.8533498148198002,0.8533498148198002,0.8533498148198002,0.8733498148198002,0.8533498148198002,0.8433498148198002,0.8533498148198002,0.8433498148198002,0.8433498148198002,0.8333498148198002,0.8533498148198002
804,0.9285963738391783,0.9385963738391783,0.9385963738391783,0.9385963738391783,0.9485963738391783,0.9485963738391783,0.9185963738391782,0.9185963738391782,0.9085963738391782,0.9085963738391782,0.9085963738391782,0.8985963738391782,0.8985963738391782
805,0.9431416730375141,0.933141673037514,0.913141673037514,0.923141673037514,0.933141673037514,0.9431416730375141,0.913141673037514,0.903141673037514,0.903141673037514,0.908141673037514,0.908141673037514,0.918141673037514,0.918141673037514
806,1.0,1.0,1.0,1.0,0.99,0.99,1.0,1.0,1.0,0.995,0.985,0.975,0.975
807,0.9974900546831679,0.9774900546831679,0.9574900546831678,0.9624900546831678,0.9624900546831678,0.9624900546831678,0.9624900546831678,0.9824900546831679,0.9824900546831679,0.9624900546831678,0.9724900546831678,0.9724900546831678,0.9824900546831679
808,0.8957725871118029,0.8957725871118029,0.9257725871118029,0.9157725871118029,0.9157725871118029,0.9257725871118029,0.9157725871118029,0.9057725871118029,0.9357725871118029,0.9307725871118029,0.9207725871118029,0.9407725871118029,0.9407725871118029
809,1.0,1.0,0.98,0.98,0.98,0.99,0.98,0.98,0.98,0.98,1.0,0.99,0.98
810,0.890260096495597,0.890260096495597,0.890260096495597,0.890260096495597,0.900260096495597,0.900260096495597,0.890260096495597,0.890260096495597,0.890260096495597,0.890260096495597,0.890260096495597,0.890260096495597,0.890260096495597
811,0.9448231098073807,0.9448231098073807,0.9348231098073807,0.9348231098073807,0.9548231098073807,0.9448231098073807,0.9448231098073807,0.9548231098073807,0.9448231098073807,0.9548231098073807,0.9548231098073807,0.9548231098073807,0.9448231098073807
812,0.9845264110297268,1.0,1.0,0.99,0.99,0.99,0.99,0.99,0.99,1.0,0.99,0.99,1.0
813,0.992740861344704,0.992740861344704,0.992740861344704,0.992740861344704,1.0,1.0,1.0,0.99,1.0,0.99,0.98,0.99,0.99
814,0.9335470895403131,0.9435470895403131,0.9435470895403131,0.9335470895403131,0.9435470895403131,0.9435470895403131,0.9335470895403131,0.9435470895403131,0.9635470895403131,0.9485470895403131,0.9485470895403131,0.9785470895403131,0.9785470895403131
815,0.907118288970395,0.907118288970395,0.9371182889703951,0.927118288970395,0.917118288970395,0.917118288970395,0.9371182889703951,0.9371182889703951,0.927118288970395,0.927118288970395,0.902118288970395,0.902118288970395,0.922118288970395
816,0.9802985083848675,0.9902985083848675,1.0,1.0,0.99,1.0,1.0,1.0,0.99,0.97,0.97,0.97,0.96
817,0.9359208283653967,0.9359208283653967,0.9359208283653967,0.9359208283653967,0.9159208283653967,0.8959208283653967,0.8959208283653967,0.9059208283653967,0.9259208283653967,0.9059208283653967,0.9259208283653967,0.9359208283653967,0.9559208283653967
818,0.9335072482262687,0.9335072482262687,0.9335072482262687,0.9535072482262688,0.9535072482262688,0.9435072482262687,0.9435072482262687,0.9435072482262687,0.9735072482262688,0.9735072482262688,0.9735072482262688,0.9735072482262688,0.9535072482262688
819,0.8438308923556277,0.8338308923556277,0.8338308923556277,0.8438308923556277,0.8338308923556277,0.8238308923556277,0.8238308923556277,0.8138308923556277,0.8288308923556277,0.8288308923556277,0.8188308923556277,0.8088308923556277,0.8188308923556277
820,0.9431915541078624,0.9431915541078624,0.9431915541078624,0.9431915541078624,0.9431915541078624,0.9431915541078624,0.9431915541078624,0.9531915541078624,0.9631915541078624,0.9431915541078624,0.9331915541078624,0.9331915541078624,0.9231915541078624
821,1.0,1.0,0.99,0.99,0.99,0.97,0.98,0.99,1.0,1.0,0.99,1.0,1.0
822,0.8427034814900477,0.8527034814900477,0.8527034814900477,0.8627034814900477,0.8627034814900477,0.8427034814900477,0.8327034814900477,0.8227034814900477,0.8227034814900477,0.8227034814900477,0.8227034814900477,0.8227034814900477,0.8227034814900477
823,0.9772529137673445,0.9572529137673444,0.9572529137673444,0.9472529137673444,0.9372529137673444,0.9422529137673444,0.9522529137673444,0.9422529137673444,0.9722529137673445,0.9722529137673445,0.9622529137673445,0.9822529137673445,0.9922529137673445
824,0.9964628188816606,0.9864628188816605,0.9764628188816605,0.9764628188816605,0.9564628188816605,0.9614628188816605,0.9614628188816605,0.9714628188816605,0.9714628188816605,0.9914628188816605,0.9714628188816605,0.9714628188816605,0.9714628188816605
825,0.8943098285644144,0.9043098285644144,0.9143098285644145,0.9143098285644145,0.9343098285644145,0.9293098285644145,0.9193098285644145,0.9193098285644145,0.9193098285644145,0.9093098285644144,0.8993098285644144,0.8893098285644144,0.8993098285644144
826,0.9871655806177185,0.9971655806177185,0.9971655806177185,0.9971655806177185,0.9871655806177185,0.9871655806177185,0.9871655806177185,0.9971655806177185,0.9871655806177185,1.0,0.98,0.97,1.0
827,0.9792599762886182,0.9792599762886182,0.9792599762886182,0.9892599762886182,0.9792599762886182,0.9792599762886182,0.9792599762886182,0.9792599762886182,0.9692599762886182,0.9692599762886182,0.9492599762886181,0.9492599762886181,0.9642599762886181
828,1.0,1.0,1.0,1.0,0.97,0.97,0.97,0.98,0.98,1.0,1.0,0.99,0.98
829,0.9585100597526556,0.9685100597526556,0.9685100597526556,0.9685100597526556,0.9685100597526556,0.9285100597526555,0.9385100597526556,0.9385100597526556,0.9385100597526556,0.9385100597526556,0.9385100597526556,0.9485100597526556,0.9585100597526556
830,0.9428032282156847,0.9428032282156847,0.9528032282156847,0.9728032282156848,0.9628032282156848,0.9528032282156847,0.9628032282156848,0.9528032282156847,0.9528032282156847,0.9628032282156848,0.9628032282156848,0.9528032282156847,0.9428032282156847
831,0.9151731752999012,0.9151731752999012,0.8951731752999011,0.9051731752999012,0.9151731752999012,0.9351731752999012,0.9351731752999012,0.9251731752999012,0.9251731752999012,0.9151731752999012,0.9151731752999012,0.9151731752999012,0.9151731752999012
832,0.9254912481534623,0.8954912481534623,0.8854912481534623,0.8854912481534623,0.8854912481534623,0.8954912481534623,0.8854912481534623,0.8904912481534623,0.8904912481534623,0.8904912481534623,0.9004912481534623,0.9204912481534623,0.9204912481534623
833,0.9398212037920917,0.9398212037920917,0.9398212037920917,0.9398212037920917,0.9498212037920917,0.9498212037920917,0.9398212037920917,0.9498212037920917,0.9598212037920917,0.9698212037920917,0.9498212037920917,0.9598212037920917,0.9598212037920917
834,0.9244287720911043,0.9244287720911043,0.9344287720911043,0.9344287720911043,0.9344287720911043,0.9444287720911043,0.9444287720911043,0.9144287720911043,0.9344287720911043,0.9444287720911043,0.9344287720911043,0.9444287720911043,0.9444287720911043
835,0.9333498115533981,0.9233498115533981,0.9233498115533981,0.9233498115533981,0.9333498115533981,0.9333498115533981,0.9333498115533981,0.9133498115533981,0.8933498115533981,0.8933498115533981,0.9033498115533981,0.9133498115533981,0.9133498115533981
836,1.0,1.0,1.0,1.0,0.99,1.0,0.99,1.0,0.98,0.99,1.0,0.99,0.99
837,1.0,0.98,0.99,0.99,0.99,0.98,0.98,0.97,0.96,0.965,0.965,0.965,0.975
838,0.959708779503472,0.959708779503472,0.959708779503472,0.939708779503472,0.939708779503472,0.964708779503472,0.984708779503472,0.984708779503472,0.974708779503472,0.964708779503472,0.944708779503472,0.944708779503472,0.974708779503472
839,0.9361660476441341,0.9361660476441341,0.9461660476441341,0.9561660476441342,0.9561660476441342,0.9461660476441341,0.9461660476441341,0.9561660476441342,0.9461660476441341,0.9561660476441342,0.9661660476441342,0.9661660476441342,0.9661660476441342
840,0.9497325145957056,0.9597325145957056,0.9597325145957056,0.9797325145957057,0.9797325145957057,0.9797325145957057,0.9797325145957057,0.9597325145957056,0.9397325145957056,0.9397325145957056,0.9597325145957056,0.9697325145957056,0.9597325145957056
841,1.0,0.98,0.97,0.96,0.96,0.96,0.96,0.97,0.97,0.985,0.985,0.965,0.965
842,0.9374862434688563,0.9274862434688563,0.9274862434688563,0.9174862434688563,0.9374862434688563,0.9174862434688563,0.9074862434688563,0.9174862434688563,0.9274862434688563,0.9274862434688563,0.9274862434688563,0.9274862434688563,0.9474862434688563
843,0.9778874482528173,0.9678874482528173,0.9478874482528172,0.9678874482528173,0.9578874482528172,0.9678874482528173,0.9478874482528172,0.9378874482528172,0.9428874482528172,0.9528874482528172,0.9528874482528172,0.9828874482528173,0.9828874482528173
844,0.9838043515867712,0.9738043515867711,0.9738043515867711,0.9738043515867711,0.9738043515867711,0.9738043515867711,0.9838043515867712,1.0,0.99,0.98,0.98,0.98,0.97
845,0.8895796999235897,0.8995796999235897,0.8695796999235896,0.8695796999235896,0.8695796999235896,0.8595796999235896,0.8745796999235896,0.8745796999235896,0.8745796999235896,0.8945796999235897,0.8945796999235897,0.8845796999235896,0.8845796999235896
846,0.802298481614366,0.802298481614366,0.832298481614366,0.832298481614366,0.832298481614366,0.832298481614366,0.817298481614366,0.817298481614366,0.807298481614366,0.797298481614366,0.797298481614366,0.797298481614366,0.797298481614366
847,0.8927045502638612,0.8727045502638612,0.8727045502638612,0.8727045502638612,0.8727045502638612,0.8727045502638612,0.8727045502638612,0.8927045502638612,0.9027045502638612,0.9227045502638612,0.9077045502638612,0.9077045502638612,0.8877045502638612
848,0.9886775565455411,0.9986775565455411,1.0,1.0,1.0,1.0,1.0,0.99,0.99,0.99,0.99,1.0,1.0
849,1.0,0.99,0.97,0.96,0.96,0.97,0.97,0.98,1.0,0.99,1.0,1.0,1.0
850,0.9084877825861212,0.9084877825861212,0.9184877825861212,0.8984877825861212,0.8984877825861212,0.9084877825861212,0.9184877825861212,0.9184877825861212,0.9184877825861212,0.9284877825861212,0.9284877825861212,0.9084877825861212,0.9184877825861212
851,0.9060110684910084,0.8860110684910084,0.8960110684910084,0.8860110684910084,0.9110110684910084,0.8810110684910084,0.8810110684910084,0.8910110684910084,0.8910110684910084,0.8910110684910084,0.8910110684910084,0.8710110684910084,0.8810110684910084
852,0.9444234060781009,0.9544234060781009,0.9344234060781009,0.9344234060781009,0.9144234060781009,0.9444234060781009,0.9444234060781009,0.9444234060781009,0.9444234060781009,0.9344234060781009,0.9544234060781009,0.9344234060781009,0.9344234060781009
853,0.9702447954600728,0.9602447954600728,0.9602447954600728,0.9702447954600728,0.9802447954600728,0.9802447954600728,0.9702447954600728,0.9902447954600728,0.9902447954600728,0.9902447954600728,0.9802447954600728,0.9802447954600728,0.9802447954600728
854,0.9428676430404618,0.9328676430404618,0.9428676430404618,0.9328676430404618,0.9328676430404618,0.9228676430404618,0.9228676430404618,0.9228676430404618,0.9328676430404618,0.9428676430404618,0.9328676430404618,0.9028676430404617,0.9028676430404617
855,0.9848356451052135,0.9648356451052135,0.9548356451052135,0.9548356451052135,0.9448356451052135,0.9498356451052135,0.9498356451052135,0.9598356451052135,0.9798356451052135,0.9998356451052135,1.0,1.0,1.0
856,0.9093552663557682,0.9093552663557682,0.9293552663557683,0.9493552663557683,0.9443552663557683,0.9443552663557683,0.9443552663557683,0.9443552663557683,0.9343552663557683,0.9343552663557683,0.9343552663557683,0.9343552663557683,0.9343552663557683
857,0.9264009157386495,0.9164009157386495,0.9264009157386495,0.9064009157386494,0.8964009157386494,0.9114009157386495,0.9114009157386495,0.9014009157386494,0.9114009157386495,0.9114009157386495,0.9014009157386494,0.9114009157386495,0.9114009157386495
858,0.933776509466554,0.943776509466554,0.933776509466554,0.953776509466554,0.933776509466554,0.933776509466554,0.943776509466554,0.933776509466554,0.923776509466554,0.923776509466554,0.903776509466554,0.903776509466554,0.893776509466554
859,0.9747639784245021,0.9747639784245021,0.9847639784245021,0.9747639784245021,0.9947639784245021,0.9847639784245021,0.9847639784245021,1.0,1.0,0.995,0.985,0.975,0.975
860,0.9541864428288265,0.9641864428288265,0.9741864428288265,0.9741864428288265,0.9641864428288265,0.9441864428288265,0.9341864428288265,0.9441864428288265,0.9441864428288265,0.9441864428288265,0.9341864428288265,0.9341864428288265,0.9441864428288265
861,0.9235465162229307,0.9235465162229307,0.9035465162229307,0.9035465162229307,0.8935465162229307,0.8935465162229307,0.8935465162229307,0.8935465162229307,0.8835465162229307,0.8885465162229307,0.8885465162229307,0.8985465162229307,0.8985465162229307
862,0.9558243964837257,0.9558243964837257,0.9658243964837258,0.9458243964837257,0.9258243964837257,0.9158243964837257,0.9158243964837257,0.9208243964837257,0.9208243964837257,0.9208243964837257,0.9308243964837257,0.9308243964837257,0.9408243964837257
863,0.8510268366027977,0.8510268366027977,0.8510268366027977,0.8310268366027976,0.8210268366027976,0.8310268366027976,0.8310268366027976,0.8210268366027976,0.8410268366027976,0.8610268366027977,0.8610268366027977,0.8710268366027977,0.8810268366027977
864,0.9615146872890455,0.9615146872890455,0.9715146872890456,0.9715146872890456,0.9515146872890455,0.9715146872890456,0.9615146872890455,0.9615146872890455,0.9615146872890455,0.9615146872890455,0.9515146872890455,0.9515146872890455,0.9215146872890455
865,0.9942601188762588,0.9942601188762588,1.0,1.0,0.98,0.98,0.98,0.98,0.98,0.98,0.99,0.97,0.95
866,0.95147886246177,0.9714788624617701,0.9714788624617701,0.9714788624617701,0.9614788624617701,0.9614788624617701,0.9614788624617701,0.9714788624617701,0.9714788624617701,0.9714788624617701,0.9714788624617701,0.9714788624617701,0.9614788624617701
867,0.9460244043470798,0.9360244043470798,0.9360244043470798,0.9360244043470798,0.9360244043470798,0.9360244043470798,0.9260244043470798,0.9060244043470798,0.9260244043470798,0.9160244043470798,0.9260244043470798,0.9160244043470798,0.9260244043470798
868,0.8299676532675594,0.8299676532675594,0.8299676532675594,0.8199676532675594,0.8299676532675594,0.8199676532675594,0.8199676532675594,0.7999676532675594,0.7999676532675594,0.7899676532675594,0.8199676532675594,0.8099676532675594,0.7899676532675594
869,0.9798404043970059,1.0,0.99,0.99,0.99,1.0,1.0,1.0,0.99,0.99,0.975,0.975,0.975
870,0.9649773465989449,0.9549773465989448,0.9449773465989448,0.9699773465989449,0.9699773465989449,0.9699773465989449,0.9499773465989448,0.9499773465989448,0.9499773465989448,0.9499773465989448,0.9499773465989448,0.9499773465989448,0.9499773465989448
871,1.0,1.0,1.0,1.0,1.0,1.0,1.0,1.0,1.0,1.0,1.0,0.98,0.95
872,0.9886806668580613,0.9986806668580613,0.9986806668580613,1.0,1.0,0.97,0.97,0.97,0.97,0.96,0.985,0.965,0.965
873,1.0,0.98,0.97,0.96,0.965,0.985,0.985,0.955,0.955,0.955,0.955,0.975,0.975
874,1.0,0.99,0.97,0.98,0.97,0.96,0.965,0.975,0.975,0.965,0.975,0.975,0.965
875,0.8623732268654845,0.8523732268654844,0.8523732268654844,0.8523732268654844,0.8523732268654844,0.8523732268654844,0.8423732268654844,0.8423732268654844,0.8223732268654844,0.8273732268654844,0.8373732268654844,0.8273732268654844,0.8373732268654844
876,0.9494748851361219,0.9494748851361219,0.9494748851361219,0.9494748851361219,0.9494748851361219,0.9494748851361219,0.9594748851361219,0.9594748851361219,0.9594748851361219,0.9694748851361219,0.9694748851361219,0.9794748851361219,0.9794748851361219
877,0.9761863010581513,0.9761863010581513,0.9561863010581513,0.9561863010581513,0.9761863010581513,0.9861863010581513,0.9861863010581513,0.9761863010581513,0.9961863010581513,1.0,0.99,1.0,1.0
878,1.0,0.99,1.0,1.0,0.98,0.98,0.98,0.96,0.97,0.97,1.0,1.0,0.99
879,1.0,1.0,1.0,0.99,0.99,0.99,0.99,0.99,0.99,0.99,0.98,0.99,0.99
880,0.8584339562238524,0.8684339562238524,0.8884339562238525,0.8684339562238524,0.8584339562238524,0.8584339562238524,0.8484339562238524,0.8484339562238524,0.8484339562238524,0.8484339562238524,0.8384339562238524,0.8584339562238524,0.8684339562238524
881,0.9799768035822068,0.9899768035822069,0.9599768035822068,0.9599768035822068,0.9599768035822068,0.9599768035822068,0.9599768035822068,0.9599768035822068,0.9699768035822068,0.9699768035822068,0.9799768035822068,0.9699768035822068,0.9699768035822068
882,0.8880461533603244,0.8780461533603244,0.8780461533603244,0.8780461533603244,0.8680461533603244,0.8680461533603244,0.8680461533603244,0.8480461533603244,0.8530461533603244,0.8830461533603244,0.8830461533603244,0.8730461533603244,0.8730461533603244
883,0.952482557855345,0.952482557855345,0.942482557855345,0.942482557855345,0.942482557855345,0.932482557855345,0.957482557855345,0.977482557855345,0.977482557855345,0.977482557855345,0.977482557855345,0.977482557855345,0.977482557855345
884,0.9508580596469858,0.9408580596469858,0.9408580596469858,0.9408580596469858,0.9308580596469858,0.9208580596469857,0.9208580596469857,0.9308580596469858,0.9308580596469858,0.9308580596469858,0.9408580596469858,0.9408580596469858,0.9408580596469858
885,1.0,1.0,1.0,1.0,1.0,0.97,0.97,0.95,0.955,0.945,0.945,0.945,0.945
886,0.9746232099615982,0.9746232099615982,0.9846232099615982,0.9546232099615982,0.9446232099615982,0.9596232099615982,0.9596232099615982,0.9696232099615982,0.9696232099615982,0.9596232099615982,0.9696232099615982,0.9696232099615982,0.9696232099615982
887,1.0,0.99,0.99,0.99,0.98,0.99,1.0,1.0,0.99,0.99,0.98,0.98,0.99
888,0.9587964895027894,0.9687964895027894,0.9587964895027894,0.9687964895027894,0.9687964895027894,0.9487964895027894,0.9387964895027894,0.9587964895027894,0.9587964895027894,0.9887964895027894,0.9787964895027894,0.9787964895027894,0.9687964895027894
889,0.9861415048675102,0.9961415048675102,0.9961415048675102,0.9961415048675102,0.9861415048675102,0.9761415048675102,0.9961415048675102,1.0,1.0,1.0,0.96,0.94,0.96
890,0.911108946566506,0.921108946566506,0.911108946566506,0.941108946566506,0.941108946566506,0.926108946566506,0.956108946566506,0.956108946566506,0.946108946566506,0.956108946566506,0.956108946566506,0.926108946566506,0.926108946566506
891,0.874929156611694,0.894929156611694,0.894929156611694,0.894929156611694,0.894929156611694,0.894929156611694,0.914929156611694,0.914929156611694,0.914929156611694,0.904929156611694,0.884929156611694,0.884929156611694,0.874929156611694
892,0.9983445829203967,0.9983445829203967,0.9883445829203967,0.9883445829203967,0.9683445829203967,0.9783445829203967,0.9783445829203967,0.9883445829203967,0.9883445829203967,0.9883445829203967,0.9883445829203967,0.9883445829203967,0.9783445829203967
893,0.9406280310893707,0.9506280310893707,0.9806280310893707,0.9606280310893707,0.9406280310893707,0.9306280310893706,0.9506280310893707,0.9506280310893707,0.9306280310893706,0.9306280310893706,0.9406280310893707,0.9506280310893707,0.9506280310893707
894,0.9120473226136474,0.9020473226136474,0.8920473226136474,0.9020473226136474,0.9020473226136474,0.8920473226136474,0.9170473226136474,0.9270473226136474,0.9270473226136474,0.9270473226136474,0.9270473226136474,0.9270473226136474,0.9270473226136474
895,1.0,0.99,0.99,0.97,0.97,0.97,0.97,0.99,0.99,0.98,0.97,0.99,0.98
896,0.9023771578108283,0.9023771578108283,0.8923771578108283,0.8823771578108283,0.8823771578108283,0.8823771578108283,0.8823771578108283,0.8923771578108283,0.8923771578108283,0.8823771578108283,0.8823771578108283,0.8823771578108283,0.8923771578108283
897,0.910364034165319,0.930364034165319,0.930364034165319,0.920364034165319,0.940364034165319,0.930364034165319,0.940364034165319,0.940364034165319,0.920364034165319,0.900364034165319,0.900364034165319,0.920364034165319,0.920364034165319
898,0.9285831201401497,0.9285831201401497,0.9385831201401497,0.9485831201401497,0.9385831201401497,0.9285831201401497,0.9185831201401496,0.9085831201401496,0.8985831201401496,0.9085831201401496,0.9085831201401496,0.9285831201401497,0.9285831201401497
899,0.8841576125760954,0.8841576125760954,0.8841576125760954,0.8941576125760954,0.8841576125760954,0.8841576125760954,0.8641576125760954,0.8541576125760953,0.8441576125760953,0.8641576125760954,0.8641576125760954,0.8541576125760953,0.8691576125760954
900,0.9793901187466542,0.9693901187466542,0.9893901187466542,1.0,0.98,0.98,0.97,1.0,0.99,0.99,1.0,1.0,1.0
901,1.0,1.0,0.99,0.98,0.98,0.98,0.98,0.97,0.98,0.98,0.97,0.97,0.97
902,0.949281559934068,0.959281559934068,0.959281559934068,0.959281559934068,0.949281559934068,0.949281559934068,0.919281559934068,0.919281559934068,0.919281559934068,0.929281559934068,0.939281559934068,0.959281559934068,0.959281559934068
903,0.9385543483416771,0.928554348341677,0.9385543483416771,0.9385543483416771,0.9385543483416771,0.9385543483416771,0.9385543483416771,0.918554348341677,0.918554348341677,0.918554348341677,0.918554348341677,0.918554348341677,0.928554348341677
904,1.0,0.99,0.99,0.99,0.99,1.0,0.99,1.0,1.0,0.98,0.98,0.99,1.0
905,0.8784881684098206,0.8684881684098206,0.8884881684098206,0.8884881684098206,0.9084881684098206,0.9084881684098206,0.8984881684098206,0.8984881684098206,0.8984881684098206,0.8984881684098206,0.9084881684098206,0.9084881684098206,0.8984881684098206
906,0.9490801464825577,0.9490801464825577,0.9490801464825577,0.9190801464825576,0.9090801464825576,0.9290801464825577,0.9290801464825577,0.9390801464825577,0.9740801464825577,0.9740801464825577,0.9640801464825577,0.9440801464825577,0.9440801464825577
907,0.9512238625487253,0.9512238625487253,0.9612238625487253,0.9612238625487253,0.9612238625487253,0.9612238625487253,0.9412238625487253,0.9412238625487253,0.9512238625487253,0.9512238625487253,0.9612238625487253,0.9712238625487253,0.9612238625487253
908,0.870421002581483,0.860421002581483,0.870421002581483,0.870421002581483,0.870421002581483,0.860421002581483,0.850421002581483,0.850421002581483,0.850421002581483,0.860421002581483,0.870421002581483,0.870421002581483,0.870421002581483
909,0.9587443177299517,0.9587443177299517,0.9587443177299517,0.9387443177299517,0.9187443177299517,0.9387443177299517,0.9687443177299517,0.9687443177299517,0.9587443177299517,0.9687443177299517,0.9587443177299517,0.9587443177299517,0.9587443177299517
910,1.0,1.0,0.99,0.99,0.98,0.99,0.99,0.99,1.0,0.99,0.99,1.0,1.0
911,1.0,1.0,1.0,1.0,1.0,0.98,0.99,0.98,0.98,0.97,0.98,0.98,1.0
912,0.932999531827527,0.942999531827527,0.9629995318275271,0.9629995318275271,0.9529995318275271,0.9529995318275271,0.942999531827527,0.942999531827527,0.942999531827527,0.942999531827527,0.942999531827527,0.942999531827527,0.922999531827527
913,1.0,1.0,1.0,1.0,1.0,1.0,1.0,0.995,0.995,0.985,0.985,0.995,0.995
914,0.9338787209250893,0.9338787209250893,0.9138787209250893,0.9438787209250893,0.9438787209250893,0.9238787209250893,0.9138787209250893,0.9138787209250893,0.9338787209250893,0.9538787209250893,0.9638787209250893,0.9338787209250893,0.9338787209250893
915,0.9778478124317064,0.9678478124317064,0.9678478124317064,0.9578478124317064,0.9478478124317063,0.9478478124317063,0.9678478124317064,0.9878478124317064,0.9878478124317064,0.9578478124317064,0.9478478124317063,0.9578478124317064,0.9578478124317064
916,0.8852147569724619,0.8752147569724619,0.8752147569724619,0.8652147569724619,0.8652147569724619,0.8652147569724619,0.8452147569724618,0.8452147569724618,0.8452147569724618,0.8502147569724618,0.8502147569724618,0.8602147569724619,0.8902147569724619
917,0.9986067886164619,1.0,1.0,0.98,0.96,0.96,0.96,0.95,0.955,0.965,0.985,0.975,0.985
918,0.926671261610358,0.926671261610358,0.926671261610358,0.926671261610358,0.926671261610358,0.936671261610358,0.926671261610358,0.926671261610358,0.926671261610358,0.926671261610358,0.926671261610358,0.936671261610358,0.936671261610358
919,0.9178664466736403,0.9178664466736403,0.9278664466736403,0.9278664466736403,0.9278664466736403,0.9278664466736403,0.9378664466736403,0.9378664466736403,0.9128664466736403,0.9128664466736403,0.9128664466736403,0.9128664466736403,0.9128664466736403
920,0.9274364329686611,0.9174364329686611,0.9174364329686611,0.9174364329686611,0.9274364329686611,0.9374364329686611,0.9274364329686611,0.9274364329686611,0.907436432968661,0.907436432968661,0.907436432968661,0.907436432968661,0.897436432968661
921,0.9271579311254967,0.9271579311254967,0.9371579311254967,0.9471579311254967,0.9271579311254967,0.9271579311254967,0.9371579311254967,0.9371579311254967,0.9371579311254967,0.9371579311254967,0.9271579311254967,0.9371579311254967,0.9471579311254967
922,0.9744861162889317,0.9844861162889317,0.9744861162889317,0.9844861162889317,0.9844861162889317,0.9744861162889317,0.9844861162889317,0.9944861162889317,0.9944861162889317,0.9944861162889317,0.9944861162889317,1.0,1.0
923,1.0,1.0,1.0,1.0,0.99,0.99,0.99,0.98,0.97,0.97,0.97,0.98,0.98
924,0.8752628155190861,0.8952628155190862,0.8752628155190861,0.8752628155190861,0.8752628155190861,0.8752628155190861,0.8752628155190861,0.8652628155190861,0.8852628155190861,0.8852628155190861,0.8652628155190861,0.8652628155190861,0.8652628155190861
925,0.9558812105595729,0.9558812105595729,0.9558812105595729,0.9358812105595729,0.9358812105595729,0.9258812105595728,0.9408812105595729,0.9408812105595729,0.9408812105595729,0.9408812105595729,0.9408812105595729,0.9408812105595729,0.9508812105595729
926,0.9147385959505392,0.9247385959505392,0.9247385959505392,0.9247385959505392,0.8947385959505392,0.8747385959505392,0.8847385959505392,0.9147385959505392,0.8947385959505392,0.8947385959505392,0.9047385959505392,0.8947385959505392,0.8847385959505392
927,1.0,1.0,1.0,0.99,0.98,0.98,0.97,0.97,0.97,0.97,0.97,0.97,0.99
928,0.8851889379227049,0.8851889379227049,0.8851889379227049,0.8751889379227049,0.8751889379227049,0.8551889379227049,0.8751889379227049,0.8651889379227049,0.8551889379227049,0.8451889379227049,0.8501889379227049,0.8601889379227049,0.8701889379227049
929,1.0,1.0,1.0,1.0,0.99,0.99,0.99,0.98,0.98,0.98,0.98,0.955,0.995
930,0.828418029556941,0.828418029556941,0.828418029556941,0.818418029556941,0.838418029556941,0.828418029556941,0.818418029556941,0.818418029556941,0.808418029556941,0.868418029556941,0.868418029556941,0.858418029556941,0.868418029556941
931,0.9092928046736017,0.9292928046736018,0.8992928046736017,0.8992928046736017,0.8992928046736017,0.9092928046736017,0.9292928046736018,0.9042928046736017,0.9042928046736017,0.9042928046736017,0.9042928046736017,0.9042928046736017,0.9042928046736017
932,1.0,1.0,0.99,1.0,0.99,0.99,0.98,0.98,0.98,0.97,0.96,0.97,0.97
933,0.9473751858187567,0.9373751858187567,0.9473751858187567,0.9473751858187567,0.9473751858187567,0.9473751858187567,0.9573751858187567,0.9373751858187567,0.9473751858187567,0.9373751858187567,0.9373751858187567,0.9273751858187567,0.9373751858187567
934,0.9292819917331931,0.9192819917331931,0.9192819917331931,0.9292819917331931,0.9192819917331931,0.9192819917331931,0.9092819917331931,0.9192819917331931,0.9192819917331931,0.9192819917331931,0.9092819917331931,0.9092819917331931,0.9492819917331932
935,1.0,1.0,1.0,0.98,0.95,0.97,0.95,0.96,0.96,0.95,0.95,0.97,0.96
936,0.9799505882996309,0.9699505882996309,0.9599505882996309,0.9599505882996309,0.9599505882996309,0.9599505882996309,0.9599505882996309,0.9399505882996309,0.9399505882996309,0.9499505882996309,0.9499505882996309,0.9499505882996309,0.9599505882996309
937,0.8875862051921589,0.9175862051921589,0.9075862051921589,0.9075862051921589,0.9075862051921589,0.8975862051921589,0.8975862051921589,0.8975862051921589,0.8875862051921589,0.8775862051921589,0.8875862051921589,0.8775862051921589,0.8575862051921589
938,0.8973020159769672,0.8873020159769672,0.8973020159769672,0.9073020159769672,0.9073020159769672,0.9073020159769672,0.9073020159769672,0.9073020159769672,0.9073020159769672,0.9073020159769672,0.9073020159769672,0.8973020159769672,0.8973020159769672
939,0.877155078528508,0.8971550785285081,0.8971550785285081,0.9171550785285081,0.9171550785285081,0.9171550785285081,0.9121550785285081,0.9121550785285081,0.9021550785285081,0.9121550785285081,0.9121550785285081,0.8921550785285081,0.9021550785285081
940,0.977056136264995,0.977056136264995,0.997056136264995,0.987056136264995,0.987056136264995,0.997056136264995,1.0,1.0,1.0,1.0,1.0,1.0,0.995
941,1.0,1.0,1.0,1.0,1.0,0.99,0.975,0.975,0.975,0.975,0.975,0.965,0.965
942,1.0,1.0,0.99,1.0,1.0,0.97,0.985,0.985,1.0,1.0,1.0,1.0,1.0
943,0.975966236961338,0.995966236961338,0.985966236961338,0.995966236961338,0.995966236961338,0.995966236961338,0.985966236961338,0.975966236961338,0.995966236961338,1.0,1.0,1.0,1.0
944,1.0,1.0,1.0,1.0,1.0,0.98,0.98,0.95,0.94,0.94,0.94,0.96,0.98
945,0.9217409869914003,0.9317409869914003,0.9317409869914003,0.9317409869914003,0.9417409869914003,0.9417409869914003,0.9167409869914003,0.9167409869914003,0.9167409869914003,0.9167409869914003,0.9267409869914003,0.9267409869914003,0.9267409869914003
946,1.0,0.99,0.99,0.99,1.0,0.99,1.0,0.995,1.0,1.0,1.0,1.0,1.0
947,0.9515265689458569,0.9515265689458569,0.9415265689458568,0.9415265689458568,0.9615265689458569,0.9515265689458569,0.9815265689458569,0.9815265689458569,0.9915265689458569,0.9915265689458569,0.9715265689458569,0.9615265689458569,0.9715265689458569
948,1.0,1.0,0.98,0.98,0.98,0.98,0.97,0.97,0.985,1.0,1.0,1.0,1.0
949,0.9169107153605016,0.9269107153605016,0.9369107153605016,0.9369107153605016,0.9369107153605016,0.9119107153605016,0.9019107153605016,0.9219107153605016,0.9019107153605016,0.9019107153605016,0.9219107153605016,0.9019107153605016,0.9019107153605016
950,1.0,0.99,1.0,1.0,1.0,1.0,1.0,1.0,0.98,0.98,0.98,0.99,1.0
951,0.9106732383141778,0.9206732383141778,0.9106732383141778,0.9106732383141778,0.9206732383141778,0.9306732383141778,0.9406732383141778,0.9206732383141778,0.9206732383141778,0.9306732383141778,0.9306732383141778,0.9406732383141778,0.9406732383141778
952,0.9704287882110837,0.9704287882110837,1.0,0.99,1.0,0.99,0.99,0.97,0.97,0.9299999999999999,0.945,0.945,0.9349999999999999
953,0.9526086037497525,0.9426086037497525,0.9426086037497525,0.9226086037497525,0.9376086037497525,0.9276086037497525,0.9576086037497525,0.9476086037497525,0.9576086037497525,0.9576086037497525,0.9576086037497525,0.9576086037497525,0.9476086037497525
954,1.0,0.98,0.98,0.99,0.97,1.0,1.0,1.0,0.99,1.0,1.0,1.0,1.0
955,1.0,1.0,0.98,0.98,0.98,0.98,0.99,0.98,0.97,0.96,0.97,0.97,0.985
956,0.8887554054038247,0.8787554054038247,0.8787554054038247,0.8587554054038247,0.8487554054038247,0.8487554054038247,0.8487554054038247,0.8487554054038247,0.8537554054038247,0.8637554054038247,0.8637554054038247,0.8537554054038247,0.8537554054038247
957,0.9744536369742454,0.9744536369742454,0.9944536369742454,0.9844536369742454,0.9844536369742454,0.9744536369742454,0.9844536369742454,0.9744536369742454,0.9744536369742454,0.9644536369742454,0.9644536369742454,0.9644536369742454,0.9544536369742453
958,0.9929733857841947,1.0,1.0,1.0,0.99,1.0,0.99,0.99,0.96,0.97,0.97,0.98,0.98
959,1.0,1.0,0.98,0.97,0.99,0.99,0.99,0.99,0.99,0.99,0.99,0.98,0.97
960,0.9226594222582232,0.9226594222582232,0.9326594222582232,0.9426594222582232,0.9526594222582232,0.9526594222582232,0.9526594222582232,0.9526594222582232,0.9376594222582232,0.9376594222582232,0.9176594222582232,0.9176594222582232,0.9176594222582232
961,0.9862340115374932,0.9762340115374932,0.9762340115374932,0.9662340115374932,0.9662340115374932,0.9662340115374932,0.9462340115374932,0.9462340115374932,0.9512340115374932,0.9512340115374932,0.9512340115374932,0.9612340115374932,0.9712340115374932
962,0.9110566858569988,0.9110566858569988,0.9210566858569988,0.9210566858569988,0.9210566858569988,0.9210566858569988,0.9210566858569988,0.9110566858569988,0.9110566858569988,0.9210566858569988,0.9110566858569988,0.9110566858569988,0.9110566858569988
963,0.9408826895144838,0.9308826895144838,0.9308826895144838,0.9208826895144838,0.9108826895144838,0.9108826895144838,0.9308826895144838,0.9308826895144838,0.9308826895144838,0.9108826895144838,0.9258826895144838,0.9258826895144838,0.9258826895144838
964,0.9594213906818287,0.9494213906818287,0.9494213906818287,0.9494213906818287,0.9594213906818287,0.9394213906818287,0.9794213906818288,0.9694213906818288,0.9694213906818288,0.9694213906818288,0.9594213906818287,0.9594213906818287,0.9594213906818287
965,0.9089597753520354,0.8789597753520354,0.8789597753520354,0.8689597753520354,0.8689597753520354,0.8889597753520354,0.8989597753520354,0.8889597753520354,0.8789597753520354,0.8689597753520354,0.8689597753520354,0.8739597753520354,0.8739597753520354
966,0.9776685398151048,0.9876685398151048,0.9776685398151048,0.9776685398151048,0.9776685398151048,0.9776685398151048,0.9676685398151048,0.9576685398151048,0.9476685398151048,0.9476685398151048,0.9676685398151048,0.9676685398151048,0.9576685398151048
967,1.0,0.99,0.97,0.985,0.955,0.955,0.955,0.955,0.955,0.955,0.955,0.955,0.955
968,0.9882610823860926,0.9782610823860926,0.9882610823860926,0.9882610823860926,0.9882610823860926,0.9982610823860926,0.9882610823860926,0.9682610823860925,0.9682610823860925,0.9582610823860925,0.9582610823860925,0.9582610823860925,0.9582610823860925
969,0.9990724700364016,0.9890724700364016,0.9890724700364016,0.9990724700364016,0.9990724700364016,1.0,1.0,0.99,0.98,0.99,0.97,0.96,0.95
970,1.0,0.99,0.97,0.98,0.97,0.98,0.98,0.98,0.98,0.99,1.0,1.0,1.0
971,1.0,1.0,1.0,1.0,1.0,1.0,0.99,0.98,0.99,0.98,0.98,0.99,0.99
972,0.9434246121712391,0.9534246121712391,0.9534246121712391,0.9634246121712391,0.9534246121712391,0.9434246121712391,0.9534246121712391,0.9634246121712391,0.9634246121712391,0.9534246121712391,0.9834246121712391,0.9634246121712391,0.9634246121712391
973,0.873825967433941,0.873825967433941,0.873825967433941,0.873825967433941,0.863825967433941,0.873825967433941,0.873825967433941,0.873825967433941,0.9038259674339411,0.883825967433941,0.9038259674339411,0.893825967433941,0.893825967433941
974,0.860043558381494,0.830043558381494,0.820043558381494,0.830043558381494,0.830043558381494,0.830043558381494,0.820043558381494,0.830043558381494,0.830043558381494,0.820043558381494,0.820043558381494,0.820043558381494,0.840043558381494
975,0.9323397879470829,0.9323397879470829,0.9323397879470829,0.9323397879470829,0.9223397879470829,0.962339787947083,0.962339787947083,0.962339787947083,0.962339787947083,0.972339787947083,0.972339787947083,0.967339787947083,0.967339787947083
976,0.9214345373558068,0.9314345373558068,0.9214345373558068,0.9214345373558068,0.9114345373558068,0.9114345373558068,0.9314345373558068,0.9014345373558068,0.8814345373558068,0.8814345373558068,0.8814345373558068,0.8864345373558068,0.8864345373558068
977,0.8503452676419033,0.8503452676419033,0.8603452676419033,0.8603452676419033,0.8603452676419033,0.8603452676419033,0.8603452676419033,0.8503452676419033,0.8503452676419033,0.8403452676419033,0.8503452676419033,0.8403452676419033,0.8303452676419033
978,0.9044259307534978,0.9244259307534978,0.9044259307534978,0.8944259307534977,0.8844259307534977,0.8844259307534977,0.8944259307534977,0.9244259307534978,0.9244259307534978,0.9244259307534978,0.9244259307534978,0.9244259307534978,0.8994259307534977
979,1.0,1.0,0.99,1.0,1.0,1.0,1.0,1.0,1.0,0.99,1.0,1.0,1.0
980,1.0,1.0,1.0,1.0,0.99,0.97,0.99,0.99,0.98,0.99,0.99,0.96,0.96
981,0.9872630713568312,0.9772630713568312,0.9672630713568312,0.9772630713568312,0.9772630713568312,0.9772630713568312,0.9872630713568312,0.9972630713568312,1.0,1.0,1.0,0.99,0.99
982,0.9747048129264857,0.9747048129264857,0.9747048129264857,0.9947048129264857,0.9947048129264857,0.9947048129264857,0.9847048129264857,0.9847048129264857,0.9647048129264857,0.9547048129264857,0.9547048129264857,0.9547048129264857,0.9547048129264857
983,0.9320383247789115,0.9320383247789115,0.9420383247789115,0.9420383247789115,0.9420383247789115,0.9070383247789114,0.8970383247789114,0.9070383247789114,0.8970383247789114,0.9170383247789115,0.9170383247789115,0.9370383247789115,0.9470383247789115
984,0.9564381985764372,0.9564381985764372,0.9564381985764372,0.9564381985764372,0.9664381985764372,0.9664381985764372,0.9664381985764372,0.9764381985764372,0.9664381985764372,0.9464381985764372,0.9364381985764372,0.9164381985764372,0.9164381985764372
985,1.0,1.0,0.99,0.99,0.95,0.96,0.96,0.975,0.985,0.985,0.995,0.965,0.955
986,0.8929424233998645,0.8929424233998645,0.9029424233998645,0.9029424233998645,0.8929424233998645,0.8929424233998645,0.9129424233998645,0.9129424233998645,0.9029424233998645,0.9029424233998645,0.9029424233998645,0.9029424233998645,0.8829424233998645
987,0.9837910214006336,0.9937910214006336,0.9937910214006336,1.0,1.0,1.0,1.0,1.0,1.0,1.0,0.99,0.98,0.97
988,0.8852139828826762,0.8952139828826762,0.8952139828826762,0.8602139828826761,0.8402139828826761,0.8402139828826761,0.8402139828826761,0.8402139828826761,0.8402139828826761,0.8402139828826761,0.8602139828826761,0.8802139828826762,0.8802139828826762
989,0.9317527781742982,0.9317527781742982,0.9217527781742982,0.9217527781742982,0.9217527781742982,0.9117527781742982,0.9117527781742982,0.9117527781742982,0.9117527781742982,0.9117527781742982,0.9217527781742982,0.9217527781742982,0.9317527781742982
990,1.0,1.0,1.0,0.99,0.97,0.96,0.96,0.97,0.95,0.95,0.95,0.95,0.95
991,0.9519096588314685,0.9519096588314685,0.9519096588314685,0.9519096588314685,0.9919096588314685,0.9719096588314685,0.9719096588314685,0.9619096588314685,0.9819096588314685,0.9819096588314685,0.9619096588314685,0.9519096588314685,0.9619096588314685
992,1.0,1.0,1.0,0.98,0.98,0.98,0.99,0.99,0.99,1.0,0.98,0.98,0.99
993,0.933965535084855,0.933965535084855,0.943965535084855,0.913965535084855,0.938965535084855,0.938965535084855,0.948965535084855,0.948965535084855,0.948965535084855,0.948965535084855,0.948965535084855,0.948965535084855,0.948965535084855
994,0.9873063189325633,0.9973063189325633,0.9973063189325633,0.9973063189325633,0.9973063189325633,0.9973063189325633,1.0,1.0,1.0,1.0,1.0,1.0,1.0
995,0.9213542272940944,0.9413542272940945,0.9413542272940945,0.9413542272940945,0.9213542272940944,0.9213542272940944,0.9113542272940944,0.9113542272940944,0.9213542272940944,0.9213542272940944,0.9113542272940944,0.9113542272940944,0.8813542272940944
996,0.917389874486728,0.927389874486728,0.927389874486728,0.9373898744867281,0.9373898744867281,0.9473898744867281,0.9473898744867281,0.9373898744867281,0.9373898744867281,0.9473898744867281,0.9473898744867281,0.9473898744867281,0.9473898744867281
997,0.9962681676771374,1.0,1.0,0.99,0.98,0.98,0.99,0.99,1.0,1.0,1.0,1.0,1.0
998,1.0,1.0,1.0,1.0,1.0,1.0,1.0,1.0,0.97,1.0,0.99,0.99,0.97
999,0.9059194955149152,0.9059194955149152,0.9059194955149152,0.8959194955149152,0.8959194955149152,0.8959194955149152,0.8959194955149152,0.8959194955149152,0.8959194955149152,0.8959194955149152,0.8859194955149152,0.8859194955149152,0.9259194955149153
