Time Step,Simulation,0,2,4,6,8,10,12,14,16,18,20,22
0,0.9448838398223096,0.9448838398223096,0.9348838398223096,0.9248838398223096,0.9348838398223096,0.9048838398223096,0.9148838398223096,0.9248838398223096,0.9348838398223096,0.9248838398223096,0.9248838398223096,0.9498838398223096,0.9598838398223096
1,0.7774062156657826,0.7474062156657826,0.7474062156657826,0.7374062156657826,0.7574062156657826,0.7574062156657826,0.7674062156657826,0.7574062156657826,0.7474062156657826,0.7674062156657826,0.7874062156657826,0.7874062156657826,0.7974062156657826
2,0.8594529141860576,0.8594529141860576,0.8594529141860576,0.8694529141860576,0.8694529141860576,0.8794529141860576,0.8594529141860576,0.8894529141860577,0.8794529141860576,0.8794529141860576,0.8694529141860576,0.8694529141860576,0.8694529141860576
3,0.9173002401330611,0.8973002401330611,0.9073002401330611,0.9073002401330611,0.9273002401330611,0.9073002401330611,0.8973002401330611,0.8973002401330611,0.9073002401330611,0.9273002401330611,0.9273002401330611,0.9273002401330611,0.9073002401330611
4,0.9712773506934472,0.9712773506934472,0.9912773506934472,0.9812773506934472,0.9812773506934472,0.9712773506934472,0.9812773506934472,0.9812773506934472,0.9512773506934472,0.9512773506934472,0.9512773506934472,0.9412773506934472,0.9412773506934472
5,0.921768052129241,0.921768052129241,0.911768052129241,0.921768052129241,0.921768052129241,0.911768052129241,0.921768052129241,0.921768052129241,0.921768052129241,0.921768052129241,0.921768052129241,0.9017680521292409,0.9017680521292409
6,0.9514550408142471,0.9714550408142472,0.9714550408142472,0.9464550408142471,0.9464550408142471,0.9464550408142471,0.9464550408142471,0.9464550408142471,0.9264550408142471,0.9164550408142471,0.9164550408142471,0.9264550408142471,0.9264550408142471
7,0.9296200639914727,0.9496200639914727,0.9396200639914727,0.9096200639914727,0.9096200639914727,0.8996200639914727,0.9096200639914727,0.9196200639914727,0.9296200639914727,0.9396200639914727,0.9396200639914727,0.9496200639914727,0.9496200639914727
8,0.8938283015484376,0.8838283015484376,0.8738283015484376,0.8838283015484376,0.8738283015484376,0.8738283015484376,0.8988283015484376,0.9188283015484376,0.9188283015484376,0.8988283015484376,0.8888283015484376,0.8888283015484376,0.8888283015484376
9,0.9430497466969725,0.9530497466969725,0.9630497466969725,0.9630497466969725,0.9430497466969725,0.9430497466969725,0.9430497466969725,0.9230497466969725,0.9330497466969725,0.9330497466969725,0.9030497466969725,0.9030497466969725,0.9030497466969725
10,1.0,1.0,1.0,0.99,1.0,1.0,0.99,0.99,0.99,0.99,0.99,0.99,0.98
11,0.9623907276752005,0.9723907276752005,0.9723907276752005,0.9823907276752005,0.9823907276752005,0.9923907276752005,0.9923907276752005,0.9723907276752005,0.9723907276752005,0.9723907276752005,0.9623907276752005,0.9623907276752005,0.9623907276752005
12,0.8757227613052776,0.8457227613052776,0.8457227613052776,0.8657227613052776,0.8657227613052776,0.8657227613052776,0.8657227613052776,0.8657227613052776,0.8957227613052776,0.8957227613052776,0.8857227613052776,0.8857227613052776,0.8757227613052776
13,0.8916764478365117,0.8816764478365117,0.8816764478365117,0.8816764478365117,0.8816764478365117,0.9016764478365117,0.8916764478365117,0.9016764478365117,0.9116764478365117,0.9116764478365117,0.9016764478365117,0.8916764478365117,0.8916764478365117
14,0.928231089883984,0.938231089883984,0.948231089883984,0.948231089883984,0.948231089883984,0.938231089883984,0.938231089883984,0.938231089883984,0.938231089883984,0.968231089883984,0.963231089883984,0.953231089883984,0.933231089883984
15,0.9138537761787394,0.9138537761787394,0.9138537761787394,0.9138537761787394,0.9338537761787394,0.9338537761787394,0.9338537761787394,0.9338537761787394,0.9338537761787394,0.9238537761787394,0.9338537761787394,0.9238537761787394,0.9238537761787394
16,0.8835931816593037,0.8835931816593037,0.8935931816593037,0.8835931816593037,0.8935931816593037,0.9135931816593037,0.9235931816593037,0.9185931816593037,0.9085931816593037,0.9085931816593037,0.8785931816593037,0.8885931816593037,0.8985931816593037
17,0.8753765245752715,0.8553765245752715,0.8553765245752715,0.8353765245752715,0.8353765245752715,0.8403765245752715,0.8403765245752715,0.8503765245752715,0.8503765245752715,0.8603765245752715,0.8603765245752715,0.8603765245752715,0.8803765245752715
18,0.9184660229446214,0.9084660229446214,0.9184660229446214,0.9284660229446214,0.9284660229446214,0.9284660229446214,0.9384660229446214,0.9384660229446214,0.9384660229446214,0.9384660229446214,0.9484660229446215,0.9334660229446214,0.9434660229446215
19,0.910257423825596,0.910257423825596,0.890257423825596,0.890257423825596,0.880257423825596,0.900257423825596,0.890257423825596,0.890257423825596,0.900257423825596,0.890257423825596,0.880257423825596,0.870257423825596,0.875257423825596
20,0.8761634435524327,0.8761634435524327,0.8761634435524327,0.8861634435524327,0.8761634435524327,0.8761634435524327,0.8761634435524327,0.8861634435524327,0.8861634435524327,0.8861634435524327,0.8861634435524327,0.9061634435524327,0.8961634435524327
21,0.828400442011846,0.828400442011846,0.828400442011846,0.838400442011846,0.838400442011846,0.8484004420118461,0.828400442011846,0.838400442011846,0.838400442011846,0.828400442011846,0.818400442011846,0.828400442011846,0.8584004420118461
22,0.9680067495063517,0.9580067495063517,0.9480067495063517,0.9480067495063517,0.9580067495063517,0.9480067495063517,0.9380067495063517,0.9480067495063517,0.9480067495063517,0.9380067495063517,0.9280067495063516,0.9280067495063516,0.9380067495063517
23,0.9183593361921207,0.9083593361921207,0.9083593361921207,0.9183593361921207,0.9283593361921207,0.9383593361921208,0.9383593361921208,0.9383593361921208,0.9083593361921207,0.9183593361921207,0.9283593361921207,0.9283593361921207,0.9383593361921208
24,0.8894430495730236,0.8794430495730235,0.8694430495730235,0.8594430495730235,0.8694430495730235,0.8694430495730235,0.8694430495730235,0.8494430495730235,0.8494430495730235,0.8594430495730235,0.8594430495730235,0.8594430495730235,0.8794430495730235
25,0.9535574480899092,0.9435574480899092,0.9435574480899092,0.9235574480899091,0.9335574480899091,0.9335574480899091,0.9335574480899091,0.9335574480899091,0.9585574480899092,0.9685574480899092,0.9785574480899092,0.9685574480899092,0.9585574480899092
26,0.8473178861492574,0.8573178861492574,0.8273178861492574,0.8273178861492574,0.8473178861492574,0.8373178861492574,0.8373178861492574,0.8473178861492574,0.8373178861492574,0.8373178861492574,0.8373178861492574,0.8473178861492574,0.8473178861492574
27,0.8969457090132826,0.9069457090132826,0.9169457090132827,0.9369457090132827,0.9369457090132827,0.9319457090132827,0.9319457090132827,0.9319457090132827,0.9319457090132827,0.9319457090132827,0.9119457090132826,0.9219457090132827,0.9019457090132826
28,0.9617182599547255,0.9617182599547255,0.9617182599547255,0.9617182599547255,0.9517182599547255,0.9517182599547255,0.9617182599547255,0.9717182599547255,0.9917182599547255,0.9767182599547255,0.9767182599547255,0.9767182599547255,0.9767182599547255
29,0.8843636392874497,0.8843636392874497,0.8643636392874496,0.8543636392874496,0.8543636392874496,0.8743636392874496,0.8743636392874496,0.8943636392874497,0.8943636392874497,0.9043636392874497,0.8843636392874497,0.8843636392874497,0.8743636392874496
30,0.9128504253082694,0.9128504253082694,0.8928504253082694,0.9228504253082694,0.9428504253082695,0.9428504253082695,0.9528504253082695,0.9478504253082695,0.9378504253082695,0.9578504253082695,0.9578504253082695,0.9578504253082695,0.9478504253082695
31,0.867388724027817,0.867388724027817,0.877388724027817,0.857388724027817,0.877388724027817,0.842388724027817,0.862388724027817,0.862388724027817,0.842388724027817,0.8323887240278169,0.8323887240278169,0.8323887240278169,0.8223887240278169
32,0.9546664763138256,0.9546664763138256,0.9546664763138256,0.9546664763138256,0.9446664763138256,0.9346664763138256,0.9346664763138256,0.9246664763138256,0.9246664763138256,0.9246664763138256,0.9146664763138256,0.9146664763138256,0.9196664763138256
33,0.895207909824432,0.905207909824432,0.905207909824432,0.895207909824432,0.905207909824432,0.895207909824432,0.895207909824432,0.885207909824432,0.895207909824432,0.905207909824432,0.885207909824432,0.905207909824432,0.875207909824432
34,0.7905732548985112,0.7905732548985112,0.7905732548985112,0.7905732548985112,0.7905732548985112,0.7805732548985111,0.7805732548985111,0.7905732548985112,0.7805732548985111,0.7805732548985111,0.7805732548985111,0.8005732548985112,0.8005732548985112
35,0.9659480702969986,0.9559480702969986,0.9459480702969986,0.9659480702969986,0.9559480702969986,0.9659480702969986,0.9959480702969986,0.9809480702969986,0.9709480702969986,0.9609480702969986,0.9609480702969986,0.9709480702969986,0.9609480702969986
36,0.8383367214953829,0.8483367214953829,0.8283367214953828,0.8283367214953828,0.8283367214953828,0.8283367214953828,0.8683367214953829,0.8783367214953829,0.8733367214953829,0.8733367214953829,0.8633367214953829,0.8633367214953829,0.8533367214953829
37,0.9504427710798159,0.9304427710798159,0.9304427710798159,0.9404427710798159,0.9404427710798159,0.9304427710798159,0.9304427710798159,0.9504427710798159,0.9604427710798159,0.9504427710798159,0.9504427710798159,0.9504427710798159,0.9504427710798159
38,0.9851191747164124,1.0,0.98,0.98,0.98,0.98,0.99,0.99,0.99,0.98,0.96,0.96,0.96
39,1.0,1.0,1.0,1.0,1.0,1.0,0.995,0.995,0.995,0.995,0.985,0.975,0.975
40,0.8784680652549487,0.8784680652549487,0.8684680652549487,0.8484680652549487,0.8784680652549487,0.8684680652549487,0.8684680652549487,0.8784680652549487,0.8784680652549487,0.8784680652549487,0.8784680652549487,0.8684680652549487,0.8684680652549487
41,0.8625098631581383,0.8725098631581383,0.8725098631581383,0.8825098631581383,0.8825098631581383,0.8825098631581383,0.8625098631581383,0.8725098631581383,0.8725098631581383,0.8525098631581383,0.8625098631581383,0.8625098631581383,0.8825098631581383
42,0.9718418783220293,0.9718418783220293,0.9718418783220293,0.9818418783220293,0.9818418783220293,0.9818418783220293,0.9818418783220293,0.9818418783220293,0.9918418783220293,0.9918418783220293,0.9718418783220293,0.9518418783220293,0.9618418783220293
43,0.9220277438107634,0.9220277438107634,0.9320277438107634,0.8970277438107633,0.8870277438107633,0.8770277438107633,0.8770277438107633,0.8770277438107633,0.8770277438107633,0.8870277438107633,0.8870277438107633,0.8970277438107633,0.8970277438107633
44,0.9109300654471721,0.9109300654471721,0.9209300654471722,0.9209300654471722,0.9509300654471722,0.9409300654471722,0.9409300654471722,0.9409300654471722,0.9509300654471722,0.9509300654471722,0.9509300654471722,0.9309300654471722,0.9309300654471722
45,0.8755799393159753,0.8655799393159753,0.8755799393159753,0.8755799393159753,0.8955799393159753,0.8955799393159753,0.8955799393159753,0.8955799393159753,0.8955799393159753,0.9155799393159754,0.9155799393159754,0.9105799393159754,0.9105799393159754
46,0.8600754775320429,0.8600754775320429,0.870075477532043,0.870075477532043,0.870075477532043,0.890075477532043,0.880075477532043,0.880075477532043,0.890075477532043,0.880075477532043,0.870075477532043,0.8600754775320429,0.8600754775320429
47,0.8533094248338395,0.8733094248338396,0.8633094248338395,0.8533094248338395,0.8533094248338395,0.8533094248338395,0.8733094248338396,0.8733094248338396,0.8833094248338396,0.8633094248338395,0.8533094248338395,0.8433094248338395,0.8533094248338395
48,0.8568245097196463,0.8468245097196463,0.8668245097196463,0.8768245097196463,0.8768245097196463,0.8768245097196463,0.8868245097196463,0.8868245097196463,0.8868245097196463,0.8568245097196463,0.8568245097196463,0.8768245097196463,0.8768245097196463
49,0.9531741651349063,0.9531741651349063,0.9531741651349063,0.9531741651349063,0.9531741651349063,0.9631741651349063,0.9631741651349063,0.9731741651349063,0.9731741651349063,0.9731741651349063,0.9731741651349063,0.9481741651349063,0.9581741651349063
50,0.9389748591519055,0.9489748591519055,0.9489748591519055,0.9489748591519055,0.9589748591519055,0.9589748591519055,0.9689748591519055,0.9789748591519055,0.9489748591519055,0.9489748591519055,0.9489748591519055,0.9589748591519055,0.9489748591519055
51,0.8749851481578829,0.8649851481578829,0.8549851481578828,0.8349851481578828,0.8649851481578829,0.8549851481578828,0.8549851481578828,0.8549851481578828,0.8349851481578828,0.8349851481578828,0.8349851481578828,0.8349851481578828,0.8349851481578828
52,0.9443209412159632,0.9543209412159632,0.9543209412159632,0.9643209412159632,0.9743209412159632,0.9643209412159632,0.9643209412159632,0.9643209412159632,0.9443209412159632,0.9443209412159632,0.9343209412159632,0.9243209412159632,0.9243209412159632
53,0.8106066881831132,0.8106066881831132,0.8006066881831132,0.8206066881831132,0.8306066881831132,0.8406066881831132,0.8506066881831132,0.8306066881831132,0.8206066881831132,0.8106066881831132,0.8406066881831132,0.8406066881831132,0.8306066881831132
54,0.8400970415440734,0.8600970415440734,0.8500970415440734,0.8500970415440734,0.8500970415440734,0.8600970415440734,0.8300970415440734,0.8100970415440734,0.8300970415440734,0.8300970415440734,0.8500970415440734,0.8600970415440734,0.8600970415440734
55,0.8675584084672368,0.8675584084672368,0.8775584084672368,0.8975584084672368,0.8875584084672368,0.8875584084672368,0.8875584084672368,0.8975584084672368,0.8825584084672368,0.8925584084672368,0.9025584084672368,0.9025584084672368,0.8925584084672368
56,0.9173110418310964,0.9173110418310964,0.9173110418310964,0.9073110418310963,0.8873110418310963,0.8973110418310963,0.8973110418310963,0.8973110418310963,0.8973110418310963,0.8973110418310963,0.9223110418310964,0.9223110418310964,0.9223110418310964
57,0.9353930035484772,0.9253930035484772,0.9453930035484772,0.9453930035484772,0.9353930035484772,0.9453930035484772,0.9453930035484772,0.9553930035484772,0.9553930035484772,0.9453930035484772,0.9453930035484772,0.9453930035484772,0.9453930035484772
58,0.9269057800960862,0.8969057800960861,0.8869057800960861,0.8869057800960861,0.8919057800960861,0.8919057800960861,0.9119057800960861,0.9219057800960861,0.9219057800960861,0.9219057800960861,0.9219057800960861,0.9019057800960861,0.9019057800960861
59,0.9114955824324267,0.9314955824324267,0.9314955824324267,0.9314955824324267,0.9114955824324267,0.9114955824324267,0.9114955824324267,0.9114955824324267,0.9114955824324267,0.9114955824324267,0.9114955824324267,0.8914955824324267,0.8914955824324267
60,0.8813080811629651,0.8713080811629651,0.8813080811629651,0.8813080811629651,0.8813080811629651,0.8813080811629651,0.8713080811629651,0.8913080811629651,0.9013080811629651,0.9013080811629651,0.9213080811629651,0.9213080811629651,0.9113080811629651
61,0.8893315850437662,0.9093315850437662,0.9193315850437662,0.9193315850437662,0.9193315850437662,0.9193315850437662,0.9193315850437662,0.9043315850437662,0.9043315850437662,0.9043315850437662,0.9043315850437662,0.9043315850437662,0.9343315850437662
62,0.913206221378245,0.913206221378245,0.913206221378245,0.913206221378245,0.903206221378245,0.883206221378245,0.903206221378245,0.913206221378245,0.913206221378245,0.913206221378245,0.923206221378245,0.933206221378245,0.933206221378245
63,0.8928364744902614,0.8928364744902614,0.8628364744902614,0.8628364744902614,0.8628364744902614,0.8628364744902614,0.8628364744902614,0.8728364744902614,0.8828364744902614,0.8828364744902614,0.8828364744902614,0.8828364744902614,0.8828364744902614
64,0.8518900493483389,0.8518900493483389,0.8518900493483389,0.8518900493483389,0.8418900493483389,0.8518900493483389,0.8418900493483389,0.8418900493483389,0.8318900493483389,0.8318900493483389,0.8318900493483389,0.8218900493483389,0.8318900493483389
65,1.0,1.0,0.99,1.0,1.0,1.0,1.0,0.98,0.98,0.98,0.98,0.98,1.0
66,0.9122600437216567,0.9122600437216567,0.9022600437216567,0.8822600437216567,0.8922600437216567,0.8922600437216567,0.8822600437216567,0.8822600437216567,0.8972600437216567,0.9172600437216567,0.9172600437216567,0.9272600437216567,0.9372600437216567
67,0.8949509853349737,0.9049509853349738,0.9149509853349738,0.9049509853349738,0.9149509853349738,0.9149509853349738,0.9249509853349738,0.9099509853349738,0.9099509853349738,0.8999509853349738,0.8899509853349737,0.8999509853349738,0.8999509853349738
68,0.857848745952047,0.8278487459520469,0.8278487459520469,0.837848745952047,0.867848745952047,0.857848745952047,0.857848745952047,0.847848745952047,0.887848745952047,0.897848745952047,0.892848745952047,0.872848745952047,0.882848745952047
69,0.871037620150898,0.881037620150898,0.901037620150898,0.891037620150898,0.901037620150898,0.901037620150898,0.901037620150898,0.901037620150898,0.9110376201508981,0.9110376201508981,0.9060376201508981,0.896037620150898,0.896037620150898
70,0.9649430623882108,0.9449430623882108,0.9249430623882108,0.9349430623882108,0.9249430623882108,0.9249430623882108,0.9349430623882108,0.9349430623882108,0.9349430623882108,0.9499430623882108,0.9499430623882108,0.9499430623882108,0.9799430623882108
71,0.9333845790859142,0.9333845790859142,0.9333845790859142,0.9333845790859142,0.9233845790859142,0.9133845790859142,0.9133845790859142,0.9033845790859142,0.9183845790859142,0.9583845790859142,0.9683845790859142,0.9583845790859142,0.9383845790859142
72,0.8683795912703491,0.8383795912703491,0.8283795912703491,0.8333795912703491,0.8433795912703491,0.8533795912703491,0.8633795912703491,0.8433795912703491,0.8633795912703491,0.8433795912703491,0.8633795912703491,0.8533795912703491,0.8433795912703491
73,0.9355800915176261,0.9355800915176261,0.9455800915176261,0.9755800915176261,0.9755800915176261,0.9705800915176261,0.9605800915176261,0.9505800915176261,0.9505800915176261,0.9705800915176261,0.9505800915176261,0.9505800915176261,0.9505800915176261
74,0.9852396875563524,0.9852396875563524,0.9752396875563524,0.9652396875563524,0.9752396875563524,0.9552396875563524,0.9652396875563524,0.9752396875563524,0.9452396875563523,0.9552396875563524,0.9552396875563524,0.9552396875563524,0.9452396875563523
75,0.9051061666013299,0.9251061666013299,0.9251061666013299,0.9051061666013299,0.8951061666013299,0.8951061666013299,0.9051061666013299,0.8951061666013299,0.9151061666013299,0.94510616660133,0.93510616660133,0.9051061666013299,0.8851061666013299
76,0.9294741968554858,0.9294741968554858,0.9294741968554858,0.9294741968554858,0.9494741968554858,0.9294741968554858,0.9394741968554858,0.9294741968554858,0.9294741968554858,0.9494741968554858,0.9494741968554858,0.9494741968554858,0.9494741968554858
77,0.9304403017796319,0.9104403017796319,0.9304403017796319,0.9304403017796319,0.9304403017796319,0.9504403017796319,0.9404403017796319,0.9404403017796319,0.9304403017796319,0.9204403017796319,0.9204403017796319,0.9304403017796319,0.9304403017796319
78,0.9816612354916747,1.0,1.0,0.995,0.995,0.975,0.975,0.995,0.995,0.985,0.985,0.995,0.995
79,0.9241589921485333,0.9441589921485333,0.9341589921485333,0.9341589921485333,0.9341589921485333,0.9341589921485333,0.9341589921485333,0.9141589921485332,0.9341589921485333,0.9141589921485332,0.9041589921485332,0.9041589921485332,0.9041589921485332
80,0.8696461973434856,0.8696461973434856,0.8696461973434856,0.8796461973434856,0.8696461973434856,0.8696461973434856,0.8696461973434856,0.8696461973434856,0.8396461973434856,0.8396461973434856,0.8396461973434856,0.8396461973434856,0.8396461973434856
81,0.9268393663330035,0.9468393663330035,0.9368393663330035,0.9468393663330035,0.9468393663330035,0.9368393663330035,0.9368393663330035,0.9468393663330035,0.9368393663330035,0.9268393663330035,0.9368393663330035,0.9468393663330035,0.9468393663330035
82,0.8981603994537463,0.8781603994537462,0.8781603994537462,0.8981603994537463,0.9081603994537463,0.9281603994537463,0.9081603994537463,0.9181603994537463,0.9181603994537463,0.9281603994537463,0.9281603994537463,0.9081603994537463,0.9081603994537463
83,0.9156184054863553,0.9056184054863553,0.8956184054863553,0.8956184054863553,0.8956184054863553,0.9156184054863553,0.9156184054863553,0.9156184054863553,0.9156184054863553,0.9256184054863553,0.9256184054863553,0.9256184054863553,0.9356184054863553
84,0.9168876815797445,0.9368876815797446,0.9168876815797445,0.8868876815797445,0.8868876815797445,0.8868876815797445,0.9018876815797445,0.9018876815797445,0.9118876815797445,0.9418876815797446,0.9418876815797446,0.8918876815797445,0.8918876815797445
85,0.9412956308825952,0.9412956308825952,0.9412956308825952,0.9312956308825951,0.9212956308825951,0.9312956308825951,0.9312956308825951,0.9312956308825951,0.9312956308825951,0.9012956308825951,0.9112956308825951,0.9112956308825951,0.9262956308825951
86,0.927710119003826,0.927710119003826,0.927710119003826,0.927710119003826,0.897710119003826,0.907710119003826,0.907710119003826,0.907710119003826,0.907710119003826,0.917710119003826,0.927710119003826,0.9477101190038261,0.9377101190038261
87,0.9179108491527296,0.9179108491527296,0.9179108491527296,0.9179108491527296,0.9179108491527296,0.9179108491527296,0.9179108491527296,0.9379108491527296,0.9279108491527296,0.9079108491527296,0.8779108491527295,0.8779108491527295,0.8829108491527295
88,1.0,1.0,1.0,1.0,1.0,0.99,0.95,0.94,0.95,0.96,0.94,0.94,0.945
89,0.9723193901461041,0.9923193901461042,0.9923193901461042,1.0,0.97,0.97,0.98,0.97,0.98,0.98,0.99,0.98,0.98
90,0.9434796839973028,0.9434796839973028,0.9634796839973028,0.9834796839973028,0.9834796839973028,0.9634796839973028,0.9734796839973028,0.9734796839973028,0.9584796839973028,0.9584796839973028,0.9684796839973028,0.9784796839973028,0.9784796839973028
91,0.9591939548268508,0.9491939548268508,0.9791939548268508,0.9691939548268508,0.9791939548268508,0.9891939548268508,0.9891939548268508,0.9891939548268508,0.9691939548268508,0.9991939548268508,0.9941939548268508,0.9741939548268508,0.9741939548268508
92,0.9697839668628628,0.9797839668628628,0.9697839668628628,0.9597839668628628,0.9597839668628628,0.9497839668628628,0.9797839668628628,0.9897839668628629,0.9797839668628628,0.9797839668628628,0.9797839668628628,0.9897839668628629,0.9997839668628629
93,0.8988342239836219,0.8888342239836219,0.8788342239836219,0.8788342239836219,0.8688342239836219,0.8988342239836219,0.8988342239836219,0.8988342239836219,0.9188342239836219,0.9188342239836219,0.9188342239836219,0.9188342239836219,0.9288342239836219
94,0.8603719262761534,0.8503719262761534,0.8903719262761535,0.8903719262761535,0.8753719262761535,0.8953719262761535,0.8853719262761535,0.8753719262761535,0.8653719262761534,0.8853719262761535,0.8853719262761535,0.8653719262761534,0.8553719262761534
95,0.9703782032822252,0.9703782032822252,0.9803782032822252,0.9603782032822252,0.9703782032822252,0.9703782032822252,0.9803782032822252,0.9903782032822253,1.0,0.99,0.97,0.98,0.98
96,0.866216153841287,0.856216153841287,0.836216153841287,0.836216153841287,0.836216153841287,0.836216153841287,0.826216153841287,0.826216153841287,0.826216153841287,0.826216153841287,0.836216153841287,0.836216153841287,0.836216153841287
97,0.8911041844116927,0.9111041844116927,0.9111041844116927,0.9211041844116927,0.9211041844116927,0.9311041844116927,0.9261041844116927,0.9261041844116927,0.9261041844116927,0.9261041844116927,0.9161041844116927,0.9261041844116927,0.9161041844116927
98,0.9219693712244761,0.9119693712244761,0.9119693712244761,0.9219693712244761,0.9219693712244761,0.9119693712244761,0.9219693712244761,0.9319693712244761,0.9219693712244761,0.9319693712244761,0.9119693712244761,0.9019693712244761,0.9119693712244761
99,0.9399430261706427,0.9499430261706427,0.9299430261706427,0.9199430261706427,0.9199430261706427,0.9199430261706427,0.9099430261706427,0.9249430261706427,0.9449430261706427,0.9549430261706428,0.9449430261706427,0.9449430261706427,0.9449430261706427
100,0.8688060725832324,0.8588060725832324,0.8588060725832324,0.8388060725832324,0.8388060725832324,0.8488060725832324,0.8388060725832324,0.8388060725832324,0.8538060725832324,0.8638060725832324,0.8438060725832324,0.8638060725832324,0.8538060725832324
101,0.9995035872370472,1.0,0.98,0.98,0.97,0.97,0.97,0.96,0.97,0.97,0.97,0.97,0.97
102,0.9250661859265124,0.9150661859265123,0.9150661859265123,0.9050661859265123,0.9050661859265123,0.8950661859265123,0.9100661859265123,0.9100661859265123,0.9200661859265123,0.9200661859265123,0.9000661859265123,0.8800661859265123,0.8800661859265123
103,0.9143937807962292,0.9443937807962293,0.8943937807962292,0.8943937807962292,0.9143937807962292,0.9143937807962292,0.8943937807962292,0.8943937807962292,0.8943937807962292,0.9043937807962292,0.9043937807962292,0.9043937807962292,0.9043937807962292
104,0.9429700128696558,0.9329700128696558,0.9329700128696558,0.9329700128696558,0.9329700128696558,0.9029700128696557,0.9129700128696557,0.9129700128696557,0.9129700128696557,0.9129700128696557,0.9029700128696557,0.9029700128696557,0.9029700128696557
105,0.9139491707758673,0.9139491707758673,0.9239491707758674,0.9239491707758674,0.9239491707758674,0.9239491707758674,0.9139491707758673,0.9139491707758673,0.9039491707758673,0.9039491707758673,0.8939491707758673,0.9039491707758673,0.9139491707758673
106,0.8877931555875711,0.8877931555875711,0.8877931555875711,0.9077931555875711,0.8977931555875711,0.8977931555875711,0.8977931555875711,0.9177931555875711,0.9177931555875711,0.9177931555875711,0.9177931555875711,0.9077931555875711,0.8877931555875711
107,0.9085768051567411,0.9085768051567411,0.8985768051567411,0.9085768051567411,0.9285768051567411,0.9185768051567411,0.9185768051567411,0.8885768051567411,0.8885768051567411,0.9085768051567411,0.9085768051567411,0.9285768051567411,0.9185768051567411
108,0.969367629582155,0.959367629582155,0.969367629582155,0.969367629582155,0.9893676295821551,0.9893676295821551,0.9893676295821551,0.9893676295821551,0.9793676295821551,0.9893676295821551,0.9793676295821551,0.9793676295821551,0.9793676295821551
109,0.9377860868239587,0.9377860868239587,0.9377860868239587,0.9177860868239587,0.9377860868239587,0.9277860868239587,0.9177860868239587,0.9177860868239587,0.9427860868239587,0.9427860868239587,0.9527860868239587,0.9227860868239587,0.9127860868239587
110,0.9499899737630637,0.9599899737630637,0.9599899737630637,0.9399899737630637,0.9399899737630637,0.9399899737630637,0.9399899737630637,0.9599899737630637,0.9399899737630637,0.9499899737630637,0.9499899737630637,0.9399899737630637,0.9599899737630637
111,0.9333509482241312,0.9333509482241312,0.9333509482241312,0.9533509482241312,0.9533509482241312,0.9533509482241312,0.9533509482241312,0.9533509482241312,0.9333509482241312,0.9333509482241312,0.9533509482241312,0.9633509482241313,0.9633509482241313
112,0.8951988984901547,0.8851988984901547,0.8851988984901547,0.8551988984901546,0.8551988984901546,0.8601988984901546,0.8601988984901546,0.8601988984901546,0.8701988984901546,0.8701988984901546,0.8901988984901547,0.8801988984901546,0.8801988984901546
113,0.9401807118472396,0.9401807118472396,0.9401807118472396,0.9301807118472396,0.9301807118472396,0.9501807118472396,0.9501807118472396,0.9701807118472396,0.9701807118472396,0.9801807118472396,0.9751807118472396,0.9651807118472396,0.9851807118472397
114,0.9286381746359199,0.9086381746359199,0.9086381746359199,0.9086381746359199,0.9286381746359199,0.9186381746359199,0.9186381746359199,0.9386381746359199,0.9386381746359199,0.9286381746359199,0.9086381746359199,0.8986381746359199,0.9086381746359199
115,0.9369939992624056,0.9269939992624056,0.9169939992624055,0.9269939992624056,0.9069939992624055,0.8969939992624055,0.9019939992624055,0.9119939992624055,0.9219939992624056,0.9119939992624055,0.9019939992624055,0.9019939992624055,0.9019939992624055
116,0.9033018621936413,0.9033018621936413,0.9033018621936413,0.8933018621936413,0.8933018621936413,0.9133018621936413,0.9233018621936413,0.9433018621936413,0.9433018621936413,0.9333018621936413,0.9233018621936413,0.9233018621936413,0.9333018621936413
117,0.8637223713946012,0.8537223713946012,0.8537223713946012,0.8537223713946012,0.8537223713946012,0.8437223713946012,0.8537223713946012,0.8437223713946012,0.8437223713946012,0.8437223713946012,0.8437223713946012,0.8437223713946012,0.8437223713946012
118,0.9409013005956062,0.9509013005956062,0.9509013005956062,0.9609013005956062,0.9359013005956062,0.9359013005956062,0.9559013005956062,0.9359013005956062,0.9359013005956062,0.9259013005956062,0.9259013005956062,0.9159013005956061,0.9159013005956061
119,0.8709304734069462,0.8909304734069462,0.8909304734069462,0.8809304734069462,0.8909304734069462,0.9109304734069462,0.9109304734069462,0.8809304734069462,0.8709304734069462,0.8709304734069462,0.8709304734069462,0.8809304734069462,0.8909304734069462
120,0.8604389435909632,0.8504389435909632,0.8504389435909632,0.8604389435909632,0.8804389435909632,0.8704389435909632,0.8604389435909632,0.8504389435909632,0.8404389435909632,0.8304389435909632,0.8304389435909632,0.8404389435909632,0.8404389435909632
121,0.8923993680856196,0.9123993680856196,0.9123993680856196,0.9223993680856196,0.9123993680856196,0.9223993680856196,0.9223993680856196,0.9123993680856196,0.9123993680856196,0.9223993680856196,0.9323993680856196,0.9323993680856196,0.9223993680856196
122,0.83075390689103,0.82075390689103,0.82075390689103,0.83075390689103,0.82075390689103,0.82075390689103,0.81075390689103,0.81075390689103,0.81075390689103,0.80075390689103,0.79075390689103,0.79075390689103,0.79075390689103
123,0.8957407259237934,0.8957407259237934,0.8857407259237934,0.8757407259237934,0.8757407259237934,0.8757407259237934,0.8857407259237934,0.8857407259237934,0.8757407259237934,0.8757407259237934,0.8757407259237934,0.8757407259237934,0.8857407259237934
124,0.9201607237723042,0.9201607237723042,0.9401607237723042,0.9301607237723042,0.9401607237723042,0.9401607237723042,0.9401607237723042,0.9401607237723042,0.9401607237723042,0.9401607237723042,0.9301607237723042,0.9301607237723042,0.9401607237723042
125,0.9615021999179215,0.9615021999179215,0.9615021999179215,0.9615021999179215,0.9715021999179215,0.9715021999179215,0.9715021999179215,0.9715021999179215,0.9915021999179215,0.9815021999179215,0.9715021999179215,0.9515021999179215,0.9515021999179215
126,0.9338393396239378,0.9338393396239378,0.9138393396239378,0.9138393396239378,0.9138393396239378,0.9238393396239378,0.9338393396239378,0.9338393396239378,0.9238393396239378,0.9438393396239378,0.9638393396239379,0.9538393396239379,0.9638393396239379
127,0.8966271408662637,0.9066271408662637,0.9066271408662637,0.9066271408662637,0.8966271408662637,0.9166271408662637,0.9166271408662637,0.9166271408662637,0.8916271408662637,0.9016271408662637,0.9016271408662637,0.9316271408662637,0.9316271408662637
128,0.8459595534641579,0.8359595534641578,0.8359595534641578,0.8259595534641578,0.8259595534641578,0.8359595534641578,0.8459595534641579,0.8359595534641578,0.8459595534641579,0.8559595534641579,0.8459595534641579,0.8459595534641579,0.8559595534641579
129,0.9404374038106972,0.9504374038106972,0.9604374038106972,0.9704374038106972,0.9604374038106972,0.9604374038106972,0.9504374038106972,0.9304374038106972,0.9304374038106972,0.9404374038106972,0.9404374038106972,0.9404374038106972,0.9704374038106972
130,0.9385137362145723,0.9485137362145724,0.9685137362145724,0.9685137362145724,0.9385137362145723,0.9485137362145724,0.9485137362145724,0.9485137362145724,0.9485137362145724,0.9485137362145724,0.9685137362145724,0.9585137362145724,0.9585137362145724
131,0.9367276937057611,0.9367276937057611,0.9367276937057611,0.9367276937057611,0.9267276937057611,0.9167276937057611,0.9067276937057611,0.9067276937057611,0.9267276937057611,0.9267276937057611,0.9167276937057611,0.9417276937057611,0.9517276937057612
132,0.8440228901187757,0.8440228901187757,0.8640228901187758,0.8840228901187758,0.8840228901187758,0.8840228901187758,0.8540228901187757,0.8540228901187757,0.8540228901187757,0.8440228901187757,0.8440228901187757,0.8640228901187758,0.8540228901187757
133,0.823619106411034,0.813619106411034,0.813619106411034,0.7836191064110339,0.803619106411034,0.803619106411034,0.793619106411034,0.808619106411034,0.798619106411034,0.7886191064110339,0.7886191064110339,0.7886191064110339,0.7886191064110339
134,0.903477152130969,0.883477152130969,0.893477152130969,0.893477152130969,0.903477152130969,0.903477152130969,0.893477152130969,0.883477152130969,0.893477152130969,0.883477152130969,0.893477152130969,0.883477152130969,0.863477152130969
135,0.9855806775681077,0.9755806775681077,0.9555806775681077,0.9555806775681077,0.9755806775681077,0.9555806775681077,0.9655806775681077,0.9755806775681077,0.9755806775681077,0.9755806775681077,0.9855806775681077,0.9855806775681077,0.9855806775681077
136,0.967887263734523,0.937887263734523,0.947887263734523,0.947887263734523,0.947887263734523,0.937887263734523,0.952887263734523,0.952887263734523,0.952887263734523,0.942887263734523,0.952887263734523,0.962887263734523,0.9728872637345231
137,0.8764295055582683,0.9064295055582683,0.8964295055582683,0.8964295055582683,0.8964295055582683,0.8864295055582683,0.8864295055582683,0.8864295055582683,0.8864295055582683,0.8764295055582683,0.8764295055582683,0.8764295055582683,0.8764295055582683
138,0.8666947901762961,0.8666947901762961,0.8866947901762962,0.8666947901762961,0.8666947901762961,0.8666947901762961,0.8566947901762961,0.8466947901762961,0.8466947901762961,0.8566947901762961,0.8366947901762961,0.8366947901762961,0.8566947901762961
139,0.9117316235267663,0.9217316235267663,0.9217316235267663,0.9217316235267663,0.9217316235267663,0.9217316235267663,0.9117316235267663,0.9217316235267663,0.9217316235267663,0.9217316235267663,0.9317316235267663,0.9217316235267663,0.9317316235267663
140,0.976050556800498,0.996050556800498,1.0,0.995,0.995,0.985,0.975,0.965,0.965,0.985,0.965,0.985,0.985
141,0.9270999653048341,0.9470999653048341,0.9270999653048341,0.9270999653048341,0.897099965304834,0.897099965304834,0.9120999653048341,0.902099965304834,0.882099965304834,0.882099965304834,0.882099965304834,0.882099965304834,0.892099965304834
142,0.9330322187327151,0.9330322187327151,0.9330322187327151,0.9430322187327151,0.9430322187327151,0.9330322187327151,0.9630322187327152,0.9530322187327152,0.9730322187327152,0.9680322187327152,0.9680322187327152,0.9580322187327152,0.9680322187327152
143,0.8335605162062587,0.8435605162062587,0.8535605162062587,0.8735605162062587,0.8685605162062587,0.8585605162062587,0.8585605162062587,0.8485605162062587,0.8385605162062587,0.8485605162062587,0.8485605162062587,0.8485605162062587,0.8485605162062587
144,0.9546150892812694,0.9546150892812694,0.9546150892812694,0.9546150892812694,0.9746150892812694,0.9746150892812694,0.9846150892812694,0.9846150892812694,0.9846150892812694,0.9846150892812694,0.9696150892812694,0.9796150892812694,0.9896150892812694
145,0.8306011693032149,0.8106011693032149,0.8006011693032149,0.8106011693032149,0.8206011693032149,0.8206011693032149,0.8106011693032149,0.7906011693032149,0.7956011693032149,0.8056011693032149,0.7956011693032149,0.8056011693032149,0.7956011693032149
146,0.9769569898772027,0.9769569898772027,0.9769569898772027,0.9769569898772027,0.9769569898772027,0.9769569898772027,0.9769569898772027,0.9369569898772027,0.9369569898772027,0.9419569898772027,0.9419569898772027,0.9519569898772027,0.9319569898772027
147,0.8716713125275453,0.8616713125275453,0.8616713125275453,0.8516713125275452,0.8616713125275453,0.8616713125275453,0.8516713125275452,0.8516713125275452,0.8416713125275452,0.8416713125275452,0.8416713125275452,0.8566713125275452,0.8466713125275452
148,0.9121341116782387,0.9221341116782387,0.9121341116782387,0.9121341116782387,0.9321341116782387,0.9321341116782387,0.9121341116782387,0.9121341116782387,0.9121341116782387,0.9121341116782387,0.9121341116782387,0.9021341116782386,0.9021341116782386
149,0.8232706604375445,0.8332706604375445,0.8432706604375445,0.8182706604375445,0.8182706604375445,0.8082706604375445,0.8082706604375445,0.8082706604375445,0.8182706604375445,0.8182706604375445,0.8182706604375445,0.8082706604375445,0.8082706604375445
150,0.8517049105571908,0.8517049105571908,0.8217049105571907,0.8117049105571907,0.8217049105571907,0.8317049105571908,0.8317049105571908,0.8417049105571908,0.8417049105571908,0.8417049105571908,0.8417049105571908,0.8417049105571908,0.8517049105571908
151,0.9069345707547315,0.9169345707547315,0.9169345707547315,0.9169345707547315,0.9169345707547315,0.9169345707547315,0.9269345707547315,0.9369345707547315,0.9469345707547315,0.9369345707547315,0.9469345707547315,0.9419345707547315,0.9319345707547315
152,0.9792101263603259,0.9692101263603259,0.9592101263603259,0.9492101263603259,0.9492101263603259,0.9492101263603259,0.9392101263603259,0.9442101263603259,0.9542101263603259,0.9642101263603259,0.9442101263603259,0.9442101263603259,0.9542101263603259
153,0.9589984432956337,0.9589984432956337,0.9589984432956337,0.9689984432956337,0.9689984432956337,0.9489984432956337,0.9489984432956337,0.9589984432956337,0.9689984432956337,0.9789984432956337,0.9789984432956337,0.9589984432956337,0.9589984432956337
154,0.9294621706957328,0.9094621706957328,0.9094621706957328,0.9194621706957328,0.9294621706957328,0.9394621706957328,0.9494621706957328,0.9494621706957328,0.9494621706957328,0.9294621706957328,0.9294621706957328,0.9394621706957328,0.9394621706957328
155,0.896812860366298,0.896812860366298,0.896812860366298,0.906812860366298,0.896812860366298,0.896812860366298,0.906812860366298,0.916812860366298,0.9268128603662981,0.916812860366298,0.916812860366298,0.916812860366298,0.916812860366298
156,0.8987100229435412,0.9087100229435412,0.9187100229435412,0.9287100229435412,0.9287100229435412,0.9187100229435412,0.9387100229435412,0.9387100229435412,0.9187100229435412,0.9087100229435412,0.9087100229435412,0.9087100229435412,0.8887100229435412
157,0.8417382134697999,0.8417382134697999,0.8417382134697999,0.8517382134697999,0.8517382134697999,0.8517382134697999,0.8517382134697999,0.8517382134697999,0.8417382134697999,0.8317382134697999,0.8317382134697999,0.8417382134697999,0.8417382134697999
158,0.9235951813034389,0.9235951813034389,0.9235951813034389,0.8835951813034388,0.8935951813034388,0.8835951813034388,0.8885951813034388,0.8985951813034389,0.8985951813034389,0.8985951813034389,0.9085951813034389,0.9085951813034389,0.9085951813034389
159,0.8600069557105049,0.8600069557105049,0.8700069557105049,0.8700069557105049,0.8700069557105049,0.8700069557105049,0.8600069557105049,0.8600069557105049,0.8400069557105049,0.8400069557105049,0.8400069557105049,0.8400069557105049,0.8500069557105049
160,0.9790445770664232,0.9890445770664232,0.9790445770664232,0.9790445770664232,0.9790445770664232,0.9790445770664232,0.9790445770664232,0.9790445770664232,0.9790445770664232,0.9790445770664232,0.9790445770664232,0.9690445770664232,0.9690445770664232
161,0.9304314784301105,0.9404314784301105,0.9304314784301105,0.9504314784301106,0.9504314784301106,0.9704314784301106,0.9604314784301106,0.9454314784301106,0.9354314784301105,0.9254314784301105,0.9254314784301105,0.9254314784301105,0.9454314784301106
162,0.9390936138281386,0.9590936138281386,0.9690936138281386,0.9690936138281386,0.9540936138281386,0.9640936138281386,0.9640936138281386,0.9640936138281386,0.9740936138281386,0.9640936138281386,0.9540936138281386,0.9540936138281386,0.9740936138281386
163,0.8847975186182162,0.8947975186182162,0.8947975186182162,0.8947975186182162,0.9047975186182162,0.8747975186182162,0.8947975186182162,0.8947975186182162,0.8947975186182162,0.8747975186182162,0.8747975186182162,0.8747975186182162,0.8747975186182162
164,0.8672957310654748,0.8672957310654748,0.8572957310654747,0.8472957310654747,0.8372957310654747,0.8272957310654747,0.8372957310654747,0.8272957310654747,0.8372957310654747,0.8372957310654747,0.8372957310654747,0.8372957310654747,0.8272957310654747
165,0.8341187727687464,0.8241187727687463,0.8241187727687463,0.8441187727687464,0.8241187727687463,0.8241187727687463,0.8341187727687464,0.8241187727687463,0.8141187727687463,0.8041187727687463,0.7941187727687463,0.7991187727687463,0.7991187727687463
166,0.9598598492217828,0.9598598492217828,0.9598598492217828,0.9598598492217828,0.9598598492217828,0.9598598492217828,0.9498598492217828,0.9498598492217828,0.9498598492217828,0.9498598492217828,0.9498598492217828,0.9298598492217828,0.9298598492217828
167,0.8482224832752969,0.8482224832752969,0.8482224832752969,0.8382224832752969,0.8282224832752969,0.8282224832752969,0.8382224832752969,0.8382224832752969,0.8282224832752969,0.8282224832752969,0.8282224832752969,0.8082224832752969,0.8182224832752969
168,0.8722968112820714,0.8622968112820714,0.8522968112820714,0.8522968112820714,0.8522968112820714,0.8322968112820713,0.8422968112820713,0.8322968112820713,0.8322968112820713,0.8372968112820713,0.8472968112820713,0.8572968112820714,0.8572968112820714
169,0.9304365421147867,0.9404365421147867,0.9404365421147867,0.9204365421147866,0.9304365421147867,0.9404365421147867,0.9404365421147867,0.9404365421147867,0.9404365421147867,0.9404365421147867,0.9404365421147867,0.9304365421147867,0.9504365421147867
170,0.8410339332522427,0.8410339332522427,0.8410339332522427,0.8510339332522427,0.8510339332522427,0.8710339332522428,0.8710339332522428,0.8710339332522428,0.8710339332522428,0.8810339332522428,0.8810339332522428,0.8760339332522428,0.8660339332522428
171,0.857435295634223,0.847435295634223,0.857435295634223,0.857435295634223,0.857435295634223,0.857435295634223,0.847435295634223,0.847435295634223,0.847435295634223,0.847435295634223,0.827435295634223,0.847435295634223,0.857435295634223
172,0.8975420787483798,0.8675420787483797,0.8575420787483797,0.8575420787483797,0.8675420787483797,0.8575420787483797,0.8625420787483797,0.8725420787483797,0.8625420787483797,0.8625420787483797,0.8625420787483797,0.8625420787483797,0.8725420787483797
173,0.8484314886901012,0.8484314886901012,0.8484314886901012,0.8384314886901012,0.8384314886901012,0.8484314886901012,0.8484314886901012,0.8384314886901012,0.8684314886901012,0.8784314886901012,0.8584314886901012,0.8484314886901012,0.8584314886901012
174,0.872165638955746,0.872165638955746,0.892165638955746,0.882165638955746,0.882165638955746,0.872165638955746,0.872165638955746,0.892165638955746,0.892165638955746,0.892165638955746,0.882165638955746,0.892165638955746,0.882165638955746
175,0.9191486149245418,0.8991486149245418,0.8891486149245418,0.8991486149245418,0.8791486149245418,0.8841486149245418,0.8941486149245418,0.8741486149245418,0.8741486149245418,0.8741486149245418,0.8741486149245418,0.8941486149245418,0.8941486149245418
176,0.9360245932855493,0.9360245932855493,0.9260245932855493,0.9160245932855493,0.9160245932855493,0.9160245932855493,0.9160245932855493,0.9060245932855493,0.9060245932855493,0.9060245932855493,0.9210245932855493,0.9210245932855493,0.9210245932855493
177,0.8623779723548991,0.8623779723548991,0.8623779723548991,0.8723779723548991,0.8623779723548991,0.8523779723548991,0.8523779723548991,0.8523779723548991,0.8623779723548991,0.8623779723548991,0.8423779723548991,0.8323779723548991,0.8223779723548991
178,0.998435981973806,1.0,1.0,1.0,1.0,1.0,1.0,1.0,1.0,0.975,0.975,0.975,0.985
179,0.8994576265225029,0.8794576265225029,0.909457626522503,0.919457626522503,0.919457626522503,0.909457626522503,0.919457626522503,0.929457626522503,0.919457626522503,0.919457626522503,0.919457626522503,0.919457626522503,0.909457626522503
180,0.8899512056854006,0.8699512056854006,0.8799512056854006,0.8899512056854006,0.8899512056854006,0.8899512056854006,0.8699512056854006,0.8599512056854006,0.8599512056854006,0.8599512056854006,0.8499512056854006,0.8549512056854006,0.8549512056854006
181,0.9396118075947257,0.9296118075947257,0.9196118075947257,0.9196118075947257,0.9196118075947257,0.9196118075947257,0.9096118075947257,0.9246118075947257,0.9446118075947257,0.9346118075947257,0.9346118075947257,0.9346118075947257,0.9346118075947257
182,0.957225738606363,0.957225738606363,0.967225738606363,0.9472257386063629,0.957225738606363,0.957225738606363,0.9472257386063629,0.9372257386063629,0.9272257386063629,0.9272257386063629,0.9172257386063629,0.9172257386063629,0.9272257386063629
183,0.8909256667995066,0.8909256667995066,0.8809256667995066,0.8809256667995066,0.8809256667995066,0.8809256667995066,0.9009256667995066,0.9209256667995066,0.9209256667995066,0.9209256667995066,0.9209256667995066,0.9059256667995066,0.9159256667995066
184,0.936649026005129,0.926649026005129,0.926649026005129,0.936649026005129,0.956649026005129,0.946649026005129,0.926649026005129,0.906649026005129,0.906649026005129,0.921649026005129,0.921649026005129,0.921649026005129,0.931649026005129
185,0.870083143372213,0.870083143372213,0.860083143372213,0.870083143372213,0.840083143372213,0.840083143372213,0.840083143372213,0.855083143372213,0.865083143372213,0.865083143372213,0.865083143372213,0.865083143372213,0.855083143372213
186,0.9270459584324855,0.9370459584324855,0.9370459584324855,0.9470459584324855,0.9470459584324855,0.9570459584324855,0.9570459584324855,0.9570459584324855,0.9570459584324855,0.9470459584324855,0.9370459584324855,0.9370459584324855,0.9470459584324855
187,0.950917614241357,0.960917614241357,0.970917614241357,0.970917614241357,0.980917614241357,0.970917614241357,0.970917614241357,0.945917614241357,0.945917614241357,0.955917614241357,0.955917614241357,0.955917614241357,0.955917614241357
188,0.9170893256130241,0.9170893256130241,0.9370893256130242,0.9370893256130242,0.9370893256130242,0.9370893256130242,0.9470893256130242,0.9370893256130242,0.9270893256130242,0.9370893256130242,0.9270893256130242,0.9070893256130241,0.8870893256130241
189,0.8606529082076988,0.8506529082076988,0.8706529082076988,0.8606529082076988,0.8906529082076988,0.9006529082076988,0.9006529082076988,0.9006529082076988,0.8906529082076988,0.8806529082076988,0.8806529082076988,0.8806529082076988,0.8806529082076988
190,0.9443450070255718,0.9543450070255718,0.9543450070255718,0.9543450070255718,0.9343450070255718,0.9343450070255718,0.9443450070255718,0.9343450070255718,0.9343450070255718,0.9343450070255718,0.9343450070255718,0.9443450070255718,0.9543450070255718
191,0.898086993572647,0.928086993572647,0.928086993572647,0.928086993572647,0.938086993572647,0.933086993572647,0.923086993572647,0.923086993572647,0.923086993572647,0.903086993572647,0.903086993572647,0.903086993572647,0.903086993572647
192,0.9262366086095772,0.9062366086095772,0.9062366086095772,0.9062366086095772,0.9162366086095772,0.9162366086095772,0.9262366086095772,0.9162366086095772,0.9162366086095772,0.9162366086095772,0.9062366086095772,0.9162366086095772,0.9162366086095772
193,0.8745254789267122,0.8845254789267122,0.8845254789267122,0.8845254789267122,0.8745254789267122,0.8545254789267122,0.8345254789267121,0.8345254789267121,0.8545254789267122,0.8795254789267122,0.8895254789267122,0.9095254789267122,0.9195254789267122
194,0.9527779465318408,0.9727779465318408,0.9927779465318408,0.9877779465318408,0.9877779465318408,0.9777779465318408,0.9677779465318408,0.9377779465318408,0.9377779465318408,0.9377779465318408,0.9577779465318408,0.9577779465318408,0.9577779465318408
195,0.8540080202533529,0.8740080202533529,0.8740080202533529,0.8740080202533529,0.8640080202533529,0.8540080202533529,0.8440080202533529,0.8540080202533529,0.8640080202533529,0.8440080202533529,0.8340080202533529,0.8340080202533529,0.8340080202533529
196,0.8476903843890733,0.8476903843890733,0.8476903843890733,0.8576903843890733,0.8676903843890733,0.8676903843890733,0.8676903843890733,0.8676903843890733,0.8676903843890733,0.8676903843890733,0.8876903843890733,0.8776903843890733,0.8676903843890733
197,0.8892269101995148,0.8792269101995148,0.8892269101995148,0.8892269101995148,0.8992269101995148,0.8792269101995148,0.8892269101995148,0.8892269101995148,0.8892269101995148,0.8792269101995148,0.8792269101995148,0.8892269101995148,0.8892269101995148
198,0.9991528290706104,0.9991528290706104,0.9591528290706104,0.9891528290706104,0.9891528290706104,0.9691528290706104,0.9791528290706104,0.9891528290706104,0.9991528290706104,0.9891528290706104,0.9891528290706104,0.9891528290706104,0.9891528290706104
199,0.961629881223733,0.961629881223733,0.941629881223733,0.941629881223733,0.951629881223733,0.9716298812237331,0.9816298812237331,0.9716298812237331,0.961629881223733,0.941629881223733,0.941629881223733,0.941629881223733,0.951629881223733
200,0.9999161877540139,0.9999161877540139,0.9999161877540139,0.9999161877540139,1.0,0.98,0.98,0.97,0.97,0.97,0.96,0.95,0.96
201,0.8606710724039863,0.8606710724039863,0.8606710724039863,0.8606710724039863,0.8506710724039863,0.8706710724039863,0.8706710724039863,0.8706710724039863,0.8706710724039863,0.8706710724039863,0.8706710724039863,0.8706710724039863,0.8706710724039863
202,0.9341147865022728,0.9341147865022728,0.9441147865022728,0.9641147865022728,0.9641147865022728,0.9641147865022728,0.9641147865022728,0.9641147865022728,0.9641147865022728,0.9641147865022728,0.9641147865022728,0.9741147865022728,0.9641147865022728
203,0.9173435490915123,0.9073435490915123,0.9173435490915123,0.9073435490915123,0.8973435490915123,0.8973435490915123,0.8973435490915123,0.9073435490915123,0.9173435490915123,0.9173435490915123,0.9273435490915123,0.8973435490915123,0.8873435490915123
204,0.9317018718444116,0.9517018718444116,0.9517018718444116,0.9417018718444116,0.9517018718444116,0.9517018718444116,0.9417018718444116,0.9517018718444116,0.9517018718444116,0.9417018718444116,0.9417018718444116,0.9417018718444116,0.9317018718444116
205,0.9487206694453258,0.9487206694453258,0.9487206694453258,0.9687206694453259,0.9687206694453259,0.9787206694453259,0.9787206694453259,0.9687206694453259,0.9687206694453259,0.9687206694453259,0.9687206694453259,0.9787206694453259,0.9787206694453259
206,0.8538188609129254,0.8538188609129254,0.8438188609129254,0.8538188609129254,0.8538188609129254,0.8538188609129254,0.8238188609129253,0.8238188609129253,0.8238188609129253,0.8238188609129253,0.8338188609129253,0.8338188609129253,0.8338188609129253
207,0.8907275840285218,0.9007275840285218,0.8907275840285218,0.8907275840285218,0.8607275840285218,0.8707275840285218,0.8807275840285218,0.8707275840285218,0.8807275840285218,0.8807275840285218,0.9007275840285218,0.9007275840285218,0.8907275840285218
208,0.8935862234480861,0.8935862234480861,0.8935862234480861,0.9135862234480862,0.9235862234480862,0.9135862234480862,0.9135862234480862,0.9035862234480861,0.8935862234480861,0.8935862234480861,0.9035862234480861,0.9135862234480862,0.9235862234480862
209,0.9196627073695615,0.9196627073695615,0.9196627073695615,0.9196627073695615,0.9196627073695615,0.9296627073695615,0.8896627073695614,0.8796627073695614,0.8796627073695614,0.8796627073695614,0.8796627073695614,0.8996627073695614,0.9196627073695615
210,0.9311691285241416,0.9311691285241416,0.9511691285241416,0.9411691285241416,0.9211691285241416,0.9211691285241416,0.9211691285241416,0.9011691285241415,0.9011691285241415,0.9411691285241416,0.9411691285241416,0.9611691285241416,0.9711691285241416
211,1.0,1.0,1.0,1.0,1.0,0.99,1.0,1.0,1.0,1.0,0.99,0.98,0.99
212,0.7796588669050377,0.7796588669050377,0.7796588669050377,0.7696588669050377,0.7696588669050377,0.7596588669050377,0.7596588669050377,0.7596588669050377,0.7496588669050377,0.7396588669050377,0.7596588669050377,0.7496588669050377,0.7496588669050377
213,0.9176192771201622,0.9276192771201622,0.9176192771201622,0.9176192771201622,0.9076192771201622,0.8876192771201622,0.9176192771201622,0.8976192771201622,0.8876192771201622,0.9176192771201622,0.9176192771201622,0.9376192771201622,0.9376192771201622
214,0.9348497090092496,0.9348497090092496,0.9348497090092496,0.9448497090092496,0.9448497090092496,0.9148497090092496,0.9148497090092496,0.8948497090092495,0.8948497090092495,0.9048497090092495,0.9048497090092495,0.9148497090092496,0.9248497090092496
215,0.9685596015526561,0.9685596015526561,0.9885596015526561,0.9635596015526561,0.9635596015526561,0.9635596015526561,0.933559601552656,0.933559601552656,0.933559601552656,0.923559601552656,0.923559601552656,0.923559601552656,0.923559601552656
216,0.8425013614058571,0.8425013614058571,0.8225013614058571,0.8225013614058571,0.8325013614058571,0.8225013614058571,0.812501361405857,0.802501361405857,0.807501361405857,0.807501361405857,0.807501361405857,0.807501361405857,0.8275013614058571
217,0.9006858459396536,0.8906858459396536,0.8806858459396536,0.8806858459396536,0.8606858459396536,0.8606858459396536,0.8706858459396536,0.8606858459396536,0.8806858459396536,0.8806858459396536,0.8706858459396536,0.8606858459396536,0.8606858459396536
218,0.9112366887813242,0.8912366887813242,0.9012366887813242,0.9012366887813242,0.9012366887813242,0.9112366887813242,0.8912366887813242,0.8712366887813242,0.8712366887813242,0.8712366887813242,0.8712366887813242,0.8812366887813242,0.9012366887813242
219,0.9735787234497251,0.953578723449725,0.943578723449725,0.943578723449725,0.943578723449725,0.943578723449725,0.943578723449725,0.9585787234497251,0.9685787234497251,0.9685787234497251,0.9585787234497251,0.9585787234497251,0.9585787234497251
220,0.9315680752684027,0.9515680752684027,0.9515680752684027,0.9515680752684027,0.9715680752684027,0.9715680752684027,0.9715680752684027,0.9615680752684027,0.9415680752684027,0.9315680752684027,0.9515680752684027,0.9715680752684027,0.9715680752684027
221,0.8878786144372248,0.8778786144372248,0.8878786144372248,0.8878786144372248,0.8678786144372248,0.8478786144372248,0.8528786144372248,0.8628786144372248,0.8628786144372248,0.8528786144372248,0.8528786144372248,0.8628786144372248,0.8528786144372248
222,0.9308701652398682,0.9308701652398682,0.9108701652398682,0.9358701652398682,0.9358701652398682,0.9458701652398682,0.9558701652398682,0.9358701652398682,0.9458701652398682,0.9458701652398682,0.9458701652398682,0.9458701652398682,0.9658701652398682
223,0.9347737334831856,0.9247737334831856,0.9247737334831856,0.9447737334831856,0.9447737334831856,0.9347737334831856,0.9347737334831856,0.9347737334831856,0.9347737334831856,0.9247737334831856,0.9347737334831856,0.9447737334831856,0.9447737334831856
224,0.816922994984276,0.816922994984276,0.816922994984276,0.806922994984276,0.816922994984276,0.826922994984276,0.826922994984276,0.806922994984276,0.806922994984276,0.826922994984276,0.826922994984276,0.826922994984276,0.791922994984276
225,0.9380890154495165,0.9380890154495165,0.9380890154495165,0.9380890154495165,0.9380890154495165,0.9380890154495165,0.9380890154495165,0.9280890154495165,0.9280890154495165,0.9280890154495165,0.9380890154495165,0.9380890154495165,0.9380890154495165
226,0.8704628483376653,0.8704628483376653,0.8604628483376653,0.8604628483376653,0.8504628483376653,0.8404628483376653,0.8554628483376653,0.8354628483376653,0.8454628483376653,0.8354628483376653,0.8554628483376653,0.8454628483376653,0.8454628483376653
227,0.9096480472618748,0.9096480472618748,0.8996480472618748,0.8996480472618748,0.8996480472618748,0.8896480472618747,0.8896480472618747,0.8996480472618748,0.8996480472618748,0.9096480472618748,0.9096480472618748,0.9196480472618748,0.9296480472618748
228,0.9126389446699593,0.9026389446699593,0.9426389446699593,0.9276389446699593,0.9376389446699593,0.9376389446699593,0.9376389446699593,0.9576389446699594,0.9476389446699593,0.9576389446699594,0.9576389446699594,0.9476389446699593,0.9476389446699593
229,0.9209612714190691,0.9209612714190691,0.9209612714190691,0.9209612714190691,0.9309612714190691,0.9309612714190691,0.9309612714190691,0.9409612714190692,0.9409612714190692,0.9309612714190691,0.9409612714190692,0.9409612714190692,0.9409612714190692
230,0.9442964133302834,0.9642964133302834,0.9842964133302834,0.9842964133302834,0.9842964133302834,0.9742964133302834,0.9842964133302834,0.9792964133302834,0.9692964133302834,0.9592964133302834,0.9592964133302834,0.9392964133302834,0.9392964133302834
231,0.9360100442111388,0.9660100442111388,0.9660100442111388,0.9660100442111388,0.9760100442111388,0.9760100442111388,0.9760100442111388,0.9660100442111388,0.9660100442111388,0.9660100442111388,0.9360100442111388,0.9360100442111388,0.9460100442111388
232,0.9500625686508294,0.9400625686508294,0.9800625686508294,0.9900625686508294,0.9800625686508294,0.9800625686508294,0.9900625686508294,0.9900625686508294,0.9900625686508294,0.9850625686508294,0.9850625686508294,0.9850625686508294,0.9850625686508294
233,0.9113330546602334,0.9013330546602334,0.9013330546602334,0.8913330546602334,0.8913330546602334,0.8913330546602334,0.9113330546602334,0.8913330546602334,0.8813330546602334,0.8963330546602334,0.8863330546602334,0.8863330546602334,0.8863330546602334
234,0.8895867125977462,0.8995867125977463,0.8995867125977463,0.9295867125977463,0.9295867125977463,0.9295867125977463,0.9295867125977463,0.9295867125977463,0.9195867125977463,0.9095867125977463,0.8895867125977462,0.8895867125977462,0.8995867125977463
235,0.8260425756398623,0.8460425756398623,0.8460425756398623,0.8560425756398623,0.8660425756398623,0.8660425756398623,0.8660425756398623,0.8610425756398623,0.8610425756398623,0.8510425756398623,0.8510425756398623,0.8510425756398623,0.8310425756398623
236,0.8988541610654335,0.8988541610654335,0.8988541610654335,0.9088541610654335,0.9088541610654335,0.9088541610654335,0.9088541610654335,0.9288541610654335,0.9388541610654335,0.9288541610654335,0.9138541610654335,0.8938541610654335,0.8938541610654335
237,0.9573610028412148,0.9573610028412148,0.9573610028412148,0.9573610028412148,0.9973610028412149,0.9973610028412149,0.9973610028412149,0.9973610028412149,0.9973610028412149,0.9973610028412149,0.9923610028412149,0.9823610028412149,0.9823610028412149
238,0.9319066524959232,0.9319066524959232,0.9319066524959232,0.9419066524959232,0.9419066524959232,0.9619066524959232,0.9619066524959232,0.9719066524959232,0.9669066524959232,0.9369066524959232,0.9569066524959232,0.9569066524959232,0.9669066524959232
239,0.9540377634376788,0.9640377634376788,0.9540377634376788,0.9540377634376788,0.9540377634376788,0.9440377634376788,0.9640377634376788,0.9740377634376788,0.9840377634376788,0.9840377634376788,0.9840377634376788,0.9840377634376788,0.9840377634376788
240,0.893286682928048,0.893286682928048,0.883286682928048,0.903286682928048,0.893286682928048,0.883286682928048,0.883286682928048,0.873286682928048,0.863286682928048,0.863286682928048,0.863286682928048,0.873286682928048,0.893286682928048
241,0.955881354670844,0.955881354670844,0.955881354670844,0.955881354670844,0.995881354670844,0.995881354670844,0.995881354670844,0.995881354670844,0.990881354670844,0.980881354670844,0.990881354670844,0.980881354670844,0.980881354670844
242,0.9628249441468134,0.9928249441468134,0.9828249441468134,0.9928249441468134,1.0,0.995,0.985,0.985,0.995,0.985,0.985,0.985,0.985
243,0.895327586955131,0.905327586955131,0.905327586955131,0.905327586955131,0.9153275869551311,0.9153275869551311,0.895327586955131,0.895327586955131,0.895327586955131,0.885327586955131,0.905327586955131,0.9153275869551311,0.9353275869551311
244,1.0,1.0,1.0,1.0,1.0,1.0,0.99,0.99,1.0,0.98,0.98,0.98,0.99
245,0.9774255411194228,0.9774255411194228,0.9874255411194228,0.9774255411194228,0.9574255411194228,0.9774255411194228,0.9774255411194228,0.9774255411194228,0.9774255411194228,0.9774255411194228,0.9774255411194228,0.9774255411194228,0.9774255411194228
246,0.8808545170423263,0.8808545170423263,0.8808545170423263,0.9008545170423263,0.9008545170423263,0.9008545170423263,0.9008545170423263,0.9108545170423263,0.9008545170423263,0.9008545170423263,0.8908545170423263,0.8908545170423263,0.9108545170423263
247,0.9450370850218012,0.9150370850218011,0.9050370850218011,0.9050370850218011,0.9150370850218011,0.9050370850218011,0.9250370850218012,0.9450370850218012,0.9450370850218012,0.9450370850218012,0.9450370850218012,0.9350370850218012,0.9350370850218012
248,0.9431449801984466,0.9331449801984466,0.9331449801984466,0.9331449801984466,0.9331449801984466,0.9531449801984466,0.9531449801984466,0.9431449801984466,0.9431449801984466,0.9431449801984466,0.9431449801984466,0.9131449801984466,0.9031449801984466
249,0.8735227046362776,0.8735227046362776,0.8535227046362776,0.8635227046362776,0.8535227046362776,0.8535227046362776,0.8635227046362776,0.8735227046362776,0.8735227046362776,0.8635227046362776,0.8635227046362776,0.8935227046362776,0.9135227046362776
250,0.8959737175180296,0.8959737175180296,0.8859737175180296,0.9159737175180296,0.9159737175180296,0.9059737175180296,0.9259737175180296,0.9259737175180296,0.9259737175180296,0.9259737175180296,0.9259737175180296,0.9259737175180296,0.9059737175180296
251,0.995768088084884,0.995768088084884,0.995768088084884,1.0,1.0,1.0,1.0,1.0,1.0,1.0,0.99,0.97,0.97
252,0.8795116167558827,0.8695116167558827,0.8695116167558827,0.8895116167558828,0.8895116167558828,0.8895116167558828,0.8395116167558827,0.8495116167558827,0.8695116167558827,0.8795116167558827,0.8795116167558827,0.8895116167558828,0.8895116167558828
253,0.9321126042893577,0.9321126042893577,0.9421126042893577,0.9421126042893577,0.9521126042893577,0.9521126042893577,0.9521126042893577,0.9621126042893577,0.9521126042893577,0.9221126042893577,0.9321126042893577,0.9421126042893577,0.9421126042893577
254,0.9495272730828364,0.9595272730828364,0.9595272730828364,0.9495272730828364,0.9495272730828364,0.9595272730828364,0.9495272730828364,0.9495272730828364,0.9495272730828364,0.9495272730828364,0.9595272730828364,0.9695272730828364,0.9695272730828364
255,0.9484195055877305,0.9084195055877304,0.9084195055877304,0.9084195055877304,0.9084195055877304,0.9184195055877304,0.9184195055877304,0.9184195055877304,0.9084195055877304,0.9284195055877305,0.9384195055877305,0.9284195055877305,0.9284195055877305
256,0.935712323374106,0.935712323374106,0.915712323374106,0.915712323374106,0.915712323374106,0.915712323374106,0.915712323374106,0.925712323374106,0.925712323374106,0.945712323374106,0.945712323374106,0.955712323374106,0.9657123233741061
257,0.8926167121550601,0.8926167121550601,0.8626167121550601,0.8526167121550601,0.8626167121550601,0.8626167121550601,0.8776167121550601,0.8776167121550601,0.8676167121550601,0.8576167121550601,0.8576167121550601,0.8576167121550601,0.8576167121550601
258,0.836299211337522,0.8462992113375221,0.826299211337522,0.8562992113375221,0.826299211337522,0.816299211337522,0.816299211337522,0.816299211337522,0.816299211337522,0.816299211337522,0.826299211337522,0.8562992113375221,0.8562992113375221
259,0.8977565974240009,0.8977565974240009,0.8977565974240009,0.8977565974240009,0.9077565974240009,0.9077565974240009,0.8877565974240009,0.8777565974240009,0.8677565974240009,0.8777565974240009,0.8777565974240009,0.8677565974240009,0.8577565974240009
260,0.9096808500073604,0.8796808500073604,0.8796808500073604,0.8696808500073604,0.8896808500073604,0.8796808500073604,0.8696808500073604,0.8796808500073604,0.8696808500073604,0.8896808500073604,0.8896808500073604,0.9096808500073604,0.9096808500073604
261,0.8901224164561887,0.8901224164561887,0.9101224164561887,0.8901224164561887,0.8901224164561887,0.8901224164561887,0.8901224164561887,0.8901224164561887,0.9001224164561887,0.9001224164561887,0.8901224164561887,0.8901224164561887,0.8901224164561887
262,0.8025321424467841,0.8025321424467841,0.8025321424467841,0.8025321424467841,0.792532142446784,0.792532142446784,0.782532142446784,0.792532142446784,0.792532142446784,0.8025321424467841,0.792532142446784,0.782532142446784,0.8125321424467841
263,0.8706708237985636,0.8706708237985636,0.8706708237985636,0.8706708237985636,0.8906708237985637,0.8906708237985637,0.8806708237985637,0.8806708237985637,0.8806708237985637,0.9006708237985637,0.9006708237985637,0.9006708237985637,0.9106708237985637
264,1.0,1.0,1.0,1.0,1.0,1.0,1.0,1.0,1.0,1.0,0.99,0.99,1.0
265,0.8978947306427991,0.9078947306427991,0.9078947306427991,0.9078947306427991,0.8978947306427991,0.9078947306427991,0.8778947306427991,0.8678947306427991,0.8778947306427991,0.8978947306427991,0.8878947306427991,0.8878947306427991,0.8878947306427991
266,0.8122413631473481,0.8122413631473481,0.8122413631473481,0.8322413631473481,0.8422413631473481,0.8422413631473481,0.8422413631473481,0.8422413631473481,0.8522413631473481,0.8522413631473481,0.8422413631473481,0.8422413631473481,0.8422413631473481
267,0.8440418395677377,0.8440418395677377,0.8440418395677377,0.8340418395677377,0.8440418395677377,0.8640418395677377,0.8740418395677377,0.8440418395677377,0.8040418395677377,0.8140418395677377,0.8290418395677377,0.8290418395677377,0.8390418395677377
268,0.9116880394844433,0.9116880394844433,0.9016880394844433,0.9116880394844433,0.9216880394844433,0.9216880394844433,0.9016880394844433,0.8716880394844433,0.8766880394844433,0.8866880394844433,0.8866880394844433,0.9066880394844433,0.8966880394844433
269,0.9170614952696973,0.9370614952696973,0.9370614952696973,0.9370614952696973,0.9370614952696973,0.9470614952696973,0.9470614952696973,0.9320614952696973,0.9220614952696973,0.9020614952696973,0.9020614952696973,0.9220614952696973,0.9120614952696973
270,0.8511629649494219,0.8511629649494219,0.8511629649494219,0.8511629649494219,0.8311629649494219,0.8311629649494219,0.8211629649494219,0.8311629649494219,0.8111629649494219,0.8161629649494219,0.8161629649494219,0.8361629649494219,0.8461629649494219
271,0.8778171077914932,0.9078171077914933,0.9078171077914933,0.9178171077914933,0.9178171077914933,0.9128171077914933,0.9028171077914933,0.8828171077914932,0.8828171077914932,0.8728171077914932,0.8728171077914932,0.8828171077914932,0.8928171077914933
272,0.9355960241071045,0.9555960241071045,0.9655960241071045,0.9755960241071046,0.9755960241071046,0.9705960241071045,0.9705960241071045,0.9505960241071045,0.9505960241071045,0.9605960241071045,0.9505960241071045,0.9205960241071045,0.9305960241071045
273,0.8184199945536805,0.8184199945536805,0.8384199945536805,0.8384199945536805,0.8384199945536805,0.8184199945536805,0.8084199945536805,0.8384199945536805,0.8384199945536805,0.8384199945536805,0.8384199945536805,0.8284199945536805,0.8284199945536805
274,0.8696571479368035,0.8596571479368035,0.8596571479368035,0.8496571479368035,0.8496571479368035,0.8596571479368035,0.8396571479368035,0.8296571479368035,0.8346571479368035,0.8446571479368035,0.8346571479368035,0.8446571479368035,0.8546571479368035
275,0.9896157149699564,0.9896157149699564,0.9796157149699564,0.9796157149699564,0.9796157149699564,0.9496157149699563,0.9596157149699563,0.9596157149699563,0.9696157149699564,0.9796157149699564,0.9796157149699564,0.9796157149699564,0.9796157149699564
276,0.9076579964239209,0.9176579964239209,0.9276579964239209,0.9276579964239209,0.9176579964239209,0.9376579964239209,0.9476579964239209,0.9376579964239209,0.9376579964239209,0.9276579964239209,0.9276579964239209,0.9276579964239209,0.9276579964239209
277,0.9679109479459883,0.9579109479459883,0.9579109479459883,0.9679109479459883,0.9379109479459883,0.9379109479459883,0.9379109479459883,0.9279109479459883,0.9329109479459883,0.9529109479459883,0.9629109479459883,0.9429109479459883,0.9329109479459883
278,0.8876599611262169,0.8676599611262169,0.8926599611262169,0.9026599611262169,0.9026599611262169,0.9026599611262169,0.8926599611262169,0.8926599611262169,0.8926599611262169,0.8926599611262169,0.8926599611262169,0.8626599611262169,0.8626599611262169
279,0.969466830154838,0.969466830154838,0.969466830154838,0.979466830154838,0.979466830154838,0.989466830154838,0.989466830154838,0.969466830154838,0.989466830154838,0.989466830154838,0.959466830154838,0.969466830154838,0.969466830154838
280,0.8822915394270385,0.8522915394270385,0.8522915394270385,0.8422915394270385,0.8422915394270385,0.8472915394270385,0.8572915394270385,0.8472915394270385,0.8572915394270385,0.8472915394270385,0.8472915394270385,0.8472915394270385,0.8472915394270385
281,0.9180662260913977,0.9180662260913977,0.9380662260913977,0.9280662260913977,0.9280662260913977,0.9580662260913977,0.9580662260913977,0.9580662260913977,0.9580662260913977,0.9530662260913977,0.9530662260913977,0.9430662260913977,0.9430662260913977
282,0.9323054992573162,0.9123054992573162,0.9223054992573162,0.9123054992573162,0.9323054992573162,0.9223054992573162,0.9323054992573162,0.9223054992573162,0.9223054992573162,0.9223054992573162,0.9223054992573162,0.9523054992573162,0.9423054992573162
283,1.0,1.0,1.0,1.0,1.0,1.0,0.98,0.98,0.99,0.99,0.97,0.97,0.97
284,0.8564430620728575,0.8364430620728575,0.8564430620728575,0.8364430620728575,0.8264430620728574,0.8264430620728574,0.8564430620728575,0.8364430620728575,0.8564430620728575,0.8664430620728575,0.8764430620728575,0.8564430620728575,0.8564430620728575
285,0.8689904369727298,0.8689904369727298,0.8689904369727298,0.8689904369727298,0.8689904369727298,0.8689904369727298,0.8689904369727298,0.8389904369727298,0.8289904369727298,0.8289904369727298,0.8289904369727298,0.8489904369727298,0.8489904369727298
286,0.8846488693962279,0.8946488693962279,0.8746488693962279,0.8746488693962279,0.8546488693962279,0.8446488693962279,0.8446488693962279,0.8496488693962279,0.8596488693962279,0.8596488693962279,0.8496488693962279,0.8496488693962279,0.8496488693962279
287,0.846624127016734,0.856624127016734,0.856624127016734,0.866624127016734,0.846624127016734,0.846624127016734,0.846624127016734,0.866624127016734,0.846624127016734,0.846624127016734,0.876624127016734,0.866624127016734,0.866624127016734
288,0.9553332903976939,0.9653332903976939,0.9653332903976939,0.9653332903976939,0.9653332903976939,0.9653332903976939,0.9853332903976939,0.9853332903976939,0.9853332903976939,0.9853332903976939,0.9553332903976939,0.9653332903976939,0.9653332903976939
289,0.8739028508054273,0.8639028508054273,0.8839028508054273,0.8739028508054273,0.8639028508054273,0.8739028508054273,0.8939028508054273,0.8939028508054273,0.8939028508054273,0.8939028508054273,0.8639028508054273,0.8639028508054273,0.8739028508054273
290,0.9370908745244705,0.9670908745244705,0.9770908745244705,0.9770908745244705,0.9770908745244705,0.9720908745244705,0.9620908745244705,0.9620908745244705,0.9520908745244705,0.9520908745244705,0.9720908745244705,0.9720908745244705,0.9720908745244705
291,0.9072701112662245,0.9172701112662245,0.8972701112662245,0.8972701112662245,0.8872701112662245,0.8872701112662245,0.8772701112662245,0.8922701112662245,0.8922701112662245,0.8922701112662245,0.8822701112662245,0.8822701112662245,0.8922701112662245
292,0.9513526439956154,0.9413526439956154,0.9413526439956154,0.9313526439956153,0.9113526439956153,0.9213526439956153,0.9213526439956153,0.9213526439956153,0.9113526439956153,0.9113526439956153,0.9113526439956153,0.9513526439956154,0.9513526439956154
293,0.8168345584338605,0.8268345584338606,0.8268345584338606,0.8068345584338605,0.7868345584338605,0.7868345584338605,0.7868345584338605,0.7868345584338605,0.8068345584338605,0.8068345584338605,0.8268345584338606,0.7968345584338605,0.7868345584338605
294,0.9240875752021611,0.9240875752021611,0.9340875752021611,0.9440875752021611,0.9440875752021611,0.9190875752021611,0.9090875752021611,0.9090875752021611,0.8990875752021611,0.8990875752021611,0.8890875752021611,0.8890875752021611,0.8890875752021611
295,0.953337978665318,0.953337978665318,0.953337978665318,0.953337978665318,0.943337978665318,0.923337978665318,0.923337978665318,0.913337978665318,0.913337978665318,0.913337978665318,0.913337978665318,0.913337978665318,0.913337978665318
296,0.9335919929541893,0.9435919929541893,0.9335919929541893,0.8935919929541892,0.8985919929541892,0.8985919929541892,0.9085919929541892,0.9085919929541892,0.9085919929541892,0.9085919929541892,0.9085919929541892,0.8885919929541892,0.8885919929541892
297,0.9486102605360108,0.9186102605360108,0.9186102605360108,0.9186102605360108,0.9486102605360108,0.9386102605360108,0.9386102605360108,0.9386102605360108,0.9586102605360108,0.9586102605360108,0.9586102605360108,0.9586102605360108,0.9786102605360109
298,0.9119801182985542,0.9119801182985542,0.9119801182985542,0.9019801182985542,0.9219801182985542,0.9319801182985542,0.9419801182985542,0.9419801182985542,0.9419801182985542,0.9419801182985542,0.9419801182985542,0.9419801182985542,0.9519801182985542
299,0.867823129492953,0.867823129492953,0.867823129492953,0.857823129492953,0.857823129492953,0.867823129492953,0.857823129492953,0.857823129492953,0.847823129492953,0.847823129492953,0.872823129492953,0.882823129492953,0.882823129492953
300,0.9511086986668186,0.9411086986668186,0.9411086986668186,0.9611086986668186,0.9711086986668186,0.9911086986668186,0.9861086986668186,0.9861086986668186,0.9761086986668186,0.9761086986668186,0.9561086986668186,0.9561086986668186,0.9561086986668186
301,0.894391123903584,0.924391123903584,0.934391123903584,0.934391123903584,0.934391123903584,0.934391123903584,0.914391123903584,0.914391123903584,0.904391123903584,0.904391123903584,0.904391123903584,0.904391123903584,0.904391123903584
302,0.8195678697921174,0.7995678697921174,0.7995678697921174,0.7995678697921174,0.7995678697921174,0.8095678697921174,0.7995678697921174,0.7895678697921173,0.7895678697921173,0.7795678697921173,0.7795678697921173,0.7895678697921173,0.7995678697921174
303,0.9916739708434921,0.9916739708434921,0.9816739708434921,0.9816739708434921,0.9816739708434921,0.9916739708434921,0.9916739708434921,0.9916739708434921,0.9816739708434921,0.971673970843492,0.961673970843492,0.961673970843492,0.971673970843492
304,0.9879442849057237,0.9879442849057237,0.9879442849057237,0.9979442849057237,0.9979442849057237,1.0,1.0,1.0,0.97,0.97,0.99,0.99,0.99
305,0.9061500645029439,0.9061500645029439,0.9061500645029439,0.8961500645029439,0.8961500645029439,0.8761500645029439,0.8761500645029439,0.8861500645029439,0.8861500645029439,0.8961500645029439,0.8861500645029439,0.8761500645029439,0.8961500645029439
306,0.962469062938556,0.9724690629385561,0.962469062938556,0.962469062938556,0.962469062938556,0.962469062938556,0.9824690629385561,0.9924690629385561,0.9824690629385561,0.962469062938556,0.932469062938556,0.947469062938556,0.957469062938556
307,0.878497028990372,0.888497028990372,0.878497028990372,0.868497028990372,0.868497028990372,0.858497028990372,0.8484970289903719,0.8484970289903719,0.863497028990372,0.863497028990372,0.863497028990372,0.863497028990372,0.873497028990372
308,0.9198060296795788,0.9198060296795788,0.9298060296795788,0.9498060296795788,0.9498060296795788,0.9598060296795788,0.9548060296795788,0.9348060296795788,0.9248060296795788,0.9148060296795788,0.9148060296795788,0.9048060296795788,0.8848060296795788
309,0.8883406518849386,0.8883406518849386,0.9083406518849386,0.8983406518849386,0.8983406518849386,0.8983406518849386,0.8983406518849386,0.9283406518849386,0.9233406518849386,0.9233406518849386,0.9133406518849386,0.9133406518849386,0.9133406518849386
310,0.9024767561737059,0.8824767561737059,0.8824767561737059,0.8824767561737059,0.9074767561737059,0.9174767561737059,0.9174767561737059,0.9174767561737059,0.927476756173706,0.9174767561737059,0.9174767561737059,0.9174767561737059,0.9174767561737059
311,0.8309864755798531,0.8309864755798531,0.820986475579853,0.820986475579853,0.800986475579853,0.810986475579853,0.820986475579853,0.810986475579853,0.800986475579853,0.800986475579853,0.815986475579853,0.805986475579853,0.815986475579853
312,0.916176684167478,0.916176684167478,0.906176684167478,0.886176684167478,0.886176684167478,0.896176684167478,0.916176684167478,0.916176684167478,0.906176684167478,0.926176684167478,0.926176684167478,0.926176684167478,0.936176684167478
313,0.9661163912581617,0.9761163912581617,0.9861163912581618,0.9761163912581617,0.9761163912581617,0.9561163912581617,0.9561163912581617,0.9561163912581617,0.9561163912581617,0.9561163912581617,0.9661163912581617,0.9661163912581617,0.9861163912581618
314,0.9129577059733353,0.9129577059733353,0.9129577059733353,0.9029577059733352,0.9029577059733352,0.9129577059733353,0.9129577059733353,0.9029577059733352,0.9029577059733352,0.8929577059733352,0.9029577059733352,0.8829577059733352,0.8729577059733352
315,0.8738142386778377,0.8538142386778377,0.8538142386778377,0.8338142386778377,0.8338142386778377,0.8338142386778377,0.8338142386778377,0.8338142386778377,0.8338142386778377,0.8438142386778377,0.8338142386778377,0.8538142386778377,0.8538142386778377
316,0.8662647298129104,0.8662647298129104,0.8562647298129104,0.8662647298129104,0.8762647298129104,0.8762647298129104,0.8762647298129104,0.8562647298129104,0.8662647298129104,0.8562647298129104,0.8562647298129104,0.8662647298129104,0.8662647298129104
317,0.8957045476166808,0.8957045476166808,0.8857045476166808,0.9057045476166808,0.9057045476166808,0.9157045476166809,0.9157045476166809,0.9057045476166808,0.9257045476166809,0.9357045476166809,0.9257045476166809,0.9357045476166809,0.9257045476166809
318,0.8269050648037464,0.8269050648037464,0.8069050648037464,0.7969050648037463,0.8119050648037464,0.8019050648037463,0.8119050648037464,0.8119050648037464,0.8119050648037464,0.8119050648037464,0.8119050648037464,0.8019050648037463,0.8219050648037464
319,0.9081124095966311,0.8981124095966311,0.9181124095966311,0.9181124095966311,0.9281124095966311,0.9381124095966311,0.9381124095966311,0.9381124095966311,0.9181124095966311,0.9081124095966311,0.8981124095966311,0.8881124095966311,0.8881124095966311
320,0.9183844414104605,0.9083844414104605,0.8883844414104605,0.8883844414104605,0.8883844414104605,0.8883844414104605,0.8883844414104605,0.8983844414104605,0.8983844414104605,0.8983844414104605,0.9183844414104605,0.9083844414104605,0.8783844414104605
321,0.851396953855178,0.841396953855178,0.851396953855178,0.851396953855178,0.841396953855178,0.831396953855178,0.831396953855178,0.861396953855178,0.841396953855178,0.841396953855178,0.831396953855178,0.831396953855178,0.821396953855178
322,1.0,1.0,1.0,1.0,0.99,0.98,0.94,0.95,0.96,0.96,1.0,0.98,0.98
323,0.9592776199786309,0.9692776199786309,0.9792776199786309,0.989277619978631,0.999277619978631,0.9792776199786309,0.989277619978631,0.989277619978631,0.989277619978631,0.999277619978631,0.999277619978631,0.994277619978631,0.984277619978631
324,0.9144267858169167,0.9144267858169167,0.9044267858169167,0.9044267858169167,0.9044267858169167,0.8844267858169167,0.9144267858169167,0.9244267858169167,0.9244267858169167,0.9244267858169167,0.9244267858169167,0.9244267858169167,0.8944267858169167
325,0.9284027351295105,0.9184027351295105,0.9184027351295105,0.9084027351295105,0.9184027351295105,0.9384027351295106,0.9384027351295106,0.9584027351295106,0.9484027351295106,0.9484027351295106,0.9584027351295106,0.9384027351295106,0.9384027351295106
326,0.8954738395191796,0.8854738395191796,0.8654738395191796,0.8654738395191796,0.8654738395191796,0.8654738395191796,0.8654738395191796,0.8654738395191796,0.8554738395191795,0.8604738395191796,0.8604738395191796,0.8704738395191796,0.8704738395191796
327,0.8821627669324419,0.8721627669324419,0.8621627669324419,0.8421627669324419,0.8471627669324419,0.8471627669324419,0.8471627669324419,0.8571627669324419,0.8571627669324419,0.8771627669324419,0.8571627669324419,0.8571627669324419,0.8671627669324419
328,0.8383308034298849,0.8483308034298849,0.8483308034298849,0.8383308034298849,0.8483308034298849,0.8283308034298849,0.8283308034298849,0.8283308034298849,0.8283308034298849,0.8383308034298849,0.8283308034298849,0.8383308034298849,0.8383308034298849
329,0.85057997954561,0.85057997954561,0.8705799795456101,0.8905799795456101,0.8855799795456101,0.8755799795456101,0.8855799795456101,0.8755799795456101,0.8655799795456101,0.8655799795456101,0.8655799795456101,0.8755799795456101,0.8755799795456101
330,0.8799439404129573,0.8799439404129573,0.8799439404129573,0.8899439404129573,0.9099439404129573,0.9099439404129573,0.9099439404129573,0.9099439404129573,0.8799439404129573,0.8899439404129573,0.8899439404129573,0.8899439404129573,0.8899439404129573
331,0.9586717427599387,0.9286717427599387,0.9486717427599387,0.9386717427599387,0.9486717427599387,0.9386717427599387,0.9186717427599387,0.9186717427599387,0.9386717427599387,0.9386717427599387,0.9386717427599387,0.9386717427599387,0.9286717427599387
332,0.9094140367706295,0.8894140367706295,0.8894140367706295,0.8794140367706295,0.8994140367706295,0.8994140367706295,0.8994140367706295,0.8794140367706295,0.8894140367706295,0.8794140367706295,0.8894140367706295,0.8894140367706295,0.8894140367706295
333,0.8943398959395027,0.8843398959395027,0.8843398959395027,0.8843398959395027,0.8843398959395027,0.8843398959395027,0.8843398959395027,0.8943398959395027,0.8943398959395027,0.9243398959395027,0.9093398959395027,0.9293398959395027,0.9293398959395027
334,0.9144766024225947,0.9144766024225947,0.9044766024225946,0.8944766024225946,0.9044766024225946,0.8744766024225946,0.8744766024225946,0.8794766024225946,0.8894766024225946,0.9094766024225946,0.9094766024225946,0.9094766024225946,0.9094766024225946
335,0.8737206717226855,0.8737206717226855,0.8737206717226855,0.8737206717226855,0.8637206717226855,0.8537206717226855,0.8537206717226855,0.8437206717226855,0.8337206717226855,0.8337206717226855,0.8337206717226855,0.8337206717226855,0.8387206717226855
336,0.9389992095713507,0.9489992095713508,0.9489992095713508,0.9489992095713508,0.9189992095713507,0.9089992095713507,0.9089992095713507,0.9089992095713507,0.9089992095713507,0.9189992095713507,0.9189992095713507,0.9189992095713507,0.9389992095713507
337,0.9019198129270193,0.8919198129270193,0.8919198129270193,0.8919198129270193,0.9219198129270193,0.9219198129270193,0.9319198129270193,0.9219198129270193,0.9119198129270193,0.9119198129270193,0.9219198129270193,0.9419198129270193,0.9319198129270193
338,0.9215369538241021,0.9215369538241021,0.901536953824102,0.891536953824102,0.9215369538241021,0.901536953824102,0.901536953824102,0.901536953824102,0.911536953824102,0.901536953824102,0.901536953824102,0.901536953824102,0.891536953824102
339,0.8992966904358658,0.8892966904358658,0.9092966904358658,0.9092966904358658,0.9292966904358658,0.9192966904358658,0.9292966904358658,0.9192966904358658,0.9292966904358658,0.9292966904358658,0.9292966904358658,0.9192966904358658,0.8992966904358658
340,0.9398454421059051,0.9498454421059052,0.9498454421059052,0.9398454421059051,0.9398454421059051,0.9398454421059051,0.9398454421059051,0.9398454421059051,0.9598454421059052,0.9598454421059052,0.9498454421059052,0.9498454421059052,0.9498454421059052
341,0.8450954422617781,0.8450954422617781,0.8450954422617781,0.8450954422617781,0.8450954422617781,0.8450954422617781,0.8250954422617781,0.8500954422617781,0.8500954422617781,0.8500954422617781,0.8600954422617781,0.8600954422617781,0.8400954422617781
342,0.9416895626477942,0.9416895626477942,0.9316895626477942,0.9216895626477942,0.9216895626477942,0.9016895626477942,0.9116895626477942,0.9116895626477942,0.9116895626477942,0.9116895626477942,0.9266895626477942,0.9066895626477942,0.9466895626477942
343,0.9266305666391399,0.9266305666391399,0.9166305666391399,0.9266305666391399,0.9066305666391399,0.9066305666391399,0.9066305666391399,0.9066305666391399,0.9066305666391399,0.9066305666391399,0.9166305666391399,0.9166305666391399,0.9266305666391399
344,0.9463821940315716,0.9163821940315716,0.9163821940315716,0.9163821940315716,0.9313821940315716,0.9413821940315716,0.9213821940315716,0.9013821940315716,0.9013821940315716,0.9013821940315716,0.9013821940315716,0.9013821940315716,0.9013821940315716
345,0.9779216842199547,0.9779216842199547,0.9979216842199548,1.0,0.97,0.97,0.97,0.97,0.97,0.98,0.98,0.99,0.99
346,0.9083339098633557,0.9083339098633557,0.9283339098633557,0.9283339098633557,0.9283339098633557,0.9283339098633557,0.9483339098633558,0.9433339098633557,0.9433339098633557,0.9333339098633557,0.9333339098633557,0.9333339098633557,0.9433339098633557
347,0.935524120034288,0.945524120034288,0.955524120034288,0.945524120034288,0.945524120034288,0.935524120034288,0.935524120034288,0.945524120034288,0.925524120034288,0.935524120034288,0.935524120034288,0.935524120034288,0.935524120034288
348,0.9396876768168893,0.9596876768168893,0.9596876768168893,0.9596876768168893,0.9596876768168893,0.9596876768168893,0.9596876768168893,0.9596876768168893,0.9396876768168893,0.9396876768168893,0.9396876768168893,0.9496876768168893,0.9496876768168893
349,0.8470092615123577,0.8570092615123577,0.8870092615123577,0.8870092615123577,0.8820092615123577,0.8720092615123577,0.8720092615123577,0.8720092615123577,0.8720092615123577,0.8520092615123577,0.8520092615123577,0.8320092615123577,0.8220092615123576
350,1.0,0.98,0.98,0.98,0.98,0.99,0.97,0.97,0.99,0.98,0.98,0.98,1.0
351,0.8954981567068159,0.9054981567068159,0.9054981567068159,0.9154981567068159,0.8954981567068159,0.8854981567068159,0.8854981567068159,0.8854981567068159,0.9154981567068159,0.9254981567068159,0.9254981567068159,0.9354981567068159,0.9354981567068159
352,0.9389549150583874,0.9389549150583874,0.9389549150583874,0.9589549150583874,0.9589549150583874,0.9589549150583874,0.9589549150583874,0.9489549150583874,0.9389549150583874,0.9389549150583874,0.9489549150583874,0.9189549150583873,0.9389549150583874
353,0.9050782845961177,0.9250782845961177,0.9250782845961177,0.9350782845961177,0.9450782845961178,0.9400782845961178,0.9300782845961177,0.9100782845961177,0.9000782845961177,0.9100782845961177,0.9100782845961177,0.9200782845961177,0.9200782845961177
354,0.9228388885006809,0.9428388885006809,0.9628388885006809,0.9428388885006809,0.9528388885006809,0.9528388885006809,0.9628388885006809,0.9628388885006809,0.9578388885006809,0.9478388885006809,0.9278388885006809,0.9278388885006809,0.9378388885006809
355,0.8899236786905377,0.8899236786905377,0.8999236786905377,0.8999236786905377,0.8999236786905377,0.8899236786905377,0.9199236786905377,0.9299236786905377,0.9249236786905377,0.9049236786905377,0.8949236786905377,0.9049236786905377,0.9049236786905377
356,0.9125415943989614,0.9225415943989614,0.9225415943989614,0.9225415943989614,0.9425415943989615,0.9275415943989614,0.9375415943989615,0.9475415943989615,0.9375415943989615,0.9275415943989614,0.9175415943989614,0.9175415943989614,0.8875415943989614
357,0.8656803525099069,0.8656803525099069,0.8656803525099069,0.8556803525099069,0.8556803525099069,0.8556803525099069,0.8656803525099069,0.895680352509907,0.895680352509907,0.880680352509907,0.8606803525099069,0.880680352509907,0.900680352509907
358,0.8322850985025531,0.8422850985025531,0.8522850985025531,0.8422850985025531,0.8522850985025531,0.8522850985025531,0.8522850985025531,0.8522850985025531,0.8522850985025531,0.8522850985025531,0.8522850985025531,0.8322850985025531,0.8322850985025531
359,0.929763734666335,0.929763734666335,0.949763734666335,0.949763734666335,0.969763734666335,0.964763734666335,0.954763734666335,0.964763734666335,0.964763734666335,0.964763734666335,0.954763734666335,0.934763734666335,0.934763734666335
360,0.8998298522506195,0.8998298522506195,0.8998298522506195,0.8998298522506195,0.8998298522506195,0.8998298522506195,0.9098298522506195,0.9098298522506195,0.9098298522506195,0.9098298522506195,0.9098298522506195,0.9098298522506195,0.9198298522506195
361,0.8851249048698677,0.8951249048698677,0.8951249048698677,0.8851249048698677,0.8951249048698677,0.8951249048698677,0.8751249048698677,0.8751249048698677,0.8951249048698677,0.8951249048698677,0.9151249048698678,0.9151249048698678,0.9151249048698678
362,0.8709195835343582,0.8909195835343582,0.9009195835343582,0.8909195835343582,0.8709195835343582,0.8509195835343581,0.8509195835343581,0.8709195835343582,0.8609195835343582,0.8609195835343582,0.8709195835343582,0.8709195835343582,0.8709195835343582
363,0.855349601884882,0.855349601884882,0.865349601884882,0.865349601884882,0.885349601884882,0.875349601884882,0.865349601884882,0.865349601884882,0.855349601884882,0.855349601884882,0.865349601884882,0.865349601884882,0.865349601884882
364,0.8716392222988574,0.8716392222988574,0.8716392222988574,0.8816392222988574,0.8916392222988574,0.8816392222988574,0.8916392222988574,0.9016392222988574,0.8916392222988574,0.9016392222988574,0.9116392222988574,0.9116392222988574,0.9016392222988574
365,0.9341099238440397,0.9241099238440397,0.9141099238440397,0.9141099238440397,0.9241099238440397,0.9241099238440397,0.9241099238440397,0.9241099238440397,0.9241099238440397,0.9241099238440397,0.9241099238440397,0.9441099238440397,0.9441099238440397
366,1.0,1.0,1.0,1.0,1.0,1.0,1.0,1.0,1.0,0.99,0.99,0.97,0.97
367,0.907481262452005,0.907481262452005,0.897481262452005,0.897481262452005,0.897481262452005,0.887481262452005,0.877481262452005,0.907481262452005,0.907481262452005,0.897481262452005,0.897481262452005,0.887481262452005,0.887481262452005
368,0.9217555786820324,0.9317555786820324,0.9317555786820324,0.9317555786820324,0.9317555786820324,0.9417555786820324,0.9417555786820324,0.9417555786820324,0.9517555786820324,0.9317555786820324,0.9617555786820324,0.9617555786820324,0.9517555786820324
369,0.979192614323233,0.979192614323233,0.979192614323233,0.979192614323233,0.969192614323233,0.979192614323233,0.979192614323233,0.979192614323233,0.979192614323233,0.979192614323233,0.979192614323233,0.979192614323233,0.979192614323233
370,0.9120624582071746,0.9120624582071746,0.8820624582071745,0.8820624582071745,0.8920624582071746,0.8820624582071745,0.8820624582071745,0.8820624582071745,0.8970624582071746,0.8970624582071746,0.8970624582071746,0.9070624582071746,0.9170624582071746
371,0.9788899219386651,0.9788899219386651,0.9788899219386651,0.9788899219386651,0.9888899219386651,0.9788899219386651,0.9888899219386651,0.9988899219386651,0.9888899219386651,0.9888899219386651,0.9888899219386651,1.0,0.99
372,0.931683641776671,0.941683641776671,0.941683641776671,0.941683641776671,0.941683641776671,0.941683641776671,0.961683641776671,0.971683641776671,0.971683641776671,0.951683641776671,0.951683641776671,0.951683641776671,0.961683641776671
373,0.9166847921469727,0.9166847921469727,0.9266847921469727,0.9166847921469727,0.9266847921469727,0.9166847921469727,0.9166847921469727,0.9266847921469727,0.8866847921469727,0.8766847921469727,0.8866847921469727,0.8966847921469727,0.8966847921469727
374,0.965502635777499,0.975502635777499,0.975502635777499,0.9555026357774989,0.975502635777499,0.985502635777499,0.985502635777499,0.985502635777499,1.0,0.995,0.985,0.975,0.955
375,0.8692726222843853,0.8792726222843853,0.8692726222843853,0.8692726222843853,0.8692726222843853,0.8692726222843853,0.8792726222843853,0.8792726222843853,0.8992726222843853,0.8992726222843853,0.8842726222843853,0.8742726222843853,0.8742726222843853
376,0.9579454746243914,0.9579454746243914,0.9379454746243914,0.9379454746243914,0.9379454746243914,0.9279454746243914,0.9429454746243914,0.9229454746243914,0.9229454746243914,0.9229454746243914,0.9229454746243914,0.9329454746243914,0.9329454746243914
377,0.8878905253001979,0.8878905253001979,0.8878905253001979,0.8878905253001979,0.8878905253001979,0.8878905253001979,0.8578905253001978,0.8728905253001978,0.8728905253001978,0.8828905253001978,0.8628905253001978,0.8628905253001978,0.8428905253001978
378,0.9188661938508287,0.9188661938508287,0.9288661938508287,0.9288661938508287,0.9288661938508287,0.9188661938508287,0.9188661938508287,0.9188661938508287,0.9188661938508287,0.9588661938508287,0.9588661938508287,0.9588661938508287,0.9588661938508287
379,0.9282788204776747,0.9582788204776748,0.9582788204776748,0.9582788204776748,0.9582788204776748,0.9682788204776748,0.9682788204776748,0.9682788204776748,0.9682788204776748,0.9682788204776748,0.9632788204776748,0.9532788204776748,0.9532788204776748
380,0.9410792520503883,0.9310792520503883,0.9210792520503883,0.9010792520503883,0.9010792520503883,0.9010792520503883,0.9010792520503883,0.9010792520503883,0.9060792520503883,0.9060792520503883,0.9060792520503883,0.9060792520503883,0.9060792520503883
381,0.9526507313876105,0.9526507313876105,0.9526507313876105,0.9426507313876105,0.9426507313876105,0.9626507313876105,0.9626507313876105,0.9626507313876105,0.9626507313876105,0.9626507313876105,0.9526507313876105,0.9326507313876105,0.9526507313876105
382,0.9110387406258611,0.9110387406258611,0.9210387406258611,0.9210387406258611,0.9210387406258611,0.9110387406258611,0.9110387406258611,0.9110387406258611,0.8910387406258611,0.8910387406258611,0.9110387406258611,0.9110387406258611,0.9110387406258611
383,0.9434517265891511,0.9434517265891511,0.9334517265891511,0.9334517265891511,0.9234517265891511,0.9134517265891511,0.9134517265891511,0.9034517265891511,0.9234517265891511,0.9334517265891511,0.9534517265891511,0.9534517265891511,0.9434517265891511
384,0.9410418623636752,0.9510418623636752,0.9510418623636752,0.9710418623636752,0.9610418623636752,0.9610418623636752,0.9810418623636752,0.9810418623636752,0.9610418623636752,0.9610418623636752,0.9610418623636752,0.9610418623636752,0.9410418623636752
385,0.8916817359032497,0.8916817359032497,0.8916817359032497,0.8816817359032497,0.8816817359032497,0.8716817359032497,0.8816817359032497,0.8916817359032497,0.8716817359032497,0.8616817359032497,0.8616817359032497,0.8616817359032497,0.8516817359032497
386,0.872042514823787,0.872042514823787,0.892042514823787,0.9020425148237871,0.9020425148237871,0.892042514823787,0.852042514823787,0.852042514823787,0.852042514823787,0.852042514823787,0.852042514823787,0.832042514823787,0.832042514823787
387,0.935013263284123,0.935013263284123,0.925013263284123,0.925013263284123,0.935013263284123,0.935013263284123,0.935013263284123,0.945013263284123,0.935013263284123,0.925013263284123,0.925013263284123,0.935013263284123,0.945013263284123
388,0.9342325637077614,0.9342325637077614,0.9442325637077614,0.9442325637077614,0.9342325637077614,0.9342325637077614,0.9542325637077614,0.9642325637077614,0.9742325637077615,0.9442325637077614,0.9442325637077614,0.9442325637077614,0.9342325637077614
389,0.959905901201959,0.999905901201959,0.994905901201959,0.984905901201959,0.984905901201959,0.984905901201959,0.994905901201959,0.994905901201959,0.984905901201959,0.984905901201959,0.974905901201959,0.964905901201959,0.964905901201959
390,0.9023096318102488,0.9123096318102488,0.8923096318102488,0.8923096318102488,0.8823096318102488,0.8723096318102488,0.8723096318102488,0.8723096318102488,0.8723096318102488,0.8723096318102488,0.8623096318102488,0.8723096318102488,0.8723096318102488
391,0.9182678568631573,0.9182678568631573,0.9182678568631573,0.9182678568631573,0.9182678568631573,0.9282678568631573,0.9282678568631573,0.9382678568631573,0.9582678568631573,0.9582678568631573,0.9482678568631573,0.9482678568631573,0.9482678568631573
392,0.8808978503984327,0.8808978503984327,0.8808978503984327,0.8808978503984327,0.8808978503984327,0.8408978503984327,0.8408978503984327,0.8608978503984327,0.8408978503984327,0.8408978503984327,0.8408978503984327,0.8408978503984327,0.8458978503984327
393,0.9474749109374067,0.9674749109374067,0.9674749109374067,0.9424749109374067,0.9324749109374066,0.9424749109374067,0.9424749109374067,0.9324749109374066,0.9324749109374066,0.9324749109374066,0.9224749109374066,0.9224749109374066,0.9424749109374067
394,0.871641745745933,0.861641745745933,0.871641745745933,0.871641745745933,0.871641745745933,0.861641745745933,0.851641745745933,0.851641745745933,0.841641745745933,0.851641745745933,0.851641745745933,0.851641745745933,0.841641745745933
395,0.9415851053068076,0.9315851053068076,0.9515851053068076,0.9615851053068076,0.9615851053068076,0.9615851053068076,0.9515851053068076,0.9515851053068076,0.9615851053068076,0.9615851053068076,0.9365851053068076,0.9465851053068076,0.9465851053068076
396,0.917381763326152,0.8973817633261519,0.8873817633261519,0.8973817633261519,0.907381763326152,0.917381763326152,0.927381763326152,0.947381763326152,0.947381763326152,0.937381763326152,0.917381763326152,0.8973817633261519,0.917381763326152
397,0.8955626494354129,0.9055626494354129,0.9055626494354129,0.9055626494354129,0.9055626494354129,0.9055626494354129,0.8855626494354129,0.8855626494354129,0.9155626494354129,0.9255626494354129,0.9255626494354129,0.9155626494354129,0.9155626494354129
398,0.929288182194871,0.929288182194871,0.919288182194871,0.939288182194871,0.919288182194871,0.909288182194871,0.919288182194871,0.909288182194871,0.919288182194871,0.939288182194871,0.929288182194871,0.939288182194871,0.939288182194871
399,0.8600337897097176,0.8700337897097176,0.8700337897097176,0.8600337897097176,0.8700337897097176,0.8600337897097176,0.8900337897097176,0.8700337897097176,0.8800337897097176,0.9000337897097176,0.8900337897097176,0.8700337897097176,0.8700337897097176
400,0.9326183601704824,0.9426183601704824,0.9326183601704824,0.9326183601704824,0.9126183601704824,0.9126183601704824,0.9126183601704824,0.9026183601704824,0.9026183601704824,0.9126183601704824,0.8926183601704824,0.9126183601704824,0.9126183601704824
401,0.8940040316122675,0.8940040316122675,0.8940040316122675,0.8940040316122675,0.9140040316122675,0.9140040316122675,0.9140040316122675,0.9240040316122675,0.8840040316122675,0.9040040316122675,0.8840040316122675,0.8940040316122675,0.8940040316122675
402,0.9161808242913623,0.9161808242913623,0.9161808242913623,0.8961808242913623,0.8861808242913622,0.8761808242913622,0.8761808242913622,0.8761808242913622,0.8811808242913622,0.8911808242913623,0.8911808242913623,0.9111808242913623,0.9111808242913623
403,0.9213631216911067,0.9213631216911067,0.9213631216911067,0.9113631216911067,0.9013631216911067,0.9263631216911067,0.9263631216911067,0.9163631216911067,0.9263631216911067,0.8963631216911067,0.8863631216911066,0.8963631216911067,0.8963631216911067
404,0.865242710128404,0.845242710128404,0.825242710128404,0.825242710128404,0.825242710128404,0.825242710128404,0.825242710128404,0.845242710128404,0.845242710128404,0.855242710128404,0.845242710128404,0.845242710128404,0.845242710128404
405,0.9007060860948701,0.9007060860948701,0.9007060860948701,0.9307060860948702,0.9207060860948701,0.9107060860948701,0.9207060860948701,0.8907060860948701,0.9007060860948701,0.9007060860948701,0.9007060860948701,0.9007060860948701,0.9007060860948701
406,0.9477852914621263,0.9477852914621263,0.9377852914621263,0.9377852914621263,0.9377852914621263,0.9277852914621263,0.9277852914621263,0.9177852914621263,0.9327852914621263,0.9427852914621263,0.9327852914621263,0.9227852914621263,0.9327852914621263
407,0.9251048468677627,0.9251048468677627,0.9251048468677627,0.9351048468677627,0.9451048468677627,0.9451048468677627,0.9551048468677628,0.9451048468677627,0.9451048468677627,0.9451048468677627,0.9201048468677627,0.9201048468677627,0.9301048468677627
408,0.948393085485241,0.938393085485241,0.938393085485241,0.958393085485241,0.958393085485241,0.948393085485241,0.938393085485241,0.938393085485241,0.938393085485241,0.938393085485241,0.938393085485241,0.9733930854852411,0.9833930854852411
409,0.9483391891735337,0.9583391891735337,0.9583391891735337,0.9483391891735337,0.9583391891735337,0.9483391891735337,0.9483391891735337,0.9483391891735337,0.9483391891735337,0.9483391891735337,0.9483391891735337,0.9283391891735336,0.9183391891735336
410,0.9482964250899331,0.938296425089933,0.928296425089933,0.928296425089933,0.928296425089933,0.918296425089933,0.918296425089933,0.918296425089933,0.918296425089933,0.918296425089933,0.918296425089933,0.918296425089933,0.933296425089933
411,0.9596934174105515,0.9296934174105514,0.9396934174105515,0.9396934174105515,0.9196934174105514,0.9296934174105514,0.9296934174105514,0.9196934174105514,0.9196934174105514,0.9196934174105514,0.9246934174105514,0.9246934174105514,0.9346934174105515
412,0.9048516372406292,0.8948516372406292,0.8848516372406292,0.8848516372406292,0.8748516372406292,0.8748516372406292,0.8648516372406292,0.8698516372406292,0.8798516372406292,0.8998516372406292,0.9098516372406292,0.8998516372406292,0.9098516372406292
413,0.8898175755722255,0.8998175755722255,0.9098175755722255,0.9098175755722255,0.9098175755722255,0.8898175755722255,0.8998175755722255,0.8898175755722255,0.8798175755722255,0.8998175755722255,0.8998175755722255,0.8898175755722255,0.9198175755722255
414,0.8960225831144742,0.8960225831144742,0.8860225831144742,0.8760225831144742,0.8760225831144742,0.8760225831144742,0.8760225831144742,0.8760225831144742,0.8760225831144742,0.8860225831144742,0.8960225831144742,0.8860225831144742,0.8960225831144742
415,0.8826244879290049,0.902624487929005,0.892624487929005,0.912624487929005,0.902624487929005,0.902624487929005,0.922624487929005,0.917624487929005,0.907624487929005,0.887624487929005,0.907624487929005,0.887624487929005,0.8676244879290049
416,0.9809524394436997,0.9809524394436997,0.9809524394436997,0.9809524394436997,0.9809524394436997,1.0,0.99,1.0,1.0,1.0,0.995,0.985,0.985
417,0.8819901604951105,0.8919901604951105,0.8819901604951105,0.8819901604951105,0.8919901604951105,0.8919901604951105,0.8919901604951105,0.9019901604951105,0.9219901604951105,0.9019901604951105,0.9019901604951105,0.9019901604951105,0.8919901604951105
418,0.9560850708604992,0.9560850708604992,0.9660850708604992,0.9460850708604992,0.9360850708604992,0.9460850708604992,0.9560850708604992,0.9460850708604992,0.9660850708604992,0.9660850708604992,0.9660850708604992,0.9660850708604992,0.9660850708604992
419,0.9328863416852562,0.9228863416852562,0.9028863416852562,0.8928863416852562,0.8978863416852562,0.8978863416852562,0.9178863416852562,0.9378863416852562,0.9478863416852562,0.9578863416852562,0.9478863416852562,0.9478863416852562,0.9478863416852562
420,0.9266919254799358,0.9366919254799358,0.9566919254799359,0.9566919254799359,0.9416919254799359,0.9416919254799359,0.9516919254799359,0.9616919254799359,0.9416919254799359,0.9716919254799359,0.9716919254799359,0.9716919254799359,0.9516919254799359
421,0.9233786163606805,0.9333786163606805,0.9333786163606805,0.9333786163606805,0.9433786163606805,0.9433786163606805,0.9433786163606805,0.9533786163606806,0.9433786163606805,0.9183786163606805,0.9383786163606805,0.9383786163606805,0.9483786163606805
422,0.9306840172718067,0.9306840172718067,0.9306840172718067,0.9106840172718067,0.8906840172718067,0.8956840172718067,0.8956840172718067,0.8956840172718067,0.9056840172718067,0.9156840172718067,0.8956840172718067,0.9056840172718067,0.9156840172718067
423,0.8814941315939366,0.8814941315939366,0.8814941315939366,0.8914941315939366,0.9014941315939367,0.8814941315939366,0.8814941315939366,0.8814941315939366,0.8814941315939366,0.8814941315939366,0.8814941315939366,0.8714941315939366,0.8814941315939366
424,0.9089185182099503,0.9089185182099503,0.8989185182099503,0.9189185182099503,0.9389185182099503,0.9389185182099503,0.9289185182099503,0.9189185182099503,0.9189185182099503,0.9289185182099503,0.9389185182099503,0.9389185182099503,0.9389185182099503
425,0.949492406633571,0.929492406633571,0.949492406633571,0.949492406633571,0.939492406633571,0.949492406633571,0.959492406633571,0.9694924066335711,0.9694924066335711,0.9694924066335711,0.9794924066335711,0.9794924066335711,0.9694924066335711
426,0.9147285618648087,0.8947285618648086,0.8847285618648086,0.8847285618648086,0.8847285618648086,0.8947285618648086,0.9247285618648087,0.9247285618648087,0.9047285618648087,0.9047285618648087,0.9147285618648087,0.9247285618648087,0.9247285618648087
427,0.894736908255494,0.894736908255494,0.914736908255494,0.914736908255494,0.904736908255494,0.904736908255494,0.884736908255494,0.884736908255494,0.894736908255494,0.884736908255494,0.864736908255494,0.874736908255494,0.884736908255494
428,0.9080730999742951,0.9080730999742951,0.8980730999742951,0.8880730999742951,0.8880730999742951,0.8880730999742951,0.8880730999742951,0.8880730999742951,0.8880730999742951,0.8880730999742951,0.8880730999742951,0.8980730999742951,0.9080730999742951
429,0.9120351321936785,0.9120351321936785,0.9220351321936785,0.9120351321936785,0.8920351321936785,0.9020351321936785,0.9120351321936785,0.9120351321936785,0.9220351321936785,0.9320351321936785,0.9070351321936785,0.8970351321936785,0.8770351321936785
430,0.910752187197351,0.920752187197351,0.920752187197351,0.910752187197351,0.900752187197351,0.8907521871973509,0.8907521871973509,0.8807521871973509,0.8807521871973509,0.8807521871973509,0.8907521871973509,0.8907521871973509,0.910752187197351
431,0.8803796680985095,0.8903796680985095,0.8903796680985095,0.8803796680985095,0.8803796680985095,0.8503796680985095,0.8803796680985095,0.8803796680985095,0.8703796680985095,0.8703796680985095,0.8703796680985095,0.8703796680985095,0.8803796680985095
432,0.8887105326986416,0.8987105326986417,0.9187105326986417,0.8987105326986417,0.8987105326986417,0.8987105326986417,0.8987105326986417,0.9087105326986417,0.9187105326986417,0.9187105326986417,0.9287105326986417,0.9287105326986417,0.9187105326986417
433,0.9525416190268,0.9525416190268,0.9525416190268,0.9525416190268,0.9625416190268,0.9525416190268,0.9525416190268,0.9525416190268,0.9425416190268,0.9625416190268,0.9825416190268,0.9725416190268,0.9825416190268
434,0.9502819488332075,0.9602819488332075,0.9702819488332075,0.9702819488332075,0.9902819488332075,0.9852819488332075,0.9752819488332075,0.9852819488332075,0.9752819488332075,0.9852819488332075,0.9752819488332075,0.9552819488332075,0.9752819488332075
435,0.9165093559003692,0.8965093559003692,0.8965093559003692,0.8865093559003692,0.8865093559003692,0.8765093559003692,0.8815093559003692,0.9115093559003692,0.9115093559003692,0.9015093559003692,0.9015093559003692,0.8815093559003692,0.8915093559003692
436,0.88599369007953,0.87599369007953,0.86599369007953,0.86599369007953,0.87599369007953,0.87599369007953,0.85599369007953,0.86599369007953,0.86599369007953,0.84599369007953,0.84599369007953,0.85099369007953,0.84099369007953
437,0.7894228100820068,0.7794228100820068,0.7794228100820068,0.7794228100820068,0.7594228100820067,0.7494228100820067,0.7594228100820067,0.7744228100820068,0.7744228100820068,0.7744228100820068,0.7744228100820068,0.7744228100820068,0.8044228100820068
438,0.9218458045863005,0.9318458045863005,0.9318458045863005,0.9318458045863005,0.9318458045863005,0.9218458045863005,0.9318458045863005,0.9318458045863005,0.9518458045863005,0.9618458045863005,0.9618458045863005,0.9568458045863005,0.9468458045863005
439,1.0,1.0,0.98,0.97,0.97,0.97,0.99,1.0,0.99,0.99,0.99,0.99,0.99
440,0.8103915094709175,0.8103915094709175,0.8103915094709175,0.8103915094709175,0.8103915094709175,0.8103915094709175,0.8103915094709175,0.8303915094709176,0.8103915094709175,0.8103915094709175,0.8203915094709175,0.8103915094709175,0.7803915094709175
441,0.9526806456509431,0.9326806456509431,0.9326806456509431,0.9626806456509431,0.9626806456509431,0.9626806456509431,0.9626806456509431,0.9526806456509431,0.9826806456509432,0.9826806456509432,0.9826806456509432,0.9826806456509432,0.9826806456509432
442,0.9857701301176468,1.0,1.0,1.0,1.0,1.0,0.98,0.98,0.98,0.98,0.98,0.98,0.97
443,0.9183415006596908,0.9283415006596908,0.9283415006596908,0.9283415006596908,0.9183415006596908,0.9183415006596908,0.9183415006596908,0.9183415006596908,0.9183415006596908,0.9283415006596908,0.9483415006596908,0.9383415006596908,0.9283415006596908
444,0.9697968997543072,0.9797968997543072,0.9597968997543072,0.9697968997543072,0.9497968997543071,0.9497968997543071,0.9397968997543071,0.9397968997543071,0.9297968997543071,0.9297968997543071,0.9497968997543071,0.9497968997543071,0.9297968997543071
445,0.9199480051590592,0.9199480051590592,0.9499480051590592,0.9599480051590592,0.9599480051590592,0.9549480051590592,0.9449480051590592,0.9349480051590592,0.9249480051590592,0.9349480051590592,0.9349480051590592,0.9249480051590592,0.9249480051590592
446,0.9064255540432395,0.8864255540432395,0.8864255540432395,0.8764255540432395,0.8764255540432395,0.8664255540432395,0.8664255540432395,0.8664255540432395,0.8714255540432395,0.8714255540432395,0.8914255540432395,0.8814255540432395,0.8914255540432395
447,0.9782358613286237,0.9882358613286237,1.0,1.0,1.0,1.0,1.0,0.995,0.995,0.995,0.985,0.995,0.995
448,0.8691775949774531,0.859177594977453,0.859177594977453,0.859177594977453,0.859177594977453,0.859177594977453,0.8691775949774531,0.859177594977453,0.839177594977453,0.839177594977453,0.839177594977453,0.839177594977453,0.854177594977453
449,0.8702093295608471,0.8702093295608471,0.8702093295608471,0.8702093295608471,0.8702093295608471,0.8602093295608471,0.840209329560847,0.8602093295608471,0.850209329560847,0.8702093295608471,0.8702093295608471,0.8702093295608471,0.8602093295608471
450,0.9402426644222075,0.9602426644222075,0.9602426644222075,0.9302426644222075,0.9202426644222075,0.9002426644222075,0.9052426644222075,0.9152426644222075,0.9352426644222075,0.9352426644222075,0.9352426644222075,0.9352426644222075,0.9552426644222075
451,0.9061411139933566,0.9261411139933566,0.9361411139933566,0.9461411139933567,0.9461411139933567,0.9461411139933567,0.9461411139933567,0.9461411139933567,0.9261411139933566,0.9161411139933566,0.8961411139933566,0.9061411139933566,0.9261411139933566
452,0.9519873683242568,0.9419873683242568,0.9319873683242568,0.9219873683242568,0.9319873683242568,0.9119873683242568,0.9119873683242568,0.9119873683242568,0.9219873683242568,0.9369873683242568,0.9169873683242568,0.9169873683242568,0.9269873683242568
453,0.934178480390587,0.934178480390587,0.9541784803905871,0.9541784803905871,0.9541784803905871,0.9541784803905871,0.9541784803905871,0.9541784803905871,0.9641784803905871,0.9641784803905871,0.9541784803905871,0.9541784803905871,0.9541784803905871
454,0.9278387780726849,0.9378387780726849,0.9378387780726849,0.9478387780726849,0.9478387780726849,0.9678387780726849,0.9678387780726849,0.9478387780726849,0.9578387780726849,0.9578387780726849,0.9478387780726849,0.9478387780726849,0.9478387780726849
455,0.8469688650601968,0.8469688650601968,0.8469688650601968,0.8469688650601968,0.8469688650601968,0.8169688650601967,0.8169688650601967,0.8319688650601967,0.8419688650601967,0.8719688650601968,0.8819688650601968,0.8819688650601968,0.8819688650601968
456,0.8530965252120072,0.8630965252120072,0.8830965252120072,0.8730965252120072,0.8730965252120072,0.8830965252120072,0.8730965252120072,0.8730965252120072,0.8830965252120072,0.8830965252120072,0.8730965252120072,0.8630965252120072,0.8530965252120072
457,0.8730774928882928,0.8730774928882928,0.8930774928882929,0.8830774928882928,0.8730774928882928,0.8730774928882928,0.8830774928882928,0.9130774928882929,0.9080774928882929,0.9080774928882929,0.9080774928882929,0.8980774928882929,0.8780774928882928
458,0.8715865883371836,0.8815865883371836,0.8815865883371836,0.8815865883371836,0.8815865883371836,0.8715865883371836,0.8715865883371836,0.8815865883371836,0.8915865883371836,0.9015865883371836,0.8915865883371836,0.8815865883371836,0.8815865883371836
459,1.0,0.99,0.98,1.0,1.0,1.0,1.0,1.0,0.98,0.99,1.0,1.0,1.0
460,0.9755214627073429,0.9655214627073428,0.9655214627073428,0.9555214627073428,0.9555214627073428,0.9555214627073428,0.9855214627073429,0.9855214627073429,0.9955214627073429,0.9855214627073429,0.9755214627073429,0.9755214627073429,0.9755214627073429
461,0.9530959539438673,0.9530959539438673,0.9630959539438673,0.9630959539438673,0.9630959539438673,0.9830959539438673,0.9730959539438673,0.9930959539438673,0.9880959539438673,0.9780959539438673,0.9980959539438673,0.9980959539438673,0.9980959539438673
462,0.933001502691901,0.923001502691901,0.923001502691901,0.923001502691901,0.933001502691901,0.923001502691901,0.923001502691901,0.923001502691901,0.913001502691901,0.913001502691901,0.913001502691901,0.913001502691901,0.9030015026919009
463,0.9086068167618043,0.8986068167618043,0.8786068167618043,0.8786068167618043,0.8686068167618043,0.8686068167618043,0.8686068167618043,0.8736068167618043,0.8836068167618043,0.8736068167618043,0.8836068167618043,0.9036068167618043,0.9036068167618043
464,0.9736241961716736,0.9736241961716736,0.9736241961716736,0.9936241961716736,0.9936241961716736,1.0,0.99,0.98,0.98,0.98,0.98,0.95,0.96
465,0.8318320027622651,0.8418320027622651,0.8318320027622651,0.8318320027622651,0.8418320027622651,0.8418320027622651,0.8418320027622651,0.8418320027622651,0.8318320027622651,0.8218320027622651,0.8218320027622651,0.8218320027622651,0.8218320027622651
466,0.9269173239091527,0.9269173239091527,0.9269173239091527,0.9469173239091527,0.9569173239091527,0.9669173239091527,0.9569173239091527,0.9169173239091527,0.9169173239091527,0.9069173239091527,0.9169173239091527,0.8969173239091527,0.9069173239091527
467,0.8919195411901009,0.8919195411901009,0.8919195411901009,0.8919195411901009,0.8819195411901009,0.8619195411901008,0.8719195411901008,0.8719195411901008,0.8619195411901008,0.8519195411901008,0.8719195411901008,0.8519195411901008,0.8519195411901008
468,0.8412105232336626,0.8712105232336627,0.8712105232336627,0.8712105232336627,0.8812105232336627,0.8712105232336627,0.8612105232336627,0.8612105232336627,0.8612105232336627,0.8512105232336626,0.8612105232336627,0.8612105232336627,0.8612105232336627
469,0.8203208550738089,0.8303208550738089,0.8403208550738089,0.8403208550738089,0.850320855073809,0.8403208550738089,0.850320855073809,0.850320855073809,0.850320855073809,0.860320855073809,0.855320855073809,0.855320855073809,0.855320855073809
470,0.9690730939314438,0.9690730939314438,0.9790730939314438,0.9590730939314438,0.9590730939314438,0.9690730939314438,0.9790730939314438,0.9590730939314438,0.9690730939314438,0.9790730939314438,0.9690730939314438,0.9690730939314438,0.9690730939314438
471,0.9070199741784714,0.8970199741784713,0.8970199741784713,0.8970199741784713,0.8870199741784713,0.8970199741784713,0.8970199741784713,0.8870199741784713,0.9170199741784714,0.9270199741784714,0.9270199741784714,0.9270199741784714,0.9170199741784714
472,0.9339850615647831,0.9239850615647831,0.9239850615647831,0.9139850615647831,0.9339850615647831,0.9339850615647831,0.9239850615647831,0.9339850615647831,0.9339850615647831,0.9339850615647831,0.9339850615647831,0.9339850615647831,0.9339850615647831
473,0.8611066285904676,0.8611066285904676,0.8711066285904676,0.8611066285904676,0.8511066285904676,0.8611066285904676,0.8711066285904676,0.8811066285904676,0.8911066285904676,0.8911066285904676,0.8911066285904676,0.8911066285904676,0.8711066285904676
474,0.964748755984744,0.944748755984744,0.944748755984744,0.9347487559847439,0.9247487559847439,0.9297487559847439,0.9297487559847439,0.9297487559847439,0.9397487559847439,0.9397487559847439,0.9197487559847439,0.9197487559847439,0.9197487559847439
475,0.9655347521225353,0.9455347521225352,0.9455347521225352,0.9655347521225353,0.9655347521225353,0.9555347521225352,0.9455347521225352,0.9455347521225352,0.9455347521225352,0.9755347521225353,0.9455347521225352,0.9555347521225352,0.9555347521225352
476,0.9392162370419103,0.9292162370419103,0.9192162370419102,0.9292162370419103,0.9292162370419103,0.9392162370419103,0.9592162370419103,0.9392162370419103,0.9592162370419103,0.9692162370419103,0.9692162370419103,0.9692162370419103,0.9692162370419103
477,0.8366948471372446,0.8366948471372446,0.8266948471372446,0.8266948471372446,0.8066948471372446,0.8266948471372446,0.8366948471372446,0.8366948471372446,0.8366948471372446,0.8466948471372446,0.8566948471372446,0.8666948471372447,0.8466948471372446
478,0.90342509236924,0.92342509236924,0.91342509236924,0.92342509236924,0.91342509236924,0.92342509236924,0.94342509236924,0.93342509236924,0.93342509236924,0.93342509236924,0.93342509236924,0.92342509236924,0.92342509236924
479,0.9714889847085605,0.9514889847085605,0.9514889847085605,0.9314889847085605,0.9364889847085605,0.9364889847085605,0.9364889847085605,0.9364889847085605,0.9364889847085605,0.9364889847085605,0.9464889847085605,0.9464889847085605,0.9464889847085605
480,0.8866896214693111,0.8766896214693111,0.8666896214693111,0.8766896214693111,0.8866896214693111,0.8966896214693111,0.9166896214693111,0.9016896214693111,0.9316896214693111,0.9316896214693111,0.9316896214693111,0.9316896214693111,0.9316896214693111
481,0.8648260305334821,0.8648260305334821,0.844826030533482,0.844826030533482,0.834826030533482,0.834826030533482,0.834826030533482,0.834826030533482,0.854826030533482,0.854826030533482,0.8848260305334821,0.8848260305334821,0.8848260305334821
482,0.874164269103085,0.874164269103085,0.864164269103085,0.8341642691030849,0.844164269103085,0.844164269103085,0.864164269103085,0.864164269103085,0.864164269103085,0.864164269103085,0.864164269103085,0.864164269103085,0.874164269103085
483,0.9584431999923431,0.9584431999923431,0.9584431999923431,0.9684431999923431,0.9784431999923431,0.9684431999923431,0.9684431999923431,0.9684431999923431,0.9584431999923431,0.9484431999923431,0.9584431999923431,0.9784431999923431,0.9784431999923431
484,0.9441725837902999,0.9541725837902999,0.9541725837902999,0.9191725837902999,0.9191725837902999,0.9091725837902999,0.9091725837902999,0.9091725837902999,0.8991725837902999,0.9091725837902999,0.9291725837902999,0.9291725837902999,0.9191725837902999
485,0.8671179285977233,0.8671179285977233,0.8671179285977233,0.8571179285977233,0.8471179285977233,0.8571179285977233,0.8371179285977233,0.8371179285977233,0.8271179285977233,0.8271179285977233,0.8271179285977233,0.8571179285977233,0.8471179285977233
486,0.8204931409891709,0.8204931409891709,0.8304931409891709,0.8304931409891709,0.8304931409891709,0.8204931409891709,0.8204931409891709,0.8304931409891709,0.8304931409891709,0.8304931409891709,0.8304931409891709,0.8304931409891709,0.8204931409891709
487,0.9304475732897995,0.9404475732897996,0.9404475732897996,0.9404475732897996,0.9404475732897996,0.9404475732897996,0.9204475732897995,0.9204475732897995,0.9104475732897995,0.9104475732897995,0.9204475732897995,0.9304475732897995,0.9304475732897995
488,0.9344235163745483,0.9444235163745484,0.9444235163745484,0.9444235163745484,0.9044235163745483,0.9044235163745483,0.9244235163745483,0.9244235163745483,0.9244235163745483,0.9244235163745483,0.9244235163745483,0.9244235163745483,0.9044235163745483
489,0.9125725150904149,0.9225725150904149,0.9225725150904149,0.9325725150904149,0.942572515090415,0.9325725150904149,0.942572515090415,0.9325725150904149,0.9225725150904149,0.9325725150904149,0.9225725150904149,0.9225725150904149,0.9125725150904149
490,0.950828468346259,0.950828468346259,0.970828468346259,0.960828468346259,0.960828468346259,0.950828468346259,0.950828468346259,0.950828468346259,0.950828468346259,0.950828468346259,0.950828468346259,0.960828468346259,0.980828468346259
491,0.9013958870407653,0.9113958870407654,0.9113958870407654,0.9113958870407654,0.9113958870407654,0.9213958870407654,0.9113958870407654,0.9013958870407653,0.9213958870407654,0.9113958870407654,0.9213958870407654,0.9213958870407654,0.9113958870407654
492,0.9705402896464603,0.9905402896464603,0.9705402896464603,0.9805402896464603,0.9805402896464603,0.9905402896464603,1.0,0.99,0.99,1.0,1.0,1.0,0.99
493,1.0,1.0,1.0,0.995,0.995,0.995,0.985,0.985,0.985,0.985,0.965,0.965,0.965
494,0.8885387384474296,0.8985387384474296,0.8985387384474296,0.8885387384474296,0.8685387384474296,0.8785387384474296,0.8785387384474296,0.8785387384474296,0.8785387384474296,0.8785387384474296,0.9085387384474296,0.9085387384474296,0.9085387384474296
495,0.8431847145526444,0.8531847145526444,0.8331847145526444,0.8431847145526444,0.8431847145526444,0.8531847145526444,0.8231847145526444,0.8231847145526444,0.8331847145526444,0.8431847145526444,0.8531847145526444,0.8531847145526444,0.8631847145526444
496,0.9189085071250397,0.9189085071250397,0.9189085071250397,0.9189085071250397,0.9389085071250397,0.9389085071250397,0.9389085071250397,0.9389085071250397,0.9389085071250397,0.9189085071250397,0.9389085071250397,0.9489085071250397,0.9489085071250397
497,0.8894144885833749,0.8994144885833749,0.8994144885833749,0.8894144885833749,0.8794144885833749,0.8794144885833749,0.8794144885833749,0.8794144885833749,0.8694144885833749,0.8794144885833749,0.8894144885833749,0.8994144885833749,0.8994144885833749
498,0.961704835690215,0.971704835690215,0.971704835690215,0.971704835690215,0.971704835690215,0.951704835690215,0.961704835690215,0.961704835690215,0.941704835690215,0.941704835690215,0.941704835690215,0.931704835690215,0.931704835690215
499,0.9232762096350582,0.9232762096350582,0.9132762096350582,0.9132762096350582,0.9032762096350582,0.9132762096350582,0.9032762096350582,0.9032762096350582,0.9132762096350582,0.9482762096350582,0.9582762096350582,0.9582762096350582,0.9682762096350582
500,0.957440698348704,0.957440698348704,0.967440698348704,0.967440698348704,0.967440698348704,0.957440698348704,0.947440698348704,0.957440698348704,0.957440698348704,0.9774406983487041,0.9774406983487041,0.9774406983487041,0.9774406983487041
501,0.7896236542533532,0.7896236542533532,0.7996236542533532,0.8096236542533533,0.7996236542533532,0.7896236542533532,0.7996236542533532,0.7996236542533532,0.7896236542533532,0.7896236542533532,0.7796236542533532,0.7796236542533532,0.7696236542533532
502,0.8693638051059716,0.8593638051059715,0.8393638051059715,0.8393638051059715,0.8493638051059715,0.8493638051059715,0.8693638051059716,0.8593638051059715,0.8593638051059715,0.8693638051059716,0.8593638051059715,0.8693638051059716,0.8793638051059716
503,0.9596306784143437,0.9696306784143437,0.9696306784143437,0.9696306784143437,0.9896306784143437,0.9746306784143437,0.9746306784143437,0.9746306784143437,0.9746306784143437,0.9746306784143437,0.9646306784143437,0.9746306784143437,0.9746306784143437
504,0.8628675604345483,0.8728675604345483,0.8628675604345483,0.8628675604345483,0.8728675604345483,0.9028675604345483,0.9028675604345483,0.9028675604345483,0.9028675604345483,0.8978675604345483,0.8878675604345483,0.8778675604345483,0.8778675604345483
505,0.9867251697692795,0.9967251697692795,0.9767251697692795,0.9667251697692795,0.9767251697692795,0.9767251697692795,1.0,1.0,0.995,0.985,0.985,0.975,0.965
506,0.9930554081539257,0.9730554081539257,0.9630554081539257,0.9730554081539257,0.9730554081539257,0.9730554081539257,0.9830554081539257,0.9930554081539257,0.9930554081539257,1.0,1.0,1.0,0.99
507,0.925116303364871,0.9351163033648711,0.925116303364871,0.905116303364871,0.915116303364871,0.915116303364871,0.915116303364871,0.905116303364871,0.905116303364871,0.895116303364871,0.910116303364871,0.920116303364871,0.9401163033648711
508,0.8922411469850565,0.9022411469850565,0.9022411469850565,0.9022411469850565,0.9022411469850565,0.9122411469850565,0.9022411469850565,0.8922411469850565,0.8922411469850565,0.8822411469850565,0.8822411469850565,0.8822411469850565,0.8822411469850565
509,0.842886888765779,0.842886888765779,0.832886888765779,0.842886888765779,0.832886888765779,0.832886888765779,0.842886888765779,0.842886888765779,0.842886888765779,0.842886888765779,0.852886888765779,0.852886888765779,0.852886888765779
510,0.8459588592649294,0.8459588592649294,0.8559588592649294,0.8459588592649294,0.8559588592649294,0.8359588592649294,0.8359588592649294,0.8359588592649294,0.8359588592649294,0.8359588592649294,0.8359588592649294,0.8359588592649294,0.8359588592649294
511,0.9223230497595012,0.9323230497595012,0.9323230497595012,0.9123230497595012,0.9123230497595012,0.9123230497595012,0.9123230497595012,0.9323230497595012,0.9323230497595012,0.9523230497595012,0.9523230497595012,0.9623230497595012,0.9623230497595012
512,0.9188353223177961,0.9588353223177961,0.9388353223177961,0.9388353223177961,0.9288353223177961,0.9288353223177961,0.9288353223177961,0.8988353223177961,0.8988353223177961,0.8988353223177961,0.888835322317796,0.888835322317796,0.888835322317796
513,0.9220479005097758,0.9220479005097758,0.9220479005097758,0.9420479005097758,0.9420479005097758,0.9420479005097758,0.9220479005097758,0.9220479005097758,0.9220479005097758,0.9220479005097758,0.9220479005097758,0.9320479005097758,0.9320479005097758
514,0.9373098305059951,0.9373098305059951,0.9473098305059952,0.9473098305059952,0.9473098305059952,0.9273098305059951,0.9273098305059951,0.9373098305059951,0.9373098305059951,0.9273098305059951,0.9273098305059951,0.9273098305059951,0.9373098305059951
515,0.9902632037365577,0.9902632037365577,1.0,0.99,0.96,0.96,0.95,0.955,0.955,0.955,0.955,0.965,0.945
516,0.9182895529041055,0.9182895529041055,0.9182895529041055,0.9182895529041055,0.9182895529041055,0.9182895529041055,0.9082895529041055,0.9082895529041055,0.9082895529041055,0.9082895529041055,0.9182895529041055,0.9282895529041055,0.9282895529041055
517,0.9712459280655545,0.9912459280655546,0.9912459280655546,0.9912459280655546,0.9662459280655545,0.9462459280655545,0.9462459280655545,0.9462459280655545,0.9562459280655545,0.9362459280655545,0.9462459280655545,0.9462459280655545,0.9562459280655545
518,0.8725621439895221,0.8625621439895221,0.8525621439895221,0.8525621439895221,0.8525621439895221,0.8525621439895221,0.8425621439895221,0.8525621439895221,0.8775621439895221,0.8775621439895221,0.8775621439895221,0.8475621439895221,0.8275621439895221
519,0.9011534812591844,0.8911534812591844,0.8811534812591844,0.8811534812591844,0.8811534812591844,0.8911534812591844,0.8911534812591844,0.8911534812591844,0.8811534812591844,0.8811534812591844,0.8811534812591844,0.9061534812591844,0.9161534812591844
520,0.8709889915227712,0.8609889915227712,0.8809889915227712,0.8909889915227712,0.8909889915227712,0.8909889915227712,0.8809889915227712,0.8809889915227712,0.8609889915227712,0.8609889915227712,0.8409889915227712,0.8409889915227712,0.8609889915227712
521,0.8410275205137069,0.8410275205137069,0.8510275205137069,0.8510275205137069,0.8510275205137069,0.8610275205137069,0.8510275205137069,0.8410275205137069,0.8510275205137069,0.8510275205137069,0.8510275205137069,0.8510275205137069,0.8610275205137069
522,0.8010743642049032,0.7910743642049032,0.7910743642049032,0.8110743642049032,0.8110743642049032,0.8110743642049032,0.8010743642049032,0.7910743642049032,0.7910743642049032,0.8010743642049032,0.8010743642049032,0.8110743642049032,0.8110743642049032
523,0.885645615397681,0.885645615397681,0.9056456153976811,0.9056456153976811,0.880645615397681,0.870645615397681,0.860645615397681,0.860645615397681,0.860645615397681,0.840645615397681,0.850645615397681,0.850645615397681,0.870645615397681
524,0.9016165543140162,0.9016165543140162,0.9216165543140162,0.9216165543140162,0.9116165543140162,0.9016165543140162,0.9016165543140162,0.9016165543140162,0.8916165543140162,0.8616165543140162,0.8616165543140162,0.8716165543140162,0.8816165543140162
525,0.9523417692871592,0.9223417692871592,0.9373417692871592,0.9573417692871592,0.9673417692871592,0.9673417692871592,0.9673417692871592,0.9873417692871592,0.9773417692871592,0.9773417692871592,0.9873417692871592,0.9873417692871592,0.9773417692871592
526,0.8611428850688118,0.8611428850688118,0.8511428850688117,0.8711428850688118,0.8711428850688118,0.8711428850688118,0.8911428850688118,0.8911428850688118,0.8761428850688118,0.8961428850688118,0.8861428850688118,0.8861428850688118,0.8861428850688118
527,0.924476453724376,0.924476453724376,0.924476453724376,0.914476453724376,0.914476453724376,0.914476453724376,0.914476453724376,0.914476453724376,0.914476453724376,0.904476453724376,0.914476453724376,0.924476453724376,0.934476453724376
528,0.8896935188471341,0.8896935188471341,0.8996935188471341,0.9096935188471341,0.9096935188471341,0.8896935188471341,0.8896935188471341,0.8796935188471341,0.8796935188471341,0.8896935188471341,0.8896935188471341,0.9096935188471341,0.9096935188471341
529,0.9427493756669327,0.9627493756669327,0.9327493756669327,0.9127493756669327,0.9127493756669327,0.9227493756669327,0.9127493756669327,0.9227493756669327,0.9227493756669327,0.9127493756669327,0.9127493756669327,0.9327493756669327,0.9127493756669327
530,0.8847755982312145,0.8847755982312145,0.9047755982312146,0.9147755982312146,0.9147755982312146,0.8947755982312146,0.9047755982312146,0.8947755982312146,0.8947755982312146,0.8947755982312146,0.8947755982312146,0.9147755982312146,0.8847755982312145
531,0.9164538543125657,0.9064538543125656,0.9264538543125657,0.9264538543125657,0.9264538543125657,0.9164538543125657,0.9164538543125657,0.9264538543125657,0.9564538543125657,0.9564538543125657,0.9464538543125657,0.9314538543125657,0.9314538543125657
532,0.925419407600578,0.925419407600578,0.945419407600578,0.945419407600578,0.935419407600578,0.935419407600578,0.935419407600578,0.935419407600578,0.945419407600578,0.945419407600578,0.965419407600578,0.965419407600578,0.935419407600578
533,0.9480740911972589,0.9480740911972589,0.9480740911972589,0.968074091197259,0.968074091197259,0.978074091197259,0.968074091197259,0.968074091197259,0.968074091197259,0.958074091197259,0.9480740911972589,0.9280740911972589,0.9480740911972589
534,0.8867284987767439,0.8867284987767439,0.8867284987767439,0.8867284987767439,0.9067284987767439,0.8867284987767439,0.8767284987767439,0.8767284987767439,0.8867284987767439,0.8867284987767439,0.8667284987767438,0.8767284987767439,0.8767284987767439
535,0.9215203450632611,0.9115203450632611,0.9115203450632611,0.9115203450632611,0.9015203450632611,0.9015203450632611,0.9015203450632611,0.9015203450632611,0.9015203450632611,0.9215203450632611,0.9215203450632611,0.9015203450632611,0.9265203450632611
536,0.8780550389787827,0.8980550389787827,0.8880550389787827,0.8380550389787826,0.8380550389787826,0.8380550389787826,0.8380550389787826,0.8430550389787826,0.8530550389787827,0.8530550389787827,0.8730550389787827,0.8630550389787827,0.8530550389787827
537,0.8223211344276634,0.8323211344276634,0.8323211344276634,0.8323211344276634,0.8223211344276634,0.8123211344276634,0.8223211344276634,0.8223211344276634,0.8223211344276634,0.8423211344276634,0.8423211344276634,0.8423211344276634,0.8323211344276634
538,0.8905593731508,0.8905593731508,0.9005593731508,0.9005593731508,0.8905593731508,0.8605593731508,0.8605593731508,0.8605593731508,0.8605593731508,0.8605593731508,0.8755593731508,0.8755593731508,0.8855593731508
539,0.8957906466078617,0.9057906466078617,0.9057906466078617,0.9057906466078617,0.9257906466078617,0.9257906466078617,0.9107906466078617,0.9207906466078617,0.9007906466078617,0.8907906466078617,0.8907906466078617,0.8907906466078617,0.8907906466078617
540,0.9766307128634131,0.9866307128634131,0.9866307128634131,0.9766307128634131,0.9666307128634131,0.9666307128634131,0.9866307128634131,0.9866307128634131,0.9966307128634131,1.0,1.0,1.0,1.0
541,0.9647449487320447,0.9447449487320447,0.9547449487320447,0.9547449487320447,0.9747449487320448,0.9747449487320448,0.9447449487320447,0.9447449487320447,0.9447449487320447,0.9547449487320447,0.9547449487320447,0.9547449487320447,0.9347449487320447
542,0.9040430603452101,0.9040430603452101,0.9240430603452101,0.9240430603452101,0.9240430603452101,0.9240430603452101,0.9440430603452101,0.9440430603452101,0.9440430603452101,0.9390430603452101,0.9390430603452101,0.9290430603452101,0.9290430603452101
543,0.8927131255997905,0.9127131255997906,0.8927131255997905,0.9027131255997906,0.9127131255997906,0.9127131255997906,0.9227131255997906,0.9227131255997906,0.9127131255997906,0.9127131255997906,0.9227131255997906,0.9077131255997906,0.8877131255997905
544,0.8978564632957812,0.8878564632957812,0.8878564632957812,0.8878564632957812,0.8878564632957812,0.8678564632957811,0.8678564632957811,0.8678564632957811,0.8578564632957811,0.8578564632957811,0.8678564632957811,0.8578564632957811,0.8578564632957811
545,1.0,1.0,1.0,0.97,0.98,0.96,0.96,0.965,0.975,0.965,0.975,0.955,0.955
546,0.9682068346982536,0.9682068346982536,0.9682068346982536,0.9682068346982536,0.9682068346982536,0.9782068346982536,0.9782068346982536,0.9682068346982536,0.9682068346982536,0.9682068346982536,0.9782068346982536,0.9582068346982536,0.9582068346982536
547,0.9330077586411712,0.9330077586411712,0.9430077586411713,0.9530077586411713,0.9530077586411713,0.9730077586411713,0.9680077586411713,0.9580077586411713,0.9680077586411713,0.9680077586411713,0.9680077586411713,0.9580077586411713,0.9580077586411713
548,0.9999533053880855,1.0,1.0,1.0,1.0,0.995,0.985,0.995,0.985,0.985,0.985,0.975,0.955
549,0.8070667647201243,0.8270667647201243,0.8170667647201243,0.8170667647201243,0.8170667647201243,0.8170667647201243,0.8070667647201243,0.8170667647201243,0.8270667647201243,0.8270667647201243,0.8070667647201243,0.8070667647201243,0.8070667647201243
550,0.9137859312357127,0.9137859312357127,0.9337859312357127,0.9337859312357127,0.9337859312357127,0.9437859312357127,0.9437859312357127,0.9437859312357127,0.9437859312357127,0.9537859312357128,0.9537859312357128,0.9537859312357128,0.9337859312357127
551,0.8388186850726584,0.8488186850726585,0.8488186850726585,0.8688186850726585,0.8788186850726585,0.8688186850726585,0.8688186850726585,0.8788186850726585,0.8788186850726585,0.8788186850726585,0.8738186850726585,0.8638186850726585,0.8438186850726584
552,0.9244775646753621,0.9144775646753621,0.9144775646753621,0.9344775646753621,0.9344775646753621,0.9244775646753621,0.9244775646753621,0.9244775646753621,0.9244775646753621,0.9444775646753621,0.9544775646753622,0.9394775646753621,0.9494775646753622
553,0.9110706846147338,0.9110706846147338,0.9210706846147338,0.9210706846147338,0.9210706846147338,0.9210706846147338,0.9310706846147339,0.9210706846147338,0.9210706846147338,0.9210706846147338,0.9210706846147338,0.9210706846147338,0.9110706846147338
554,0.8701272822448981,0.8601272822448981,0.8601272822448981,0.8601272822448981,0.8601272822448981,0.8401272822448981,0.8501272822448981,0.8401272822448981,0.8301272822448981,0.8401272822448981,0.8601272822448981,0.8701272822448981,0.8801272822448981
555,0.9282200260437803,0.9182200260437803,0.9182200260437803,0.9182200260437803,0.9082200260437803,0.9182200260437803,0.9182200260437803,0.9282200260437803,0.9482200260437803,0.9582200260437803,0.9582200260437803,0.9682200260437803,0.9682200260437803
556,0.9529238637925631,0.9529238637925631,0.9329238637925631,0.9529238637925631,0.9429238637925631,0.9429238637925631,0.9529238637925631,0.9429238637925631,0.9329238637925631,0.9229238637925631,0.9229238637925631,0.9229238637925631,0.9229238637925631
557,0.9937216306512465,0.9937216306512465,0.9937216306512465,0.9937216306512465,0.9837216306512465,0.9837216306512465,0.9837216306512465,0.9837216306512465,0.9837216306512465,0.9537216306512465,0.9537216306512465,0.9537216306512465,0.9587216306512465
558,0.777902826066913,0.787902826066913,0.787902826066913,0.787902826066913,0.787902826066913,0.787902826066913,0.787902826066913,0.797902826066913,0.807902826066913,0.817902826066913,0.812902826066913,0.802902826066913,0.782902826066913
559,0.9314494427334865,0.9214494427334865,0.9114494427334865,0.9114494427334865,0.9014494427334865,0.9014494427334865,0.9114494427334865,0.9114494427334865,0.9114494427334865,0.9214494427334865,0.9214494427334865,0.9214494427334865,0.9214494427334865
560,1.0,0.99,1.0,1.0,1.0,1.0,1.0,1.0,0.98,0.97,0.98,0.98,0.97
561,0.9635019259735071,0.9835019259735072,0.9735019259735072,0.9835019259735072,0.9835019259735072,0.9735019259735072,0.9735019259735072,0.9735019259735072,0.9835019259735072,0.9635019259735071,0.9435019259735071,0.9685019259735071,0.9685019259735071
562,0.842340935230383,0.832340935230383,0.822340935230383,0.822340935230383,0.822340935230383,0.832340935230383,0.812340935230383,0.812340935230383,0.812340935230383,0.802340935230383,0.812340935230383,0.832340935230383,0.862340935230383
563,0.8222735612568339,0.8322735612568339,0.8322735612568339,0.852273561256834,0.852273561256834,0.842273561256834,0.852273561256834,0.852273561256834,0.852273561256834,0.852273561256834,0.8322735612568339,0.842273561256834,0.842273561256834
564,0.9509160897593876,0.9409160897593876,0.9509160897593876,0.9509160897593876,0.9509160897593876,0.9509160897593876,0.9209160897593875,0.9209160897593875,0.9209160897593875,0.9409160897593876,0.9509160897593876,0.9409160897593876,0.9409160897593876
565,0.8859725042569825,0.8859725042569825,0.8859725042569825,0.8559725042569825,0.8659725042569825,0.8659725042569825,0.8459725042569824,0.8459725042569824,0.8759725042569825,0.8459725042569824,0.8659725042569825,0.8759725042569825,0.8759725042569825
566,0.926099471180201,0.946099471180201,0.936099471180201,0.916099471180201,0.916099471180201,0.916099471180201,0.906099471180201,0.906099471180201,0.916099471180201,0.916099471180201,0.896099471180201,0.916099471180201,0.926099471180201
567,0.8895451163906234,0.8895451163906234,0.8895451163906234,0.8895451163906234,0.8895451163906234,0.8895451163906234,0.8995451163906234,0.8995451163906234,0.9095451163906234,0.9195451163906234,0.9095451163906234,0.8845451163906234,0.8945451163906234
568,0.7939768398113504,0.7839768398113504,0.7739768398113503,0.7739768398113503,0.7639768398113503,0.7639768398113503,0.7639768398113503,0.7639768398113503,0.7789768398113504,0.7889768398113504,0.7789768398113504,0.7789768398113504,0.7789768398113504
569,1.0,1.0,0.99,0.99,0.98,0.97,0.97,0.97,0.96,0.965,0.975,0.975,0.985
570,0.8689656601233885,0.8789656601233885,0.8689656601233885,0.8489656601233885,0.8589656601233885,0.8689656601233885,0.8689656601233885,0.8689656601233885,0.8589656601233885,0.8589656601233885,0.8489656601233885,0.8389656601233885,0.8489656601233885
571,0.9012612766878123,0.8912612766878123,0.8912612766878123,0.8712612766878123,0.8712612766878123,0.8712612766878123,0.8712612766878123,0.8812612766878123,0.8812612766878123,0.8912612766878123,0.9012612766878123,0.9212612766878123,0.9212612766878123
572,0.9109100843275404,0.9009100843275404,0.8809100843275404,0.8909100843275404,0.8909100843275404,0.9009100843275404,0.9009100843275404,0.9109100843275404,0.9109100843275404,0.8909100843275404,0.8909100843275404,0.8909100843275404,0.8709100843275404
573,0.9148631010488955,0.9248631010488955,0.9348631010488955,0.9448631010488955,0.9548631010488955,0.9548631010488955,0.9548631010488955,0.9498631010488955,0.9398631010488955,0.9398631010488955,0.9398631010488955,0.9398631010488955,0.9498631010488955
574,0.9120724450582208,0.9220724450582208,0.9220724450582208,0.9120724450582208,0.8920724450582208,0.9020724450582208,0.8920724450582208,0.8820724450582208,0.8970724450582208,0.9070724450582208,0.9070724450582208,0.8970724450582208,0.8970724450582208
575,0.8938071421448166,0.9038071421448166,0.9038071421448166,0.9038071421448166,0.9038071421448166,0.8538071421448166,0.8588071421448166,0.8688071421448166,0.8588071421448166,0.8688071421448166,0.8688071421448166,0.8688071421448166,0.8888071421448166
576,0.8856437326297326,0.9056437326297326,0.9256437326297327,0.9156437326297326,0.9256437326297327,0.9256437326297327,0.9206437326297326,0.9206437326297326,0.9106437326297326,0.9006437326297326,0.8906437326297326,0.8906437326297326,0.8806437326297326
577,0.9214939545871194,0.9214939545871194,0.9314939545871194,0.9314939545871194,0.9314939545871194,0.9214939545871194,0.9314939545871194,0.9414939545871194,0.9314939545871194,0.9214939545871194,0.9414939545871194,0.9414939545871194,0.9514939545871194
578,0.912063446832243,0.912063446832243,0.9220634468322431,0.9220634468322431,0.9220634468322431,0.912063446832243,0.912063446832243,0.912063446832243,0.902063446832243,0.9220634468322431,0.9220634468322431,0.9220634468322431,0.9320634468322431
579,0.8740151554480892,0.8640151554480892,0.8540151554480891,0.8540151554480891,0.8640151554480892,0.8640151554480892,0.8740151554480892,0.8740151554480892,0.8640151554480892,0.8640151554480892,0.8740151554480892,0.8840151554480892,0.8840151554480892
580,0.9855490144142249,0.9855490144142249,0.9855490144142249,0.9855490144142249,0.9855490144142249,0.9855490144142249,0.9855490144142249,0.9755490144142249,0.9855490144142249,0.9755490144142249,0.9655490144142249,0.9755490144142249,0.9855490144142249
581,0.8670749045171875,0.8670749045171875,0.8770749045171875,0.8770749045171875,0.8770749045171875,0.8970749045171875,0.9070749045171875,0.9070749045171875,0.9070749045171875,0.9070749045171875,0.8870749045171875,0.8870749045171875,0.8770749045171875
582,0.9401967044843217,0.9201967044843217,0.9101967044843217,0.9101967044843217,0.9001967044843217,0.9101967044843217,0.9001967044843217,0.9001967044843217,0.9001967044843217,0.9001967044843217,0.9051967044843217,0.9151967044843217,0.9151967044843217
583,0.9140827285414521,0.9140827285414521,0.9140827285414521,0.8940827285414521,0.8940827285414521,0.8940827285414521,0.9040827285414521,0.9040827285414521,0.9040827285414521,0.9040827285414521,0.8940827285414521,0.8940827285414521,0.8940827285414521
584,0.9476590807076546,0.9376590807076546,0.9076590807076546,0.9076590807076546,0.9076590807076546,0.9276590807076546,0.9476590807076546,0.9576590807076546,0.9576590807076546,0.9576590807076546,0.9276590807076546,0.9176590807076546,0.9276590807076546
585,1.0,1.0,1.0,0.99,0.99,0.99,0.99,0.98,0.98,0.98,0.99,1.0,0.97
586,0.8917031768941496,0.9017031768941496,0.8917031768941496,0.8917031768941496,0.9017031768941496,0.9017031768941496,0.8917031768941496,0.8817031768941496,0.8717031768941496,0.8817031768941496,0.8917031768941496,0.8917031768941496,0.8717031768941496
587,0.9048627635967946,0.9048627635967946,0.9048627635967946,0.8948627635967946,0.9148627635967946,0.9148627635967946,0.9248627635967946,0.9248627635967946,0.9248627635967946,0.9248627635967946,0.9248627635967946,0.9248627635967946,0.9048627635967946
588,0.9839463658546082,0.9839463658546082,0.9739463658546081,0.9639463658546081,0.9539463658546081,0.9439463658546081,0.9739463658546081,0.9739463658546081,0.9539463658546081,0.9739463658546081,0.9739463658546081,0.9739463658546081,0.9739463658546081
589,0.9139227030159414,0.9039227030159414,0.9039227030159414,0.8939227030159413,0.8939227030159413,0.9039227030159414,0.9039227030159414,0.9039227030159414,0.9139227030159414,0.9039227030159414,0.9139227030159414,0.9139227030159414,0.9139227030159414
590,0.9345741744109817,0.9345741744109817,0.9645741744109817,0.9495741744109817,0.9395741744109817,0.9295741744109817,0.9195741744109817,0.9195741744109817,0.9195741744109817,0.9295741744109817,0.9295741744109817,0.9195741744109817,0.9195741744109817
591,0.9905192910471683,1.0,1.0,1.0,0.995,0.995,0.995,0.985,0.985,0.985,0.995,0.985,0.985
592,0.8997937591474218,0.8997937591474218,0.8797937591474218,0.8697937591474217,0.8697937591474217,0.8697937591474217,0.8597937591474217,0.8597937591474217,0.8597937591474217,0.8697937591474217,0.8597937591474217,0.8647937591474217,0.8647937591474217
593,1.0,1.0,0.99,0.99,1.0,1.0,1.0,0.98,0.98,0.98,0.98,0.99,1.0
594,0.9566963997766137,0.9666963997766137,0.9666963997766137,0.9666963997766137,0.9666963997766137,0.9766963997766137,0.9766963997766137,0.9766963997766137,0.9766963997766137,0.9966963997766137,0.9966963997766137,0.9866963997766137,0.9866963997766137
595,0.8901676398438835,0.9001676398438835,0.9101676398438835,0.9101676398438835,0.8801676398438835,0.8801676398438835,0.8901676398438835,0.9001676398438835,0.8901676398438835,0.8901676398438835,0.8801676398438835,0.8701676398438835,0.8701676398438835
596,0.9226827115157924,0.9226827115157924,0.9226827115157924,0.9126827115157924,0.9126827115157924,0.9126827115157924,0.9026827115157924,0.9026827115157924,0.9126827115157924,0.9126827115157924,0.9226827115157924,0.9226827115157924,0.9426827115157924
597,0.9359823088591833,0.9259823088591833,0.9059823088591833,0.9159823088591833,0.9059823088591833,0.9159823088591833,0.9259823088591833,0.9459823088591833,0.9659823088591833,0.9659823088591833,0.9659823088591833,0.9459823088591833,0.9459823088591833
598,0.9423819361170149,0.9423819361170149,0.9523819361170149,0.9523819361170149,0.9423819361170149,0.9323819361170149,0.9123819361170149,0.9223819361170149,0.9323819361170149,0.9323819361170149,0.9323819361170149,0.9323819361170149,0.9323819361170149
599,0.9343103371137438,0.9243103371137438,0.9243103371137438,0.9343103371137438,0.9543103371137438,0.9543103371137438,0.9643103371137438,0.9493103371137438,0.9393103371137438,0.9393103371137438,0.9393103371137438,0.9393103371137438,0.9393103371137438
600,0.9054348183072518,0.9354348183072518,0.9354348183072518,0.9254348183072518,0.8954348183072518,0.8854348183072518,0.8854348183072518,0.8854348183072518,0.8754348183072518,0.9154348183072518,0.9154348183072518,0.9054348183072518,0.8954348183072518
601,0.8919779546691253,0.8919779546691253,0.8919779546691253,0.8819779546691253,0.8919779546691253,0.8919779546691253,0.9019779546691253,0.9019779546691253,0.9019779546691253,0.9019779546691253,0.9019779546691253,0.9119779546691253,0.9219779546691254
602,0.8812400192859492,0.9012400192859492,0.9212400192859492,0.9012400192859492,0.8912400192859492,0.9012400192859492,0.9012400192859492,0.9212400192859492,0.9162400192859492,0.9162400192859492,0.9162400192859492,0.9162400192859492,0.9162400192859492
603,0.906080831485486,0.906080831485486,0.906080831485486,0.916080831485486,0.906080831485486,0.896080831485486,0.896080831485486,0.896080831485486,0.896080831485486,0.886080831485486,0.906080831485486,0.906080831485486,0.896080831485486
604,0.962007323006794,0.962007323006794,0.972007323006794,0.9920073230067941,0.982007323006794,0.982007323006794,0.972007323006794,0.972007323006794,0.972007323006794,0.972007323006794,0.982007323006794,0.9920073230067941,0.952007323006794
605,0.9206239556339861,0.9206239556339861,0.9106239556339861,0.9106239556339861,0.9106239556339861,0.9306239556339861,0.9506239556339862,0.9356239556339861,0.9156239556339861,0.9356239556339861,0.9356239556339861,0.9356239556339861,0.9356239556339861
606,0.9758594135714911,0.9758594135714911,0.9958594135714911,0.9958594135714911,0.9958594135714911,0.9958594135714911,0.9858594135714911,0.9958594135714911,0.9858594135714911,0.9858594135714911,0.9858594135714911,0.9858594135714911,0.9758594135714911
607,0.9673548959386156,0.9473548959386155,0.9473548959386155,0.9373548959386155,0.9373548959386155,0.9473548959386155,0.9473548959386155,0.9673548959386156,0.9773548959386156,0.9773548959386156,0.9673548959386156,0.9673548959386156,0.9673548959386156
608,0.9125916109415475,0.9125916109415475,0.9125916109415475,0.9125916109415475,0.9025916109415475,0.9125916109415475,0.9525916109415475,0.9525916109415475,0.9425916109415475,0.9325916109415475,0.9325916109415475,0.9425916109415475,0.9425916109415475
609,0.8443002781943503,0.8643002781943503,0.8643002781943503,0.8393002781943503,0.8293002781943503,0.8193002781943503,0.8293002781943503,0.8293002781943503,0.8293002781943503,0.8493002781943503,0.8693002781943503,0.8393002781943503,0.8393002781943503
610,0.9151781878169734,0.9251781878169734,0.9251781878169734,0.9051781878169733,0.9051781878169733,0.9351781878169734,0.9351781878169734,0.9351781878169734,0.9151781878169734,0.9251781878169734,0.9351781878169734,0.9251781878169734,0.9251781878169734
611,0.9495175194410281,0.9495175194410281,0.9295175194410281,0.9395175194410281,0.9395175194410281,0.9395175194410281,0.9395175194410281,0.9295175194410281,0.9295175194410281,0.9095175194410281,0.9095175194410281,0.9145175194410281,0.9345175194410281
612,0.9069027741966021,0.9069027741966021,0.9069027741966021,0.8969027741966021,0.8769027741966021,0.8769027741966021,0.8769027741966021,0.8769027741966021,0.8919027741966021,0.8919027741966021,0.8919027741966021,0.8919027741966021,0.8719027741966021
613,0.9406487818572435,0.9206487818572435,0.9006487818572435,0.9106487818572435,0.9006487818572435,0.9206487818572435,0.9406487818572435,0.9506487818572436,0.9306487818572435,0.9306487818572435,0.9306487818572435,0.9406487818572435,0.9506487818572436
614,0.9087338549027613,0.8887338549027612,0.8787338549027612,0.8787338549027612,0.8787338549027612,0.8987338549027613,0.8987338549027613,0.8987338549027613,0.8987338549027613,0.9187338549027613,0.9187338549027613,0.8987338549027613,0.8987338549027613
615,0.9352075338405897,0.9352075338405897,0.9352075338405897,0.9452075338405898,0.9552075338405898,0.9552075338405898,0.9652075338405898,0.9752075338405898,0.9752075338405898,0.9752075338405898,0.9702075338405898,0.9702075338405898,0.9702075338405898
616,0.8260981270212837,0.8260981270212837,0.8260981270212837,0.8260981270212837,0.8060981270212837,0.8060981270212837,0.8060981270212837,0.8160981270212837,0.8160981270212837,0.8160981270212837,0.8160981270212837,0.8160981270212837,0.7860981270212837
617,0.8500141374550242,0.8500141374550242,0.8700141374550242,0.8800141374550242,0.8800141374550242,0.8900141374550242,0.8900141374550242,0.8800141374550242,0.8650141374550242,0.8550141374550242,0.8550141374550242,0.8750141374550242,0.8450141374550242
618,0.9578316920328867,0.9578316920328867,0.9678316920328867,0.9578316920328867,0.9478316920328866,0.9278316920328866,0.9278316920328866,0.9378316920328866,0.9378316920328866,0.9478316920328866,0.9478316920328866,0.9478316920328866,0.9578316920328867
619,0.8957703793008256,0.8957703793008256,0.8857703793008256,0.8857703793008256,0.8657703793008256,0.8757703793008256,0.8857703793008256,0.8857703793008256,0.8857703793008256,0.8857703793008256,0.8757703793008256,0.8857703793008256,0.8757703793008256
620,0.9739183460103646,0.9639183460103646,0.9639183460103646,0.9639183460103646,0.9539183460103646,0.9739183460103646,0.9839183460103647,0.9839183460103647,0.9839183460103647,0.9939183460103647,0.9739183460103646,0.9639183460103646,0.9839183460103647
621,0.8928817556252069,0.9228817556252069,0.9228817556252069,0.9328817556252069,0.9228817556252069,0.9128817556252069,0.9128817556252069,0.9228817556252069,0.9328817556252069,0.9278817556252069,0.9278817556252069,0.9178817556252069,0.9278817556252069
622,0.9204596895572486,0.9204596895572486,0.9404596895572486,0.9404596895572486,0.9404596895572486,0.9404596895572486,0.9304596895572486,0.9404596895572486,0.9404596895572486,0.9404596895572486,0.9304596895572486,0.9604596895572486,0.9604596895572486
623,1.0,0.99,0.98,0.99,0.97,0.97,0.97,0.985,1.0,0.98,0.98,0.97,1.0
624,0.8273642207602505,0.8173642207602505,0.8373642207602505,0.8373642207602505,0.8273642207602505,0.8173642207602505,0.8273642207602505,0.8073642207602505,0.7973642207602505,0.7973642207602505,0.7973642207602505,0.7973642207602505,0.8273642207602505
625,0.880370817955111,0.880370817955111,0.890370817955111,0.890370817955111,0.890370817955111,0.890370817955111,0.910370817955111,0.900370817955111,0.890370817955111,0.880370817955111,0.910370817955111,0.900370817955111,0.890370817955111
626,0.9550777411046206,0.9650777411046206,0.9550777411046206,0.9750777411046206,0.9850777411046207,0.9750777411046206,0.9850777411046207,0.9950777411046207,0.9750777411046206,0.9750777411046206,0.9550777411046206,0.9450777411046206,0.9450777411046206
627,0.9485752399500357,0.9485752399500357,0.9685752399500357,0.9685752399500357,0.9785752399500357,0.9785752399500357,0.9785752399500357,0.9785752399500357,0.9685752399500357,0.9685752399500357,0.9685752399500357,0.9385752399500357,0.9285752399500357
628,0.8848081266048028,0.8948081266048028,0.8748081266048028,0.8848081266048028,0.8748081266048028,0.8448081266048028,0.8448081266048028,0.8448081266048028,0.8448081266048028,0.8548081266048028,0.8548081266048028,0.8648081266048028,0.8548081266048028
629,1.0,1.0,0.99,1.0,0.99,1.0,0.98,0.98,1.0,0.98,0.99,0.99,0.99
630,0.9303843668747898,0.9603843668747898,0.9603843668747898,0.9453843668747898,0.9453843668747898,0.9453843668747898,0.9253843668747898,0.9453843668747898,0.9453843668747898,0.9453843668747898,0.9553843668747898,0.9553843668747898,0.9553843668747898
631,0.893543017027192,0.903543017027192,0.893543017027192,0.883543017027192,0.923543017027192,0.923543017027192,0.923543017027192,0.923543017027192,0.923543017027192,0.908543017027192,0.898543017027192,0.898543017027192,0.898543017027192
632,0.9128102364589694,0.9328102364589694,0.9328102364589694,0.9328102364589694,0.9328102364589694,0.9328102364589694,0.9328102364589694,0.9328102364589694,0.9328102364589694,0.9328102364589694,0.9328102364589694,0.9328102364589694,0.9228102364589694
633,0.941322899048504,0.931322899048504,0.931322899048504,0.921322899048504,0.9013228990485039,0.921322899048504,0.9013228990485039,0.9113228990485039,0.9113228990485039,0.9113228990485039,0.9113228990485039,0.926322899048504,0.916322899048504
634,0.9429594270769054,0.9429594270769054,0.9429594270769054,0.9629594270769054,0.9829594270769054,0.9629594270769054,0.9729594270769054,0.9829594270769054,0.9829594270769054,0.9829594270769054,0.9829594270769054,0.9629594270769054,0.9529594270769054
635,0.8636343648993102,0.8536343648993102,0.8436343648993102,0.8236343648993102,0.8236343648993102,0.8236343648993102,0.8286343648993102,0.8386343648993102,0.8386343648993102,0.8386343648993102,0.8286343648993102,0.8286343648993102,0.8486343648993102
636,0.9003670969059564,0.9003670969059564,0.9103670969059564,0.9303670969059564,0.9403670969059564,0.9403670969059564,0.9403670969059564,0.9403670969059564,0.9403670969059564,0.9303670969059564,0.9003670969059564,0.9003670969059564,0.8703670969059564
637,0.8678959023956881,0.8578959023956881,0.8578959023956881,0.8478959023956881,0.8478959023956881,0.8478959023956881,0.8478959023956881,0.8478959023956881,0.8478959023956881,0.8378959023956881,0.8478959023956881,0.8478959023956881,0.8378959023956881
638,0.9485315050080346,0.9285315050080346,0.9385315050080346,0.9385315050080346,0.9285315050080346,0.9485315050080346,0.9485315050080346,0.9485315050080346,0.9685315050080346,0.9485315050080346,0.9385315050080346,0.9385315050080346,0.9185315050080346
639,0.9746001136457059,0.9646001136457059,0.9846001136457059,0.9946001136457059,0.9946001136457059,0.9946001136457059,1.0,0.98,0.98,0.98,0.97,0.97,0.96
640,0.8393403070959214,0.8393403070959214,0.8393403070959214,0.8293403070959214,0.8293403070959214,0.8293403070959214,0.8393403070959214,0.8393403070959214,0.8393403070959214,0.8493403070959215,0.8293403070959214,0.8293403070959214,0.8393403070959214
641,0.9442226074587421,0.9442226074587421,0.9342226074587421,0.9342226074587421,0.9342226074587421,0.9342226074587421,0.9142226074587421,0.9142226074587421,0.9242226074587421,0.9442226074587421,0.9342226074587421,0.9442226074587421,0.9342226074587421
642,0.900517202116288,0.9105172021162881,0.9205172021162881,0.9205172021162881,0.9205172021162881,0.9305172021162881,0.9305172021162881,0.9155172021162881,0.9155172021162881,0.9155172021162881,0.9355172021162881,0.9355172021162881,0.9355172021162881
643,0.945027554506244,0.945027554506244,0.935027554506244,0.935027554506244,0.935027554506244,0.945027554506244,0.965027554506244,0.965027554506244,0.965027554506244,0.965027554506244,0.975027554506244,0.975027554506244,0.975027554506244
644,0.915921496535808,0.905921496535808,0.905921496535808,0.895921496535808,0.905921496535808,0.905921496535808,0.955921496535808,0.955921496535808,0.955921496535808,0.945921496535808,0.925921496535808,0.915921496535808,0.915921496535808
645,0.8973758084415812,0.9273758084415812,0.9173758084415812,0.9373758084415812,0.9373758084415812,0.9373758084415812,0.9373758084415812,0.9373758084415812,0.9323758084415812,0.9423758084415812,0.9323758084415812,0.9223758084415812,0.9023758084415812
646,0.8702993604771506,0.8702993604771506,0.8902993604771506,0.9002993604771506,0.9102993604771507,0.9052993604771506,0.8952993604771506,0.9052993604771506,0.9052993604771506,0.8952993604771506,0.8952993604771506,0.8952993604771506,0.8952993604771506
647,0.8427180568274757,0.8627180568274757,0.8627180568274757,0.8627180568274757,0.8827180568274757,0.8527180568274757,0.8527180568274757,0.8627180568274757,0.8627180568274757,0.8527180568274757,0.8527180568274757,0.8627180568274757,0.8427180568274757
648,0.9385193664142498,0.9385193664142498,0.9685193664142498,0.9535193664142498,0.9635193664142498,0.9635193664142498,0.9735193664142499,0.9735193664142499,0.9635193664142498,0.9635193664142498,0.9635193664142498,0.9435193664142498,0.9435193664142498
649,0.8605668208339264,0.8405668208339264,0.8305668208339264,0.8305668208339264,0.8305668208339264,0.8205668208339264,0.8305668208339264,0.8305668208339264,0.8205668208339264,0.8255668208339264,0.8355668208339264,0.8555668208339264,0.8855668208339265
650,0.9268611789839386,0.9268611789839386,0.9268611789839386,0.9168611789839386,0.9168611789839386,0.9168611789839386,0.8968611789839386,0.8968611789839386,0.8968611789839386,0.9118611789839386,0.9318611789839386,0.9118611789839386,0.9118611789839386
651,0.9538111991479045,0.9438111991479045,0.9538111991479045,0.9538111991479045,0.9638111991479045,0.9638111991479045,0.9538111991479045,0.9538111991479045,0.9538111991479045,0.9738111991479045,0.9738111991479045,0.9838111991479045,0.9638111991479045
652,0.8805050041805298,0.8905050041805298,0.9005050041805298,0.9105050041805298,0.9005050041805298,0.9005050041805298,0.9005050041805298,0.8905050041805298,0.8905050041805298,0.8805050041805298,0.9005050041805298,0.9005050041805298,0.8905050041805298
653,0.8744113642566502,0.8744113642566502,0.8744113642566502,0.8844113642566502,0.8844113642566502,0.8744113642566502,0.8544113642566502,0.8544113642566502,0.8544113642566502,0.8544113642566502,0.8544113642566502,0.8544113642566502,0.8744113642566502
654,0.8410878238602989,0.8510878238602989,0.8310878238602989,0.8310878238602989,0.8210878238602989,0.8210878238602989,0.8310878238602989,0.8110878238602989,0.8260878238602989,0.8260878238602989,0.8360878238602989,0.8260878238602989,0.7960878238602989
655,0.9301608358341265,0.9401608358341265,0.9301608358341265,0.9101608358341264,0.9101608358341264,0.9301608358341265,0.9401608358341265,0.9301608358341265,0.9201608358341264,0.9201608358341264,0.9201608358341264,0.9001608358341264,0.9101608358341264
656,0.8648777580521921,0.8748777580521921,0.8748777580521921,0.8848777580521922,0.8848777580521922,0.8848777580521922,0.8848777580521922,0.8848777580521922,0.8848777580521922,0.8948777580521922,0.8948777580521922,0.9048777580521922,0.9048777580521922
657,0.913016796201853,0.9230167962018531,0.903016796201853,0.873016796201853,0.903016796201853,0.903016796201853,0.893016796201853,0.893016796201853,0.873016796201853,0.883016796201853,0.883016796201853,0.883016796201853,0.883016796201853
658,0.8426142822386595,0.8426142822386595,0.8426142822386595,0.8326142822386595,0.8326142822386595,0.8526142822386595,0.8426142822386595,0.8326142822386595,0.8426142822386595,0.8226142822386595,0.8426142822386595,0.8426142822386595,0.8326142822386595
659,0.8306772926834068,0.8306772926834068,0.8106772926834068,0.8206772926834068,0.8306772926834068,0.8706772926834069,0.8656772926834069,0.8656772926834069,0.8556772926834069,0.8556772926834069,0.8556772926834069,0.8556772926834069,0.8556772926834069
660,0.9071040815729322,0.8871040815729322,0.8971040815729322,0.8971040815729322,0.8871040815729322,0.8871040815729322,0.8871040815729322,0.8871040815729322,0.8871040815729322,0.9071040815729322,0.9171040815729322,0.8971040815729322,0.8971040815729322
661,0.8271276898134652,0.8271276898134652,0.8171276898134652,0.8271276898134652,0.8271276898134652,0.8271276898134652,0.8271276898134652,0.8271276898134652,0.8271276898134652,0.8271276898134652,0.8371276898134652,0.8671276898134652,0.8671276898134652
662,0.8963803960758386,0.9063803960758386,0.9063803960758386,0.9163803960758387,0.9163803960758387,0.9163803960758387,0.9263803960758387,0.9163803960758387,0.9363803960758387,0.9363803960758387,0.9363803960758387,0.9363803960758387,0.9263803960758387
663,0.8759792510850923,0.8859792510850923,0.8859792510850923,0.8859792510850923,0.8859792510850923,0.8959792510850924,0.8959792510850924,0.8959792510850924,0.8859792510850923,0.8859792510850923,0.9059792510850924,0.9159792510850924,0.9159792510850924
664,0.8818083193515591,0.9018083193515591,0.9018083193515591,0.9018083193515591,0.9018083193515591,0.9118083193515591,0.9118083193515591,0.8818083193515591,0.8818083193515591,0.8718083193515591,0.8618083193515591,0.8618083193515591,0.8618083193515591
665,0.8763595248848774,0.8763595248848774,0.8763595248848774,0.8863595248848775,0.8863595248848775,0.8763595248848774,0.8563595248848774,0.8363595248848774,0.8363595248848774,0.8413595248848774,0.8613595248848774,0.8613595248848774,0.8613595248848774
666,0.8955234723442667,0.8955234723442667,0.8955234723442667,0.8955234723442667,0.9155234723442667,0.9055234723442667,0.8955234723442667,0.8955234723442667,0.8955234723442667,0.8955234723442667,0.8855234723442666,0.8855234723442666,0.8855234723442666
667,0.9467063762670251,0.9467063762670251,0.9567063762670251,0.9567063762670251,0.9367063762670251,0.9367063762670251,0.9367063762670251,0.9367063762670251,0.9367063762670251,0.9367063762670251,0.9367063762670251,0.9367063762670251,0.9267063762670251
668,0.9392383019803705,0.9492383019803705,0.9392383019803705,0.9392383019803705,0.9392383019803705,0.9292383019803705,0.9092383019803705,0.9092383019803705,0.9242383019803705,0.9442383019803705,0.9442383019803705,0.9542383019803705,0.9342383019803705
669,0.8539806357558516,0.8439806357558516,0.8539806357558516,0.8539806357558516,0.8439806357558516,0.8639806357558516,0.8639806357558516,0.8739806357558516,0.8739806357558516,0.8639806357558516,0.8639806357558516,0.8639806357558516,0.8739806357558516
670,1.0,0.98,0.98,0.97,0.97,0.98,0.98,1.0,1.0,1.0,0.99,0.99,0.98
671,0.9985526614198337,0.9885526614198337,0.9685526614198336,0.9585526614198336,0.9585526614198336,0.9585526614198336,0.9635526614198336,0.9635526614198336,0.9635526614198336,0.9635526614198336,0.9635526614198336,0.9735526614198337,0.9735526614198337
672,0.8723693280311683,0.8623693280311683,0.8623693280311683,0.8423693280311683,0.8423693280311683,0.8623693280311683,0.8823693280311683,0.8923693280311683,0.9023693280311683,0.9123693280311683,0.9023693280311683,0.9023693280311683,0.8923693280311683
673,0.8520747764911671,0.8520747764911671,0.8520747764911671,0.8620747764911671,0.8720747764911672,0.8820747764911672,0.8720747764911672,0.8720747764911672,0.8720747764911672,0.8620747764911671,0.8620747764911671,0.8720747764911672,0.8720747764911672
674,0.9673681985263168,0.9673681985263168,0.9673681985263168,0.9773681985263168,0.9773681985263168,0.9573681985263168,0.9573681985263168,0.9673681985263168,0.9873681985263169,0.9873681985263169,0.9873681985263169,0.9873681985263169,0.9773681985263168
675,0.9430505818610756,0.9530505818610756,0.9430505818610756,0.9430505818610756,0.9430505818610756,0.9530505818610756,0.9630505818610756,0.9330505818610756,0.9330505818610756,0.9430505818610756,0.9330505818610756,0.9230505818610756,0.9230505818610756
676,0.9129859862439273,0.8929859862439273,0.8829859862439273,0.8829859862439273,0.8829859862439273,0.8829859862439273,0.8829859862439273,0.8929859862439273,0.8929859862439273,0.9029859862439273,0.9029859862439273,0.9029859862439273,0.9029859862439273
677,0.8999797545167862,0.8899797545167862,0.8899797545167862,0.8799797545167862,0.8799797545167862,0.8699797545167862,0.8899797545167862,0.9199797545167863,0.9299797545167863,0.9199797545167863,0.9099797545167863,0.8999797545167862,0.8999797545167862
678,0.9115028018628333,0.9015028018628333,0.9015028018628333,0.9015028018628333,0.9115028018628333,0.9215028018628333,0.9215028018628333,0.9215028018628333,0.9315028018628333,0.9515028018628333,0.9465028018628333,0.9465028018628333,0.9465028018628333
679,0.8870907796039483,0.8570907796039483,0.8720907796039483,0.8820907796039483,0.8820907796039483,0.8820907796039483,0.8820907796039483,0.8820907796039483,0.8720907796039483,0.8620907796039483,0.8820907796039483,0.8820907796039483,0.8720907796039483
680,1.0,0.99,1.0,1.0,1.0,1.0,0.98,0.96,0.96,0.95,0.97,0.97,0.95
681,0.8860856146706731,0.8860856146706731,0.8860856146706731,0.8560856146706731,0.8560856146706731,0.8560856146706731,0.8460856146706731,0.8460856146706731,0.8460856146706731,0.8510856146706731,0.8610856146706731,0.8610856146706731,0.8610856146706731
682,0.9571177372645789,0.9571177372645789,0.9571177372645789,0.9571177372645789,0.9471177372645789,0.977117737264579,0.9571177372645789,0.9471177372645789,0.9571177372645789,0.967117737264579,0.977117737264579,0.977117737264579,0.987117737264579
683,0.9051170577654795,0.9151170577654795,0.9251170577654795,0.9451170577654795,0.9451170577654795,0.9451170577654795,0.9401170577654795,0.9301170577654795,0.9301170577654795,0.9101170577654795,0.8901170577654794,0.8901170577654794,0.8801170577654794
684,0.8606748795729595,0.8606748795729595,0.8606748795729595,0.8606748795729595,0.8406748795729595,0.8656748795729595,0.8556748795729595,0.8656748795729595,0.8656748795729595,0.8656748795729595,0.8456748795729595,0.8256748795729595,0.8256748795729595
685,0.9797439437057626,0.9697439437057626,0.9797439437057626,0.9497439437057625,0.9497439437057625,0.9597439437057625,0.9597439437057625,0.9697439437057626,0.9597439437057625,0.9597439437057625,0.9597439437057625,0.9597439437057625,0.9697439437057626
686,0.8794868270906142,0.8794868270906142,0.8794868270906142,0.8794868270906142,0.8894868270906142,0.8694868270906142,0.8694868270906142,0.8894868270906142,0.8694868270906142,0.8694868270906142,0.8594868270906142,0.8494868270906142,0.8794868270906142
687,0.8836666498033788,0.8636666498033788,0.8436666498033788,0.8486666498033788,0.8586666498033788,0.8586666498033788,0.8586666498033788,0.8586666498033788,0.8686666498033788,0.8586666498033788,0.8786666498033788,0.8786666498033788,0.8786666498033788
688,0.9500132531267089,0.9400132531267089,0.9400132531267089,0.9300132531267089,0.9400132531267089,0.980013253126709,0.990013253126709,0.990013253126709,0.980013253126709,0.9600132531267089,0.9600132531267089,0.9700132531267089,0.9600132531267089
689,0.8514197047413458,0.8514197047413458,0.8514197047413458,0.8514197047413458,0.8814197047413458,0.8914197047413458,0.8864197047413458,0.8764197047413458,0.8564197047413458,0.8664197047413458,0.8664197047413458,0.8564197047413458,0.8364197047413457
690,0.988666513564012,0.978666513564012,0.978666513564012,0.988666513564012,0.988666513564012,0.988666513564012,0.988666513564012,1.0,0.995,0.995,0.995,0.995,0.985
691,0.8869226998989738,0.8769226998989738,0.8869226998989738,0.8869226998989738,0.8869226998989738,0.8669226998989737,0.8769226998989738,0.8569226998989737,0.8669226998989737,0.8669226998989737,0.8669226998989737,0.8569226998989737,0.8769226998989738
692,0.9588927547608538,0.9788927547608538,0.9688927547608538,0.9338927547608538,0.9438927547608538,0.9538927547608538,0.9538927547608538,0.9438927547608538,0.9438927547608538,0.9438927547608538,0.9638927547608538,0.9638927547608538,0.9638927547608538
693,0.9288145404073296,0.9288145404073296,0.9188145404073296,0.9188145404073296,0.8888145404073295,0.8888145404073295,0.8988145404073296,0.8988145404073296,0.8988145404073296,0.8988145404073296,0.8888145404073295,0.8888145404073295,0.8938145404073295
694,0.9266790670266468,0.9366790670266468,0.9266790670266468,0.9366790670266468,0.9366790670266468,0.9166790670266468,0.8966790670266468,0.8966790670266468,0.8966790670266468,0.8966790670266468,0.8966790670266468,0.8966790670266468,0.8966790670266468
695,0.9063414266213327,0.9163414266213327,0.9063414266213327,0.8963414266213326,0.9263414266213327,0.9263414266213327,0.9263414266213327,0.9163414266213327,0.9063414266213327,0.9163414266213327,0.9163414266213327,0.9163414266213327,0.9163414266213327
696,0.9439295354120333,0.9539295354120333,0.9539295354120333,0.9539295354120333,0.9539295354120333,0.9539295354120333,0.9439295354120333,0.9439295354120333,0.9339295354120333,0.9339295354120333,0.9439295354120333,0.9539295354120333,0.9639295354120333
697,0.91165046684821,0.89165046684821,0.87165046684821,0.87665046684821,0.88665046684821,0.88665046684821,0.87665046684821,0.87665046684821,0.87665046684821,0.88665046684821,0.89665046684821,0.88665046684821,0.86665046684821
698,0.9434400201501316,0.9434400201501316,0.9334400201501316,0.9234400201501316,0.9234400201501316,0.9134400201501316,0.9134400201501316,0.9334400201501316,0.9334400201501316,0.9334400201501316,0.9534400201501316,0.9434400201501316,0.9434400201501316
699,0.8595267625468475,0.8595267625468475,0.8595267625468475,0.8595267625468475,0.8595267625468475,0.8395267625468474,0.8395267625468474,0.8495267625468474,0.8395267625468474,0.8295267625468474,0.8495267625468474,0.8295267625468474,0.8295267625468474
700,0.9086533576451545,0.9086533576451545,0.9186533576451545,0.9186533576451545,0.9286533576451546,0.9386533576451546,0.9386533576451546,0.9286533576451546,0.9286533576451546,0.9386533576451546,0.9386533576451546,0.9236533576451545,0.9036533576451545
701,0.9127830601175495,0.9227830601175495,0.9127830601175495,0.9227830601175495,0.9227830601175495,0.9127830601175495,0.9327830601175495,0.9227830601175495,0.9127830601175495,0.9227830601175495,0.9327830601175495,0.9327830601175495,0.9227830601175495
702,0.9318942959761661,0.9318942959761661,0.9318942959761661,0.9318942959761661,0.9118942959761661,0.9118942959761661,0.9218942959761661,0.9418942959761661,0.9618942959761662,0.9718942959761662,0.9618942959761662,0.9418942959761661,0.9218942959761661
703,0.9153257273839688,0.9153257273839688,0.9153257273839688,0.9253257273839688,0.9153257273839688,0.9153257273839688,0.9153257273839688,0.9153257273839688,0.8853257273839688,0.8853257273839688,0.8853257273839688,0.9003257273839688,0.9003257273839688
704,0.9163025630436399,0.9263025630436399,0.9363025630436399,0.9363025630436399,0.9363025630436399,0.8963025630436399,0.9063025630436399,0.9063025630436399,0.9063025630436399,0.9063025630436399,0.9063025630436399,0.8963025630436399,0.9163025630436399
705,0.9020904605533172,0.9020904605533172,0.9420904605533172,0.9320904605533172,0.9320904605533172,0.8920904605533172,0.8920904605533172,0.9020904605533172,0.9020904605533172,0.8620904605533172,0.8720904605533172,0.8870904605533172,0.8870904605533172
706,0.8763410347481259,0.8863410347481259,0.8863410347481259,0.8863410347481259,0.8463410347481258,0.8363410347481258,0.8463410347481258,0.8463410347481258,0.8463410347481258,0.8463410347481258,0.8463410347481258,0.8363410347481258,0.8363410347481258
707,0.9515109167751294,0.9715109167751295,0.9465109167751294,0.9665109167751295,0.9865109167751295,0.9765109167751295,0.9765109167751295,0.9865109167751295,0.9765109167751295,0.9665109167751295,0.9665109167751295,0.9665109167751295,0.9465109167751294
708,0.8895101626250929,0.8795101626250929,0.9095101626250929,0.8995101626250929,0.8795101626250929,0.8895101626250929,0.8895101626250929,0.8795101626250929,0.9095101626250929,0.8995101626250929,0.8995101626250929,0.8995101626250929,0.8895101626250929
709,0.8800648212449748,0.8900648212449748,0.8900648212449748,0.8800648212449748,0.8700648212449748,0.8600648212449747,0.8600648212449747,0.8400648212449747,0.8400648212449747,0.8700648212449748,0.8700648212449748,0.8600648212449747,0.8500648212449747
710,0.9407630066130139,0.9407630066130139,0.9407630066130139,0.9407630066130139,0.9407630066130139,0.9507630066130139,0.9307630066130139,0.9207630066130139,0.9007630066130139,0.9007630066130139,0.9007630066130139,0.9107630066130139,0.9307630066130139
711,0.9161314363389556,0.9161314363389556,0.9261314363389556,0.9161314363389556,0.9161314363389556,0.8961314363389555,0.8961314363389555,0.9061314363389555,0.9061314363389555,0.8961314363389555,0.8961314363389555,0.8861314363389555,0.8861314363389555
712,0.9480779229243732,0.9480779229243732,0.9480779229243732,0.9480779229243732,0.9380779229243732,0.9280779229243732,0.9180779229243732,0.9180779229243732,0.9280779229243732,0.9280779229243732,0.9380779229243732,0.9380779229243732,0.9380779229243732
713,0.9755831141067326,0.9555831141067326,0.9655831141067326,0.9755831141067326,0.9755831141067326,0.9955831141067326,0.9955831141067326,1.0,0.99,0.965,0.965,0.965,0.965
714,0.9514406449526907,0.9314406449526906,0.9314406449526906,0.9514406449526907,0.9514406449526907,0.9614406449526907,0.9614406449526907,0.9514406449526907,0.9614406449526907,0.9614406449526907,0.9714406449526907,0.9714406449526907,0.9914406449526907
715,0.8772201985381337,0.8672201985381337,0.8672201985381337,0.8672201985381337,0.8672201985381337,0.8872201985381337,0.8772201985381337,0.8772201985381337,0.8772201985381337,0.8772201985381337,0.8772201985381337,0.8772201985381337,0.8772201985381337
716,0.9566709019618505,0.9466709019618504,0.9366709019618504,0.9166709019618504,0.9166709019618504,0.9166709019618504,0.9166709019618504,0.9216709019618504,0.9216709019618504,0.9216709019618504,0.9316709019618504,0.9516709019618504,0.9616709019618505
717,0.8454743743782591,0.8654743743782591,0.8654743743782591,0.8654743743782591,0.8754743743782591,0.8654743743782591,0.8454743743782591,0.8454743743782591,0.8354743743782591,0.8354743743782591,0.8454743743782591,0.8454743743782591,0.8454743743782591
718,0.8295473479762765,0.8295473479762765,0.8395473479762765,0.8395473479762765,0.8195473479762765,0.8195473479762765,0.8195473479762765,0.7995473479762765,0.7895473479762765,0.7895473479762765,0.7995473479762765,0.8145473479762765,0.8145473479762765
719,0.9225735939333731,0.9025735939333731,0.9275735939333731,0.9275735939333731,0.9175735939333731,0.9075735939333731,0.9275735939333731,0.9275735939333731,0.9275735939333731,0.9275735939333731,0.9175735939333731,0.9075735939333731,0.9075735939333731
720,0.9756460148648425,0.9956460148648425,0.9956460148648425,0.9956460148648425,1.0,1.0,1.0,1.0,0.99,0.95,0.97,0.96,0.95
721,1.0,1.0,1.0,1.0,1.0,1.0,0.99,0.99,0.99,0.98,0.97,0.96,0.97
722,0.8797249038320354,0.8797249038320354,0.8697249038320354,0.8697249038320354,0.8697249038320354,0.8897249038320354,0.8897249038320354,0.8897249038320354,0.8897249038320354,0.8797249038320354,0.8697249038320354,0.8697249038320354,0.8797249038320354
723,0.8156653438733099,0.8256653438733099,0.8256653438733099,0.8256653438733099,0.8256653438733099,0.8456653438733099,0.8356653438733099,0.8056653438733099,0.7956653438733099,0.7956653438733099,0.7756653438733099,0.7756653438733099,0.7756653438733099
724,1.0,0.99,0.96,0.965,0.965,0.965,0.975,0.965,0.965,0.965,0.965,0.975,0.975
725,0.8708307707043964,0.8708307707043964,0.8708307707043964,0.8708307707043964,0.8908307707043964,0.8658307707043964,0.8758307707043964,0.8758307707043964,0.8758307707043964,0.8758307707043964,0.8858307707043964,0.9058307707043964,0.8858307707043964
726,0.9289395765135754,0.9389395765135754,0.9389395765135754,0.9389395765135754,0.9689395765135754,0.9639395765135754,0.9539395765135754,0.9439395765135754,0.9639395765135754,0.9439395765135754,0.9539395765135754,0.9539395765135754,0.9539395765135754
727,0.8251226698100108,0.8151226698100108,0.8151226698100108,0.8151226698100108,0.8151226698100108,0.8151226698100108,0.7951226698100108,0.7851226698100108,0.7851226698100108,0.7851226698100108,0.7851226698100108,0.7901226698100108,0.7901226698100108
728,1.0,1.0,1.0,1.0,1.0,0.99,0.99,1.0,0.995,0.995,0.985,0.995,0.985
729,0.9047590899642649,0.8847590899642649,0.8747590899642649,0.8747590899642649,0.8747590899642649,0.8747590899642649,0.8747590899642649,0.8747590899642649,0.8747590899642649,0.8647590899642649,0.8847590899642649,0.8747590899642649,0.8847590899642649
730,0.8874695924800419,0.8774695924800419,0.8574695924800418,0.8674695924800419,0.8774695924800419,0.8774695924800419,0.8874695924800419,0.8874695924800419,0.8974695924800419,0.8974695924800419,0.9074695924800419,0.9074695924800419,0.8874695924800419
731,0.861660248173887,0.861660248173887,0.871660248173887,0.861660248173887,0.851660248173887,0.841660248173887,0.841660248173887,0.831660248173887,0.881660248173887,0.901660248173887,0.901660248173887,0.901660248173887,0.901660248173887
732,0.9105465336318549,0.9105465336318549,0.9305465336318549,0.9305465336318549,0.9305465336318549,0.9305465336318549,0.9305465336318549,0.9405465336318549,0.9255465336318549,0.9155465336318549,0.9355465336318549,0.9555465336318549,0.9555465336318549
733,0.8588390734470284,0.8588390734470284,0.8588390734470284,0.8788390734470284,0.8788390734470284,0.8688390734470284,0.8588390734470284,0.8788390734470284,0.8788390734470284,0.8788390734470284,0.8688390734470284,0.8688390734470284,0.8488390734470284
734,0.8877784454850831,0.8877784454850831,0.8777784454850831,0.8877784454850831,0.8877784454850831,0.8977784454850831,0.8877784454850831,0.8777784454850831,0.8877784454850831,0.8877784454850831,0.8877784454850831,0.8877784454850831,0.8877784454850831
735,0.8153910656325137,0.8053910656325137,0.8053910656325137,0.8453910656325138,0.8453910656325138,0.8353910656325138,0.8553910656325138,0.8453910656325138,0.8453910656325138,0.8303910656325137,0.8203910656325137,0.8203910656325137,0.8203910656325137
736,0.9040950808532502,0.9040950808532502,0.8940950808532502,0.8940950808532502,0.8840950808532502,0.8940950808532502,0.8740950808532502,0.8740950808532502,0.8940950808532502,0.8840950808532502,0.8940950808532502,0.8940950808532502,0.8840950808532502
737,0.9360272766921713,0.9260272766921713,0.9260272766921713,0.9360272766921713,0.9360272766921713,0.9360272766921713,0.9360272766921713,0.9360272766921713,0.9360272766921713,0.9360272766921713,0.9560272766921714,0.9560272766921714,0.9560272766921714
738,0.9305323115513846,0.9105323115513846,0.9105323115513846,0.9005323115513846,0.9005323115513846,0.9205323115513846,0.9305323115513846,0.9305323115513846,0.9405323115513846,0.9405323115513846,0.9605323115513846,0.9455323115513846,0.9355323115513846
739,0.9340085011324444,0.8940085011324443,0.8990085011324443,0.9190085011324444,0.9190085011324444,0.9190085011324444,0.9190085011324444,0.9190085011324444,0.9490085011324444,0.9490085011324444,0.9190085011324444,0.9190085011324444,0.9090085011324444
740,0.8870024909045006,0.8770024909045006,0.8670024909045005,0.8870024909045006,0.8870024909045006,0.8870024909045006,0.8870024909045006,0.8970024909045006,0.8970024909045006,0.8870024909045006,0.8970024909045006,0.8970024909045006,0.8970024909045006
741,0.9390570794169639,0.9290570794169639,0.9290570794169639,0.9290570794169639,0.9290570794169639,0.9290570794169639,0.9290570794169639,0.9490570794169639,0.9590570794169639,0.9340570794169639,0.9240570794169639,0.9240570794169639,0.8940570794169639
742,0.9116722824796145,0.9316722824796145,0.9416722824796145,0.9416722824796145,0.9266722824796145,0.9366722824796145,0.9566722824796146,0.9566722824796146,0.9366722824796145,0.9166722824796145,0.9266722824796145,0.9266722824796145,0.9366722824796145
743,0.8047744043176152,0.8047744043176152,0.8147744043176152,0.8047744043176152,0.8047744043176152,0.7947744043176151,0.7947744043176151,0.7747744043176151,0.7847744043176151,0.7747744043176151,0.7747744043176151,0.7747744043176151,0.7747744043176151
744,0.946406936577461,0.926406936577461,0.936406936577461,0.956406936577461,0.946406936577461,0.916406936577461,0.916406936577461,0.916406936577461,0.916406936577461,0.916406936577461,0.916406936577461,0.926406936577461,0.936406936577461
745,1.0,1.0,0.99,1.0,1.0,0.99,1.0,0.98,0.97,0.98,0.98,0.98,0.98
746,0.8384906522962596,0.8484906522962596,0.8484906522962596,0.8584906522962596,0.8684906522962597,0.8484906522962596,0.8384906522962596,0.8384906522962596,0.8284906522962596,0.8284906522962596,0.8184906522962596,0.8184906522962596,0.8184906522962596
747,0.9174795517920162,0.9174795517920162,0.9174795517920162,0.9174795517920162,0.9174795517920162,0.9074795517920162,0.9074795517920162,0.8974795517920162,0.8974795517920162,0.8974795517920162,0.8774795517920162,0.8774795517920162,0.8824795517920162
748,0.8941135076159248,0.8941135076159248,0.8841135076159248,0.8841135076159248,0.8841135076159248,0.8841135076159248,0.8641135076159248,0.8641135076159248,0.8541135076159247,0.8541135076159247,0.8541135076159247,0.8541135076159247,0.8541135076159247
749,0.9140385095839313,0.9140385095839313,0.9140385095839313,0.9240385095839313,0.9240385095839313,0.9040385095839313,0.9040385095839313,0.9040385095839313,0.8940385095839313,0.8740385095839313,0.8740385095839313,0.8840385095839313,0.8990385095839313
750,0.8906909601922924,0.8906909601922924,0.8706909601922924,0.8906909601922924,0.8606909601922924,0.8906909601922924,0.8906909601922924,0.8906909601922924,0.8806909601922924,0.8806909601922924,0.8806909601922924,0.8806909601922924,0.8906909601922924
751,0.9295691685362828,0.9295691685362828,0.9295691685362828,0.9295691685362828,0.9595691685362828,0.9695691685362828,0.9645691685362828,0.9545691685362828,0.9645691685362828,0.9445691685362828,0.9545691685362828,0.9545691685362828,0.9445691685362828
752,0.8453614254512352,0.8353614254512352,0.8353614254512352,0.8353614254512352,0.8453614254512352,0.8453614254512352,0.8453614254512352,0.8453614254512352,0.8253614254512351,0.8253614254512351,0.8153614254512351,0.8153614254512351,0.8053614254512351
753,0.9221872329766758,0.9121872329766758,0.9121872329766758,0.8921872329766758,0.9071872329766758,0.9071872329766758,0.8971872329766758,0.8971872329766758,0.9071872329766758,0.8871872329766758,0.9071872329766758,0.9371872329766758,0.9371872329766758
754,0.9452761814415961,0.9452761814415961,0.9352761814415961,0.9352761814415961,0.9352761814415961,0.9452761814415961,0.9452761814415961,0.9452761814415961,0.9452761814415961,0.9452761814415961,0.9452761814415961,0.9452761814415961,0.9452761814415961
755,0.8794436450689194,0.8794436450689194,0.9094436450689194,0.9094436450689194,0.9194436450689194,0.9094436450689194,0.9094436450689194,0.9094436450689194,0.9194436450689194,0.8894436450689194,0.9094436450689194,0.9094436450689194,0.9094436450689194
756,0.8835344675959301,0.8835344675959301,0.8935344675959301,0.8935344675959301,0.8835344675959301,0.8835344675959301,0.9035344675959301,0.9035344675959301,0.8935344675959301,0.8935344675959301,0.8935344675959301,0.9135344675959302,0.8935344675959301
757,0.8988998710815808,0.9088998710815808,0.9188998710815808,0.9188998710815808,0.9188998710815808,0.9188998710815808,0.8988998710815808,0.8988998710815808,0.8788998710815807,0.8688998710815807,0.8688998710815807,0.8688998710815807,0.8788998710815807
758,0.9721148657463187,0.9721148657463187,0.9721148657463187,0.9821148657463187,0.9621148657463187,0.9621148657463187,0.9621148657463187,0.9621148657463187,0.9621148657463187,0.9521148657463187,0.9621148657463187,0.9621148657463187,0.9721148657463187
759,0.9076586679230602,0.9176586679230602,0.9176586679230602,0.9076586679230602,0.9076586679230602,0.9076586679230602,0.9076586679230602,0.8876586679230601,0.8676586679230601,0.8726586679230601,0.8826586679230601,0.8926586679230601,0.8826586679230601
760,0.8642791803256679,0.8642791803256679,0.8542791803256679,0.8542791803256679,0.8442791803256678,0.8742791803256679,0.8942791803256679,0.9042791803256679,0.9042791803256679,0.9042791803256679,0.9042791803256679,0.8942791803256679,0.8742791803256679
761,0.9935167816721131,0.9835167816721131,0.9935167816721131,0.9735167816721131,0.9535167816721131,0.9535167816721131,0.9585167816721131,0.9685167816721131,0.9885167816721131,0.9885167816721131,0.9885167816721131,0.9785167816721131,0.9985167816721131
762,0.9252515637429025,0.9352515637429025,0.9352515637429025,0.9352515637429025,0.9352515637429025,0.9352515637429025,0.9352515637429025,0.9152515637429025,0.8952515637429025,0.8952515637429025,0.8952515637429025,0.8952515637429025,0.9152515637429025
763,0.9007231287752369,0.9207231287752369,0.9307231287752369,0.9207231287752369,0.9207231287752369,0.8957231287752369,0.8857231287752368,0.8957231287752369,0.8957231287752369,0.8957231287752369,0.8757231287752368,0.8857231287752368,0.8857231287752368
764,0.8976970478883733,0.9176970478883734,0.9076970478883734,0.9176970478883734,0.9276970478883734,0.9276970478883734,0.9076970478883734,0.8876970478883733,0.8676970478883733,0.8676970478883733,0.8676970478883733,0.8676970478883733,0.8576970478883733
765,0.9284725991194311,0.9184725991194311,0.9084725991194311,0.8984725991194311,0.8984725991194311,0.8984725991194311,0.8884725991194311,0.8884725991194311,0.8884725991194311,0.8984725991194311,0.9084725991194311,0.9284725991194311,0.9284725991194311
766,0.9333773650372412,0.9333773650372412,0.9433773650372412,0.9533773650372412,0.9533773650372412,0.9533773650372412,0.9333773650372412,0.9333773650372412,0.9333773650372412,0.9333773650372412,0.9333773650372412,0.9433773650372412,0.9433773650372412
767,0.8104521959105361,0.8004521959105361,0.7904521959105361,0.7904521959105361,0.780452195910536,0.7904521959105361,0.8104521959105361,0.8504521959105361,0.8454521959105361,0.8354521959105361,0.8454521959105361,0.8354521959105361,0.8154521959105361
768,0.8408442200816937,0.8508442200816937,0.8508442200816937,0.8608442200816937,0.8608442200816937,0.8408442200816937,0.8408442200816937,0.8608442200816937,0.8508442200816937,0.8508442200816937,0.8508442200816937,0.8508442200816937,0.8408442200816937
769,0.9202036289792921,0.9102036289792921,0.8902036289792921,0.8902036289792921,0.8902036289792921,0.9002036289792921,0.9002036289792921,0.9002036289792921,0.9002036289792921,0.9002036289792921,0.8902036289792921,0.8902036289792921,0.9002036289792921
770,0.8525779277715273,0.8425779277715273,0.8425779277715273,0.8525779277715273,0.8525779277715273,0.8625779277715273,0.8725779277715273,0.8725779277715273,0.8725779277715273,0.8825779277715273,0.8675779277715273,0.8675779277715273,0.8675779277715273
771,0.9159861697214573,0.9359861697214573,0.9459861697214573,0.9459861697214573,0.9459861697214573,0.9259861697214573,0.9159861697214573,0.9159861697214573,0.9259861697214573,0.9359861697214573,0.9109861697214573,0.9309861697214573,0.9309861697214573
772,0.9381253799500363,0.9081253799500363,0.9081253799500363,0.9181253799500363,0.9181253799500363,0.8981253799500363,0.9031253799500363,0.9031253799500363,0.9031253799500363,0.9031253799500363,0.9031253799500363,0.9031253799500363,0.9131253799500363
773,0.9507565027005263,0.9507565027005263,0.9507565027005263,0.9507565027005263,0.9307565027005262,0.9407565027005262,0.9407565027005262,0.9407565027005262,0.9307565027005262,0.9407565027005262,0.9407565027005262,0.9707565027005263,0.9307565027005262
774,0.9051985119249399,0.8651985119249399,0.8651985119249399,0.8701985119249399,0.8801985119249399,0.8701985119249399,0.8701985119249399,0.8801985119249399,0.8901985119249399,0.8701985119249399,0.8801985119249399,0.8801985119249399,0.8901985119249399
775,0.9320447260459239,0.9320447260459239,0.9320447260459239,0.9320447260459239,0.9220447260459239,0.9220447260459239,0.9320447260459239,0.9320447260459239,0.9320447260459239,0.9320447260459239,0.9220447260459239,0.9220447260459239,0.9120447260459239
776,0.9063678884621037,0.8963678884621037,0.9063678884621037,0.8963678884621037,0.8863678884621037,0.8863678884621037,0.8763678884621037,0.8763678884621037,0.8763678884621037,0.8763678884621037,0.8963678884621037,0.8763678884621037,0.8863678884621037
777,0.9429193550922457,0.9529193550922457,0.9729193550922457,0.9729193550922457,0.9729193550922457,0.9829193550922457,0.9779193550922457,0.9679193550922457,0.9379193550922457,0.9579193550922457,0.9479193550922457,0.9379193550922457,0.9379193550922457
778,0.9831387861590368,0.9831387861590368,0.9731387861590368,0.9831387861590368,0.9831387861590368,0.9831387861590368,0.9831387861590368,0.9731387861590368,0.9831387861590368,0.9831387861590368,0.9831387861590368,0.9531387861590368,0.9431387861590368
779,0.8988694427420688,0.8988694427420688,0.9188694427420688,0.9188694427420688,0.9188694427420688,0.9088694427420688,0.9188694427420688,0.8888694427420688,0.9088694427420688,0.8988694427420688,0.9088694427420688,0.9188694427420688,0.9188694427420688
780,0.9481173390106421,0.9381173390106421,0.9381173390106421,0.9381173390106421,0.9281173390106421,0.9581173390106421,0.9581173390106421,0.9481173390106421,0.9681173390106421,0.9681173390106421,0.9681173390106421,0.9681173390106421,0.9681173390106421
781,0.8791300396512888,0.9191300396512888,0.9141300396512888,0.9141300396512888,0.9041300396512888,0.8641300396512888,0.8541300396512888,0.8341300396512887,0.8341300396512887,0.8341300396512887,0.8341300396512887,0.8541300396512888,0.8541300396512888
782,0.8599313205647136,0.8599313205647136,0.8599313205647136,0.8699313205647136,0.8599313205647136,0.8899313205647136,0.8999313205647136,0.8999313205647136,0.8999313205647136,0.8899313205647136,0.8799313205647136,0.8599313205647136,0.8399313205647135
783,0.884021188042421,0.874021188042421,0.874021188042421,0.874021188042421,0.874021188042421,0.864021188042421,0.864021188042421,0.884021188042421,0.874021188042421,0.874021188042421,0.874021188042421,0.874021188042421,0.874021188042421
784,0.8633210640151789,0.8633210640151789,0.873321064015179,0.8633210640151789,0.8533210640151789,0.8533210640151789,0.8633210640151789,0.8633210640151789,0.873321064015179,0.873321064015179,0.8533210640151789,0.8433210640151789,0.8433210640151789
785,0.996519901776015,0.996519901776015,0.996519901776015,1.0,1.0,0.99,1.0,1.0,1.0,1.0,1.0,1.0,0.985
786,0.9289480021335887,0.9389480021335888,0.9389480021335888,0.9389480021335888,0.9389480021335888,0.9389480021335888,0.9389480021335888,0.9389480021335888,0.9389480021335888,0.9189480021335887,0.9289480021335887,0.9289480021335887,0.9489480021335888
787,0.9749449024928781,0.9649449024928781,0.9549449024928781,0.9449449024928781,0.9349449024928781,0.9349449024928781,0.9549449024928781,0.9649449024928781,0.9649449024928781,0.9649449024928781,0.9749449024928781,0.9949449024928781,1.0
788,0.903877329114109,0.913877329114109,0.933877329114109,0.933877329114109,0.933877329114109,0.933877329114109,0.933877329114109,0.943877329114109,0.933877329114109,0.943877329114109,0.943877329114109,0.943877329114109,0.933877329114109
789,0.9083033100690768,0.9083033100690768,0.9083033100690768,0.9283033100690768,0.9483033100690769,0.9433033100690769,0.9333033100690769,0.9333033100690769,0.9233033100690768,0.9233033100690768,0.9233033100690768,0.9233033100690768,0.8933033100690768
790,0.8839308530963408,0.8839308530963408,0.8639308530963408,0.8739308530963408,0.8739308530963408,0.8839308530963408,0.8739308530963408,0.8839308530963408,0.8839308530963408,0.8839308530963408,0.8939308530963408,0.8939308530963408,0.9139308530963408
791,0.8933865738330682,0.8633865738330682,0.8633865738330682,0.8633865738330682,0.8783865738330682,0.8683865738330682,0.8783865738330682,0.8783865738330682,0.8583865738330682,0.8683865738330682,0.8583865738330682,0.8783865738330682,0.8583865738330682
792,0.9282582130859527,0.9382582130859527,0.9282582130859527,0.9282582130859527,0.9082582130859527,0.8982582130859527,0.8882582130859527,0.8932582130859527,0.8932582130859527,0.9032582130859527,0.9132582130859527,0.9032582130859527,0.9232582130859527
793,0.8179893111049641,0.8179893111049641,0.8079893111049641,0.8079893111049641,0.8279893111049641,0.8279893111049641,0.8279893111049641,0.8379893111049641,0.8479893111049641,0.8479893111049641,0.8379893111049641,0.8379893111049641,0.8379893111049641
794,0.9342845641493157,0.9542845641493157,0.9342845641493157,0.9542845641493157,0.9542845641493157,0.9542845641493157,0.9542845641493157,0.9542845641493157,0.9442845641493157,0.9442845641493157,0.9442845641493157,0.9442845641493157,0.9542845641493157
795,0.832324631708944,0.832324631708944,0.832324631708944,0.832324631708944,0.832324631708944,0.832324631708944,0.832324631708944,0.842324631708944,0.842324631708944,0.852324631708944,0.842324631708944,0.842324631708944,0.822324631708944
796,0.9148015710043416,0.9348015710043416,0.9248015710043416,0.9348015710043416,0.9448015710043416,0.9448015710043416,0.9248015710043416,0.9448015710043416,0.9348015710043416,0.9348015710043416,0.9348015710043416,0.9448015710043416,0.9448015710043416
797,0.9543588260668163,0.9543588260668163,0.9743588260668163,0.9843588260668164,0.9843588260668164,0.9843588260668164,0.9843588260668164,0.9743588260668163,0.9743588260668163,0.9743588260668163,0.9843588260668164,0.9943588260668164,0.9943588260668164
798,0.8832464780555407,0.8832464780555407,0.8832464780555407,0.8832464780555407,0.8832464780555407,0.8732464780555407,0.8732464780555407,0.9032464780555407,0.9132464780555407,0.9132464780555407,0.9132464780555407,0.9032464780555407,0.9132464780555407
799,0.9387861115445273,0.9387861115445273,0.9287861115445273,0.9187861115445273,0.9187861115445273,0.9437861115445273,0.9437861115445273,0.9437861115445273,0.9437861115445273,0.9537861115445273,0.9737861115445273,0.9737861115445273,0.9837861115445273
800,0.8940886846059748,0.8940886846059748,0.8940886846059748,0.9040886846059748,0.9040886846059748,0.8740886846059748,0.8740886846059748,0.8640886846059748,0.8790886846059748,0.9090886846059748,0.9090886846059748,0.9090886846059748,0.9090886846059748
801,0.9215205963293619,0.9015205963293619,0.9015205963293619,0.9115205963293619,0.9015205963293619,0.9215205963293619,0.9115205963293619,0.9015205963293619,0.9015205963293619,0.8915205963293619,0.8815205963293619,0.8865205963293619,0.9165205963293619
802,0.905525607793958,0.905525607793958,0.895525607793958,0.895525607793958,0.905525607793958,0.885525607793958,0.8755256077939579,0.885525607793958,0.8755256077939579,0.8755256077939579,0.885525607793958,0.885525607793958,0.885525607793958
803,0.8727205087686095,0.8727205087686095,0.8727205087686095,0.8527205087686095,0.8527205087686095,0.8527205087686095,0.8527205087686095,0.8427205087686095,0.8527205087686095,0.8527205087686095,0.8527205087686095,0.8527205087686095,0.8527205087686095
804,0.8550811348793542,0.8450811348793542,0.8450811348793542,0.8350811348793542,0.8350811348793542,0.8350811348793542,0.8450811348793542,0.8450811348793542,0.8450811348793542,0.8750811348793542,0.8750811348793542,0.8750811348793542,0.8750811348793542
805,0.9212457578226044,0.9212457578226044,0.9312457578226044,0.9212457578226044,0.9312457578226044,0.9212457578226044,0.9112457578226044,0.9012457578226044,0.9112457578226044,0.9212457578226044,0.9212457578226044,0.9312457578226044,0.9512457578226045
806,0.8783396366418402,0.8683396366418402,0.8683396366418402,0.8783396366418402,0.8783396366418402,0.9083396366418403,0.8983396366418402,0.8983396366418402,0.9083396366418403,0.8883396366418402,0.8783396366418402,0.8783396366418402,0.8883396366418402
807,0.9391049838234143,0.9291049838234143,0.9191049838234143,0.9191049838234143,0.8991049838234143,0.8991049838234143,0.8991049838234143,0.9191049838234143,0.9191049838234143,0.9191049838234143,0.9191049838234143,0.9191049838234143,0.9091049838234143
808,0.8217015079436579,0.8117015079436579,0.8117015079436579,0.8217015079436579,0.8317015079436579,0.841701507943658,0.841701507943658,0.841701507943658,0.8167015079436579,0.8067015079436579,0.8067015079436579,0.7967015079436579,0.7867015079436579
809,0.9976332231679843,1.0,0.98,0.97,0.97,0.96,0.96,0.97,0.96,0.98,0.99,1.0,0.99
810,0.8623476807943811,0.8723476807943811,0.8523476807943811,0.8523476807943811,0.8623476807943811,0.8723476807943811,0.8723476807943811,0.9023476807943811,0.8723476807943811,0.8723476807943811,0.8523476807943811,0.8523476807943811,0.8623476807943811
811,0.9587353363794466,0.9687353363794466,0.9887353363794467,0.9887353363794467,0.9887353363794467,0.9737353363794466,0.9837353363794467,0.9837353363794467,1.0,1.0,0.97,0.98,0.99
812,0.8994598581764458,0.8894598581764458,0.8894598581764458,0.8794598581764458,0.8794598581764458,0.8794598581764458,0.8794598581764458,0.8894598581764458,0.9194598581764458,0.9194598581764458,0.9094598581764458,0.9194598581764458,0.9294598581764458
813,0.9988387354747421,0.9888387354747421,0.9988387354747421,0.9988387354747421,1.0,1.0,0.97,0.96,0.96,0.96,0.96,0.97,0.98
814,0.9003216173448875,0.9103216173448875,0.9003216173448875,0.9003216173448875,0.8803216173448875,0.9003216173448875,0.9003216173448875,0.8903216173448875,0.9103216173448875,0.9103216173448875,0.8903216173448875,0.8703216173448874,0.8603216173448874
815,0.8731325870305,0.8731325870305,0.8731325870305,0.8731325870305,0.8731325870305,0.8731325870305,0.8731325870305,0.8731325870305,0.8731325870305,0.8731325870305,0.8931325870305,0.8931325870305,0.8931325870305
816,0.8950005055990358,0.8650005055990357,0.8750005055990357,0.8750005055990357,0.8650005055990357,0.8650005055990357,0.8650005055990357,0.8750005055990357,0.8650005055990357,0.8650005055990357,0.8650005055990357,0.8650005055990357,0.8650005055990357
817,0.9733205345470337,0.9733205345470337,0.9533205345470337,0.9433205345470337,0.9633205345470337,0.9533205345470337,0.9433205345470337,0.9333205345470337,0.9333205345470337,0.9333205345470337,0.9433205345470337,0.9433205345470337,0.9533205345470337
818,0.8734196290200908,0.8934196290200909,0.8934196290200909,0.8934196290200909,0.8934196290200909,0.9034196290200909,0.8884196290200909,0.8684196290200908,0.8684196290200908,0.8684196290200908,0.8684196290200908,0.8584196290200908,0.8484196290200908
819,0.8716539846399739,0.8416539846399739,0.8416539846399739,0.8316539846399739,0.8366539846399739,0.8366539846399739,0.8466539846399739,0.8466539846399739,0.8466539846399739,0.8666539846399739,0.8866539846399739,0.8966539846399739,0.9066539846399739
820,0.9701938344972753,0.9901938344972753,0.9901938344972753,0.9901938344972753,0.9901938344972753,1.0,1.0,0.97,0.96,0.97,0.97,0.97,0.97
821,0.8717313184393086,0.8817313184393086,0.8617313184393086,0.8617313184393086,0.8517313184393086,0.8417313184393086,0.8417313184393086,0.8517313184393086,0.8717313184393086,0.8717313184393086,0.8617313184393086,0.8417313184393086,0.8617313184393086
822,1.0,1.0,1.0,1.0,1.0,1.0,1.0,1.0,0.965,0.965,0.985,0.975,0.945
823,0.9437741248966095,0.9437741248966095,0.9437741248966095,0.9537741248966095,0.9637741248966095,0.9637741248966095,0.9537741248966095,0.9437741248966095,0.9437741248966095,0.9337741248966095,0.9137741248966095,0.9037741248966095,0.9037741248966095
824,0.951807813826363,0.971807813826363,0.961807813826363,0.961807813826363,0.951807813826363,0.951807813826363,0.951807813826363,0.951807813826363,0.941807813826363,0.911807813826363,0.911807813826363,0.911807813826363,0.916807813826363
825,0.8975260112343393,0.8975260112343393,0.8775260112343393,0.8675260112343393,0.8825260112343393,0.8925260112343393,0.8825260112343393,0.9025260112343393,0.9025260112343393,0.9025260112343393,0.8925260112343393,0.8925260112343393,0.8825260112343393
826,0.996571933117035,0.996571933117035,0.9765719331170349,1.0,0.99,1.0,1.0,0.975,0.985,0.985,0.985,0.985,0.985
827,0.9480253168818402,0.9580253168818402,0.9580253168818402,0.9580253168818402,0.9580253168818402,0.9480253168818402,0.9880253168818403,0.9830253168818402,0.9830253168818402,0.9830253168818402,0.9830253168818402,0.9830253168818402,0.9830253168818402
828,0.9698503779422214,0.9798503779422214,0.9898503779422214,0.9898503779422214,0.9898503779422214,0.9598503779422214,0.9598503779422214,0.9598503779422214,0.9598503779422214,0.9698503779422214,0.9698503779422214,0.9598503779422214,0.9598503779422214
829,0.9049124832164764,0.9049124832164764,0.9049124832164764,0.9049124832164764,0.9049124832164764,0.9049124832164764,0.9049124832164764,0.9049124832164764,0.9049124832164764,0.9049124832164764,0.9049124832164764,0.9149124832164764,0.8949124832164764
830,0.9952154993086145,0.9852154993086145,0.9852154993086145,1.0,1.0,1.0,1.0,1.0,0.995,0.995,0.985,0.985,0.975
831,0.9625230497738525,0.9625230497738525,0.9725230497738525,0.9425230497738525,0.9425230497738525,0.9525230497738525,0.9425230497738525,0.9325230497738525,0.9425230497738525,0.9625230497738525,0.9825230497738525,0.9625230497738525,0.9825230497738525
832,0.9846720284934056,0.9846720284934056,0.9846720284934056,0.9846720284934056,0.9846720284934056,0.9646720284934056,0.9846720284934056,0.9846720284934056,0.9946720284934056,0.9946720284934056,0.9946720284934056,0.9946720284934056,0.9946720284934056
833,0.7779038815542758,0.7779038815542758,0.7879038815542758,0.7879038815542758,0.7879038815542758,0.7879038815542758,0.7979038815542758,0.7979038815542758,0.8079038815542758,0.7979038815542758,0.7979038815542758,0.8179038815542758,0.8179038815542758
834,0.9345914085725143,0.9445914085725143,0.9345914085725143,0.9545914085725143,0.9445914085725143,0.9445914085725143,0.9345914085725143,0.9345914085725143,0.9445914085725143,0.9245914085725143,0.9345914085725143,0.8945914085725143,0.9045914085725143
835,0.876155699229851,0.876155699229851,0.876155699229851,0.886155699229851,0.886155699229851,0.866155699229851,0.876155699229851,0.876155699229851,0.846155699229851,0.846155699229851,0.861155699229851,0.861155699229851,0.871155699229851
836,0.8652735764127549,0.8752735764127549,0.8652735764127549,0.8652735764127549,0.8452735764127549,0.8352735764127549,0.8352735764127549,0.8452735764127549,0.8452735764127549,0.8452735764127549,0.8352735764127549,0.8252735764127549,0.8252735764127549
837,0.9602782637758267,0.9602782637758267,0.9602782637758267,0.9602782637758267,0.9602782637758267,0.9702782637758267,0.9702782637758267,0.9702782637758267,0.9702782637758267,0.9702782637758267,0.9802782637758267,0.9802782637758267,0.9702782637758267
838,0.9732887635617669,0.9732887635617669,0.9632887635617668,0.9532887635617668,0.9532887635617668,0.9532887635617668,0.9782887635617669,0.9782887635617669,0.9782887635617669,0.9782887635617669,0.9782887635617669,0.9782887635617669,0.9782887635617669
839,0.9012790577330002,0.9012790577330002,0.9212790577330002,0.9112790577330002,0.9112790577330002,0.9112790577330002,0.9312790577330002,0.9412790577330002,0.9412790577330002,0.9312790577330002,0.9162790577330002,0.9162790577330002,0.9062790577330002
840,0.8857638253769547,0.8857638253769547,0.8857638253769547,0.8857638253769547,0.8757638253769547,0.8657638253769547,0.8557638253769547,0.8557638253769547,0.8557638253769547,0.8557638253769547,0.8757638253769547,0.9057638253769548,0.9057638253769548
841,0.910577202230493,0.910577202230493,0.890577202230493,0.900577202230493,0.900577202230493,0.890577202230493,0.880577202230493,0.870577202230493,0.870577202230493,0.870577202230493,0.870577202230493,0.870577202230493,0.880577202230493
842,0.9643804306755327,0.9543804306755327,0.9443804306755327,0.9243804306755327,0.9243804306755327,0.9443804306755327,0.9543804306755327,0.9543804306755327,0.9443804306755327,0.9343804306755327,0.9343804306755327,0.9343804306755327,0.9343804306755327
843,0.8212923599314144,0.8212923599314144,0.8112923599314144,0.8112923599314144,0.8212923599314144,0.8312923599314144,0.8412923599314144,0.8412923599314144,0.8512923599314144,0.8512923599314144,0.8512923599314144,0.8362923599314144,0.8262923599314144
844,0.8424908300353383,0.8324908300353383,0.8324908300353383,0.8324908300353383,0.8124908300353383,0.8274908300353383,0.8374908300353383,0.8274908300353383,0.8274908300353383,0.8374908300353383,0.8574908300353383,0.8574908300353383,0.8574908300353383
845,0.9388087878614739,0.9388087878614739,0.9488087878614739,0.9488087878614739,0.978808787861474,0.9588087878614739,0.9488087878614739,0.9488087878614739,0.9288087878614739,0.9188087878614739,0.9188087878614739,0.9488087878614739,0.9488087878614739
846,0.962834401517008,0.962834401517008,0.962834401517008,0.952834401517008,0.962834401517008,0.9728344015170081,0.9728344015170081,0.962834401517008,0.9728344015170081,0.9728344015170081,0.9728344015170081,0.9828344015170081,0.9728344015170081
847,0.9822600112896714,0.9822600112896714,0.9622600112896714,0.9622600112896714,0.9622600112896714,0.9522600112896714,0.9522600112896714,0.9422600112896714,0.9472600112896714,0.9572600112896714,0.9672600112896714,0.9672600112896714,0.9672600112896714
848,0.9542339620731735,0.9542339620731735,0.9542339620731735,0.9442339620731734,0.9442339620731734,0.9442339620731734,0.9642339620731735,0.9642339620731735,0.9642339620731735,0.9742339620731735,0.9842339620731735,0.9742339620731735,0.9742339620731735
849,0.9503348451864448,0.9503348451864448,0.9603348451864449,0.9403348451864448,0.9403348451864448,0.9403348451864448,0.9603348451864449,0.9703348451864449,0.9503348451864448,0.9603348451864449,0.9603348451864449,0.9803348451864449,0.9903348451864449
850,0.8950075652910391,0.8950075652910391,0.9150075652910391,0.9150075652910391,0.9250075652910391,0.9350075652910391,0.9350075652910391,0.9300075652910391,0.9300075652910391,0.9200075652910391,0.9200075652910391,0.9200075652910391,0.9200075652910391
851,0.9505601585904738,0.9505601585904738,0.9605601585904738,0.9505601585904738,0.9505601585904738,0.9605601585904738,0.9605601585904738,0.9705601585904738,0.9705601585904738,0.9505601585904738,0.9505601585904738,0.9405601585904738,0.9405601585904738
852,0.941455910033151,0.941455910033151,0.931455910033151,0.931455910033151,0.921455910033151,0.921455910033151,0.921455910033151,0.921455910033151,0.921455910033151,0.931455910033151,0.941455910033151,0.941455910033151,0.981455910033151
853,0.9000681504762112,0.8900681504762112,0.8900681504762112,0.8700681504762112,0.8700681504762112,0.8850681504762112,0.8850681504762112,0.8850681504762112,0.8950681504762112,0.8750681504762112,0.8850681504762112,0.9150681504762113,0.9250681504762113
854,0.8420164957990399,0.8220164957990399,0.8220164957990399,0.8420164957990399,0.8420164957990399,0.8320164957990399,0.8420164957990399,0.8320164957990399,0.8320164957990399,0.8120164957990399,0.8320164957990399,0.8120164957990399,0.8120164957990399
855,0.9603485483433263,0.9703485483433263,0.9703485483433263,0.9603485483433263,0.9503485483433263,0.9603485483433263,0.9703485483433263,0.9803485483433263,0.9903485483433263,0.9903485483433263,0.9903485483433263,0.9903485483433263,1.0
856,0.9687126528115036,0.9687126528115036,0.9887126528115037,0.9987126528115037,0.9787126528115037,0.9887126528115037,0.9987126528115037,0.9837126528115037,0.9937126528115037,0.9937126528115037,0.9937126528115037,0.9437126528115036,0.9637126528115036
857,0.9135350547056088,0.9135350547056088,0.9035350547056088,0.9035350547056088,0.8835350547056088,0.8985350547056088,0.9085350547056088,0.9085350547056088,0.9085350547056088,0.9385350547056088,0.9385350547056088,0.8985350547056088,0.8985350547056088
858,0.9677469054829979,0.9477469054829979,0.9377469054829979,0.9277469054829979,0.9327469054829979,0.9327469054829979,0.9427469054829979,0.9427469054829979,0.9427469054829979,0.9227469054829979,0.9227469054829979,0.9327469054829979,0.9427469054829979
859,0.8513398351865974,0.8413398351865974,0.8313398351865974,0.8413398351865974,0.8413398351865974,0.8413398351865974,0.8513398351865974,0.8513398351865974,0.8513398351865974,0.8613398351865974,0.8613398351865974,0.8613398351865974,0.8713398351865974
860,0.9636961525114522,0.9636961525114522,0.9436961525114522,0.9686961525114522,0.9686961525114522,0.9686961525114522,0.9686961525114522,0.9686961525114522,0.9686961525114522,0.9586961525114522,0.9586961525114522,0.9586961525114522,0.9786961525114523
861,0.989071347320398,0.999071347320398,0.979071347320398,0.979071347320398,0.979071347320398,0.979071347320398,0.979071347320398,0.959071347320398,0.959071347320398,0.974071347320398,0.974071347320398,0.954071347320398,0.964071347320398
862,0.8651552162026812,0.8651552162026812,0.8751552162026812,0.8651552162026812,0.8351552162026812,0.8451552162026812,0.8451552162026812,0.8451552162026812,0.8451552162026812,0.8451552162026812,0.8451552162026812,0.8551552162026812,0.8651552162026812
863,0.8885305714484155,0.8885305714484155,0.8885305714484155,0.8985305714484155,0.8785305714484155,0.8685305714484155,0.8785305714484155,0.8785305714484155,0.8785305714484155,0.8685305714484155,0.8585305714484155,0.8485305714484155,0.8485305714484155
864,0.9597806616334275,0.9597806616334275,0.9897806616334275,0.9797806616334275,0.9897806616334275,0.9797806616334275,0.9997806616334275,0.9997806616334275,0.9997806616334275,0.9997806616334275,0.9997806616334275,0.9897806616334275,0.9747806616334275
865,0.9139884752608198,0.9139884752608198,0.9139884752608198,0.9139884752608198,0.9139884752608198,0.9339884752608199,0.9239884752608198,0.9239884752608198,0.9239884752608198,0.9239884752608198,0.9039884752608198,0.9139884752608198,0.9139884752608198
866,0.9682885893348891,0.9482885893348891,0.9482885893348891,0.9482885893348891,0.9582885893348891,0.9582885893348891,0.9582885893348891,0.9482885893348891,0.9382885893348891,0.9382885893348891,0.9382885893348891,0.9282885893348891,0.9332885893348891
867,0.8977942226918263,0.9177942226918263,0.9177942226918263,0.9177942226918263,0.9077942226918263,0.9077942226918263,0.9077942226918263,0.9177942226918263,0.9377942226918263,0.9377942226918263,0.9377942226918263,0.9327942226918263,0.9127942226918263
868,0.8681694496199782,0.8581694496199782,0.8581694496199782,0.8481694496199782,0.8381694496199782,0.8481694496199782,0.8481694496199782,0.8731694496199782,0.8531694496199782,0.8531694496199782,0.8431694496199782,0.8431694496199782,0.8331694496199782
869,0.9455733723386512,0.9455733723386512,0.9455733723386512,0.9655733723386513,0.9455733723386512,0.9455733723386512,0.9155733723386512,0.9055733723386512,0.9055733723386512,0.9055733723386512,0.9155733723386512,0.9155733723386512,0.9055733723386512
870,0.9510525805543343,0.9510525805543343,0.9610525805543343,0.9510525805543343,0.9610525805543343,0.9510525805543343,0.9510525805543343,0.9510525805543343,0.9410525805543343,0.9510525805543343,0.9510525805543343,0.9510525805543343,0.9610525805543343
871,0.9403475515954538,0.9603475515954538,0.9703475515954538,0.9703475515954538,0.9603475515954538,0.9303475515954538,0.9203475515954538,0.9103475515954538,0.9103475515954538,0.9203475515954538,0.9203475515954538,0.9203475515954538,0.9003475515954538
872,0.8554638864435498,0.8554638864435498,0.8454638864435498,0.8554638864435498,0.8554638864435498,0.8654638864435498,0.8654638864435498,0.8654638864435498,0.8654638864435498,0.8754638864435498,0.8754638864435498,0.8754638864435498,0.8454638864435498
873,0.9375359510128202,0.9375359510128202,0.9175359510128202,0.9175359510128202,0.9175359510128202,0.9175359510128202,0.9275359510128202,0.9275359510128202,0.9275359510128202,0.9275359510128202,0.9275359510128202,0.9475359510128202,0.9675359510128202
874,0.8867646003129755,0.8667646003129755,0.8667646003129755,0.8567646003129755,0.8567646003129755,0.8867646003129755,0.8867646003129755,0.8667646003129755,0.8567646003129755,0.8567646003129755,0.8667646003129755,0.8967646003129756,0.8967646003129756
875,0.9192651942711155,0.9292651942711155,0.9292651942711155,0.9292651942711155,0.9292651942711155,0.9292651942711155,0.9292651942711155,0.9192651942711155,0.8992651942711155,0.9092651942711155,0.8992651942711155,0.8992651942711155,0.8992651942711155
876,0.9534264149528516,0.9634264149528516,0.9634264149528516,0.9634264149528516,0.9734264149528516,0.9734264149528516,0.9634264149528516,0.9634264149528516,0.9634264149528516,0.9734264149528516,0.9734264149528516,0.9534264149528516,0.9434264149528516
877,0.9081961052133979,0.9081961052133979,0.9181961052133979,0.9081961052133979,0.9081961052133979,0.9181961052133979,0.9081961052133979,0.9181961052133979,0.9081961052133979,0.9081961052133979,0.9181961052133979,0.9281961052133979,0.9281961052133979
878,0.9249252852206922,0.9249252852206922,0.9149252852206922,0.8849252852206921,0.8849252852206921,0.8849252852206921,0.8849252852206921,0.8849252852206921,0.8849252852206921,0.9049252852206922,0.9249252852206922,0.9049252852206922,0.9049252852206922
879,0.9444673584372939,0.9544673584372939,0.9644673584372939,0.9644673584372939,0.9644673584372939,0.9544673584372939,0.9444673584372939,0.9344673584372939,0.9344673584372939,0.9344673584372939,0.9444673584372939,0.9344673584372939,0.9244673584372939
880,1.0,0.97,0.97,0.97,0.985,0.985,0.975,0.975,0.955,0.955,0.955,0.955,0.955
881,0.9836995350989214,0.9936995350989214,1.0,0.98,0.99,0.99,0.99,0.98,0.99,0.99,1.0,1.0,0.995
882,0.9037042446701673,0.9137042446701673,0.9237042446701673,0.9237042446701673,0.9237042446701673,0.9137042446701673,0.9137042446701673,0.9037042446701673,0.8937042446701673,0.8937042446701673,0.8937042446701673,0.8937042446701673,0.9037042446701673
883,0.8910459405785522,0.9010459405785523,0.9010459405785523,0.8910459405785522,0.8910459405785522,0.8910459405785522,0.8910459405785522,0.8910459405785522,0.8910459405785522,0.9010459405785523,0.8910459405785522,0.9110459405785523,0.9110459405785523
884,0.8652875729664742,0.8852875729664742,0.8652875729664742,0.8652875729664742,0.8652875729664742,0.8652875729664742,0.8652875729664742,0.8752875729664742,0.8652875729664742,0.8652875729664742,0.8652875729664742,0.8552875729664742,0.8552875729664742
885,0.8935497923683046,0.8735497923683045,0.8535497923683045,0.8535497923683045,0.8535497923683045,0.8735497923683045,0.8835497923683046,0.8835497923683046,0.8835497923683046,0.8835497923683046,0.8835497923683046,0.8835497923683046,0.8835497923683046
886,0.9432387305968473,0.9432387305968473,0.9432387305968473,0.9432387305968473,0.9332387305968473,0.9432387305968473,0.9332387305968473,0.9332387305968473,0.9332387305968473,0.9332387305968473,0.9432387305968473,0.9732387305968473,0.9732387305968473
887,0.9480579109860983,0.9580579109860983,0.9580579109860983,0.9480579109860983,0.9480579109860983,0.9280579109860982,0.9280579109860982,0.9280579109860982,0.9180579109860982,0.9280579109860982,0.9480579109860983,0.9380579109860983,0.9380579109860983
888,0.9006726679559398,0.9006726679559398,0.8906726679559398,0.8906726679559398,0.9006726679559398,0.9006726679559398,0.9306726679559398,0.9306726679559398,0.9306726679559398,0.9206726679559398,0.9006726679559398,0.9106726679559398,0.9006726679559398
889,0.9634033557228007,0.9734033557228007,0.9734033557228007,0.9534033557228007,0.9534033557228007,0.9434033557228007,0.9434033557228007,0.9534033557228007,0.9434033557228007,0.9534033557228007,0.9534033557228007,0.9534033557228007,0.9634033557228007
890,0.9254898218804078,0.9354898218804079,0.9454898218804079,0.9454898218804079,0.9254898218804078,0.9154898218804078,0.9254898218804078,0.9154898218804078,0.9154898218804078,0.9154898218804078,0.9154898218804078,0.8954898218804078,0.9104898218804078
891,0.8783942687890101,0.8783942687890101,0.8783942687890101,0.8883942687890101,0.8783942687890101,0.8883942687890101,0.8883942687890101,0.8983942687890101,0.8783942687890101,0.8783942687890101,0.86839426878901,0.86839426878901,0.86839426878901
892,0.9239368378202726,0.9139368378202726,0.9139368378202726,0.9039368378202726,0.9239368378202726,0.9239368378202726,0.9239368378202726,0.9239368378202726,0.9239368378202726,0.9239368378202726,0.9239368378202726,0.9039368378202726,0.9039368378202726
893,0.8997414197962457,0.8997414197962457,0.8897414197962457,0.8897414197962457,0.9197414197962457,0.9297414197962457,0.9297414197962457,0.9297414197962457,0.9297414197962457,0.9197414197962457,0.8997414197962457,0.8997414197962457,0.8997414197962457
894,0.9342849021043766,0.9342849021043766,0.9242849021043766,0.9242849021043766,0.9242849021043766,0.9342849021043766,0.9042849021043766,0.9042849021043766,0.9242849021043766,0.9242849021043766,0.9342849021043766,0.9342849021043766,0.9342849021043766
895,0.9041049402069252,0.9341049402069252,0.9341049402069252,0.9341049402069252,0.9241049402069252,0.9341049402069252,0.9341049402069252,0.9341049402069252,0.9441049402069253,0.9341049402069252,0.9241049402069252,0.9441049402069253,0.9441049402069253
896,0.8012686791133606,0.8212686791133607,0.8212686791133607,0.8112686791133606,0.8112686791133606,0.8112686791133606,0.8112686791133606,0.8112686791133606,0.8012686791133606,0.7912686791133606,0.7812686791133606,0.7612686791133606,0.7612686791133606
897,0.9107249866289148,0.8907249866289147,0.9007249866289148,0.9107249866289148,0.9107249866289148,0.9007249866289148,0.9007249866289148,0.9107249866289148,0.9107249866289148,0.9107249866289148,0.9107249866289148,0.9007249866289148,0.9007249866289148
898,0.9484960463393537,0.9384960463393537,0.9384960463393537,0.9384960463393537,0.9584960463393537,0.9484960463393537,0.9684960463393537,0.9584960463393537,0.9584960463393537,0.9684960463393537,0.9684960463393537,0.9684960463393537,0.9684960463393537
899,0.8673514933229628,0.8873514933229628,0.8773514933229628,0.8673514933229628,0.8673514933229628,0.8673514933229628,0.8773514933229628,0.8573514933229628,0.8573514933229628,0.8573514933229628,0.8473514933229628,0.8573514933229628,0.8473514933229628
900,0.9282558460684428,0.9082558460684428,0.8982558460684428,0.9132558460684428,0.9132558460684428,0.8932558460684428,0.8932558460684428,0.9032558460684428,0.9032558460684428,0.8932558460684428,0.9032558460684428,0.9032558460684428,0.9132558460684428
901,0.92057879735438,0.90057879735438,0.90057879735438,0.91057879735438,0.91057879735438,0.92057879735438,0.92057879735438,0.91057879735438,0.92057879735438,0.92057879735438,0.91057879735438,0.91057879735438,0.93057879735438
902,0.8762071876892966,0.8762071876892966,0.8862071876892966,0.8862071876892966,0.8762071876892966,0.8662071876892966,0.8762071876892966,0.8762071876892966,0.8762071876892966,0.8862071876892966,0.8862071876892966,0.8862071876892966,0.8862071876892966
903,0.8954498305012585,0.8954498305012585,0.8954498305012585,0.9054498305012585,0.9054498305012585,0.8754498305012585,0.8954498305012585,0.9154498305012585,0.9054498305012585,0.9054498305012585,0.9054498305012585,0.9154498305012585,0.9154498305012585
904,0.8782806693778504,0.8682806693778504,0.8782806693778504,0.8982806693778504,0.8982806693778504,0.8882806693778504,0.8882806693778504,0.8982806693778504,0.8732806693778504,0.8732806693778504,0.8732806693778504,0.8532806693778504,0.8532806693778504
905,0.915203076599732,0.875203076599732,0.880203076599732,0.880203076599732,0.890203076599732,0.890203076599732,0.890203076599732,0.890203076599732,0.910203076599732,0.920203076599732,0.930203076599732,0.940203076599732,0.940203076599732
906,0.9347148392567949,0.9547148392567949,0.9647148392567949,0.9547148392567949,0.9547148392567949,0.9547148392567949,0.9547148392567949,0.9547148392567949,0.9747148392567949,0.9697148392567949,0.9597148392567949,0.9597148392567949,0.9497148392567949
907,0.8556860862463133,0.8756860862463133,0.8856860862463133,0.8956860862463133,0.8956860862463133,0.8906860862463133,0.8906860862463133,0.8806860862463133,0.8706860862463133,0.8506860862463133,0.8406860862463132,0.8506860862463133,0.8606860862463133
908,0.882076367002864,0.892076367002864,0.892076367002864,0.892076367002864,0.892076367002864,0.892076367002864,0.902076367002864,0.902076367002864,0.902076367002864,0.912076367002864,0.897076367002864,0.877076367002864,0.877076367002864
909,0.9107345066257353,0.9007345066257353,0.9007345066257353,0.9007345066257353,0.9207345066257353,0.9207345066257353,0.9107345066257353,0.9107345066257353,0.9007345066257353,0.8907345066257353,0.9007345066257353,0.9107345066257353,0.9107345066257353
910,0.9654195539664779,0.9654195539664779,0.9654195539664779,0.9554195539664779,0.9354195539664779,0.9454195539664779,0.9354195539664779,0.9354195539664779,0.9254195539664779,0.9454195539664779,0.975419553966478,0.995419553966478,0.995419553966478
911,0.9471241989158496,0.9571241989158497,0.9571241989158497,0.9471241989158496,0.9571241989158497,0.9571241989158497,0.9571241989158497,0.9471241989158496,0.9471241989158496,0.9271241989158496,0.9371241989158496,0.9371241989158496,0.9471241989158496
912,0.908253849777688,0.888253849777688,0.888253849777688,0.898253849777688,0.898253849777688,0.898253849777688,0.898253849777688,0.898253849777688,0.898253849777688,0.888253849777688,0.8682538497776879,0.878253849777688,0.888253849777688
913,0.9024415695238528,0.9024415695238528,0.9124415695238528,0.9124415695238528,0.9124415695238528,0.9124415695238528,0.9024415695238528,0.9024415695238528,0.9124415695238528,0.9124415695238528,0.8924415695238528,0.8924415695238528,0.8924415695238528
914,0.882402898327592,0.872402898327592,0.872402898327592,0.882402898327592,0.892402898327592,0.852402898327592,0.862402898327592,0.862402898327592,0.862402898327592,0.872402898327592,0.862402898327592,0.852402898327592,0.862402898327592
915,0.8939901111551053,0.8839901111551053,0.8839901111551053,0.8939901111551053,0.8539901111551053,0.8839901111551053,0.8839901111551053,0.8939901111551053,0.9039901111551053,0.9139901111551053,0.9339901111551053,0.9339901111551053,0.9239901111551053
916,0.9505945442009518,0.9605945442009518,0.9505945442009518,0.9505945442009518,0.9505945442009518,0.9205945442009518,0.9105945442009518,0.9105945442009518,0.9205945442009518,0.9205945442009518,0.9205945442009518,0.9205945442009518,0.9355945442009518
917,0.8380877626164511,0.8280877626164511,0.8280877626164511,0.8380877626164511,0.8380877626164511,0.8480877626164511,0.8580877626164511,0.8780877626164512,0.8730877626164512,0.8630877626164511,0.8630877626164511,0.8630877626164511,0.8630877626164511
918,0.9020936751194786,0.9320936751194786,0.9220936751194786,0.9220936751194786,0.9220936751194786,0.9220936751194786,0.9220936751194786,0.9120936751194786,0.9120936751194786,0.9120936751194786,0.8770936751194786,0.8770936751194786,0.8770936751194786
919,0.9402528212985292,0.9402528212985292,0.9402528212985292,0.9602528212985292,0.9602528212985292,0.9702528212985292,0.9702528212985292,0.9702528212985292,0.9602528212985292,0.9502528212985292,0.9502528212985292,0.9502528212985292,0.9502528212985292
920,0.8208448451596084,0.7808448451596084,0.7808448451596084,0.7908448451596084,0.7908448451596084,0.7908448451596084,0.7908448451596084,0.7808448451596084,0.7908448451596084,0.8108448451596084,0.8008448451596084,0.8108448451596084,0.8108448451596084
921,0.8709365839148683,0.8609365839148683,0.8509365839148683,0.8409365839148683,0.8509365839148683,0.8509365839148683,0.8509365839148683,0.8609365839148683,0.8609365839148683,0.8709365839148683,0.8709365839148683,0.8609365839148683,0.8709365839148683
922,0.9225426199556171,0.9225426199556171,0.9125426199556171,0.8925426199556171,0.9125426199556171,0.9225426199556171,0.9225426199556171,0.9225426199556171,0.9225426199556171,0.9425426199556172,0.9325426199556172,0.9325426199556172,0.9425426199556172
923,0.8736807744801307,0.8636807744801307,0.8636807744801307,0.8336807744801307,0.8336807744801307,0.8336807744801307,0.8336807744801307,0.8386807744801307,0.8386807744801307,0.8386807744801307,0.8486807744801307,0.8486807744801307,0.8586807744801307
924,0.8122843504261078,0.7922843504261078,0.7822843504261078,0.7822843504261078,0.7722843504261078,0.7722843504261078,0.7722843504261078,0.7822843504261078,0.7822843504261078,0.7722843504261078,0.7772843504261078,0.7872843504261078,0.7972843504261078
925,0.8708576275779062,0.8508576275779062,0.8508576275779062,0.8608576275779062,0.8308576275779062,0.8358576275779062,0.8358576275779062,0.8358576275779062,0.8358576275779062,0.8358576275779062,0.8458576275779062,0.8358576275779062,0.8358576275779062
926,0.9348084450842968,0.9448084450842968,0.9548084450842969,0.9348084450842968,0.9548084450842969,0.9548084450842969,0.9448084450842968,0.9348084450842968,0.9448084450842968,0.9348084450842968,0.9548084450842969,0.9448084450842968,0.9448084450842968
927,0.8769698788092648,0.8769698788092648,0.8869698788092648,0.8869698788092648,0.8969698788092648,0.9069698788092648,0.9069698788092648,0.9069698788092648,0.9069698788092648,0.8869698788092648,0.8869698788092648,0.8769698788092648,0.8769698788092648
928,0.9128510086576075,0.9128510086576075,0.9128510086576075,0.9328510086576075,0.9328510086576075,0.9328510086576075,0.9328510086576075,0.9328510086576075,0.9328510086576075,0.9328510086576075,0.9078510086576075,0.8978510086576075,0.8878510086576075
929,0.9035929069462492,0.9035929069462492,0.9135929069462492,0.9135929069462492,0.9135929069462492,0.9035929069462492,0.9035929069462492,0.8835929069462491,0.8735929069462491,0.8635929069462491,0.8685929069462491,0.8685929069462491,0.8685929069462491
930,0.9229510555718942,0.9229510555718942,0.9229510555718942,0.9229510555718942,0.9329510555718942,0.9229510555718942,0.9329510555718942,0.9429510555718942,0.9329510555718942,0.9329510555718942,0.9229510555718942,0.9029510555718941,0.8929510555718941
931,0.8341197459587263,0.8341197459587263,0.8541197459587263,0.8541197459587263,0.8541197459587263,0.8291197459587263,0.8291197459587263,0.8191197459587263,0.8191197459587263,0.8191197459587263,0.7991197459587263,0.8091197459587263,0.7991197459587263
932,0.8587418485028587,0.8587418485028587,0.8687418485028587,0.8887418485028588,0.8987418485028588,0.8887418485028588,0.8887418485028588,0.8887418485028588,0.8887418485028588,0.8737418485028587,0.8937418485028588,0.8937418485028588,0.8937418485028588
933,0.8812088536644417,0.8612088536644417,0.8512088536644417,0.8512088536644417,0.8412088536644416,0.8412088536644416,0.8512088536644417,0.8412088536644416,0.8462088536644417,0.8662088536644417,0.8662088536644417,0.8562088536644417,0.8562088536644417
934,0.8337319129165023,0.8337319129165023,0.8237319129165023,0.8237319129165023,0.8037319129165023,0.8037319129165023,0.8037319129165023,0.8037319129165023,0.8137319129165023,0.8237319129165023,0.8137319129165023,0.8337319129165023,0.8137319129165023
935,0.9212932716634722,0.9212932716634722,0.9212932716634722,0.9112932716634722,0.9112932716634722,0.9212932716634722,0.9212932716634722,0.9112932716634722,0.9212932716634722,0.9212932716634722,0.9212932716634722,0.9212932716634722,0.9212932716634722
936,0.9537130366474507,0.9737130366474507,0.9637130366474507,0.9537130366474507,0.9637130366474507,0.9737130366474507,0.9637130366474507,0.9637130366474507,0.9537130366474507,0.9737130366474507,0.9837130366474507,0.9837130366474507,0.9837130366474507
937,0.9458649011697807,0.9458649011697807,0.9458649011697807,0.9558649011697807,0.9358649011697807,0.9358649011697807,0.9358649011697807,0.9358649011697807,0.9158649011697807,0.9158649011697807,0.9158649011697807,0.9058649011697807,0.9058649011697807
938,0.8896162389168201,0.86961623891682,0.86961623891682,0.86961623891682,0.86961623891682,0.8796162389168201,0.86961623891682,0.86961623891682,0.85961623891682,0.85961623891682,0.85961623891682,0.86961623891682,0.8796162389168201
939,0.8580204149912684,0.8580204149912684,0.8580204149912684,0.8580204149912684,0.8780204149912684,0.8880204149912684,0.8880204149912684,0.8880204149912684,0.8780204149912684,0.8780204149912684,0.8980204149912684,0.8930204149912684,0.9030204149912684
940,0.9522917373084058,0.9522917373084058,0.9122917373084057,0.9172917373084057,0.9272917373084058,0.9172917373084057,0.9172917373084057,0.9272917373084058,0.9272917373084058,0.9272917373084058,0.9372917373084058,0.9372917373084058,0.9672917373084058
941,0.8506454466470776,0.8506454466470776,0.8606454466470776,0.8606454466470776,0.8606454466470776,0.8606454466470776,0.8606454466470776,0.8806454466470777,0.8706454466470777,0.8706454466470777,0.8606454466470776,0.8606454466470776,0.8806454466470777
942,0.9222563989429221,0.9322563989429221,0.9322563989429221,0.9422563989429221,0.9322563989429221,0.9222563989429221,0.9222563989429221,0.9322563989429221,0.9322563989429221,0.9322563989429221,0.9322563989429221,0.9322563989429221,0.9322563989429221
943,0.8734977280257915,0.8834977280257915,0.8834977280257915,0.8734977280257915,0.8834977280257915,0.8834977280257915,0.8934977280257915,0.8934977280257915,0.9134977280257915,0.9084977280257915,0.9084977280257915,0.8884977280257915,0.8884977280257915
944,0.8838484164903815,0.8938484164903815,0.9238484164903815,0.9188484164903815,0.9188484164903815,0.9188484164903815,0.9088484164903815,0.9088484164903815,0.9188484164903815,0.9088484164903815,0.9088484164903815,0.9088484164903815,0.9088484164903815
945,0.90473605763263,0.90473605763263,0.88473605763263,0.92473605763263,0.92473605763263,0.92473605763263,0.92473605763263,0.93473605763263,0.92473605763263,0.92473605763263,0.91473605763263,0.91473605763263,0.93473605763263
946,0.9428167601162285,0.9528167601162285,0.9528167601162285,0.9528167601162285,0.9528167601162285,0.9528167601162285,0.9828167601162285,0.9778167601162285,0.9778167601162285,0.9678167601162285,0.9378167601162285,0.9478167601162285,0.9678167601162285
947,0.9188581355906176,0.8888581355906175,0.9088581355906176,0.9188581355906176,0.9188581355906176,0.9188581355906176,0.9188581355906176,0.9188581355906176,0.9388581355906176,0.9388581355906176,0.9388581355906176,0.9288581355906176,0.9288581355906176
948,0.7871922961312814,0.7871922961312814,0.7871922961312814,0.7971922961312814,0.7771922961312814,0.7871922961312814,0.7771922961312814,0.7571922961312814,0.7471922961312814,0.7571922961312814,0.7571922961312814,0.7571922961312814,0.7671922961312814
949,0.947579812011314,0.947579812011314,0.947579812011314,0.967579812011314,0.967579812011314,0.957579812011314,0.957579812011314,0.957579812011314,0.957579812011314,0.957579812011314,0.957579812011314,0.957579812011314,0.937579812011314
950,0.9721790199513821,0.9721790199513821,0.9521790199513821,0.9521790199513821,0.9621790199513821,0.9621790199513821,0.9521790199513821,0.9621790199513821,0.9521790199513821,0.9521790199513821,0.9621790199513821,0.9621790199513821,0.9521790199513821
951,0.8584581665054704,0.8684581665054704,0.8684581665054704,0.8684581665054704,0.8584581665054704,0.8784581665054704,0.8784581665054704,0.8684581665054704,0.8484581665054703,0.8284581665054703,0.8284581665054703,0.8284581665054703,0.8184581665054703
952,0.98550578084811,0.98550578084811,0.96550578084811,0.96550578084811,0.98550578084811,0.97550578084811,0.97550578084811,0.97550578084811,0.95550578084811,0.95550578084811,0.94550578084811,0.94550578084811,0.95550578084811
953,0.9147564581535732,0.9147564581535732,0.9247564581535732,0.9247564581535732,0.9247564581535732,0.9347564581535732,0.9247564581535732,0.9247564581535732,0.9447564581535732,0.9547564581535732,0.9447564581535732,0.9247564581535732,0.9247564581535732
954,0.9570111902326353,0.9470111902326352,0.9470111902326352,0.9570111902326353,0.9570111902326353,0.9470111902326352,0.9570111902326353,0.9570111902326353,0.9570111902326353,0.9570111902326353,0.9470111902326352,0.9570111902326353,0.9570111902326353
955,0.8443466188315952,0.8343466188315952,0.8243466188315952,0.8343466188315952,0.8343466188315952,0.8343466188315952,0.8143466188315952,0.8143466188315952,0.8143466188315952,0.8293466188315952,0.8293466188315952,0.8193466188315952,0.7993466188315952
956,0.8846997756909833,0.8846997756909833,0.8846997756909833,0.8746997756909833,0.8846997756909833,0.8546997756909833,0.8546997756909833,0.8546997756909833,0.8546997756909833,0.8546997756909833,0.8746997756909833,0.8746997756909833,0.8746997756909833
957,0.8919956516197249,0.901995651619725,0.911995651619725,0.901995651619725,0.931995651619725,0.931995651619725,0.911995651619725,0.911995651619725,0.921995651619725,0.906995651619725,0.906995651619725,0.906995651619725,0.906995651619725
958,0.9064164410577081,0.8964164410577081,0.9064164410577081,0.9164164410577081,0.9264164410577082,0.9364164410577082,0.9264164410577082,0.9264164410577082,0.9164164410577081,0.9264164410577082,0.9264164410577082,0.9364164410577082,0.9264164410577082
959,0.947950574712949,0.947950574712949,0.957950574712949,0.957950574712949,0.957950574712949,0.947950574712949,0.947950574712949,0.947950574712949,0.937950574712949,0.947950574712949,0.967950574712949,0.967950574712949,0.967950574712949
960,0.8939022836503536,0.9039022836503536,0.9239022836503537,0.9039022836503536,0.9039022836503536,0.9039022836503536,0.9039022836503536,0.9039022836503536,0.9139022836503536,0.9139022836503536,0.8939022836503536,0.9039022836503536,0.9039022836503536
961,0.8420098412545607,0.8420098412545607,0.8420098412545607,0.8420098412545607,0.8220098412545607,0.8320098412545607,0.8320098412545607,0.8420098412545607,0.8320098412545607,0.8020098412545607,0.8020098412545607,0.8220098412545607,0.8220098412545607
962,0.8462854400622691,0.8462854400622691,0.8462854400622691,0.8362854400622691,0.8362854400622691,0.8262854400622691,0.8262854400622691,0.8262854400622691,0.8362854400622691,0.8262854400622691,0.8362854400622691,0.8262854400622691,0.8262854400622691
963,0.9550181181789009,0.9650181181789009,0.9750181181789009,0.9500181181789009,0.9600181181789009,0.9800181181789009,0.9700181181789009,0.9600181181789009,0.9500181181789009,0.9500181181789009,0.9400181181789009,0.9300181181789009,0.9300181181789009
964,0.841131192565386,0.841131192565386,0.831131192565386,0.831131192565386,0.841131192565386,0.821131192565386,0.821131192565386,0.821131192565386,0.821131192565386,0.821131192565386,0.831131192565386,0.821131192565386,0.846131192565386
965,1.0,1.0,0.99,0.99,0.99,0.99,0.98,0.98,0.97,0.97,0.97,0.99,0.99
966,0.8065581616863394,0.8065581616863394,0.8065581616863394,0.8165581616863394,0.7965581616863394,0.7765581616863394,0.7915581616863394,0.7815581616863394,0.7715581616863394,0.7715581616863394,0.7715581616863394,0.7715581616863394,0.7715581616863394
967,0.9065515249930458,0.9065515249930458,0.9065515249930458,0.9065515249930458,0.8965515249930458,0.8965515249930458,0.8865515249930458,0.8765515249930458,0.8865515249930458,0.8865515249930458,0.8965515249930458,0.8965515249930458,0.8965515249930458
968,0.9760897059222543,0.9860897059222543,0.9860897059222543,0.9860897059222543,0.9860897059222543,0.9860897059222543,0.9860897059222543,0.9660897059222543,0.9660897059222543,0.9660897059222543,0.9660897059222543,0.9460897059222543,0.9560897059222543
969,0.9518331772476517,0.9818331772476517,0.9918331772476517,0.9818331772476517,0.9518331772476517,0.9518331772476517,0.9218331772476517,0.9118331772476517,0.9518331772476517,0.9618331772476517,0.9518331772476517,0.9318331772476517,0.9318331772476517
970,0.94431790916751,0.93431790916751,0.93431790916751,0.93431790916751,0.93431790916751,0.90431790916751,0.90431790916751,0.91431790916751,0.91431790916751,0.90431790916751,0.90431790916751,0.90931790916751,0.92931790916751
971,0.8848588578329777,0.9048588578329777,0.9048588578329777,0.9048588578329777,0.9148588578329777,0.9148588578329777,0.9148588578329777,0.9148588578329777,0.9148588578329777,0.9248588578329777,0.9248588578329777,0.9248588578329777,0.9248588578329777
972,0.9581913135222608,0.9581913135222608,0.9381913135222608,0.9281913135222608,0.9381913135222608,0.9381913135222608,0.9481913135222608,0.9481913135222608,0.9481913135222608,0.9481913135222608,0.9481913135222608,0.9381913135222608,0.9181913135222608
973,0.9482748618854764,0.9482748618854764,0.9382748618854764,0.9382748618854764,0.9382748618854764,0.9782748618854764,0.9782748618854764,0.9682748618854764,0.9582748618854764,0.9582748618854764,0.9782748618854764,0.9782748618854764,0.9782748618854764
974,0.8294307112608174,0.8094307112608173,0.8194307112608173,0.8294307112608174,0.8294307112608174,0.8294307112608174,0.8294307112608174,0.8294307112608174,0.8294307112608174,0.8294307112608174,0.8294307112608174,0.8094307112608173,0.8094307112608173
975,0.9162829401187472,0.9062829401187472,0.8962829401187472,0.8762829401187472,0.8862829401187472,0.9062829401187472,0.9162829401187472,0.8962829401187472,0.9062829401187472,0.8862829401187472,0.8862829401187472,0.8962829401187472,0.9162829401187472
976,0.9028352523118891,0.9028352523118891,0.9228352523118891,0.9228352523118891,0.9128352523118891,0.9228352523118891,0.9128352523118891,0.9228352523118891,0.9228352523118891,0.9128352523118891,0.9128352523118891,0.9128352523118891,0.9128352523118891
977,0.8640145478187287,0.8640145478187287,0.8440145478187286,0.8540145478187287,0.8540145478187287,0.8540145478187287,0.8540145478187287,0.8540145478187287,0.8340145478187286,0.8440145478187286,0.8240145478187286,0.8240145478187286,0.8290145478187286
978,0.8844925034137271,0.8944925034137271,0.8944925034137271,0.8944925034137271,0.8944925034137271,0.8944925034137271,0.8844925034137271,0.8844925034137271,0.8844925034137271,0.8944925034137271,0.8944925034137271,0.8944925034137271,0.8844925034137271
979,0.8792210428524014,0.8792210428524014,0.8792210428524014,0.8692210428524014,0.8992210428524015,0.8992210428524015,0.9192210428524015,0.9142210428524015,0.9142210428524015,0.9242210428524015,0.9142210428524015,0.9242210428524015,0.9242210428524015
980,0.881905358813562,0.881905358813562,0.881905358813562,0.881905358813562,0.911905358813562,0.901905358813562,0.911905358813562,0.896905358813562,0.896905358813562,0.896905358813562,0.886905358813562,0.886905358813562,0.886905358813562
981,0.9391401546166491,0.9291401546166491,0.9391401546166491,0.9491401546166491,0.9491401546166491,0.9591401546166491,0.9491401546166491,0.9591401546166491,0.9591401546166491,0.9591401546166491,0.9591401546166491,0.9591401546166491,0.9691401546166492
982,0.9697428332481558,0.9897428332481558,0.9897428332481558,0.9997428332481558,0.9997428332481558,0.9897428332481558,1.0,0.995,1.0,0.98,0.97,0.99,0.99
983,0.8776563288789819,0.8776563288789819,0.8776563288789819,0.8776563288789819,0.907656328878982,0.907656328878982,0.907656328878982,0.917656328878982,0.917656328878982,0.917656328878982,0.917656328878982,0.912656328878982,0.902656328878982
984,1.0,1.0,1.0,0.99,0.98,1.0,0.99,0.99,0.98,0.98,0.98,0.98,0.98
985,0.8783691717044828,0.8783691717044828,0.8583691717044828,0.8383691717044828,0.8383691717044828,0.8383691717044828,0.8433691717044828,0.8433691717044828,0.8533691717044828,0.8533691717044828,0.8733691717044828,0.8733691717044828,0.8733691717044828
986,0.9060382750657754,0.9060382750657754,0.9060382750657754,0.9060382750657754,0.9060382750657754,0.8960382750657754,0.8960382750657754,0.9060382750657754,0.9060382750657754,0.9060382750657754,0.8960382750657754,0.8960382750657754,0.9060382750657754
987,0.8996705769895704,0.9096705769895704,0.9096705769895704,0.8896705769895704,0.8896705769895704,0.8696705769895704,0.8696705769895704,0.8796705769895704,0.8796705769895704,0.9096705769895704,0.8996705769895704,0.8996705769895704,0.9196705769895704
988,0.8873002764179109,0.8973002764179109,0.8873002764179109,0.9073002764179109,0.8973002764179109,0.9073002764179109,0.9073002764179109,0.9173002764179109,0.9173002764179109,0.9173002764179109,0.9273002764179109,0.9173002764179109,0.9173002764179109
989,0.9456991046575672,0.9456991046575672,0.9356991046575672,0.9456991046575672,0.9456991046575672,0.9456991046575672,0.9356991046575672,0.9356991046575672,0.9256991046575672,0.9456991046575672,0.9356991046575672,0.9356991046575672,0.9556991046575672
990,0.907259705959545,0.907259705959545,0.887259705959545,0.897259705959545,0.907259705959545,0.917259705959545,0.917259705959545,0.917259705959545,0.937259705959545,0.947259705959545,0.937259705959545,0.897259705959545,0.887259705959545
991,0.9267440589416739,0.9367440589416739,0.9367440589416739,0.9267440589416739,0.9267440589416739,0.9267440589416739,0.9167440589416739,0.9067440589416739,0.8967440589416739,0.8967440589416739,0.8867440589416739,0.8867440589416739,0.8967440589416739
992,0.8516287358465199,0.8716287358465199,0.8616287358465199,0.8316287358465199,0.8316287358465199,0.8316287358465199,0.8516287358465199,0.8516287358465199,0.8516287358465199,0.8516287358465199,0.8516287358465199,0.8816287358465199,0.8816287358465199
993,0.8283772808364273,0.8283772808364273,0.8283772808364273,0.8383772808364273,0.8483772808364273,0.8283772808364273,0.8083772808364272,0.8083772808364272,0.7983772808364272,0.7883772808364272,0.7883772808364272,0.8283772808364273,0.8483772808364273
994,0.8793708201193569,0.8993708201193569,0.8993708201193569,0.8993708201193569,0.8993708201193569,0.8993708201193569,0.9193708201193569,0.8993708201193569,0.9093708201193569,0.8893708201193569,0.8993708201193569,0.8993708201193569,0.8893708201193569
995,0.8984117276484438,0.8984117276484438,0.8984117276484438,0.8984117276484438,0.8984117276484438,0.8984117276484438,0.8984117276484438,0.8584117276484438,0.8784117276484438,0.8784117276484438,0.8684117276484438,0.8584117276484438,0.8684117276484438
996,0.9612166447724854,0.9812166447724854,0.9562166447724854,0.9662166447724854,0.9562166447724854,0.9962166447724854,0.9862166447724854,0.9662166447724854,0.9662166447724854,0.9662166447724854,0.9662166447724854,0.9562166447724854,0.9562166447724854
997,0.8488535857540482,0.8388535857540482,0.8288535857540482,0.8388535857540482,0.8488535857540482,0.8188535857540482,0.8188535857540482,0.8188535857540482,0.8338535857540482,0.8438535857540482,0.8638535857540482,0.8738535857540483,0.8538535857540482
998,0.8341135266409665,0.8241135266409665,0.8241135266409665,0.8341135266409665,0.8441135266409665,0.8641135266409665,0.8541135266409665,0.8541135266409665,0.8341135266409665,0.8241135266409665,0.8341135266409665,0.8441135266409665,0.8541135266409665
999,0.96288384458518,0.96288384458518,0.96288384458518,0.96288384458518,0.9528838445851799,0.9528838445851799,0.9428838445851799,0.9528838445851799,0.96288384458518,0.9528838445851799,0.97288384458518,0.97288384458518,0.97288384458518
