Time Step,Simulation,0,2,4,6,8,10,12,14,16,18,20,22
0,0.8684888048024935,0.8884888048024935,0.8984888048024935,0.9084888048024935,0.9084888048024935,0.8984888048024935,0.9084888048024935,0.9034888048024935,0.9034888048024935,0.8934888048024935,0.8734888048024935,0.8734888048024935,0.8934888048024935
1,0.8650094870364449,0.8650094870364449,0.8650094870364449,0.8550094870364449,0.8650094870364449,0.8550094870364449,0.8750094870364449,0.8750094870364449,0.8650094870364449,0.8650094870364449,0.8850094870364449,0.8950094870364449,0.8750094870364449
2,0.8887159789166376,0.8987159789166376,0.8987159789166376,0.8887159789166376,0.8887159789166376,0.8987159789166376,0.8987159789166376,0.8987159789166376,0.9087159789166376,0.9187159789166376,0.9287159789166376,0.9187159789166376,0.9087159789166376
3,0.8480090824902388,0.8480090824902388,0.8080090824902387,0.8180090824902387,0.8280090824902387,0.8380090824902388,0.8280090824902387,0.8380090824902388,0.8380090824902388,0.8280090824902387,0.8280090824902387,0.8180090824902387,0.8180090824902387
4,0.8594108007682504,0.8494108007682504,0.8294108007682504,0.8294108007682504,0.8444108007682504,0.8244108007682504,0.8244108007682504,0.8444108007682504,0.8544108007682504,0.8444108007682504,0.8644108007682504,0.8744108007682504,0.8744108007682504
5,0.8304488304578692,0.8304488304578692,0.8404488304578692,0.8404488304578692,0.8104488304578692,0.8004488304578692,0.8204488304578692,0.8204488304578692,0.7904488304578692,0.7904488304578692,0.8004488304578692,0.8304488304578692,0.8304488304578692
6,0.8497174859766823,0.8397174859766823,0.8397174859766823,0.8297174859766823,0.8297174859766823,0.8497174859766823,0.8597174859766823,0.8397174859766823,0.8197174859766823,0.8297174859766823,0.8397174859766823,0.8097174859766822,0.8397174859766823
7,0.7693428508042445,0.7693428508042445,0.7693428508042445,0.7693428508042445,0.7693428508042445,0.7893428508042445,0.8093428508042445,0.8043428508042445,0.8043428508042445,0.8043428508042445,0.7943428508042445,0.7943428508042445,0.8043428508042445
8,0.896689446760083,0.876689446760083,0.866689446760083,0.866689446760083,0.866689446760083,0.866689446760083,0.856689446760083,0.856689446760083,0.866689446760083,0.876689446760083,0.876689446760083,0.876689446760083,0.866689446760083
9,0.857210594757696,0.857210594757696,0.857210594757696,0.857210594757696,0.867210594757696,0.857210594757696,0.867210594757696,0.867210594757696,0.857210594757696,0.887210594757696,0.872210594757696,0.882210594757696,0.882210594757696
10,0.8273944350930075,0.8373944350930075,0.8373944350930075,0.8573944350930075,0.8573944350930075,0.8473944350930075,0.8173944350930075,0.8173944350930075,0.8373944350930075,0.8573944350930075,0.8473944350930075,0.8473944350930075,0.8473944350930075
11,0.8610226537848176,0.8610226537848176,0.8610226537848176,0.8610226537848176,0.8610226537848176,0.8610226537848176,0.8610226537848176,0.8510226537848176,0.8410226537848176,0.8310226537848175,0.8210226537848175,0.8260226537848175,0.8260226537848175
12,0.7880595355316556,0.7980595355316557,0.7880595355316556,0.7880595355316556,0.7880595355316556,0.7980595355316557,0.7980595355316557,0.7980595355316557,0.7980595355316557,0.8080595355316557,0.8080595355316557,0.7980595355316557,0.7880595355316556
13,0.8952970259367233,0.8952970259367233,0.8952970259367233,0.8952970259367233,0.9052970259367233,0.9052970259367233,0.9152970259367234,0.9252970259367234,0.9352970259367234,0.9302970259367234,0.9202970259367234,0.9202970259367234,0.9102970259367233
14,0.8799358382405875,0.8699358382405875,0.8699358382405875,0.8699358382405875,0.8799358382405875,0.8899358382405875,0.8999358382405875,0.8699358382405875,0.8699358382405875,0.8799358382405875,0.8799358382405875,0.8899358382405875,0.8899358382405875
15,0.8473581428290647,0.8473581428290647,0.8373581428290647,0.8273581428290647,0.8273581428290647,0.8273581428290647,0.8273581428290647,0.8073581428290647,0.8073581428290647,0.8273581428290647,0.8273581428290647,0.8273581428290647,0.8273581428290647
16,0.8472450006513612,0.8472450006513612,0.8472450006513612,0.8572450006513612,0.8472450006513612,0.8472450006513612,0.8472450006513612,0.8372450006513612,0.8172450006513612,0.8172450006513612,0.8172450006513612,0.8272450006513612,0.8472450006513612
17,0.9040286277110074,0.9040286277110074,0.8740286277110074,0.8740286277110074,0.8740286277110074,0.8740286277110074,0.8740286277110074,0.8740286277110074,0.8640286277110074,0.8640286277110074,0.8640286277110074,0.8690286277110074,0.8790286277110074
18,0.8554294674020454,0.8554294674020454,0.8454294674020454,0.8354294674020454,0.8354294674020454,0.8254294674020454,0.8254294674020454,0.8254294674020454,0.8354294674020454,0.8354294674020454,0.8354294674020454,0.8354294674020454,0.8554294674020454
19,0.8206608498286547,0.8206608498286547,0.8006608498286547,0.8006608498286547,0.8006608498286547,0.8106608498286547,0.8106608498286547,0.8206608498286547,0.8206608498286547,0.8006608498286547,0.8106608498286547,0.8106608498286547,0.8106608498286547
20,0.8610107892258995,0.8610107892258995,0.8710107892258995,0.8910107892258995,0.8710107892258995,0.8610107892258995,0.8710107892258995,0.8810107892258995,0.8810107892258995,0.8810107892258995,0.8610107892258995,0.8510107892258995,0.8810107892258995
21,0.8965679870105625,0.8965679870105625,0.8865679870105625,0.8665679870105625,0.8765679870105625,0.8665679870105625,0.8815679870105625,0.8715679870105625,0.8715679870105625,0.8815679870105625,0.8915679870105625,0.8915679870105625,0.8915679870105625
22,0.9235861656119891,0.9235861656119891,0.9235861656119891,0.8935861656119891,0.8835861656119891,0.8835861656119891,0.8885861656119891,0.8885861656119891,0.8885861656119891,0.8885861656119891,0.8885861656119891,0.8885861656119891,0.8985861656119891
23,0.8803745206392217,0.8903745206392217,0.8603745206392217,0.8603745206392217,0.8703745206392217,0.8703745206392217,0.8603745206392217,0.8503745206392217,0.8503745206392217,0.8503745206392217,0.8503745206392217,0.8503745206392217,0.8403745206392217
24,0.8719266359043075,0.8719266359043075,0.8819266359043075,0.8619266359043075,0.8519266359043075,0.8519266359043075,0.8519266359043075,0.8619266359043075,0.8719266359043075,0.8819266359043075,0.8819266359043075,0.8919266359043075,0.8919266359043075
25,0.8060494140837474,0.8060494140837474,0.8060494140837474,0.8060494140837474,0.7760494140837474,0.7910494140837474,0.8010494140837474,0.7910494140837474,0.8010494140837474,0.8010494140837474,0.8110494140837474,0.8110494140837474,0.7910494140837474
26,0.7774851261250673,0.7974851261250673,0.7974851261250673,0.7974851261250673,0.7974851261250673,0.7774851261250673,0.7674851261250673,0.7674851261250673,0.7674851261250673,0.7474851261250672,0.7374851261250672,0.7374851261250672,0.7424851261250672
27,0.8081488257655507,0.8081488257655507,0.8181488257655507,0.8081488257655507,0.7981488257655507,0.7981488257655507,0.7981488257655507,0.7981488257655507,0.7981488257655507,0.7881488257655507,0.7881488257655507,0.7881488257655507,0.7881488257655507
28,0.9084483247738908,0.9084483247738908,0.9284483247738908,0.9034483247738908,0.9034483247738908,0.8834483247738908,0.8934483247738908,0.9034483247738908,0.9134483247738908,0.9134483247738908,0.9034483247738908,0.9034483247738908,0.8734483247738908
29,0.8093480268264452,0.8193480268264453,0.7993480268264452,0.8093480268264452,0.7893480268264452,0.7693480268264452,0.7693480268264452,0.7693480268264452,0.7743480268264452,0.7843480268264452,0.7843480268264452,0.7843480268264452,0.7743480268264452
30,0.7818562952461399,0.7818562952461399,0.7818562952461399,0.7818562952461399,0.7918562952461399,0.7718562952461399,0.7818562952461399,0.7818562952461399,0.8018562952461399,0.8018562952461399,0.8018562952461399,0.7918562952461399,0.8018562952461399
31,0.8270879576770536,0.8270879576770536,0.8270879576770536,0.8470879576770536,0.8470879576770536,0.8370879576770536,0.8570879576770536,0.8670879576770536,0.8670879576770536,0.8620879576770536,0.8620879576770536,0.8620879576770536,0.8420879576770536
32,0.814739143627555,0.8047391436275549,0.814739143627555,0.824739143627555,0.824739143627555,0.8047391436275549,0.8047391436275549,0.8047391436275549,0.7747391436275549,0.7747391436275549,0.7747391436275549,0.7747391436275549,0.7847391436275549
33,0.8613493624213653,0.8613493624213653,0.8813493624213653,0.8713493624213653,0.8613493624213653,0.8513493624213653,0.8413493624213653,0.8513493624213653,0.8613493624213653,0.8613493624213653,0.8613493624213653,0.8513493624213653,0.8513493624213653
34,0.8859545085141263,0.8859545085141263,0.8859545085141263,0.8859545085141263,0.8959545085141263,0.8859545085141263,0.8859545085141263,0.8859545085141263,0.9159545085141263,0.9159545085141263,0.9159545085141263,0.9009545085141263,0.9109545085141263
35,0.9018415672891735,0.8918415672891735,0.9018415672891735,0.9018415672891735,0.9218415672891735,0.9318415672891736,0.9318415672891736,0.9318415672891736,0.9118415672891735,0.9118415672891735,0.9118415672891735,0.9218415672891735,0.9118415672891735
36,0.8710779240710586,0.8710779240710586,0.8810779240710586,0.8710779240710586,0.8710779240710586,0.8610779240710585,0.8810779240710586,0.8810779240710586,0.8910779240710586,0.8910779240710586,0.9010779240710586,0.9010779240710586,0.9110779240710586
37,0.8157594473721612,0.8157594473721612,0.7957594473721612,0.7857594473721612,0.7957594473721612,0.8057594473721612,0.8057594473721612,0.8057594473721612,0.8157594473721612,0.8057594473721612,0.8357594473721612,0.8357594473721612,0.8557594473721613
38,0.8745357132175449,0.9045357132175449,0.8845357132175449,0.8945357132175449,0.8945357132175449,0.9145357132175449,0.9045357132175449,0.9045357132175449,0.8895357132175449,0.9095357132175449,0.8995357132175449,0.8895357132175449,0.8795357132175449
39,0.7789148535577296,0.7589148535577296,0.7689148535577296,0.7789148535577296,0.7689148535577296,0.7889148535577296,0.7989148535577296,0.7989148535577296,0.7689148535577296,0.7789148535577296,0.7689148535577296,0.7689148535577296,0.7789148535577296
40,0.7859574824214832,0.7759574824214832,0.7759574824214832,0.7659574824214832,0.7659574824214832,0.7759574824214832,0.7759574824214832,0.7659574824214832,0.7909574824214832,0.7709574824214832,0.7809574824214832,0.7709574824214832,0.7609574824214832
41,0.878145455132039,0.898145455132039,0.898145455132039,0.918145455132039,0.913145455132039,0.913145455132039,0.903145455132039,0.903145455132039,0.883145455132039,0.893145455132039,0.883145455132039,0.893145455132039,0.883145455132039
42,0.8642258262238467,0.8542258262238467,0.8442258262238467,0.8442258262238467,0.8342258262238467,0.8342258262238467,0.8442258262238467,0.8342258262238467,0.8342258262238467,0.8442258262238467,0.8342258262238467,0.8342258262238467,0.8442258262238467
43,0.8958449233223493,0.9258449233223494,0.9258449233223494,0.9258449233223494,0.9258449233223494,0.9358449233223494,0.9258449233223494,0.9258449233223494,0.9258449233223494,0.9258449233223494,0.9158449233223493,0.9158449233223493,0.9158449233223493
44,0.8325846886814018,0.8525846886814018,0.8525846886814018,0.8525846886814018,0.8525846886814018,0.8525846886814018,0.8525846886814018,0.8525846886814018,0.8525846886814018,0.8625846886814018,0.8525846886814018,0.8525846886814018,0.8525846886814018
45,0.8217633395886733,0.8217633395886733,0.8217633395886733,0.8217633395886733,0.8117633395886733,0.8017633395886733,0.7917633395886733,0.8067633395886733,0.8067633395886733,0.8067633395886733,0.7867633395886733,0.7967633395886733,0.7967633395886733
46,0.8636056211130436,0.8736056211130436,0.8836056211130436,0.8836056211130436,0.8436056211130436,0.8686056211130436,0.8786056211130436,0.8786056211130436,0.8786056211130436,0.8686056211130436,0.8786056211130436,0.8686056211130436,0.8386056211130436
47,0.8708393391109248,0.8608393391109248,0.8608393391109248,0.8608393391109248,0.8408393391109248,0.8308393391109248,0.8508393391109248,0.8708393391109248,0.8908393391109248,0.8908393391109248,0.8508393391109248,0.8508393391109248,0.8408393391109248
48,0.8757850671083689,0.8757850671083689,0.8657850671083689,0.8657850671083689,0.8657850671083689,0.8657850671083689,0.8757850671083689,0.8757850671083689,0.8557850671083689,0.8557850671083689,0.8557850671083689,0.8457850671083689,0.8607850671083689
49,0.8340294029061908,0.8440294029061908,0.8440294029061908,0.8340294029061908,0.8340294029061908,0.8140294029061907,0.8040294029061907,0.8040294029061907,0.8140294029061907,0.8140294029061907,0.8240294029061908,0.8240294029061908,0.8240294029061908
50,0.9548103418290194,0.9448103418290194,0.9448103418290194,0.9348103418290193,0.9248103418290193,0.9448103418290194,0.9348103418290193,0.9348103418290193,0.9348103418290193,0.9348103418290193,0.9598103418290194,0.9598103418290194,0.9498103418290194
51,0.8998571022348293,0.8998571022348293,0.8998571022348293,0.8798571022348293,0.8898571022348293,0.8898571022348293,0.8898571022348293,0.8998571022348293,0.8998571022348293,0.9298571022348293,0.9298571022348293,0.9298571022348293,0.9148571022348293
52,0.7995482966914977,0.7795482966914977,0.7695482966914977,0.7695482966914977,0.7845482966914977,0.7845482966914977,0.7845482966914977,0.7845482966914977,0.8045482966914977,0.8045482966914977,0.8045482966914977,0.8045482966914977,0.8145482966914978
53,0.9044135302391775,0.9044135302391775,0.8944135302391775,0.9044135302391775,0.9144135302391775,0.9244135302391775,0.9044135302391775,0.9044135302391775,0.9144135302391775,0.9244135302391775,0.9244135302391775,0.9144135302391775,0.9044135302391775
54,0.8996211801141822,0.8996211801141822,0.9096211801141822,0.9096211801141822,0.8996211801141822,0.9096211801141822,0.8896211801141822,0.8996211801141822,0.9096211801141822,0.9296211801141823,0.9296211801141823,0.9296211801141823,0.9396211801141823
55,0.7826585826857044,0.7826585826857044,0.7826585826857044,0.7826585826857044,0.7826585826857044,0.7826585826857044,0.7926585826857044,0.7926585826857044,0.8026585826857044,0.8026585826857044,0.8026585826857044,0.7926585826857044,0.7826585826857044
56,0.8975438256688983,0.9075438256688984,0.9275438256688984,0.8975438256688983,0.9075438256688984,0.9075438256688984,0.8975438256688983,0.9075438256688984,0.8975438256688983,0.9275438256688984,0.9125438256688984,0.9225438256688984,0.9425438256688984
57,0.7831127200925844,0.7931127200925844,0.7931127200925844,0.7831127200925844,0.7531127200925843,0.7631127200925844,0.7431127200925843,0.7631127200925844,0.7631127200925844,0.7531127200925843,0.7531127200925843,0.7531127200925843,0.7531127200925843
58,0.8329772049224509,0.8329772049224509,0.8329772049224509,0.8329772049224509,0.8329772049224509,0.8229772049224509,0.8229772049224509,0.8229772049224509,0.8429772049224509,0.8429772049224509,0.8429772049224509,0.8329772049224509,0.8629772049224509
59,0.821826612232581,0.831826612232581,0.831826612232581,0.831826612232581,0.841826612232581,0.841826612232581,0.821826612232581,0.831826612232581,0.821826612232581,0.821826612232581,0.851826612232581,0.8618266122325811,0.856826612232581
60,0.902864914494031,0.902864914494031,0.902864914494031,0.8928649144940309,0.8828649144940309,0.902864914494031,0.912864914494031,0.932864914494031,0.922864914494031,0.8928649144940309,0.912864914494031,0.922864914494031,0.922864914494031
61,0.8359942898260103,0.8259942898260103,0.8059942898260103,0.8059942898260103,0.8059942898260103,0.8059942898260103,0.7959942898260103,0.8009942898260103,0.8009942898260103,0.8009942898260103,0.8009942898260103,0.8109942898260103,0.8109942898260103
62,0.8596195078631946,0.8596195078631946,0.8496195078631946,0.8796195078631946,0.8796195078631946,0.8596195078631946,0.8396195078631946,0.8396195078631946,0.8496195078631946,0.8596195078631946,0.8496195078631946,0.8496195078631946,0.8496195078631946
63,0.8889899506291281,0.8889899506291281,0.9089899506291281,0.9089899506291281,0.9089899506291281,0.9089899506291281,0.9189899506291281,0.9189899506291281,0.9289899506291281,0.9089899506291281,0.9189899506291281,0.9289899506291281,0.9289899506291281
64,0.8487964448370503,0.8287964448370503,0.8087964448370503,0.8087964448370503,0.8087964448370503,0.8187964448370503,0.8287964448370503,0.8487964448370503,0.8287964448370503,0.8487964448370503,0.8187964448370503,0.8287964448370503,0.8287964448370503
65,0.8321048040138833,0.8421048040138833,0.8521048040138833,0.8621048040138833,0.8521048040138833,0.8321048040138833,0.8421048040138833,0.8421048040138833,0.8421048040138833,0.8321048040138833,0.8121048040138833,0.8221048040138833,0.8321048040138833
66,0.7954793815822492,0.7954793815822492,0.7954793815822492,0.7854793815822492,0.7954793815822492,0.7954793815822492,0.7954793815822492,0.8254793815822492,0.8354793815822492,0.8304793815822492,0.7904793815822492,0.8004793815822492,0.7904793815822492
67,0.8636727594746683,0.8636727594746683,0.8636727594746683,0.8636727594746683,0.8736727594746683,0.8836727594746683,0.8586727594746683,0.8486727594746682,0.8486727594746682,0.8386727594746682,0.8586727594746683,0.8586727594746683,0.8586727594746683
68,0.8744210618769547,0.8744210618769547,0.8944210618769547,0.9044210618769547,0.9144210618769547,0.9144210618769547,0.9094210618769547,0.8994210618769547,0.8794210618769547,0.8994210618769547,0.8994210618769547,0.8994210618769547,0.8794210618769547
69,0.897567989125276,0.897567989125276,0.907567989125276,0.917567989125276,0.927567989125276,0.917567989125276,0.917567989125276,0.917567989125276,0.917567989125276,0.917567989125276,0.917567989125276,0.917567989125276,0.917567989125276
70,0.8002627865402314,0.7802627865402314,0.7802627865402314,0.7702627865402314,0.7702627865402314,0.7602627865402314,0.7602627865402314,0.7902627865402314,0.7902627865402314,0.7902627865402314,0.8102627865402314,0.8102627865402314,0.8002627865402314
71,0.8451500583972457,0.8451500583972457,0.8651500583972457,0.8651500583972457,0.8851500583972457,0.8651500583972457,0.8651500583972457,0.8751500583972457,0.8751500583972457,0.8751500583972457,0.8751500583972457,0.8751500583972457,0.8651500583972457
72,0.8872693253638825,0.8872693253638825,0.8872693253638825,0.8872693253638825,0.8872693253638825,0.8872693253638825,0.8872693253638825,0.8872693253638825,0.9272693253638825,0.9222693253638825,0.8922693253638825,0.9022693253638825,0.9222693253638825
73,0.8905428596837884,0.8905428596837884,0.9005428596837884,0.8655428596837884,0.8755428596837884,0.8755428596837884,0.8855428596837884,0.8855428596837884,0.8855428596837884,0.8955428596837884,0.8955428596837884,0.8955428596837884,0.9055428596837884
74,0.9273089643886465,0.9573089643886465,0.9423089643886465,0.9423089643886465,0.9423089643886465,0.9623089643886465,0.9523089643886465,0.9523089643886465,0.9523089643886465,0.9523089643886465,0.9423089643886465,0.9423089643886465,0.9323089643886465
75,0.8339952835255602,0.8239952835255602,0.8439952835255602,0.8239952835255602,0.8039952835255602,0.7939952835255601,0.7939952835255601,0.7989952835255602,0.8089952835255602,0.8089952835255602,0.8189952835255602,0.7989952835255602,0.7989952835255602
76,0.8541239989281355,0.8641239989281355,0.8741239989281355,0.8841239989281355,0.8841239989281355,0.8841239989281355,0.8841239989281355,0.8741239989281355,0.8491239989281355,0.8491239989281355,0.8491239989281355,0.8491239989281355,0.8391239989281355
77,0.8990374756633651,0.8890374756633651,0.8790374756633651,0.8790374756633651,0.8790374756633651,0.8790374756633651,0.9090374756633651,0.8990374756633651,0.9190374756633651,0.9090374756633651,0.8990374756633651,0.8990374756633651,0.8990374756633651
78,0.8307242989693052,0.8307242989693052,0.8407242989693052,0.8607242989693052,0.8607242989693052,0.8607242989693052,0.8707242989693053,0.8657242989693053,0.8657242989693053,0.8657242989693053,0.8557242989693052,0.8557242989693052,0.8257242989693052
79,0.8031599643298988,0.8131599643298988,0.8031599643298988,0.7931599643298988,0.7931599643298988,0.7931599643298988,0.8131599643298988,0.8131599643298988,0.8131599643298988,0.8231599643298988,0.8231599643298988,0.8431599643298988,0.8331599643298988
80,0.8698663363308934,0.8698663363308934,0.8598663363308934,0.8598663363308934,0.8598663363308934,0.8598663363308934,0.8598663363308934,0.8698663363308934,0.8698663363308934,0.8898663363308934,0.8898663363308934,0.8898663363308934,0.8898663363308934
81,0.7817209978116392,0.7717209978116392,0.7917209978116392,0.7817209978116392,0.7817209978116392,0.7917209978116392,0.8017209978116392,0.7917209978116392,0.8017209978116392,0.8017209978116392,0.8117209978116392,0.8117209978116392,0.7967209978116392
82,0.8357337248053641,0.8357337248053641,0.8357337248053641,0.8257337248053641,0.8257337248053641,0.8257337248053641,0.7957337248053641,0.8057337248053641,0.8257337248053641,0.8257337248053641,0.8257337248053641,0.8157337248053641,0.8257337248053641
83,0.8925518987834563,0.8925518987834563,0.8925518987834563,0.9225518987834563,0.9125518987834563,0.9225518987834563,0.9125518987834563,0.9125518987834563,0.9025518987834563,0.9025518987834563,0.9025518987834563,0.8925518987834563,0.8825518987834563
84,0.9098701422687209,0.9098701422687209,0.9198701422687209,0.9198701422687209,0.9198701422687209,0.9198701422687209,0.9298701422687209,0.8998701422687209,0.8798701422687208,0.8898701422687209,0.8998701422687209,0.8898701422687209,0.8898701422687209
85,0.8750406639980297,0.8750406639980297,0.8750406639980297,0.8350406639980297,0.8350406639980297,0.8400406639980297,0.8400406639980297,0.8400406639980297,0.8500406639980297,0.8700406639980297,0.8600406639980297,0.8700406639980297,0.8500406639980297
86,0.8946096462145081,0.8846096462145081,0.8646096462145081,0.9046096462145081,0.8696096462145081,0.8496096462145081,0.8496096462145081,0.8496096462145081,0.8496096462145081,0.8596096462145081,0.8596096462145081,0.8596096462145081,0.8596096462145081
87,0.8435504489750524,0.8535504489750524,0.8735504489750524,0.8835504489750524,0.8735504489750524,0.8735504489750524,0.8835504489750524,0.8835504489750524,0.8785504489750524,0.8785504489750524,0.8685504489750524,0.8785504489750524,0.8685504489750524
88,0.9252599486785134,0.9152599486785133,0.8952599486785133,0.9052599486785133,0.9152599486785133,0.9152599486785133,0.9152599486785133,0.9152599486785133,0.9052599486785133,0.9152599486785133,0.9252599486785134,0.9252599486785134,0.9252599486785134
89,0.8375222513680847,0.8375222513680847,0.8375222513680847,0.8375222513680847,0.8375222513680847,0.8275222513680847,0.8075222513680846,0.8075222513680846,0.8175222513680847,0.8175222513680847,0.8175222513680847,0.8075222513680846,0.8175222513680847
90,0.8446778431505624,0.8546778431505624,0.8546778431505624,0.8546778431505624,0.8546778431505624,0.8546778431505624,0.8546778431505624,0.8646778431505624,0.8846778431505624,0.8846778431505624,0.8746778431505624,0.8646778431505624,0.8646778431505624
91,0.8223858687491686,0.8223858687491686,0.8123858687491686,0.8223858687491686,0.8223858687491686,0.8123858687491686,0.8123858687491686,0.8023858687491686,0.8123858687491686,0.8123858687491686,0.8223858687491686,0.8023858687491686,0.8023858687491686
92,0.8001256912764395,0.8201256912764395,0.8201256912764395,0.8301256912764395,0.8001256912764395,0.8201256912764395,0.8201256912764395,0.8101256912764395,0.8301256912764395,0.8301256912764395,0.8301256912764395,0.8301256912764395,0.8201256912764395
93,0.9111946255846493,0.9111946255846493,0.9111946255846493,0.8711946255846492,0.8711946255846492,0.8811946255846492,0.8961946255846492,0.8861946255846492,0.8861946255846492,0.8861946255846492,0.8861946255846492,0.8961946255846492,0.8861946255846492
94,0.7926086557188017,0.8026086557188017,0.7926086557188017,0.7826086557188017,0.7826086557188017,0.7826086557188017,0.8026086557188017,0.7926086557188017,0.7826086557188017,0.8026086557188017,0.8026086557188017,0.8026086557188017,0.8026086557188017
95,0.8253504013725594,0.8053504013725594,0.8053504013725594,0.8053504013725594,0.7953504013725594,0.7953504013725594,0.7953504013725594,0.7953504013725594,0.8103504013725594,0.8403504013725595,0.8603504013725595,0.8603504013725595,0.8603504013725595
96,0.878039061322648,0.878039061322648,0.878039061322648,0.878039061322648,0.888039061322648,0.888039061322648,0.878039061322648,0.878039061322648,0.888039061322648,0.898039061322648,0.888039061322648,0.888039061322648,0.898039061322648
97,0.8939415428521683,0.8839415428521683,0.8839415428521683,0.9039415428521683,0.9139415428521683,0.9039415428521683,0.8939415428521683,0.9039415428521683,0.9139415428521683,0.9139415428521683,0.9039415428521683,0.9039415428521683,0.9039415428521683
98,0.8355870185491548,0.8355870185491548,0.8355870185491548,0.8255870185491548,0.8355870185491548,0.8455870185491549,0.8355870185491548,0.8355870185491548,0.8355870185491548,0.8355870185491548,0.8355870185491548,0.8355870185491548,0.8155870185491548
99,0.8714932510479101,0.8814932510479101,0.8814932510479101,0.8914932510479101,0.8714932510479101,0.8614932510479101,0.8614932510479101,0.8814932510479101,0.8814932510479101,0.8914932510479101,0.8914932510479101,0.8714932510479101,0.8914932510479101
100,0.892303793803455,0.892303793803455,0.882303793803455,0.892303793803455,0.902303793803455,0.902303793803455,0.912303793803455,0.902303793803455,0.892303793803455,0.892303793803455,0.902303793803455,0.902303793803455,0.912303793803455
101,0.8836679619439686,0.8836679619439686,0.9036679619439686,0.8786679619439686,0.8786679619439686,0.8686679619439686,0.8686679619439686,0.8986679619439686,0.8986679619439686,0.8986679619439686,0.8986679619439686,0.8986679619439686,0.9086679619439686
102,0.7905222709208392,0.7905222709208392,0.7805222709208391,0.8005222709208392,0.8005222709208392,0.8105222709208392,0.8105222709208392,0.8205222709208392,0.8205222709208392,0.8055222709208392,0.8155222709208392,0.8155222709208392,0.8155222709208392
103,0.8543078049821623,0.8443078049821623,0.8443078049821623,0.8443078049821623,0.8443078049821623,0.8443078049821623,0.8343078049821623,0.8343078049821623,0.8443078049821623,0.8343078049821623,0.8443078049821623,0.8543078049821623,0.8543078049821623
104,0.9072685305701256,0.9072685305701256,0.9072685305701256,0.9072685305701256,0.9072685305701256,0.8972685305701256,0.8972685305701256,0.8972685305701256,0.9072685305701256,0.9072685305701256,0.8772685305701255,0.8872685305701256,0.8972685305701256
105,0.8076266695045964,0.8076266695045964,0.8176266695045964,0.8176266695045964,0.8176266695045964,0.8276266695045964,0.8376266695045964,0.8476266695045964,0.8476266695045964,0.8426266695045964,0.8326266695045964,0.8326266695045964,0.8326266695045964
106,0.916958170243744,0.916958170243744,0.926958170243744,0.896958170243744,0.906958170243744,0.896958170243744,0.896958170243744,0.906958170243744,0.916958170243744,0.896958170243744,0.896958170243744,0.886958170243744,0.886958170243744
107,0.8275572221492585,0.8275572221492585,0.8275572221492585,0.8375572221492585,0.8375572221492585,0.8275572221492585,0.8275572221492585,0.8275572221492585,0.8275572221492585,0.8375572221492585,0.8375572221492585,0.8375572221492585,0.8675572221492586
108,0.8449973848998853,0.8749973848998853,0.8649973848998853,0.8649973848998853,0.8749973848998853,0.8749973848998853,0.8549973848998853,0.8549973848998853,0.8349973848998853,0.8349973848998853,0.8349973848998853,0.8149973848998853,0.8449973848998853
109,0.8177404317316398,0.8177404317316398,0.8177404317316398,0.7977404317316398,0.7977404317316398,0.7777404317316398,0.7827404317316398,0.7927404317316398,0.7827404317316398,0.7827404317316398,0.7927404317316398,0.8127404317316398,0.8327404317316398
110,0.8434682543707611,0.8534682543707611,0.8634682543707611,0.8634682543707611,0.8634682543707611,0.8634682543707611,0.8834682543707612,0.8834682543707612,0.8834682543707612,0.8784682543707611,0.8584682543707611,0.8784682543707611,0.8784682543707611
111,0.8253461357417926,0.8053461357417926,0.8253461357417926,0.7953461357417926,0.8153461357417926,0.8053461357417926,0.8053461357417926,0.7853461357417926,0.7853461357417926,0.7953461357417926,0.7953461357417926,0.7953461357417926,0.7853461357417926
112,0.772701274238512,0.772701274238512,0.792701274238512,0.792701274238512,0.782701274238512,0.792701274238512,0.812701274238512,0.792701274238512,0.762701274238512,0.762701274238512,0.797701274238512,0.797701274238512,0.777701274238512
113,0.8740474630668467,0.8640474630668467,0.8640474630668467,0.8640474630668467,0.8540474630668466,0.8540474630668466,0.8540474630668466,0.8840474630668467,0.8840474630668467,0.8940474630668467,0.8840474630668467,0.9040474630668467,0.9040474630668467
114,0.8788695094624767,0.8588695094624766,0.8588695094624766,0.8688695094624767,0.8688695094624767,0.8588695094624766,0.8388695094624766,0.8438695094624766,0.8638695094624766,0.8638695094624766,0.8738695094624767,0.8838695094624767,0.8838695094624767
115,0.7730965255218272,0.7830965255218272,0.8130965255218272,0.7930965255218272,0.7930965255218272,0.7830965255218272,0.7730965255218272,0.7730965255218272,0.7730965255218272,0.7630965255218272,0.7630965255218272,0.7630965255218272,0.7530965255218272
116,0.9210675549016772,0.9210675549016772,0.9110675549016772,0.9110675549016772,0.9110675549016772,0.9310675549016773,0.9310675549016773,0.9310675549016773,0.9410675549016773,0.9310675549016773,0.9110675549016772,0.9210675549016772,0.9210675549016772
117,0.7922482074568439,0.7822482074568439,0.7822482074568439,0.7722482074568439,0.7722482074568439,0.7722482074568439,0.7722482074568439,0.7522482074568438,0.7522482074568438,0.7522482074568438,0.7522482074568438,0.7572482074568438,0.7672482074568439
118,0.8967823082716593,0.9167823082716593,0.9167823082716593,0.9067823082716593,0.9067823082716593,0.9067823082716593,0.9067823082716593,0.9167823082716593,0.9167823082716593,0.9067823082716593,0.8867823082716593,0.8867823082716593,0.8867823082716593
119,0.8579108493552655,0.8479108493552655,0.8479108493552655,0.8479108493552655,0.8379108493552655,0.8579108493552655,0.8479108493552655,0.8279108493552655,0.8429108493552655,0.8529108493552655,0.8529108493552655,0.8329108493552655,0.8129108493552655
120,0.8603088048195021,0.8803088048195021,0.8903088048195021,0.8903088048195021,0.8903088048195021,0.8803088048195021,0.8803088048195021,0.8803088048195021,0.8803088048195021,0.8803088048195021,0.8803088048195021,0.8803088048195021,0.8803088048195021
121,0.8332864984103715,0.8332864984103715,0.8332864984103715,0.8332864984103715,0.8132864984103715,0.8232864984103715,0.8432864984103715,0.8532864984103715,0.8732864984103715,0.8732864984103715,0.8532864984103715,0.8432864984103715,0.8632864984103715
122,0.8560647276105499,0.8560647276105499,0.8560647276105499,0.8560647276105499,0.8460647276105498,0.8660647276105499,0.8560647276105499,0.8460647276105498,0.8560647276105499,0.8560647276105499,0.8560647276105499,0.8560647276105499,0.8560647276105499
123,0.7700724358303547,0.7700724358303547,0.7700724358303547,0.7700724358303547,0.7700724358303547,0.7500724358303547,0.7600724358303547,0.7600724358303547,0.7600724358303547,0.7600724358303547,0.7600724358303547,0.7600724358303547,0.7600724358303547
124,0.8379028282604615,0.8379028282604615,0.8179028282604615,0.8179028282604615,0.7979028282604614,0.8079028282604614,0.8079028282604614,0.8179028282604615,0.8379028282604615,0.8379028282604615,0.8179028282604615,0.8279028282604615,0.8279028282604615
125,0.8014094925544515,0.8114094925544515,0.8114094925544515,0.8314094925544515,0.8214094925544515,0.7964094925544515,0.8064094925544515,0.8064094925544515,0.8164094925544515,0.8364094925544515,0.8464094925544515,0.8464094925544515,0.8364094925544515
126,0.7935036158598245,0.7935036158598245,0.7935036158598245,0.7935036158598245,0.8035036158598245,0.8035036158598245,0.8135036158598246,0.8235036158598246,0.8235036158598246,0.8235036158598246,0.8235036158598246,0.8335036158598246,0.8335036158598246
127,0.808518229874661,0.808518229874661,0.818518229874661,0.778518229874661,0.768518229874661,0.778518229874661,0.798518229874661,0.808518229874661,0.788518229874661,0.788518229874661,0.798518229874661,0.798518229874661,0.798518229874661
128,0.8257504860106312,0.8257504860106312,0.8257504860106312,0.8057504860106312,0.7957504860106311,0.7857504860106311,0.7857504860106311,0.7957504860106311,0.7957504860106311,0.7857504860106311,0.7857504860106311,0.7907504860106311,0.8007504860106311
129,0.85872715447712,0.86872715447712,0.85872715447712,0.86872715447712,0.87872715447712,0.87872715447712,0.87872715447712,0.88872715447712,0.88872715447712,0.86872715447712,0.85872715447712,0.86872715447712,0.88872715447712
130,0.8837477169167718,0.8737477169167718,0.8637477169167718,0.8437477169167718,0.8437477169167718,0.8437477169167718,0.8437477169167718,0.8537477169167718,0.8537477169167718,0.8537477169167718,0.8537477169167718,0.8737477169167718,0.8737477169167718
131,0.8710329610701447,0.8810329610701447,0.8810329610701447,0.8810329610701447,0.8710329610701447,0.8810329610701447,0.8510329610701447,0.8510329610701447,0.8710329610701447,0.9010329610701447,0.9010329610701447,0.9010329610701447,0.9110329610701448
132,0.8930074234785635,0.8830074234785635,0.8930074234785635,0.8830074234785635,0.8830074234785635,0.9030074234785636,0.9130074234785636,0.9230074234785636,0.9130074234785636,0.9130074234785636,0.9130074234785636,0.9030074234785636,0.9030074234785636
133,0.8994335416963898,0.8894335416963898,0.8894335416963898,0.8794335416963898,0.8794335416963898,0.8894335416963898,0.8894335416963898,0.8894335416963898,0.8894335416963898,0.8894335416963898,0.8794335416963898,0.8594335416963897,0.8594335416963897
134,0.8586961999333608,0.8686961999333608,0.8686961999333608,0.8686961999333608,0.8486961999333608,0.8586961999333608,0.8686961999333608,0.8686961999333608,0.8686961999333608,0.8886961999333608,0.8886961999333608,0.8986961999333608,0.8936961999333608
135,0.8706638821721654,0.8906638821721654,0.9006638821721654,0.9006638821721654,0.8906638821721654,0.8906638821721654,0.8656638821721654,0.8756638821721654,0.8656638821721654,0.8656638821721654,0.8556638821721654,0.8456638821721654,0.8656638821721654
136,0.880378188522194,0.870378188522194,0.870378188522194,0.880378188522194,0.880378188522194,0.880378188522194,0.870378188522194,0.870378188522194,0.8503781885221939,0.8503781885221939,0.8503781885221939,0.8503781885221939,0.870378188522194
137,0.9078101774311929,0.9078101774311929,0.9078101774311929,0.9078101774311929,0.9078101774311929,0.9378101774311929,0.9378101774311929,0.9378101774311929,0.9378101774311929,0.9278101774311929,0.9078101774311929,0.9078101774311929,0.9078101774311929
138,0.9290418316369442,0.9290418316369442,0.9390418316369442,0.9490418316369442,0.9390418316369442,0.9290418316369442,0.9190418316369442,0.8890418316369442,0.8990418316369442,0.8890418316369442,0.8990418316369442,0.8990418316369442,0.8990418316369442
139,0.8453699713823737,0.8453699713823737,0.8653699713823737,0.8853699713823737,0.8853699713823737,0.8853699713823737,0.8753699713823737,0.8603699713823737,0.8603699713823737,0.8603699713823737,0.8703699713823737,0.8503699713823737,0.8503699713823737
140,0.8932843019983734,0.8732843019983734,0.8732843019983734,0.8932843019983734,0.8932843019983734,0.8832843019983734,0.8832843019983734,0.8832843019983734,0.8832843019983734,0.8932843019983734,0.8932843019983734,0.8932843019983734,0.8932843019983734
141,0.8525455754509375,0.8525455754509375,0.8425455754509374,0.8725455754509375,0.8825455754509375,0.8725455754509375,0.8525455754509375,0.8425455754509374,0.8425455754509374,0.8425455754509374,0.8425455754509374,0.8425455754509374,0.8425455754509374
142,0.8078655489947237,0.8078655489947237,0.7978655489947237,0.7778655489947237,0.7878655489947237,0.7878655489947237,0.7678655489947237,0.7778655489947237,0.7778655489947237,0.7778655489947237,0.7778655489947237,0.7678655489947237,0.7778655489947237
143,0.8591241392030657,0.8591241392030657,0.8491241392030657,0.8591241392030657,0.8591241392030657,0.8491241392030657,0.8591241392030657,0.8391241392030657,0.8691241392030657,0.8691241392030657,0.8691241392030657,0.8891241392030658,0.8791241392030658
144,0.8647012033447086,0.8547012033447086,0.8547012033447086,0.8547012033447086,0.8547012033447086,0.8647012033447086,0.8847012033447086,0.8847012033447086,0.8647012033447086,0.8747012033447086,0.8647012033447086,0.8847012033447086,0.9047012033447086
145,0.817023301817686,0.817023301817686,0.807023301817686,0.827023301817686,0.827023301817686,0.817023301817686,0.827023301817686,0.847023301817686,0.832023301817686,0.822023301817686,0.822023301817686,0.832023301817686,0.842023301817686
146,0.9311856424927288,0.9211856424927288,0.9311856424927288,0.9311856424927288,0.9511856424927289,0.9711856424927289,0.9411856424927288,0.9411856424927288,0.9411856424927288,0.9311856424927288,0.9211856424927288,0.9211856424927288,0.9011856424927288
147,0.8557777439520352,0.8757777439520352,0.8657777439520352,0.8657777439520352,0.8657777439520352,0.8757777439520352,0.8457777439520352,0.8457777439520352,0.8557777439520352,0.8457777439520352,0.8557777439520352,0.8457777439520352,0.8457777439520352
148,0.8943733700478719,0.8843733700478719,0.8843733700478719,0.8843733700478719,0.8843733700478719,0.8843733700478719,0.9043733700478719,0.8843733700478719,0.9043733700478719,0.8943733700478719,0.9143733700478719,0.9243733700478719,0.9043733700478719
149,0.8384853881735113,0.8384853881735113,0.8284853881735113,0.8284853881735113,0.8284853881735113,0.8384853881735113,0.8384853881735113,0.8584853881735113,0.8584853881735113,0.8584853881735113,0.8584853881735113,0.8284853881735113,0.8284853881735113
150,0.9226743204782559,0.9126743204782559,0.9126743204782559,0.9026743204782559,0.8926743204782559,0.8826743204782559,0.8876743204782559,0.8976743204782559,0.8876743204782559,0.8976743204782559,0.8876743204782559,0.8876743204782559,0.8976743204782559
151,0.9102165311478437,0.9102165311478437,0.9002165311478437,0.8902165311478437,0.8802165311478437,0.8802165311478437,0.8902165311478437,0.9102165311478437,0.9002165311478437,0.8802165311478437,0.8902165311478437,0.8902165311478437,0.9152165311478437
152,0.7992185621456587,0.7992185621456587,0.7992185621456587,0.7992185621456587,0.7992185621456587,0.7992185621456587,0.7692185621456586,0.7842185621456587,0.7742185621456587,0.7742185621456587,0.7742185621456587,0.7842185621456587,0.7542185621456586
153,0.835801374833135,0.855801374833135,0.855801374833135,0.865801374833135,0.875801374833135,0.855801374833135,0.835801374833135,0.845801374833135,0.865801374833135,0.865801374833135,0.865801374833135,0.850801374833135,0.870801374833135
154,0.8090801790043152,0.8090801790043152,0.8090801790043152,0.8190801790043152,0.7990801790043152,0.7990801790043152,0.7990801790043152,0.8190801790043152,0.8090801790043152,0.8190801790043152,0.8290801790043152,0.8290801790043152,0.8290801790043152
155,0.894697793245956,0.914697793245956,0.914697793245956,0.914697793245956,0.914697793245956,0.894697793245956,0.874697793245956,0.884697793245956,0.864697793245956,0.854697793245956,0.864697793245956,0.864697793245956,0.854697793245956
156,0.9000469384164491,0.9300469384164491,0.9200469384164491,0.9300469384164491,0.9300469384164491,0.9300469384164491,0.9300469384164491,0.9300469384164491,0.9150469384164491,0.9150469384164491,0.9150469384164491,0.9150469384164491,0.9050469384164491
157,0.8481381141757178,0.8481381141757178,0.8381381141757178,0.8381381141757178,0.8581381141757178,0.8481381141757178,0.8581381141757178,0.8681381141757178,0.8881381141757179,0.8881381141757179,0.8881381141757179,0.8781381141757179,0.8781381141757179
158,0.841756241036989,0.831756241036989,0.831756241036989,0.841756241036989,0.821756241036989,0.831756241036989,0.831756241036989,0.831756241036989,0.831756241036989,0.831756241036989,0.821756241036989,0.821756241036989,0.846756241036989
159,0.8867812310842105,0.8867812310842105,0.8867812310842105,0.8867812310842105,0.8767812310842105,0.8867812310842105,0.8867812310842105,0.8967812310842105,0.8967812310842105,0.8967812310842105,0.8967812310842105,0.8967812310842105,0.8967812310842105
160,0.8427933451124672,0.8427933451124672,0.8427933451124672,0.8327933451124672,0.8327933451124672,0.8327933451124672,0.8327933451124672,0.8327933451124672,0.8327933451124672,0.8327933451124672,0.8127933451124671,0.8127933451124671,0.8127933451124671
161,0.9118841288776126,0.8918841288776126,0.8918841288776126,0.8818841288776126,0.8718841288776126,0.8718841288776126,0.8818841288776126,0.8818841288776126,0.9018841288776126,0.9118841288776126,0.9318841288776126,0.9518841288776126,0.9418841288776126
162,0.792036552902097,0.7720365529020969,0.7720365529020969,0.782036552902097,0.792036552902097,0.792036552902097,0.822036552902097,0.812036552902097,0.802036552902097,0.802036552902097,0.802036552902097,0.792036552902097,0.7620365529020969
163,0.8127731222508011,0.8227731222508011,0.8127731222508011,0.8227731222508011,0.8027731222508011,0.8027731222508011,0.8027731222508011,0.8227731222508011,0.7877731222508011,0.8077731222508011,0.8477731222508011,0.8377731222508011,0.8477731222508011
164,0.8083641231748026,0.7983641231748025,0.7983641231748025,0.7983641231748025,0.7883641231748025,0.7883641231748025,0.7683641231748025,0.7733641231748025,0.7933641231748025,0.7933641231748025,0.7833641231748025,0.7833641231748025,0.7833641231748025
165,0.7588119637099758,0.7488119637099758,0.7488119637099758,0.7488119637099758,0.7588119637099758,0.7388119637099758,0.7388119637099758,0.7488119637099758,0.7488119637099758,0.7388119637099758,0.7288119637099758,0.7488119637099758,0.7488119637099758
166,0.8964364651391458,0.8864364651391458,0.8864364651391458,0.8864364651391458,0.8864364651391458,0.8964364651391458,0.9064364651391458,0.9064364651391458,0.9064364651391458,0.9164364651391458,0.8964364651391458,0.8964364651391458,0.8964364651391458
167,0.8321534627258931,0.8321534627258931,0.8421534627258931,0.8421534627258931,0.8421534627258931,0.8521534627258931,0.8321534627258931,0.8321534627258931,0.8221534627258931,0.8221534627258931,0.8121534627258931,0.8221534627258931,0.8221534627258931
168,0.8426506515624665,0.8326506515624665,0.8426506515624665,0.8426506515624665,0.8526506515624666,0.8526506515624666,0.8626506515624666,0.8526506515624666,0.8426506515624665,0.8226506515624665,0.8226506515624665,0.8426506515624665,0.8426506515624665
169,0.7692832458598369,0.7992832458598369,0.7892832458598369,0.7992832458598369,0.7892832458598369,0.7892832458598369,0.7892832458598369,0.7792832458598369,0.7692832458598369,0.7692832458598369,0.7792832458598369,0.7992832458598369,0.7842832458598369
170,0.8405504236934872,0.8405504236934872,0.8505504236934872,0.8605504236934872,0.8605504236934872,0.8405504236934872,0.8405504236934872,0.8405504236934872,0.8405504236934872,0.8605504236934872,0.8305504236934872,0.8205504236934872,0.8205504236934872
171,0.8277446421584346,0.8177446421584346,0.7977446421584345,0.7977446421584345,0.8077446421584346,0.8077446421584346,0.8177446421584346,0.8077446421584346,0.8177446421584346,0.8177446421584346,0.8177446421584346,0.8277446421584346,0.8477446421584346
172,0.8891601968152237,0.8991601968152237,0.8991601968152237,0.8891601968152237,0.8891601968152237,0.8791601968152237,0.8891601968152237,0.9091601968152238,0.8991601968152237,0.8991601968152237,0.8991601968152237,0.8991601968152237,0.8991601968152237
173,0.8183144157099672,0.8183144157099672,0.8183144157099672,0.8183144157099672,0.8183144157099672,0.8283144157099672,0.8183144157099672,0.8083144157099672,0.8433144157099672,0.8533144157099672,0.8433144157099672,0.8533144157099672,0.8433144157099672
174,0.7906316393918987,0.7806316393918987,0.7806316393918987,0.7806316393918987,0.7806316393918987,0.7706316393918987,0.7806316393918987,0.7906316393918987,0.8106316393918988,0.8106316393918988,0.8006316393918987,0.7906316393918987,0.7906316393918987
175,0.8663536448761399,0.8763536448761399,0.8663536448761399,0.8863536448761399,0.8863536448761399,0.8663536448761399,0.8463536448761398,0.8563536448761399,0.8563536448761399,0.8663536448761399,0.8663536448761399,0.8563536448761399,0.8563536448761399
176,0.80084375598999,0.80084375598999,0.80084375598999,0.82084375598999,0.82084375598999,0.82084375598999,0.83084375598999,0.8408437559899901,0.8408437559899901,0.8408437559899901,0.8408437559899901,0.83084375598999,0.82084375598999
177,0.8674541457758824,0.8674541457758824,0.8674541457758824,0.8674541457758824,0.8674541457758824,0.8674541457758824,0.8774541457758824,0.8774541457758824,0.8974541457758825,0.9074541457758825,0.8974541457758825,0.8974541457758825,0.8574541457758824
178,0.9016327390361547,0.8916327390361547,0.8916327390361547,0.8916327390361547,0.8816327390361547,0.8816327390361547,0.8916327390361547,0.8816327390361547,0.8816327390361547,0.8916327390361547,0.8816327390361547,0.8816327390361547,0.8816327390361547
179,0.8697039647510943,0.8897039647510944,0.8897039647510944,0.8797039647510944,0.8997039647510944,0.8797039647510944,0.8997039647510944,0.8897039647510944,0.8897039647510944,0.8697039647510943,0.8697039647510943,0.8897039647510944,0.8797039647510944
180,0.893193913113729,0.893193913113729,0.903193913113729,0.883193913113729,0.883193913113729,0.883193913113729,0.893193913113729,0.903193913113729,0.893193913113729,0.883193913113729,0.873193913113729,0.893193913113729,0.883193913113729
181,0.8866256544192913,0.8966256544192913,0.8966256544192913,0.8966256544192913,0.8866256544192913,0.8866256544192913,0.8966256544192913,0.8966256544192913,0.8766256544192913,0.8866256544192913,0.9066256544192913,0.8966256544192913,0.8966256544192913
182,0.820979962535352,0.830979962535352,0.840979962535352,0.815979962535352,0.815979962535352,0.835979962535352,0.835979962535352,0.835979962535352,0.835979962535352,0.815979962535352,0.815979962535352,0.815979962535352,0.805979962535352
183,0.8895377503941888,0.8895377503941888,0.8795377503941888,0.8595377503941888,0.8595377503941888,0.8695377503941888,0.8795377503941888,0.8795377503941888,0.8695377503941888,0.8695377503941888,0.8795377503941888,0.8795377503941888,0.8995377503941888
184,0.8191249816579845,0.8291249816579845,0.8291249816579845,0.8291249816579845,0.8191249816579845,0.8191249816579845,0.8191249816579845,0.8291249816579845,0.8191249816579845,0.8191249816579845,0.8291249816579845,0.8191249816579845,0.8291249816579845
185,0.8685021013470644,0.8585021013470644,0.8385021013470644,0.8385021013470644,0.8485021013470644,0.8585021013470644,0.8685021013470644,0.8785021013470644,0.8685021013470644,0.8585021013470644,0.8485021013470644,0.8485021013470644,0.8585021013470644
186,0.8803658095263669,0.8803658095263669,0.8903658095263669,0.8903658095263669,0.9003658095263669,0.9003658095263669,0.9103658095263669,0.9103658095263669,0.9203658095263669,0.9203658095263669,0.9153658095263669,0.9153658095263669,0.9153658095263669
187,0.8694840335667738,0.8794840335667738,0.9094840335667739,0.9094840335667739,0.8994840335667739,0.9094840335667739,0.9094840335667739,0.9094840335667739,0.8894840335667739,0.8894840335667739,0.8994840335667739,0.8994840335667739,0.8794840335667738
188,0.8619643159837679,0.8719643159837679,0.8619643159837679,0.8519643159837679,0.8519643159837679,0.8519643159837679,0.8619643159837679,0.8419643159837679,0.8419643159837679,0.8419643159837679,0.8319643159837679,0.8219643159837678,0.8269643159837679
189,0.8482394773416292,0.8582394773416292,0.8582394773416292,0.8482394773416292,0.8482394773416292,0.8282394773416292,0.8282394773416292,0.8382394773416292,0.8182394773416292,0.8382394773416292,0.8382394773416292,0.8382394773416292,0.8482394773416292
190,0.8309375891591435,0.8409375891591435,0.8409375891591435,0.8409375891591435,0.8309375891591435,0.8309375891591435,0.8709375891591435,0.8659375891591435,0.8559375891591435,0.8559375891591435,0.8559375891591435,0.8759375891591435,0.8759375891591435
191,0.9083437513366487,0.9083437513366487,0.9083437513366487,0.9083437513366487,0.9083437513366487,0.9183437513366487,0.9183437513366487,0.9283437513366487,0.9283437513366487,0.9283437513366487,0.9283437513366487,0.9283437513366487,0.9383437513366487
192,0.8710675238495489,0.8610675238495489,0.8510675238495489,0.8410675238495489,0.8410675238495489,0.8310675238495489,0.8610675238495489,0.8710675238495489,0.8710675238495489,0.8810675238495489,0.9010675238495489,0.9010675238495489,0.9010675238495489
193,0.825699602658077,0.835699602658077,0.835699602658077,0.845699602658077,0.865699602658077,0.855699602658077,0.845699602658077,0.845699602658077,0.845699602658077,0.835699602658077,0.835699602658077,0.855699602658077,0.845699602658077
194,0.9035822730594084,0.8935822730594084,0.8935822730594084,0.9035822730594084,0.9035822730594084,0.9335822730594084,0.9335822730594084,0.9135822730594084,0.9135822730594084,0.9135822730594084,0.9135822730594084,0.9135822730594084,0.9335822730594084
195,0.864409861687462,0.854409861687462,0.864409861687462,0.864409861687462,0.854409861687462,0.844409861687462,0.844409861687462,0.824409861687462,0.834409861687462,0.844409861687462,0.834409861687462,0.844409861687462,0.844409861687462
196,0.9067175424368364,0.9067175424368364,0.9067175424368364,0.8967175424368364,0.8967175424368364,0.9067175424368364,0.8767175424368364,0.8917175424368364,0.8917175424368364,0.8817175424368364,0.9017175424368364,0.9017175424368364,0.8917175424368364
197,0.8820165962091141,0.8820165962091141,0.8820165962091141,0.8720165962091141,0.8720165962091141,0.8620165962091141,0.8720165962091141,0.8720165962091141,0.8520165962091141,0.8720165962091141,0.8620165962091141,0.8820165962091141,0.8820165962091141
198,0.7912171955441005,0.7912171955441005,0.7912171955441005,0.7912171955441005,0.7912171955441005,0.7912171955441005,0.7912171955441005,0.8212171955441006,0.8212171955441006,0.8212171955441006,0.8212171955441006,0.8212171955441006,0.8112171955441005
199,0.9186027447488329,0.9186027447488329,0.9286027447488329,0.9186027447488329,0.9386027447488329,0.9386027447488329,0.9286027447488329,0.9186027447488329,0.9186027447488329,0.9186027447488329,0.9186027447488329,0.9186027447488329,0.9186027447488329
200,0.8449206342516069,0.8549206342516069,0.8649206342516069,0.8649206342516069,0.8549206342516069,0.8849206342516069,0.8749206342516069,0.8599206342516069,0.8599206342516069,0.8599206342516069,0.8399206342516069,0.8199206342516069,0.8399206342516069
201,0.8501489039160028,0.8501489039160028,0.8501489039160028,0.8601489039160028,0.8501489039160028,0.8701489039160029,0.8501489039160028,0.8401489039160028,0.8201489039160028,0.8101489039160028,0.8301489039160028,0.8501489039160028,0.8601489039160028
202,0.8381706429208082,0.8281706429208082,0.8281706429208082,0.8281706429208082,0.8381706429208082,0.8481706429208082,0.8681706429208083,0.8681706429208083,0.8681706429208083,0.8681706429208083,0.8681706429208083,0.8781706429208083,0.8681706429208083
203,0.8197059010167278,0.8097059010167278,0.7997059010167278,0.7897059010167278,0.7997059010167278,0.8097059010167278,0.8097059010167278,0.7997059010167278,0.7997059010167278,0.8197059010167278,0.8197059010167278,0.7997059010167278,0.7897059010167278
204,0.7898471170358372,0.7998471170358372,0.7798471170358372,0.7798471170358372,0.7698471170358372,0.7798471170358372,0.7798471170358372,0.7898471170358372,0.7898471170358372,0.7898471170358372,0.7698471170358372,0.7698471170358372,0.7698471170358372
205,0.9102157325895622,0.9102157325895622,0.9002157325895622,0.9002157325895622,0.9002157325895622,0.9302157325895622,0.9302157325895622,0.9402157325895623,0.9502157325895623,0.9402157325895623,0.9252157325895622,0.9252157325895622,0.9252157325895622
206,0.8758427523128176,0.8758427523128176,0.8858427523128176,0.8958427523128176,0.9058427523128176,0.8908427523128176,0.9008427523128176,0.8908427523128176,0.9008427523128176,0.9008427523128176,0.8908427523128176,0.8908427523128176,0.9108427523128176
207,0.8847425678015706,0.8947425678015706,0.8947425678015706,0.8747425678015706,0.8747425678015706,0.8947425678015706,0.8947425678015706,0.8947425678015706,0.8947425678015706,0.9047425678015706,0.9047425678015706,0.8797425678015706,0.8597425678015705
208,0.8602729143554235,0.8402729143554235,0.8652729143554235,0.8952729143554236,0.8952729143554236,0.8952729143554236,0.8852729143554235,0.8952729143554236,0.8952729143554236,0.8752729143554235,0.8752729143554235,0.8452729143554235,0.8452729143554235
209,0.8415124563757287,0.8515124563757287,0.8615124563757287,0.8615124563757287,0.8615124563757287,0.8515124563757287,0.8515124563757287,0.8515124563757287,0.8515124563757287,0.8515124563757287,0.8615124563757287,0.8615124563757287,0.8615124563757287
210,0.816397272568623,0.8563972725686231,0.8463972725686231,0.826397272568623,0.8363972725686231,0.826397272568623,0.8363972725686231,0.786397272568623,0.786397272568623,0.796397272568623,0.786397272568623,0.796397272568623,0.796397272568623
211,0.873460385649381,0.883460385649381,0.883460385649381,0.883460385649381,0.893460385649381,0.903460385649381,0.883460385649381,0.883460385649381,0.883460385649381,0.873460385649381,0.873460385649381,0.873460385649381,0.883460385649381
212,0.8090273383395568,0.8090273383395568,0.8090273383395568,0.8090273383395568,0.7790273383395567,0.8190273383395568,0.8190273383395568,0.8090273383395568,0.8090273383395568,0.8090273383395568,0.8290273383395568,0.8290273383395568,0.7990273383395567
213,0.8326015856593405,0.8326015856593405,0.8326015856593405,0.8226015856593405,0.8226015856593405,0.8226015856593405,0.8226015856593405,0.8326015856593405,0.8226015856593405,0.8326015856593405,0.8426015856593405,0.8426015856593405,0.8526015856593405
214,0.8617779745075264,0.8617779745075264,0.8817779745075264,0.8517779745075263,0.8717779745075264,0.8917779745075264,0.9017779745075264,0.9017779745075264,0.8967779745075264,0.8967779745075264,0.8867779745075264,0.8967779745075264,0.8967779745075264
215,0.8876863069733105,0.8876863069733105,0.8676863069733105,0.8676863069733105,0.8476863069733105,0.8526863069733105,0.8526863069733105,0.8526863069733105,0.8526863069733105,0.8526863069733105,0.8526863069733105,0.8626863069733105,0.8626863069733105
216,0.8717188099960702,0.8817188099960702,0.8817188099960702,0.8917188099960702,0.9117188099960702,0.9067188099960702,0.8967188099960702,0.8867188099960702,0.8567188099960702,0.8567188099960702,0.8567188099960702,0.8567188099960702,0.8667188099960702
217,0.8861868157548726,0.8861868157548726,0.8661868157548726,0.8561868157548725,0.8661868157548726,0.8661868157548726,0.8661868157548726,0.8661868157548726,0.8561868157548725,0.8461868157548725,0.8511868157548725,0.8611868157548725,0.8711868157548726
218,0.8223743012284842,0.8323743012284842,0.8423743012284842,0.8323743012284842,0.8423743012284842,0.8423743012284842,0.8423743012284842,0.8423743012284842,0.8323743012284842,0.8123743012284842,0.8023743012284842,0.8123743012284842,0.8023743012284842
219,0.8965250852343939,0.9065250852343939,0.8865250852343939,0.8865250852343939,0.8865250852343939,0.8965250852343939,0.8965250852343939,0.8865250852343939,0.8865250852343939,0.9065250852343939,0.9065250852343939,0.9065250852343939,0.8865250852343939
220,0.8141512089321674,0.8241512089321674,0.8141512089321674,0.8141512089321674,0.7841512089321674,0.7991512089321674,0.7891512089321674,0.7991512089321674,0.7891512089321674,0.8091512089321674,0.8091512089321674,0.8091512089321674,0.8191512089321674
221,0.8948353523984256,0.8948353523984256,0.8948353523984256,0.9148353523984256,0.9048353523984256,0.9048353523984256,0.9148353523984256,0.9048353523984256,0.9048353523984256,0.9048353523984256,0.8848353523984256,0.8848353523984256,0.8948353523984256
222,0.8796790323436185,0.8896790323436186,0.8796790323436185,0.8796790323436185,0.8796790323436185,0.8696790323436185,0.8696790323436185,0.8696790323436185,0.8696790323436185,0.8696790323436185,0.8896790323436186,0.8696790323436185,0.8596790323436185
223,0.877173440705943,0.8871734407059431,0.8971734407059431,0.9071734407059431,0.9171734407059431,0.9071734407059431,0.9071734407059431,0.8971734407059431,0.8871734407059431,0.8871734407059431,0.8871734407059431,0.8871734407059431,0.8871734407059431
224,0.8608917060930964,0.8408917060930964,0.8308917060930964,0.8458917060930964,0.8358917060930964,0.8558917060930964,0.8558917060930964,0.8658917060930964,0.8758917060930964,0.8858917060930964,0.8858917060930964,0.8758917060930964,0.9058917060930964
225,0.8587733827285878,0.8687733827285878,0.8687733827285878,0.8687733827285878,0.8687733827285878,0.8687733827285878,0.8887733827285879,0.8787733827285878,0.8987733827285879,0.8787733827285878,0.8687733827285878,0.8587733827285878,0.8587733827285878
226,0.9119855950435564,0.9119855950435564,0.8919855950435563,0.8919855950435563,0.9119855950435564,0.9019855950435564,0.9019855950435564,0.9019855950435564,0.9219855950435564,0.9419855950435564,0.9419855950435564,0.9319855950435564,0.9119855950435564
227,0.8705837133958144,0.8705837133958144,0.8505837133958144,0.8505837133958144,0.8505837133958144,0.8305837133958144,0.8305837133958144,0.8405837133958144,0.8305837133958144,0.8305837133958144,0.8505837133958144,0.8505837133958144,0.8505837133958144
228,0.8610322946449119,0.8610322946449119,0.891032294644912,0.901032294644912,0.901032294644912,0.891032294644912,0.876032294644912,0.876032294644912,0.896032294644912,0.886032294644912,0.896032294644912,0.886032294644912,0.8660322946449119
229,0.931287712909257,0.911287712909257,0.901287712909257,0.916287712909257,0.916287712909257,0.926287712909257,0.916287712909257,0.906287712909257,0.926287712909257,0.936287712909257,0.9562877129092571,0.9562877129092571,0.9562877129092571
230,0.8497226691614006,0.8497226691614006,0.8497226691614006,0.8497226691614006,0.8497226691614006,0.8697226691614006,0.8397226691614006,0.8197226691614006,0.8197226691614006,0.8197226691614006,0.8197226691614006,0.8297226691614006,0.8297226691614006
231,0.9023901509508756,0.9023901509508756,0.8923901509508756,0.8923901509508756,0.8723901509508756,0.8623901509508756,0.8623901509508756,0.8723901509508756,0.8723901509508756,0.8723901509508756,0.8723901509508756,0.8723901509508756,0.8723901509508756
232,0.8690568245091925,0.8590568245091925,0.8590568245091925,0.8690568245091925,0.8390568245091925,0.8590568245091925,0.8590568245091925,0.8590568245091925,0.8790568245091925,0.8690568245091925,0.8690568245091925,0.8590568245091925,0.8390568245091925
233,0.8286033643550202,0.8286033643550202,0.8286033643550202,0.8186033643550202,0.8486033643550203,0.8486033643550203,0.8686033643550203,0.8636033643550203,0.8736033643550203,0.8736033643550203,0.8736033643550203,0.8736033643550203,0.8736033643550203
234,0.900045697383825,0.910045697383825,0.920045697383825,0.930045697383825,0.930045697383825,0.920045697383825,0.910045697383825,0.910045697383825,0.930045697383825,0.930045697383825,0.920045697383825,0.930045697383825,0.915045697383825
235,0.7983808937517448,0.8083808937517448,0.8083808937517448,0.8083808937517448,0.8083808937517448,0.8183808937517448,0.8283808937517448,0.8383808937517448,0.8383808937517448,0.8333808937517448,0.8333808937517448,0.8233808937517448,0.8233808937517448
236,0.8542080569021353,0.8542080569021353,0.8242080569021353,0.8242080569021353,0.8242080569021353,0.8442080569021353,0.8642080569021353,0.8642080569021353,0.8742080569021353,0.8742080569021353,0.8492080569021353,0.8692080569021353,0.8692080569021353
237,0.8475965996029604,0.8275965996029604,0.8375965996029604,0.8475965996029604,0.8675965996029604,0.8675965996029604,0.8675965996029604,0.8575965996029604,0.8575965996029604,0.8675965996029604,0.8475965996029604,0.8375965996029604,0.8375965996029604
238,0.8863181107147722,0.8863181107147722,0.8863181107147722,0.8663181107147722,0.8463181107147721,0.8563181107147722,0.8563181107147722,0.8563181107147722,0.8463181107147721,0.8563181107147722,0.8563181107147722,0.8663181107147722,0.8563181107147722
239,0.8088171320815115,0.8088171320815115,0.8188171320815115,0.8088171320815115,0.8088171320815115,0.7988171320815115,0.7988171320815115,0.7888171320815115,0.7888171320815115,0.7688171320815115,0.7788171320815115,0.7788171320815115,0.7788171320815115
240,0.8798194587243082,0.8798194587243082,0.8798194587243082,0.8798194587243082,0.8898194587243082,0.8898194587243082,0.8898194587243082,0.8548194587243082,0.8648194587243082,0.8848194587243082,0.8848194587243082,0.8748194587243082,0.8948194587243082
241,0.8837195138122799,0.8837195138122799,0.9037195138122799,0.8937195138122799,0.9037195138122799,0.9137195138122799,0.8987195138122799,0.8987195138122799,0.8987195138122799,0.8887195138122799,0.8887195138122799,0.8887195138122799,0.8887195138122799
242,0.8576327366817288,0.8576327366817288,0.8576327366817288,0.8776327366817288,0.8576327366817288,0.8676327366817288,0.8876327366817288,0.8876327366817288,0.8676327366817288,0.8676327366817288,0.8476327366817288,0.8476327366817288,0.8176327366817288
243,0.8511763255002779,0.8411763255002779,0.8611763255002779,0.8611763255002779,0.8611763255002779,0.8611763255002779,0.8611763255002779,0.8611763255002779,0.8611763255002779,0.8611763255002779,0.8511763255002779,0.8411763255002779,0.8311763255002779
244,0.8646793276591367,0.8646793276591367,0.8746793276591367,0.8646793276591367,0.8746793276591367,0.8846793276591367,0.8946793276591367,0.8946793276591367,0.8946793276591367,0.8946793276591367,0.9046793276591367,0.9046793276591367,0.9046793276591367
245,0.9173320231740983,0.9373320231740984,0.9473320231740984,0.9573320231740984,0.9473320231740984,0.9373320231740984,0.9173320231740983,0.9073320231740983,0.8973320231740983,0.8973320231740983,0.8773320231740983,0.8773320231740983,0.8773320231740983
246,0.834769240706593,0.804769240706593,0.819769240706593,0.7897692407065929,0.7897692407065929,0.809769240706593,0.7997692407065929,0.7997692407065929,0.7897692407065929,0.7897692407065929,0.7897692407065929,0.7897692407065929,0.7897692407065929
247,0.9392132493419054,0.9392132493419054,0.9292132493419054,0.9292132493419054,0.9292132493419054,0.9592132493419054,0.9392132493419054,0.9292132493419054,0.9292132493419054,0.9192132493419054,0.9292132493419054,0.9192132493419054,0.9192132493419054
248,0.8890596257677713,0.8890596257677713,0.9090596257677713,0.9090596257677713,0.8990596257677713,0.8890596257677713,0.8890596257677713,0.8990596257677713,0.8990596257677713,0.8990596257677713,0.8990596257677713,0.8990596257677713,0.8990596257677713
249,0.8469568389871509,0.8569568389871509,0.8569568389871509,0.8769568389871509,0.8569568389871509,0.8669568389871509,0.8669568389871509,0.8669568389871509,0.8669568389871509,0.8469568389871509,0.8569568389871509,0.8669568389871509,0.8669568389871509
250,0.831623587177474,0.851623587177474,0.861623587177474,0.871623587177474,0.871623587177474,0.861623587177474,0.841623587177474,0.851623587177474,0.851623587177474,0.851623587177474,0.851623587177474,0.841623587177474,0.851623587177474
251,0.9002596620424215,0.9002596620424215,0.9102596620424215,0.9102596620424215,0.9002596620424215,0.9202596620424215,0.9302596620424215,0.9302596620424215,0.9302596620424215,0.9402596620424215,0.9302596620424215,0.9002596620424215,0.9102596620424215
252,0.8392527900607015,0.8392527900607015,0.8192527900607015,0.7992527900607015,0.8042527900607015,0.8042527900607015,0.8142527900607015,0.8342527900607015,0.8442527900607015,0.8342527900607015,0.8242527900607015,0.8342527900607015,0.8442527900607015
253,0.7959618256778875,0.7959618256778875,0.8059618256778875,0.7959618256778875,0.7759618256778875,0.7759618256778875,0.7759618256778875,0.8009618256778875,0.8009618256778875,0.8009618256778875,0.8209618256778876,0.8309618256778876,0.8209618256778876
254,0.9065382574876049,0.8965382574876049,0.8965382574876049,0.8965382574876049,0.9315382574876049,0.9415382574876049,0.9415382574876049,0.9415382574876049,0.9315382574876049,0.9315382574876049,0.9315382574876049,0.9115382574876049,0.8915382574876048
255,0.8386481974434291,0.8586481974434291,0.8586481974434291,0.8586481974434291,0.8586481974434291,0.8586481974434291,0.8486481974434291,0.8486481974434291,0.8386481974434291,0.8286481974434291,0.8286481974434291,0.8286481974434291,0.8286481974434291
256,0.8052430208163022,0.8052430208163022,0.8052430208163022,0.8052430208163022,0.8052430208163022,0.8052430208163022,0.7952430208163022,0.7952430208163022,0.7852430208163022,0.7752430208163021,0.7752430208163021,0.7752430208163021,0.8052430208163022
257,0.8788801743780276,0.8788801743780276,0.8988801743780276,0.9088801743780276,0.8938801743780276,0.9038801743780276,0.9038801743780276,0.9038801743780276,0.8938801743780276,0.9238801743780276,0.9238801743780276,0.9238801743780276,0.9238801743780276
258,0.8508559041161309,0.8408559041161309,0.8208559041161309,0.8358559041161309,0.8258559041161309,0.8158559041161308,0.8258559041161309,0.8258559041161309,0.8458559041161309,0.8258559041161309,0.8458559041161309,0.8458559041161309,0.8558559041161309
259,0.8468970828458773,0.8468970828458773,0.8368970828458773,0.8468970828458773,0.8468970828458773,0.8568970828458773,0.8568970828458773,0.8468970828458773,0.8468970828458773,0.8368970828458773,0.8268970828458773,0.8368970828458773,0.8368970828458773
260,0.8795933352088503,0.8695933352088503,0.8795933352088503,0.8595933352088503,0.8695933352088503,0.8595933352088503,0.8595933352088503,0.8595933352088503,0.8695933352088503,0.8995933352088503,0.8995933352088503,0.8895933352088503,0.8995933352088503
261,0.7725176684667666,0.7425176684667666,0.7425176684667666,0.7425176684667666,0.7575176684667666,0.7675176684667666,0.7675176684667666,0.7575176684667666,0.7475176684667666,0.7675176684667666,0.7675176684667666,0.7775176684667666,0.7775176684667666
262,0.847990952094211,0.8579909520942111,0.8579909520942111,0.8579909520942111,0.8579909520942111,0.8579909520942111,0.8779909520942111,0.8629909520942111,0.8629909520942111,0.8629909520942111,0.8729909520942111,0.8629909520942111,0.8729909520942111
263,0.8962889095468952,0.8862889095468952,0.8662889095468952,0.8812889095468952,0.8712889095468952,0.8712889095468952,0.8712889095468952,0.8812889095468952,0.8812889095468952,0.8612889095468952,0.8812889095468952,0.8912889095468952,0.8812889095468952
264,0.8614399625786467,0.8614399625786467,0.8514399625786467,0.8614399625786467,0.8914399625786468,0.8914399625786468,0.8814399625786468,0.8614399625786467,0.8414399625786467,0.8414399625786467,0.8414399625786467,0.8714399625786468,0.8614399625786467
265,0.8414127140430422,0.8314127140430422,0.8214127140430422,0.8114127140430422,0.8264127140430422,0.8364127140430422,0.8364127140430422,0.8364127140430422,0.8464127140430422,0.8364127140430422,0.8264127140430422,0.8264127140430422,0.8264127140430422
266,0.8423800653543175,0.8423800653543175,0.8423800653543175,0.8423800653543175,0.8423800653543175,0.8423800653543175,0.8423800653543175,0.8523800653543175,0.8323800653543175,0.8423800653543175,0.8323800653543175,0.8323800653543175,0.8123800653543175
267,0.7867241954466779,0.7767241954466779,0.7767241954466779,0.7767241954466779,0.7967241954466779,0.806724195446678,0.7967241954466779,0.7967241954466779,0.7967241954466779,0.7867241954466779,0.7867241954466779,0.7867241954466779,0.806724195446678
268,0.8426199705587911,0.8526199705587911,0.8326199705587911,0.8626199705587911,0.8626199705587911,0.8526199705587911,0.8626199705587911,0.8526199705587911,0.8626199705587911,0.8626199705587911,0.8626199705587911,0.8826199705587912,0.8826199705587912
269,0.8074778854231576,0.7974778854231576,0.7974778854231576,0.7774778854231575,0.7774778854231575,0.7924778854231576,0.8024778854231576,0.8024778854231576,0.8024778854231576,0.7924778854231576,0.7824778854231575,0.7824778854231575,0.7824778854231575
270,0.8638590890966887,0.8738590890966887,0.8738590890966887,0.8838590890966888,0.9038590890966888,0.9038590890966888,0.8988590890966888,0.8888590890966888,0.8988590890966888,0.8888590890966888,0.8888590890966888,0.8888590890966888,0.8988590890966888
271,0.8541723248896514,0.8741723248896515,0.8741723248896515,0.8641723248896515,0.8291723248896514,0.8191723248896514,0.8191723248896514,0.8191723248896514,0.8091723248896514,0.8091723248896514,0.8091723248896514,0.8191723248896514,0.8191723248896514
272,0.8392489688554209,0.8592489688554209,0.8592489688554209,0.8592489688554209,0.8392489688554209,0.8392489688554209,0.8392489688554209,0.8292489688554209,0.8392489688554209,0.8292489688554209,0.8292489688554209,0.8392489688554209,0.8492489688554209
273,0.8633115985884318,0.8733115985884318,0.8733115985884318,0.8733115985884318,0.8733115985884318,0.8733115985884318,0.8633115985884318,0.8833115985884318,0.8833115985884318,0.8833115985884318,0.9033115985884318,0.9033115985884318,0.9033115985884318
274,0.8570215827415916,0.8670215827415916,0.8570215827415916,0.8570215827415916,0.8670215827415916,0.8670215827415916,0.8370215827415916,0.8370215827415916,0.8470215827415916,0.8370215827415916,0.8370215827415916,0.8570215827415916,0.8370215827415916
275,0.7898313189013394,0.7898313189013394,0.7898313189013394,0.7998313189013394,0.8198313189013394,0.8048313189013394,0.8048313189013394,0.8048313189013394,0.8048313189013394,0.8048313189013394,0.8048313189013394,0.7948313189013394,0.7948313189013394
276,0.8428546004151884,0.8428546004151884,0.8428546004151884,0.8428546004151884,0.8428546004151884,0.8428546004151884,0.8428546004151884,0.8428546004151884,0.8428546004151884,0.8328546004151884,0.8228546004151884,0.8428546004151884,0.8428546004151884
277,0.8821882223475219,0.8821882223475219,0.8921882223475219,0.8921882223475219,0.8921882223475219,0.912188222347522,0.912188222347522,0.922188222347522,0.912188222347522,0.9021882223475219,0.9021882223475219,0.8921882223475219,0.9021882223475219
278,0.8178769587039533,0.8078769587039533,0.8078769587039533,0.8078769587039533,0.7778769587039532,0.7828769587039532,0.7928769587039532,0.7928769587039532,0.7928769587039532,0.7928769587039532,0.8128769587039533,0.8128769587039533,0.8128769587039533
279,0.8682022556405561,0.8682022556405561,0.8682022556405561,0.8582022556405561,0.8682022556405561,0.8882022556405561,0.8682022556405561,0.8682022556405561,0.8582022556405561,0.8582022556405561,0.8582022556405561,0.8582022556405561,0.8582022556405561
280,0.8621063176414208,0.8721063176414208,0.8721063176414208,0.8721063176414208,0.8621063176414208,0.8421063176414207,0.8321063176414207,0.8421063176414207,0.8421063176414207,0.8321063176414207,0.8321063176414207,0.8521063176414208,0.8521063176414208
281,0.8688143250456991,0.8588143250456991,0.8488143250456991,0.8388143250456991,0.8538143250456991,0.8538143250456991,0.8738143250456991,0.8838143250456991,0.8938143250456991,0.8938143250456991,0.8938143250456991,0.9038143250456991,0.8938143250456991
282,0.8350710600257563,0.8250710600257563,0.8150710600257562,0.8050710600257562,0.8200710600257562,0.8200710600257562,0.8200710600257562,0.8300710600257563,0.8300710600257563,0.8300710600257563,0.8000710600257562,0.7900710600257562,0.7900710600257562
283,0.880755020106076,0.880755020106076,0.880755020106076,0.870755020106076,0.880755020106076,0.880755020106076,0.900755020106076,0.900755020106076,0.900755020106076,0.920755020106076,0.920755020106076,0.920755020106076,0.920755020106076
284,0.8119106008796009,0.8119106008796009,0.8119106008796009,0.8119106008796009,0.8019106008796009,0.8019106008796009,0.8119106008796009,0.8419106008796009,0.8419106008796009,0.8319106008796009,0.8419106008796009,0.8519106008796009,0.8519106008796009
285,0.7764035962328094,0.7764035962328094,0.7664035962328094,0.7664035962328094,0.7664035962328094,0.7764035962328094,0.8064035962328094,0.7914035962328094,0.7714035962328094,0.7614035962328094,0.7614035962328094,0.7614035962328094,0.7614035962328094
286,0.8450929736405948,0.8650929736405948,0.8750929736405948,0.8750929736405948,0.8750929736405948,0.8750929736405948,0.8450929736405948,0.8650929736405948,0.8550929736405948,0.8550929736405948,0.8450929736405948,0.8450929736405948,0.8450929736405948
287,0.8871965289812019,0.8671965289812019,0.8671965289812019,0.8671965289812019,0.8671965289812019,0.8471965289812019,0.8471965289812019,0.8571965289812019,0.8571965289812019,0.8571965289812019,0.8671965289812019,0.8571965289812019,0.8721965289812019
288,0.8120068739009694,0.8320068739009694,0.8320068739009694,0.8420068739009694,0.8420068739009694,0.8420068739009694,0.8420068739009694,0.8120068739009694,0.8120068739009694,0.8120068739009694,0.8120068739009694,0.8120068739009694,0.8520068739009694
289,0.8691147569576332,0.8491147569576332,0.8591147569576332,0.8791147569576332,0.8691147569576332,0.8691147569576332,0.8791147569576332,0.9091147569576332,0.9091147569576332,0.9041147569576332,0.8941147569576332,0.9041147569576332,0.8741147569576332
290,0.877929058574956,0.907929058574956,0.907929058574956,0.907929058574956,0.907929058574956,0.877929058574956,0.877929058574956,0.8479290585749559,0.8479290585749559,0.8579290585749559,0.8479290585749559,0.8479290585749559,0.8579290585749559
291,0.8412841162513207,0.8412841162513207,0.8312841162513207,0.8312841162513207,0.8112841162513207,0.8212841162513207,0.8212841162513207,0.8212841162513207,0.8412841162513207,0.8512841162513207,0.8412841162513207,0.8412841162513207,0.8312841162513207
292,0.8627894867068031,0.8727894867068031,0.8727894867068031,0.8627894867068031,0.8527894867068031,0.8727894867068031,0.8927894867068031,0.8827894867068031,0.8627894867068031,0.8627894867068031,0.8527894867068031,0.8527894867068031,0.8627894867068031
293,0.9236391986624993,0.8936391986624993,0.9036391986624993,0.9136391986624993,0.9336391986624993,0.9436391986624993,0.9536391986624994,0.9536391986624994,0.9536391986624994,0.9636391986624994,0.9586391986624994,0.9586391986624994,0.9586391986624994
294,0.8290221467992884,0.8390221467992884,0.8490221467992884,0.8490221467992884,0.8490221467992884,0.8590221467992885,0.8590221467992885,0.8490221467992884,0.8490221467992884,0.8490221467992884,0.8590221467992885,0.8590221467992885,0.8690221467992885
295,0.8651260882389136,0.8751260882389136,0.8851260882389136,0.8951260882389136,0.8951260882389136,0.8851260882389136,0.8951260882389136,0.8801260882389136,0.8801260882389136,0.8701260882389136,0.8701260882389136,0.8801260882389136,0.8801260882389136
296,0.8048534124422614,0.8048534124422614,0.8048534124422614,0.8048534124422614,0.8048534124422614,0.8048534124422614,0.8048534124422614,0.8148534124422614,0.8048534124422614,0.8148534124422614,0.8148534124422614,0.8148534124422614,0.8148534124422614
297,0.8152755448065526,0.8352755448065526,0.8352755448065526,0.8552755448065527,0.8552755448065527,0.8502755448065527,0.8502755448065527,0.8402755448065526,0.8402755448065526,0.8402755448065526,0.8102755448065526,0.8402755448065526,0.8402755448065526
298,0.8490162419846529,0.8490162419846529,0.8490162419846529,0.8490162419846529,0.8490162419846529,0.8590162419846529,0.8790162419846529,0.8790162419846529,0.8890162419846529,0.8840162419846529,0.8640162419846529,0.8640162419846529,0.8740162419846529
299,0.868217953509206,0.868217953509206,0.868217953509206,0.868217953509206,0.868217953509206,0.8782179535092061,0.8982179535092061,0.8832179535092061,0.8832179535092061,0.8832179535092061,0.8932179535092061,0.8932179535092061,0.8932179535092061
300,0.8130791853945485,0.8230791853945485,0.8230791853945485,0.8230791853945485,0.8230791853945485,0.8230791853945485,0.8230791853945485,0.8330791853945485,0.8330791853945485,0.8230791853945485,0.8030791853945485,0.8030791853945485,0.7830791853945485
301,0.885368034293116,0.905368034293116,0.905368034293116,0.885368034293116,0.8753680342931159,0.8753680342931159,0.8753680342931159,0.8553680342931159,0.8753680342931159,0.8753680342931159,0.8653680342931159,0.8553680342931159,0.8553680342931159
302,0.8806846475223751,0.8806846475223751,0.8806846475223751,0.8906846475223751,0.8706846475223751,0.8906846475223751,0.9006846475223751,0.9106846475223751,0.9106846475223751,0.9006846475223751,0.9206846475223751,0.9206846475223751,0.9206846475223751
303,0.8786148125330113,0.8786148125330113,0.8686148125330113,0.8686148125330113,0.8686148125330113,0.8686148125330113,0.8686148125330113,0.8686148125330113,0.8686148125330113,0.8886148125330113,0.8786148125330113,0.8886148125330113,0.8886148125330113
304,0.8027375494253987,0.8027375494253987,0.8027375494253987,0.8027375494253987,0.8027375494253987,0.7727375494253986,0.7627375494253986,0.7677375494253986,0.7677375494253986,0.7877375494253986,0.7777375494253986,0.7577375494253986,0.7577375494253986
305,0.9669005125717974,0.9669005125717974,0.9669005125717974,0.9669005125717974,0.9869005125717975,0.9969005125717975,0.9869005125717975,0.9869005125717975,0.9969005125717975,0.9969005125717975,0.9969005125717975,0.9819005125717974,0.9819005125717974
306,0.9368879715554236,0.9368879715554236,0.9468879715554236,0.9468879715554236,0.9368879715554236,0.9368879715554236,0.9368879715554236,0.9568879715554236,0.9768879715554236,0.9718879715554236,0.9618879715554236,0.9618879715554236,0.9718879715554236
307,0.7434079163763844,0.7434079163763844,0.7434079163763844,0.7634079163763844,0.7734079163763844,0.7734079163763844,0.7734079163763844,0.7634079163763844,0.7534079163763844,0.7034079163763843,0.7134079163763843,0.7134079163763843,0.7134079163763843
308,0.8628980623993872,0.8628980623993872,0.8628980623993872,0.8828980623993872,0.8828980623993872,0.9028980623993872,0.8728980623993872,0.8628980623993872,0.8428980623993871,0.8628980623993872,0.8728980623993872,0.8628980623993872,0.8628980623993872
309,0.8927710151923375,0.8927710151923375,0.9027710151923375,0.9127710151923375,0.9127710151923375,0.9127710151923375,0.9127710151923375,0.9127710151923375,0.9227710151923375,0.9227710151923375,0.9127710151923375,0.9127710151923375,0.9127710151923375
310,0.8720576032189552,0.8820576032189552,0.8920576032189552,0.8920576032189552,0.8920576032189552,0.8820576032189552,0.8720576032189552,0.8820576032189552,0.8920576032189552,0.8920576032189552,0.9120576032189552,0.9120576032189552,0.9070576032189552
311,0.8787259327328469,0.888725932732847,0.908725932732847,0.888725932732847,0.888725932732847,0.8687259327328469,0.8687259327328469,0.8787259327328469,0.8687259327328469,0.888725932732847,0.888725932732847,0.8787259327328469,0.8687259327328469
312,0.8512295117927104,0.8412295117927104,0.8412295117927104,0.8412295117927104,0.8612295117927105,0.8512295117927104,0.8512295117927104,0.8512295117927104,0.8612295117927105,0.8712295117927105,0.8712295117927105,0.8712295117927105,0.8812295117927105
313,0.891267586603463,0.911267586603463,0.911267586603463,0.911267586603463,0.8862675866034629,0.8762675866034629,0.8762675866034629,0.8662675866034629,0.8562675866034629,0.8462675866034629,0.8462675866034629,0.8562675866034629,0.8662675866034629
314,0.8515962747346951,0.8715962747346951,0.8615962747346951,0.8715962747346951,0.8715962747346951,0.8915962747346952,0.8915962747346952,0.8915962747346952,0.8815962747346952,0.8915962747346952,0.8715962747346951,0.8815962747346952,0.8815962747346952
315,0.8103461056120682,0.7903461056120682,0.7903461056120682,0.7903461056120682,0.7703461056120682,0.7753461056120682,0.7753461056120682,0.7753461056120682,0.7853461056120682,0.7853461056120682,0.7853461056120682,0.7753461056120682,0.7853461056120682
316,0.883730902126195,0.883730902126195,0.883730902126195,0.893730902126195,0.903730902126195,0.903730902126195,0.903730902126195,0.903730902126195,0.893730902126195,0.883730902126195,0.883730902126195,0.903730902126195,0.913730902126195
317,0.8479943235865119,0.8279943235865119,0.8279943235865119,0.857994323586512,0.857994323586512,0.867994323586512,0.867994323586512,0.867994323586512,0.877994323586512,0.877994323586512,0.867994323586512,0.867994323586512,0.867994323586512
318,0.8719695959367815,0.8619695959367815,0.8519695959367815,0.8519695959367815,0.8519695959367815,0.8919695959367815,0.8719695959367815,0.8719695959367815,0.8819695959367815,0.8719695959367815,0.8719695959367815,0.8719695959367815,0.8819695959367815
319,0.899397422159163,0.919397422159163,0.939397422159163,0.939397422159163,0.939397422159163,0.939397422159163,0.929397422159163,0.929397422159163,0.919397422159163,0.929397422159163,0.939397422159163,0.939397422159163,0.939397422159163
320,0.8645087671067583,0.8545087671067583,0.8345087671067583,0.8345087671067583,0.8545087671067583,0.8545087671067583,0.8545087671067583,0.8445087671067583,0.8445087671067583,0.8545087671067583,0.8445087671067583,0.8445087671067583,0.8645087671067583
321,0.8295135661367918,0.8395135661367918,0.8095135661367918,0.8195135661367918,0.8195135661367918,0.7895135661367918,0.7945135661367918,0.7845135661367918,0.7845135661367918,0.7845135661367918,0.7945135661367918,0.7945135661367918,0.8045135661367918
322,0.8302235796420481,0.8402235796420481,0.8502235796420481,0.8402235796420481,0.8402235796420481,0.8402235796420481,0.8502235796420481,0.8602235796420481,0.8702235796420481,0.8702235796420481,0.8652235796420481,0.8652235796420481,0.8552235796420481
323,0.8832670277397743,0.8732670277397743,0.8632670277397743,0.8532670277397743,0.8732670277397743,0.8732670277397743,0.8732670277397743,0.8732670277397743,0.8732670277397743,0.8732670277397743,0.8832670277397743,0.8932670277397743,0.8732670277397743
324,0.9172168500435725,0.9072168500435724,0.9072168500435724,0.9072168500435724,0.8972168500435724,0.8872168500435724,0.8872168500435724,0.8772168500435724,0.8872168500435724,0.9022168500435724,0.9122168500435724,0.9022168500435724,0.9022168500435724
325,0.9036524730670177,0.8936524730670177,0.8736524730670177,0.8936524730670177,0.8936524730670177,0.8936524730670177,0.8936524730670177,0.8936524730670177,0.8936524730670177,0.8936524730670177,0.9036524730670177,0.9036524730670177,0.9036524730670177
326,0.8233045816210992,0.8233045816210992,0.8233045816210992,0.8133045816210992,0.8233045816210992,0.8633045816210992,0.8633045816210992,0.8583045816210992,0.8483045816210992,0.8283045816210992,0.8383045816210992,0.8383045816210992,0.8483045816210992
327,0.8618576069437291,0.8518576069437291,0.8618576069437291,0.8518576069437291,0.8518576069437291,0.8318576069437291,0.8318576069437291,0.8518576069437291,0.8618576069437291,0.8618576069437291,0.8618576069437291,0.8518576069437291,0.8618576069437291
328,0.8387067676040678,0.8287067676040678,0.8287067676040678,0.8087067676040678,0.8087067676040678,0.7987067676040678,0.7987067676040678,0.8187067676040678,0.8187067676040678,0.8187067676040678,0.8287067676040678,0.8287067676040678,0.8087067676040678
329,0.8255726989849633,0.8055726989849633,0.8055726989849633,0.7955726989849633,0.8155726989849633,0.8155726989849633,0.8255726989849633,0.8255726989849633,0.8255726989849633,0.8255726989849633,0.8455726989849633,0.8555726989849634,0.8455726989849633
330,0.8438189290981744,0.8438189290981744,0.8438189290981744,0.8438189290981744,0.8138189290981743,0.8138189290981743,0.8338189290981743,0.8138189290981743,0.8138189290981743,0.8138189290981743,0.8038189290981743,0.8038189290981743,0.8238189290981743
331,0.9063307122266366,0.9063307122266366,0.9263307122266367,0.9463307122266367,0.9413307122266367,0.9313307122266367,0.9413307122266367,0.9313307122266367,0.9413307122266367,0.9413307122266367,0.9313307122266367,0.9313307122266367,0.9313307122266367
332,0.8268730195836207,0.8268730195836207,0.8468730195836207,0.8368730195836207,0.8368730195836207,0.8368730195836207,0.8168730195836207,0.8068730195836207,0.8318730195836207,0.8318730195836207,0.8218730195836207,0.8318730195836207,0.8418730195836207
333,0.8940479151551948,0.8740479151551948,0.8740479151551948,0.8840479151551948,0.8840479151551948,0.8940479151551948,0.9140479151551948,0.9140479151551948,0.9140479151551948,0.8840479151551948,0.8840479151551948,0.8840479151551948,0.8840479151551948
334,0.8466273401371026,0.8466273401371026,0.8466273401371026,0.8566273401371026,0.8766273401371026,0.8766273401371026,0.8866273401371026,0.8816273401371026,0.8716273401371026,0.8716273401371026,0.8916273401371027,0.8916273401371027,0.8916273401371027
335,0.8568861611514295,0.8468861611514295,0.8568861611514295,0.8368861611514294,0.8268861611514294,0.8368861611514294,0.8568861611514295,0.8468861611514295,0.8568861611514295,0.8668861611514295,0.8568861611514295,0.8468861611514295,0.8268861611514294
336,0.8624958882442193,0.8624958882442193,0.8424958882442193,0.8324958882442193,0.8324958882442193,0.8324958882442193,0.8474958882442193,0.8174958882442193,0.8174958882442193,0.8174958882442193,0.8274958882442193,0.8374958882442193,0.8374958882442193
337,0.8536135226666687,0.8336135226666687,0.8236135226666687,0.8336135226666687,0.8336135226666687,0.8336135226666687,0.8136135226666686,0.8136135226666686,0.8236135226666687,0.8136135226666686,0.8136135226666686,0.8136135226666686,0.8136135226666686
338,0.833729933202371,0.843729933202371,0.843729933202371,0.853729933202371,0.863729933202371,0.833729933202371,0.833729933202371,0.853729933202371,0.843729933202371,0.853729933202371,0.843729933202371,0.843729933202371,0.863729933202371
339,0.8732882202488464,0.8732882202488464,0.8532882202488464,0.8532882202488464,0.8532882202488464,0.8832882202488465,0.8832882202488465,0.8932882202488465,0.8932882202488465,0.8932882202488465,0.8832882202488465,0.8532882202488464,0.8332882202488464
340,0.8445808420038611,0.8445808420038611,0.8445808420038611,0.8445808420038611,0.8445808420038611,0.8245808420038611,0.8445808420038611,0.8545808420038611,0.8545808420038611,0.8345808420038611,0.8445808420038611,0.8245808420038611,0.8445808420038611
341,0.8691789906567852,0.8691789906567852,0.8791789906567852,0.8791789906567852,0.8791789906567852,0.8891789906567852,0.8891789906567852,0.9091789906567852,0.9041789906567852,0.8941789906567852,0.8941789906567852,0.9041789906567852,0.9041789906567852
342,0.8562487455054912,0.8462487455054912,0.8662487455054912,0.8662487455054912,0.8662487455054912,0.8562487455054912,0.8562487455054912,0.8462487455054912,0.8462487455054912,0.8462487455054912,0.8162487455054912,0.8262487455054912,0.8162487455054912
343,0.8131901328842153,0.8131901328842153,0.7831901328842152,0.7931901328842152,0.7931901328842152,0.7931901328842152,0.8231901328842153,0.8431901328842153,0.8431901328842153,0.8431901328842153,0.8531901328842153,0.8531901328842153,0.8331901328842153
344,0.8016213035994506,0.8016213035994506,0.8016213035994506,0.8016213035994506,0.8216213035994506,0.8116213035994506,0.8216213035994506,0.8416213035994506,0.8316213035994506,0.8416213035994506,0.7916213035994506,0.8016213035994506,0.7816213035994506
345,0.8530254416202284,0.8330254416202284,0.8330254416202284,0.8330254416202284,0.8330254416202284,0.8230254416202284,0.8430254416202284,0.8330254416202284,0.8330254416202284,0.8330254416202284,0.8430254416202284,0.8630254416202284,0.8630254416202284
346,0.8112115683680902,0.8012115683680902,0.8112115683680902,0.8112115683680902,0.8312115683680902,0.8312115683680902,0.8312115683680902,0.8412115683680902,0.8312115683680902,0.8212115683680902,0.8212115683680902,0.8212115683680902,0.8312115683680902
347,0.8352184305263188,0.8152184305263188,0.8152184305263188,0.8152184305263188,0.8152184305263188,0.8152184305263188,0.8052184305263188,0.8152184305263188,0.8152184305263188,0.8052184305263188,0.8052184305263188,0.8052184305263188,0.8452184305263188
348,0.8419847337942767,0.8219847337942767,0.8119847337942767,0.8119847337942767,0.8119847337942767,0.8119847337942767,0.8019847337942767,0.8219847337942767,0.8219847337942767,0.8319847337942767,0.8319847337942767,0.8319847337942767,0.8419847337942767
349,0.8923663903481184,0.8923663903481184,0.8923663903481184,0.8923663903481184,0.8923663903481184,0.8923663903481184,0.9023663903481184,0.9123663903481184,0.9123663903481184,0.9123663903481184,0.8923663903481184,0.8623663903481184,0.8623663903481184
350,0.9405720320128632,0.9405720320128632,0.9405720320128632,0.9405720320128632,0.9405720320128632,0.9305720320128632,0.9305720320128632,0.9405720320128632,0.9405720320128632,0.9505720320128632,0.9605720320128632,0.9705720320128632,0.9605720320128632
351,0.825097952878915,0.825097952878915,0.815097952878915,0.815097952878915,0.815097952878915,0.805097952878915,0.805097952878915,0.805097952878915,0.805097952878915,0.805097952878915,0.815097952878915,0.815097952878915,0.815097952878915
352,0.8669086607135658,0.8769086607135658,0.8569086607135658,0.8569086607135658,0.8569086607135658,0.8369086607135657,0.8369086607135657,0.8269086607135657,0.8319086607135657,0.8419086607135657,0.8419086607135657,0.8419086607135657,0.8419086607135657
353,0.8760722459351846,0.9060722459351847,0.9060722459351847,0.8960722459351846,0.8860722459351846,0.8860722459351846,0.8960722459351846,0.8860722459351846,0.8860722459351846,0.8760722459351846,0.8760722459351846,0.8760722459351846,0.8660722459351846
354,0.9061607198164252,0.9461607198164252,0.9411607198164252,0.9411607198164252,0.9311607198164252,0.9311607198164252,0.9211607198164252,0.9211607198164252,0.9111607198164252,0.9111607198164252,0.9211607198164252,0.9211607198164252,0.9211607198164252
355,0.8442380974164378,0.8442380974164378,0.8342380974164378,0.8342380974164378,0.8342380974164378,0.8342380974164378,0.8342380974164378,0.8342380974164378,0.8342380974164378,0.8242380974164378,0.8042380974164378,0.8092380974164378,0.8192380974164378
356,0.842876673734331,0.8328766737343309,0.8328766737343309,0.842876673734331,0.842876673734331,0.8228766737343309,0.8028766737343309,0.8128766737343309,0.8128766737343309,0.8128766737343309,0.8228766737343309,0.8228766737343309,0.8128766737343309
357,0.8557947869407034,0.8557947869407034,0.8757947869407035,0.8857947869407035,0.8857947869407035,0.8857947869407035,0.8857947869407035,0.8857947869407035,0.8957947869407035,0.8907947869407035,0.8707947869407034,0.8807947869407035,0.8807947869407035
358,0.8775158078701724,0.8775158078701724,0.8975158078701724,0.8775158078701724,0.8675158078701724,0.8675158078701724,0.8675158078701724,0.8675158078701724,0.8675158078701724,0.8675158078701724,0.8575158078701723,0.8575158078701723,0.8475158078701723
359,0.8868280686152181,0.8868280686152181,0.8768280686152181,0.8968280686152181,0.9168280686152182,0.9018280686152181,0.8918280686152181,0.8918280686152181,0.9018280686152181,0.9118280686152181,0.9118280686152181,0.9018280686152181,0.9118280686152181
360,0.8515549316951628,0.8415549316951628,0.8515549316951628,0.8515549316951628,0.8615549316951628,0.8715549316951628,0.8615549316951628,0.8615549316951628,0.8715549316951628,0.8715549316951628,0.8715549316951628,0.8715549316951628,0.8415549316951628
361,0.8357901404817828,0.8257901404817828,0.8257901404817828,0.8057901404817828,0.8057901404817828,0.8057901404817828,0.8057901404817828,0.8057901404817828,0.8057901404817828,0.8157901404817828,0.7957901404817828,0.7957901404817828,0.7957901404817828
362,0.8621608977888384,0.8621608977888384,0.8421608977888384,0.8421608977888384,0.8621608977888384,0.8621608977888384,0.8621608977888384,0.8521608977888384,0.8521608977888384,0.8521608977888384,0.8521608977888384,0.8421608977888384,0.8521608977888384
363,0.8919847551675641,0.8819847551675641,0.8819847551675641,0.8519847551675641,0.8569847551675641,0.8669847551675641,0.8469847551675641,0.8569847551675641,0.8469847551675641,0.8469847551675641,0.8569847551675641,0.8469847551675641,0.8569847551675641
364,0.8859413144414778,0.8859413144414778,0.8759413144414778,0.8759413144414778,0.8759413144414778,0.8759413144414778,0.8559413144414778,0.8559413144414778,0.8459413144414778,0.8859413144414778,0.8759413144414778,0.8759413144414778,0.9159413144414779
365,0.8771442471346087,0.8771442471346087,0.8871442471346087,0.8871442471346087,0.8871442471346087,0.8871442471346087,0.9071442471346087,0.8971442471346087,0.8971442471346087,0.9171442471346087,0.9171442471346087,0.9121442471346087,0.8821442471346087
366,0.7995860197464523,0.7895860197464523,0.7995860197464523,0.7895860197464523,0.8195860197464523,0.8295860197464523,0.8195860197464523,0.8195860197464523,0.8195860197464523,0.8195860197464523,0.8195860197464523,0.8095860197464523,0.8295860197464523
367,0.8145861304390729,0.8345861304390729,0.8345861304390729,0.8445861304390729,0.8445861304390729,0.8345861304390729,0.8345861304390729,0.8445861304390729,0.8145861304390729,0.8245861304390729,0.8245861304390729,0.8245861304390729,0.8245861304390729
368,0.8229495534550414,0.8229495534550414,0.8229495534550414,0.8029495534550414,0.8229495534550414,0.8429495534550414,0.8429495534550414,0.8329495534550414,0.8329495534550414,0.8329495534550414,0.8329495534550414,0.8529495534550414,0.8379495534550414
369,0.7859989466771982,0.7659989466771981,0.7459989466771981,0.7459989466771981,0.7759989466771982,0.7559989466771981,0.7459989466771981,0.7559989466771981,0.7859989466771982,0.7759989466771982,0.7559989466771981,0.7459989466771981,0.7459989466771981
370,0.7615195736875905,0.7515195736875905,0.7415195736875905,0.7415195736875905,0.7415195736875905,0.7515195736875905,0.7215195736875905,0.7265195736875905,0.7465195736875905,0.7465195736875905,0.7465195736875905,0.7565195736875905,0.7465195736875905
371,0.8587203483461531,0.8587203483461531,0.8587203483461531,0.8487203483461531,0.838720348346153,0.838720348346153,0.838720348346153,0.8487203483461531,0.828720348346153,0.838720348346153,0.828720348346153,0.818720348346153,0.828720348346153
372,0.8717252382198492,0.8717252382198492,0.8717252382198492,0.8917252382198492,0.8917252382198492,0.8917252382198492,0.8817252382198492,0.8717252382198492,0.8817252382198492,0.8717252382198492,0.8717252382198492,0.8717252382198492,0.8617252382198491
373,0.9077035397069282,0.9277035397069282,0.9177035397069282,0.9077035397069282,0.9077035397069282,0.9077035397069282,0.9077035397069282,0.9277035397069282,0.9377035397069282,0.9227035397069282,0.9327035397069282,0.9327035397069282,0.9427035397069282
374,0.8410764913566522,0.8410764913566522,0.8610764913566522,0.8710764913566522,0.8710764913566522,0.8810764913566522,0.8710764913566522,0.8710764913566522,0.8710764913566522,0.8710764913566522,0.8810764913566522,0.8810764913566522,0.8810764913566522
375,0.8402894434637467,0.8302894434637467,0.8202894434637467,0.8202894434637467,0.8402894434637467,0.8302894434637467,0.8302894434637467,0.8502894434637467,0.8402894434637467,0.8202894434637467,0.8002894434637466,0.8002894434637466,0.8052894434637466
376,0.861697280447817,0.831697280447817,0.851697280447817,0.871697280447817,0.881697280447817,0.871697280447817,0.881697280447817,0.891697280447817,0.891697280447817,0.881697280447817,0.891697280447817,0.891697280447817,0.881697280447817
377,0.9135363148270719,0.9135363148270719,0.9135363148270719,0.9135363148270719,0.9235363148270719,0.9035363148270719,0.9135363148270719,0.9035363148270719,0.9035363148270719,0.9135363148270719,0.9335363148270719,0.9435363148270719,0.9435363148270719
378,0.9021976168421402,0.9121976168421402,0.9021976168421402,0.8921976168421402,0.8921976168421402,0.8921976168421402,0.9121976168421402,0.9221976168421402,0.9221976168421402,0.9321976168421402,0.9121976168421402,0.9321976168421402,0.9321976168421402
379,0.8238447544765082,0.8338447544765082,0.8338447544765082,0.8338447544765082,0.8438447544765082,0.8538447544765082,0.8438447544765082,0.8438447544765082,0.8638447544765082,0.8638447544765082,0.8588447544765082,0.8588447544765082,0.8588447544765082
380,0.7998296767344311,0.8098296767344311,0.779829676734431,0.7998296767344311,0.789829676734431,0.789829676734431,0.789829676734431,0.8098296767344311,0.8098296767344311,0.8298296767344311,0.8148296767344311,0.8048296767344311,0.774829676734431
381,0.858947631216057,0.858947631216057,0.858947631216057,0.858947631216057,0.858947631216057,0.848947631216057,0.848947631216057,0.848947631216057,0.838947631216057,0.838947631216057,0.818947631216057,0.848947631216057,0.848947631216057
382,0.790014044402076,0.770014044402076,0.770014044402076,0.810014044402076,0.800014044402076,0.800014044402076,0.800014044402076,0.790014044402076,0.780014044402076,0.780014044402076,0.770014044402076,0.750014044402076,0.755014044402076
383,0.8650834438697277,0.8650834438697277,0.8450834438697277,0.8450834438697277,0.8450834438697277,0.8350834438697277,0.8550834438697277,0.8450834438697277,0.8450834438697277,0.8450834438697277,0.8450834438697277,0.8550834438697277,0.8550834438697277
384,0.8440452092865741,0.8440452092865741,0.8340452092865741,0.8240452092865741,0.8440452092865741,0.8140452092865741,0.8140452092865741,0.8290452092865741,0.8290452092865741,0.8090452092865741,0.8090452092865741,0.8090452092865741,0.8190452092865741
385,0.8388993007787197,0.8488993007787197,0.8488993007787197,0.8488993007787197,0.8288993007787196,0.8188993007787196,0.8388993007787197,0.8288993007787196,0.8388993007787197,0.8388993007787197,0.8288993007787196,0.8288993007787196,0.8288993007787196
386,0.7813868732587499,0.7813868732587499,0.7913868732587499,0.8213868732587499,0.8163868732587499,0.8063868732587499,0.7963868732587499,0.7963868732587499,0.7963868732587499,0.8063868732587499,0.8063868732587499,0.8063868732587499,0.8063868732587499
387,0.8688713589157279,0.8788713589157279,0.8888713589157279,0.8788713589157279,0.8788713589157279,0.8788713589157279,0.8688713589157279,0.8788713589157279,0.8688713589157279,0.8688713589157279,0.8488713589157278,0.8688713589157279,0.8688713589157279
388,0.926362018166464,0.926362018166464,0.956362018166464,0.956362018166464,0.956362018166464,0.936362018166464,0.956362018166464,0.956362018166464,0.956362018166464,0.956362018166464,0.966362018166464,0.961362018166464,0.951362018166464
389,0.8822606534552871,0.8822606534552871,0.8922606534552872,0.9122606534552872,0.9022606534552872,0.8922606534552872,0.8922606534552872,0.9022606534552872,0.9122606534552872,0.9122606534552872,0.8922606534552872,0.8922606534552872,0.8722606534552871
390,0.836165700808028,0.846165700808028,0.856165700808028,0.866165700808028,0.856165700808028,0.846165700808028,0.836165700808028,0.836165700808028,0.836165700808028,0.816165700808028,0.796165700808028,0.801165700808028,0.801165700808028
391,0.8348716166439918,0.8448716166439918,0.8548716166439918,0.8648716166439918,0.8648716166439918,0.8548716166439918,0.8648716166439918,0.8748716166439918,0.8748716166439918,0.8748716166439918,0.8548716166439918,0.8548716166439918,0.8748716166439918
392,0.8116695459016372,0.8316695459016372,0.8416695459016372,0.8266695459016372,0.8266695459016372,0.8366695459016372,0.8166695459016372,0.8166695459016372,0.7966695459016372,0.7966695459016372,0.7966695459016372,0.7966695459016372,0.8066695459016372
393,0.823417941375441,0.833417941375441,0.853417941375441,0.853417941375441,0.853417941375441,0.853417941375441,0.853417941375441,0.853417941375441,0.843417941375441,0.843417941375441,0.843417941375441,0.843417941375441,0.843417941375441
394,0.7917898277942654,0.7917898277942654,0.7917898277942654,0.8017898277942654,0.7817898277942654,0.8017898277942654,0.7667898277942654,0.7767898277942654,0.7567898277942654,0.7667898277942654,0.7667898277942654,0.7667898277942654,0.7567898277942654
395,0.867421409916053,0.877421409916053,0.867421409916053,0.867421409916053,0.867421409916053,0.877421409916053,0.847421409916053,0.827421409916053,0.827421409916053,0.837421409916053,0.857421409916053,0.857421409916053,0.857421409916053
396,0.7983499796525929,0.7983499796525929,0.8083499796525929,0.8083499796525929,0.8083499796525929,0.8083499796525929,0.8283499796525929,0.8283499796525929,0.8183499796525929,0.8083499796525929,0.8183499796525929,0.7783499796525929,0.8083499796525929
397,0.8703184190897029,0.8803184190897029,0.8803184190897029,0.8803184190897029,0.9003184190897029,0.9103184190897029,0.9103184190897029,0.9053184190897029,0.8853184190897029,0.8953184190897029,0.8953184190897029,0.8853184190897029,0.8753184190897029
398,0.8779962456232545,0.8879962456232545,0.8879962456232545,0.8879962456232545,0.8979962456232545,0.9079962456232545,0.9079962456232545,0.9079962456232545,0.9079962456232545,0.9079962456232545,0.8929962456232545,0.8929962456232545,0.8929962456232545
399,0.7363618155231768,0.7363618155231768,0.7363618155231768,0.7663618155231768,0.7763618155231768,0.7663618155231768,0.7563618155231768,0.7663618155231768,0.7663618155231768,0.7563618155231768,0.7663618155231768,0.7763618155231768,0.7763618155231768
400,0.8964190134066959,0.8964190134066959,0.8964190134066959,0.8964190134066959,0.8964190134066959,0.916419013406696,0.926419013406696,0.926419013406696,0.936419013406696,0.931419013406696,0.931419013406696,0.931419013406696,0.931419013406696
401,0.904577825518414,0.904577825518414,0.904577825518414,0.904577825518414,0.894577825518414,0.894577825518414,0.894577825518414,0.894577825518414,0.904577825518414,0.904577825518414,0.894577825518414,0.884577825518414,0.904577825518414
402,0.8872900385396639,0.8872900385396639,0.8872900385396639,0.8972900385396639,0.917290038539664,0.9022900385396639,0.8922900385396639,0.8622900385396639,0.8722900385396639,0.8822900385396639,0.9022900385396639,0.912290038539664,0.912290038539664
403,0.9051469760429164,0.8951469760429164,0.8951469760429164,0.8951469760429164,0.8951469760429164,0.9051469760429164,0.9051469760429164,0.8951469760429164,0.8851469760429164,0.8851469760429164,0.9051469760429164,0.9051469760429164,0.9051469760429164
404,0.8183137744689812,0.8283137744689812,0.8483137744689813,0.8333137744689812,0.8233137744689812,0.8233137744689812,0.8333137744689812,0.8333137744689812,0.8333137744689812,0.8233137744689812,0.8233137744689812,0.8233137744689812,0.8133137744689812
405,0.8708978622887619,0.8608978622887619,0.8608978622887619,0.8708978622887619,0.8708978622887619,0.8708978622887619,0.8508978622887619,0.8508978622887619,0.8508978622887619,0.8508978622887619,0.8708978622887619,0.8408978622887618,0.8508978622887619
406,0.8595827769105225,0.8795827769105226,0.8795827769105226,0.8545827769105225,0.8545827769105225,0.8545827769105225,0.8745827769105226,0.8745827769105226,0.8645827769105225,0.8545827769105225,0.8645827769105225,0.8745827769105226,0.8645827769105225
407,0.832023681562262,0.832023681562262,0.812023681562262,0.822023681562262,0.822023681562262,0.802023681562262,0.792023681562262,0.792023681562262,0.797023681562262,0.807023681562262,0.807023681562262,0.807023681562262,0.787023681562262
408,0.893871940831881,0.883871940831881,0.863871940831881,0.853871940831881,0.858871940831881,0.858871940831881,0.858871940831881,0.868871940831881,0.868871940831881,0.868871940831881,0.868871940831881,0.858871940831881,0.858871940831881
409,0.8507289373456041,0.8507289373456041,0.840728937345604,0.840728937345604,0.8707289373456041,0.8607289373456041,0.8607289373456041,0.8707289373456041,0.8907289373456041,0.8807289373456041,0.8657289373456041,0.8757289373456041,0.8757289373456041
410,0.8604733368835926,0.8604733368835926,0.8604733368835926,0.8604733368835926,0.8604733368835926,0.8804733368835926,0.8904733368835926,0.9004733368835927,0.8954733368835927,0.8854733368835926,0.8954733368835927,0.8654733368835926,0.8654733368835926
411,0.855322737732154,0.855322737732154,0.865322737732154,0.865322737732154,0.875322737732154,0.865322737732154,0.865322737732154,0.865322737732154,0.885322737732154,0.895322737732154,0.890322737732154,0.890322737732154,0.890322737732154
412,0.8687774370809613,0.8687774370809613,0.8687774370809613,0.8887774370809614,0.8787774370809613,0.8687774370809613,0.8787774370809613,0.8687774370809613,0.8687774370809613,0.8487774370809613,0.8387774370809613,0.8387774370809613,0.8487774370809613
413,0.7825927305600127,0.7825927305600127,0.7825927305600127,0.8025927305600127,0.8025927305600127,0.8125927305600127,0.8225927305600127,0.8225927305600127,0.8025927305600127,0.7925927305600127,0.7925927305600127,0.7825927305600127,0.8025927305600127
414,0.819803875799402,0.819803875799402,0.829803875799402,0.829803875799402,0.829803875799402,0.829803875799402,0.829803875799402,0.839803875799402,0.829803875799402,0.829803875799402,0.8098038757994019,0.8098038757994019,0.8098038757994019
415,0.8285163303126194,0.8485163303126194,0.8385163303126194,0.8585163303126194,0.8485163303126194,0.8385163303126194,0.8385163303126194,0.8385163303126194,0.8485163303126194,0.8485163303126194,0.8185163303126194,0.8185163303126194,0.8185163303126194
416,0.8350776007324918,0.8250776007324918,0.8250776007324918,0.8250776007324918,0.8150776007324918,0.7950776007324918,0.7950776007324918,0.7950776007324918,0.8050776007324918,0.7950776007324918,0.7950776007324918,0.7950776007324918,0.7950776007324918
417,0.8621019137076887,0.8821019137076888,0.8821019137076888,0.9021019137076888,0.9021019137076888,0.9021019137076888,0.9021019137076888,0.9021019137076888,0.8921019137076888,0.8821019137076888,0.8721019137076887,0.8721019137076887,0.8821019137076888
418,0.8742772292666224,0.8642772292666224,0.8542772292666224,0.8542772292666224,0.8642772292666224,0.8742772292666224,0.8842772292666224,0.8642772292666224,0.8642772292666224,0.8642772292666224,0.8642772292666224,0.8642772292666224,0.8642772292666224
419,0.8699360776177948,0.8699360776177948,0.8699360776177948,0.8899360776177948,0.8799360776177948,0.8799360776177948,0.8799360776177948,0.8799360776177948,0.8799360776177948,0.8899360776177948,0.8899360776177948,0.8999360776177948,0.8999360776177948
420,0.8342996892274637,0.8242996892274637,0.8442996892274637,0.8442996892274637,0.8542996892274637,0.8442996892274637,0.8542996892274637,0.8742996892274637,0.8692996892274637,0.8592996892274637,0.8692996892274637,0.8592996892274637,0.8692996892274637
421,0.8145570363137083,0.8245570363137084,0.8345570363137084,0.8345570363137084,0.8445570363137084,0.8295570363137084,0.8495570363137084,0.8495570363137084,0.8495570363137084,0.8495570363137084,0.8395570363137084,0.8395570363137084,0.8195570363137084
422,0.8656807560228695,0.8756807560228695,0.8756807560228695,0.8856807560228696,0.8956807560228696,0.9056807560228696,0.9056807560228696,0.8956807560228696,0.9056807560228696,0.9006807560228696,0.9006807560228696,0.9006807560228696,0.9006807560228696
423,0.7712801418836257,0.7812801418836257,0.7912801418836257,0.8012801418836257,0.8112801418836257,0.8112801418836257,0.8112801418836257,0.7812801418836257,0.7812801418836257,0.7812801418836257,0.7812801418836257,0.7812801418836257,0.7712801418836257
424,0.767914351605429,0.797914351605429,0.797914351605429,0.787914351605429,0.787914351605429,0.797914351605429,0.767914351605429,0.767914351605429,0.737914351605429,0.737914351605429,0.7279143516054289,0.7279143516054289,0.737914351605429
425,0.8684286884104342,0.8684286884104342,0.8784286884104342,0.8984286884104342,0.9084286884104342,0.9034286884104342,0.9034286884104342,0.9034286884104342,0.9034286884104342,0.8934286884104342,0.8734286884104342,0.8534286884104342,0.8334286884104342
426,0.8851280311983146,0.8851280311983146,0.8751280311983146,0.8551280311983146,0.8751280311983146,0.8751280311983146,0.8751280311983146,0.8751280311983146,0.8751280311983146,0.8851280311983146,0.8551280311983146,0.8651280311983146,0.8651280311983146
427,0.8744401492957188,0.8744401492957188,0.8744401492957188,0.8844401492957188,0.8844401492957188,0.8844401492957188,0.8844401492957188,0.8844401492957188,0.8544401492957188,0.8444401492957188,0.8844401492957188,0.8844401492957188,0.8844401492957188
428,0.8547858984867084,0.8547858984867084,0.8247858984867084,0.8397858984867084,0.8297858984867084,0.8497858984867084,0.8497858984867084,0.8497858984867084,0.8697858984867084,0.8797858984867084,0.8697858984867084,0.8597858984867084,0.8597858984867084
429,0.8140846835801765,0.8140846835801765,0.7940846835801765,0.8140846835801765,0.8240846835801765,0.8340846835801765,0.8240846835801765,0.8140846835801765,0.8140846835801765,0.8140846835801765,0.8140846835801765,0.8140846835801765,0.8240846835801765
430,0.9066991893269697,0.9066991893269697,0.8966991893269697,0.8966991893269697,0.9066991893269697,0.9066991893269697,0.9166991893269697,0.9266991893269697,0.9266991893269697,0.9366991893269697,0.9466991893269697,0.9416991893269697,0.9416991893269697
431,0.8433223716057234,0.8333223716057234,0.8333223716057234,0.8233223716057234,0.8233223716057234,0.8233223716057234,0.8333223716057234,0.8333223716057234,0.8433223716057234,0.8333223716057234,0.8333223716057234,0.8333223716057234,0.8333223716057234
432,0.7937590718096661,0.7937590718096661,0.7937590718096661,0.7937590718096661,0.7937590718096661,0.7937590718096661,0.8037590718096661,0.8037590718096661,0.8037590718096661,0.7937590718096661,0.7937590718096661,0.7737590718096661,0.7987590718096661
433,0.7313309931940422,0.7313309931940422,0.7113309931940421,0.7113309931940421,0.7013309931940421,0.7113309931940421,0.7113309931940421,0.6913309931940421,0.7013309931940421,0.7013309931940421,0.7013309931940421,0.7013309931940421,0.7013309931940421
434,0.8599019513631914,0.8599019513631914,0.8599019513631914,0.8799019513631914,0.8699019513631914,0.8599019513631914,0.8599019513631914,0.8599019513631914,0.8499019513631914,0.8399019513631913,0.8499019513631914,0.8499019513631914,0.8499019513631914
435,0.8928115888373244,0.8728115888373243,0.8728115888373243,0.8628115888373243,0.8628115888373243,0.8728115888373243,0.8728115888373243,0.8828115888373244,0.8628115888373243,0.8528115888373243,0.8528115888373243,0.8528115888373243,0.8528115888373243
436,0.8739261592522458,0.8839261592522458,0.8839261592522458,0.8839261592522458,0.8739261592522458,0.8739261592522458,0.8939261592522458,0.8739261592522458,0.8639261592522458,0.8539261592522458,0.8539261592522458,0.8639261592522458,0.8739261592522458
437,0.8456456232411478,0.8356456232411478,0.8356456232411478,0.8456456232411478,0.8356456232411478,0.8356456232411478,0.8356456232411478,0.8456456232411478,0.8456456232411478,0.8556456232411478,0.8556456232411478,0.8556456232411478,0.8556456232411478
438,0.8263347913886702,0.8363347913886702,0.8063347913886701,0.8063347913886701,0.8263347913886702,0.8263347913886702,0.8263347913886702,0.8363347913886702,0.8363347913886702,0.8363347913886702,0.8363347913886702,0.8363347913886702,0.8463347913886702
439,0.8938533811206271,0.8938533811206271,0.8838533811206271,0.8938533811206271,0.9038533811206271,0.9038533811206271,0.9038533811206271,0.9138533811206271,0.9038533811206271,0.8938533811206271,0.8838533811206271,0.8838533811206271,0.8838533811206271
440,0.7582190753055414,0.7582190753055414,0.7582190753055414,0.7282190753055414,0.7382190753055414,0.7382190753055414,0.7182190753055414,0.7182190753055414,0.7282190753055414,0.7182190753055414,0.7182190753055414,0.7382190753055414,0.7382190753055414
441,0.8053142967853574,0.8053142967853574,0.8053142967853574,0.8053142967853574,0.8053142967853574,0.7953142967853574,0.7953142967853574,0.7853142967853574,0.8153142967853574,0.8253142967853574,0.8053142967853574,0.8153142967853574,0.8153142967853574
442,0.8326748286412347,0.8426748286412347,0.8426748286412347,0.8426748286412347,0.8526748286412347,0.8526748286412347,0.8526748286412347,0.8426748286412347,0.8426748286412347,0.8426748286412347,0.8426748286412347,0.8326748286412347,0.8226748286412346
443,0.7604427622142562,0.7504427622142562,0.7504427622142562,0.7704427622142562,0.7704427622142562,0.7704427622142562,0.7804427622142562,0.7704427622142562,0.7604427622142562,0.7604427622142562,0.7604427622142562,0.7704427622142562,0.7704427622142562
444,0.8946577578394536,0.8946577578394536,0.9046577578394536,0.9046577578394536,0.9246577578394536,0.9246577578394536,0.9246577578394536,0.9046577578394536,0.9146577578394536,0.9146577578394536,0.9146577578394536,0.9246577578394536,0.9096577578394536
445,0.8198985414889189,0.839898541488919,0.839898541488919,0.8098985414889189,0.7898985414889189,0.7898985414889189,0.7898985414889189,0.7898985414889189,0.7898985414889189,0.7898985414889189,0.7998985414889189,0.8198985414889189,0.8098985414889189
446,0.8497954587958781,0.8597954587958782,0.8597954587958782,0.8597954587958782,0.8597954587958782,0.8397954587958781,0.8397954587958781,0.8397954587958781,0.8397954587958781,0.8497954587958781,0.8497954587958781,0.8597954587958782,0.8497954587958781
447,0.8447051059877837,0.8347051059877837,0.8047051059877837,0.8047051059877837,0.8147051059877837,0.8147051059877837,0.8147051059877837,0.8147051059877837,0.8147051059877837,0.8147051059877837,0.8147051059877837,0.8047051059877837,0.8097051059877837
448,0.8981422341101938,0.9081422341101938,0.9081422341101938,0.8781422341101938,0.9031422341101938,0.9031422341101938,0.8831422341101938,0.8831422341101938,0.8931422341101938,0.8731422341101938,0.8931422341101938,0.9031422341101938,0.9331422341101938
449,0.9007553899775772,0.9107553899775772,0.9007553899775772,0.9007553899775772,0.8907553899775772,0.8707553899775772,0.8607553899775772,0.8607553899775772,0.8607553899775772,0.8657553899775772,0.8657553899775772,0.8857553899775772,0.8757553899775772
450,0.889049731499641,0.889049731499641,0.899049731499641,0.899049731499641,0.889049731499641,0.909049731499641,0.909049731499641,0.909049731499641,0.899049731499641,0.909049731499641,0.909049731499641,0.909049731499641,0.909049731499641
451,0.843368832714489,0.843368832714489,0.833368832714489,0.833368832714489,0.833368832714489,0.823368832714489,0.813368832714489,0.823368832714489,0.823368832714489,0.803368832714489,0.813368832714489,0.813368832714489,0.813368832714489
452,0.8358726271736546,0.8358726271736546,0.8458726271736546,0.8458726271736546,0.8458726271736546,0.8458726271736546,0.8458726271736546,0.8458726271736546,0.8458726271736546,0.8558726271736546,0.8658726271736547,0.8508726271736546,0.8608726271736546
453,0.882005729911931,0.8920057299119311,0.872005729911931,0.872005729911931,0.862005729911931,0.852005729911931,0.872005729911931,0.842005729911931,0.862005729911931,0.862005729911931,0.852005729911931,0.852005729911931,0.852005729911931
454,0.8811381677396375,0.8811381677396375,0.9011381677396375,0.9011381677396375,0.9111381677396375,0.9211381677396375,0.9011381677396375,0.9011381677396375,0.8911381677396375,0.8911381677396375,0.9011381677396375,0.9011381677396375,0.9011381677396375
455,0.8759481171194966,0.8759481171194966,0.8759481171194966,0.8759481171194966,0.8659481171194966,0.8759481171194966,0.8759481171194966,0.8759481171194966,0.8759481171194966,0.8759481171194966,0.8659481171194966,0.8759481171194966,0.8459481171194966
456,0.9213939306060732,0.9313939306060732,0.9313939306060732,0.9213939306060732,0.9213939306060732,0.9213939306060732,0.9113939306060732,0.9113939306060732,0.8913939306060732,0.8813939306060732,0.8813939306060732,0.8863939306060732,0.8863939306060732
457,0.8825491277840188,0.8825491277840188,0.8825491277840188,0.8825491277840188,0.8725491277840188,0.8725491277840188,0.8625491277840188,0.8525491277840188,0.8525491277840188,0.8525491277840188,0.8525491277840188,0.8625491277840188,0.8875491277840188
458,0.8273002918551114,0.8273002918551114,0.8073002918551114,0.7973002918551114,0.8173002918551114,0.7873002918551114,0.7923002918551114,0.7923002918551114,0.7923002918551114,0.7923002918551114,0.7923002918551114,0.8123002918551114,0.8323002918551115
459,0.9482362258336348,0.9482362258336348,0.9482362258336348,0.9282362258336347,0.9282362258336347,0.9382362258336348,0.9382362258336348,0.9482362258336348,0.9582362258336348,0.9182362258336347,0.9332362258336347,0.9432362258336348,0.9332362258336347
460,0.8107734759576061,0.8107734759576061,0.8107734759576061,0.8307734759576061,0.8507734759576061,0.8457734759576061,0.8457734759576061,0.8357734759576061,0.8357734759576061,0.8157734759576061,0.8157734759576061,0.8357734759576061,0.8057734759576061
461,0.8379438763621473,0.8279438763621473,0.8079438763621473,0.8279438763621473,0.8279438763621473,0.8179438763621473,0.7979438763621473,0.8079438763621473,0.8229438763621473,0.8329438763621473,0.8429438763621473,0.8429438763621473,0.8629438763621473
462,0.8779161924578376,0.8779161924578376,0.8879161924578376,0.8879161924578376,0.9079161924578376,0.8929161924578376,0.8929161924578376,0.8929161924578376,0.8929161924578376,0.8729161924578376,0.8829161924578376,0.8829161924578376,0.8729161924578376
463,0.7378353008611127,0.7278353008611127,0.7278353008611127,0.7278353008611127,0.7178353008611127,0.6978353008611127,0.6978353008611127,0.6978353008611127,0.7078353008611127,0.7078353008611127,0.7278353008611127,0.7478353008611127,0.7278353008611127
464,0.8676619251799652,0.8576619251799652,0.8576619251799652,0.8676619251799652,0.9076619251799652,0.8976619251799652,0.8876619251799652,0.8876619251799652,0.8976619251799652,0.8776619251799652,0.8676619251799652,0.8576619251799652,0.8676619251799652
465,0.8348855358212731,0.8548855358212731,0.8548855358212731,0.8648855358212731,0.8448855358212731,0.8348855358212731,0.8348855358212731,0.8348855358212731,0.8448855358212731,0.8548855358212731,0.8448855358212731,0.8348855358212731,0.8248855358212731
466,0.7809083029262864,0.7909083029262864,0.7909083029262864,0.7909083029262864,0.7909083029262864,0.7909083029262864,0.7809083029262864,0.7809083029262864,0.7809083029262864,0.7809083029262864,0.7809083029262864,0.7709083029262864,0.7909083029262864
467,0.8432256447435592,0.8432256447435592,0.8632256447435592,0.8332256447435592,0.8132256447435592,0.8282256447435592,0.8282256447435592,0.8182256447435592,0.8382256447435592,0.8582256447435592,0.8582256447435592,0.8582256447435592,0.8582256447435592
468,0.7902088815364935,0.8002088815364935,0.8202088815364935,0.8302088815364935,0.8252088815364935,0.8252088815364935,0.8252088815364935,0.8152088815364935,0.8252088815364935,0.8252088815364935,0.8252088815364935,0.8252088815364935,0.8152088815364935
469,0.8748148746669605,0.8748148746669605,0.8748148746669605,0.8848148746669605,0.8948148746669605,0.8948148746669605,0.8948148746669605,0.8948148746669605,0.8948148746669605,0.8748148746669605,0.8648148746669605,0.8548148746669605,0.8548148746669605
470,0.890472941574959,0.880472941574959,0.880472941574959,0.880472941574959,0.870472941574959,0.860472941574959,0.860472941574959,0.850472941574959,0.855472941574959,0.865472941574959,0.855472941574959,0.855472941574959,0.875472941574959
471,0.7901625816909141,0.7801625816909141,0.7901625816909141,0.7901625816909141,0.7901625816909141,0.7701625816909141,0.7601625816909141,0.7751625816909141,0.7951625816909141,0.7951625816909141,0.8051625816909141,0.8051625816909141,0.8151625816909142
472,0.926079783171899,0.926079783171899,0.926079783171899,0.906079783171899,0.886079783171899,0.891079783171899,0.901079783171899,0.891079783171899,0.901079783171899,0.891079783171899,0.891079783171899,0.891079783171899,0.901079783171899
473,0.7994522410998268,0.7994522410998268,0.7994522410998268,0.8094522410998268,0.7994522410998268,0.7694522410998268,0.7894522410998268,0.8094522410998268,0.7994522410998268,0.7994522410998268,0.7994522410998268,0.7894522410998268,0.8094522410998268
474,0.8319233859496743,0.8319233859496743,0.8319233859496743,0.8419233859496743,0.8419233859496743,0.8419233859496743,0.8419233859496743,0.8419233859496743,0.8619233859496743,0.8719233859496743,0.8619233859496743,0.8619233859496743,0.8719233859496743
475,0.8446633115369162,0.8246633115369162,0.8346633115369162,0.8246633115369162,0.8246633115369162,0.8246633115369162,0.8346633115369162,0.8446633115369162,0.8446633115369162,0.8546633115369162,0.8346633115369162,0.8346633115369162,0.8346633115369162
476,0.8544745893598631,0.8644745893598631,0.8544745893598631,0.8744745893598631,0.8744745893598631,0.8544745893598631,0.8544745893598631,0.8444745893598631,0.8444745893598631,0.8444745893598631,0.8944745893598631,0.8944745893598631,0.8944745893598631
477,0.8707393182565849,0.8907393182565849,0.8907393182565849,0.8907393182565849,0.9107393182565849,0.8807393182565849,0.8807393182565849,0.8907393182565849,0.8907393182565849,0.9107393182565849,0.9107393182565849,0.9057393182565849,0.9057393182565849
478,0.8993190067607388,0.9093190067607388,0.9193190067607389,0.9193190067607389,0.9193190067607389,0.9193190067607389,0.9193190067607389,0.9093190067607388,0.8993190067607388,0.8793190067607388,0.8693190067607388,0.8693190067607388,0.8843190067607388
479,0.8604614823314127,0.8704614823314127,0.8804614823314127,0.8554614823314127,0.8754614823314127,0.8954614823314128,0.8854614823314128,0.8754614823314127,0.8754614823314127,0.8654614823314127,0.8754614823314127,0.8754614823314127,0.8554614823314127
480,0.784828991208141,0.784828991208141,0.794828991208141,0.794828991208141,0.784828991208141,0.784828991208141,0.784828991208141,0.774828991208141,0.784828991208141,0.774828991208141,0.774828991208141,0.774828991208141,0.774828991208141
481,0.7841864866097711,0.7841864866097711,0.7841864866097711,0.7941864866097711,0.8041864866097711,0.8041864866097711,0.8041864866097711,0.8041864866097711,0.7791864866097711,0.7791864866097711,0.7691864866097711,0.7791864866097711,0.7791864866097711
482,0.7752636116020937,0.7952636116020937,0.7952636116020937,0.8052636116020937,0.7952636116020937,0.7952636116020937,0.7952636116020937,0.7752636116020937,0.7952636116020937,0.7952636116020937,0.7852636116020937,0.7952636116020937,0.8152636116020937
483,0.8676919338562167,0.8676919338562167,0.8676919338562167,0.8876919338562167,0.8976919338562167,0.8826919338562167,0.8626919338562167,0.8726919338562167,0.8726919338562167,0.9026919338562167,0.8926919338562167,0.8926919338562167,0.8926919338562167
484,0.8164380383826333,0.8164380383826333,0.8164380383826333,0.8164380383826333,0.8164380383826333,0.7864380383826333,0.7864380383826333,0.7964380383826333,0.8164380383826333,0.8064380383826333,0.8064380383826333,0.8264380383826333,0.8364380383826333
485,0.8595901128931033,0.8595901128931033,0.8595901128931033,0.8895901128931033,0.8895901128931033,0.8795901128931033,0.8795901128931033,0.8895901128931033,0.8745901128931033,0.8845901128931033,0.8845901128931033,0.8845901128931033,0.8845901128931033
486,0.795698364476924,0.815698364476924,0.825698364476924,0.795698364476924,0.805698364476924,0.815698364476924,0.805698364476924,0.805698364476924,0.795698364476924,0.795698364476924,0.795698364476924,0.795698364476924,0.805698364476924
487,0.8922148255634866,0.8922148255634866,0.8922148255634866,0.8822148255634866,0.8922148255634866,0.8722148255634866,0.8822148255634866,0.9122148255634867,0.9122148255634867,0.9122148255634867,0.9122148255634867,0.9222148255634867,0.9222148255634867
488,0.7986376924933147,0.7986376924933147,0.7986376924933147,0.8286376924933148,0.8136376924933147,0.8136376924933147,0.8336376924933148,0.8336376924933148,0.8336376924933148,0.8336376924933148,0.8336376924933148,0.8236376924933148,0.8336376924933148
489,0.8586422907029713,0.8486422907029713,0.8486422907029713,0.8386422907029712,0.8486422907029713,0.8486422907029713,0.8486422907029713,0.8486422907029713,0.8386422907029712,0.8386422907029712,0.8386422907029712,0.8386422907029712,0.8386422907029712
490,0.834871193844308,0.844871193844308,0.844871193844308,0.824871193844308,0.834871193844308,0.834871193844308,0.824871193844308,0.824871193844308,0.824871193844308,0.834871193844308,0.8048711938443079,0.8048711938443079,0.824871193844308
491,0.8060620990838494,0.8460620990838494,0.8460620990838494,0.8460620990838494,0.8410620990838494,0.8410620990838494,0.8410620990838494,0.8310620990838494,0.8110620990838494,0.8010620990838494,0.7910620990838494,0.7910620990838494,0.7610620990838494
492,0.8063421311723442,0.8063421311723442,0.7963421311723442,0.8063421311723442,0.8063421311723442,0.8263421311723442,0.8363421311723442,0.8213421311723442,0.8213421311723442,0.8313421311723442,0.8313421311723442,0.8113421311723442,0.7913421311723442
493,0.8180862075071111,0.8180862075071111,0.8180862075071111,0.8180862075071111,0.8180862075071111,0.7980862075071111,0.8280862075071111,0.8480862075071112,0.8480862075071112,0.8480862075071112,0.8580862075071112,0.8530862075071112,0.8430862075071112
494,0.7722256087858597,0.7722256087858597,0.7822256087858597,0.7722256087858597,0.7722256087858597,0.7722256087858597,0.7622256087858597,0.7522256087858596,0.7622256087858597,0.7622256087858597,0.7522256087858596,0.7422256087858596,0.7422256087858596
495,0.7976995632586336,0.7876995632586336,0.7776995632586335,0.7676995632586335,0.7776995632586335,0.7676995632586335,0.7676995632586335,0.7576995632586335,0.7626995632586335,0.7726995632586335,0.7726995632586335,0.7626995632586335,0.7626995632586335
496,0.8244651651437935,0.8144651651437935,0.8244651651437935,0.8344651651437935,0.8544651651437936,0.8544651651437936,0.8444651651437936,0.8444651651437936,0.8444651651437936,0.8444651651437936,0.8444651651437936,0.8444651651437936,0.8044651651437935
497,0.864537259889201,0.864537259889201,0.8745372598892011,0.834537259889201,0.849537259889201,0.859537259889201,0.859537259889201,0.849537259889201,0.839537259889201,0.849537259889201,0.849537259889201,0.859537259889201,0.859537259889201
498,0.7992928034151355,0.7992928034151355,0.8092928034151355,0.8092928034151355,0.7992928034151355,0.7992928034151355,0.7992928034151355,0.7892928034151355,0.7792928034151355,0.7792928034151355,0.7592928034151355,0.7642928034151355,0.7642928034151355
499,0.8373132981770265,0.8773132981770265,0.8723132981770265,0.8623132981770265,0.8623132981770265,0.8523132981770265,0.8623132981770265,0.8623132981770265,0.8823132981770265,0.8823132981770265,0.8823132981770265,0.8823132981770265,0.8823132981770265
500,0.813497173190682,0.8334971731906821,0.8334971731906821,0.823497173190682,0.823497173190682,0.813497173190682,0.813497173190682,0.823497173190682,0.8434971731906821,0.8434971731906821,0.8334971731906821,0.8334971731906821,0.8334971731906821
501,0.8722388610464665,0.8822388610464665,0.8922388610464665,0.8722388610464665,0.8722388610464665,0.8722388610464665,0.8722388610464665,0.8722388610464665,0.8722388610464665,0.8722388610464665,0.8622388610464665,0.8822388610464665,0.8722388610464665
502,0.8508814139062958,0.8508814139062958,0.8608814139062958,0.8708814139062958,0.8708814139062958,0.8708814139062958,0.8608814139062958,0.8808814139062958,0.8708814139062958,0.8408814139062958,0.8308814139062958,0.8208814139062958,0.8308814139062958
503,0.8117894448436959,0.8117894448436959,0.8117894448436959,0.7917894448436958,0.8117894448436959,0.8117894448436959,0.8217894448436959,0.8117894448436959,0.8117894448436959,0.8317894448436959,0.8317894448436959,0.8217894448436959,0.8417894448436959
504,0.8352502144070182,0.8152502144070182,0.8252502144070182,0.8352502144070182,0.8352502144070182,0.8252502144070182,0.8252502144070182,0.8552502144070182,0.8552502144070182,0.8552502144070182,0.8552502144070182,0.8652502144070182,0.8552502144070182
505,0.8577434498242471,0.8577434498242471,0.8477434498242471,0.8677434498242471,0.8677434498242471,0.8577434498242471,0.8477434498242471,0.8777434498242471,0.8677434498242471,0.8977434498242471,0.8927434498242471,0.8827434498242471,0.8727434498242471
506,0.8916282933785337,0.8916282933785337,0.9116282933785337,0.9116282933785337,0.9016282933785337,0.9116282933785337,0.9116282933785337,0.9216282933785337,0.9016282933785337,0.9016282933785337,0.9116282933785337,0.9116282933785337,0.9116282933785337
507,0.8516320531308916,0.8416320531308916,0.8416320531308916,0.8416320531308916,0.8416320531308916,0.8316320531308916,0.8216320531308916,0.8366320531308916,0.8566320531308916,0.8666320531308916,0.8466320531308916,0.8466320531308916,0.8366320531308916
508,0.8631334107222774,0.8631334107222774,0.8631334107222774,0.8431334107222774,0.8331334107222774,0.8331334107222774,0.8331334107222774,0.8231334107222774,0.8231334107222774,0.8281334107222774,0.8381334107222774,0.8381334107222774,0.8281334107222774
509,0.874584416363862,0.854584416363862,0.854584416363862,0.854584416363862,0.844584416363862,0.859584416363862,0.849584416363862,0.8395844163638619,0.849584416363862,0.8395844163638619,0.8395844163638619,0.8395844163638619,0.8395844163638619
510,0.8259972835955843,0.8259972835955843,0.8259972835955843,0.8459972835955843,0.8459972835955843,0.8459972835955843,0.8459972835955843,0.8459972835955843,0.8359972835955843,0.8359972835955843,0.8259972835955843,0.8159972835955843,0.8259972835955843
511,0.8826137808239749,0.8626137808239749,0.8526137808239749,0.8676137808239749,0.8676137808239749,0.8676137808239749,0.8476137808239749,0.8476137808239749,0.8576137808239749,0.8776137808239749,0.8876137808239749,0.8876137808239749,0.8876137808239749
512,0.8501151598002185,0.8501151598002185,0.8401151598002184,0.8101151598002184,0.8101151598002184,0.8201151598002184,0.8201151598002184,0.8101151598002184,0.8101151598002184,0.8101151598002184,0.8151151598002184,0.8151151598002184,0.8251151598002184
513,0.7975590638638739,0.7975590638638739,0.7875590638638739,0.7775590638638739,0.7775590638638739,0.7775590638638739,0.7775590638638739,0.7875590638638739,0.7775590638638739,0.7775590638638739,0.7675590638638738,0.7875590638638739,0.7975590638638739
514,0.8473135825892367,0.8473135825892367,0.8673135825892367,0.8873135825892368,0.8773135825892368,0.8673135825892367,0.8673135825892367,0.8773135825892368,0.8773135825892368,0.8773135825892368,0.8773135825892368,0.8573135825892367,0.8573135825892367
515,0.8664801781740374,0.8564801781740374,0.8564801781740374,0.8464801781740374,0.8364801781740374,0.8364801781740374,0.8464801781740374,0.8464801781740374,0.8464801781740374,0.8464801781740374,0.8664801781740374,0.8764801781740374,0.8864801781740375
516,0.8643245110143534,0.8643245110143534,0.8543245110143534,0.8343245110143533,0.8243245110143533,0.8293245110143533,0.8393245110143533,0.8593245110143534,0.8693245110143534,0.8793245110143534,0.8793245110143534,0.8893245110143534,0.8893245110143534
517,0.8886908885429529,0.8986908885429529,0.8986908885429529,0.8986908885429529,0.9086908885429529,0.9186908885429529,0.9286908885429529,0.9186908885429529,0.9186908885429529,0.9186908885429529,0.9186908885429529,0.9036908885429529,0.9036908885429529
518,0.8355786626486238,0.8355786626486238,0.8255786626486238,0.8355786626486238,0.8555786626486238,0.8755786626486238,0.8705786626486238,0.8605786626486238,0.8305786626486238,0.8305786626486238,0.8405786626486238,0.8405786626486238,0.8205786626486238
519,0.9517924942516884,0.9517924942516884,0.9317924942516884,0.9317924942516884,0.9417924942516884,0.9417924942516884,0.9417924942516884,0.9417924942516884,0.9417924942516884,0.9317924942516884,0.9317924942516884,0.9217924942516884,0.9117924942516884
520,0.8722082804435922,0.8722082804435922,0.8822082804435922,0.8822082804435922,0.9022082804435922,0.8822082804435922,0.8722082804435922,0.8722082804435922,0.8722082804435922,0.8722082804435922,0.8722082804435922,0.8722082804435922,0.8722082804435922
521,0.8169467631346037,0.8169467631346037,0.8369467631346037,0.8169467631346037,0.8269467631346037,0.8269467631346037,0.8269467631346037,0.8269467631346037,0.7969467631346037,0.7769467631346036,0.7769467631346036,0.7769467631346036,0.7819467631346037
522,0.8712404921949596,0.8712404921949596,0.8912404921949596,0.8912404921949596,0.8812404921949596,0.8912404921949596,0.8912404921949596,0.9112404921949596,0.9112404921949596,0.9062404921949596,0.8862404921949596,0.8962404921949596,0.9062404921949596
523,0.7921713141972906,0.7821713141972906,0.7721713141972906,0.7821713141972906,0.7921713141972906,0.7821713141972906,0.7721713141972906,0.7721713141972906,0.7621713141972906,0.7721713141972906,0.7721713141972906,0.7621713141972906,0.7621713141972906
524,0.8218187710449748,0.8218187710449748,0.8318187710449748,0.8318187710449748,0.8418187710449748,0.8318187710449748,0.8218187710449748,0.8218187710449748,0.8218187710449748,0.8218187710449748,0.8618187710449748,0.8568187710449748,0.8468187710449748
525,0.8542382506635999,0.8542382506635999,0.8942382506636,0.8842382506636,0.8842382506636,0.8842382506636,0.8542382506635999,0.8542382506635999,0.8542382506635999,0.8542382506635999,0.8642382506635999,0.8542382506635999,0.8542382506635999
526,0.8555438657521336,0.8555438657521336,0.8555438657521336,0.8655438657521336,0.8555438657521336,0.8455438657521336,0.8455438657521336,0.8455438657521336,0.8455438657521336,0.8455438657521336,0.8255438657521336,0.8255438657521336,0.8255438657521336
527,0.8269751161030331,0.8069751161030331,0.7969751161030331,0.7969751161030331,0.7969751161030331,0.7969751161030331,0.7969751161030331,0.7969751161030331,0.8169751161030331,0.8069751161030331,0.8169751161030331,0.8069751161030331,0.8169751161030331
528,0.8303747022718748,0.8303747022718748,0.8303747022718748,0.8103747022718748,0.8403747022718748,0.8503747022718748,0.8503747022718748,0.8703747022718749,0.8653747022718749,0.8353747022718748,0.8353747022718748,0.8353747022718748,0.8353747022718748
529,0.8114471199138906,0.8214471199138906,0.8314471199138906,0.8314471199138906,0.8214471199138906,0.8314471199138906,0.8114471199138906,0.8214471199138906,0.8014471199138906,0.8014471199138906,0.7914471199138906,0.8114471199138906,0.8314471199138906
530,0.8935640787703489,0.8835640787703489,0.8835640787703489,0.8835640787703489,0.8635640787703489,0.8635640787703489,0.8535640787703489,0.8535640787703489,0.8535640787703489,0.8585640787703489,0.8585640787703489,0.8585640787703489,0.8785640787703489
531,0.8063404840464008,0.8063404840464008,0.8163404840464008,0.8163404840464008,0.8163404840464008,0.7963404840464008,0.7863404840464008,0.7863404840464008,0.7963404840464008,0.7963404840464008,0.7963404840464008,0.7963404840464008,0.7963404840464008
532,0.9254282809091768,0.9254282809091768,0.9054282809091768,0.8954282809091768,0.8954282809091768,0.8854282809091768,0.8954282809091768,0.8954282809091768,0.9054282809091768,0.9054282809091768,0.8954282809091768,0.8954282809091768,0.8954282809091768
533,0.8276310716362936,0.8176310716362936,0.8176310716362936,0.8076310716362936,0.8076310716362936,0.8076310716362936,0.8076310716362936,0.8076310716362936,0.7876310716362935,0.8176310716362936,0.8276310716362936,0.8276310716362936,0.8276310716362936
534,0.9038981498621398,0.9038981498621398,0.9038981498621398,0.9138981498621398,0.9238981498621398,0.9238981498621398,0.9238981498621398,0.9238981498621398,0.9238981498621398,0.9338981498621398,0.9238981498621398,0.9238981498621398,0.9338981498621398
535,0.8594248028550688,0.8494248028550688,0.8494248028550688,0.8294248028550688,0.8394248028550688,0.8294248028550688,0.8494248028550688,0.8494248028550688,0.8294248028550688,0.8294248028550688,0.8394248028550688,0.8394248028550688,0.8294248028550688
536,0.8261867789309691,0.8361867789309692,0.8361867789309692,0.8361867789309692,0.8361867789309692,0.8261867789309691,0.8261867789309691,0.8361867789309692,0.8161867789309691,0.8161867789309691,0.8161867789309691,0.8161867789309691,0.8061867789309691
537,0.8581911996614316,0.8581911996614316,0.8581911996614316,0.8681911996614317,0.8481911996614316,0.8681911996614317,0.8681911996614317,0.8881911996614317,0.8881911996614317,0.8881911996614317,0.8981911996614317,0.8981911996614317,0.8981911996614317
538,0.8738619089996728,0.8738619089996728,0.8738619089996728,0.8638619089996727,0.8538619089996727,0.8538619089996727,0.8338619089996727,0.8388619089996727,0.8488619089996727,0.8488619089996727,0.8388619089996727,0.8388619089996727,0.8388619089996727
539,0.8550648200818461,0.8550648200818461,0.8550648200818461,0.8650648200818462,0.8550648200818461,0.8550648200818461,0.8550648200818461,0.8550648200818461,0.8550648200818461,0.8450648200818461,0.8350648200818461,0.8250648200818461,0.8350648200818461
540,0.8607173988447584,0.8507173988447584,0.8507173988447584,0.8607173988447584,0.8407173988447584,0.8507173988447584,0.8507173988447584,0.8407173988447584,0.8307173988447584,0.8407173988447584,0.8307173988447584,0.8407173988447584,0.8407173988447584
541,0.867482899686776,0.867482899686776,0.857482899686776,0.857482899686776,0.857482899686776,0.857482899686776,0.857482899686776,0.857482899686776,0.8874828996867761,0.8874828996867761,0.8874828996867761,0.8874828996867761,0.9074828996867761
542,0.8570044212351365,0.8570044212351365,0.8770044212351366,0.8770044212351366,0.8770044212351366,0.8770044212351366,0.8870044212351366,0.8970044212351366,0.8970044212351366,0.8920044212351366,0.8920044212351366,0.8820044212351366,0.8920044212351366
543,0.8489907064455875,0.8489907064455875,0.8489907064455875,0.8489907064455875,0.8589907064455875,0.8489907064455875,0.8389907064455875,0.8289907064455875,0.8289907064455875,0.8289907064455875,0.8189907064455875,0.8489907064455875,0.8489907064455875
544,0.7977079211919077,0.7977079211919077,0.7977079211919077,0.8077079211919077,0.7777079211919077,0.7877079211919077,0.7677079211919077,0.7677079211919077,0.7677079211919077,0.7577079211919077,0.7627079211919077,0.7727079211919077,0.7627079211919077
545,0.8376742629711611,0.8276742629711611,0.8276742629711611,0.8276742629711611,0.8176742629711611,0.8176742629711611,0.8076742629711611,0.7976742629711611,0.8026742629711611,0.8026742629711611,0.8226742629711611,0.8226742629711611,0.8326742629711611
546,0.8355388174300514,0.8155388174300514,0.8355388174300514,0.8355388174300514,0.8355388174300514,0.8355388174300514,0.8355388174300514,0.8355388174300514,0.8355388174300514,0.8455388174300514,0.8555388174300514,0.8355388174300514,0.8355388174300514
547,0.8185894277404,0.8185894277404,0.8185894277404,0.7885894277404,0.7885894277404,0.8035894277404,0.8035894277404,0.8035894277404,0.8135894277404,0.8135894277404,0.8135894277404,0.8235894277404,0.8435894277404
548,0.8656056345577345,0.8656056345577345,0.8656056345577345,0.8656056345577345,0.9056056345577346,0.9056056345577346,0.9056056345577346,0.9006056345577346,0.8906056345577346,0.8806056345577346,0.9006056345577346,0.8906056345577346,0.8906056345577346
549,0.8634390833136947,0.8534390833136947,0.8634390833136947,0.8534390833136947,0.8634390833136947,0.8634390833136947,0.8534390833136947,0.8534390833136947,0.8334390833136947,0.8334390833136947,0.8334390833136947,0.8334390833136947,0.8734390833136947
550,0.8745182845960136,0.8645182845960135,0.8745182845960136,0.8645182845960135,0.8445182845960135,0.8545182845960135,0.8745182845960136,0.8845182845960136,0.8745182845960136,0.8545182845960135,0.8645182845960135,0.8545182845960135,0.8645182845960135
551,0.8102632207976075,0.8102632207976075,0.8202632207976075,0.8102632207976075,0.8102632207976075,0.8302632207976075,0.8302632207976075,0.8502632207976075,0.8402632207976075,0.8502632207976075,0.8402632207976075,0.8402632207976075,0.8302632207976075
552,0.8179825621252981,0.8179825621252981,0.8079825621252981,0.8079825621252981,0.8379825621252981,0.8279825621252981,0.7979825621252981,0.8229825621252981,0.8129825621252981,0.8229825621252981,0.8229825621252981,0.8229825621252981,0.8229825621252981
553,0.8945679520192504,0.9045679520192504,0.9245679520192505,0.9045679520192504,0.9045679520192504,0.9045679520192504,0.9145679520192505,0.9145679520192505,0.9145679520192505,0.9145679520192505,0.9145679520192505,0.9345679520192505,0.9295679520192505
554,0.8812744608841886,0.8812744608841886,0.8812744608841886,0.8812744608841886,0.8912744608841886,0.8912744608841886,0.8912744608841886,0.8812744608841886,0.8812744608841886,0.8912744608841886,0.8712744608841886,0.8712744608841886,0.8712744608841886
555,0.8725636318408028,0.8725636318408028,0.8825636318408028,0.8825636318408028,0.9125636318408028,0.9075636318408028,0.8975636318408028,0.8975636318408028,0.8875636318408028,0.8875636318408028,0.8975636318408028,0.8975636318408028,0.9075636318408028
556,0.9054083423606712,0.9154083423606713,0.9354083423606713,0.9354083423606713,0.9254083423606713,0.9154083423606713,0.9254083423606713,0.9254083423606713,0.9004083423606712,0.9004083423606712,0.9004083423606712,0.8804083423606712,0.8804083423606712
557,0.8886948826504507,0.8786948826504507,0.8786948826504507,0.8786948826504507,0.8786948826504507,0.8786948826504507,0.8786948826504507,0.8986948826504507,0.9086948826504507,0.9086948826504507,0.8986948826504507,0.8986948826504507,0.8686948826504507
558,0.7660562450101784,0.7560562450101784,0.7960562450101785,0.7960562450101785,0.7960562450101785,0.7860562450101785,0.7860562450101785,0.7610562450101784,0.7610562450101784,0.7610562450101784,0.7410562450101784,0.7510562450101784,0.7510562450101784
559,0.8552905895850785,0.8452905895850785,0.8452905895850785,0.8552905895850785,0.8652905895850785,0.8852905895850786,0.8752905895850785,0.8952905895850786,0.8902905895850786,0.9002905895850786,0.9002905895850786,0.9002905895850786,0.9002905895850786
560,0.8772242615584369,0.8772242615584369,0.8872242615584369,0.8772242615584369,0.8672242615584369,0.8472242615584369,0.8472242615584369,0.8472242615584369,0.8472242615584369,0.8372242615584369,0.8372242615584369,0.8372242615584369,0.8422242615584369
561,0.816866534220696,0.826866534220696,0.796866534220696,0.796866534220696,0.776866534220696,0.781866534220696,0.781866534220696,0.781866534220696,0.801866534220696,0.821866534220696,0.821866534220696,0.821866534220696,0.821866534220696
562,0.8428050512025912,0.8628050512025912,0.8428050512025912,0.8428050512025912,0.8528050512025912,0.8628050512025912,0.8628050512025912,0.8728050512025912,0.8728050512025912,0.8728050512025912,0.8728050512025912,0.8728050512025912,0.8728050512025912
563,0.8685556467385572,0.8685556467385572,0.8585556467385572,0.8685556467385572,0.8785556467385572,0.8785556467385572,0.8785556467385572,0.8785556467385572,0.8685556467385572,0.8585556467385572,0.8785556467385572,0.8885556467385572,0.8885556467385572
564,0.8454036560377164,0.8254036560377164,0.8054036560377164,0.8154036560377164,0.8354036560377164,0.8554036560377164,0.8454036560377164,0.8554036560377164,0.8454036560377164,0.8454036560377164,0.8354036560377164,0.8154036560377164,0.8254036560377164
565,0.8264212497012559,0.8264212497012559,0.8264212497012559,0.8364212497012559,0.8364212497012559,0.8164212497012558,0.8264212497012559,0.8264212497012559,0.8464212497012559,0.8364212497012559,0.8464212497012559,0.8364212497012559,0.8464212497012559
566,0.840346845807551,0.850346845807551,0.830346845807551,0.860346845807551,0.860346845807551,0.850346845807551,0.850346845807551,0.860346845807551,0.8803468458075511,0.8803468458075511,0.8703468458075511,0.8803468458075511,0.8753468458075511
567,0.8380801578628743,0.8380801578628743,0.8380801578628743,0.8380801578628743,0.8480801578628743,0.8380801578628743,0.8280801578628743,0.8280801578628743,0.8480801578628743,0.8480801578628743,0.8380801578628743,0.8280801578628743,0.8280801578628743
568,0.7864346458100342,0.7964346458100342,0.8064346458100342,0.8064346458100342,0.8064346458100342,0.8064346458100342,0.8064346458100342,0.8164346458100342,0.8164346458100342,0.8164346458100342,0.8264346458100342,0.8214346458100342,0.8214346458100342
569,0.9109010618435931,0.9109010618435931,0.9209010618435931,0.9209010618435931,0.9309010618435931,0.9309010618435931,0.9309010618435931,0.9309010618435931,0.9109010618435931,0.9309010618435931,0.9409010618435931,0.9409010618435931,0.9309010618435931
570,0.8893632836620098,0.8893632836620098,0.8693632836620098,0.8793632836620098,0.8693632836620098,0.8893632836620098,0.8893632836620098,0.8993632836620098,0.8793632836620098,0.8893632836620098,0.8893632836620098,0.8893632836620098,0.8893632836620098
571,0.9675706989115519,0.9775706989115519,0.9775706989115519,0.9675706989115519,0.9575706989115519,0.9475706989115519,0.9375706989115519,0.9475706989115519,0.9475706989115519,0.9675706989115519,0.9775706989115519,0.9675706989115519,0.9575706989115519
572,0.8651069137748079,0.8451069137748078,0.8651069137748079,0.8751069137748079,0.8751069137748079,0.8751069137748079,0.8951069137748079,0.8751069137748079,0.8751069137748079,0.8851069137748079,0.9051069137748079,0.8951069137748079,0.8851069137748079
573,0.8559948635102023,0.8459948635102023,0.8459948635102023,0.8659948635102023,0.8659948635102023,0.8559948635102023,0.8559948635102023,0.8659948635102023,0.8659948635102023,0.8559948635102023,0.8859948635102023,0.8709948635102023,0.8709948635102023
574,0.8918349947538332,0.8918349947538332,0.8918349947538332,0.8818349947538332,0.8818349947538332,0.8618349947538332,0.8618349947538332,0.8518349947538332,0.8518349947538332,0.8718349947538332,0.8818349947538332,0.8818349947538332,0.8818349947538332
575,0.8470206087589228,0.8370206087589228,0.8470206087589228,0.8570206087589228,0.8770206087589228,0.8770206087589228,0.8770206087589228,0.8770206087589228,0.8670206087589228,0.8670206087589228,0.8670206087589228,0.8570206087589228,0.8470206087589228
576,0.86488379468765,0.89488379468765,0.89488379468765,0.89488379468765,0.88488379468765,0.88488379468765,0.89488379468765,0.90488379468765,0.90488379468765,0.90488379468765,0.90488379468765,0.88488379468765,0.88488379468765
577,0.8608991178187424,0.8608991178187424,0.8808991178187424,0.8808991178187424,0.8808991178187424,0.8808991178187424,0.8508991178187424,0.8508991178187424,0.8508991178187424,0.8408991178187424,0.8408991178187424,0.8208991178187424,0.8258991178187424
578,0.8935029202739445,0.8935029202739445,0.8735029202739445,0.8535029202739445,0.8585029202739445,0.8685029202739445,0.8785029202739445,0.8885029202739445,0.8885029202739445,0.8785029202739445,0.8785029202739445,0.8885029202739445,0.8885029202739445
579,0.9350205041664595,0.9350205041664595,0.9650205041664596,0.9500205041664596,0.9500205041664596,0.9500205041664596,0.9500205041664596,0.9400205041664595,0.9500205041664596,0.9400205041664595,0.9500205041664596,0.9200205041664595,0.9200205041664595
580,0.8367176812061198,0.8167176812061198,0.8267176812061198,0.8267176812061198,0.8167176812061198,0.8067176812061198,0.8067176812061198,0.8067176812061198,0.8167176812061198,0.8267176812061198,0.8067176812061198,0.8067176812061198,0.8167176812061198
581,0.8583173661307223,0.8583173661307223,0.8683173661307223,0.8683173661307223,0.8483173661307223,0.8483173661307223,0.8583173661307223,0.8683173661307223,0.8583173661307223,0.8583173661307223,0.8683173661307223,0.8483173661307223,0.8583173661307223
582,0.8956155987709536,0.8956155987709536,0.8956155987709536,0.9056155987709537,0.9056155987709537,0.9056155987709537,0.9056155987709537,0.9156155987709537,0.9256155987709537,0.9106155987709537,0.9006155987709537,0.9106155987709537,0.9106155987709537
583,0.7604892895979182,0.7504892895979182,0.7804892895979182,0.7904892895979182,0.8004892895979182,0.7954892895979182,0.7854892895979182,0.7854892895979182,0.7654892895979182,0.7854892895979182,0.7654892895979182,0.7554892895979182,0.7454892895979182
584,0.8447793868946445,0.8447793868946445,0.8547793868946445,0.8647793868946445,0.8647793868946445,0.8547793868946445,0.8447793868946445,0.8547793868946445,0.8447793868946445,0.8547793868946445,0.8647793868946445,0.8847793868946445,0.8797793868946445
585,0.8255189616404998,0.8155189616404998,0.8055189616404997,0.8055189616404997,0.7855189616404997,0.7855189616404997,0.7955189616404997,0.8055189616404997,0.8255189616404998,0.8255189616404998,0.8255189616404998,0.8355189616404998,0.8455189616404998
586,0.8278788856271969,0.8278788856271969,0.8378788856271969,0.8378788856271969,0.8178788856271969,0.8278788856271969,0.8478788856271969,0.8378788856271969,0.8278788856271969,0.8278788856271969,0.8278788856271969,0.8178788856271969,0.8278788856271969
587,0.8479551296254239,0.8679551296254239,0.8679551296254239,0.8679551296254239,0.8679551296254239,0.8679551296254239,0.8679551296254239,0.8679551296254239,0.8679551296254239,0.8679551296254239,0.8579551296254239,0.8479551296254239,0.8479551296254239
588,0.8400719865538085,0.8500719865538086,0.8500719865538086,0.8500719865538086,0.8400719865538085,0.8200719865538085,0.8300719865538085,0.8500719865538086,0.8600719865538086,0.8400719865538085,0.8400719865538085,0.8500719865538086,0.8600719865538086
589,0.8459613370982175,0.8359613370982175,0.8459613370982175,0.8459613370982175,0.8459613370982175,0.8459613370982175,0.8359613370982175,0.8459613370982175,0.8359613370982175,0.8259613370982175,0.8359613370982175,0.8459613370982175,0.8459613370982175
590,0.8090545984982116,0.7990545984982116,0.7690545984982116,0.7690545984982116,0.7690545984982116,0.7790545984982116,0.7790545984982116,0.7790545984982116,0.7790545984982116,0.7890545984982116,0.7890545984982116,0.7790545984982116,0.7890545984982116
591,0.9284694411363692,0.9184694411363692,0.9184694411363692,0.9084694411363692,0.9084694411363692,0.9184694411363692,0.9284694411363692,0.9284694411363692,0.9284694411363692,0.9284694411363692,0.9184694411363692,0.9084694411363692,0.8984694411363692
592,0.8384426222190798,0.8384426222190798,0.8384426222190798,0.8384426222190798,0.8584426222190799,0.8484426222190798,0.8584426222190799,0.8484426222190798,0.8584426222190799,0.8584426222190799,0.8584426222190799,0.8684426222190799,0.8484426222190798
593,0.8677255255032,0.8477255255032,0.8377255255032,0.8527255255032,0.8527255255032,0.8427255255032,0.8227255255032,0.8327255255032,0.8427255255032,0.8327255255032,0.8327255255032,0.8327255255032,0.8327255255032
594,0.827128734746669,0.827128734746669,0.827128734746669,0.837128734746669,0.827128734746669,0.837128734746669,0.847128734746669,0.847128734746669,0.847128734746669,0.8571287347466691,0.8571287347466691,0.8571287347466691,0.847128734746669
595,0.8086444140203821,0.8186444140203821,0.8386444140203821,0.8386444140203821,0.8386444140203821,0.8236444140203821,0.8436444140203821,0.8436444140203821,0.8336444140203821,0.8336444140203821,0.8236444140203821,0.8236444140203821,0.8236444140203821
596,0.7917988527734582,0.7717988527734582,0.7517988527734581,0.7517988527734581,0.7567988527734582,0.7567988527734582,0.7567988527734582,0.7567988527734582,0.7667988527734582,0.7667988527734582,0.7667988527734582,0.7667988527734582,0.7867988527734582
597,0.827151709560563,0.807151709560563,0.807151709560563,0.807151709560563,0.807151709560563,0.797151709560563,0.797151709560563,0.817151709560563,0.817151709560563,0.817151709560563,0.817151709560563,0.817151709560563,0.807151709560563
598,0.8287117896438858,0.8287117896438858,0.8187117896438858,0.8487117896438858,0.8187117896438858,0.8287117896438858,0.8487117896438858,0.8487117896438858,0.8487117896438858,0.8387117896438858,0.8187117896438858,0.8287117896438858,0.8187117896438858
599,0.8595880381563216,0.8595880381563216,0.8395880381563215,0.8495880381563216,0.8295880381563215,0.8495880381563216,0.8595880381563216,0.8695880381563216,0.8695880381563216,0.8695880381563216,0.8795880381563216,0.8795880381563216,0.8695880381563216
600,0.8332442800700736,0.8332442800700736,0.8332442800700736,0.8232442800700736,0.8432442800700736,0.8432442800700736,0.8132442800700735,0.8132442800700735,0.7932442800700735,0.7982442800700735,0.7982442800700735,0.7982442800700735,0.7982442800700735
601,0.8674161047183911,0.8274161047183911,0.8324161047183911,0.8324161047183911,0.8424161047183911,0.8524161047183911,0.8424161047183911,0.8324161047183911,0.8324161047183911,0.8424161047183911,0.8624161047183911,0.9024161047183912,0.9024161047183912
602,0.8482125674958549,0.858212567495855,0.868212567495855,0.888212567495855,0.888212567495855,0.888212567495855,0.883212567495855,0.873212567495855,0.863212567495855,0.873212567495855,0.873212567495855,0.883212567495855,0.883212567495855
603,0.8824770882486601,0.8724770882486601,0.8724770882486601,0.8724770882486601,0.8724770882486601,0.8724770882486601,0.8724770882486601,0.8724770882486601,0.8524770882486601,0.8674770882486601,0.8674770882486601,0.8774770882486601,0.8774770882486601
604,0.8289229323448623,0.8389229323448623,0.8389229323448623,0.8389229323448623,0.8389229323448623,0.8489229323448623,0.8489229323448623,0.8389229323448623,0.8289229323448623,0.8289229323448623,0.8289229323448623,0.8289229323448623,0.8289229323448623
605,0.9341957922590369,0.9341957922590369,0.9441957922590369,0.9141957922590369,0.9141957922590369,0.9141957922590369,0.8941957922590369,0.8941957922590369,0.8941957922590369,0.9041957922590369,0.9041957922590369,0.9191957922590369,0.8891957922590369
606,0.845634392538317,0.855634392538317,0.855634392538317,0.845634392538317,0.855634392538317,0.855634392538317,0.875634392538317,0.885634392538317,0.875634392538317,0.855634392538317,0.8256343925383169,0.8256343925383169,0.8156343925383169
607,0.8916323038189136,0.8616323038189135,0.8716323038189135,0.8616323038189135,0.8766323038189135,0.8766323038189135,0.8666323038189135,0.8666323038189135,0.8666323038189135,0.8766323038189135,0.8766323038189135,0.9066323038189136,0.9266323038189136
608,0.8857521877477922,0.8857521877477922,0.8857521877477922,0.8757521877477922,0.8757521877477922,0.8757521877477922,0.8657521877477922,0.8657521877477922,0.8557521877477922,0.8657521877477922,0.8457521877477922,0.8507521877477922,0.8607521877477922
609,0.8009245600304935,0.8009245600304935,0.8009245600304935,0.8009245600304935,0.8009245600304935,0.8109245600304935,0.7709245600304935,0.7809245600304935,0.7709245600304935,0.7809245600304935,0.8009245600304935,0.8209245600304935,0.8109245600304935
610,0.8822919363853704,0.8822919363853704,0.8722919363853704,0.8722919363853704,0.8522919363853704,0.8522919363853704,0.8522919363853704,0.8722919363853704,0.8722919363853704,0.8722919363853704,0.8822919363853704,0.8822919363853704,0.8822919363853704
611,0.8303619149133086,0.8403619149133086,0.8403619149133086,0.8503619149133086,0.8503619149133086,0.8503619149133086,0.8403619149133086,0.8403619149133086,0.8503619149133086,0.8303619149133086,0.8403619149133086,0.8403619149133086,0.8303619149133086
612,0.8634001679965181,0.823400167996518,0.823400167996518,0.823400167996518,0.8334001679965181,0.8334001679965181,0.8434001679965181,0.8534001679965181,0.8534001679965181,0.8634001679965181,0.8634001679965181,0.8734001679965181,0.8834001679965181
613,0.8236702796405302,0.8036702796405302,0.7936702796405302,0.7836702796405302,0.7936702796405302,0.7936702796405302,0.8086702796405302,0.8286702796405302,0.8386702796405302,0.8386702796405302,0.8686702796405302,0.8586702796405302,0.8586702796405302
614,0.8219327149647746,0.8219327149647746,0.8219327149647746,0.8219327149647746,0.8219327149647746,0.8219327149647746,0.8119327149647746,0.8119327149647746,0.8019327149647746,0.8019327149647746,0.8019327149647746,0.8019327149647746,0.8119327149647746
615,0.9007410783678133,0.9007410783678133,0.9007410783678133,0.9007410783678133,0.9107410783678133,0.9107410783678133,0.9107410783678133,0.9307410783678133,0.9207410783678133,0.9307410783678133,0.9207410783678133,0.9307410783678133,0.9307410783678133
616,0.8256724664029595,0.8556724664029596,0.8456724664029596,0.8456724664029596,0.8456724664029596,0.8456724664029596,0.8356724664029596,0.8156724664029595,0.8256724664029595,0.8256724664029595,0.8556724664029596,0.8456724664029596,0.8656724664029596
617,0.8010356597573516,0.8010356597573516,0.8110356597573516,0.8110356597573516,0.8110356597573516,0.8110356597573516,0.8210356597573516,0.8110356597573516,0.8210356597573516,0.8310356597573516,0.8310356597573516,0.8410356597573516,0.8310356597573516
618,0.8378701032359974,0.8278701032359974,0.8178701032359974,0.8178701032359974,0.8178701032359974,0.8178701032359974,0.8078701032359974,0.7978701032359974,0.7978701032359974,0.7978701032359974,0.8028701032359974,0.8228701032359974,0.7928701032359974
619,0.9198372111380693,0.9198372111380693,0.8998372111380692,0.9098372111380693,0.9098372111380693,0.9098372111380693,0.9098372111380693,0.9098372111380693,0.8898372111380692,0.8798372111380692,0.8798372111380692,0.8998372111380692,0.9098372111380693
620,0.8871741693343976,0.8971741693343976,0.8771741693343976,0.8471741693343976,0.8471741693343976,0.8471741693343976,0.8571741693343976,0.8671741693343976,0.8671741693343976,0.8671741693343976,0.8671741693343976,0.8671741693343976,0.8671741693343976
621,0.9134236768537035,0.9134236768537035,0.9134236768537035,0.8934236768537035,0.8934236768537035,0.9334236768537035,0.9334236768537035,0.9534236768537036,0.9484236768537035,0.9484236768537035,0.9284236768537035,0.9384236768537035,0.9484236768537035
622,0.8745771207864629,0.8745771207864629,0.8745771207864629,0.8845771207864629,0.8745771207864629,0.8745771207864629,0.8745771207864629,0.8545771207864629,0.8545771207864629,0.8345771207864628,0.8395771207864628,0.8395771207864628,0.8495771207864629
623,0.8623216837831968,0.8623216837831968,0.8723216837831969,0.8623216837831968,0.8423216837831968,0.8323216837831968,0.8423216837831968,0.8323216837831968,0.8223216837831968,0.8323216837831968,0.8423216837831968,0.8423216837831968,0.8423216837831968
624,0.8252279081235396,0.8252279081235396,0.8352279081235396,0.8352279081235396,0.8352279081235396,0.8452279081235397,0.8552279081235397,0.8552279081235397,0.8452279081235397,0.8452279081235397,0.8552279081235397,0.8452279081235397,0.8452279081235397
625,0.9126313516090319,0.9326313516090319,0.9076313516090319,0.8976313516090318,0.8776313516090318,0.8776313516090318,0.8776313516090318,0.8776313516090318,0.8676313516090318,0.8676313516090318,0.8776313516090318,0.8776313516090318,0.8776313516090318
626,0.8898757244680635,0.8998757244680635,0.8898757244680635,0.8598757244680635,0.8598757244680635,0.8598757244680635,0.8598757244680635,0.8498757244680635,0.8498757244680635,0.8548757244680635,0.8548757244680635,0.8548757244680635,0.8648757244680635
627,0.8726268709621161,0.8826268709621161,0.8826268709621161,0.8826268709621161,0.8926268709621161,0.9026268709621161,0.9126268709621161,0.9126268709621161,0.9126268709621161,0.8926268709621161,0.8826268709621161,0.8826268709621161,0.8926268709621161
628,0.8435131700290093,0.8335131700290093,0.8235131700290093,0.8435131700290093,0.8435131700290093,0.8435131700290093,0.8435131700290093,0.8435131700290093,0.8535131700290093,0.8535131700290093,0.8335131700290093,0.8235131700290093,0.8035131700290092
629,0.870308411574333,0.860308411574333,0.860308411574333,0.880308411574333,0.880308411574333,0.880308411574333,0.880308411574333,0.870308411574333,0.880308411574333,0.880308411574333,0.860308411574333,0.860308411574333,0.860308411574333
630,0.8218245427491657,0.8318245427491657,0.8318245427491657,0.8218245427491657,0.8218245427491657,0.8518245427491657,0.8518245427491657,0.8618245427491658,0.8568245427491658,0.8568245427491658,0.8468245427491657,0.8468245427491657,0.8468245427491657
631,0.9007042154984105,0.8807042154984105,0.8707042154984105,0.8807042154984105,0.8907042154984105,0.8907042154984105,0.8907042154984105,0.8907042154984105,0.8907042154984105,0.8907042154984105,0.8807042154984105,0.9007042154984105,0.9207042154984105
632,0.8279972425506149,0.8279972425506149,0.8079972425506149,0.8179972425506149,0.8079972425506149,0.8079972425506149,0.7979972425506149,0.8129972425506149,0.8129972425506149,0.8029972425506149,0.7929972425506149,0.7929972425506149,0.7929972425506149
633,0.8313590249662414,0.8413590249662414,0.8413590249662414,0.8413590249662414,0.8413590249662414,0.8313590249662414,0.8313590249662414,0.8213590249662414,0.8313590249662414,0.8113590249662413,0.8013590249662413,0.8013590249662413,0.7913590249662413
634,0.8377587758100551,0.8477587758100551,0.8577587758100551,0.8577587758100551,0.8577587758100551,0.8577587758100551,0.8577587758100551,0.8327587758100551,0.8327587758100551,0.8327587758100551,0.8327587758100551,0.8327587758100551,0.8027587758100551
635,0.9118098529411203,0.9118098529411203,0.9118098529411203,0.9218098529411203,0.9318098529411203,0.9318098529411203,0.9418098529411203,0.9418098529411203,0.9418098529411203,0.9518098529411203,0.9418098529411203,0.9318098529411203,0.9318098529411203
636,0.8047438757823457,0.8047438757823457,0.8147438757823458,0.8147438757823458,0.8047438757823457,0.8147438757823458,0.8047438757823457,0.8147438757823458,0.8047438757823457,0.8147438757823458,0.8147438757823458,0.8147438757823458,0.8147438757823458
637,0.8657919762177158,0.8657919762177158,0.8657919762177158,0.8657919762177158,0.8457919762177157,0.8457919762177157,0.8557919762177157,0.8557919762177157,0.8657919762177158,0.8557919762177157,0.8657919762177158,0.8557919762177157,0.8457919762177157
638,0.8778389225082617,0.8778389225082617,0.8778389225082617,0.8678389225082617,0.8478389225082616,0.8678389225082617,0.8478389225082616,0.8478389225082616,0.8478389225082616,0.8478389225082616,0.8578389225082617,0.8678389225082617,0.8478389225082616
639,0.8599409811409966,0.8599409811409966,0.8599409811409966,0.8599409811409966,0.8699409811409966,0.8699409811409966,0.8999409811409966,0.8999409811409966,0.8949409811409966,0.8749409811409966,0.8949409811409966,0.8949409811409966,0.8849409811409966
640,0.7833003886980888,0.7833003886980888,0.7933003886980888,0.7933003886980888,0.7933003886980888,0.7583003886980888,0.7483003886980888,0.7483003886980888,0.7483003886980888,0.7483003886980888,0.7483003886980888,0.7383003886980888,0.7383003886980888
641,0.8256979552236208,0.8256979552236208,0.8456979552236208,0.8456979552236208,0.8656979552236208,0.8606979552236208,0.8506979552236208,0.8606979552236208,0.8606979552236208,0.8406979552236208,0.8406979552236208,0.8306979552236208,0.8606979552236208
642,0.8479540895382649,0.8579540895382649,0.8179540895382649,0.8079540895382649,0.8079540895382649,0.8129540895382649,0.8129540895382649,0.8129540895382649,0.8329540895382649,0.8229540895382649,0.8129540895382649,0.8129540895382649,0.8229540895382649
643,0.9335892107846345,0.9035892107846345,0.9135892107846345,0.9035892107846345,0.9135892107846345,0.9035892107846345,0.9035892107846345,0.9035892107846345,0.8935892107846345,0.9035892107846345,0.9135892107846345,0.9385892107846345,0.9285892107846345
644,0.8513181691765483,0.8313181691765483,0.8513181691765483,0.8513181691765483,0.8513181691765483,0.8313181691765483,0.8313181691765483,0.8413181691765483,0.8313181691765483,0.8113181691765483,0.8313181691765483,0.8313181691765483,0.8413181691765483
645,0.8446551471362368,0.8446551471362368,0.8546551471362368,0.8546551471362368,0.8446551471362368,0.8246551471362368,0.8446551471362368,0.8446551471362368,0.8446551471362368,0.8546551471362368,0.8546551471362368,0.8246551471362368,0.8246551471362368
646,0.8178590802639117,0.8178590802639117,0.8378590802639118,0.8378590802639118,0.8378590802639118,0.8378590802639118,0.8478590802639118,0.8578590802639118,0.8528590802639118,0.8428590802639118,0.8228590802639117,0.8228590802639117,0.8228590802639117
647,0.8265339634167305,0.8165339634167305,0.8165339634167305,0.8465339634167305,0.8465339634167305,0.8465339634167305,0.8565339634167305,0.8465339634167305,0.8265339634167305,0.8265339634167305,0.8365339634167305,0.8465339634167305,0.8365339634167305
648,0.9192463474086666,0.9192463474086666,0.9192463474086666,0.9292463474086666,0.9292463474086666,0.9292463474086666,0.9192463474086666,0.9192463474086666,0.9192463474086666,0.9192463474086666,0.9092463474086666,0.9092463474086666,0.8892463474086666
649,0.8669279693502341,0.8669279693502341,0.8669279693502341,0.8669279693502341,0.8669279693502341,0.8669279693502341,0.8669279693502341,0.8669279693502341,0.8769279693502341,0.8569279693502341,0.8469279693502341,0.8369279693502341,0.8369279693502341
650,0.8575676611224994,0.8475676611224994,0.8575676611224994,0.8575676611224994,0.8675676611224994,0.8775676611224994,0.8675676611224994,0.8675676611224994,0.8775676611224994,0.8775676611224994,0.8875676611224994,0.8775676611224994,0.8775676611224994
651,0.7996766839979477,0.8096766839979477,0.8196766839979477,0.8196766839979477,0.8396766839979477,0.8396766839979477,0.8296766839979477,0.8296766839979477,0.8296766839979477,0.8196766839979477,0.8396766839979477,0.8396766839979477,0.8346766839979477
652,0.8269062837402431,0.8369062837402431,0.8069062837402431,0.7969062837402431,0.7869062837402431,0.7919062837402431,0.7919062837402431,0.8019062837402431,0.7919062837402431,0.8119062837402431,0.8119062837402431,0.8119062837402431,0.8119062837402431
653,0.8002321943862251,0.780232194386225,0.760232194386225,0.760232194386225,0.765232194386225,0.775232194386225,0.775232194386225,0.765232194386225,0.785232194386225,0.765232194386225,0.765232194386225,0.765232194386225,0.775232194386225
654,0.8384609595978393,0.8484609595978393,0.8584609595978393,0.8484609595978393,0.8584609595978393,0.8334609595978393,0.8334609595978393,0.8334609595978393,0.8434609595978393,0.8434609595978393,0.8434609595978393,0.8434609595978393,0.8434609595978393
655,0.8562048735311718,0.8662048735311718,0.8362048735311718,0.8262048735311718,0.8262048735311718,0.8162048735311718,0.8162048735311718,0.8162048735311718,0.8162048735311718,0.8162048735311718,0.8162048735311718,0.8162048735311718,0.8162048735311718
656,0.8667486474037609,0.8667486474037609,0.8467486474037609,0.8567486474037609,0.8567486474037609,0.8567486474037609,0.8667486474037609,0.8667486474037609,0.8667486474037609,0.8667486474037609,0.8667486474037609,0.8467486474037609,0.8467486474037609
657,0.8309814774416115,0.8209814774416115,0.8209814774416115,0.8609814774416116,0.8609814774416116,0.8709814774416116,0.8609814774416116,0.8609814774416116,0.8709814774416116,0.8409814774416116,0.8409814774416116,0.8509814774416116,0.8609814774416116
658,0.807605999139725,0.807605999139725,0.787605999139725,0.787605999139725,0.797605999139725,0.807605999139725,0.817605999139725,0.817605999139725,0.817605999139725,0.847605999139725,0.847605999139725,0.847605999139725,0.847605999139725
659,0.8246295409999994,0.8346295409999994,0.8346295409999994,0.8546295409999994,0.8546295409999994,0.8546295409999994,0.8546295409999994,0.8546295409999994,0.8546295409999994,0.8446295409999994,0.8446295409999994,0.8346295409999994,0.8346295409999994
660,0.8622213510123504,0.8622213510123504,0.8722213510123504,0.8722213510123504,0.8522213510123504,0.8622213510123504,0.8822213510123504,0.8822213510123504,0.8822213510123504,0.8722213510123504,0.8722213510123504,0.8622213510123504,0.8622213510123504
661,0.8624841183377053,0.8524841183377053,0.8724841183377053,0.8624841183377053,0.8624841183377053,0.8624841183377053,0.8624841183377053,0.8624841183377053,0.8624841183377053,0.8624841183377053,0.8424841183377053,0.8624841183377053,0.8524841183377053
662,0.9023448577711394,0.9023448577711394,0.9023448577711394,0.9023448577711394,0.8923448577711394,0.8823448577711394,0.9023448577711394,0.9023448577711394,0.9123448577711394,0.8923448577711394,0.8923448577711394,0.9023448577711394,0.9023448577711394
663,0.8600809657667013,0.8800809657667014,0.8800809657667014,0.8800809657667014,0.8700809657667014,0.8700809657667014,0.8700809657667014,0.8700809657667014,0.8700809657667014,0.8700809657667014,0.8600809657667013,0.8600809657667013,0.8500809657667013
664,0.7734996870375694,0.7634996870375694,0.7734996870375694,0.7634996870375694,0.7634996870375694,0.7834996870375694,0.7834996870375694,0.8134996870375695,0.7934996870375695,0.8034996870375695,0.8034996870375695,0.8034996870375695,0.8034996870375695
665,0.8677241674356776,0.8577241674356776,0.8577241674356776,0.8577241674356776,0.8577241674356776,0.8577241674356776,0.8677241674356776,0.8677241674356776,0.8477241674356776,0.8477241674356776,0.8377241674356776,0.8377241674356776,0.8477241674356776
666,0.8427149487516198,0.8627149487516198,0.8527149487516198,0.8427149487516198,0.8527149487516198,0.8627149487516198,0.8727149487516198,0.8827149487516198,0.8727149487516198,0.8727149487516198,0.8577149487516198,0.8577149487516198,0.8477149487516198
667,0.8623006374811558,0.8523006374811558,0.8423006374811558,0.8623006374811558,0.8723006374811558,0.8723006374811558,0.8723006374811558,0.8823006374811558,0.8623006374811558,0.8623006374811558,0.8723006374811558,0.8823006374811558,0.8823006374811558
668,0.8821291620406366,0.8821291620406366,0.8821291620406366,0.8821291620406366,0.8821291620406366,0.8521291620406366,0.8721291620406366,0.8921291620406366,0.8821291620406366,0.8821291620406366,0.8921291620406366,0.8921291620406366,0.9021291620406366
669,0.8156276237369232,0.8256276237369232,0.8256276237369232,0.8256276237369232,0.8356276237369232,0.8456276237369232,0.8456276237369232,0.8456276237369232,0.8256276237369232,0.8456276237369232,0.8556276237369232,0.8506276237369232,0.8406276237369232
670,0.857700669550396,0.867700669550396,0.8977006695503961,0.877700669550396,0.867700669550396,0.867700669550396,0.867700669550396,0.867700669550396,0.8877006695503961,0.877700669550396,0.867700669550396,0.847700669550396,0.847700669550396
671,0.8520599993902797,0.8420599993902796,0.8520599993902797,0.8520599993902797,0.8620599993902797,0.8720599993902797,0.8920599993902797,0.8870599993902797,0.8770599993902797,0.8570599993902797,0.8570599993902797,0.8570599993902797,0.8370599993902796
672,0.9051353006239402,0.9151353006239402,0.9151353006239402,0.9351353006239402,0.9451353006239402,0.9401353006239402,0.9401353006239402,0.9301353006239402,0.9401353006239402,0.9401353006239402,0.9101353006239402,0.9101353006239402,0.9201353006239402
673,0.8272466995584566,0.8272466995584566,0.8272466995584566,0.8472466995584567,0.8272466995584566,0.8072466995584566,0.8072466995584566,0.8172466995584566,0.8172466995584566,0.8172466995584566,0.8172466995584566,0.8072466995584566,0.8072466995584566
674,0.8724351234302533,0.8724351234302533,0.8724351234302533,0.8624351234302533,0.8624351234302533,0.8624351234302533,0.8724351234302533,0.8924351234302533,0.8824351234302533,0.8824351234302533,0.8724351234302533,0.8924351234302533,0.9024351234302533
675,0.853180358216937,0.8631803582169371,0.853180358216937,0.853180358216937,0.8631803582169371,0.8631803582169371,0.8731803582169371,0.8831803582169371,0.8831803582169371,0.8931803582169371,0.8931803582169371,0.8731803582169371,0.8731803582169371
676,0.810659377937512,0.800659377937512,0.790659377937512,0.790659377937512,0.780659377937512,0.780659377937512,0.790659377937512,0.790659377937512,0.810659377937512,0.790659377937512,0.790659377937512,0.790659377937512,0.815659377937512
677,0.8935258620741428,0.8935258620741428,0.8935258620741428,0.8935258620741428,0.8935258620741428,0.8935258620741428,0.9035258620741428,0.9035258620741428,0.9235258620741428,0.9135258620741428,0.9035258620741428,0.9035258620741428,0.9035258620741428
678,0.8206257690127788,0.8406257690127789,0.8406257690127789,0.8406257690127789,0.8406257690127789,0.8506257690127789,0.8506257690127789,0.8506257690127789,0.8506257690127789,0.8506257690127789,0.8306257690127788,0.8306257690127788,0.8306257690127788
679,0.8628396174821003,0.8728396174821003,0.8728396174821003,0.8828396174821003,0.8828396174821003,0.8928396174821003,0.8778396174821003,0.8878396174821003,0.8878396174821003,0.8978396174821003,0.8878396174821003,0.8878396174821003,0.8878396174821003
680,0.8212438713697565,0.8212438713697565,0.8112438713697565,0.8112438713697565,0.8112438713697565,0.8212438713697565,0.8412438713697565,0.8612438713697566,0.8562438713697565,0.8462438713697565,0.8362438713697565,0.8162438713697565,0.8162438713697565
681,0.8855536262322107,0.8955536262322107,0.8955536262322107,0.9155536262322107,0.9055536262322107,0.9155536262322107,0.9155536262322107,0.8855536262322107,0.8855536262322107,0.8855536262322107,0.8755536262322107,0.8655536262322107,0.8905536262322107
682,0.8099460694689445,0.8199460694689445,0.8199460694689445,0.8199460694689445,0.8299460694689446,0.8399460694689446,0.8399460694689446,0.8399460694689446,0.8249460694689446,0.8349460694689446,0.8449460694689446,0.8349460694689446,0.8549460694689446
683,0.8275590739859378,0.8075590739859377,0.8375590739859378,0.8475590739859378,0.8375590739859378,0.8375590739859378,0.8375590739859378,0.8475590739859378,0.8575590739859378,0.8375590739859378,0.8475590739859378,0.8475590739859378,0.8675590739859378
684,0.8052736592551777,0.8052736592551777,0.8052736592551777,0.8052736592551777,0.8252736592551777,0.8252736592551777,0.8252736592551777,0.8252736592551777,0.8352736592551777,0.8252736592551777,0.8052736592551777,0.8052736592551777,0.8152736592551777
685,0.839093955856011,0.829093955856011,0.849093955856011,0.839093955856011,0.849093955856011,0.839093955856011,0.839093955856011,0.839093955856011,0.839093955856011,0.839093955856011,0.839093955856011,0.829093955856011,0.819093955856011
686,0.8304932795168938,0.8304932795168938,0.8304932795168938,0.8404932795168938,0.8304932795168938,0.8404932795168938,0.8404932795168938,0.8404932795168938,0.8404932795168938,0.8304932795168938,0.8404932795168938,0.8404932795168938,0.8404932795168938
687,0.8760131784294765,0.8660131784294764,0.8660131784294764,0.8660131784294764,0.8660131784294764,0.8460131784294764,0.8460131784294764,0.8360131784294764,0.8360131784294764,0.8410131784294764,0.8510131784294764,0.8510131784294764,0.8610131784294764
688,0.8575612189430937,0.8575612189430937,0.8575612189430937,0.8575612189430937,0.8575612189430937,0.8675612189430937,0.8675612189430937,0.8575612189430937,0.8575612189430937,0.8475612189430937,0.8575612189430937,0.8775612189430937,0.8775612189430937
689,0.8140687687734037,0.8140687687734037,0.8340687687734037,0.8440687687734038,0.8440687687734038,0.8540687687734038,0.8540687687734038,0.8240687687734037,0.8240687687734037,0.8340687687734037,0.8440687687734038,0.8540687687734038,0.8540687687734038
690,0.8503138444216038,0.8503138444216038,0.8503138444216038,0.8403138444216038,0.8403138444216038,0.8403138444216038,0.8203138444216038,0.8353138444216038,0.8353138444216038,0.8453138444216038,0.8453138444216038,0.8153138444216038,0.8353138444216038
691,0.9277232477479446,0.9277232477479446,0.9177232477479446,0.9477232477479446,0.9577232477479446,0.9577232477479446,0.9677232477479446,0.9477232477479446,0.9677232477479446,0.9627232477479446,0.9627232477479446,0.9527232477479446,0.9527232477479446
692,0.7986458614427339,0.7986458614427339,0.7986458614427339,0.7986458614427339,0.7986458614427339,0.7986458614427339,0.7686458614427338,0.7886458614427339,0.8086458614427339,0.8086458614427339,0.8186458614427339,0.8086458614427339,0.7986458614427339
693,0.8643128513589522,0.8743128513589522,0.8393128513589522,0.8293128513589522,0.8493128513589522,0.8593128513589522,0.8593128513589522,0.8393128513589522,0.8293128513589522,0.8493128513589522,0.8393128513589522,0.8393128513589522,0.8593128513589522
694,0.8887800158440136,0.8887800158440136,0.8687800158440135,0.8687800158440135,0.8587800158440135,0.8587800158440135,0.8737800158440135,0.8737800158440135,0.8637800158440135,0.8537800158440135,0.8537800158440135,0.8537800158440135,0.8737800158440135
695,0.8335624074181369,0.8235624074181369,0.8235624074181369,0.8235624074181369,0.8235624074181369,0.8235624074181369,0.8435624074181369,0.8435624074181369,0.8435624074181369,0.863562407418137,0.8485624074181369,0.8585624074181369,0.8585624074181369
696,0.7979822082547504,0.8079822082547504,0.8179822082547504,0.8079822082547504,0.8079822082547504,0.7979822082547504,0.8079822082547504,0.8079822082547504,0.8079822082547504,0.7979822082547504,0.8279822082547504,0.8279822082547504,0.8279822082547504
697,0.8376571483224714,0.8376571483224714,0.8476571483224714,0.8576571483224714,0.8476571483224714,0.8476571483224714,0.8476571483224714,0.8476571483224714,0.8576571483224714,0.8576571483224714,0.8576571483224714,0.8376571483224714,0.8376571483224714
698,0.8215825265547617,0.8115825265547617,0.8315825265547617,0.8315825265547617,0.8415825265547617,0.8515825265547617,0.8615825265547618,0.8565825265547617,0.8065825265547617,0.8365825265547617,0.8165825265547617,0.8365825265547617,0.8365825265547617
699,0.8883764520312138,0.8883764520312138,0.8883764520312138,0.8983764520312139,0.8983764520312139,0.8983764520312139,0.8883764520312138,0.8883764520312138,0.8883764520312138,0.8683764520312138,0.8583764520312138,0.8583764520312138,0.8583764520312138
700,0.9253431905811302,0.9253431905811302,0.9253431905811302,0.9153431905811302,0.9353431905811302,0.9453431905811303,0.9253431905811302,0.9153431905811302,0.9153431905811302,0.9053431905811302,0.8953431905811302,0.8853431905811302,0.8853431905811302
701,0.927552409203692,0.937552409203692,0.937552409203692,0.937552409203692,0.947552409203692,0.947552409203692,0.947552409203692,0.917552409203692,0.957552409203692,0.957552409203692,0.957552409203692,0.957552409203692,0.957552409203692
702,0.8015865960568876,0.8115865960568877,0.8115865960568877,0.8015865960568876,0.8015865960568876,0.8015865960568876,0.7815865960568876,0.7815865960568876,0.8015865960568876,0.7715865960568876,0.7615865960568876,0.7715865960568876,0.7715865960568876
703,0.7840275580531234,0.7840275580531234,0.7840275580531234,0.8040275580531234,0.8140275580531234,0.8140275580531234,0.8140275580531234,0.8040275580531234,0.7940275580531234,0.8040275580531234,0.8040275580531234,0.8040275580531234,0.7840275580531234
704,0.7991238533807521,0.7791238533807521,0.7791238533807521,0.7891238533807521,0.7791238533807521,0.7791238533807521,0.8041238533807521,0.8041238533807521,0.7941238533807521,0.7741238533807521,0.7741238533807521,0.7741238533807521,0.7841238533807521
705,0.7975177136807324,0.7975177136807324,0.8375177136807325,0.8325177136807325,0.8025177136807324,0.7825177136807324,0.7725177136807324,0.7625177136807324,0.7625177136807324,0.7625177136807324,0.7525177136807324,0.7525177136807324,0.7525177136807324
706,0.9292453657397131,0.919245365739713,0.919245365739713,0.9392453657397131,0.9292453657397131,0.899245365739713,0.909245365739713,0.909245365739713,0.919245365739713,0.9392453657397131,0.9492453657397131,0.9592453657397131,0.9692453657397131
707,0.8194002760278675,0.8094002760278675,0.7994002760278675,0.7994002760278675,0.7994002760278675,0.7994002760278675,0.7994002760278675,0.8094002760278675,0.8194002760278675,0.8194002760278675,0.8194002760278675,0.7994002760278675,0.7994002760278675
708,0.8086057269718177,0.8086057269718177,0.8086057269718177,0.8086057269718177,0.7786057269718176,0.7986057269718176,0.7986057269718176,0.7986057269718176,0.7986057269718176,0.7886057269718176,0.7986057269718176,0.7986057269718176,0.7886057269718176
709,0.8936122440446121,0.8936122440446121,0.8836122440446121,0.8636122440446121,0.8636122440446121,0.8536122440446121,0.8536122440446121,0.8736122440446121,0.8636122440446121,0.8636122440446121,0.8736122440446121,0.8736122440446121,0.8836122440446121
710,0.8663186824187618,0.8263186824187617,0.8263186824187617,0.8313186824187617,0.8413186824187617,0.8513186824187617,0.8513186824187617,0.8713186824187618,0.8713186824187618,0.8813186824187618,0.8713186824187618,0.8713186824187618,0.8613186824187617
711,0.8453033614622824,0.8553033614622824,0.8553033614622824,0.8453033614622824,0.8353033614622823,0.8253033614622823,0.8253033614622823,0.8353033614622823,0.8353033614622823,0.8353033614622823,0.8253033614622823,0.8253033614622823,0.8253033614622823
712,0.8705529594761177,0.8705529594761177,0.8605529594761177,0.8605529594761177,0.8705529594761177,0.8605529594761177,0.8605529594761177,0.8405529594761176,0.8305529594761176,0.8355529594761176,0.8755529594761177,0.8755529594761177,0.8655529594761177
713,0.8530741104830308,0.8830741104830309,0.8730741104830309,0.8430741104830308,0.8430741104830308,0.8230741104830308,0.8130741104830308,0.8180741104830308,0.8180741104830308,0.8280741104830308,0.8280741104830308,0.8480741104830308,0.8280741104830308
714,0.7978090653907649,0.7778090653907649,0.7678090653907649,0.7678090653907649,0.7678090653907649,0.7678090653907649,0.7678090653907649,0.7878090653907649,0.7778090653907649,0.7878090653907649,0.7878090653907649,0.7878090653907649,0.7878090653907649
715,0.811568022436199,0.811568022436199,0.811568022436199,0.821568022436199,0.821568022436199,0.851568022436199,0.851568022436199,0.846568022436199,0.846568022436199,0.836568022436199,0.826568022436199,0.816568022436199,0.816568022436199
716,0.8604774478363489,0.880477447836349,0.880477447836349,0.880477447836349,0.890477447836349,0.870477447836349,0.8504774478363489,0.8504774478363489,0.8604774478363489,0.8604774478363489,0.8504774478363489,0.8604774478363489,0.8404774478363489
717,0.8713093761360716,0.8713093761360716,0.8713093761360716,0.8413093761360716,0.8413093761360716,0.8313093761360716,0.8313093761360716,0.8313093761360716,0.8413093761360716,0.8413093761360716,0.8413093761360716,0.8513093761360716,0.8313093761360716
718,0.8666543031780306,0.8566543031780306,0.8566543031780306,0.8566543031780306,0.8466543031780306,0.8466543031780306,0.8566543031780306,0.8666543031780306,0.8566543031780306,0.8566543031780306,0.8366543031780306,0.8366543031780306,0.8566543031780306
719,0.8246554133004981,0.8246554133004981,0.8246554133004981,0.8246554133004981,0.8346554133004981,0.8246554133004981,0.8246554133004981,0.8146554133004981,0.8446554133004981,0.8346554133004981,0.8346554133004981,0.8346554133004981,0.8346554133004981
720,0.8715689127858812,0.8715689127858812,0.8715689127858812,0.8715689127858812,0.8715689127858812,0.8715689127858812,0.8815689127858812,0.8915689127858812,0.8715689127858812,0.9015689127858812,0.8865689127858812,0.8865689127858812,0.8865689127858812
721,0.86444081350092,0.88444081350092,0.88444081350092,0.8544408135009199,0.8544408135009199,0.8344408135009199,0.8344408135009199,0.8444408135009199,0.86444081350092,0.87444081350092,0.87444081350092,0.87444081350092,0.87444081350092
722,0.8424583836264985,0.8524583836264985,0.8124583836264985,0.8124583836264985,0.8224583836264985,0.8224583836264985,0.8324583836264985,0.8124583836264985,0.8124583836264985,0.8124583836264985,0.8224583836264985,0.8324583836264985,0.8324583836264985
723,0.8204255094125837,0.8304255094125838,0.8304255094125838,0.8404255094125838,0.8404255094125838,0.8504255094125838,0.8404255094125838,0.8404255094125838,0.8504255094125838,0.8504255094125838,0.8504255094125838,0.8504255094125838,0.8504255094125838
724,0.84471985874597,0.86471985874597,0.86471985874597,0.84471985874597,0.85471985874597,0.85471985874597,0.85471985874597,0.87471985874597,0.88471985874597,0.88471985874597,0.88471985874597,0.87471985874597,0.86471985874597
725,0.8237494401399448,0.8237494401399448,0.8237494401399448,0.8337494401399448,0.8437494401399448,0.8437494401399448,0.8137494401399448,0.8137494401399448,0.8037494401399448,0.8137494401399448,0.8337494401399448,0.8237494401399448,0.8137494401399448
726,0.8745144403806682,0.8745144403806682,0.8545144403806681,0.8445144403806681,0.8545144403806681,0.8445144403806681,0.8595144403806682,0.8495144403806681,0.8495144403806681,0.8495144403806681,0.8495144403806681,0.8595144403806682,0.8595144403806682
727,0.7847124248313593,0.7847124248313593,0.7747124248313593,0.7747124248313593,0.7547124248313593,0.7447124248313592,0.7447124248313592,0.7497124248313592,0.7497124248313592,0.7497124248313592,0.7497124248313592,0.7497124248313592,0.7697124248313593
728,0.8429997769883724,0.8329997769883724,0.8429997769883724,0.8329997769883724,0.8329997769883724,0.8429997769883724,0.8329997769883724,0.8129997769883723,0.8029997769883723,0.8029997769883723,0.8029997769883723,0.8079997769883723,0.8179997769883723
729,0.9378863406839697,0.9278863406839697,0.9278863406839697,0.9378863406839697,0.9478863406839697,0.9478863406839697,0.9378863406839697,0.9378863406839697,0.9378863406839697,0.9478863406839697,0.9478863406839697,0.9478863406839697,0.9478863406839697
730,0.8256096113286203,0.8256096113286203,0.8056096113286203,0.8056096113286203,0.8156096113286203,0.8156096113286203,0.8256096113286203,0.8256096113286203,0.8256096113286203,0.8256096113286203,0.8356096113286203,0.8356096113286203,0.8256096113286203
731,0.8413814182304997,0.8413814182304997,0.8413814182304997,0.8513814182304997,0.8413814182304997,0.8413814182304997,0.8513814182304997,0.8513814182304997,0.8613814182304997,0.8813814182304998,0.8813814182304998,0.8713814182304997,0.8713814182304997
732,0.8848001460280299,0.8848001460280299,0.8848001460280299,0.8748001460280299,0.8648001460280299,0.8748001460280299,0.8748001460280299,0.8648001460280299,0.8748001460280299,0.8948001460280299,0.8848001460280299,0.9048001460280299,0.9048001460280299
733,0.828709577573732,0.828709577573732,0.848709577573732,0.838709577573732,0.838709577573732,0.818709577573732,0.818709577573732,0.808709577573732,0.818709577573732,0.828709577573732,0.838709577573732,0.828709577573732,0.828709577573732
734,0.8469076478381705,0.8369076478381705,0.8369076478381705,0.8369076478381705,0.8469076478381705,0.8369076478381705,0.8469076478381705,0.8469076478381705,0.8469076478381705,0.8469076478381705,0.8369076478381705,0.8369076478381705,0.8269076478381705
735,0.8089177348138178,0.8089177348138178,0.8089177348138178,0.7989177348138178,0.7789177348138178,0.7939177348138178,0.7939177348138178,0.7639177348138178,0.7839177348138178,0.7839177348138178,0.7739177348138178,0.7839177348138178,0.7739177348138178
736,0.8646902728458523,0.8646902728458523,0.8846902728458523,0.8746902728458523,0.8746902728458523,0.8746902728458523,0.8846902728458523,0.8746902728458523,0.8646902728458523,0.8546902728458523,0.8446902728458523,0.8446902728458523,0.8346902728458523
737,0.9229157934241304,0.9229157934241304,0.9229157934241304,0.9329157934241304,0.9329157934241304,0.9329157934241304,0.9329157934241304,0.9429157934241305,0.9629157934241305,0.9629157934241305,0.9629157934241305,0.9429157934241305,0.9429157934241305
738,0.8953838339534245,0.8953838339534245,0.9153838339534245,0.9153838339534245,0.9153838339534245,0.9153838339534245,0.9253838339534245,0.9253838339534245,0.9253838339534245,0.9253838339534245,0.9103838339534245,0.9103838339534245,0.9103838339534245
739,0.8475838773672804,0.8475838773672804,0.8475838773672804,0.8375838773672803,0.8375838773672803,0.8375838773672803,0.8175838773672803,0.8175838773672803,0.8275838773672803,0.8275838773672803,0.8175838773672803,0.8075838773672803,0.8125838773672803
740,0.8805273396911539,0.8805273396911539,0.8805273396911539,0.900527339691154,0.910527339691154,0.910527339691154,0.895527339691154,0.895527339691154,0.895527339691154,0.895527339691154,0.895527339691154,0.8755273396911539,0.8755273396911539
741,0.8516219682425515,0.8416219682425515,0.8416219682425515,0.8616219682425516,0.8516219682425515,0.8516219682425515,0.8316219682425515,0.8216219682425515,0.8366219682425515,0.8566219682425515,0.8666219682425516,0.8666219682425516,0.8666219682425516
742,0.8556793790546782,0.8656793790546782,0.8656793790546782,0.8756793790546782,0.8656793790546782,0.8656793790546782,0.8556793790546782,0.8456793790546782,0.8256793790546781,0.8156793790546781,0.8156793790546781,0.8156793790546781,0.8156793790546781
743,0.9336156230425917,0.9336156230425917,0.9336156230425917,0.9336156230425917,0.9336156230425917,0.9236156230425917,0.9236156230425917,0.9536156230425917,0.9536156230425917,0.9536156230425917,0.9536156230425917,0.9536156230425917,0.9736156230425917
744,0.8911345770593604,0.8811345770593604,0.8911345770593604,0.9111345770593604,0.9311345770593604,0.9211345770593604,0.9211345770593604,0.9311345770593604,0.9211345770593604,0.9211345770593604,0.9311345770593604,0.9311345770593604,0.9211345770593604
745,0.768720507480896,0.768720507480896,0.778720507480896,0.778720507480896,0.778720507480896,0.768720507480896,0.7987205074808961,0.7987205074808961,0.7987205074808961,0.7987205074808961,0.7837205074808961,0.7937205074808961,0.753720507480896
746,0.815913825822392,0.835913825822392,0.845913825822392,0.835913825822392,0.845913825822392,0.845913825822392,0.8559138258223921,0.845913825822392,0.845913825822392,0.835913825822392,0.825913825822392,0.845913825822392,0.845913825822392
747,0.8029897506125645,0.8029897506125645,0.8129897506125645,0.8429897506125645,0.8429897506125645,0.8379897506125645,0.8279897506125645,0.8279897506125645,0.8279897506125645,0.8279897506125645,0.8379897506125645,0.8379897506125645,0.8379897506125645
748,0.882848775919305,0.882848775919305,0.882848775919305,0.882848775919305,0.882848775919305,0.912848775919305,0.912848775919305,0.902848775919305,0.892848775919305,0.902848775919305,0.882848775919305,0.872848775919305,0.872848775919305
749,0.8882692400785571,0.8882692400785571,0.8882692400785571,0.8882692400785571,0.8782692400785571,0.8782692400785571,0.8882692400785571,0.8782692400785571,0.8682692400785571,0.8682692400785571,0.8582692400785571,0.8732692400785571,0.8532692400785571
750,0.8775161821950911,0.8775161821950911,0.8775161821950911,0.8775161821950911,0.8775161821950911,0.8675161821950911,0.8575161821950911,0.8675161821950911,0.8575161821950911,0.8475161821950911,0.8475161821950911,0.8475161821950911,0.8625161821950911
751,0.8815904958858416,0.8915904958858416,0.9215904958858416,0.9215904958858416,0.9165904958858416,0.9065904958858416,0.9065904958858416,0.8865904958858416,0.8865904958858416,0.8765904958858416,0.8665904958858416,0.8765904958858416,0.9065904958858416
752,0.8247215727940119,0.8247215727940119,0.8147215727940119,0.8147215727940119,0.8147215727940119,0.8047215727940119,0.7947215727940119,0.7847215727940119,0.7947215727940119,0.8047215727940119,0.8047215727940119,0.7847215727940119,0.7897215727940119
753,0.853127464284372,0.853127464284372,0.853127464284372,0.863127464284372,0.873127464284372,0.863127464284372,0.873127464284372,0.873127464284372,0.883127464284372,0.8931274642843721,0.8931274642843721,0.8931274642843721,0.883127464284372
754,0.8810214449995495,0.8710214449995495,0.8710214449995495,0.8710214449995495,0.8910214449995495,0.8810214449995495,0.8910214449995495,0.9010214449995495,0.8910214449995495,0.8810214449995495,0.8910214449995495,0.8810214449995495,0.8710214449995495
755,0.844445073999287,0.834445073999287,0.804445073999287,0.809445073999287,0.829445073999287,0.819445073999287,0.809445073999287,0.819445073999287,0.819445073999287,0.799445073999287,0.799445073999287,0.809445073999287,0.829445073999287
756,0.8997747289115314,0.8897747289115314,0.9097747289115314,0.9197747289115314,0.9197747289115314,0.9197747289115314,0.9197747289115314,0.9197747289115314,0.9097747289115314,0.9297747289115315,0.9297747289115315,0.9097747289115314,0.9097747289115314
757,0.8718946018779683,0.8618946018779683,0.8518946018779683,0.8518946018779683,0.8418946018779683,0.8418946018779683,0.8418946018779683,0.8618946018779683,0.8618946018779683,0.8518946018779683,0.8418946018779683,0.8418946018779683,0.8418946018779683
758,0.8567815530852125,0.8567815530852125,0.8667815530852125,0.8667815530852125,0.8667815530852125,0.8767815530852126,0.8767815530852126,0.8767815530852126,0.8767815530852126,0.8767815530852126,0.8767815530852126,0.8767815530852126,0.8667815530852125
759,0.7898543824595973,0.7798543824595973,0.7798543824595973,0.7698543824595973,0.7898543824595973,0.8098543824595973,0.8198543824595973,0.8198543824595973,0.8198543824595973,0.8198543824595973,0.8198543824595973,0.8298543824595973,0.8198543824595973
760,0.8679613420846477,0.8679613420846477,0.8579613420846477,0.8679613420846477,0.8879613420846477,0.8879613420846477,0.8779613420846477,0.8879613420846477,0.8779613420846477,0.8779613420846477,0.8779613420846477,0.8779613420846477,0.8879613420846477
761,0.7772136672482322,0.7672136672482321,0.7572136672482321,0.7572136672482321,0.7472136672482321,0.7872136672482322,0.7872136672482322,0.7872136672482322,0.7772136672482322,0.7672136672482321,0.7572136672482321,0.7572136672482321,0.7572136672482321
762,0.8570923403948242,0.8570923403948242,0.8670923403948242,0.8470923403948242,0.8370923403948242,0.8570923403948242,0.8670923403948242,0.8670923403948242,0.8670923403948242,0.8670923403948242,0.8870923403948242,0.8870923403948242,0.8970923403948242
763,0.9066874447673612,0.9066874447673612,0.8866874447673612,0.8766874447673612,0.8766874447673612,0.8666874447673611,0.8866874447673612,0.8866874447673612,0.8866874447673612,0.8866874447673612,0.8866874447673612,0.8866874447673612,0.8966874447673612
764,0.9013396246710357,0.9013396246710357,0.9013396246710357,0.9213396246710357,0.9213396246710357,0.9113396246710357,0.8913396246710357,0.8913396246710357,0.9013396246710357,0.8813396246710357,0.9013396246710357,0.9013396246710357,0.9013396246710357
765,0.8452929669258098,0.8352929669258098,0.8352929669258098,0.8252929669258098,0.8502929669258098,0.8102929669258098,0.8102929669258098,0.8202929669258098,0.8202929669258098,0.8302929669258098,0.8302929669258098,0.8502929669258098,0.8502929669258098
766,0.8445946645090402,0.8545946645090402,0.8345946645090402,0.8545946645090402,0.8545946645090402,0.8545946645090402,0.8445946645090402,0.8445946645090402,0.8445946645090402,0.8345946645090402,0.8245946645090402,0.8245946645090402,0.8245946645090402
767,0.8449581805806721,0.8449581805806721,0.8449581805806721,0.824958180580672,0.804958180580672,0.804958180580672,0.809958180580672,0.809958180580672,0.809958180580672,0.809958180580672,0.819958180580672,0.8299581805806721,0.8299581805806721
768,0.9108006822828262,0.9308006822828262,0.9308006822828262,0.9308006822828262,0.9308006822828262,0.9208006822828262,0.9108006822828262,0.9108006822828262,0.9308006822828262,0.9408006822828262,0.9308006822828262,0.8908006822828262,0.8908006822828262
769,0.848756569017181,0.858756569017181,0.838756569017181,0.838756569017181,0.848756569017181,0.848756569017181,0.838756569017181,0.838756569017181,0.828756569017181,0.838756569017181,0.838756569017181,0.818756569017181,0.808756569017181
770,0.8153658893414477,0.8053658893414477,0.8053658893414477,0.7953658893414477,0.7953658893414477,0.7953658893414477,0.8053658893414477,0.8053658893414477,0.8153658893414477,0.8253658893414477,0.8253658893414477,0.8153658893414477,0.8253658893414477
771,0.897984807816081,0.897984807816081,0.907984807816081,0.907984807816081,0.887984807816081,0.897984807816081,0.917984807816081,0.907984807816081,0.907984807816081,0.897984807816081,0.877984807816081,0.902984807816081,0.912984807816081
772,0.9118047523740714,0.9118047523740714,0.9118047523740714,0.9218047523740714,0.9018047523740714,0.8918047523740714,0.8818047523740714,0.8818047523740714,0.8718047523740714,0.8718047523740714,0.8768047523740714,0.8868047523740714,0.8868047523740714
773,0.8993101466033986,0.8893101466033986,0.8793101466033986,0.8893101466033986,0.8893101466033986,0.8893101466033986,0.8893101466033986,0.9093101466033986,0.8793101466033986,0.8993101466033986,0.8993101466033986,0.8993101466033986,0.8893101466033986
774,0.8053370131394407,0.8053370131394407,0.7953370131394407,0.7953370131394407,0.7953370131394407,0.7953370131394407,0.8053370131394407,0.7853370131394407,0.7853370131394407,0.7953370131394407,0.7853370131394407,0.8053370131394407,0.7953370131394407
775,0.865344838551831,0.895344838551831,0.880344838551831,0.880344838551831,0.880344838551831,0.880344838551831,0.900344838551831,0.880344838551831,0.890344838551831,0.880344838551831,0.880344838551831,0.870344838551831,0.860344838551831
776,0.8313961734810691,0.8213961734810691,0.8513961734810691,0.8213961734810691,0.8213961734810691,0.8213961734810691,0.8113961734810691,0.8113961734810691,0.8313961734810691,0.8313961734810691,0.8313961734810691,0.8313961734810691,0.8213961734810691
777,0.8905435858648127,0.9005435858648128,0.9005435858648128,0.8805435858648127,0.8905435858648127,0.8905435858648127,0.8805435858648127,0.8905435858648127,0.8905435858648127,0.8805435858648127,0.8805435858648127,0.8805435858648127,0.9105435858648128
778,0.7604324914541263,0.7604324914541263,0.7604324914541263,0.7604324914541263,0.7604324914541263,0.7504324914541263,0.7504324914541263,0.7404324914541263,0.7404324914541263,0.7404324914541263,0.7404324914541263,0.7204324914541262,0.7204324914541262
779,0.850281920105778,0.840281920105778,0.870281920105778,0.860281920105778,0.850281920105778,0.850281920105778,0.850281920105778,0.840281920105778,0.850281920105778,0.8202819201057779,0.830281920105778,0.840281920105778,0.840281920105778
780,0.7360349873616625,0.7360349873616625,0.7260349873616625,0.7260349873616625,0.7060349873616625,0.6960349873616625,0.6960349873616625,0.7010349873616625,0.7010349873616625,0.7110349873616625,0.7210349873616625,0.7410349873616625,0.7610349873616625
781,0.8721817764651342,0.8721817764651342,0.8721817764651342,0.8721817764651342,0.8621817764651342,0.8321817764651341,0.8321817764651341,0.8371817764651341,0.8571817764651342,0.8571817764651342,0.8871817764651342,0.8871817764651342,0.8871817764651342
782,0.8789426462197174,0.8789426462197174,0.8589426462197174,0.8589426462197174,0.8589426462197174,0.8589426462197174,0.8689426462197174,0.8689426462197174,0.8589426462197174,0.8389426462197174,0.8489426462197174,0.8489426462197174,0.8589426462197174
783,0.8360308211547072,0.8360308211547072,0.8260308211547072,0.8260308211547072,0.8260308211547072,0.8260308211547072,0.8260308211547072,0.8160308211547072,0.8160308211547072,0.8160308211547072,0.8060308211547071,0.8060308211547071,0.8210308211547072
784,0.8657556935609746,0.8957556935609746,0.8807556935609746,0.8907556935609746,0.8907556935609746,0.8907556935609746,0.8707556935609746,0.8607556935609746,0.8607556935609746,0.8607556935609746,0.8607556935609746,0.8507556935609746,0.8507556935609746
785,0.8772332561438396,0.8872332561438396,0.8872332561438396,0.8972332561438396,0.8972332561438396,0.8972332561438396,0.8972332561438396,0.8872332561438396,0.8872332561438396,0.8872332561438396,0.8872332561438396,0.8872332561438396,0.8672332561438396
786,0.9376673561501148,0.9376673561501148,0.9376673561501148,0.9376673561501148,0.9276673561501148,0.9276673561501148,0.9176673561501147,0.9276673561501148,0.9276673561501148,0.9376673561501148,0.9376673561501148,0.9476673561501148,0.9576673561501148
787,0.8420370828513309,0.852037082851331,0.852037082851331,0.8420370828513309,0.8220370828513309,0.8120370828513309,0.8120370828513309,0.8220370828513309,0.8120370828513309,0.8320370828513309,0.8320370828513309,0.8120370828513309,0.8020370828513309
788,0.8883019237417519,0.8783019237417519,0.8883019237417519,0.8483019237417518,0.8483019237417518,0.8683019237417519,0.8683019237417519,0.8683019237417519,0.8683019237417519,0.8583019237417518,0.8783019237417519,0.8883019237417519,0.8983019237417519
789,0.8360364810115024,0.8360364810115024,0.8460364810115024,0.8460364810115024,0.8660364810115024,0.8760364810115024,0.8710364810115024,0.8610364810115024,0.8410364810115024,0.8410364810115024,0.8310364810115024,0.8410364810115024,0.8510364810115024
790,0.8924228447687652,0.9124228447687652,0.9224228447687652,0.9074228447687652,0.9174228447687652,0.9274228447687652,0.9174228447687652,0.9174228447687652,0.9274228447687652,0.9174228447687652,0.9074228447687652,0.9274228447687652,0.9274228447687652
791,0.8083300834028042,0.8083300834028042,0.8183300834028042,0.8183300834028042,0.8083300834028042,0.8083300834028042,0.8083300834028042,0.8083300834028042,0.8183300834028042,0.8083300834028042,0.7883300834028042,0.7883300834028042,0.7983300834028042
792,0.879076543118006,0.859076543118006,0.869076543118006,0.869076543118006,0.859076543118006,0.859076543118006,0.849076543118006,0.869076543118006,0.879076543118006,0.899076543118006,0.889076543118006,0.889076543118006,0.919076543118006
793,0.8290737804776908,0.8290737804776908,0.8290737804776908,0.8190737804776907,0.8190737804776907,0.8290737804776908,0.8290737804776908,0.8190737804776907,0.8190737804776907,0.8090737804776907,0.8340737804776908,0.8340737804776908,0.8240737804776908
794,0.8683436464216044,0.8683436464216044,0.8483436464216044,0.8483436464216044,0.8483436464216044,0.8483436464216044,0.8383436464216044,0.8383436464216044,0.8383436464216044,0.8283436464216044,0.8383436464216044,0.8533436464216044,0.8533436464216044
795,0.8300968189021409,0.8300968189021409,0.8200968189021409,0.7900968189021409,0.8000968189021409,0.8200968189021409,0.8100968189021409,0.8100968189021409,0.8100968189021409,0.8100968189021409,0.8100968189021409,0.8350968189021409,0.8350968189021409
796,0.8503471973609885,0.8603471973609885,0.8703471973609885,0.8803471973609885,0.8803471973609885,0.8903471973609886,0.8903471973609886,0.8853471973609885,0.8853471973609885,0.8753471973609885,0.8753471973609885,0.8753471973609885,0.8753471973609885
797,0.9240627771603873,0.9140627771603873,0.9140627771603873,0.9140627771603873,0.9440627771603873,0.9440627771603873,0.9190627771603873,0.9290627771603873,0.9490627771603873,0.9590627771603873,0.9590627771603873,0.9690627771603874,0.9690627771603874
798,0.8020812214254409,0.8220812214254409,0.8220812214254409,0.8220812214254409,0.8320812214254409,0.8320812214254409,0.8220812214254409,0.8220812214254409,0.8120812214254409,0.8120812214254409,0.8220812214254409,0.8320812214254409,0.8220812214254409
799,0.8267946902597504,0.8267946902597504,0.8467946902597504,0.8467946902597504,0.8467946902597504,0.8567946902597504,0.8367946902597504,0.8367946902597504,0.8367946902597504,0.8567946902597504,0.8567946902597504,0.8567946902597504,0.8567946902597504
800,0.8303577440920011,0.8303577440920011,0.8403577440920011,0.8303577440920011,0.8303577440920011,0.8203577440920011,0.8203577440920011,0.8003577440920011,0.8003577440920011,0.8203577440920011,0.8203577440920011,0.8203577440920011,0.8203577440920011
801,0.7882862433707051,0.7882862433707051,0.7882862433707051,0.7882862433707051,0.7882862433707051,0.7982862433707051,0.7982862433707051,0.7982862433707051,0.8182862433707051,0.8032862433707051,0.8232862433707051,0.8132862433707051,0.8032862433707051
802,0.8716874235056818,0.8716874235056818,0.8916874235056819,0.8916874235056819,0.9116874235056819,0.9016874235056819,0.8866874235056819,0.8766874235056819,0.8766874235056819,0.8866874235056819,0.8866874235056819,0.9066874235056819,0.9066874235056819
803,0.8948090982559002,0.8948090982559002,0.8948090982559002,0.8848090982559002,0.8848090982559002,0.8848090982559002,0.8848090982559002,0.8748090982559001,0.8548090982559001,0.8548090982559001,0.8548090982559001,0.8548090982559001,0.8598090982559001
804,0.9012846299800443,0.9012846299800443,0.9112846299800443,0.9112846299800443,0.9112846299800443,0.9112846299800443,0.9012846299800443,0.9012846299800443,0.9112846299800443,0.8912846299800443,0.8912846299800443,0.8612846299800443,0.8662846299800443
805,0.8486548065003282,0.8486548065003282,0.8186548065003282,0.8186548065003282,0.8186548065003282,0.8186548065003282,0.8286548065003282,0.8486548065003282,0.8486548065003282,0.8286548065003282,0.8486548065003282,0.8486548065003282,0.8486548065003282
806,0.9216087730778473,0.9216087730778473,0.9116087730778473,0.9116087730778473,0.9016087730778473,0.9116087730778473,0.8916087730778472,0.9066087730778473,0.9266087730778473,0.9266087730778473,0.9266087730778473,0.9266087730778473,0.9266087730778473
807,0.8909317646633221,0.8909317646633221,0.8909317646633221,0.8909317646633221,0.8909317646633221,0.9109317646633222,0.9009317646633221,0.9009317646633221,0.9009317646633221,0.8909317646633221,0.8809317646633221,0.8809317646633221,0.8709317646633221
808,0.851885954548836,0.841885954548836,0.851885954548836,0.871885954548836,0.891885954548836,0.886885954548836,0.886885954548836,0.856885954548836,0.856885954548836,0.856885954548836,0.876885954548836,0.836885954548836,0.836885954548836
809,0.8541115144575057,0.8641115144575057,0.8541115144575057,0.8541115144575057,0.8441115144575057,0.8441115144575057,0.8441115144575057,0.8441115144575057,0.8241115144575056,0.8141115144575056,0.8191115144575056,0.8291115144575056,0.8291115144575056
810,0.8265727180929001,0.8265727180929001,0.8265727180929001,0.8265727180929001,0.8365727180929001,0.8365727180929001,0.8465727180929001,0.8265727180929001,0.8265727180929001,0.8365727180929001,0.8265727180929001,0.8265727180929001,0.8265727180929001
811,0.8640986598062895,0.8540986598062895,0.8440986598062895,0.8440986598062895,0.8740986598062895,0.8640986598062895,0.8840986598062895,0.8840986598062895,0.8590986598062895,0.8590986598062895,0.8590986598062895,0.8590986598062895,0.8690986598062895
812,0.803385713692445,0.803385713692445,0.8133857136924451,0.8433857136924451,0.8433857136924451,0.8383857136924451,0.8383857136924451,0.8283857136924451,0.8283857136924451,0.8183857136924451,0.788385713692445,0.788385713692445,0.788385713692445
813,0.931553506945221,0.951553506945221,0.951553506945221,0.951553506945221,0.951553506945221,0.951553506945221,0.951553506945221,0.931553506945221,0.941553506945221,0.951553506945221,0.921553506945221,0.901553506945221,0.901553506945221
814,0.8632647397864646,0.8632647397864646,0.8632647397864646,0.8732647397864646,0.8932647397864646,0.8932647397864646,0.9032647397864646,0.9032647397864646,0.8932647397864646,0.8932647397864646,0.8932647397864646,0.8932647397864646,0.8932647397864646
815,0.8940053195018297,0.9040053195018297,0.9040053195018297,0.9040053195018297,0.9040053195018297,0.8940053195018297,0.8940053195018297,0.8940053195018297,0.8940053195018297,0.9140053195018297,0.9140053195018297,0.9240053195018297,0.9340053195018297
816,0.8267782801102914,0.8567782801102914,0.8567782801102914,0.8417782801102914,0.8417782801102914,0.8417782801102914,0.8317782801102914,0.8217782801102914,0.8317782801102914,0.8317782801102914,0.8417782801102914,0.8317782801102914,0.8417782801102914
817,0.881296837101713,0.881296837101713,0.881296837101713,0.891296837101713,0.901296837101713,0.901296837101713,0.881296837101713,0.881296837101713,0.881296837101713,0.881296837101713,0.861296837101713,0.861296837101713,0.841296837101713
818,0.8934890991385992,0.8934890991385992,0.9034890991385992,0.9134890991385992,0.8934890991385992,0.8834890991385992,0.8834890991385992,0.8834890991385992,0.9034890991385992,0.9134890991385992,0.9234890991385992,0.9234890991385992,0.9234890991385992
819,0.876786551804839,0.886786551804839,0.851786551804839,0.831786551804839,0.831786551804839,0.831786551804839,0.841786551804839,0.841786551804839,0.851786551804839,0.841786551804839,0.831786551804839,0.831786551804839,0.831786551804839
820,0.8526444054143532,0.8626444054143532,0.8626444054143532,0.8826444054143532,0.8826444054143532,0.8726444054143532,0.8726444054143532,0.8926444054143532,0.8826444054143532,0.8726444054143532,0.8726444054143532,0.8726444054143532,0.8726444054143532
821,0.7854529456600473,0.7954529456600473,0.7954529456600473,0.8054529456600473,0.7954529456600473,0.7954529456600473,0.7854529456600473,0.7954529456600473,0.7954529456600473,0.8054529456600473,0.8054529456600473,0.8054529456600473,0.7854529456600473
822,0.7783621242854376,0.7683621242854376,0.7583621242854376,0.7583621242854376,0.7683621242854376,0.7683621242854376,0.7583621242854376,0.7683621242854376,0.7683621242854376,0.7683621242854376,0.7683621242854376,0.7683621242854376,0.7683621242854376
823,0.8680124526545747,0.8780124526545747,0.8780124526545747,0.8580124526545747,0.8580124526545747,0.8580124526545747,0.8580124526545747,0.8580124526545747,0.8580124526545747,0.8580124526545747,0.8580124526545747,0.8380124526545747,0.8380124526545747
824,0.8997432085114363,0.8897432085114363,0.8997432085114363,0.8997432085114363,0.9097432085114363,0.9197432085114363,0.9097432085114363,0.9097432085114363,0.8897432085114363,0.8997432085114363,0.8797432085114363,0.8897432085114363,0.8997432085114363
825,0.870579506836763,0.870579506836763,0.860579506836763,0.870579506836763,0.890579506836763,0.900579506836763,0.890579506836763,0.900579506836763,0.900579506836763,0.910579506836763,0.905579506836763,0.905579506836763,0.905579506836763
826,0.8198538952120539,0.8198538952120539,0.8098538952120539,0.8098538952120539,0.8198538952120539,0.8098538952120539,0.8098538952120539,0.8198538952120539,0.8198538952120539,0.8298538952120539,0.8298538952120539,0.7998538952120539,0.8198538952120539
827,0.8076793587890734,0.7976793587890734,0.7876793587890734,0.7876793587890734,0.7876793587890734,0.7876793587890734,0.7876793587890734,0.7876793587890734,0.8176793587890734,0.7876793587890734,0.8126793587890734,0.8026793587890734,0.8026793587890734
828,0.8979973657178905,0.8979973657178905,0.8979973657178905,0.8979973657178905,0.9179973657178905,0.8979973657178905,0.8979973657178905,0.9179973657178905,0.8979973657178905,0.9079973657178905,0.9079973657178905,0.8879973657178905,0.8679973657178904
829,0.8943515948055193,0.8943515948055193,0.8943515948055193,0.8743515948055193,0.8643515948055193,0.8543515948055193,0.8593515948055193,0.8593515948055193,0.8593515948055193,0.8593515948055193,0.8593515948055193,0.8593515948055193,0.8693515948055193
830,0.9177601552546466,0.9177601552546466,0.9077601552546466,0.9077601552546466,0.9177601552546466,0.9277601552546466,0.9277601552546466,0.9277601552546466,0.9277601552546466,0.9477601552546466,0.9577601552546466,0.9277601552546466,0.9177601552546466
831,0.8142703682516624,0.8042703682516624,0.8042703682516624,0.8042703682516624,0.8242703682516624,0.8042703682516624,0.8342703682516625,0.8542703682516625,0.8542703682516625,0.8492703682516625,0.8292703682516624,0.8392703682516625,0.8392703682516625
832,0.8325492934101547,0.8325492934101547,0.8325492934101547,0.8425492934101547,0.8525492934101547,0.8325492934101547,0.8225492934101547,0.8225492934101547,0.8225492934101547,0.8025492934101547,0.8125492934101547,0.8125492934101547,0.8225492934101547
833,0.8579328938586305,0.8479328938586305,0.8479328938586305,0.8379328938586305,0.8279328938586304,0.8379328938586305,0.8279328938586304,0.8279328938586304,0.8579328938586305,0.8379328938586305,0.8279328938586304,0.8479328938586305,0.8479328938586305
834,0.8712511694347134,0.8712511694347134,0.8612511694347134,0.8512511694347134,0.8512511694347134,0.8762511694347134,0.8762511694347134,0.8762511694347134,0.8762511694347134,0.8762511694347134,0.8962511694347134,0.8962511694347134,0.8962511694347134
835,0.8548146420521114,0.8548146420521114,0.8648146420521114,0.8348146420521114,0.8348146420521114,0.8448146420521114,0.8448146420521114,0.8248146420521114,0.8348146420521114,0.8348146420521114,0.8348146420521114,0.8348146420521114,0.8348146420521114
836,0.8503860409421977,0.8403860409421977,0.8603860409421977,0.8503860409421977,0.8503860409421977,0.8703860409421977,0.8603860409421977,0.8503860409421977,0.8503860409421977,0.8503860409421977,0.8603860409421977,0.8803860409421977,0.8803860409421977
837,0.8811549347303164,0.8911549347303164,0.8911549347303164,0.8911549347303164,0.8811549347303164,0.8811549347303164,0.8811549347303164,0.8811549347303164,0.8911549347303164,0.8911549347303164,0.8811549347303164,0.8711549347303164,0.8911549347303164
838,0.7903153182811697,0.7903153182811697,0.7903153182811697,0.7903153182811697,0.8003153182811698,0.8103153182811698,0.8103153182811698,0.8003153182811698,0.8003153182811698,0.8003153182811698,0.8003153182811698,0.8003153182811698,0.7803153182811697
839,0.8729338635820426,0.8529338635820426,0.8629338635820426,0.8629338635820426,0.8829338635820426,0.8829338635820426,0.8829338635820426,0.8629338635820426,0.8729338635820426,0.8829338635820426,0.8629338635820426,0.8529338635820426,0.8629338635820426
840,0.8100163490553979,0.8100163490553979,0.8100163490553979,0.7900163490553979,0.7900163490553979,0.7900163490553979,0.7800163490553979,0.7950163490553979,0.7950163490553979,0.7950163490553979,0.8050163490553979,0.7750163490553978,0.7650163490553978
841,0.9631549302464996,0.9631549302464996,0.9631549302464996,0.9831549302464996,0.9931549302464996,0.9931549302464996,0.9931549302464996,0.9781549302464996,0.9481549302464995,0.9381549302464995,0.9381549302464995,0.9281549302464995,0.9381549302464995
842,0.879790390754716,0.879790390754716,0.889790390754716,0.889790390754716,0.889790390754716,0.919790390754716,0.909790390754716,0.909790390754716,0.909790390754716,0.909790390754716,0.909790390754716,0.894790390754716,0.884790390754716
843,0.9250046606509428,0.9250046606509428,0.9450046606509428,0.9200046606509428,0.9000046606509428,0.9000046606509428,0.9000046606509428,0.9100046606509428,0.9100046606509428,0.9100046606509428,0.9100046606509428,0.9100046606509428,0.9100046606509428
844,0.887802235315932,0.887802235315932,0.877802235315932,0.877802235315932,0.877802235315932,0.8978022353159321,0.8978022353159321,0.9178022353159321,0.9078022353159321,0.9078022353159321,0.9178022353159321,0.9178022353159321,0.9178022353159321
845,0.8469614968151786,0.8469614968151786,0.8369614968151786,0.8469614968151786,0.8569614968151786,0.8469614968151786,0.8469614968151786,0.8469614968151786,0.8569614968151786,0.8869614968151787,0.8819614968151787,0.8819614968151787,0.8419614968151786
846,0.8789681361748519,0.8789681361748519,0.8889681361748519,0.8889681361748519,0.8889681361748519,0.8589681361748519,0.8589681361748519,0.8489681361748519,0.8489681361748519,0.8389681361748519,0.8589681361748519,0.8489681361748519,0.8389681361748519
847,0.8196256541945465,0.8096256541945465,0.7996256541945465,0.7896256541945464,0.7996256541945465,0.7796256541945464,0.7846256541945464,0.7946256541945464,0.7846256541945464,0.7846256541945464,0.7846256541945464,0.7846256541945464,0.7846256541945464
848,0.8823887543754093,0.8823887543754093,0.8823887543754093,0.8723887543754093,0.9023887543754093,0.9023887543754093,0.9023887543754093,0.8923887543754093,0.9023887543754093,0.9123887543754093,0.9023887543754093,0.8923887543754093,0.9023887543754093
849,0.84851246775635,0.85851246775635,0.85851246775635,0.85851246775635,0.85851246775635,0.85851246775635,0.84851246775635,0.82851246775635,0.82851246775635,0.82851246775635,0.81851246775635,0.82851246775635,0.82851246775635
850,0.8368832549365749,0.8368832549365749,0.8668832549365749,0.8568832549365749,0.8568832549365749,0.8468832549365749,0.8568832549365749,0.8368832549365749,0.8368832549365749,0.8368832549365749,0.8468832549365749,0.8468832549365749,0.8468832549365749
851,0.8884985447996117,0.8884985447996117,0.8984985447996117,0.8984985447996117,0.8984985447996117,0.9084985447996117,0.9084985447996117,0.9184985447996117,0.9184985447996117,0.9184985447996117,0.8884985447996117,0.8884985447996117,0.8884985447996117
852,0.8703925826009647,0.8603925826009647,0.8703925826009647,0.8703925826009647,0.9003925826009648,0.9003925826009648,0.9103925826009648,0.9003925826009648,0.8853925826009648,0.8853925826009648,0.8753925826009648,0.8753925826009648,0.9053925826009648
853,0.8533957450420248,0.8333957450420247,0.8133957450420247,0.8133957450420247,0.8133957450420247,0.8133957450420247,0.8133957450420247,0.8183957450420247,0.8383957450420247,0.8383957450420247,0.8383957450420247,0.8383957450420247,0.8683957450420248
854,0.8842882753378328,0.8842882753378328,0.8942882753378328,0.8942882753378328,0.8842882753378328,0.8842882753378328,0.8842882753378328,0.8842882753378328,0.8642882753378328,0.8642882753378328,0.8542882753378328,0.8742882753378328,0.8642882753378328
855,0.8224499433772469,0.8224499433772469,0.8224499433772469,0.8224499433772469,0.8324499433772469,0.8324499433772469,0.8124499433772469,0.8124499433772469,0.8124499433772469,0.8024499433772468,0.7924499433772468,0.7924499433772468,0.8074499433772468
856,0.9790018045979076,0.9690018045979076,0.9690018045979076,0.9690018045979076,0.9690018045979076,0.9790018045979076,0.9790018045979076,0.9890018045979077,1.0,1.0,1.0,1.0,0.98
857,0.8281315470713552,0.8381315470713552,0.8381315470713552,0.8281315470713552,0.8481315470713552,0.8481315470713552,0.8481315470713552,0.8381315470713552,0.8481315470713552,0.8481315470713552,0.8481315470713552,0.8581315470713552,0.8681315470713552
858,0.8304024034628554,0.8304024034628554,0.8204024034628554,0.8304024034628554,0.8304024034628554,0.8304024034628554,0.8204024034628554,0.8504024034628554,0.8504024034628554,0.8504024034628554,0.8504024034628554,0.8404024034628554,0.8304024034628554
859,0.811701975284329,0.801701975284329,0.811701975284329,0.811701975284329,0.811701975284329,0.801701975284329,0.801701975284329,0.801701975284329,0.821701975284329,0.801701975284329,0.7817019752843289,0.791701975284329,0.811701975284329
860,0.8761208092708821,0.8561208092708821,0.8561208092708821,0.8561208092708821,0.8761208092708821,0.8561208092708821,0.8461208092708821,0.8461208092708821,0.8461208092708821,0.8361208092708821,0.8411208092708821,0.8411208092708821,0.8511208092708821
861,0.8692889048241069,0.8692889048241069,0.8592889048241069,0.8692889048241069,0.899288904824107,0.899288904824107,0.899288904824107,0.899288904824107,0.8892889048241069,0.8892889048241069,0.899288904824107,0.909288904824107,0.899288904824107
862,0.8830402818540194,0.8730402818540194,0.8730402818540194,0.9030402818540194,0.8930402818540194,0.8830402818540194,0.8830402818540194,0.8630402818540194,0.8630402818540194,0.8630402818540194,0.8630402818540194,0.8530402818540194,0.8630402818540194
863,0.8468726418466213,0.8368726418466212,0.8468726418466213,0.8468726418466213,0.8368726418466212,0.8268726418466212,0.8268726418466212,0.8268726418466212,0.8268726418466212,0.8268726418466212,0.8268726418466212,0.8268726418466212,0.8268726418466212
864,0.8125759277574339,0.7925759277574339,0.7925759277574339,0.7925759277574339,0.8025759277574339,0.8025759277574339,0.8325759277574339,0.8325759277574339,0.8225759277574339,0.8225759277574339,0.8225759277574339,0.8225759277574339,0.8225759277574339
865,0.8540763421193363,0.8640763421193363,0.8340763421193362,0.8540763421193363,0.8440763421193362,0.8540763421193363,0.8440763421193362,0.8240763421193362,0.8240763421193362,0.8140763421193362,0.8240763421193362,0.8240763421193362,0.8140763421193362
866,0.8992126065643381,0.8892126065643381,0.8992126065643381,0.8892126065643381,0.8792126065643381,0.8992126065643381,0.9092126065643381,0.9292126065643381,0.9292126065643381,0.9192126065643381,0.9192126065643381,0.9192126065643381,0.9392126065643381
867,0.9077011831019487,0.9077011831019487,0.9077011831019487,0.9077011831019487,0.8977011831019487,0.8777011831019487,0.8877011831019487,0.8877011831019487,0.8977011831019487,0.8977011831019487,0.8977011831019487,0.8677011831019487,0.8777011831019487
868,0.8539172476273451,0.8539172476273451,0.8339172476273451,0.8239172476273451,0.8239172476273451,0.8239172476273451,0.8389172476273451,0.8489172476273451,0.8489172476273451,0.8689172476273451,0.8889172476273451,0.8789172476273451,0.8789172476273451
869,0.8698400366120553,0.8698400366120553,0.8498400366120553,0.8398400366120553,0.8598400366120553,0.8498400366120553,0.8298400366120553,0.8498400366120553,0.8498400366120553,0.8498400366120553,0.8598400366120553,0.8498400366120553,0.8598400366120553
870,0.8096841588226181,0.8096841588226181,0.8096841588226181,0.7796841588226181,0.7896841588226181,0.7796841588226181,0.7796841588226181,0.7796841588226181,0.7996841588226181,0.7996841588226181,0.7696841588226181,0.7696841588226181,0.7746841588226181
871,0.7973794343895132,0.7973794343895132,0.7973794343895132,0.8073794343895132,0.8173794343895132,0.7973794343895132,0.8073794343895132,0.8073794343895132,0.8273794343895132,0.8273794343895132,0.8173794343895132,0.8173794343895132,0.8173794343895132
872,0.8512326269275288,0.8512326269275288,0.8312326269275288,0.8312326269275288,0.8412326269275288,0.8512326269275288,0.8512326269275288,0.8512326269275288,0.8512326269275288,0.8612326269275288,0.8512326269275288,0.8412326269275288,0.8412326269275288
873,0.7856301939667034,0.7956301939667034,0.8056301939667034,0.8056301939667034,0.7956301939667034,0.8056301939667034,0.8056301939667034,0.8056301939667034,0.7956301939667034,0.7956301939667034,0.8056301939667034,0.7956301939667034,0.8056301939667034
874,0.9218437419661929,0.9118437419661929,0.9118437419661929,0.9118437419661929,0.9218437419661929,0.9418437419661929,0.9418437419661929,0.9318437419661929,0.9418437419661929,0.9318437419661929,0.9318437419661929,0.9418437419661929,0.9218437419661929
875,0.8331698382191841,0.8331698382191841,0.8231698382191841,0.8231698382191841,0.8231698382191841,0.8331698382191841,0.8231698382191841,0.8131698382191841,0.8031698382191841,0.8131698382191841,0.8131698382191841,0.8131698382191841,0.8231698382191841
876,0.7671052292804357,0.7771052292804357,0.7571052292804357,0.7571052292804357,0.7571052292804357,0.7771052292804357,0.7671052292804357,0.7971052292804357,0.7971052292804357,0.7971052292804357,0.7971052292804357,0.7871052292804357,0.7871052292804357
877,0.9444768396335776,0.9444768396335776,0.9444768396335776,0.9244768396335776,0.9244768396335776,0.9244768396335776,0.9344768396335776,0.9444768396335776,0.9144768396335776,0.9144768396335776,0.9044768396335776,0.9044768396335776,0.9094768396335776
878,0.8495912553374799,0.8495912553374799,0.8395912553374799,0.8495912553374799,0.8495912553374799,0.8495912553374799,0.8495912553374799,0.8595912553374799,0.8595912553374799,0.8495912553374799,0.8495912553374799,0.8495912553374799,0.8295912553374799
879,0.8846950719208369,0.8946950719208369,0.8946950719208369,0.8946950719208369,0.8846950719208369,0.8746950719208368,0.8546950719208368,0.8546950719208368,0.8546950719208368,0.8746950719208368,0.8746950719208368,0.8846950719208369,0.8746950719208368
880,0.8521188897980525,0.8621188897980525,0.8621188897980525,0.8621188897980525,0.8521188897980525,0.8521188897980525,0.8521188897980525,0.8921188897980525,0.8921188897980525,0.8871188897980525,0.8771188897980525,0.8671188897980525,0.8671188897980525
881,0.7709897074809952,0.7609897074809951,0.7509897074809951,0.7609897074809951,0.7709897074809952,0.7809897074809952,0.7809897074809952,0.7909897074809952,0.7909897074809952,0.7809897074809952,0.7809897074809952,0.7809897074809952,0.7409897074809951
882,0.8125418967209234,0.8225418967209234,0.8225418967209234,0.8325418967209234,0.8225418967209234,0.8225418967209234,0.8225418967209234,0.8325418967209234,0.8325418967209234,0.8325418967209234,0.8225418967209234,0.8225418967209234,0.8325418967209234
883,0.8907550320980988,0.8907550320980988,0.8907550320980988,0.9307550320980988,0.9307550320980988,0.9257550320980988,0.9257550320980988,0.9157550320980988,0.9257550320980988,0.9157550320980988,0.9057550320980988,0.9157550320980988,0.9057550320980988
884,0.9041586605701919,0.8941586605701919,0.8841586605701919,0.8941586605701919,0.8941586605701919,0.9041586605701919,0.8841586605701919,0.8941586605701919,0.8941586605701919,0.8741586605701919,0.8741586605701919,0.8741586605701919,0.8741586605701919
885,0.8638050424861087,0.8638050424861087,0.8738050424861087,0.9038050424861087,0.9038050424861087,0.9038050424861087,0.8738050424861087,0.8738050424861087,0.8738050424861087,0.8738050424861087,0.8838050424861087,0.8938050424861087,0.8938050424861087
886,0.8527491130377369,0.8527491130377369,0.8527491130377369,0.8527491130377369,0.8527491130377369,0.8527491130377369,0.8427491130377369,0.8327491130377369,0.8327491130377369,0.8327491130377369,0.8127491130377369,0.8227491130377369,0.8227491130377369
887,0.8367452202035336,0.8667452202035336,0.8767452202035336,0.8717452202035336,0.8717452202035336,0.8617452202035336,0.8717452202035336,0.8717452202035336,0.8717452202035336,0.8717452202035336,0.8617452202035336,0.8617452202035336,0.8417452202035336
888,0.8578039476889836,0.8478039476889836,0.8378039476889836,0.8378039476889836,0.8278039476889836,0.8378039476889836,0.8378039476889836,0.8378039476889836,0.8628039476889836,0.8628039476889836,0.8628039476889836,0.8528039476889836,0.8628039476889836
889,0.9189610544505503,0.9289610544505503,0.9289610544505503,0.9289610544505503,0.9189610544505503,0.9089610544505503,0.9089610544505503,0.9389610544505503,0.9389610544505503,0.9389610544505503,0.9389610544505503,0.9489610544505503,0.9489610544505503
890,0.8258377164400313,0.8258377164400313,0.8258377164400313,0.8258377164400313,0.8458377164400314,0.8258377164400313,0.8358377164400314,0.8458377164400314,0.8558377164400314,0.8558377164400314,0.8558377164400314,0.8658377164400314,0.8558377164400314
891,0.8259844891551097,0.8159844891551097,0.8259844891551097,0.8259844891551097,0.8459844891551097,0.8259844891551097,0.8259844891551097,0.8259844891551097,0.8259844891551097,0.8259844891551097,0.8159844891551097,0.8159844891551097,0.8159844891551097
892,0.753956815120951,0.743956815120951,0.743956815120951,0.743956815120951,0.743956815120951,0.753956815120951,0.723956815120951,0.723956815120951,0.743956815120951,0.733956815120951,0.733956815120951,0.733956815120951,0.723956815120951
893,0.8990647442779621,0.8890647442779621,0.8790647442779621,0.8890647442779621,0.8890647442779621,0.8790647442779621,0.8890647442779621,0.8990647442779621,0.8990647442779621,0.8990647442779621,0.8890647442779621,0.8690647442779621,0.8840647442779621
894,0.7839365676048452,0.7839365676048452,0.8039365676048452,0.8039365676048452,0.8039365676048452,0.8039365676048452,0.7939365676048452,0.7939365676048452,0.7939365676048452,0.8039365676048452,0.7939365676048452,0.7839365676048452,0.7939365676048452
895,0.8622753055048,0.8722753055048,0.8722753055048,0.8722753055048,0.8722753055048,0.8622753055048,0.9022753055048001,0.8922753055048,0.8772753055048,0.8772753055048,0.8672753055048,0.8572753055048,0.8672753055048
896,0.9154607365423132,0.9154607365423132,0.9154607365423132,0.9154607365423132,0.9054607365423132,0.9154607365423132,0.9254607365423132,0.9354607365423132,0.9154607365423132,0.9154607365423132,0.9254607365423132,0.9154607365423132,0.9154607365423132
897,0.8658270900117256,0.8958270900117257,0.8858270900117257,0.8858270900117257,0.8858270900117257,0.8858270900117257,0.8658270900117256,0.8558270900117256,0.8558270900117256,0.8658270900117256,0.8658270900117256,0.8458270900117256,0.8658270900117256
898,0.7886615318056112,0.7886615318056112,0.7886615318056112,0.7886615318056112,0.7986615318056112,0.7786615318056112,0.7986615318056112,0.7986615318056112,0.7986615318056112,0.7886615318056112,0.7886615318056112,0.7886615318056112,0.8086615318056112
899,0.8756087772281707,0.8756087772281707,0.8756087772281707,0.8656087772281706,0.8756087772281707,0.8756087772281707,0.8756087772281707,0.8856087772281707,0.8956087772281707,0.9156087772281707,0.9056087772281707,0.8856087772281707,0.8856087772281707
900,0.868792979790514,0.888792979790514,0.898792979790514,0.878792979790514,0.878792979790514,0.878792979790514,0.868792979790514,0.8587929797905139,0.8587929797905139,0.8587929797905139,0.8487929797905139,0.8587929797905139,0.8587929797905139
901,0.8363526631193284,0.8263526631193284,0.8263526631193284,0.8163526631193284,0.8163526631193284,0.8163526631193284,0.8363526631193284,0.8363526631193284,0.8263526631193284,0.8463526631193284,0.8563526631193284,0.8463526631193284,0.8463526631193284
902,0.8132875756275773,0.8132875756275773,0.8232875756275773,0.7732875756275772,0.7732875756275772,0.7832875756275772,0.7932875756275772,0.7732875756275772,0.7732875756275772,0.7732875756275772,0.7782875756275772,0.7682875756275772,0.7682875756275772
903,0.7846171402269585,0.7746171402269585,0.8146171402269585,0.8146171402269585,0.8146171402269585,0.8246171402269585,0.8196171402269585,0.8196171402269585,0.8196171402269585,0.7996171402269585,0.8296171402269585,0.8296171402269585,0.8296171402269585
904,0.8978668368024979,0.9078668368024979,0.9278668368024979,0.9278668368024979,0.9378668368024979,0.9328668368024979,0.9228668368024979,0.9328668368024979,0.9328668368024979,0.9228668368024979,0.9228668368024979,0.9028668368024979,0.9228668368024979
905,0.8157800155396524,0.8157800155396524,0.8357800155396524,0.8357800155396524,0.8357800155396524,0.8257800155396524,0.8157800155396524,0.7957800155396524,0.8157800155396524,0.7957800155396524,0.7857800155396524,0.8057800155396524,0.7957800155396524
906,0.9210359285802794,0.9210359285802794,0.9210359285802794,0.9310359285802794,0.9410359285802794,0.9410359285802794,0.9310359285802794,0.9210359285802794,0.9210359285802794,0.9310359285802794,0.9310359285802794,0.9410359285802794,0.9160359285802794
907,0.8650942010677135,0.8950942010677135,0.8950942010677135,0.8950942010677135,0.8850942010677135,0.8850942010677135,0.8750942010677135,0.8650942010677135,0.8850942010677135,0.8850942010677135,0.8650942010677135,0.8550942010677135,0.8350942010677135
908,0.9176914679798448,0.9176914679798448,0.9176914679798448,0.9276914679798448,0.9176914679798448,0.9276914679798448,0.9176914679798448,0.9176914679798448,0.9276914679798448,0.9276914679798448,0.9076914679798448,0.9076914679798448,0.9376914679798448
909,0.8813119249800251,0.8613119249800251,0.8513119249800251,0.8613119249800251,0.8813119249800251,0.8913119249800251,0.8913119249800251,0.8813119249800251,0.8913119249800251,0.8913119249800251,0.8713119249800251,0.8513119249800251,0.8713119249800251
910,0.792811746559351,0.8128117465593511,0.8128117465593511,0.8228117465593511,0.8228117465593511,0.8228117465593511,0.8128117465593511,0.792811746559351,0.8228117465593511,0.8128117465593511,0.8128117465593511,0.8028117465593511,0.792811746559351
911,0.8187211209757266,0.8187211209757266,0.8387211209757266,0.8387211209757266,0.8587211209757266,0.8587211209757266,0.8537211209757266,0.8537211209757266,0.8437211209757266,0.8337211209757266,0.8437211209757266,0.8337211209757266,0.8037211209757266
912,0.8753950472491504,0.8753950472491504,0.8753950472491504,0.8753950472491504,0.8653950472491504,0.8453950472491504,0.8603950472491504,0.8403950472491504,0.8403950472491504,0.8503950472491504,0.8503950472491504,0.8503950472491504,0.8803950472491504
913,0.7990806200422054,0.7790806200422054,0.7990806200422054,0.7990806200422054,0.7890806200422054,0.7790806200422054,0.7690806200422053,0.7690806200422053,0.7690806200422053,0.7840806200422054,0.7840806200422054,0.7840806200422054,0.8040806200422054
914,0.88374508169428,0.88374508169428,0.88374508169428,0.87374508169428,0.90374508169428,0.90374508169428,0.90374508169428,0.90374508169428,0.91374508169428,0.91374508169428,0.91374508169428,0.89874508169428,0.90874508169428
915,0.8031014262208644,0.8031014262208644,0.7831014262208644,0.7631014262208644,0.7681014262208644,0.7681014262208644,0.7781014262208644,0.7981014262208644,0.7781014262208644,0.7781014262208644,0.7781014262208644,0.7681014262208644,0.7881014262208644
916,0.8156353546341216,0.8356353546341216,0.8256353546341216,0.8256353546341216,0.8156353546341216,0.8256353546341216,0.8256353546341216,0.8256353546341216,0.8256353546341216,0.8256353546341216,0.7956353546341216,0.7956353546341216,0.7956353546341216
917,0.8874092046412735,0.8774092046412735,0.8774092046412735,0.8874092046412735,0.8874092046412735,0.8974092046412735,0.8974092046412735,0.8974092046412735,0.8874092046412735,0.8974092046412735,0.8774092046412735,0.8574092046412735,0.8574092046412735
918,0.9237063448468793,0.9237063448468793,0.9237063448468793,0.9337063448468793,0.9337063448468793,0.9537063448468793,0.9637063448468793,0.9637063448468793,0.9537063448468793,0.9387063448468793,0.9487063448468793,0.9387063448468793,0.9387063448468793
919,0.8404197470468766,0.8404197470468766,0.8204197470468766,0.8204197470468766,0.8104197470468766,0.8254197470468766,0.8254197470468766,0.8254197470468766,0.8354197470468766,0.8554197470468766,0.8554197470468766,0.8654197470468766,0.8854197470468766
920,0.8739570690531362,0.8739570690531362,0.8539570690531362,0.8739570690531362,0.8739570690531362,0.8739570690531362,0.8739570690531362,0.8739570690531362,0.9039570690531362,0.9139570690531362,0.9139570690531362,0.9139570690531362,0.9089570690531362
921,0.8830031739309863,0.8830031739309863,0.8830031739309863,0.8830031739309863,0.8930031739309863,0.8830031739309863,0.8830031739309863,0.8830031739309863,0.8730031739309863,0.8730031739309863,0.8530031739309862,0.8530031739309862,0.8530031739309862
922,0.8165422729729955,0.8165422729729955,0.8165422729729955,0.8165422729729955,0.8265422729729955,0.8265422729729955,0.8265422729729955,0.8165422729729955,0.8265422729729955,0.8365422729729955,0.8265422729729955,0.8265422729729955,0.8265422729729955
923,0.8796959245670382,0.8696959245670381,0.8596959245670381,0.8596959245670381,0.8596959245670381,0.8596959245670381,0.8846959245670382,0.8546959245670381,0.8646959245670381,0.8646959245670381,0.8446959245670381,0.8446959245670381,0.8546959245670381
924,0.795410174869408,0.785410174869408,0.785410174869408,0.795410174869408,0.795410174869408,0.795410174869408,0.795410174869408,0.755410174869408,0.765410174869408,0.765410174869408,0.765410174869408,0.765410174869408,0.780410174869408
925,0.8694701596637441,0.8694701596637441,0.8794701596637441,0.8694701596637441,0.8494701596637441,0.839470159663744,0.839470159663744,0.8594701596637441,0.8694701596637441,0.8694701596637441,0.8694701596637441,0.8694701596637441,0.8794701596637441
926,0.8515813310484761,0.8615813310484761,0.8715813310484761,0.8615813310484761,0.8615813310484761,0.8715813310484761,0.8615813310484761,0.8615813310484761,0.8715813310484761,0.8715813310484761,0.8715813310484761,0.8615813310484761,0.8415813310484761
927,0.8188287803224816,0.8388287803224816,0.8488287803224817,0.8388287803224816,0.8388287803224816,0.8388287803224816,0.8488287803224817,0.8388287803224816,0.8388287803224816,0.8288287803224816,0.8488287803224817,0.8588287803224817,0.8538287803224817
928,0.8725278726830221,0.8725278726830221,0.8725278726830221,0.8625278726830221,0.8625278726830221,0.8625278726830221,0.8325278726830221,0.8525278726830221,0.8525278726830221,0.8525278726830221,0.8325278726830221,0.8325278726830221,0.8375278726830221
929,0.8228247202914465,0.8228247202914465,0.8128247202914465,0.8228247202914465,0.8228247202914465,0.8228247202914465,0.8328247202914465,0.8428247202914465,0.8328247202914465,0.8128247202914465,0.8228247202914465,0.8528247202914465,0.8528247202914465
930,0.7959444505904102,0.7959444505904102,0.7859444505904102,0.7959444505904102,0.7959444505904102,0.7959444505904102,0.8159444505904102,0.7759444505904102,0.7559444505904102,0.7559444505904102,0.7559444505904102,0.7559444505904102,0.7559444505904102
931,0.8298594814658361,0.8198594814658361,0.8198594814658361,0.8198594814658361,0.8198594814658361,0.7898594814658361,0.7998594814658361,0.8148594814658361,0.8348594814658361,0.8148594814658361,0.7948594814658361,0.7948594814658361,0.8048594814658361
932,0.8435163385068176,0.8535163385068176,0.8535163385068176,0.8535163385068176,0.8435163385068176,0.8435163385068176,0.8435163385068176,0.8535163385068176,0.8535163385068176,0.8335163385068176,0.8535163385068176,0.8635163385068176,0.8735163385068176
933,0.8379927580279407,0.8179927580279407,0.8179927580279407,0.8179927580279407,0.8079927580279407,0.7979927580279407,0.7979927580279407,0.7979927580279407,0.8179927580279407,0.8179927580279407,0.8079927580279407,0.8179927580279407,0.8179927580279407
934,0.9058508246864454,0.9058508246864454,0.8958508246864454,0.8858508246864454,0.8858508246864454,0.8958508246864454,0.9158508246864454,0.9158508246864454,0.9158508246864454,0.9258508246864454,0.9258508246864454,0.9258508246864454,0.9358508246864454
935,0.8037521658818917,0.8037521658818917,0.8037521658818917,0.8037521658818917,0.8037521658818917,0.7937521658818917,0.7937521658818917,0.7937521658818917,0.7737521658818917,0.7637521658818917,0.7637521658818917,0.7637521658818917,0.7937521658818917
936,0.8617318998594351,0.8717318998594351,0.8717318998594351,0.8817318998594351,0.8567318998594351,0.8567318998594351,0.8567318998594351,0.8467318998594351,0.8267318998594351,0.8167318998594351,0.8367318998594351,0.8367318998594351,0.8367318998594351
937,0.905049988595827,0.915049988595827,0.905049988595827,0.905049988595827,0.905049988595827,0.905049988595827,0.905049988595827,0.905049988595827,0.905049988595827,0.895049988595827,0.8750499885958269,0.8750499885958269,0.8650499885958269
938,0.9140668410051305,0.9140668410051305,0.9240668410051305,0.9240668410051305,0.9340668410051305,0.9340668410051305,0.9340668410051305,0.9540668410051305,0.9490668410051305,0.9490668410051305,0.9390668410051305,0.9390668410051305,0.9590668410051305
939,0.8382359301227106,0.8482359301227106,0.8482359301227106,0.8582359301227106,0.8482359301227106,0.8382359301227106,0.8682359301227106,0.8682359301227106,0.8682359301227106,0.8682359301227106,0.8682359301227106,0.8682359301227106,0.8782359301227106
940,0.828219344595986,0.868219344595986,0.868219344595986,0.868219344595986,0.868219344595986,0.863219344595986,0.833219344595986,0.843219344595986,0.833219344595986,0.833219344595986,0.813219344595986,0.793219344595986,0.783219344595986
941,0.8901858889863761,0.8901858889863761,0.8801858889863761,0.870185888986376,0.860185888986376,0.8801858889863761,0.8801858889863761,0.8801858889863761,0.9001858889863761,0.9001858889863761,0.9001858889863761,0.9001858889863761,0.9101858889863761
942,0.8997240779856029,0.909724077985603,0.8997240779856029,0.919724077985603,0.8997240779856029,0.8797240779856029,0.8997240779856029,0.8797240779856029,0.8797240779856029,0.8897240779856029,0.8797240779856029,0.8797240779856029,0.8797240779856029
943,0.7486315208836256,0.7586315208836256,0.7386315208836256,0.7286315208836256,0.7186315208836256,0.7286315208836256,0.7086315208836256,0.7086315208836256,0.7136315208836256,0.7036315208836256,0.7136315208836256,0.7136315208836256,0.7236315208836256
944,0.8300181757070918,0.8000181757070918,0.8100181757070918,0.8100181757070918,0.7900181757070918,0.7900181757070918,0.7900181757070918,0.7950181757070918,0.7850181757070918,0.7850181757070918,0.7850181757070918,0.7850181757070918,0.8050181757070918
945,0.8545099539306116,0.8745099539306116,0.8745099539306116,0.8745099539306116,0.8745099539306116,0.8745099539306116,0.8845099539306116,0.8945099539306116,0.8845099539306116,0.8845099539306116,0.8845099539306116,0.8695099539306116,0.8595099539306116
946,0.7681681570581774,0.7781681570581774,0.7781681570581774,0.7781681570581774,0.7781681570581774,0.7781681570581774,0.7881681570581774,0.7881681570581774,0.7781681570581774,0.7881681570581774,0.7881681570581774,0.7881681570581774,0.7881681570581774
947,0.8897328545957698,0.8797328545957698,0.8697328545957698,0.8497328545957697,0.8497328545957697,0.8547328545957698,0.8647328545957698,0.8547328545957698,0.8547328545957698,0.8547328545957698,0.8547328545957698,0.8847328545957698,0.8847328545957698
948,0.815441579716684,0.815441579716684,0.815441579716684,0.815441579716684,0.7954415797166839,0.7854415797166839,0.7754415797166839,0.7754415797166839,0.7754415797166839,0.7754415797166839,0.7854415797166839,0.805441579716684,0.815441579716684
949,0.8182350435769509,0.8182350435769509,0.8182350435769509,0.8282350435769509,0.8182350435769509,0.8082350435769509,0.7982350435769509,0.7882350435769508,0.7882350435769508,0.7882350435769508,0.8032350435769509,0.8032350435769509,0.8032350435769509
950,0.8717850592561714,0.8817850592561715,0.8817850592561715,0.9017850592561715,0.9117850592561715,0.8917850592561715,0.8717850592561714,0.8817850592561715,0.9017850592561715,0.9017850592561715,0.9017850592561715,0.8867850592561715,0.8967850592561715
951,0.9136298863909275,0.9236298863909275,0.9236298863909275,0.9236298863909275,0.9336298863909275,0.9536298863909275,0.9536298863909275,0.9536298863909275,0.9336298863909275,0.9236298863909275,0.9336298863909275,0.9436298863909275,0.9286298863909275
952,0.846766864835896,0.846766864835896,0.846766864835896,0.866766864835896,0.846766864835896,0.836766864835896,0.836766864835896,0.836766864835896,0.836766864835896,0.836766864835896,0.866766864835896,0.856766864835896,0.856766864835896
953,0.881188020131602,0.881188020131602,0.881188020131602,0.871188020131602,0.871188020131602,0.861188020131602,0.861188020131602,0.851188020131602,0.871188020131602,0.861188020131602,0.861188020131602,0.881188020131602,0.891188020131602
954,0.850891142380869,0.850891142380869,0.850891142380869,0.8708911423808691,0.8808911423808691,0.8658911423808691,0.8658911423808691,0.8658911423808691,0.8758911423808691,0.8658911423808691,0.8658911423808691,0.8758911423808691,0.8658911423808691
955,0.8825503477486181,0.9025503477486181,0.8925503477486181,0.8925503477486181,0.8925503477486181,0.9125503477486181,0.9025503477486181,0.9225503477486181,0.9175503477486181,0.9175503477486181,0.9075503477486181,0.8975503477486181,0.9075503477486181
956,0.8519003496018177,0.8419003496018177,0.8419003496018177,0.8519003496018177,0.8519003496018177,0.8519003496018177,0.8719003496018177,0.8619003496018177,0.8819003496018177,0.8919003496018177,0.8819003496018177,0.8719003496018177,0.8619003496018177
957,0.8798346051754591,0.8698346051754591,0.8498346051754591,0.8598346051754591,0.839834605175459,0.8498346051754591,0.8598346051754591,0.8598346051754591,0.8698346051754591,0.8898346051754591,0.8798346051754591,0.8498346051754591,0.8498346051754591
958,0.8928052818339599,0.9028052818339599,0.9028052818339599,0.9028052818339599,0.9028052818339599,0.8828052818339599,0.8928052818339599,0.8928052818339599,0.9028052818339599,0.9228052818339599,0.9128052818339599,0.9128052818339599,0.9128052818339599
959,0.7691555594969581,0.7591555594969581,0.7491555594969581,0.7491555594969581,0.7491555594969581,0.7491555594969581,0.7491555594969581,0.7491555594969581,0.7491555594969581,0.7291555594969581,0.7391555594969581,0.7691555594969581,0.7891555594969581
960,0.9278480427079843,0.9478480427079843,0.9378480427079843,0.9378480427079843,0.9278480427079843,0.9278480427079843,0.9378480427079843,0.9378480427079843,0.9178480427079843,0.9178480427079843,0.9178480427079843,0.9378480427079843,0.8978480427079842
961,0.785499261706882,0.785499261706882,0.775499261706882,0.785499261706882,0.785499261706882,0.775499261706882,0.785499261706882,0.805499261706882,0.815499261706882,0.815499261706882,0.805499261706882,0.825499261706882,0.825499261706882
962,0.7679418351938202,0.7479418351938202,0.7479418351938202,0.7579418351938202,0.7579418351938202,0.7879418351938202,0.8079418351938202,0.7879418351938202,0.8079418351938202,0.7879418351938202,0.7879418351938202,0.7879418351938202,0.7779418351938202
963,0.8779255541328106,0.8779255541328106,0.8579255541328106,0.8479255541328106,0.8479255541328106,0.8479255541328106,0.8779255541328106,0.8779255541328106,0.8779255541328106,0.8879255541328106,0.8879255541328106,0.8879255541328106,0.8979255541328106
964,0.8900015720048384,0.8900015720048384,0.8900015720048384,0.8800015720048384,0.8700015720048384,0.8700015720048384,0.8600015720048384,0.8700015720048384,0.8800015720048384,0.8600015720048384,0.8500015720048384,0.8500015720048384,0.8500015720048384
965,0.8811233516985366,0.8911233516985366,0.8811233516985366,0.8711233516985366,0.8711233516985366,0.8711233516985366,0.8711233516985366,0.9111233516985366,0.9211233516985367,0.9211233516985367,0.9111233516985366,0.9011233516985366,0.9011233516985366
966,0.8233468948396029,0.8233468948396029,0.8333468948396029,0.8333468948396029,0.8133468948396029,0.8133468948396029,0.8133468948396029,0.8133468948396029,0.8233468948396029,0.8033468948396029,0.8033468948396029,0.8033468948396029,0.8033468948396029
967,0.9046237171298164,0.9146237171298164,0.9246237171298164,0.9246237171298164,0.9246237171298164,0.9146237171298164,0.9246237171298164,0.9346237171298164,0.9346237171298164,0.9346237171298164,0.9246237171298164,0.9246237171298164,0.9246237171298164
968,0.8348835354285493,0.8348835354285493,0.8248835354285493,0.8248835354285493,0.8148835354285493,0.7948835354285493,0.8048835354285493,0.8148835354285493,0.8148835354285493,0.8148835354285493,0.8248835354285493,0.8248835354285493,0.8448835354285493
969,0.8352863270431553,0.8452863270431553,0.8352863270431553,0.8352863270431553,0.8352863270431553,0.8252863270431553,0.8152863270431553,0.7952863270431553,0.7952863270431553,0.7952863270431553,0.8002863270431553,0.8002863270431553,0.8002863270431553
970,0.8105784280208126,0.8205784280208126,0.8205784280208126,0.8205784280208126,0.8105784280208126,0.8005784280208126,0.8005784280208126,0.8205784280208126,0.8305784280208126,0.8105784280208126,0.8205784280208126,0.8205784280208126,0.8305784280208126
971,0.9121837318690997,0.9021837318690997,0.8921837318690997,0.8921837318690997,0.8921837318690997,0.8921837318690997,0.8921837318690997,0.8921837318690997,0.8921837318690997,0.9021837318690997,0.9021837318690997,0.9021837318690997,0.9021837318690997
972,0.8212936620888478,0.8212936620888478,0.8212936620888478,0.8412936620888478,0.8412936620888478,0.8412936620888478,0.8212936620888478,0.8212936620888478,0.8412936620888478,0.8412936620888478,0.8312936620888478,0.8312936620888478,0.8112936620888478
973,0.9457143604216899,0.9557143604216899,0.9357143604216899,0.9557143604216899,0.9557143604216899,0.9657143604216899,0.9657143604216899,0.9657143604216899,0.9757143604216899,0.9757143604216899,0.9557143604216899,0.9557143604216899,0.9457143604216899
974,0.9186221555931595,0.9286221555931595,0.9386221555931595,0.9386221555931595,0.9486221555931595,0.9386221555931595,0.9286221555931595,0.9186221555931595,0.9286221555931595,0.9186221555931595,0.9186221555931595,0.9286221555931595,0.9386221555931595
975,0.7706615113501333,0.7806615113501333,0.7806615113501333,0.7906615113501333,0.8006615113501333,0.7906615113501333,0.7806615113501333,0.7806615113501333,0.7806615113501333,0.7806615113501333,0.7706615113501333,0.7606615113501333,0.7706615113501333
976,0.7680446525581708,0.7580446525581708,0.7580446525581708,0.7680446525581708,0.7780446525581708,0.7780446525581708,0.7980446525581708,0.7780446525581708,0.7780446525581708,0.7680446525581708,0.7680446525581708,0.7780446525581708,0.7680446525581708
977,0.838194419353639,0.838194419353639,0.838194419353639,0.838194419353639,0.838194419353639,0.838194419353639,0.838194419353639,0.838194419353639,0.848194419353639,0.8681944193536391,0.8781944193536391,0.8781944193536391,0.858194419353639
978,0.8551971603112627,0.8651971603112627,0.8751971603112627,0.8751971603112627,0.8951971603112627,0.8951971603112627,0.8851971603112627,0.8951971603112627,0.8951971603112627,0.8901971603112627,0.8901971603112627,0.8901971603112627,0.8801971603112627
979,0.8107938651728783,0.8107938651728783,0.8107938651728783,0.8207938651728783,0.8207938651728783,0.8207938651728783,0.8207938651728783,0.8107938651728783,0.8207938651728783,0.8107938651728783,0.8007938651728783,0.8007938651728783,0.8207938651728783
980,0.8631337736408325,0.8731337736408326,0.8731337736408326,0.8731337736408326,0.8731337736408326,0.8731337736408326,0.8631337736408325,0.8731337736408326,0.8731337736408326,0.8631337736408325,0.8231337736408325,0.8281337736408325,0.8481337736408325
981,0.8450840263439019,0.8550840263439019,0.8450840263439019,0.8550840263439019,0.8550840263439019,0.8550840263439019,0.8350840263439019,0.8250840263439019,0.8250840263439019,0.8450840263439019,0.8650840263439019,0.8450840263439019,0.8450840263439019
982,0.8593260537410589,0.8493260537410589,0.8493260537410589,0.8493260537410589,0.8593260537410589,0.8593260537410589,0.8693260537410589,0.8693260537410589,0.8693260537410589,0.8793260537410589,0.8693260537410589,0.8693260537410589,0.8893260537410589
983,0.7966220760560945,0.7966220760560945,0.7966220760560945,0.8066220760560945,0.8166220760560945,0.8166220760560945,0.8166220760560945,0.7916220760560945,0.7916220760560945,0.7716220760560945,0.7916220760560945,0.7916220760560945,0.7916220760560945
984,0.8307551213102652,0.8307551213102652,0.8307551213102652,0.8207551213102652,0.8107551213102652,0.8357551213102652,0.8357551213102652,0.8457551213102652,0.8457551213102652,0.8557551213102652,0.8557551213102652,0.8657551213102652,0.8757551213102652
985,0.8859380767557634,0.8659380767557634,0.8659380767557634,0.8559380767557634,0.8859380767557634,0.8759380767557634,0.8559380767557634,0.8559380767557634,0.8459380767557634,0.8559380767557634,0.8709380767557634,0.8709380767557634,0.8809380767557634
986,0.8657693018916617,0.8557693018916617,0.8557693018916617,0.8457693018916617,0.8457693018916617,0.8557693018916617,0.8557693018916617,0.8657693018916617,0.8857693018916617,0.8657693018916617,0.8757693018916617,0.8657693018916617,0.8657693018916617
987,0.8917047199562587,0.9117047199562587,0.9117047199562587,0.9117047199562587,0.9117047199562587,0.9017047199562587,0.8817047199562587,0.8717047199562586,0.8717047199562586,0.8617047199562586,0.8517047199562586,0.8617047199562586,0.8617047199562586
988,0.7896437040688714,0.7796437040688714,0.7796437040688714,0.7796437040688714,0.7896437040688714,0.8196437040688714,0.8196437040688714,0.8196437040688714,0.8196437040688714,0.7996437040688714,0.8096437040688714,0.7996437040688714,0.7996437040688714
989,0.8108347602520928,0.8008347602520928,0.8008347602520928,0.8008347602520928,0.8008347602520928,0.8108347602520928,0.8108347602520928,0.8208347602520928,0.8208347602520928,0.8108347602520928,0.8108347602520928,0.8108347602520928,0.8108347602520928
990,0.8787894483721406,0.8887894483721406,0.8887894483721406,0.8987894483721406,0.8887894483721406,0.8887894483721406,0.8987894483721406,0.8687894483721406,0.8687894483721406,0.8687894483721406,0.8687894483721406,0.8787894483721406,0.8687894483721406
991,0.8265447194142693,0.8265447194142693,0.8465447194142693,0.8465447194142693,0.8465447194142693,0.8465447194142693,0.8365447194142693,0.8465447194142693,0.8565447194142694,0.8565447194142694,0.8665447194142694,0.8665447194142694,0.8615447194142694
992,0.8740088816434195,0.8740088816434195,0.8740088816434195,0.8740088816434195,0.8440088816434195,0.8440088816434195,0.8440088816434195,0.8440088816434195,0.8440088816434195,0.8590088816434195,0.8290088816434195,0.8290088816434195,0.8290088816434195
993,0.764175335648533,0.754175335648533,0.764175335648533,0.764175335648533,0.754175335648533,0.764175335648533,0.744175335648533,0.744175335648533,0.744175335648533,0.734175335648533,0.749175335648533,0.749175335648533,0.749175335648533
994,0.8157134622293514,0.8057134622293514,0.8057134622293514,0.8057134622293514,0.8157134622293514,0.8157134622293514,0.8157134622293514,0.8157134622293514,0.8357134622293514,0.8457134622293514,0.8457134622293514,0.8457134622293514,0.8457134622293514
995,0.8896272415794735,0.8596272415794735,0.8496272415794734,0.8546272415794735,0.8646272415794735,0.8846272415794735,0.8846272415794735,0.8846272415794735,0.8846272415794735,0.8846272415794735,0.8846272415794735,0.8846272415794735,0.8846272415794735
996,0.9597688640289923,0.9797688640289923,0.9797688640289923,0.9697688640289923,0.9697688640289923,0.9597688640289923,0.9597688640289923,0.9597688640289923,0.9597688640289923,0.9497688640289923,0.9397688640289923,0.9297688640289923,0.9297688640289923
997,0.8630772601856518,0.8530772601856518,0.8530772601856518,0.8330772601856518,0.8230772601856517,0.8280772601856518,0.8280772601856518,0.8280772601856518,0.8280772601856518,0.8380772601856518,0.8580772601856518,0.8580772601856518,0.8680772601856518
998,0.889500363206967,0.919500363206967,0.919500363206967,0.919500363206967,0.904500363206967,0.904500363206967,0.904500363206967,0.904500363206967,0.914500363206967,0.924500363206967,0.914500363206967,0.904500363206967,0.904500363206967
999,0.8446936593841787,0.8546936593841787,0.8546936593841787,0.8646936593841787,0.8646936593841787,0.8546936593841787,0.8646936593841787,0.8646936593841787,0.8646936593841787,0.8746936593841788,0.8596936593841787,0.8496936593841787,0.8596936593841787
