Time Step,Simulation,0,2,4,6,8,10,12,14,16,18,20,22
0,0.8844328227371364,0.8944328227371364,0.8744328227371364,0.8744328227371364,0.8744328227371364,0.8544328227371364,0.8444328227371364,0.8444328227371364,0.8444328227371364,0.8494328227371364,0.8594328227371364,0.8594328227371364,0.8694328227371364
1,0.8807059091186528,0.8807059091186528,0.9007059091186528,0.8907059091186528,0.9107059091186528,0.9107059091186528,0.9207059091186528,0.9207059091186528,0.9007059091186528,0.8907059091186528,0.8907059091186528,0.8907059091186528,0.9007059091186528
2,0.9120367483723881,0.9320367483723881,0.9320367483723881,0.9320367483723881,0.9120367483723881,0.9120367483723881,0.9120367483723881,0.9120367483723881,0.9220367483723881,0.9020367483723881,0.9020367483723881,0.9020367483723881,0.9220367483723881
3,0.9369898573268982,0.9369898573268982,0.9469898573268982,0.9469898573268982,0.9369898573268982,0.9469898573268982,0.9369898573268982,0.9369898573268982,0.9269898573268982,0.9169898573268982,0.9269898573268982,0.9369898573268982,0.9469898573268982
4,0.8988137283324736,0.8788137283324736,0.8588137283324736,0.8588137283324736,0.8638137283324736,0.8638137283324736,0.8638137283324736,0.8838137283324736,0.8938137283324736,0.8938137283324736,0.8738137283324736,0.8638137283324736,0.8738137283324736
5,0.9014228129183519,0.9014228129183519,0.9014228129183519,0.8914228129183519,0.9014228129183519,0.8914228129183519,0.8914228129183519,0.8814228129183519,0.8814228129183519,0.8914228129183519,0.8814228129183519,0.8914228129183519,0.8914228129183519
6,0.8715411526351299,0.8715411526351299,0.8615411526351299,0.8615411526351299,0.8515411526351299,0.8415411526351299,0.8615411526351299,0.8615411526351299,0.8515411526351299,0.8415411526351299,0.8415411526351299,0.8315411526351298,0.8415411526351299
7,0.8696282214126569,0.8696282214126569,0.8596282214126569,0.8396282214126569,0.8396282214126569,0.8396282214126569,0.8496282214126569,0.8496282214126569,0.8596282214126569,0.879628221412657,0.8596282214126569,0.8396282214126569,0.8546282214126569
8,0.8916023300256267,0.8916023300256267,0.8916023300256267,0.8916023300256267,0.8916023300256267,0.8716023300256267,0.8716023300256267,0.8716023300256267,0.8716023300256267,0.8916023300256267,0.8916023300256267,0.8716023300256267,0.8916023300256267
9,0.950152491321516,0.940152491321516,0.920152491321516,0.940152491321516,0.920152491321516,0.935152491321516,0.935152491321516,0.935152491321516,0.925152491321516,0.925152491321516,0.925152491321516,0.925152491321516,0.935152491321516
10,0.7991658071049219,0.7891658071049219,0.7891658071049219,0.7891658071049219,0.7991658071049219,0.7991658071049219,0.8191658071049219,0.8091658071049219,0.8091658071049219,0.8291658071049219,0.8291658071049219,0.8291658071049219,0.8291658071049219
11,0.8168139540435041,0.8268139540435041,0.7968139540435041,0.7968139540435041,0.7968139540435041,0.8068139540435041,0.8068139540435041,0.8168139540435041,0.8168139540435041,0.8168139540435041,0.8168139540435041,0.8068139540435041,0.8168139540435041
12,0.882617255961678,0.892617255961678,0.892617255961678,0.8726172559616779,0.882617255961678,0.892617255961678,0.882617255961678,0.892617255961678,0.892617255961678,0.902617255961678,0.902617255961678,0.882617255961678,0.8726172559616779
13,0.8203506079358585,0.8403506079358585,0.8103506079358584,0.8303506079358585,0.8303506079358585,0.8503506079358585,0.8503506079358585,0.8603506079358585,0.8603506079358585,0.8553506079358585,0.8453506079358585,0.8453506079358585,0.8453506079358585
14,0.8687137012985385,0.8687137012985385,0.8787137012985385,0.8687137012985385,0.8687137012985385,0.8587137012985385,0.8387137012985385,0.8387137012985385,0.8537137012985385,0.8437137012985385,0.8437137012985385,0.8437137012985385,0.8337137012985385
15,0.8822021629705739,0.8822021629705739,0.8622021629705738,0.8522021629705738,0.8422021629705738,0.8422021629705738,0.8622021629705738,0.8822021629705739,0.9022021629705739,0.9122021629705739,0.9122021629705739,0.9122021629705739,0.9022021629705739
16,0.8512816775824904,0.8512816775824904,0.8512816775824904,0.8512816775824904,0.8412816775824904,0.8512816775824904,0.8512816775824904,0.8612816775824904,0.8612816775824904,0.8612816775824904,0.8712816775824904,0.8912816775824904,0.8862816775824904
17,0.9098532265168571,0.9298532265168571,0.9298532265168571,0.9298532265168571,0.9298532265168571,0.9298532265168571,0.9198532265168571,0.9098532265168571,0.9098532265168571,0.9298532265168571,0.9398532265168571,0.9198532265168571,0.9198532265168571
18,0.8698963335568801,0.8698963335568801,0.8898963335568801,0.9098963335568802,0.9098963335568802,0.8998963335568801,0.8998963335568801,0.8998963335568801,0.8998963335568801,0.8848963335568801,0.8848963335568801,0.8848963335568801,0.8848963335568801
19,0.79626490059162,0.79626490059162,0.78626490059162,0.78626490059162,0.79626490059162,0.79626490059162,0.78626490059162,0.78626490059162,0.79626490059162,0.80626490059162,0.78626490059162,0.79626490059162,0.79626490059162
20,0.8537861920816423,0.8437861920816423,0.8437861920816423,0.8337861920816423,0.8237861920816423,0.8237861920816423,0.8387861920816423,0.8287861920816423,0.8187861920816423,0.8287861920816423,0.8187861920816423,0.8187861920816423,0.8187861920816423
21,0.7843535016038843,0.7843535016038843,0.7743535016038843,0.7843535016038843,0.7743535016038843,0.7843535016038843,0.7543535016038843,0.7643535016038843,0.7643535016038843,0.7643535016038843,0.7643535016038843,0.7643535016038843,0.7743535016038843
22,0.8626689076415682,0.8626689076415682,0.8526689076415682,0.8526689076415682,0.8526689076415682,0.8626689076415682,0.8726689076415682,0.8626689076415682,0.8826689076415682,0.8826689076415682,0.8926689076415683,0.9026689076415683,0.8826689076415682
23,0.867402476778876,0.857402476778876,0.857402476778876,0.8774024767788761,0.8874024767788761,0.8874024767788761,0.8774024767788761,0.842402476778876,0.852402476778876,0.832402476778876,0.832402476778876,0.842402476778876,0.832402476778876
24,0.8177945107240057,0.8177945107240057,0.8177945107240057,0.7977945107240056,0.7977945107240056,0.7977945107240056,0.7977945107240056,0.7777945107240056,0.7777945107240056,0.7827945107240056,0.7827945107240056,0.7927945107240056,0.8127945107240057
25,0.8800288042635303,0.8800288042635303,0.8800288042635303,0.8800288042635303,0.8800288042635303,0.8800288042635303,0.8800288042635303,0.8700288042635302,0.8600288042635302,0.8800288042635303,0.9000288042635303,0.9100288042635303,0.9100288042635303
26,0.8555947747874825,0.8855947747874825,0.8855947747874825,0.8855947747874825,0.8755947747874825,0.8505947747874825,0.8905947747874825,0.8805947747874825,0.8805947747874825,0.8805947747874825,0.8905947747874825,0.8905947747874825,0.8905947747874825
27,0.9147214079670594,0.9247214079670594,0.9147214079670594,0.9047214079670594,0.9047214079670594,0.8847214079670593,0.8847214079670593,0.8847214079670593,0.8847214079670593,0.8847214079670593,0.8847214079670593,0.9047214079670594,0.9047214079670594
28,0.8743439176799702,0.8743439176799702,0.8743439176799702,0.8643439176799702,0.8843439176799702,0.8743439176799702,0.8743439176799702,0.8743439176799702,0.8643439176799702,0.8743439176799702,0.8743439176799702,0.8843439176799702,0.8743439176799702
29,0.8239954610029002,0.8339954610029002,0.8339954610029002,0.8339954610029002,0.8139954610029002,0.8139954610029002,0.8439954610029002,0.8439954610029002,0.8239954610029002,0.8339954610029002,0.8339954610029002,0.8539954610029002,0.8439954610029002
30,0.8045276934068649,0.8145276934068649,0.8045276934068649,0.8045276934068649,0.8045276934068649,0.7845276934068649,0.7945276934068649,0.7845276934068649,0.7845276934068649,0.7845276934068649,0.7645276934068649,0.7695276934068649,0.7795276934068649
31,0.8842772537883408,0.8842772537883408,0.8942772537883408,0.8842772537883408,0.8942772537883408,0.8842772537883408,0.8942772537883408,0.8842772537883408,0.8742772537883408,0.8742772537883408,0.9042772537883408,0.9042772537883408,0.8942772537883408
32,0.8400638945285388,0.8600638945285388,0.8500638945285388,0.8500638945285388,0.8500638945285388,0.8600638945285388,0.8700638945285388,0.8700638945285388,0.8600638945285388,0.8700638945285388,0.8800638945285388,0.8700638945285388,0.8600638945285388
33,0.9145202894682114,0.8945202894682114,0.9045202894682114,0.9045202894682114,0.9345202894682114,0.9245202894682114,0.9245202894682114,0.9245202894682114,0.9245202894682114,0.9245202894682114,0.9045202894682114,0.9145202894682114,0.9145202894682114
34,0.9053874887752557,0.8853874887752556,0.9053874887752557,0.9353874887752557,0.9053874887752557,0.9053874887752557,0.9453874887752557,0.9453874887752557,0.9403874887752557,0.9403874887752557,0.9303874887752557,0.9403874887752557,0.9403874887752557
35,0.9419657504133819,0.9419657504133819,0.9519657504133819,0.981965750413382,0.976965750413382,0.966965750413382,0.966965750413382,0.966965750413382,0.9469657504133819,0.966965750413382,0.976965750413382,0.976965750413382,0.976965750413382
36,0.8937542395253615,0.8937542395253615,0.9137542395253615,0.8637542395253615,0.8837542395253615,0.8837542395253615,0.8837542395253615,0.8937542395253615,0.8837542395253615,0.8937542395253615,0.8937542395253615,0.8937542395253615,0.8937542395253615
37,0.856886364554537,0.826886364554537,0.841886364554537,0.841886364554537,0.841886364554537,0.821886364554537,0.831886364554537,0.831886364554537,0.841886364554537,0.841886364554537,0.871886364554537,0.8918863645545371,0.8818863645545371
38,0.8953082995242657,0.8953082995242657,0.8753082995242657,0.8553082995242657,0.8553082995242657,0.8553082995242657,0.8553082995242657,0.8603082995242657,0.8603082995242657,0.8703082995242657,0.8903082995242657,0.8903082995242657,0.9003082995242657
39,0.9499935414292614,0.9299935414292614,0.9399935414292614,0.9499935414292614,0.9499935414292614,0.9399935414292614,0.9399935414292614,0.9399935414292614,0.9399935414292614,0.9299935414292614,0.9299935414292614,0.9299935414292614,0.9299935414292614
40,0.8000640386051969,0.8000640386051969,0.830064038605197,0.8200640386051969,0.8200640386051969,0.840064038605197,0.835064038605197,0.845064038605197,0.845064038605197,0.845064038605197,0.845064038605197,0.845064038605197,0.845064038605197
41,0.8975496281745655,0.9175496281745655,0.9175496281745655,0.9075496281745655,0.8875496281745655,0.8875496281745655,0.9275496281745655,0.9375496281745656,0.9275496281745655,0.9275496281745655,0.9375496281745656,0.9325496281745655,0.9225496281745655
42,0.8862988884465061,0.8962988884465061,0.9062988884465061,0.9262988884465061,0.9212988884465061,0.9212988884465061,0.9112988884465061,0.9212988884465061,0.9112988884465061,0.9112988884465061,0.9112988884465061,0.8812988884465061,0.8812988884465061
43,0.854925401505717,0.8649254015057171,0.834925401505717,0.834925401505717,0.824925401505717,0.834925401505717,0.824925401505717,0.844925401505717,0.824925401505717,0.839925401505717,0.829925401505717,0.829925401505717,0.829925401505717
44,0.860955496830936,0.860955496830936,0.860955496830936,0.860955496830936,0.840955496830936,0.840955496830936,0.850955496830936,0.830955496830936,0.860955496830936,0.860955496830936,0.880955496830936,0.870955496830936,0.870955496830936
45,0.9728026998724274,0.9628026998724274,0.9628026998724274,0.9728026998724274,0.9828026998724274,0.9928026998724274,0.9728026998724274,0.9428026998724274,0.9428026998724274,0.9428026998724274,0.9328026998724274,0.9328026998724274,0.9428026998724274
46,0.8701308940785507,0.8701308940785507,0.8701308940785507,0.8701308940785507,0.8901308940785507,0.8901308940785507,0.9101308940785507,0.8901308940785507,0.8901308940785507,0.9101308940785507,0.9101308940785507,0.9101308940785507,0.9101308940785507
47,0.8258495419879917,0.8258495419879917,0.8558495419879917,0.8558495419879917,0.8658495419879917,0.8608495419879917,0.8608495419879917,0.8608495419879917,0.8508495419879917,0.8508495419879917,0.8608495419879917,0.8608495419879917,0.8508495419879917
48,0.8693836459120977,0.8693836459120977,0.8593836459120977,0.8693836459120977,0.8893836459120977,0.8893836459120977,0.8993836459120977,0.8993836459120977,0.8993836459120977,0.8893836459120977,0.8893836459120977,0.8693836459120977,0.8693836459120977
49,0.8352575582761431,0.8452575582761431,0.8452575582761431,0.8452575582761431,0.8452575582761431,0.8052575582761431,0.8352575582761431,0.8452575582761431,0.8352575582761431,0.8152575582761431,0.8152575582761431,0.8052575582761431,0.8052575582761431
50,0.9230699369315539,0.9330699369315539,0.9330699369315539,0.9330699369315539,0.9130699369315539,0.9130699369315539,0.9230699369315539,0.9430699369315539,0.9430699369315539,0.9430699369315539,0.953069936931554,0.953069936931554,0.953069936931554
51,0.8569323182666007,0.8469323182666006,0.8469323182666006,0.8569323182666007,0.8569323182666007,0.8569323182666007,0.8569323182666007,0.8569323182666007,0.8569323182666007,0.8769323182666007,0.8769323182666007,0.8769323182666007,0.8669323182666007
52,0.970152510013994,0.970152510013994,0.9801525100139941,0.9801525100139941,0.960152510013994,0.960152510013994,0.9951525100139941,0.9951525100139941,1.0,1.0,0.99,0.99,0.99
53,0.803753644761342,0.803753644761342,0.793753644761342,0.793753644761342,0.793753644761342,0.793753644761342,0.783753644761342,0.783753644761342,0.773753644761342,0.773753644761342,0.773753644761342,0.803753644761342,0.813753644761342
54,0.8767369285284845,0.8767369285284845,0.8767369285284845,0.8767369285284845,0.8767369285284845,0.8667369285284845,0.8567369285284845,0.8467369285284845,0.8467369285284845,0.8567369285284845,0.8667369285284845,0.8667369285284845,0.8667369285284845
55,0.865845394192977,0.865845394192977,0.865845394192977,0.885845394192977,0.885845394192977,0.885845394192977,0.875845394192977,0.855845394192977,0.855845394192977,0.855845394192977,0.855845394192977,0.855845394192977,0.845845394192977
56,0.841331887899891,0.861331887899891,0.861331887899891,0.871331887899891,0.871331887899891,0.871331887899891,0.861331887899891,0.871331887899891,0.851331887899891,0.841331887899891,0.841331887899891,0.841331887899891,0.841331887899891
57,0.9021354387697093,0.9321354387697093,0.9221354387697093,0.9221354387697093,0.8971354387697092,0.8971354387697092,0.8871354387697092,0.8971354387697092,0.9071354387697093,0.8971354387697092,0.9071354387697093,0.9071354387697093,0.9071354387697093
58,0.870430734953149,0.880430734953149,0.880430734953149,0.845430734953149,0.835430734953149,0.835430734953149,0.845430734953149,0.835430734953149,0.835430734953149,0.845430734953149,0.845430734953149,0.865430734953149,0.865430734953149
59,0.8699238423209473,0.8599238423209473,0.8799238423209473,0.8899238423209473,0.8899238423209473,0.8799238423209473,0.8999238423209474,0.9099238423209474,0.9049238423209474,0.9049238423209474,0.8949238423209473,0.8849238423209473,0.8849238423209473
60,0.8282142157690228,0.8282142157690228,0.8282142157690228,0.8282142157690228,0.8382142157690228,0.8382142157690228,0.8182142157690228,0.8082142157690227,0.8282142157690228,0.8282142157690228,0.8482142157690228,0.8482142157690228,0.8382142157690228
61,0.8655665353335862,0.8655665353335862,0.9055665353335862,0.9005665353335862,0.8905665353335862,0.8905665353335862,0.8905665353335862,0.8905665353335862,0.8905665353335862,0.9005665353335862,0.9005665353335862,0.8905665353335862,0.8905665353335862
62,0.8317663152742685,0.8317663152742685,0.8417663152742685,0.8417663152742685,0.8317663152742685,0.8317663152742685,0.8117663152742685,0.8117663152742685,0.7917663152742684,0.8117663152742685,0.8117663152742685,0.8117663152742685,0.8117663152742685
63,0.8671942422912453,0.8471942422912453,0.8471942422912453,0.8271942422912453,0.8271942422912453,0.8321942422912453,0.8321942422912453,0.8321942422912453,0.8321942422912453,0.8521942422912453,0.8521942422912453,0.8621942422912453,0.8821942422912453
64,0.8476239934757022,0.8476239934757022,0.8476239934757022,0.8576239934757022,0.8576239934757022,0.8576239934757022,0.8776239934757022,0.8576239934757022,0.8676239934757022,0.8576239934757022,0.8476239934757022,0.8376239934757022,0.8376239934757022
65,0.8394283372942372,0.8294283372942372,0.8094283372942371,0.7994283372942371,0.8094283372942371,0.8394283372942372,0.8494283372942372,0.8394283372942372,0.8294283372942372,0.8194283372942371,0.8194283372942371,0.8094283372942371,0.8094283372942371
66,0.8850332931446845,0.9150332931446845,0.9150332931446845,0.9150332931446845,0.9250332931446845,0.9200332931446845,0.9100332931446845,0.8900332931446845,0.9000332931446845,0.8800332931446845,0.9000332931446845,0.9000332931446845,0.9100332931446845
67,0.8781103515950032,0.8681103515950032,0.8681103515950032,0.8681103515950032,0.8781103515950032,0.8881103515950032,0.8981103515950032,0.8981103515950032,0.8981103515950032,0.8981103515950032,0.8981103515950032,0.9081103515950032,0.8981103515950032
68,0.9564105186280193,0.9764105186280193,0.9764105186280193,0.9664105186280193,0.9764105186280193,0.9764105186280193,0.9764105186280193,0.9864105186280193,0.9714105186280193,0.9814105186280193,0.9814105186280193,0.9814105186280193,0.9814105186280193
69,0.8465404258476907,0.8465404258476907,0.8465404258476907,0.8465404258476907,0.8365404258476907,0.8265404258476907,0.8515404258476907,0.8615404258476907,0.8715404258476908,0.8815404258476908,0.8715404258476908,0.8815404258476908,0.8715404258476908
70,0.8813011260995812,0.8813011260995812,0.8813011260995812,0.8813011260995812,0.8813011260995812,0.8813011260995812,0.8913011260995812,0.8913011260995812,0.8913011260995812,0.8813011260995812,0.8813011260995812,0.8913011260995812,0.8913011260995812
71,0.8127326404575469,0.8127326404575469,0.8227326404575469,0.8227326404575469,0.8227326404575469,0.8227326404575469,0.8327326404575469,0.8327326404575469,0.8327326404575469,0.8427326404575469,0.8427326404575469,0.8427326404575469,0.8427326404575469
72,0.9033184792298713,0.9133184792298713,0.9033184792298713,0.9133184792298713,0.9233184792298713,0.9133184792298713,0.9233184792298713,0.9233184792298713,0.9233184792298713,0.9333184792298713,0.9333184792298713,0.9233184792298713,0.9333184792298713
73,0.9335386776743736,0.9335386776743736,0.9235386776743736,0.9035386776743736,0.9035386776743736,0.9035386776743736,0.9185386776743736,0.9285386776743736,0.9185386776743736,0.9185386776743736,0.9185386776743736,0.9185386776743736,0.9285386776743736
74,0.9078746881883165,0.9078746881883165,0.9078746881883165,0.9078746881883165,0.9078746881883165,0.9278746881883165,0.9278746881883165,0.9278746881883165,0.9278746881883165,0.9378746881883165,0.9378746881883165,0.9378746881883165,0.9378746881883165
75,0.8040220284600454,0.7940220284600454,0.7940220284600454,0.7940220284600454,0.7940220284600454,0.7840220284600454,0.7640220284600454,0.7690220284600454,0.7690220284600454,0.7690220284600454,0.7890220284600454,0.7890220284600454,0.7790220284600454
76,0.918848594204399,0.908848594204399,0.908848594204399,0.908848594204399,0.908848594204399,0.908848594204399,0.908848594204399,0.908848594204399,0.918848594204399,0.948848594204399,0.928848594204399,0.928848594204399,0.928848594204399
77,0.8772669040506542,0.8772669040506542,0.8772669040506542,0.8772669040506542,0.8972669040506542,0.8872669040506542,0.8772669040506542,0.8672669040506542,0.8672669040506542,0.8672669040506542,0.8672669040506542,0.8872669040506542,0.8872669040506542
78,0.9017710534033864,0.9217710534033864,0.9217710534033864,0.9417710534033864,0.9417710534033864,0.9417710534033864,0.9417710534033864,0.9417710534033864,0.9217710534033864,0.9217710534033864,0.9217710534033864,0.9117710534033864,0.9217710534033864
79,0.8285318248369036,0.8285318248369036,0.8085318248369036,0.8385318248369036,0.8385318248369036,0.8385318248369036,0.8385318248369036,0.8285318248369036,0.8285318248369036,0.8285318248369036,0.8385318248369036,0.8285318248369036,0.8385318248369036
80,0.8129344160324595,0.8129344160324595,0.8129344160324595,0.8129344160324595,0.8129344160324595,0.8229344160324595,0.8429344160324596,0.8329344160324595,0.8329344160324595,0.8229344160324595,0.8329344160324595,0.8329344160324595,0.8329344160324595
81,0.8744624690346824,0.8744624690346824,0.8744624690346824,0.8544624690346824,0.8544624690346824,0.8344624690346824,0.8344624690346824,0.8344624690346824,0.8394624690346824,0.8694624690346824,0.8794624690346824,0.8694624690346824,0.8694624690346824
82,0.8588113122343365,0.8588113122343365,0.8588113122343365,0.8488113122343365,0.8488113122343365,0.8488113122343365,0.8388113122343365,0.8488113122343365,0.8488113122343365,0.8288113122343365,0.8388113122343365,0.8388113122343365,0.8388113122343365
83,0.8647660406634509,0.8747660406634509,0.8947660406634509,0.8947660406634509,0.8847660406634509,0.8847660406634509,0.9047660406634509,0.8997660406634509,0.8997660406634509,0.8897660406634509,0.8697660406634509,0.8697660406634509,0.8797660406634509
84,0.87491294881867,0.87491294881867,0.87491294881867,0.88491294881867,0.91491294881867,0.90491294881867,0.89491294881867,0.88491294881867,0.89491294881867,0.89491294881867,0.89491294881867,0.89491294881867,0.89491294881867
85,0.8836783983482928,0.8836783983482928,0.8836783983482928,0.9036783983482928,0.9236783983482928,0.9236783983482928,0.9236783983482928,0.9236783983482928,0.9186783983482928,0.9086783983482928,0.9086783983482928,0.9186783983482928,0.9086783983482928
86,0.8603595393171739,0.8903595393171739,0.8753595393171739,0.8653595393171739,0.8653595393171739,0.8653595393171739,0.8653595393171739,0.8753595393171739,0.8653595393171739,0.8753595393171739,0.8653595393171739,0.8653595393171739,0.8553595393171739
87,0.9520272400132435,0.9520272400132435,0.9620272400132435,0.9520272400132435,0.9520272400132435,0.9420272400132434,0.9220272400132434,0.9220272400132434,0.9220272400132434,0.9220272400132434,0.9220272400132434,0.9220272400132434,0.9120272400132434
88,0.8951815736809574,0.8851815736809574,0.9151815736809574,0.9251815736809574,0.9151815736809574,0.9151815736809574,0.9051815736809574,0.8951815736809574,0.8951815736809574,0.8951815736809574,0.8951815736809574,0.8951815736809574,0.8851815736809574
89,0.9270026965046351,0.9270026965046351,0.9270026965046351,0.9370026965046351,0.9570026965046351,0.9570026965046351,0.9570026965046351,0.9570026965046351,0.9570026965046351,0.9570026965046351,0.9420026965046351,0.9420026965046351,0.9320026965046351
90,0.9382215641501634,0.9382215641501634,0.9282215641501634,0.9182215641501634,0.9082215641501634,0.9082215641501634,0.9182215641501634,0.9482215641501635,0.9482215641501635,0.9482215641501635,0.9582215641501635,0.9382215641501634,0.9282215641501634
91,0.8355921868185764,0.8355921868185764,0.8255921868185764,0.7955921868185764,0.8005921868185764,0.8005921868185764,0.8005921868185764,0.8005921868185764,0.8005921868185764,0.8005921868185764,0.8005921868185764,0.8105921868185764,0.8105921868185764
92,0.8604680442135351,0.8604680442135351,0.8704680442135351,0.8604680442135351,0.8704680442135351,0.8704680442135351,0.8704680442135351,0.8704680442135351,0.8604680442135351,0.840468044213535,0.840468044213535,0.840468044213535,0.840468044213535
93,0.8419388558785986,0.8319388558785986,0.8119388558785986,0.8019388558785986,0.8069388558785986,0.8169388558785986,0.8169388558785986,0.8069388558785986,0.8269388558785986,0.8269388558785986,0.8269388558785986,0.8469388558785986,0.8169388558785986
94,0.8653322123988992,0.8653322123988992,0.8653322123988992,0.8653322123988992,0.8653322123988992,0.8553322123988992,0.8453322123988992,0.8353322123988992,0.8453322123988992,0.8553322123988992,0.8553322123988992,0.8453322123988992,0.8353322123988992
95,0.8327590192147633,0.8327590192147633,0.8527590192147633,0.8627590192147633,0.8477590192147633,0.8377590192147633,0.8377590192147633,0.8377590192147633,0.8277590192147632,0.8377590192147633,0.8377590192147633,0.8377590192147633,0.8477590192147633
96,0.9075069267646287,0.9075069267646287,0.9075069267646287,0.9475069267646288,0.9425069267646288,0.9425069267646288,0.9425069267646288,0.9425069267646288,0.9225069267646288,0.9125069267646287,0.9225069267646288,0.9225069267646288,0.9325069267646288
97,0.9094057368514655,0.9094057368514655,0.8994057368514655,0.8794057368514655,0.8794057368514655,0.8794057368514655,0.8944057368514655,0.8944057368514655,0.9044057368514655,0.8944057368514655,0.9044057368514655,0.8944057368514655,0.9244057368514655
98,0.9017595385177261,0.9217595385177261,0.9217595385177261,0.9217595385177261,0.871759538517726,0.861759538517726,0.866759538517726,0.866759538517726,0.866759538517726,0.866759538517726,0.876759538517726,0.896759538517726,0.9067595385177261
99,0.879538491327345,0.879538491327345,0.859538491327345,0.8495384913273449,0.8495384913273449,0.8495384913273449,0.869538491327345,0.879538491327345,0.879538491327345,0.879538491327345,0.879538491327345,0.869538491327345,0.859538491327345
100,0.9866146646525189,0.9866146646525189,0.9866146646525189,0.9666146646525189,0.9666146646525189,0.9866146646525189,0.9766146646525189,0.9666146646525189,0.9666146646525189,0.9466146646525189,0.9466146646525189,0.9516146646525189,0.9516146646525189
101,0.8733767981319985,0.8633767981319985,0.8633767981319985,0.8533767981319985,0.8533767981319985,0.8533767981319985,0.8533767981319985,0.8533767981319985,0.8533767981319985,0.8633767981319985,0.8533767981319985,0.8533767981319985,0.8533767981319985
102,0.8247032707672446,0.8347032707672446,0.8647032707672446,0.8547032707672446,0.8547032707672446,0.8397032707672446,0.8497032707672446,0.8297032707672446,0.8197032707672446,0.8397032707672446,0.8397032707672446,0.8497032707672446,0.8497032707672446
103,0.9070787516318756,0.9070787516318756,0.9070787516318756,0.9070787516318756,0.8970787516318756,0.8870787516318756,0.8770787516318755,0.8670787516318755,0.8770787516318755,0.8770787516318755,0.8670787516318755,0.8720787516318755,0.8720787516318755
104,0.9126873857639008,0.9026873857639008,0.9226873857639009,0.9326873857639009,0.9426873857639009,0.9426873857639009,0.9426873857639009,0.9426873857639009,0.9276873857639009,0.9276873857639009,0.9076873857639008,0.9076873857639008,0.9076873857639008
105,0.8830653834306944,0.8830653834306944,0.8530653834306944,0.8530653834306944,0.8630653834306944,0.8630653834306944,0.8630653834306944,0.8630653834306944,0.8630653834306944,0.8830653834306944,0.8930653834306944,0.8930653834306944,0.8930653834306944
106,0.8235938019549236,0.8435938019549236,0.8435938019549236,0.8435938019549236,0.8335938019549236,0.8235938019549236,0.8235938019549236,0.8235938019549236,0.8435938019549236,0.8535938019549236,0.8385938019549236,0.8385938019549236,0.8585938019549236
107,0.8788800609541344,0.8688800609541344,0.8688800609541344,0.8588800609541344,0.8788800609541344,0.8488800609541344,0.8488800609541344,0.8588800609541344,0.8688800609541344,0.8788800609541344,0.8888800609541344,0.9088800609541344,0.8938800609541344
108,0.8839755571242407,0.8839755571242407,0.8639755571242407,0.8739755571242407,0.8539755571242407,0.8539755571242407,0.8539755571242407,0.8639755571242407,0.8639755571242407,0.8739755571242407,0.8739755571242407,0.8739755571242407,0.8939755571242407
109,0.8312648670114064,0.8212648670114064,0.8412648670114065,0.8412648670114065,0.8412648670114065,0.8312648670114064,0.8312648670114064,0.8212648670114064,0.8012648670114064,0.8162648670114064,0.8262648670114064,0.8262648670114064,0.8362648670114065
110,0.8669088122266593,0.8669088122266593,0.8569088122266593,0.8569088122266593,0.8569088122266593,0.8469088122266593,0.8569088122266593,0.8469088122266593,0.8269088122266592,0.8369088122266592,0.8569088122266593,0.8469088122266593,0.8369088122266592
111,0.9307826823994017,0.9307826823994017,0.9207826823994016,0.9207826823994016,0.9207826823994016,0.9007826823994016,0.8907826823994016,0.8907826823994016,0.8957826823994016,0.9057826823994016,0.9057826823994016,0.8957826823994016,0.8957826823994016
112,0.9267997773121244,0.9267997773121244,0.9367997773121244,0.9467997773121244,0.9267997773121244,0.9167997773121244,0.9167997773121244,0.9067997773121244,0.9167997773121244,0.9167997773121244,0.9167997773121244,0.9267997773121244,0.9167997773121244
113,0.9222310656318086,0.9222310656318086,0.9122310656318086,0.9122310656318086,0.9122310656318086,0.9122310656318086,0.8922310656318085,0.8922310656318085,0.8922310656318085,0.8922310656318085,0.8922310656318085,0.9222310656318086,0.9422310656318086
114,0.8626349824583109,0.8526349824583109,0.8526349824583109,0.8526349824583109,0.8426349824583109,0.8526349824583109,0.8526349824583109,0.8626349824583109,0.8626349824583109,0.872634982458311,0.872634982458311,0.8326349824583109,0.8476349824583109
115,0.9213049393217554,0.8913049393217554,0.9013049393217554,0.9113049393217554,0.9113049393217554,0.9113049393217554,0.9213049393217554,0.9213049393217554,0.9113049393217554,0.9113049393217554,0.9013049393217554,0.9113049393217554,0.9213049393217554
116,0.8506852948281611,0.8706852948281611,0.8906852948281612,0.8906852948281612,0.8856852948281612,0.8856852948281612,0.8856852948281612,0.8856852948281612,0.8756852948281612,0.8556852948281611,0.8656852948281611,0.8356852948281611,0.8256852948281611
117,0.9453431546803881,0.9353431546803881,0.9353431546803881,0.9253431546803881,0.9153431546803881,0.9153431546803881,0.9153431546803881,0.9153431546803881,0.9153431546803881,0.9253431546803881,0.9353431546803881,0.9553431546803881,0.9753431546803881
118,0.8399741624392205,0.8399741624392205,0.8299741624392205,0.8499741624392205,0.8599741624392205,0.8799741624392206,0.8749741624392205,0.8649741624392205,0.8849741624392206,0.8849741624392206,0.8849741624392206,0.8849741624392206,0.8849741624392206
119,0.8831357794304044,0.8831357794304044,0.9131357794304045,0.9231357794304045,0.9131357794304045,0.9031357794304045,0.9031357794304045,0.9131357794304045,0.8981357794304045,0.8981357794304045,0.9081357794304045,0.9081357794304045,0.8881357794304044
120,0.8474112496834744,0.8274112496834743,0.8074112496834743,0.8174112496834743,0.8274112496834743,0.8274112496834743,0.8274112496834743,0.8274112496834743,0.8074112496834743,0.8174112496834743,0.8174112496834743,0.8274112496834743,0.8274112496834743
121,0.8588186930099013,0.8588186930099013,0.8588186930099013,0.8588186930099013,0.8388186930099013,0.8388186930099013,0.8638186930099013,0.8638186930099013,0.8738186930099013,0.8738186930099013,0.8738186930099013,0.8738186930099013,0.8638186930099013
122,0.9161446551740349,0.9361446551740349,0.9361446551740349,0.9561446551740349,0.9461446551740349,0.9261446551740349,0.9261446551740349,0.9361446551740349,0.9361446551740349,0.9461446551740349,0.9461446551740349,0.9561446551740349,0.9511446551740349
123,0.7917664703845719,0.7717664703845719,0.7617664703845719,0.7617664703845719,0.7617664703845719,0.7817664703845719,0.7717664703845719,0.7967664703845719,0.7967664703845719,0.7967664703845719,0.7967664703845719,0.7867664703845719,0.7667664703845719
124,0.8689510921095958,0.8689510921095958,0.8689510921095958,0.8589510921095957,0.8589510921095957,0.8589510921095957,0.8689510921095958,0.8489510921095957,0.8489510921095957,0.8489510921095957,0.8689510921095958,0.8689510921095958,0.8489510921095957
125,0.8970387058796835,0.8870387058796835,0.8870387058796835,0.8670387058796835,0.8670387058796835,0.8670387058796835,0.8670387058796835,0.8770387058796835,0.8770387058796835,0.8570387058796834,0.8670387058796835,0.8770387058796835,0.8770387058796835
126,0.8028852256173059,0.7828852256173059,0.7928852256173059,0.7928852256173059,0.7928852256173059,0.7928852256173059,0.7928852256173059,0.7628852256173059,0.7628852256173059,0.7628852256173059,0.7678852256173059,0.7778852256173059,0.7678852256173059
127,0.822071744711967,0.822071744711967,0.832071744711967,0.802071744711967,0.822071744711967,0.812071744711967,0.822071744711967,0.822071744711967,0.822071744711967,0.822071744711967,0.822071744711967,0.802071744711967,0.802071744711967
128,0.8520978379172033,0.8420978379172033,0.8620978379172033,0.8620978379172033,0.8620978379172033,0.8620978379172033,0.8620978379172033,0.8720978379172033,0.8720978379172033,0.8920978379172033,0.8870978379172033,0.8670978379172033,0.8670978379172033
129,0.8747573140040424,0.8747573140040424,0.8747573140040424,0.8747573140040424,0.8747573140040424,0.8647573140040424,0.8547573140040424,0.8447573140040424,0.8447573140040424,0.8597573140040424,0.8797573140040424,0.8797573140040424,0.8797573140040424
130,0.8223141945677911,0.8223141945677911,0.8323141945677911,0.8323141945677911,0.8323141945677911,0.8423141945677911,0.8523141945677911,0.8523141945677911,0.8423141945677911,0.8623141945677911,0.8573141945677911,0.8473141945677911,0.8573141945677911
131,0.8403100732926467,0.8303100732926467,0.8103100732926467,0.8103100732926467,0.8103100732926467,0.8103100732926467,0.8003100732926467,0.8003100732926467,0.8003100732926467,0.8003100732926467,0.8053100732926467,0.8053100732926467,0.8153100732926467
132,0.9636608056531507,0.9636608056531507,0.9836608056531507,0.9736608056531507,0.9936608056531507,1.0,0.99,0.99,0.96,0.95,0.94,0.94,0.95
133,0.832684798599305,0.832684798599305,0.852684798599305,0.812684798599305,0.812684798599305,0.802684798599305,0.802684798599305,0.802684798599305,0.812684798599305,0.812684798599305,0.822684798599305,0.822684798599305,0.812684798599305
134,0.9071515114899867,0.9071515114899867,0.9071515114899867,0.9171515114899867,0.9471515114899868,0.9371515114899868,0.9371515114899868,0.9371515114899868,0.9171515114899867,0.9371515114899868,0.9171515114899867,0.9171515114899867,0.9071515114899867
135,0.9393362935140481,0.9493362935140481,0.9493362935140481,0.9493362935140481,0.9493362935140481,0.9693362935140482,0.9793362935140482,0.9743362935140482,0.9643362935140481,0.9543362935140481,0.9243362935140481,0.9143362935140481,0.9243362935140481
136,0.9310230182721493,0.9310230182721493,0.9410230182721493,0.9310230182721493,0.9410230182721493,0.9510230182721493,0.9410230182721493,0.9310230182721493,0.9210230182721493,0.9110230182721493,0.8910230182721492,0.9010230182721493,0.8910230182721492
137,0.9411214062213713,0.9411214062213713,0.9511214062213713,0.9711214062213713,0.9411214062213713,0.9411214062213713,0.9411214062213713,0.9611214062213713,0.9611214062213713,0.9511214062213713,0.9511214062213713,0.9511214062213713,0.9511214062213713
138,0.858532327881234,0.848532327881234,0.848532327881234,0.838532327881234,0.838532327881234,0.838532327881234,0.828532327881234,0.818532327881234,0.823532327881234,0.833532327881234,0.833532327881234,0.833532327881234,0.843532327881234
139,0.8542157915849509,0.8642157915849509,0.8742157915849509,0.8542157915849509,0.8542157915849509,0.8642157915849509,0.8542157915849509,0.8542157915849509,0.8542157915849509,0.8742157915849509,0.8742157915849509,0.8492157915849509,0.8492157915849509
140,0.8575245582053332,0.8675245582053333,0.8675245582053333,0.8675245582053333,0.8775245582053333,0.8475245582053332,0.8675245582053333,0.8575245582053332,0.8575245582053332,0.8575245582053332,0.8775245582053333,0.8675245582053333,0.8775245582053333
141,0.8495883650263215,0.8395883650263215,0.8395883650263215,0.8295883650263215,0.8295883650263215,0.8295883650263215,0.8295883650263215,0.8295883650263215,0.8395883650263215,0.8395883650263215,0.8395883650263215,0.8495883650263215,0.8395883650263215
142,0.8148039086439223,0.8148039086439223,0.8348039086439223,0.8248039086439223,0.8248039086439223,0.8448039086439223,0.8548039086439223,0.8548039086439223,0.8498039086439223,0.8298039086439223,0.8298039086439223,0.8298039086439223,0.8498039086439223
143,0.7837965286205966,0.7837965286205966,0.8037965286205966,0.8137965286205966,0.8037965286205966,0.8037965286205966,0.8037965286205966,0.7937965286205966,0.8037965286205966,0.8237965286205966,0.8237965286205966,0.8237965286205966,0.8037965286205966
144,0.8820950841650143,0.8920950841650143,0.8920950841650143,0.8920950841650143,0.8520950841650142,0.8520950841650142,0.8520950841650142,0.8520950841650142,0.8520950841650142,0.8620950841650142,0.8620950841650142,0.8620950841650142,0.8720950841650142
145,0.8239516266060055,0.8139516266060055,0.8139516266060055,0.8139516266060055,0.8039516266060055,0.8039516266060055,0.8239516266060055,0.8239516266060055,0.8039516266060055,0.8039516266060055,0.7939516266060055,0.8039516266060055,0.8339516266060055
146,0.874678090765217,0.874678090765217,0.894678090765217,0.904678090765217,0.904678090765217,0.904678090765217,0.914678090765217,0.909678090765217,0.889678090765217,0.889678090765217,0.909678090765217,0.899678090765217,0.899678090765217
147,0.8720835401366027,0.8720835401366027,0.8620835401366027,0.8620835401366027,0.8720835401366027,0.8720835401366027,0.8720835401366027,0.8720835401366027,0.8720835401366027,0.8720835401366027,0.8720835401366027,0.8720835401366027,0.8720835401366027
148,0.8679452867603118,0.8579452867603118,0.8579452867603118,0.8479452867603118,0.8379452867603118,0.8279452867603118,0.8279452867603118,0.8279452867603118,0.8279452867603118,0.8329452867603118,0.8429452867603118,0.8329452867603118,0.8329452867603118
149,0.9196853085899471,0.9296853085899471,0.9296853085899471,0.9296853085899471,0.9296853085899471,0.9396853085899471,0.9496853085899472,0.9396853085899471,0.9196853085899471,0.9096853085899471,0.9096853085899471,0.8996853085899471,0.9196853085899471
150,0.898185635160526,0.898185635160526,0.898185635160526,0.878185635160526,0.8581856351605259,0.8581856351605259,0.8581856351605259,0.8581856351605259,0.878185635160526,0.878185635160526,0.878185635160526,0.878185635160526,0.903185635160526
151,0.8873832641151969,0.8673832641151968,0.8473832641151968,0.8573832641151968,0.8573832641151968,0.8473832641151968,0.8523832641151968,0.8523832641151968,0.8623832641151968,0.8523832641151968,0.8523832641151968,0.8523832641151968,0.8723832641151968
152,0.9183426637045976,0.9183426637045976,0.9283426637045976,0.9283426637045976,0.9283426637045976,0.9283426637045976,0.9283426637045976,0.9283426637045976,0.9383426637045976,0.9383426637045976,0.9383426637045976,0.9383426637045976,0.9283426637045976
153,0.8453133176885889,0.8453133176885889,0.8453133176885889,0.8453133176885889,0.8453133176885889,0.8453133176885889,0.8253133176885888,0.8253133176885888,0.8153133176885888,0.8053133176885888,0.8103133176885888,0.8103133176885888,0.8103133176885888
154,0.9476581227542462,0.9476581227542462,0.9276581227542462,0.9576581227542462,0.9776581227542462,0.9676581227542462,0.9676581227542462,0.9676581227542462,0.9676581227542462,0.9776581227542462,0.9776581227542462,0.9876581227542462,0.9876581227542462
155,0.9334303204504322,0.9234303204504322,0.8934303204504321,0.8934303204504321,0.9034303204504321,0.9134303204504322,0.9134303204504322,0.9134303204504322,0.9134303204504322,0.9134303204504322,0.9134303204504322,0.9134303204504322,0.9334303204504322
156,0.8165546696886615,0.8065546696886615,0.8265546696886615,0.8165546696886615,0.8165546696886615,0.8065546696886615,0.8265546696886615,0.8265546696886615,0.8365546696886615,0.8165546696886615,0.8065546696886615,0.8165546696886615,0.8165546696886615
157,0.9338933875801845,0.9338933875801845,0.9438933875801845,0.9338933875801845,0.9438933875801845,0.9138933875801845,0.9388933875801845,0.9388933875801845,0.9688933875801845,0.9688933875801845,0.9688933875801845,0.9388933875801845,0.9488933875801845
158,0.7909539940861577,0.7909539940861577,0.7909539940861577,0.7709539940861577,0.7709539940861577,0.7709539940861577,0.7709539940861577,0.7809539940861577,0.7809539940861577,0.7809539940861577,0.7809539940861577,0.7709539940861577,0.7509539940861577
159,0.9251579207695859,0.9251579207695859,0.9051579207695859,0.8951579207695859,0.9051579207695859,0.9051579207695859,0.9051579207695859,0.9151579207695859,0.9051579207695859,0.8951579207695859,0.9101579207695859,0.9101579207695859,0.9201579207695859
160,0.8752720277822361,0.8652720277822361,0.8552720277822361,0.8552720277822361,0.8552720277822361,0.8552720277822361,0.8452720277822361,0.8552720277822361,0.8452720277822361,0.8452720277822361,0.8452720277822361,0.8452720277822361,0.8452720277822361
161,0.8989202721072379,0.8989202721072379,0.8989202721072379,0.9189202721072379,0.9189202721072379,0.9189202721072379,0.9289202721072379,0.9389202721072379,0.9289202721072379,0.9189202721072379,0.9189202721072379,0.9189202721072379,0.9089202721072379
162,0.8694681293982457,0.8794681293982457,0.8794681293982457,0.8694681293982457,0.8694681293982457,0.8694681293982457,0.8694681293982457,0.8594681293982457,0.8594681293982457,0.8594681293982457,0.8494681293982457,0.8594681293982457,0.8594681293982457
163,0.8789197698292027,0.8789197698292027,0.8889197698292027,0.8889197698292027,0.8989197698292027,0.8989197698292027,0.8989197698292027,0.9089197698292028,0.8989197698292027,0.9089197698292028,0.9089197698292028,0.9189197698292028,0.8989197698292027
164,0.8527853579073833,0.8427853579073833,0.8427853579073833,0.8427853579073833,0.8427853579073833,0.8427853579073833,0.8327853579073833,0.8577853579073833,0.8577853579073833,0.8677853579073833,0.8677853579073833,0.8677853579073833,0.8577853579073833
165,0.8822965622486392,0.8822965622486392,0.8922965622486392,0.8822965622486392,0.8822965622486392,0.8922965622486392,0.8822965622486392,0.8822965622486392,0.8522965622486391,0.8622965622486392,0.8722965622486392,0.8522965622486391,0.8822965622486392
166,0.9485024331647632,0.9385024331647632,0.9385024331647632,0.9385024331647632,0.9485024331647632,0.9285024331647632,0.9185024331647632,0.9385024331647632,0.9385024331647632,0.9485024331647632,0.9585024331647632,0.9585024331647632,0.9585024331647632
167,0.8840267083177236,0.8840267083177236,0.8940267083177236,0.9040267083177236,0.8840267083177236,0.8840267083177236,0.8840267083177236,0.8640267083177235,0.8840267083177236,0.8840267083177236,0.8840267083177236,0.8640267083177235,0.8640267083177235
168,0.8592731850112885,0.8692731850112885,0.8992731850112885,0.8992731850112885,0.8992731850112885,0.8942731850112885,0.8842731850112885,0.8842731850112885,0.8742731850112885,0.8742731850112885,0.8942731850112885,0.8942731850112885,0.8942731850112885
169,0.8712197030291507,0.8812197030291508,0.8612197030291507,0.8512197030291507,0.8512197030291507,0.8512197030291507,0.8412197030291507,0.8412197030291507,0.8412197030291507,0.8412197030291507,0.8312197030291507,0.8312197030291507,0.8512197030291507
170,0.8862232827525622,0.8862232827525622,0.9262232827525623,0.9162232827525623,0.9262232827525623,0.9212232827525623,0.9112232827525623,0.9212232827525623,0.9212232827525623,0.9212232827525623,0.9212232827525623,0.9112232827525623,0.9112232827525623
171,0.8891317582823972,0.8891317582823972,0.8891317582823972,0.8891317582823972,0.8891317582823972,0.8891317582823972,0.8891317582823972,0.8891317582823972,0.8891317582823972,0.8891317582823972,0.8991317582823972,0.8991317582823972,0.8991317582823972
172,0.9535111489592115,0.9535111489592115,0.9435111489592115,0.9535111489592115,0.9535111489592115,0.9735111489592115,0.9735111489592115,0.9635111489592115,0.9535111489592115,0.9535111489592115,0.9535111489592115,0.9235111489592115,0.9435111489592115
173,0.8519227429536708,0.8619227429536708,0.8719227429536708,0.8919227429536708,0.8919227429536708,0.8869227429536708,0.8869227429536708,0.8869227429536708,0.8669227429536708,0.8469227429536708,0.8469227429536708,0.8269227429536707,0.8269227429536707
174,0.881278384555292,0.881278384555292,0.881278384555292,0.891278384555292,0.891278384555292,0.901278384555292,0.911278384555292,0.901278384555292,0.891278384555292,0.891278384555292,0.891278384555292,0.891278384555292,0.891278384555292
175,0.8243659325535657,0.8343659325535657,0.8343659325535657,0.8143659325535657,0.8143659325535657,0.8043659325535657,0.8143659325535657,0.8143659325535657,0.8143659325535657,0.8443659325535657,0.8543659325535657,0.8643659325535658,0.8643659325535658
176,0.8153427086092493,0.8253427086092493,0.8153427086092493,0.8053427086092493,0.8153427086092493,0.8253427086092493,0.8353427086092493,0.8053427086092493,0.7853427086092493,0.7853427086092493,0.7753427086092493,0.7803427086092493,0.8003427086092493
177,0.8317280978567513,0.8317280978567513,0.8317280978567513,0.8217280978567513,0.8317280978567513,0.7917280978567512,0.8017280978567513,0.8117280978567513,0.8117280978567513,0.8317280978567513,0.8517280978567513,0.8417280978567513,0.8417280978567513
178,0.8323977531159757,0.8423977531159758,0.8423977531159758,0.8523977531159758,0.8223977531159757,0.8323977531159757,0.8323977531159757,0.8323977531159757,0.8323977531159757,0.8423977531159758,0.8423977531159758,0.8523977531159758,0.8523977531159758
179,0.8646198762602109,0.8646198762602109,0.8746198762602109,0.8746198762602109,0.8346198762602108,0.8646198762602109,0.8646198762602109,0.8546198762602109,0.8546198762602109,0.8446198762602108,0.8346198762602108,0.8346198762602108,0.8346198762602108
180,0.8530162733456994,0.8530162733456994,0.8730162733456994,0.8730162733456994,0.8730162733456994,0.8730162733456994,0.8730162733456994,0.8730162733456994,0.8330162733456994,0.8230162733456994,0.8380162733456994,0.8380162733456994,0.8380162733456994
181,0.8699981951540197,0.8699981951540197,0.8699981951540197,0.8599981951540197,0.8599981951540197,0.8499981951540196,0.8499981951540196,0.8499981951540196,0.8499981951540196,0.8299981951540196,0.8299981951540196,0.8299981951540196,0.8299981951540196
182,0.8978556240569526,0.8878556240569526,0.8878556240569526,0.8878556240569526,0.8878556240569526,0.8778556240569526,0.8878556240569526,0.8978556240569526,0.9078556240569526,0.9078556240569526,0.9078556240569526,0.9078556240569526,0.8978556240569526
183,0.853655181140902,0.853655181140902,0.843655181140902,0.853655181140902,0.853655181140902,0.863655181140902,0.863655181140902,0.863655181140902,0.863655181140902,0.863655181140902,0.863655181140902,0.863655181140902,0.853655181140902
184,0.860046760530985,0.860046760530985,0.860046760530985,0.860046760530985,0.860046760530985,0.860046760530985,0.8800467605309851,0.8800467605309851,0.8800467605309851,0.8700467605309851,0.8800467605309851,0.8800467605309851,0.8800467605309851
185,0.8122139737405303,0.8122139737405303,0.8022139737405303,0.7822139737405303,0.7822139737405303,0.7722139737405302,0.7722139737405302,0.7772139737405303,0.7772139737405303,0.7772139737405303,0.7872139737405303,0.7772139737405303,0.7772139737405303
186,0.9759190083019332,0.9859190083019332,0.9959190083019333,0.9959190083019333,0.9959190083019333,0.9959190083019333,0.9859190083019332,0.9959190083019333,1.0,1.0,1.0,0.99,0.99
187,0.8415413038829075,0.8315413038829075,0.8315413038829075,0.8315413038829075,0.8315413038829075,0.8215413038829075,0.8315413038829075,0.8215413038829075,0.8215413038829075,0.8215413038829075,0.8115413038829075,0.8215413038829075,0.8215413038829075
188,0.8931889847803053,0.9131889847803053,0.9231889847803053,0.9331889847803053,0.9281889847803053,0.9281889847803053,0.9181889847803053,0.9081889847803053,0.9081889847803053,0.9181889847803053,0.9181889847803053,0.9181889847803053,0.9181889847803053
189,0.86228495170702,0.88228495170702,0.89228495170702,0.89228495170702,0.87228495170702,0.83228495170702,0.84228495170702,0.82228495170702,0.83228495170702,0.83228495170702,0.84228495170702,0.84228495170702,0.84228495170702
190,0.9075545739066937,0.9075545739066937,0.8975545739066937,0.9175545739066937,0.9075545739066937,0.9075545739066937,0.8975545739066937,0.8875545739066937,0.8875545739066937,0.8875545739066937,0.8875545739066937,0.8775545739066937,0.8775545739066937
191,0.8717854758401095,0.8817854758401095,0.8817854758401095,0.8717854758401095,0.8717854758401095,0.8817854758401095,0.8717854758401095,0.8617854758401094,0.8617854758401094,0.8617854758401094,0.8617854758401094,0.8317854758401094,0.8367854758401094
192,0.8723760367208687,0.8623760367208687,0.8723760367208687,0.8723760367208687,0.8623760367208687,0.8823760367208687,0.8723760367208687,0.8923760367208687,0.8923760367208687,0.8823760367208687,0.8823760367208687,0.8723760367208687,0.8823760367208687
193,0.9441824002770666,0.9341824002770666,0.9341824002770666,0.9241824002770666,0.9541824002770666,0.9541824002770666,0.9441824002770666,0.9441824002770666,0.9541824002770666,0.9441824002770666,0.9441824002770666,0.9141824002770665,0.9141824002770665
194,0.9199626207007752,0.9199626207007752,0.9199626207007752,0.9199626207007752,0.9199626207007752,0.9099626207007752,0.9099626207007752,0.9099626207007752,0.9099626207007752,0.9399626207007752,0.9499626207007752,0.9599626207007752,0.9599626207007752
195,0.8734486679892545,0.8734486679892545,0.8734486679892545,0.8734486679892545,0.8634486679892545,0.8634486679892545,0.8434486679892544,0.8734486679892545,0.8534486679892545,0.8534486679892545,0.8434486679892544,0.8434486679892544,0.8734486679892545
196,0.7951800165069377,0.8151800165069377,0.8151800165069377,0.8251800165069377,0.8251800165069377,0.8351800165069377,0.8301800165069377,0.8301800165069377,0.8301800165069377,0.8201800165069377,0.8301800165069377,0.8301800165069377,0.8101800165069377
197,0.909726425210792,0.909726425210792,0.919726425210792,0.8997264252107919,0.8997264252107919,0.8997264252107919,0.8997264252107919,0.8997264252107919,0.8897264252107919,0.8897264252107919,0.8997264252107919,0.8997264252107919,0.8997264252107919
198,0.8999638530401673,0.9199638530401674,0.9199638530401674,0.9199638530401674,0.9399638530401674,0.9399638530401674,0.9349638530401674,0.9349638530401674,0.9249638530401674,0.9249638530401674,0.9049638530401674,0.9249638530401674,0.9249638530401674
199,0.9038641493092905,0.9038641493092905,0.9038641493092905,0.9038641493092905,0.8938641493092905,0.8738641493092905,0.8638641493092905,0.8638641493092905,0.8638641493092905,0.8688641493092905,0.8688641493092905,0.8688641493092905,0.8788641493092905
200,0.8299843770123742,0.8399843770123742,0.8399843770123742,0.8499843770123742,0.8499843770123742,0.8599843770123742,0.8599843770123742,0.8499843770123742,0.8499843770123742,0.8599843770123742,0.8599843770123742,0.8399843770123742,0.8399843770123742
201,0.8472931178593825,0.8472931178593825,0.8472931178593825,0.8472931178593825,0.8572931178593826,0.8672931178593826,0.8672931178593826,0.8672931178593826,0.8772931178593826,0.8772931178593826,0.8672931178593826,0.8672931178593826,0.8572931178593826
202,0.881097029894575,0.881097029894575,0.8410970298945749,0.8410970298945749,0.8410970298945749,0.8410970298945749,0.8510970298945749,0.8660970298945749,0.8760970298945749,0.886097029894575,0.8760970298945749,0.8760970298945749,0.8760970298945749
203,0.8618391643983314,0.8718391643983314,0.8418391643983314,0.8318391643983314,0.8318391643983314,0.8518391643983314,0.8218391643983314,0.8218391643983314,0.8218391643983314,0.8318391643983314,0.8518391643983314,0.8618391643983314,0.8618391643983314
204,0.8769787110804027,0.8769787110804027,0.8569787110804027,0.8569787110804027,0.8669787110804027,0.8669787110804027,0.8669787110804027,0.8669787110804027,0.8669787110804027,0.8669787110804027,0.8669787110804027,0.8869787110804027,0.8869787110804027
205,0.8241991994283011,0.8141991994283011,0.8241991994283011,0.8241991994283011,0.8241991994283011,0.8241991994283011,0.8341991994283011,0.8341991994283011,0.8441991994283011,0.8441991994283011,0.8241991994283011,0.8241991994283011,0.8341991994283011
206,0.8929973974414681,0.9029973974414681,0.9129973974414681,0.9129973974414681,0.9329973974414681,0.9329973974414681,0.9329973974414681,0.9229973974414681,0.9129973974414681,0.8929973974414681,0.9129973974414681,0.9029973974414681,0.9029973974414681
207,0.9003190233625479,0.9003190233625479,0.9103190233625479,0.9003190233625479,0.9003190233625479,0.9003190233625479,0.8903190233625479,0.8903190233625479,0.8803190233625479,0.8803190233625479,0.9003190233625479,0.8903190233625479,0.8903190233625479
208,0.8135288695763871,0.8235288695763872,0.8135288695763871,0.8135288695763871,0.8135288695763871,0.8135288695763871,0.8035288695763871,0.8135288695763871,0.8135288695763871,0.8235288695763872,0.8235288695763872,0.8235288695763872,0.8235288695763872
209,0.9475777753131812,0.9475777753131812,0.9475777753131812,0.9375777753131812,0.9275777753131812,0.9275777753131812,0.9275777753131812,0.9275777753131812,0.9175777753131812,0.9325777753131812,0.9125777753131812,0.9125777753131812,0.9125777753131812
210,0.8652912385691254,0.8752912385691254,0.8652912385691254,0.8552912385691254,0.8652912385691254,0.8552912385691254,0.8452912385691254,0.8452912385691254,0.8252912385691253,0.8302912385691253,0.8302912385691253,0.8302912385691253,0.8302912385691253
211,0.9247521476499528,0.9147521476499528,0.9047521476499528,0.9047521476499528,0.8947521476499528,0.9047521476499528,0.9047521476499528,0.9047521476499528,0.9047521476499528,0.9247521476499528,0.9347521476499528,0.9347521476499528,0.9247521476499528
212,0.821797179982686,0.821797179982686,0.831797179982686,0.841797179982686,0.831797179982686,0.841797179982686,0.851797179982686,0.851797179982686,0.851797179982686,0.831797179982686,0.811797179982686,0.801797179982686,0.811797179982686
213,0.8371338455881276,0.8471338455881277,0.8671338455881277,0.8671338455881277,0.8471338455881277,0.8471338455881277,0.8771338455881277,0.8771338455881277,0.8721338455881277,0.8721338455881277,0.8721338455881277,0.8621338455881277,0.8421338455881276
214,0.9017637955137224,0.8917637955137224,0.9017637955137224,0.9017637955137224,0.9117637955137224,0.9017637955137224,0.9017637955137224,0.9117637955137224,0.9117637955137224,0.9217637955137225,0.9117637955137224,0.9017637955137224,0.9017637955137224
215,0.8837601082719012,0.8837601082719012,0.8737601082719012,0.8837601082719012,0.8737601082719012,0.8637601082719012,0.8437601082719012,0.8837601082719012,0.8837601082719012,0.8837601082719012,0.8837601082719012,0.8837601082719012,0.8837601082719012
216,0.8444209098492231,0.8444209098492231,0.8444209098492231,0.8444209098492231,0.8544209098492231,0.8544209098492231,0.8244209098492231,0.8444209098492231,0.8444209098492231,0.8544209098492231,0.8544209098492231,0.8544209098492231,0.8194209098492231
217,0.9151713628163629,0.9151713628163629,0.9151713628163629,0.9151713628163629,0.9051713628163629,0.9051713628163629,0.9051713628163629,0.9051713628163629,0.8851713628163629,0.8851713628163629,0.8851713628163629,0.9001713628163629,0.9001713628163629
218,0.8498066708853806,0.8298066708853806,0.8198066708853806,0.8198066708853806,0.8198066708853806,0.8098066708853806,0.8098066708853806,0.8148066708853806,0.8248066708853806,0.8248066708853806,0.8148066708853806,0.8348066708853806,0.8548066708853806
219,0.832026625420755,0.832026625420755,0.822026625420755,0.842026625420755,0.842026625420755,0.842026625420755,0.852026625420755,0.842026625420755,0.832026625420755,0.832026625420755,0.832026625420755,0.842026625420755,0.842026625420755
220,0.8734593028158768,0.8734593028158768,0.8734593028158768,0.8934593028158768,0.8934593028158768,0.8634593028158768,0.8734593028158768,0.8434593028158768,0.8734593028158768,0.8834593028158768,0.8734593028158768,0.8834593028158768,0.8834593028158768
221,0.8838786799846242,0.8838786799846242,0.8838786799846242,0.8738786799846242,0.8738786799846242,0.8738786799846242,0.8838786799846242,0.8838786799846242,0.8838786799846242,0.8738786799846242,0.8738786799846242,0.8638786799846242,0.8638786799846242
222,0.8840779076699135,0.8740779076699134,0.8740779076699134,0.8840779076699135,0.8940779076699135,0.8940779076699135,0.8940779076699135,0.8940779076699135,0.8940779076699135,0.8940779076699135,0.8940779076699135,0.8940779076699135,0.8940779076699135
223,0.8169603739923437,0.8069603739923437,0.7969603739923437,0.7969603739923437,0.7869603739923436,0.7769603739923436,0.7769603739923436,0.7769603739923436,0.7769603739923436,0.7869603739923436,0.7769603739923436,0.7769603739923436,0.7769603739923436
224,0.91531001236521,0.91531001236521,0.91531001236521,0.92531001236521,0.93531001236521,0.92531001236521,0.91531001236521,0.91531001236521,0.92531001236521,0.9453100123652101,0.9453100123652101,0.9453100123652101,0.92531001236521
225,0.8805412688241037,0.9005412688241037,0.9005412688241037,0.9005412688241037,0.9005412688241037,0.8755412688241037,0.8755412688241037,0.8955412688241037,0.8655412688241036,0.8855412688241037,0.9055412688241037,0.9155412688241037,0.8955412688241037
226,0.9422964676845033,0.9322964676845032,0.9222964676845032,0.9222964676845032,0.9222964676845032,0.9022964676845032,0.9222964676845032,0.9322964676845032,0.9322964676845032,0.9222964676845032,0.9222964676845032,0.9222964676845032,0.9222964676845032
227,0.8480784513267118,0.8580784513267118,0.8580784513267118,0.8580784513267118,0.8380784513267118,0.8380784513267118,0.8580784513267118,0.8680784513267118,0.8680784513267118,0.8580784513267118,0.8580784513267118,0.8680784513267118,0.8680784513267118
228,0.8970141017295273,0.8870141017295273,0.8870141017295273,0.8670141017295273,0.8870141017295273,0.8970141017295273,0.8970141017295273,0.8970141017295273,0.8970141017295273,0.8970141017295273,0.8970141017295273,0.8970141017295273,0.8970141017295273
229,0.9098732282524318,0.8898732282524318,0.8998732282524318,0.9348732282524318,0.9448732282524318,0.9548732282524318,0.9448732282524318,0.9448732282524318,0.9448732282524318,0.9448732282524318,0.9448732282524318,0.9348732282524318,0.9348732282524318
230,0.8479189249671987,0.8479189249671987,0.8579189249671987,0.8579189249671987,0.8379189249671987,0.8379189249671987,0.8379189249671987,0.8279189249671987,0.8179189249671986,0.8279189249671987,0.8279189249671987,0.8479189249671987,0.8279189249671987
231,0.910626646232007,0.9006266462320069,0.9006266462320069,0.910626646232007,0.9006266462320069,0.9006266462320069,0.9006266462320069,0.8906266462320069,0.915626646232007,0.905626646232007,0.915626646232007,0.905626646232007,0.905626646232007
232,0.9258925906802059,0.9158925906802059,0.8958925906802059,0.8858925906802059,0.8858925906802059,0.8858925906802059,0.8958925906802059,0.9108925906802059,0.9108925906802059,0.9008925906802059,0.8808925906802059,0.8808925906802059,0.8808925906802059
233,0.8919078890340931,0.8919078890340931,0.8819078890340931,0.8819078890340931,0.8619078890340931,0.8519078890340931,0.8619078890340931,0.8619078890340931,0.8719078890340931,0.8519078890340931,0.8569078890340931,0.8469078890340931,0.8669078890340931
234,0.8314174986590902,0.8414174986590902,0.8414174986590902,0.8414174986590902,0.8514174986590902,0.8414174986590902,0.8414174986590902,0.8714174986590902,0.8614174986590902,0.8414174986590902,0.8614174986590902,0.8514174986590902,0.8514174986590902
235,0.925246326859456,0.915246326859456,0.9052463268594559,0.9052463268594559,0.915246326859456,0.9052463268594559,0.930246326859456,0.9002463268594559,0.920246326859456,0.930246326859456,0.920246326859456,0.920246326859456,0.960246326859456
236,0.9151719262579391,0.9251719262579391,0.9251719262579391,0.9351719262579391,0.9101719262579391,0.9201719262579391,0.9001719262579391,0.9001719262579391,0.9001719262579391,0.9001719262579391,0.9001719262579391,0.9001719262579391,0.8901719262579391
237,0.8882554403789558,0.8982554403789558,0.9282554403789558,0.9282554403789558,0.9282554403789558,0.9282554403789558,0.9282554403789558,0.9182554403789558,0.9082554403789558,0.9082554403789558,0.8982554403789558,0.8982554403789558,0.8882554403789558
238,0.818837041309384,0.828837041309384,0.818837041309384,0.8088370413093839,0.818837041309384,0.8088370413093839,0.828837041309384,0.838837041309384,0.828837041309384,0.838837041309384,0.848837041309384,0.848837041309384,0.858837041309384
239,0.7911233295811538,0.7911233295811538,0.7911233295811538,0.8011233295811538,0.8011233295811538,0.7911233295811538,0.8011233295811538,0.8111233295811539,0.7861233295811538,0.7861233295811538,0.7861233295811538,0.7861233295811538,0.7861233295811538
240,0.8499310390507562,0.8499310390507562,0.8399310390507562,0.8499310390507562,0.8699310390507562,0.8499310390507562,0.8399310390507562,0.8399310390507562,0.8399310390507562,0.8599310390507562,0.8599310390507562,0.8699310390507562,0.8699310390507562
241,0.822744212037699,0.812744212037699,0.812744212037699,0.812744212037699,0.822744212037699,0.832744212037699,0.842744212037699,0.842744212037699,0.842744212037699,0.832744212037699,0.822744212037699,0.822744212037699,0.822744212037699
242,0.805198228461669,0.805198228461669,0.805198228461669,0.785198228461669,0.795198228461669,0.785198228461669,0.785198228461669,0.785198228461669,0.795198228461669,0.805198228461669,0.795198228461669,0.785198228461669,0.815198228461669
243,0.9809628051613033,1.0,1.0,0.99,0.98,0.97,0.97,0.98,0.98,0.98,0.98,0.98,1.0
244,0.8398088555397103,0.8298088555397103,0.8398088555397103,0.8598088555397103,0.8798088555397103,0.8748088555397103,0.8748088555397103,0.8748088555397103,0.8748088555397103,0.8648088555397103,0.8648088555397103,0.8548088555397103,0.8548088555397103
245,0.8615907328273665,0.8615907328273665,0.8715907328273665,0.8615907328273665,0.8515907328273665,0.8315907328273665,0.8415907328273665,0.8215907328273665,0.8315907328273665,0.8315907328273665,0.8215907328273665,0.8215907328273665,0.8265907328273665
246,0.8805100385305898,0.8705100385305898,0.8705100385305898,0.8605100385305898,0.8805100385305898,0.8805100385305898,0.8605100385305898,0.8705100385305898,0.8805100385305898,0.8805100385305898,0.8805100385305898,0.8805100385305898,0.8805100385305898
247,0.8810950056601502,0.9010950056601502,0.8910950056601502,0.8910950056601502,0.9110950056601502,0.9110950056601502,0.9110950056601502,0.9010950056601502,0.8810950056601502,0.8810950056601502,0.8610950056601502,0.8610950056601502,0.8860950056601502
248,0.8880164286387554,0.8880164286387554,0.9080164286387554,0.9080164286387554,0.9080164286387554,0.9080164286387554,0.9280164286387554,0.9280164286387554,0.9180164286387554,0.9080164286387554,0.8980164286387554,0.8980164286387554,0.8880164286387554
249,0.9166030749493562,0.8966030749493562,0.8966030749493562,0.9066030749493562,0.9066030749493562,0.8966030749493562,0.8966030749493562,0.8866030749493562,0.8866030749493562,0.8966030749493562,0.8966030749493562,0.8866030749493562,0.8866030749493562
250,0.868789589291544,0.878789589291544,0.8887895892915441,0.8887895892915441,0.878789589291544,0.8887895892915441,0.8887895892915441,0.878789589291544,0.858789589291544,0.848789589291544,0.848789589291544,0.848789589291544,0.838789589291544
251,0.9184034268948678,0.9284034268948678,0.9584034268948678,0.9584034268948678,0.9584034268948678,0.9534034268948678,0.9534034268948678,0.9334034268948678,0.9334034268948678,0.9334034268948678,0.9234034268948678,0.9434034268948678,0.9534034268948678
252,0.9518476969868351,0.9318476969868351,0.9318476969868351,0.9618476969868351,0.9518476969868351,0.9618476969868351,0.9518476969868351,0.9418476969868351,0.9418476969868351,0.9418476969868351,0.9418476969868351,0.9418476969868351,0.9418476969868351
253,0.8713908740930009,0.8613908740930009,0.8513908740930008,0.8413908740930008,0.8413908740930008,0.8563908740930009,0.8463908740930008,0.8463908740930008,0.8563908740930009,0.8363908740930008,0.8463908740930008,0.8463908740930008,0.8463908740930008
254,0.8663300883319364,0.8663300883319364,0.8663300883319364,0.8763300883319364,0.8763300883319364,0.8763300883319364,0.8763300883319364,0.8663300883319364,0.8563300883319364,0.8263300883319363,0.8463300883319363,0.8463300883319363,0.8363300883319363
255,0.8477864839399587,0.8477864839399587,0.8277864839399587,0.8177864839399587,0.8177864839399587,0.8277864839399587,0.8377864839399587,0.8277864839399587,0.8077864839399587,0.8127864839399587,0.8227864839399587,0.8227864839399587,0.8227864839399587
256,0.8404760947098823,0.8604760947098823,0.8504760947098823,0.8504760947098823,0.8504760947098823,0.8704760947098823,0.8504760947098823,0.8504760947098823,0.8404760947098823,0.8404760947098823,0.8404760947098823,0.8604760947098823,0.8804760947098823
257,0.9209729709194704,0.9309729709194704,0.9409729709194704,0.9309729709194704,0.9209729709194704,0.9209729709194704,0.9209729709194704,0.9409729709194704,0.9309729709194704,0.9309729709194704,0.9209729709194704,0.9209729709194704,0.8909729709194704
258,0.8463079482458216,0.8663079482458216,0.8663079482458216,0.8663079482458216,0.8663079482458216,0.8763079482458216,0.8763079482458216,0.8663079482458216,0.8763079482458216,0.8763079482458216,0.8863079482458216,0.8813079482458216,0.8713079482458216
259,0.9215463449421623,0.9215463449421623,0.9415463449421623,0.9215463449421623,0.9215463449421623,0.9215463449421623,0.9015463449421622,0.9015463449421622,0.8915463449421622,0.9015463449421622,0.9115463449421622,0.9115463449421622,0.9115463449421622
260,0.8573813467736067,0.8573813467736067,0.8473813467736067,0.8473813467736067,0.8473813467736067,0.8473813467736067,0.8473813467736067,0.8273813467736066,0.8173813467736066,0.8173813467736066,0.8173813467736066,0.8173813467736066,0.8173813467736066
261,0.8394595272522591,0.8294595272522591,0.8094595272522591,0.8294595272522591,0.8394595272522591,0.8294595272522591,0.8294595272522591,0.8394595272522591,0.8394595272522591,0.8394595272522591,0.8394595272522591,0.8494595272522592,0.8694595272522592
262,0.8531810023008625,0.8631810023008625,0.8431810023008625,0.8531810023008625,0.8531810023008625,0.8531810023008625,0.8631810023008625,0.8531810023008625,0.8531810023008625,0.8531810023008625,0.8431810023008625,0.8431810023008625,0.8531810023008625
263,0.8674963985262186,0.8474963985262186,0.8574963985262186,0.8274963985262186,0.8274963985262186,0.8274963985262186,0.8324963985262186,0.8324963985262186,0.8424963985262186,0.8424963985262186,0.8524963985262186,0.8424963985262186,0.8424963985262186
264,0.8274125414792934,0.8274125414792934,0.8274125414792934,0.8274125414792934,0.8274125414792934,0.8174125414792934,0.8174125414792934,0.8174125414792934,0.8474125414792935,0.8374125414792934,0.8274125414792934,0.8274125414792934,0.8374125414792934
265,0.8689374962325032,0.8589374962325032,0.8589374962325032,0.8589374962325032,0.8489374962325031,0.8489374962325031,0.8589374962325032,0.8689374962325032,0.9089374962325032,0.9089374962325032,0.9089374962325032,0.9089374962325032,0.9089374962325032
266,0.8633794311073518,0.8633794311073518,0.8633794311073518,0.8633794311073518,0.8633794311073518,0.8633794311073518,0.8633794311073518,0.8733794311073518,0.8833794311073518,0.8833794311073518,0.9033794311073519,0.8983794311073519,0.8683794311073518
267,0.8051107678813145,0.8451107678813146,0.8251107678813145,0.8151107678813145,0.8151107678813145,0.8251107678813145,0.8251107678813145,0.8051107678813145,0.8051107678813145,0.8051107678813145,0.7951107678813145,0.7951107678813145,0.7851107678813145
268,0.8902320959656151,0.8902320959656151,0.8802320959656151,0.8802320959656151,0.8802320959656151,0.8902320959656151,0.8902320959656151,0.8902320959656151,0.8902320959656151,0.8702320959656151,0.8602320959656151,0.8502320959656151,0.8602320959656151
269,0.853201437862108,0.853201437862108,0.843201437862108,0.843201437862108,0.843201437862108,0.843201437862108,0.823201437862108,0.813201437862108,0.818201437862108,0.818201437862108,0.818201437862108,0.818201437862108,0.818201437862108
270,0.7685869094842794,0.7585869094842794,0.7585869094842794,0.7485869094842794,0.7385869094842794,0.7285869094842794,0.7285869094842794,0.7285869094842794,0.7385869094842794,0.7285869094842794,0.7335869094842794,0.7335869094842794,0.7435869094842794
271,0.8227761620074416,0.8227761620074416,0.8227761620074416,0.8027761620074416,0.7827761620074416,0.7877761620074416,0.7977761620074416,0.8077761620074416,0.8077761620074416,0.7977761620074416,0.7977761620074416,0.8077761620074416,0.8377761620074416
272,0.8742091424083959,0.8842091424083959,0.8842091424083959,0.8742091424083959,0.8642091424083959,0.8642091424083959,0.8542091424083958,0.8542091424083958,0.8542091424083958,0.8442091424083958,0.8542091424083958,0.8742091424083959,0.8642091424083959
273,0.8744095581705448,0.8744095581705448,0.8844095581705448,0.9044095581705448,0.9044095581705448,0.9044095581705448,0.8744095581705448,0.8644095581705448,0.8944095581705448,0.8844095581705448,0.8944095581705448,0.8944095581705448,0.8944095581705448
274,0.8633804927759517,0.8633804927759517,0.8333804927759517,0.8733804927759518,0.8933804927759518,0.8733804927759518,0.8833804927759518,0.8633804927759517,0.8633804927759517,0.8633804927759517,0.8633804927759517,0.8733804927759518,0.8733804927759518
275,0.8758361036766045,0.8758361036766045,0.8758361036766045,0.8858361036766045,0.8858361036766045,0.8958361036766045,0.8758361036766045,0.8858361036766045,0.8858361036766045,0.8758361036766045,0.8758361036766045,0.8758361036766045,0.8958361036766045
276,0.8718407035815229,0.8718407035815229,0.8818407035815229,0.8818407035815229,0.8818407035815229,0.9018407035815229,0.8868407035815229,0.9068407035815229,0.9068407035815229,0.9068407035815229,0.9068407035815229,0.8968407035815229,0.8968407035815229
277,0.888699759179273,0.888699759179273,0.888699759179273,0.878699759179273,0.908699759179273,0.908699759179273,0.908699759179273,0.918699759179273,0.903699759179273,0.903699759179273,0.903699759179273,0.903699759179273,0.903699759179273
278,0.9011491555405983,0.9011491555405983,0.9011491555405983,0.8911491555405983,0.9011491555405983,0.9011491555405983,0.8911491555405983,0.8811491555405983,0.8811491555405983,0.8911491555405983,0.8911491555405983,0.8911491555405983,0.8911491555405983
279,0.8972928805094953,0.9072928805094953,0.9172928805094953,0.9072928805094953,0.9272928805094953,0.9372928805094953,0.9322928805094953,0.9222928805094953,0.9222928805094953,0.9122928805094953,0.8922928805094953,0.9122928805094953,0.9122928805094953
280,0.8512648793067862,0.8612648793067862,0.8712648793067862,0.8712648793067862,0.8812648793067862,0.8812648793067862,0.8812648793067862,0.8712648793067862,0.8712648793067862,0.8712648793067862,0.8462648793067862,0.8562648793067862,0.8562648793067862
281,0.9087455253761545,0.9187455253761545,0.9387455253761545,0.9087455253761545,0.9087455253761545,0.9087455253761545,0.8887455253761545,0.8887455253761545,0.9187455253761545,0.9087455253761545,0.9087455253761545,0.8887455253761545,0.8887455253761545
282,0.8444078270545669,0.8644078270545669,0.8444078270545669,0.8544078270545669,0.8444078270545669,0.8344078270545668,0.8344078270545668,0.8544078270545669,0.8544078270545669,0.8544078270545669,0.8344078270545668,0.8244078270545668,0.8244078270545668
283,0.8850959172270991,0.8850959172270991,0.8850959172270991,0.8850959172270991,0.8650959172270991,0.8550959172270991,0.8650959172270991,0.8650959172270991,0.8650959172270991,0.8650959172270991,0.8650959172270991,0.8850959172270991,0.8850959172270991
284,0.8664374245505483,0.8464374245505483,0.8464374245505483,0.8464374245505483,0.8264374245505482,0.8464374245505483,0.8364374245505483,0.8564374245505483,0.8664374245505483,0.8564374245505483,0.8364374245505483,0.8364374245505483,0.8364374245505483
285,0.901598559840735,0.901598559840735,0.891598559840735,0.901598559840735,0.921598559840735,0.921598559840735,0.941598559840735,0.941598559840735,0.941598559840735,0.936598559840735,0.926598559840735,0.926598559840735,0.946598559840735
286,0.8355220895869895,0.8255220895869895,0.8355220895869895,0.8355220895869895,0.8255220895869895,0.8255220895869895,0.8355220895869895,0.8255220895869895,0.8255220895869895,0.8355220895869895,0.8455220895869895,0.8355220895869895,0.8355220895869895
287,0.871982623768348,0.901982623768348,0.871982623768348,0.881982623768348,0.881982623768348,0.871982623768348,0.871982623768348,0.881982623768348,0.891982623768348,0.901982623768348,0.911982623768348,0.906982623768348,0.906982623768348
288,0.9611200120833341,0.9711200120833341,0.9611200120833341,0.9611200120833341,0.9711200120833341,0.9811200120833341,0.9611200120833341,0.9711200120833341,0.9611200120833341,0.9611200120833341,0.9611200120833341,0.9611200120833341,0.9611200120833341
289,0.8924405279646854,0.8924405279646854,0.8924405279646854,0.8924405279646854,0.8824405279646854,0.9024405279646854,0.9224405279646855,0.9224405279646855,0.9124405279646854,0.9124405279646854,0.9124405279646854,0.9124405279646854,0.9224405279646855
290,0.8812239695641951,0.8612239695641951,0.8612239695641951,0.8612239695641951,0.8712239695641951,0.8812239695641951,0.8612239695641951,0.8612239695641951,0.8612239695641951,0.8612239695641951,0.8612239695641951,0.8712239695641951,0.8712239695641951
291,0.9104066419883092,0.9004066419883092,0.9004066419883092,0.9104066419883092,0.9104066419883092,0.9004066419883092,0.9104066419883092,0.8804066419883092,0.8804066419883092,0.8804066419883092,0.8804066419883092,0.8904066419883092,0.9154066419883092
292,0.90871520006124,0.89871520006124,0.89871520006124,0.91871520006124,0.89871520006124,0.89871520006124,0.8887152000612399,0.8687152000612399,0.89871520006124,0.8787152000612399,0.90871520006124,0.90871520006124,0.90871520006124
293,0.8509968632186927,0.8409968632186927,0.8409968632186927,0.8409968632186927,0.8509968632186927,0.8509968632186927,0.8509968632186927,0.8709968632186927,0.8809968632186927,0.8909968632186928,0.8809968632186927,0.8909968632186928,0.8909968632186928
294,0.7898493638726531,0.7898493638726531,0.7898493638726531,0.7898493638726531,0.7898493638726531,0.8098493638726532,0.8298493638726532,0.8198493638726532,0.7998493638726532,0.8098493638726532,0.8098493638726532,0.7998493638726532,0.7898493638726531
295,0.8950556917798769,0.8950556917798769,0.8850556917798769,0.8950556917798769,0.9050556917798769,0.8950556917798769,0.8950556917798769,0.8850556917798769,0.8750556917798769,0.8750556917798769,0.8750556917798769,0.8750556917798769,0.8550556917798768
296,0.9339205708995195,0.9339205708995195,0.9239205708995195,0.9039205708995195,0.9139205708995195,0.9139205708995195,0.9039205708995195,0.9039205708995195,0.9339205708995195,0.9339205708995195,0.9339205708995195,0.9139205708995195,0.9339205708995195
297,0.8561779417007669,0.8561779417007669,0.8461779417007669,0.8561779417007669,0.8461779417007669,0.8561779417007669,0.8661779417007669,0.8461779417007669,0.8561779417007669,0.8561779417007669,0.8461779417007669,0.8361779417007669,0.8261779417007669
298,0.8794172664476828,0.8794172664476828,0.8694172664476828,0.8694172664476828,0.8694172664476828,0.8994172664476828,0.8994172664476828,0.8794172664476828,0.8694172664476828,0.8794172664476828,0.8794172664476828,0.8794172664476828,0.8794172664476828
299,0.9204514179294639,0.9204514179294639,0.9204514179294639,0.9004514179294639,0.9004514179294639,0.9004514179294639,0.9004514179294639,0.8904514179294639,0.9004514179294639,0.9004514179294639,0.9004514179294639,0.9204514179294639,0.930451417929464
300,0.8192714962768537,0.8192714962768537,0.8392714962768537,0.8392714962768537,0.8292714962768537,0.8292714962768537,0.8492714962768537,0.8492714962768537,0.8392714962768537,0.7792714962768537,0.7992714962768537,0.8092714962768537,0.7992714962768537
301,0.8077639244891396,0.7777639244891396,0.7777639244891396,0.7777639244891396,0.7877639244891396,0.7977639244891396,0.8077639244891396,0.7977639244891396,0.7977639244891396,0.7877639244891396,0.7677639244891395,0.7777639244891396,0.7777639244891396
302,0.868202617888505,0.868202617888505,0.868202617888505,0.868202617888505,0.868202617888505,0.898202617888505,0.908202617888505,0.903202617888505,0.893202617888505,0.903202617888505,0.903202617888505,0.883202617888505,0.8532026178885049
303,0.8584256449331692,0.8684256449331692,0.8684256449331692,0.8684256449331692,0.8684256449331692,0.8684256449331692,0.8584256449331692,0.8584256449331692,0.8684256449331692,0.8884256449331692,0.8884256449331692,0.8984256449331692,0.8984256449331692
304,0.8216480939111906,0.8216480939111906,0.8216480939111906,0.8216480939111906,0.8216480939111906,0.8216480939111906,0.8116480939111906,0.8016480939111906,0.8016480939111906,0.7816480939111906,0.7866480939111906,0.7966480939111906,0.8166480939111906
305,0.8996237897471477,0.8996237897471477,0.8996237897471477,0.9396237897471478,0.9296237897471478,0.9396237897471478,0.9396237897471478,0.9396237897471478,0.9396237897471478,0.9296237897471478,0.9096237897471477,0.9196237897471478,0.9196237897471478
306,0.8286513710224506,0.8386513710224506,0.8386513710224506,0.8386513710224506,0.8386513710224506,0.8286513710224506,0.8086513710224505,0.8086513710224505,0.8186513710224506,0.8186513710224506,0.8186513710224506,0.8086513710224505,0.8086513710224505
307,0.8478807432370781,0.8478807432370781,0.827880743237078,0.827880743237078,0.807880743237078,0.812880743237078,0.812880743237078,0.822880743237078,0.8328807432370781,0.812880743237078,0.812880743237078,0.8428807432370781,0.8428807432370781
308,0.8062211843047578,0.7962211843047577,0.7862211843047577,0.7862211843047577,0.7862211843047577,0.7962211843047577,0.7662211843047577,0.7662211843047577,0.7662211843047577,0.7662211843047577,0.7862211843047577,0.7662211843047577,0.7662211843047577
309,0.9006110693313247,0.9006110693313247,0.8806110693313247,0.8806110693313247,0.8606110693313247,0.8606110693313247,0.8606110693313247,0.8606110693313247,0.8606110693313247,0.8606110693313247,0.8656110693313247,0.8756110693313247,0.8756110693313247
310,0.8878015059323822,0.8778015059323822,0.8878015059323822,0.9078015059323822,0.9078015059323822,0.8978015059323822,0.8878015059323822,0.9078015059323822,0.9078015059323822,0.9178015059323822,0.9178015059323822,0.9178015059323822,0.9178015059323822
311,0.8799957517718203,0.8899957517718203,0.8799957517718203,0.8799957517718203,0.8799957517718203,0.8799957517718203,0.8699957517718203,0.8799957517718203,0.8699957517718203,0.8699957517718203,0.8699957517718203,0.8799957517718203,0.8999957517718203
312,0.8879701387212676,0.8579701387212676,0.8479701387212676,0.8529701387212676,0.8629701387212676,0.8629701387212676,0.8629701387212676,0.8529701387212676,0.8629701387212676,0.8629701387212676,0.8629701387212676,0.8529701387212676,0.8629701387212676
313,0.8456386416946429,0.8356386416946429,0.8356386416946429,0.8256386416946428,0.8156386416946428,0.8056386416946428,0.8056386416946428,0.8156386416946428,0.8156386416946428,0.8306386416946429,0.8306386416946429,0.8306386416946429,0.8706386416946429
314,0.8625574017955652,0.8725574017955652,0.8725574017955652,0.8825574017955652,0.8825574017955652,0.8825574017955652,0.8825574017955652,0.8525574017955652,0.8625574017955652,0.8525574017955652,0.8325574017955651,0.8325574017955651,0.8225574017955651
315,0.8369243215819566,0.8569243215819566,0.8569243215819566,0.8669243215819566,0.8669243215819566,0.8669243215819566,0.8569243215819566,0.8569243215819566,0.8569243215819566,0.8269243215819566,0.8269243215819566,0.8269243215819566,0.8369243215819566
316,0.906626856354931,0.916626856354931,0.916626856354931,0.926626856354931,0.916626856354931,0.916626856354931,0.896626856354931,0.906626856354931,0.906626856354931,0.906626856354931,0.916626856354931,0.916626856354931,0.906626856354931
317,0.8580322902254263,0.8780322902254263,0.8780322902254263,0.8680322902254263,0.8580322902254263,0.8580322902254263,0.8580322902254263,0.8580322902254263,0.8580322902254263,0.8380322902254262,0.8580322902254263,0.8480322902254263,0.8480322902254263
318,0.8811319929332229,0.8511319929332228,0.8411319929332228,0.8461319929332228,0.8461319929332228,0.8461319929332228,0.8561319929332228,0.8461319929332228,0.8461319929332228,0.8461319929332228,0.8561319929332228,0.8461319929332228,0.8561319929332228
319,0.8788532678058457,0.8788532678058457,0.8688532678058457,0.8788532678058457,0.8688532678058457,0.8588532678058457,0.8888532678058457,0.8988532678058457,0.8788532678058457,0.8788532678058457,0.8788532678058457,0.8788532678058457,0.8788532678058457
320,0.796958700684524,0.796958700684524,0.796958700684524,0.796958700684524,0.806958700684524,0.826958700684524,0.836958700684524,0.836958700684524,0.836958700684524,0.831958700684524,0.831958700684524,0.791958700684524,0.801958700684524
321,0.8626605623192047,0.8526605623192047,0.8626605623192047,0.8726605623192047,0.8726605623192047,0.8726605623192047,0.8926605623192048,0.8926605623192048,0.8776605623192048,0.8676605623192047,0.8576605623192047,0.8576605623192047,0.8276605623192047
322,0.8628100417901312,0.8628100417901312,0.8728100417901312,0.8728100417901312,0.8628100417901312,0.8628100417901312,0.8628100417901312,0.8628100417901312,0.8628100417901312,0.8528100417901312,0.8528100417901312,0.8628100417901312,0.8628100417901312
323,0.8614881914525141,0.8514881914525141,0.8314881914525141,0.8214881914525141,0.8314881914525141,0.8464881914525141,0.8764881914525141,0.8664881914525141,0.8564881914525141,0.8664881914525141,0.8764881914525141,0.8764881914525141,0.8864881914525141
324,0.8010952785538996,0.8010952785538996,0.7810952785538996,0.7810952785538996,0.7910952785538996,0.7910952785538996,0.7910952785538996,0.7910952785538996,0.7810952785538996,0.8010952785538996,0.8010952785538996,0.8010952785538996,0.8010952785538996
325,0.8704599060818685,0.8604599060818685,0.8704599060818685,0.8704599060818685,0.8704599060818685,0.8704599060818685,0.8704599060818685,0.8604599060818685,0.8304599060818685,0.8304599060818685,0.8404599060818685,0.8604599060818685,0.8504599060818685
326,0.8867790469392902,0.8867790469392902,0.8967790469392902,0.8767790469392902,0.8767790469392902,0.8767790469392902,0.8867790469392902,0.8767790469392902,0.8867790469392902,0.8867790469392902,0.8867790469392902,0.8567790469392902,0.8467790469392902
327,0.9513969166333492,0.9413969166333492,0.9413969166333492,0.9413969166333492,0.9413969166333492,0.9613969166333493,0.9613969166333493,0.9613969166333493,0.9513969166333492,0.9613969166333493,0.9813969166333493,0.9813969166333493,0.9813969166333493
328,0.8604786105819662,0.8604786105819662,0.8604786105819662,0.8604786105819662,0.8804786105819662,0.8554786105819662,0.8554786105819662,0.8554786105819662,0.8654786105819662,0.8654786105819662,0.8654786105819662,0.8654786105819662,0.8654786105819662
329,0.9449568653722659,0.9449568653722659,0.9549568653722659,0.9749568653722659,0.9849568653722659,0.9849568653722659,0.9849568653722659,0.9749568653722659,0.9749568653722659,0.9649568653722659,0.9649568653722659,0.9749568653722659,0.9749568653722659
330,0.8228664091756243,0.8028664091756242,0.8028664091756242,0.8028664091756242,0.8128664091756242,0.8128664091756242,0.8028664091756242,0.8128664091756242,0.8128664091756242,0.8128664091756242,0.8028664091756242,0.7928664091756242,0.7928664091756242
331,0.8744962820471858,0.8644962820471858,0.8644962820471858,0.8844962820471858,0.9044962820471858,0.9044962820471858,0.9044962820471858,0.9044962820471858,0.8944962820471858,0.8944962820471858,0.8944962820471858,0.8944962820471858,0.8844962820471858
332,0.8783248444285053,0.8783248444285053,0.8783248444285053,0.8683248444285053,0.8783248444285053,0.8783248444285053,0.8983248444285054,0.8983248444285054,0.8733248444285053,0.8733248444285053,0.8533248444285053,0.8733248444285053,0.8533248444285053
333,0.8768037905131267,0.8868037905131267,0.8868037905131267,0.8968037905131268,0.8968037905131268,0.9068037905131268,0.8968037905131268,0.8968037905131268,0.8868037905131267,0.8968037905131268,0.8868037905131267,0.8968037905131268,0.9068037905131268
334,0.8800175363031448,0.8800175363031448,0.8900175363031448,0.8800175363031448,0.8700175363031448,0.8800175363031448,0.8800175363031448,0.8900175363031448,0.8900175363031448,0.8900175363031448,0.8900175363031448,0.8900175363031448,0.8900175363031448
335,0.8815793064889008,0.8715793064889008,0.8715793064889008,0.8715793064889008,0.8715793064889008,0.8915793064889008,0.8815793064889008,0.8615793064889008,0.8615793064889008,0.8615793064889008,0.8415793064889008,0.8465793064889008,0.8465793064889008
336,0.8185530081304899,0.8185530081304899,0.8085530081304899,0.8085530081304899,0.8085530081304899,0.8185530081304899,0.8185530081304899,0.8185530081304899,0.8085530081304899,0.7885530081304899,0.8085530081304899,0.7985530081304899,0.7785530081304899
337,0.8482120065842681,0.8482120065842681,0.8482120065842681,0.8482120065842681,0.8282120065842681,0.8282120065842681,0.8282120065842681,0.8382120065842681,0.8282120065842681,0.8182120065842681,0.8182120065842681,0.8182120065842681,0.8182120065842681
338,0.8763111921624298,0.8963111921624298,0.8863111921624298,0.9063111921624298,0.8913111921624298,0.8913111921624298,0.9113111921624298,0.9013111921624298,0.9013111921624298,0.8913111921624298,0.9113111921624298,0.9113111921624298,0.9113111921624298
339,0.8272295388889129,0.8072295388889129,0.8072295388889129,0.8072295388889129,0.7972295388889129,0.8122295388889129,0.8122295388889129,0.8022295388889129,0.8022295388889129,0.8022295388889129,0.8122295388889129,0.8222295388889129,0.8322295388889129
340,0.9326685290816982,0.9126685290816982,0.9026685290816981,0.9126685290816982,0.9126685290816982,0.9376685290816982,0.9476685290816982,0.9376685290816982,0.9476685290816982,0.9376685290816982,0.9176685290816982,0.9276685290816982,0.9376685290816982
341,0.9325796148416488,0.9325796148416488,0.9425796148416488,0.9625796148416488,0.9625796148416488,0.9475796148416488,0.9675796148416488,0.9575796148416488,0.9475796148416488,0.9475796148416488,0.9475796148416488,0.9675796148416488,0.9575796148416488
342,0.7981664589988612,0.7881664589988612,0.7781664589988612,0.7681664589988612,0.7881664589988612,0.7981664589988612,0.7981664589988612,0.7981664589988612,0.7981664589988612,0.7781664589988612,0.7681664589988612,0.7881664589988612,0.7881664589988612
343,0.8576858090197153,0.8676858090197153,0.8576858090197153,0.8476858090197152,0.8576858090197153,0.8876858090197153,0.8776858090197153,0.8476858090197152,0.8476858090197152,0.8276858090197152,0.8376858090197152,0.8376858090197152,0.8276858090197152
344,0.866420861306916,0.836420861306916,0.851420861306916,0.841420861306916,0.851420861306916,0.841420861306916,0.841420861306916,0.8214208613069159,0.8214208613069159,0.8214208613069159,0.8214208613069159,0.831420861306916,0.831420861306916
345,0.8315872257735051,0.8415872257735051,0.8515872257735051,0.8515872257735051,0.8215872257735051,0.8315872257735051,0.8215872257735051,0.801587225773505,0.801587225773505,0.8215872257735051,0.8215872257735051,0.801587225773505,0.791587225773505
346,0.8883196284799574,0.8783196284799574,0.8783196284799574,0.8883196284799574,0.9083196284799574,0.8983196284799574,0.8983196284799574,0.9183196284799574,0.9183196284799574,0.9283196284799574,0.9283196284799574,0.9183196284799574,0.9183196284799574
347,0.8341898384792147,0.8541898384792147,0.8541898384792147,0.8741898384792147,0.8741898384792147,0.8641898384792147,0.8491898384792147,0.8591898384792147,0.8591898384792147,0.8491898384792147,0.8591898384792147,0.8591898384792147,0.8591898384792147
348,0.8851280477945591,0.8851280477945591,0.8951280477945591,0.8951280477945591,0.9051280477945591,0.8751280477945591,0.8751280477945591,0.8551280477945591,0.8551280477945591,0.8701280477945591,0.8601280477945591,0.8801280477945591,0.8801280477945591
349,0.8854381669473844,0.8954381669473844,0.8854381669473844,0.9154381669473844,0.9154381669473844,0.9054381669473844,0.9054381669473844,0.9154381669473844,0.9004381669473844,0.9004381669473844,0.9004381669473844,0.8904381669473844,0.8904381669473844
350,0.9328990184837261,0.9328990184837261,0.9428990184837261,0.9428990184837261,0.9328990184837261,0.9428990184837261,0.9428990184837261,0.9428990184837261,0.9228990184837261,0.9228990184837261,0.9228990184837261,0.9128990184837261,0.9128990184837261
351,0.8634528721133278,0.8534528721133278,0.8334528721133277,0.8334528721133277,0.8334528721133277,0.8334528721133277,0.8334528721133277,0.8234528721133277,0.8234528721133277,0.8334528721133277,0.8434528721133278,0.8534528721133278,0.8534528721133278
352,0.8491847605090328,0.8391847605090328,0.8391847605090328,0.8391847605090328,0.8491847605090328,0.8391847605090328,0.8391847605090328,0.8291847605090328,0.8291847605090328,0.8291847605090328,0.8291847605090328,0.8391847605090328,0.8391847605090328
353,0.8624187349969672,0.8724187349969672,0.8724187349969672,0.8824187349969672,0.8724187349969672,0.8724187349969672,0.8724187349969672,0.8724187349969672,0.8624187349969672,0.8824187349969672,0.9024187349969672,0.9024187349969672,0.8924187349969672
354,0.8943200207977559,0.8943200207977559,0.8743200207977558,0.8743200207977558,0.8743200207977558,0.8743200207977558,0.8843200207977558,0.8843200207977558,0.8743200207977558,0.8943200207977559,0.8943200207977559,0.9243200207977559,0.9243200207977559
355,0.8845933643575974,0.8845933643575974,0.9145933643575974,0.8995933643575974,0.9195933643575974,0.9095933643575974,0.8995933643575974,0.9095933643575974,0.8995933643575974,0.9195933643575974,0.9095933643575974,0.9195933643575974,0.9095933643575974
356,0.8689415703159489,0.8689415703159489,0.8589415703159489,0.8589415703159489,0.8689415703159489,0.8789415703159489,0.8889415703159489,0.8889415703159489,0.8789415703159489,0.8789415703159489,0.8789415703159489,0.8789415703159489,0.8689415703159489
357,0.9205295461088654,0.9205295461088654,0.9305295461088654,0.9205295461088654,0.9205295461088654,0.9305295461088654,0.9305295461088654,0.9305295461088654,0.9605295461088654,0.9505295461088654,0.9355295461088654,0.9255295461088654,0.9255295461088654
358,0.9317177227518156,0.9317177227518156,0.9317177227518156,0.9217177227518156,0.9217177227518156,0.9217177227518156,0.9317177227518156,0.9317177227518156,0.9217177227518156,0.9317177227518156,0.9317177227518156,0.9117177227518156,0.9217177227518156
359,0.8982366319808084,0.8982366319808084,0.8982366319808084,0.8982366319808084,0.8982366319808084,0.8982366319808084,0.9182366319808084,0.9182366319808084,0.9182366319808084,0.9182366319808084,0.9282366319808084,0.9182366319808084,0.9082366319808084
360,0.9120328421490476,0.9020328421490476,0.9120328421490476,0.8720328421490475,0.8820328421490475,0.8920328421490475,0.8920328421490475,0.8920328421490475,0.8820328421490475,0.8920328421490475,0.9120328421490476,0.9220328421490476,0.9420328421490476
361,0.8286619643297776,0.8386619643297776,0.8386619643297776,0.8386619643297776,0.8386619643297776,0.8486619643297776,0.8486619643297776,0.8486619643297776,0.8386619643297776,0.8486619643297776,0.8586619643297776,0.8486619643297776,0.8686619643297776
362,0.9453841580700681,0.9453841580700681,0.9453841580700681,0.9653841580700682,0.9653841580700682,0.9753841580700682,0.9603841580700682,0.9703841580700682,0.9903841580700682,0.9903841580700682,0.9903841580700682,0.9903841580700682,0.9903841580700682
363,0.8241689676589218,0.8241689676589218,0.8341689676589218,0.8441689676589218,0.8241689676589218,0.8141689676589218,0.8041689676589218,0.7941689676589218,0.7841689676589217,0.7841689676589217,0.7841689676589217,0.7841689676589217,0.8141689676589218
364,0.9454313189394097,0.9354313189394097,0.9354313189394097,0.9354313189394097,0.9454313189394097,0.9554313189394097,0.9554313189394097,0.9754313189394097,0.9454313189394097,0.9454313189394097,0.9454313189394097,0.9654313189394097,0.9754313189394097
365,0.8387064060649028,0.8287064060649028,0.8487064060649028,0.8487064060649028,0.8487064060649028,0.8487064060649028,0.8487064060649028,0.8687064060649028,0.8787064060649028,0.8787064060649028,0.8587064060649028,0.8387064060649028,0.8387064060649028
366,0.8954808879483905,0.8854808879483905,0.8854808879483905,0.8854808879483905,0.8654808879483905,0.8654808879483905,0.8554808879483905,0.8604808879483905,0.8604808879483905,0.8604808879483905,0.8704808879483905,0.8704808879483905,0.8904808879483905
367,0.8311110877767536,0.8411110877767536,0.8711110877767536,0.8711110877767536,0.8661110877767536,0.8561110877767536,0.8561110877767536,0.8361110877767536,0.8461110877767536,0.8161110877767536,0.8161110877767536,0.8261110877767536,0.8261110877767536
368,0.8402892561678289,0.8502892561678289,0.8802892561678289,0.8802892561678289,0.8802892561678289,0.8752892561678289,0.8752892561678289,0.8752892561678289,0.8752892561678289,0.8752892561678289,0.8752892561678289,0.8752892561678289,0.8652892561678289
369,0.8799810193593001,0.8899810193593001,0.8999810193593001,0.8999810193593001,0.8899810193593001,0.8599810193593,0.8599810193593,0.8599810193593,0.8699810193593001,0.8699810193593001,0.8699810193593001,0.8799810193593001,0.8999810193593001
370,0.8274186200909575,0.8274186200909575,0.8374186200909575,0.8274186200909575,0.8274186200909575,0.8474186200909575,0.8474186200909575,0.8474186200909575,0.8374186200909575,0.8374186200909575,0.8374186200909575,0.8374186200909575,0.8274186200909575
371,0.9250838777591914,0.9350838777591914,0.9250838777591914,0.9050838777591914,0.9050838777591914,0.9050838777591914,0.9050838777591914,0.8950838777591914,0.9150838777591914,0.9150838777591914,0.9150838777591914,0.9450838777591914,0.9550838777591915
372,0.8660791887689411,0.8560791887689411,0.8560791887689411,0.8460791887689411,0.8660791887689411,0.8660791887689411,0.8760791887689411,0.8860791887689411,0.8610791887689411,0.8610791887689411,0.8610791887689411,0.8610791887689411,0.8610791887689411
373,0.8608908514787273,0.8608908514787273,0.8608908514787273,0.8708908514787274,0.8508908514787273,0.8508908514787273,0.8608908514787273,0.8408908514787273,0.8408908514787273,0.8408908514787273,0.8408908514787273,0.8408908514787273,0.8608908514787273
374,0.9100117062550955,0.9100117062550955,0.9100117062550955,0.9100117062550955,0.9000117062550955,0.9100117062550955,0.9000117062550955,0.8900117062550955,0.8800117062550955,0.8800117062550955,0.9000117062550955,0.8800117062550955,0.8800117062550955
375,0.8840078733213997,0.8840078733213997,0.8840078733213997,0.8840078733213997,0.9040078733213998,0.9040078733213998,0.8840078733213997,0.8740078733213997,0.8640078733213997,0.8740078733213997,0.9040078733213998,0.9240078733213998,0.9240078733213998
376,0.8439357406284503,0.8439357406284503,0.8539357406284503,0.8439357406284503,0.8539357406284503,0.8639357406284504,0.8639357406284504,0.8539357406284503,0.8539357406284503,0.8539357406284503,0.8339357406284503,0.8239357406284503,0.8239357406284503
377,0.8254932829843079,0.8254932829843079,0.8054932829843079,0.7954932829843079,0.8054932829843079,0.8254932829843079,0.8254932829843079,0.8454932829843079,0.8454932829843079,0.8204932829843079,0.8204932829843079,0.8104932829843079,0.8004932829843079
378,0.8831863464566062,0.8831863464566062,0.8731863464566062,0.8831863464566062,0.8831863464566062,0.8731863464566062,0.8731863464566062,0.8731863464566062,0.8831863464566062,0.8731863464566062,0.8731863464566062,0.8631863464566062,0.8531863464566062
379,0.7517907787968556,0.7517907787968556,0.7617907787968556,0.7517907787968556,0.7517907787968556,0.7517907787968556,0.7417907787968556,0.7417907787968556,0.7417907787968556,0.7417907787968556,0.7417907787968556,0.7417907787968556,0.7617907787968556
380,0.8907793812688494,0.9107793812688494,0.9307793812688494,0.9307793812688494,0.9307793812688494,0.9257793812688494,0.9157793812688494,0.9157793812688494,0.9157793812688494,0.9157793812688494,0.8857793812688494,0.8657793812688493,0.8457793812688493
381,0.9149031854078769,0.9149031854078769,0.9149031854078769,0.9149031854078769,0.9349031854078769,0.9349031854078769,0.9349031854078769,0.9349031854078769,0.9249031854078769,0.9249031854078769,0.9549031854078769,0.9549031854078769,0.9549031854078769
382,0.8618423233886989,0.8418423233886989,0.8418423233886989,0.8218423233886989,0.8268423233886989,0.8268423233886989,0.8268423233886989,0.8268423233886989,0.8368423233886989,0.8568423233886989,0.8368423233886989,0.8268423233886989,0.8268423233886989
383,0.8544323414074158,0.8544323414074158,0.8644323414074158,0.8644323414074158,0.8844323414074158,0.8844323414074158,0.8944323414074158,0.8944323414074158,0.8844323414074158,0.8694323414074158,0.8694323414074158,0.8994323414074158,0.8994323414074158
384,0.8488551653309616,0.8688551653309616,0.8288551653309616,0.8188551653309616,0.8488551653309616,0.8588551653309616,0.8588551653309616,0.8588551653309616,0.8588551653309616,0.8588551653309616,0.8488551653309616,0.8488551653309616,0.8488551653309616
385,0.8707367165232848,0.8707367165232848,0.8707367165232848,0.8807367165232848,0.8907367165232848,0.8707367165232848,0.8607367165232848,0.8507367165232848,0.8507367165232848,0.8507367165232848,0.8507367165232848,0.8507367165232848,0.8307367165232847
386,0.8379491794731632,0.8379491794731632,0.8379491794731632,0.8379491794731632,0.8179491794731631,0.8079491794731631,0.8079491794731631,0.8229491794731632,0.8129491794731631,0.8029491794731631,0.8129491794731631,0.8129491794731631,0.8329491794731632
387,0.9213860439696382,0.9213860439696382,0.9013860439696382,0.9113860439696382,0.9213860439696382,0.9213860439696382,0.9313860439696382,0.9213860439696382,0.9213860439696382,0.9213860439696382,0.9413860439696382,0.9313860439696382,0.9313860439696382
388,0.9508168981293106,0.9708168981293106,0.9508168981293106,0.9408168981293106,0.9408168981293106,0.9108168981293105,0.9108168981293105,0.9308168981293106,0.9408168981293106,0.9308168981293106,0.9408168981293106,0.9508168981293106,0.9608168981293106
389,0.8450316224463853,0.8450316224463853,0.8550316224463853,0.8650316224463853,0.8750316224463853,0.8850316224463853,0.8800316224463853,0.8800316224463853,0.8700316224463853,0.8700316224463853,0.8700316224463853,0.8600316224463853,0.8800316224463853
390,0.9283998459826256,0.9183998459826256,0.9183998459826256,0.9083998459826256,0.9183998459826256,0.9283998459826256,0.9283998459826256,0.9283998459826256,0.9383998459826256,0.9283998459826256,0.9383998459826256,0.9583998459826256,0.9683998459826256
391,0.820394475196601,0.820394475196601,0.830394475196601,0.850394475196601,0.8603944751966011,0.8553944751966011,0.825394475196601,0.825394475196601,0.815394475196601,0.815394475196601,0.815394475196601,0.805394475196601,0.785394475196601
392,0.8275896862930769,0.837589686293077,0.8175896862930769,0.8175896862930769,0.7875896862930769,0.7875896862930769,0.8075896862930769,0.8175896862930769,0.7975896862930769,0.7975896862930769,0.7975896862930769,0.8075896862930769,0.8075896862930769
393,0.9307222482594988,0.9507222482594988,0.9257222482594988,0.9157222482594988,0.9157222482594988,0.8957222482594988,0.8957222482594988,0.8957222482594988,0.8957222482594988,0.9057222482594988,0.9057222482594988,0.9057222482594988,0.9157222482594988
394,0.8805056042826491,0.8805056042826491,0.8805056042826491,0.8905056042826491,0.8905056042826491,0.9205056042826492,0.9155056042826492,0.9055056042826491,0.9155056042826492,0.9155056042826492,0.9155056042826492,0.9055056042826491,0.8955056042826491
395,0.8128222728282524,0.8428222728282524,0.8428222728282524,0.8528222728282524,0.8478222728282524,0.8478222728282524,0.8378222728282524,0.8578222728282524,0.8478222728282524,0.8278222728282524,0.8378222728282524,0.8578222728282524,0.8578222728282524
396,0.8620232399375292,0.8520232399375292,0.8520232399375292,0.8620232399375292,0.8620232399375292,0.8620232399375292,0.8820232399375292,0.8820232399375292,0.8820232399375292,0.8820232399375292,0.8820232399375292,0.8720232399375292,0.8720232399375292
397,0.874071758283216,0.864071758283216,0.874071758283216,0.884071758283216,0.884071758283216,0.884071758283216,0.884071758283216,0.864071758283216,0.874071758283216,0.874071758283216,0.864071758283216,0.854071758283216,0.864071758283216
398,0.9191518139396782,0.9191518139396782,0.9191518139396782,0.9191518139396782,0.8991518139396781,0.9091518139396781,0.8991518139396781,0.9291518139396782,0.9291518139396782,0.9291518139396782,0.9291518139396782,0.9291518139396782,0.9391518139396782
399,0.8801060876467377,0.8801060876467377,0.8601060876467377,0.8801060876467377,0.8801060876467377,0.8801060876467377,0.8401060876467377,0.8451060876467377,0.8551060876467377,0.8651060876467377,0.8451060876467377,0.8451060876467377,0.8451060876467377
400,0.822671416487638,0.832671416487638,0.822671416487638,0.842671416487638,0.842671416487638,0.842671416487638,0.842671416487638,0.832671416487638,0.822671416487638,0.822671416487638,0.812671416487638,0.812671416487638,0.812671416487638
401,0.9187690142023711,0.9187690142023711,0.9087690142023711,0.9187690142023711,0.9187690142023711,0.9087690142023711,0.8987690142023711,0.8987690142023711,0.8987690142023711,0.9087690142023711,0.9437690142023711,0.9437690142023711,0.9437690142023711
402,0.9410752780552982,0.9310752780552982,0.9010752780552982,0.9210752780552982,0.9210752780552982,0.9510752780552982,0.9510752780552982,0.9510752780552982,0.9510752780552982,0.9510752780552982,0.9410752780552982,0.9510752780552982,0.9510752780552982
403,0.9167999135611105,0.9267999135611105,0.9167999135611105,0.9267999135611105,0.9467999135611105,0.9567999135611105,0.9567999135611105,0.9517999135611105,0.9417999135611105,0.9417999135611105,0.9417999135611105,0.9417999135611105,0.9317999135611105
404,0.8201318391785124,0.8201318391785124,0.8101318391785124,0.8101318391785124,0.8201318391785124,0.8201318391785124,0.8201318391785124,0.8001318391785124,0.7901318391785124,0.8101318391785124,0.8101318391785124,0.8001318391785124,0.8201318391785124
405,0.850566813383274,0.850566813383274,0.860566813383274,0.850566813383274,0.840566813383274,0.840566813383274,0.850566813383274,0.850566813383274,0.840566813383274,0.880566813383274,0.890566813383274,0.885566813383274,0.885566813383274
406,0.8728673872117685,0.8828673872117685,0.8828673872117685,0.9028673872117685,0.9128673872117685,0.9078673872117685,0.9078673872117685,0.8978673872117685,0.8978673872117685,0.8978673872117685,0.8978673872117685,0.8778673872117685,0.8678673872117685
407,0.8263861422396375,0.8263861422396375,0.8263861422396375,0.8163861422396375,0.8263861422396375,0.8463861422396375,0.8213861422396375,0.8613861422396375,0.8413861422396375,0.8313861422396375,0.8313861422396375,0.8313861422396375,0.8413861422396375
408,0.8205946109395309,0.8305946109395309,0.8305946109395309,0.8205946109395309,0.8205946109395309,0.8305946109395309,0.8305946109395309,0.8205946109395309,0.7905946109395309,0.7905946109395309,0.7805946109395309,0.7855946109395309,0.7855946109395309
409,0.8195166936759481,0.8095166936759481,0.8095166936759481,0.8095166936759481,0.8195166936759481,0.8295166936759482,0.8295166936759482,0.8095166936759481,0.8495166936759482,0.8495166936759482,0.8395166936759482,0.8395166936759482,0.8495166936759482
410,0.9123785085289249,0.9123785085289249,0.9023785085289249,0.9023785085289249,0.9023785085289249,0.9123785085289249,0.9123785085289249,0.9223785085289249,0.9223785085289249,0.9223785085289249,0.9023785085289249,0.9223785085289249,0.9323785085289249
411,0.8015815264087063,0.7915815264087063,0.7915815264087063,0.8015815264087063,0.8015815264087063,0.7815815264087063,0.7815815264087063,0.7815815264087063,0.7915815264087063,0.7815815264087063,0.7915815264087063,0.8015815264087063,0.8215815264087063
412,0.8430185803705545,0.8230185803705545,0.8130185803705545,0.8030185803705545,0.8030185803705545,0.8030185803705545,0.8130185803705545,0.8280185803705545,0.8180185803705545,0.8180185803705545,0.8180185803705545,0.8380185803705545,0.8180185803705545
413,0.9023362829705488,0.8823362829705488,0.8823362829705488,0.8923362829705488,0.9123362829705488,0.9123362829705488,0.9023362829705488,0.9123362829705488,0.9123362829705488,0.9123362829705488,0.8823362829705488,0.8823362829705488,0.8923362829705488
414,0.8787327845470234,0.8887327845470234,0.8887327845470234,0.8887327845470234,0.8487327845470234,0.8687327845470234,0.8887327845470234,0.8887327845470234,0.8787327845470234,0.8787327845470234,0.8787327845470234,0.8687327845470234,0.8687327845470234
415,0.8499770926826496,0.8599770926826497,0.8599770926826497,0.8499770926826496,0.8399770926826496,0.8699770926826497,0.8799770926826497,0.8799770926826497,0.8799770926826497,0.8799770926826497,0.8599770926826497,0.8699770926826497,0.8599770926826497
416,0.8680539876783951,0.8580539876783951,0.8580539876783951,0.8580539876783951,0.8480539876783951,0.8480539876783951,0.8280539876783951,0.8280539876783951,0.8280539876783951,0.8280539876783951,0.8280539876783951,0.8280539876783951,0.8330539876783951
417,0.8442935317755612,0.8342935317755612,0.8342935317755612,0.8342935317755612,0.8542935317755612,0.8342935317755612,0.8342935317755612,0.8342935317755612,0.8242935317755612,0.8342935317755612,0.8342935317755612,0.8142935317755612,0.8142935317755612
418,0.8800112777376643,0.8900112777376643,0.8700112777376643,0.8800112777376643,0.8800112777376643,0.8800112777376643,0.8800112777376643,0.8700112777376643,0.8700112777376643,0.8800112777376643,0.8800112777376643,0.8800112777376643,0.8900112777376643
419,0.8631721051774868,0.8631721051774868,0.8631721051774868,0.8631721051774868,0.8631721051774868,0.8631721051774868,0.8731721051774868,0.8731721051774868,0.8631721051774868,0.8631721051774868,0.8631721051774868,0.9031721051774868,0.9031721051774868
420,0.7832282844656195,0.7832282844656195,0.7932282844656195,0.7932282844656195,0.7582282844656195,0.7482282844656195,0.7482282844656195,0.7582282844656195,0.7582282844656195,0.7482282844656195,0.7482282844656195,0.7582282844656195,0.7582282844656195
421,0.840786871723851,0.870786871723851,0.8807868717238511,0.8807868717238511,0.870786871723851,0.8807868717238511,0.8807868717238511,0.860786871723851,0.850786871723851,0.850786871723851,0.850786871723851,0.830786871723851,0.840786871723851
422,0.8656575893339622,0.8556575893339622,0.8456575893339622,0.8456575893339622,0.8456575893339622,0.8356575893339622,0.8356575893339622,0.8456575893339622,0.8456575893339622,0.8556575893339622,0.8556575893339622,0.8556575893339622,0.8556575893339622
423,0.95553312558995,0.95553312558995,0.94553312558995,0.94553312558995,0.9355331255899499,0.9355331255899499,0.95553312558995,0.95553312558995,0.95553312558995,0.96553312558995,0.96553312558995,0.95553312558995,0.96553312558995
424,0.8949022092237175,0.8849022092237175,0.8849022092237175,0.8849022092237175,0.8649022092237175,0.8749022092237175,0.8749022092237175,0.8649022092237175,0.8649022092237175,0.8649022092237175,0.8549022092237175,0.8749022092237175,0.8549022092237175
425,0.8574488270349656,0.8674488270349656,0.8974488270349656,0.8974488270349656,0.8924488270349656,0.8824488270349656,0.8924488270349656,0.8824488270349656,0.8624488270349656,0.8524488270349656,0.8724488270349656,0.8724488270349656,0.8824488270349656
426,0.8455376393953989,0.855537639395399,0.865537639395399,0.865537639395399,0.875537639395399,0.875537639395399,0.865537639395399,0.875537639395399,0.865537639395399,0.865537639395399,0.865537639395399,0.875537639395399,0.865537639395399
427,0.8578993183949928,0.8778993183949928,0.8778993183949928,0.8878993183949928,0.8978993183949928,0.8978993183949928,0.8978993183949928,0.8928993183949928,0.8928993183949928,0.8928993183949928,0.8828993183949928,0.8828993183949928,0.8828993183949928
428,0.8663204733657608,0.8763204733657608,0.9063204733657608,0.9013204733657608,0.9013204733657608,0.8913204733657608,0.8913204733657608,0.8813204733657608,0.8613204733657608,0.8413204733657608,0.8513204733657608,0.8513204733657608,0.8313204733657608
429,0.8832091611674241,0.8532091611674241,0.8432091611674241,0.8432091611674241,0.8432091611674241,0.8532091611674241,0.8532091611674241,0.8732091611674241,0.8532091611674241,0.8632091611674241,0.8532091611674241,0.8432091611674241,0.8482091611674241
430,0.8808939043480764,0.9008939043480764,0.9008939043480764,0.9008939043480764,0.8808939043480764,0.8808939043480764,0.8908939043480764,0.8808939043480764,0.8808939043480764,0.9008939043480764,0.9008939043480764,0.8708939043480763,0.8708939043480763
431,0.838578173082345,0.8285781730823449,0.8185781730823449,0.838578173082345,0.838578173082345,0.838578173082345,0.848578173082345,0.858578173082345,0.858578173082345,0.878578173082345,0.878578173082345,0.878578173082345,0.878578173082345
432,0.8827461534035703,0.8827461534035703,0.8927461534035703,0.8927461534035703,0.9027461534035703,0.9127461534035703,0.9227461534035704,0.9177461534035704,0.9077461534035703,0.9077461534035703,0.9077461534035703,0.8877461534035703,0.8777461534035703
433,0.8721878867042396,0.8621878867042396,0.8521878867042396,0.8621878867042396,0.8521878867042396,0.8621878867042396,0.8621878867042396,0.8721878867042396,0.8721878867042396,0.8721878867042396,0.8921878867042397,0.9021878867042397,0.8821878867042396
434,0.8745440842257854,0.8745440842257854,0.8745440842257854,0.8945440842257855,0.9045440842257855,0.9045440842257855,0.9045440842257855,0.8945440842257855,0.8945440842257855,0.8945440842257855,0.8945440842257855,0.8745440842257854,0.8545440842257854
435,0.8845449820667077,0.8745449820667077,0.8845449820667077,0.8745449820667077,0.8745449820667077,0.8645449820667077,0.8645449820667077,0.8545449820667077,0.8645449820667077,0.8445449820667077,0.8445449820667077,0.8645449820667077,0.8645449820667077
436,0.8757211288362385,0.8957211288362386,0.8857211288362385,0.8857211288362385,0.8757211288362385,0.8757211288362385,0.8757211288362385,0.8757211288362385,0.8657211288362385,0.8457211288362385,0.8457211288362385,0.8557211288362385,0.8557211288362385
437,0.8522084297019842,0.8522084297019842,0.8422084297019842,0.8422084297019842,0.8322084297019842,0.8322084297019842,0.8322084297019842,0.8222084297019842,0.8222084297019842,0.8222084297019842,0.8322084297019842,0.8522084297019842,0.8622084297019842
438,0.8081091477815916,0.8181091477815916,0.8181091477815916,0.8281091477815916,0.8181091477815916,0.8181091477815916,0.8181091477815916,0.8281091477815916,0.8281091477815916,0.8181091477815916,0.8181091477815916,0.7981091477815916,0.8181091477815916
439,0.8286533852956268,0.8086533852956268,0.8086533852956268,0.8086533852956268,0.8086533852956268,0.8286533852956268,0.8386533852956268,0.8286533852956268,0.8386533852956268,0.8286533852956268,0.8286533852956268,0.8286533852956268,0.8586533852956268
440,0.8457259332611464,0.8457259332611464,0.8457259332611464,0.8257259332611464,0.8257259332611464,0.8457259332611464,0.8657259332611464,0.8557259332611464,0.8657259332611464,0.8757259332611464,0.8757259332611464,0.8757259332611464,0.8757259332611464
441,0.7789839398682461,0.7889839398682461,0.7889839398682461,0.7789839398682461,0.7889839398682461,0.7789839398682461,0.7789839398682461,0.7689839398682461,0.7889839398682461,0.7889839398682461,0.7889839398682461,0.7989839398682461,0.7789839398682461
442,0.8086474499655839,0.8086474499655839,0.8086474499655839,0.7986474499655839,0.7986474499655839,0.7886474499655839,0.7886474499655839,0.7986474499655839,0.7986474499655839,0.7986474499655839,0.7986474499655839,0.8086474499655839,0.8086474499655839
443,0.754758984689968,0.754758984689968,0.754758984689968,0.754758984689968,0.754758984689968,0.734758984689968,0.7647589846899681,0.7747589846899681,0.7747589846899681,0.754758984689968,0.754758984689968,0.744758984689968,0.734758984689968
444,0.7673952902405211,0.7673952902405211,0.7573952902405211,0.7873952902405211,0.7773952902405211,0.7773952902405211,0.7773952902405211,0.7673952902405211,0.7573952902405211,0.7473952902405211,0.7573952902405211,0.7373952902405211,0.7473952902405211
445,0.8336753766591061,0.8636753766591061,0.8636753766591061,0.8636753766591061,0.8636753766591061,0.8736753766591061,0.8686753766591061,0.8586753766591061,0.8686753766591061,0.8586753766591061,0.8586753766591061,0.8586753766591061,0.8286753766591061
446,0.8747814893613128,0.8747814893613128,0.8947814893613129,0.9147814893613129,0.9147814893613129,0.9097814893613129,0.8897814893613128,0.8797814893613128,0.8797814893613128,0.8797814893613128,0.8597814893613128,0.8597814893613128,0.8797814893613128
447,0.843690785938008,0.853690785938008,0.853690785938008,0.853690785938008,0.853690785938008,0.853690785938008,0.8336907859380079,0.8236907859380079,0.8336907859380079,0.8036907859380079,0.8036907859380079,0.8236907859380079,0.8036907859380079
448,0.839841769752417,0.839841769752417,0.839841769752417,0.849841769752417,0.849841769752417,0.839841769752417,0.839841769752417,0.839841769752417,0.859841769752417,0.849841769752417,0.849841769752417,0.849841769752417,0.839841769752417
449,0.882135964858685,0.8721359648586849,0.882135964858685,0.882135964858685,0.882135964858685,0.8721359648586849,0.8721359648586849,0.882135964858685,0.8721359648586849,0.907135964858685,0.887135964858685,0.917135964858685,0.927135964858685
450,0.8508384522607111,0.8808384522607111,0.8808384522607111,0.8908384522607111,0.8908384522607111,0.8858384522607111,0.8758384522607111,0.8758384522607111,0.8758384522607111,0.8858384522607111,0.8858384522607111,0.8858384522607111,0.8758384522607111
451,0.8839214118273961,0.8739214118273961,0.8939214118273962,0.8839214118273961,0.8839214118273961,0.8739214118273961,0.8539214118273961,0.8439214118273961,0.8439214118273961,0.8539214118273961,0.8639214118273961,0.8539214118273961,0.8439214118273961
452,0.9069072376862432,0.9269072376862432,0.9469072376862432,0.9469072376862432,0.9369072376862432,0.9369072376862432,0.9219072376862432,0.9219072376862432,0.9219072376862432,0.9119072376862432,0.9019072376862431,0.9019072376862431,0.9019072376862431
453,0.8473270421498538,0.8473270421498538,0.8473270421498538,0.8373270421498538,0.8473270421498538,0.8473270421498538,0.8373270421498538,0.8373270421498538,0.8473270421498538,0.8473270421498538,0.8473270421498538,0.8473270421498538,0.8573270421498538
454,0.8422360389656832,0.8322360389656832,0.8322360389656832,0.8322360389656832,0.8222360389656832,0.8222360389656832,0.8522360389656832,0.8522360389656832,0.8522360389656832,0.8322360389656832,0.8522360389656832,0.8522360389656832,0.8522360389656832
455,0.9013864092591384,0.9013864092591384,0.8913864092591384,0.8913864092591384,0.8913864092591384,0.9113864092591384,0.9413864092591384,0.9413864092591384,0.9413864092591384,0.9413864092591384,0.9313864092591384,0.9313864092591384,0.9113864092591384
456,0.8676533754134929,0.8576533754134928,0.8576533754134928,0.8676533754134929,0.9076533754134929,0.9076533754134929,0.9076533754134929,0.9026533754134929,0.9026533754134929,0.9026533754134929,0.8626533754134929,0.8626533754134929,0.8626533754134929
457,0.8941168665864913,0.9241168665864913,0.9241168665864913,0.9041168665864913,0.9041168665864913,0.8941168665864913,0.8841168665864912,0.9041168665864913,0.9041168665864913,0.9241168665864913,0.9241168665864913,0.9141168665864913,0.9141168665864913
458,0.8391934525498765,0.8291934525498765,0.8491934525498765,0.8491934525498765,0.8391934525498765,0.8391934525498765,0.8291934525498765,0.8391934525498765,0.8391934525498765,0.8391934525498765,0.8491934525498765,0.8491934525498765,0.8691934525498766
459,0.9130300156633581,0.903030015663358,0.903030015663358,0.9130300156633581,0.9130300156633581,0.903030015663358,0.883030015663358,0.883030015663358,0.883030015663358,0.873030015663358,0.873030015663358,0.873030015663358,0.883030015663358
460,0.9169480423914201,0.9169480423914201,0.9369480423914202,0.9469480423914202,0.9569480423914202,0.9569480423914202,0.9569480423914202,0.9519480423914202,0.9419480423914202,0.9419480423914202,0.9619480423914202,0.9619480423914202,0.9619480423914202
461,0.9614439584889595,0.9814439584889595,0.9714439584889595,0.9814439584889595,0.9914439584889595,0.9914439584889595,0.9814439584889595,0.9814439584889595,0.9814439584889595,0.9714439584889595,0.9914439584889595,0.9914439584889595,1.0
462,0.8392440443388831,0.8492440443388831,0.8392440443388831,0.8292440443388831,0.8592440443388831,0.8692440443388831,0.8692440443388831,0.8692440443388831,0.8792440443388831,0.8742440443388831,0.8742440443388831,0.8742440443388831,0.8742440443388831
463,0.8137781069925911,0.8137781069925911,0.8137781069925911,0.8137781069925911,0.8337781069925911,0.8337781069925911,0.8337781069925911,0.8237781069925911,0.8237781069925911,0.8237781069925911,0.8137781069925911,0.8137781069925911,0.8237781069925911
464,0.8631024222850687,0.8631024222850687,0.8631024222850687,0.8631024222850687,0.8731024222850687,0.8731024222850687,0.8731024222850687,0.8731024222850687,0.8731024222850687,0.8931024222850688,0.9031024222850688,0.8931024222850688,0.8831024222850687
465,0.894791508859733,0.904791508859733,0.864791508859733,0.874791508859733,0.884791508859733,0.874791508859733,0.874791508859733,0.899791508859733,0.909791508859733,0.909791508859733,0.919791508859733,0.909791508859733,0.909791508859733
466,0.8812638293398407,0.8812638293398407,0.8812638293398407,0.8912638293398407,0.8562638293398407,0.8662638293398407,0.8862638293398407,0.8662638293398407,0.8562638293398407,0.8362638293398407,0.8362638293398407,0.8362638293398407,0.8362638293398407
467,0.8867515579195328,0.8967515579195328,0.8967515579195328,0.9167515579195328,0.9167515579195328,0.9017515579195328,0.9017515579195328,0.9017515579195328,0.9217515579195328,0.9217515579195328,0.9217515579195328,0.9217515579195328,0.9117515579195328
468,0.8574680356169365,0.8574680356169365,0.8674680356169365,0.8674680356169365,0.8774680356169365,0.8874680356169365,0.8774680356169365,0.8774680356169365,0.8874680356169365,0.8674680356169365,0.8674680356169365,0.8674680356169365,0.8574680356169365
469,0.8688736158516909,0.8588736158516909,0.8588736158516909,0.8588736158516909,0.8388736158516908,0.8388736158516908,0.8388736158516908,0.8288736158516908,0.8388736158516908,0.8388736158516908,0.8388736158516908,0.8288736158516908,0.8288736158516908
470,0.9093078195851145,0.8893078195851145,0.8893078195851145,0.8893078195851145,0.8893078195851145,0.8893078195851145,0.8893078195851145,0.8893078195851145,0.8893078195851145,0.9093078195851145,0.9093078195851145,0.9293078195851145,0.9493078195851146
471,0.82941461808486,0.82941461808486,0.82941461808486,0.83941461808486,0.8194146180848599,0.7994146180848599,0.7994146180848599,0.7894146180848599,0.7944146180848599,0.7944146180848599,0.7944146180848599,0.8044146180848599,0.8044146180848599
472,0.865028715621743,0.865028715621743,0.885028715621743,0.875028715621743,0.875028715621743,0.865028715621743,0.865028715621743,0.865028715621743,0.885028715621743,0.905028715621743,0.905028715621743,0.885028715621743,0.895028715621743
473,0.8357615354043254,0.8157615354043254,0.8157615354043254,0.8057615354043254,0.7957615354043254,0.7957615354043254,0.8057615354043254,0.7957615354043254,0.8007615354043254,0.8107615354043254,0.8007615354043254,0.8207615354043254,0.8207615354043254
474,0.8750815378186301,0.8750815378186301,0.8750815378186301,0.8850815378186301,0.8850815378186301,0.8850815378186301,0.8950815378186301,0.9050815378186301,0.8900815378186301,0.9000815378186301,0.8800815378186301,0.8700815378186301,0.8700815378186301
475,0.8451239705511888,0.8551239705511888,0.8551239705511888,0.8651239705511888,0.8651239705511888,0.8451239705511888,0.8551239705511888,0.8551239705511888,0.8551239705511888,0.8551239705511888,0.8451239705511888,0.8451239705511888,0.8651239705511888
476,0.9140519302212003,0.9040519302212003,0.9040519302212003,0.9140519302212003,0.9040519302212003,0.8940519302212003,0.9190519302212004,0.9290519302212004,0.9390519302212004,0.9490519302212004,0.9490519302212004,0.9590519302212004,0.9490519302212004
477,0.8568909747274971,0.8568909747274971,0.8568909747274971,0.8568909747274971,0.8568909747274971,0.8468909747274971,0.8468909747274971,0.8768909747274971,0.8768909747274971,0.8568909747274971,0.8568909747274971,0.8668909747274971,0.8568909747274971
478,0.8175292761469088,0.8275292761469089,0.8275292761469089,0.8575292761469089,0.8575292761469089,0.8575292761469089,0.8525292761469089,0.8425292761469089,0.8425292761469089,0.8425292761469089,0.8425292761469089,0.8425292761469089,0.8425292761469089
479,0.9143294410303383,0.9043294410303383,0.8843294410303383,0.8843294410303383,0.9043294410303383,0.9143294410303383,0.9043294410303383,0.8843294410303383,0.8843294410303383,0.8993294410303383,0.8993294410303383,0.8993294410303383,0.8993294410303383
480,0.881936930154698,0.861936930154698,0.861936930154698,0.851936930154698,0.861936930154698,0.851936930154698,0.851936930154698,0.841936930154698,0.841936930154698,0.861936930154698,0.861936930154698,0.886936930154698,0.876936930154698
481,0.8273517521912048,0.8473517521912048,0.8473517521912048,0.8473517521912048,0.8673517521912049,0.8673517521912049,0.8673517521912049,0.8673517521912049,0.8373517521912048,0.8473517521912048,0.8473517521912048,0.8473517521912048,0.8673517521912049
482,0.9361608555838321,0.9261608555838321,0.9261608555838321,0.9261608555838321,0.9161608555838321,0.9361608555838321,0.9261608555838321,0.9361608555838321,0.9261608555838321,0.9261608555838321,0.9261608555838321,0.9261608555838321,0.9561608555838321
483,0.8330025199648333,0.8330025199648333,0.8330025199648333,0.8330025199648333,0.8330025199648333,0.8430025199648333,0.8530025199648333,0.8530025199648333,0.8530025199648333,0.8730025199648334,0.8680025199648334,0.8580025199648333,0.8480025199648333
484,0.8229150434210402,0.8229150434210402,0.8229150434210402,0.8129150434210402,0.8129150434210402,0.8129150434210402,0.8329150434210402,0.8329150434210402,0.8229150434210402,0.8229150434210402,0.8229150434210402,0.8229150434210402,0.8229150434210402
485,0.852891728752962,0.832891728752962,0.812891728752962,0.812891728752962,0.812891728752962,0.812891728752962,0.822891728752962,0.837891728752962,0.837891728752962,0.837891728752962,0.837891728752962,0.847891728752962,0.847891728752962
486,0.8509432981679242,0.8409432981679242,0.8509432981679242,0.8509432981679242,0.8509432981679242,0.8509432981679242,0.8509432981679242,0.8309432981679242,0.8209432981679242,0.8209432981679242,0.8209432981679242,0.8359432981679242,0.8359432981679242
487,0.8669339904814536,0.8669339904814536,0.8769339904814536,0.8769339904814536,0.8869339904814536,0.8869339904814536,0.8569339904814536,0.8669339904814536,0.8669339904814536,0.9069339904814536,0.9069339904814536,0.9069339904814536,0.9069339904814536
488,0.8855662792695638,0.8855662792695638,0.8855662792695638,0.8755662792695638,0.8555662792695637,0.8705662792695638,0.8705662792695638,0.8605662792695637,0.8605662792695637,0.8605662792695637,0.8605662792695637,0.8605662792695637,0.8705662792695638
489,0.845652484667284,0.845652484667284,0.835652484667284,0.825652484667284,0.815652484667284,0.815652484667284,0.815652484667284,0.815652484667284,0.825652484667284,0.845652484667284,0.845652484667284,0.855652484667284,0.855652484667284
490,0.8226982353219594,0.8226982353219594,0.8326982353219594,0.8326982353219594,0.8326982353219594,0.8226982353219594,0.8226982353219594,0.8326982353219594,0.8326982353219594,0.8526982353219594,0.8526982353219594,0.8626982353219594,0.8426982353219594
491,0.89842198189604,0.90842198189604,0.90842198189604,0.91842198189604,0.90842198189604,0.8784219818960399,0.8684219818960399,0.8684219818960399,0.8684219818960399,0.8684219818960399,0.8584219818960399,0.8584219818960399,0.8634219818960399
492,0.8765217197305174,0.8765217197305174,0.8765217197305174,0.8665217197305174,0.8665217197305174,0.8765217197305174,0.8765217197305174,0.8765217197305174,0.8765217197305174,0.8765217197305174,0.8765217197305174,0.8765217197305174,0.8865217197305174
493,0.8276343016643268,0.8276343016643268,0.8176343016643268,0.8376343016643268,0.8376343016643268,0.8576343016643269,0.8476343016643269,0.8476343016643269,0.8376343016643268,0.8376343016643268,0.8376343016643268,0.8376343016643268,0.8476343016643269
494,0.9553426542167501,0.9453426542167501,0.9653426542167501,0.9553426542167501,0.9553426542167501,0.9553426542167501,0.9653426542167501,0.9653426542167501,0.9753426542167501,0.9753426542167501,0.9753426542167501,0.9653426542167501,0.9753426542167501
495,0.8698047235454399,0.8798047235454399,0.8898047235454399,0.8798047235454399,0.8698047235454399,0.8698047235454399,0.8698047235454399,0.8698047235454399,0.8798047235454399,0.8698047235454399,0.8698047235454399,0.8598047235454399,0.8598047235454399
496,0.9027641823861008,0.9027641823861008,0.9127641823861008,0.9227641823861008,0.9227641823861008,0.9227641823861008,0.9227641823861008,0.9427641823861008,0.9327641823861008,0.9327641823861008,0.9327641823861008,0.9327641823861008,0.9427641823861008
497,0.9069468307591979,0.9369468307591979,0.9269468307591979,0.9269468307591979,0.9369468307591979,0.9369468307591979,0.9469468307591979,0.9469468307591979,0.9419468307591979,0.9319468307591979,0.9319468307591979,0.9319468307591979,0.9419468307591979
498,0.871775059141788,0.851775059141788,0.851775059141788,0.831775059141788,0.841775059141788,0.841775059141788,0.841775059141788,0.841775059141788,0.841775059141788,0.851775059141788,0.851775059141788,0.861775059141788,0.861775059141788
499,0.8756495686067993,0.8956495686067993,0.9056495686067993,0.9056495686067993,0.8906495686067993,0.8906495686067993,0.9006495686067993,0.8906495686067993,0.8806495686067993,0.8706495686067993,0.8706495686067993,0.8706495686067993,0.8806495686067993
500,0.8800523921227111,0.8800523921227111,0.8800523921227111,0.8700523921227111,0.8600523921227111,0.8500523921227111,0.8650523921227111,0.8850523921227111,0.8950523921227111,0.8950523921227111,0.8950523921227111,0.8950523921227111,0.8950523921227111
501,0.8868640618983235,0.8868640618983235,0.8868640618983235,0.9068640618983235,0.9068640618983235,0.9068640618983235,0.8968640618983235,0.9068640618983235,0.9068640618983235,0.9068640618983235,0.8968640618983235,0.9168640618983235,0.9068640618983235
502,0.8241342876180554,0.8141342876180554,0.8491342876180554,0.8391342876180554,0.8291342876180554,0.8291342876180554,0.8291342876180554,0.8291342876180554,0.8291342876180554,0.8291342876180554,0.8291342876180554,0.8491342876180554,0.8591342876180554
503,0.9483270238290198,0.9583270238290198,0.9283270238290198,0.9283270238290198,0.9283270238290198,0.9283270238290198,0.9283270238290198,0.9283270238290198,0.9283270238290198,0.9183270238290198,0.9283270238290198,0.9483270238290198,0.9583270238290198
504,0.8582579481329649,0.8682579481329649,0.8682579481329649,0.8682579481329649,0.8682579481329649,0.8882579481329649,0.8782579481329649,0.8682579481329649,0.8682579481329649,0.8682579481329649,0.8782579481329649,0.8682579481329649,0.8582579481329649
505,0.8484351817299858,0.8484351817299858,0.8184351817299858,0.8184351817299858,0.8084351817299857,0.8184351817299858,0.8284351817299858,0.8384351817299858,0.8484351817299858,0.8484351817299858,0.8484351817299858,0.8584351817299858,0.8484351817299858
506,0.8550505949053802,0.8450505949053801,0.8550505949053802,0.8550505949053802,0.8650505949053802,0.8750505949053802,0.8750505949053802,0.8750505949053802,0.8650505949053802,0.8550505949053802,0.8450505949053801,0.8550505949053802,0.8550505949053802
507,0.8727151033076831,0.8627151033076831,0.8727151033076831,0.8927151033076831,0.8927151033076831,0.8627151033076831,0.8627151033076831,0.8627151033076831,0.8627151033076831,0.8827151033076831,0.8827151033076831,0.8827151033076831,0.8627151033076831
508,0.8268494946988678,0.8368494946988678,0.8468494946988678,0.8368494946988678,0.8368494946988678,0.8368494946988678,0.8368494946988678,0.8168494946988678,0.8168494946988678,0.8268494946988678,0.8268494946988678,0.8268494946988678,0.8168494946988678
509,0.7974951987886728,0.8074951987886728,0.8074951987886728,0.7774951987886728,0.7574951987886728,0.7574951987886728,0.7574951987886728,0.7624951987886728,0.7524951987886728,0.7524951987886728,0.7624951987886728,0.7624951987886728,0.7624951987886728
510,0.8728229526258312,0.8728229526258312,0.8728229526258312,0.8628229526258312,0.8628229526258312,0.8628229526258312,0.8728229526258312,0.8728229526258312,0.8828229526258312,0.8828229526258312,0.9028229526258312,0.9028229526258312,0.9028229526258312
511,0.8175087244970717,0.8175087244970717,0.8175087244970717,0.8075087244970717,0.8075087244970717,0.8075087244970717,0.8075087244970717,0.8175087244970717,0.8375087244970717,0.8175087244970717,0.7975087244970717,0.7975087244970717,0.8075087244970717
512,0.8112336342135372,0.7912336342135372,0.7912336342135372,0.7912336342135372,0.7912336342135372,0.7912336342135372,0.8012336342135372,0.7712336342135372,0.7812336342135372,0.7812336342135372,0.7712336342135372,0.7762336342135372,0.7862336342135372
513,0.8201380857122818,0.8201380857122818,0.8401380857122818,0.8201380857122818,0.8201380857122818,0.8301380857122818,0.8401380857122818,0.8401380857122818,0.8601380857122818,0.8601380857122818,0.8501380857122818,0.8501380857122818,0.8501380857122818
514,0.8758290735885949,0.8658290735885948,0.8558290735885948,0.8458290735885948,0.8558290735885948,0.8558290735885948,0.8458290735885948,0.8358290735885948,0.8658290735885948,0.8658290735885948,0.8658290735885948,0.8658290735885948,0.8658290735885948
515,0.8631959323499176,0.8531959323499176,0.8431959323499176,0.8431959323499176,0.8431959323499176,0.8531959323499176,0.8431959323499176,0.8531959323499176,0.8331959323499176,0.8231959323499176,0.8331959323499176,0.8531959323499176,0.8731959323499177
516,0.8728369754474775,0.8828369754474775,0.8828369754474775,0.9028369754474775,0.8928369754474775,0.8928369754474775,0.8678369754474775,0.8778369754474775,0.8878369754474775,0.8978369754474775,0.8978369754474775,0.8978369754474775,0.8978369754474775
517,0.9003222824198766,0.9003222824198766,0.8803222824198765,0.8803222824198765,0.8803222824198765,0.8803222824198765,0.8703222824198765,0.8703222824198765,0.8903222824198765,0.8803222824198765,0.8803222824198765,0.8703222824198765,0.8703222824198765
518,0.8527192250970185,0.8427192250970185,0.8427192250970185,0.8427192250970185,0.8427192250970185,0.8427192250970185,0.8727192250970185,0.8727192250970185,0.8727192250970185,0.8827192250970185,0.8927192250970185,0.8827192250970185,0.8827192250970185
519,0.9407263616105788,0.9407263616105788,0.9407263616105788,0.9407263616105788,0.9407263616105788,0.9307263616105788,0.9307263616105788,0.9307263616105788,0.9107263616105787,0.9507263616105788,0.9607263616105788,0.9507263616105788,0.9407263616105788
520,0.8891174283819233,0.8891174283819233,0.8791174283819233,0.8791174283819233,0.8791174283819233,0.8691174283819233,0.8491174283819233,0.8591174283819233,0.8741174283819233,0.8841174283819233,0.8841174283819233,0.8841174283819233,0.8941174283819233
521,0.8764198008341001,0.8664198008341001,0.8464198008341001,0.8664198008341001,0.8464198008341001,0.8464198008341001,0.8464198008341001,0.8364198008341001,0.8364198008341001,0.8364198008341001,0.8464198008341001,0.8464198008341001,0.8614198008341001
522,0.8575043881733344,0.8775043881733344,0.8775043881733344,0.8875043881733344,0.8775043881733344,0.8875043881733344,0.8775043881733344,0.8775043881733344,0.8775043881733344,0.8875043881733344,0.8725043881733344,0.8925043881733344,0.8925043881733344
523,0.84821303179833,0.84821303179833,0.87821303179833,0.87821303179833,0.87821303179833,0.87821303179833,0.88821303179833,0.87821303179833,0.87821303179833,0.87821303179833,0.86321303179833,0.85321303179833,0.83321303179833
524,0.8376229868410673,0.8376229868410673,0.8376229868410673,0.8476229868410673,0.8476229868410673,0.8576229868410673,0.8676229868410673,0.8676229868410673,0.8576229868410673,0.8576229868410673,0.8576229868410673,0.8576229868410673,0.8576229868410673
525,0.8655074260135863,0.8655074260135863,0.8655074260135863,0.8755074260135863,0.8455074260135863,0.8455074260135863,0.8455074260135863,0.8255074260135863,0.8305074260135863,0.8405074260135863,0.8405074260135863,0.8405074260135863,0.8205074260135863
526,0.841480147694967,0.841480147694967,0.851480147694967,0.851480147694967,0.8814801476949671,0.8614801476949671,0.841480147694967,0.811480147694967,0.811480147694967,0.831480147694967,0.841480147694967,0.831480147694967,0.811480147694967
527,0.874751604712708,0.874751604712708,0.854751604712708,0.854751604712708,0.864751604712708,0.874751604712708,0.874751604712708,0.854751604712708,0.864751604712708,0.874751604712708,0.894751604712708,0.884751604712708,0.884751604712708
528,0.8492614820987167,0.8592614820987167,0.8692614820987167,0.8692614820987167,0.8792614820987167,0.8792614820987167,0.8692614820987167,0.8692614820987167,0.8792614820987167,0.8792614820987167,0.8592614820987167,0.8492614820987167,0.8592614820987167
529,0.8590411396677883,0.8490411396677883,0.8590411396677883,0.8590411396677883,0.8790411396677883,0.8890411396677883,0.8590411396677883,0.8590411396677883,0.8690411396677883,0.8490411396677883,0.8290411396677883,0.8440411396677883,0.8440411396677883
530,0.8703021011941178,0.8703021011941178,0.8703021011941178,0.8603021011941178,0.8603021011941178,0.8803021011941178,0.8903021011941178,0.8903021011941178,0.8903021011941178,0.9003021011941178,0.9103021011941178,0.9103021011941178,0.9053021011941178
531,0.7689898642880939,0.7589898642880939,0.7589898642880939,0.7689898642880939,0.7589898642880939,0.7389898642880939,0.7389898642880939,0.7389898642880939,0.7289898642880939,0.7339898642880939,0.7439898642880939,0.7339898642880939,0.7539898642880939
532,0.804166887883802,0.804166887883802,0.794166887883802,0.804166887883802,0.814166887883802,0.824166887883802,0.834166887883802,0.819166887883802,0.809166887883802,0.819166887883802,0.819166887883802,0.839166887883802,0.829166887883802
533,0.9265678841086219,0.9265678841086219,0.9265678841086219,0.9265678841086219,0.9265678841086219,0.9165678841086219,0.9165678841086219,0.9065678841086219,0.9165678841086219,0.9165678841086219,0.9265678841086219,0.9065678841086219,0.8965678841086219
534,0.8319732805359135,0.8219732805359135,0.8219732805359135,0.8119732805359134,0.8319732805359135,0.8219732805359135,0.8219732805359135,0.8019732805359134,0.8019732805359134,0.8169732805359134,0.7969732805359134,0.8069732805359134,0.8069732805359134
535,0.8718500383669171,0.8718500383669171,0.8818500383669171,0.8818500383669171,0.8918500383669171,0.8918500383669171,0.8918500383669171,0.8818500383669171,0.8818500383669171,0.8818500383669171,0.8468500383669171,0.8568500383669171,0.8668500383669171
536,0.8644602882332909,0.8444602882332909,0.8444602882332909,0.8444602882332909,0.8544602882332909,0.8644602882332909,0.8744602882332909,0.8944602882332909,0.8944602882332909,0.8944602882332909,0.9044602882332909,0.8844602882332909,0.8844602882332909
537,0.8625500092330564,0.8625500092330564,0.8725500092330564,0.8725500092330564,0.8725500092330564,0.8925500092330564,0.8925500092330564,0.8925500092330564,0.8925500092330564,0.8825500092330564,0.8925500092330564,0.8925500092330564,0.9025500092330564
538,0.8958274515825365,0.8858274515825365,0.8758274515825365,0.8658274515825365,0.8658274515825365,0.8808274515825365,0.8808274515825365,0.8708274515825365,0.8908274515825365,0.9008274515825365,0.9008274515825365,0.9108274515825365,0.8908274515825365
539,0.8428561370769734,0.8528561370769734,0.8528561370769734,0.8428561370769734,0.8528561370769734,0.8428561370769734,0.8428561370769734,0.8328561370769734,0.8428561370769734,0.8628561370769734,0.8628561370769734,0.8528561370769734,0.8628561370769734
540,0.8321380948335471,0.8321380948335471,0.8321380948335471,0.8321380948335471,0.8421380948335471,0.8421380948335471,0.8421380948335471,0.8521380948335471,0.8421380948335471,0.822138094833547,0.822138094833547,0.8521380948335471,0.8521380948335471
541,0.9504512273928549,0.9404512273928549,0.9604512273928549,0.9604512273928549,0.9704512273928549,0.9604512273928549,0.9504512273928549,0.9404512273928549,0.9304512273928549,0.9304512273928549,0.9104512273928549,0.9154512273928549,0.9154512273928549
542,0.8986324377761876,0.9386324377761877,0.9286324377761876,0.9286324377761876,0.9136324377761876,0.9136324377761876,0.9136324377761876,0.9136324377761876,0.9136324377761876,0.9136324377761876,0.9136324377761876,0.9136324377761876,0.9036324377761876
543,0.7916291862377545,0.7916291862377545,0.7816291862377545,0.8016291862377545,0.8116291862377545,0.8216291862377545,0.8116291862377545,0.8116291862377545,0.8116291862377545,0.8116291862377545,0.8116291862377545,0.8216291862377545,0.8116291862377545
544,0.9055812515787955,0.8955812515787955,0.8955812515787955,0.8755812515787955,0.8855812515787955,0.9055812515787955,0.9055812515787955,0.9055812515787955,0.9155812515787956,0.9155812515787956,0.9055812515787955,0.9055812515787955,0.8955812515787955
545,0.8732600497117813,0.8732600497117813,0.8632600497117813,0.8632600497117813,0.8632600497117813,0.8532600497117813,0.8432600497117813,0.8582600497117813,0.8282600497117812,0.8282600497117812,0.8282600497117812,0.8282600497117812,0.8282600497117812
546,0.8381615109991633,0.8381615109991633,0.8481615109991633,0.8481615109991633,0.8581615109991633,0.8481615109991633,0.8481615109991633,0.8281615109991632,0.8281615109991632,0.8181615109991632,0.8281615109991632,0.8281615109991632,0.8281615109991632
547,0.9177079505524459,0.9277079505524459,0.9277079505524459,0.9077079505524459,0.9077079505524459,0.9177079505524459,0.9177079505524459,0.9077079505524459,0.9077079505524459,0.8777079505524459,0.8777079505524459,0.8877079505524459,0.9027079505524459
548,0.9587113707986402,0.9487113707986402,0.9287113707986402,0.9187113707986402,0.9237113707986402,0.9237113707986402,0.9237113707986402,0.9337113707986402,0.9437113707986402,0.9337113707986402,0.9537113707986402,0.9737113707986402,0.9737113707986402
549,0.9207201091573182,0.9507201091573182,0.9357201091573182,0.9557201091573182,0.9457201091573182,0.9257201091573182,0.9157201091573182,0.9257201091573182,0.9357201091573182,0.9057201091573182,0.9257201091573182,0.9457201091573182,0.9457201091573182
550,0.8515794516261146,0.8415794516261146,0.8615794516261146,0.8715794516261146,0.8815794516261146,0.8815794516261146,0.8915794516261146,0.8715794516261146,0.8815794516261146,0.8815794516261146,0.8665794516261146,0.8465794516261146,0.8465794516261146
551,0.8356701267537037,0.8256701267537037,0.8256701267537037,0.8456701267537037,0.8556701267537037,0.8456701267537037,0.8456701267537037,0.8356701267537037,0.8156701267537037,0.8156701267537037,0.8156701267537037,0.8156701267537037,0.8056701267537036
552,0.8404662089789593,0.8504662089789593,0.8604662089789593,0.8504662089789593,0.8504662089789593,0.8504662089789593,0.8304662089789593,0.8204662089789593,0.8204662089789593,0.8204662089789593,0.8204662089789593,0.8104662089789593,0.8204662089789593
553,0.8394685618120362,0.8294685618120362,0.8294685618120362,0.8194685618120362,0.8194685618120362,0.8194685618120362,0.8194685618120362,0.7994685618120362,0.8044685618120362,0.8044685618120362,0.8044685618120362,0.8044685618120362,0.8144685618120362
554,0.8581142065413608,0.8381142065413608,0.8381142065413608,0.8281142065413608,0.8281142065413608,0.8281142065413608,0.8381142065413608,0.8281142065413608,0.8431142065413608,0.8331142065413608,0.8531142065413608,0.8731142065413608,0.8731142065413608
555,0.8928245631482129,0.8928245631482129,0.9128245631482129,0.8878245631482129,0.8678245631482129,0.8678245631482129,0.8578245631482129,0.8478245631482129,0.8478245631482129,0.8478245631482129,0.8478245631482129,0.8478245631482129,0.8678245631482129
556,0.8232367457896469,0.8132367457896469,0.8132367457896469,0.8032367457896469,0.7932367457896469,0.8032367457896469,0.8032367457896469,0.8032367457896469,0.7932367457896469,0.7932367457896469,0.7932367457896469,0.8082367457896469,0.7982367457896469
557,0.7981367887208517,0.8081367887208517,0.8181367887208517,0.7931367887208517,0.7831367887208517,0.8031367887208517,0.8031367887208517,0.8131367887208517,0.8031367887208517,0.8031367887208517,0.8031367887208517,0.8231367887208517,0.8131367887208517
558,0.8243960098520106,0.8043960098520105,0.8043960098520105,0.8143960098520105,0.8243960098520106,0.8443960098520106,0.8643960098520106,0.8643960098520106,0.8593960098520106,0.8593960098520106,0.8593960098520106,0.8593960098520106,0.8593960098520106
559,0.8740485639902824,0.8640485639902824,0.8740485639902824,0.8740485639902824,0.8740485639902824,0.8640485639902824,0.8540485639902824,0.8540485639902824,0.8640485639902824,0.8640485639902824,0.8640485639902824,0.8640485639902824,0.8740485639902824
560,0.894466022036909,0.894466022036909,0.904466022036909,0.914466022036909,0.914466022036909,0.894466022036909,0.8844660220369089,0.8644660220369089,0.8644660220369089,0.8644660220369089,0.8644660220369089,0.8644660220369089,0.8794660220369089
561,0.8612674397658497,0.8612674397658497,0.8512674397658497,0.8412674397658497,0.8412674397658497,0.8412674397658497,0.8212674397658497,0.8412674397658497,0.8312674397658497,0.8412674397658497,0.8512674397658497,0.8512674397658497,0.8512674397658497
562,0.9238618955733063,0.9238618955733063,0.9238618955733063,0.9338618955733063,0.9438618955733064,0.9438618955733064,0.9538618955733064,0.9438618955733064,0.9338618955733063,0.9538618955733064,0.9638618955733064,0.9638618955733064,0.9538618955733064
563,0.8819455391562393,0.8719455391562393,0.8619455391562393,0.8619455391562393,0.8819455391562393,0.8819455391562393,0.8919455391562393,0.8719455391562393,0.8619455391562393,0.8519455391562393,0.8669455391562393,0.8669455391562393,0.8569455391562393
564,0.9455985071663205,0.9455985071663205,0.9455985071663205,0.9455985071663205,0.9555985071663206,0.9455985071663205,0.9455985071663205,0.9655985071663206,0.9855985071663206,0.9855985071663206,0.9855985071663206,0.9755985071663206,0.9605985071663206
565,0.8929530568917123,0.9029530568917123,0.8929530568917123,0.8829530568917123,0.8829530568917123,0.8829530568917123,0.8929530568917123,0.8929530568917123,0.8829530568917123,0.8929530568917123,0.8929530568917123,0.9129530568917124,0.9129530568917124
566,0.9231483566388636,0.9131483566388636,0.9031483566388636,0.9131483566388636,0.9031483566388636,0.9031483566388636,0.9131483566388636,0.9231483566388636,0.9231483566388636,0.9531483566388637,0.9531483566388637,0.9631483566388637,0.9531483566388637
567,0.979722250680912,0.979722250680912,0.989722250680912,0.969722250680912,0.979722250680912,0.979722250680912,0.979722250680912,0.979722250680912,0.979722250680912,0.979722250680912,0.969722250680912,0.959722250680912,0.959722250680912
568,0.8553881737854484,0.8653881737854484,0.8453881737854484,0.8453881737854484,0.8453881737854484,0.8453881737854484,0.8453881737854484,0.8653881737854484,0.8653881737854484,0.8653881737854484,0.8653881737854484,0.8653881737854484,0.8653881737854484
569,0.8615319689752198,0.8615319689752198,0.8615319689752198,0.8615319689752198,0.8615319689752198,0.8515319689752198,0.8715319689752198,0.8715319689752198,0.8715319689752198,0.8715319689752198,0.8715319689752198,0.8815319689752198,0.8515319689752198
570,0.9037043899889203,0.9037043899889203,0.9037043899889203,0.9037043899889203,0.8937043899889203,0.8837043899889203,0.8737043899889203,0.8937043899889203,0.8937043899889203,0.8937043899889203,0.8937043899889203,0.8837043899889203,0.8937043899889203
571,0.9407319320231812,0.9607319320231812,0.9607319320231812,0.9607319320231812,0.9507319320231812,0.9507319320231812,0.9507319320231812,0.9707319320231812,0.9707319320231812,0.9807319320231812,0.9807319320231812,0.9707319320231812,0.9607319320231812
572,0.9309677144245236,0.9009677144245236,0.9009677144245236,0.9009677144245236,0.9109677144245236,0.9109677144245236,0.9109677144245236,0.9109677144245236,0.9009677144245236,0.9159677144245236,0.9159677144245236,0.9059677144245236,0.8959677144245236
573,0.8615436304495622,0.8615436304495622,0.8515436304495622,0.8515436304495622,0.8615436304495622,0.8615436304495622,0.8815436304495622,0.8815436304495622,0.8915436304495622,0.8815436304495622,0.8715436304495622,0.8815436304495622,0.8815436304495622
574,0.9029248352646783,0.9129248352646783,0.8929248352646783,0.8929248352646783,0.9029248352646783,0.9229248352646783,0.9229248352646783,0.9229248352646783,0.9029248352646783,0.9029248352646783,0.9029248352646783,0.9029248352646783,0.8829248352646782
575,0.952678286559373,0.942678286559373,0.922678286559373,0.932678286559373,0.932678286559373,0.932678286559373,0.922678286559373,0.922678286559373,0.937678286559373,0.937678286559373,0.937678286559373,0.927678286559373,0.917678286559373
576,0.8875854304482478,0.8875854304482478,0.9075854304482478,0.9275854304482478,0.9075854304482478,0.9175854304482478,0.9175854304482478,0.9175854304482478,0.9175854304482478,0.9175854304482478,0.9025854304482478,0.9125854304482478,0.9025854304482478
577,0.8920434758436815,0.9120434758436815,0.9220434758436815,0.9070434758436815,0.9070434758436815,0.8770434758436815,0.8770434758436815,0.8870434758436815,0.9070434758436815,0.9170434758436815,0.9170434758436815,0.9270434758436815,0.9270434758436815
578,0.8824021877847783,0.8924021877847783,0.8924021877847783,0.9024021877847783,0.9124021877847783,0.8924021877847783,0.8924021877847783,0.8924021877847783,0.9124021877847783,0.9224021877847783,0.9224021877847783,0.9224021877847783,0.9224021877847783
579,0.8414824026157889,0.8414824026157889,0.8414824026157889,0.8614824026157889,0.8814824026157889,0.8814824026157889,0.8714824026157889,0.8614824026157889,0.8714824026157889,0.8514824026157889,0.8514824026157889,0.8614824026157889,0.8514824026157889
580,0.8653097730196689,0.875309773019669,0.8553097730196689,0.8553097730196689,0.8253097730196689,0.8353097730196689,0.8253097730196689,0.8253097730196689,0.8253097730196689,0.8453097730196689,0.8353097730196689,0.8353097730196689,0.8553097730196689
581,0.9292019674219917,0.9492019674219917,0.9492019674219917,0.9492019674219917,0.9692019674219917,0.9692019674219917,0.9642019674219917,0.9642019674219917,0.9542019674219917,0.9542019674219917,0.9542019674219917,0.9542019674219917,0.9542019674219917
582,0.8628765885174555,0.8528765885174555,0.8528765885174555,0.8528765885174555,0.8528765885174555,0.8528765885174555,0.8528765885174555,0.8528765885174555,0.8328765885174555,0.8328765885174555,0.8328765885174555,0.8228765885174555,0.8428765885174555
583,0.9144684930176992,0.9244684930176992,0.9244684930176992,0.9244684930176992,0.9044684930176992,0.9044684930176992,0.9044684930176992,0.9144684930176992,0.9144684930176992,0.9144684930176992,0.9144684930176992,0.9144684930176992,0.9444684930176992
584,0.8344373586901092,0.8344373586901092,0.8444373586901092,0.8244373586901091,0.8244373586901091,0.8044373586901091,0.8444373586901092,0.8444373586901092,0.8444373586901092,0.8344373586901092,0.8244373586901091,0.8144373586901091,0.8344373586901092
585,0.8704638376931153,0.8704638376931153,0.8704638376931153,0.8704638376931153,0.8804638376931153,0.8904638376931153,0.8904638376931153,0.9004638376931153,0.8904638376931153,0.8604638376931153,0.8604638376931153,0.8504638376931153,0.8604638376931153
586,0.8477867683187574,0.8577867683187574,0.8377867683187574,0.8477867683187574,0.8477867683187574,0.8477867683187574,0.8477867683187574,0.8477867683187574,0.8477867683187574,0.8377867683187574,0.8377867683187574,0.8377867683187574,0.8577867683187574
587,0.8191423285579339,0.8391423285579339,0.8391423285579339,0.8391423285579339,0.8391423285579339,0.8491423285579339,0.8591423285579339,0.8591423285579339,0.8541423285579339,0.8441423285579339,0.8541423285579339,0.8541423285579339,0.8541423285579339
588,0.8868595659821901,0.8968595659821901,0.9068595659821901,0.9168595659821901,0.9168595659821901,0.8868595659821901,0.8868595659821901,0.8868595659821901,0.8768595659821901,0.8768595659821901,0.8768595659821901,0.86685956598219,0.86685956598219
589,0.8172845110371306,0.8372845110371306,0.8472845110371306,0.8172845110371306,0.8072845110371306,0.8172845110371306,0.8172845110371306,0.8072845110371306,0.8072845110371306,0.7772845110371306,0.7772845110371306,0.7822845110371306,0.7822845110371306
590,0.883312928863753,0.853312928863753,0.853312928863753,0.853312928863753,0.843312928863753,0.848312928863753,0.848312928863753,0.858312928863753,0.848312928863753,0.858312928863753,0.868312928863753,0.848312928863753,0.848312928863753
591,0.9504575487629965,0.9404575487629965,0.9504575487629965,0.9804575487629965,0.9604575487629965,0.9704575487629965,0.9604575487629965,0.9604575487629965,0.9404575487629965,0.9304575487629965,0.9404575487629965,0.9504575487629965,0.9604575487629965
592,0.8036879313289214,0.8036879313289214,0.8136879313289214,0.7936879313289213,0.7736879313289213,0.7636879313289213,0.7686879313289213,0.7786879313289213,0.7986879313289214,0.7986879313289214,0.7986879313289214,0.8086879313289214,0.7986879313289214
593,0.8861283746902499,0.8961283746902499,0.9161283746902499,0.9161283746902499,0.9161283746902499,0.9261283746902499,0.9161283746902499,0.9161283746902499,0.9161283746902499,0.9161283746902499,0.9261283746902499,0.9061283746902499,0.9261283746902499
594,0.8635881111225101,0.8735881111225101,0.8635881111225101,0.8535881111225101,0.8335881111225101,0.8535881111225101,0.8535881111225101,0.8535881111225101,0.8535881111225101,0.8535881111225101,0.8635881111225101,0.8635881111225101,0.8635881111225101
595,0.8848104917689945,0.8848104917689945,0.8948104917689945,0.8948104917689945,0.8948104917689945,0.8948104917689945,0.9048104917689945,0.9048104917689945,0.9048104917689945,0.9148104917689945,0.9148104917689945,0.9148104917689945,0.9048104917689945
596,0.866721958087047,0.886721958087047,0.896721958087047,0.886721958087047,0.886721958087047,0.896721958087047,0.886721958087047,0.886721958087047,0.886721958087047,0.896721958087047,0.876721958087047,0.876721958087047,0.886721958087047
597,0.9957984606716273,0.9957984606716273,1.0,1.0,0.99,0.99,1.0,1.0,0.99,0.975,0.975,0.965,0.965
598,0.8879909994056006,0.9079909994056006,0.9079909994056006,0.8879909994056006,0.8979909994056006,0.8879909994056006,0.8979909994056006,0.9179909994056006,0.9179909994056006,0.9179909994056006,0.9079909994056006,0.8879909994056006,0.8879909994056006
599,0.9447831079881648,0.9447831079881648,0.9547831079881648,0.9547831079881648,0.9547831079881648,0.9447831079881648,0.9347831079881648,0.9347831079881648,0.9347831079881648,0.9447831079881648,0.9447831079881648,0.9547831079881648,0.9447831079881648
600,0.8723026861268035,0.8723026861268035,0.8823026861268035,0.8723026861268035,0.8623026861268035,0.8623026861268035,0.8523026861268035,0.8623026861268035,0.8323026861268035,0.8323026861268035,0.8323026861268035,0.8323026861268035,0.8423026861268035
601,0.93290433336252,0.93290433336252,0.93290433336252,0.94290433336252,0.92290433336252,0.92290433336252,0.94290433336252,0.96290433336252,0.95290433336252,0.95290433336252,0.97290433336252,0.97290433336252,0.95290433336252
602,0.865241918704964,0.875241918704964,0.885241918704964,0.885241918704964,0.885241918704964,0.875241918704964,0.865241918704964,0.865241918704964,0.875241918704964,0.875241918704964,0.875241918704964,0.875241918704964,0.875241918704964
603,0.8677774777786834,0.8677774777786834,0.8777774777786834,0.8777774777786834,0.8777774777786834,0.8877774777786834,0.9077774777786835,0.9077774777786835,0.9077774777786835,0.8877774777786834,0.8777774777786834,0.8777774777786834,0.8777774777786834
604,0.8620052749638913,0.8620052749638913,0.8420052749638913,0.8520052749638913,0.8520052749638913,0.8520052749638913,0.8420052749638913,0.8670052749638913,0.8670052749638913,0.8770052749638914,0.8670052749638913,0.8570052749638913,0.8470052749638913
605,0.9158217738912209,0.9158217738912209,0.8758217738912208,0.8758217738912208,0.8858217738912209,0.8858217738912209,0.8958217738912209,0.9058217738912209,0.9058217738912209,0.9058217738912209,0.9058217738912209,0.8958217738912209,0.8758217738912208
606,0.8213440846826239,0.8213440846826239,0.8413440846826239,0.8513440846826239,0.8363440846826239,0.8263440846826239,0.8163440846826239,0.8363440846826239,0.8363440846826239,0.8463440846826239,0.8563440846826239,0.8363440846826239,0.8463440846826239
607,0.8743947261138683,0.8643947261138683,0.8543947261138682,0.8743947261138683,0.8643947261138683,0.8543947261138682,0.8543947261138682,0.8443947261138682,0.8343947261138682,0.8443947261138682,0.8543947261138682,0.8543947261138682,0.8743947261138683
608,0.8742499940154195,0.8642499940154195,0.8742499940154195,0.8842499940154195,0.8642499940154195,0.8642499940154195,0.8642499940154195,0.8542499940154195,0.8542499940154195,0.8542499940154195,0.8642499940154195,0.8542499940154195,0.8442499940154194
609,0.8852701271228849,0.9052701271228849,0.9152701271228849,0.8952701271228849,0.8952701271228849,0.8852701271228849,0.8852701271228849,0.8652701271228849,0.8752701271228849,0.8652701271228849,0.8652701271228849,0.8652701271228849,0.8552701271228849
610,0.8416182337447028,0.8316182337447028,0.8316182337447028,0.8416182337447028,0.8416182337447028,0.8416182337447028,0.8416182337447028,0.8216182337447028,0.8216182337447028,0.8416182337447028,0.8416182337447028,0.8316182337447028,0.8216182337447028
611,0.8528722194349527,0.8628722194349527,0.8628722194349527,0.8728722194349527,0.8628722194349527,0.8628722194349527,0.8628722194349527,0.8628722194349527,0.8628722194349527,0.8528722194349527,0.8728722194349527,0.8728722194349527,0.8828722194349528
612,0.8570354360676874,0.8570354360676874,0.8570354360676874,0.8570354360676874,0.8570354360676874,0.8670354360676874,0.8570354360676874,0.8670354360676874,0.8470354360676874,0.8470354360676874,0.8370354360676874,0.8770354360676874,0.8770354360676874
613,0.7830889975206273,0.7730889975206273,0.7630889975206273,0.7730889975206273,0.8030889975206273,0.8030889975206273,0.7930889975206273,0.7830889975206273,0.7730889975206273,0.7830889975206273,0.7830889975206273,0.7830889975206273,0.7830889975206273
614,0.8684478258172263,0.8684478258172263,0.8784478258172264,0.8884478258172264,0.8784478258172264,0.8784478258172264,0.8884478258172264,0.8784478258172264,0.8684478258172263,0.8684478258172263,0.8784478258172264,0.8784478258172264,0.9084478258172264
615,0.8461085302158569,0.8461085302158569,0.8461085302158569,0.8661085302158569,0.8561085302158569,0.8461085302158569,0.8361085302158568,0.8161085302158568,0.8161085302158568,0.8261085302158568,0.8161085302158568,0.8261085302158568,0.8161085302158568
616,0.836219842214484,0.826219842214484,0.816219842214484,0.836219842214484,0.836219842214484,0.836219842214484,0.836219842214484,0.836219842214484,0.836219842214484,0.846219842214484,0.846219842214484,0.866219842214484,0.856219842214484
617,0.8320395376218082,0.8420395376218082,0.8320395376218082,0.8320395376218082,0.8320395376218082,0.8220395376218081,0.8220395376218081,0.8020395376218081,0.7920395376218081,0.7920395376218081,0.7970395376218081,0.8070395376218081,0.8370395376218082
618,0.9302896595361501,0.9302896595361501,0.92028965953615,0.9302896595361501,0.9302896595361501,0.9302896595361501,0.9502896595361501,0.9302896595361501,0.9302896595361501,0.9402896595361501,0.9402896595361501,0.9402896595361501,0.9402896595361501
619,0.9063028640660451,0.8863028640660451,0.8863028640660451,0.8863028640660451,0.8863028640660451,0.9063028640660451,0.9163028640660451,0.9363028640660451,0.9463028640660451,0.9463028640660451,0.9463028640660451,0.9413028640660451,0.9313028640660451
620,0.9167962697373231,0.9167962697373231,0.8967962697373231,0.9067962697373231,0.8967962697373231,0.8967962697373231,0.9067962697373231,0.9067962697373231,0.9067962697373231,0.9167962697373231,0.9267962697373231,0.9267962697373231,0.9267962697373231
621,0.9357892862589798,0.9157892862589798,0.9257892862589798,0.9457892862589798,0.9457892862589798,0.9157892862589798,0.9057892862589798,0.9057892862589798,0.9157892862589798,0.9457892862589798,0.9357892862589798,0.9357892862589798,0.9557892862589799
622,0.8318793140282987,0.8318793140282987,0.8218793140282987,0.8318793140282987,0.8218793140282987,0.8318793140282987,0.8318793140282987,0.8318793140282987,0.8318793140282987,0.8418793140282987,0.8418793140282987,0.8618793140282988,0.8718793140282988
623,0.9159814584817809,0.9059814584817809,0.9059814584817809,0.9059814584817809,0.8859814584817809,0.8859814584817809,0.9059814584817809,0.9059814584817809,0.9159814584817809,0.9059814584817809,0.8959814584817809,0.8959814584817809,0.8959814584817809
624,0.8926448327790228,0.8926448327790228,0.8826448327790228,0.8526448327790228,0.8826448327790228,0.8726448327790228,0.8826448327790228,0.8826448327790228,0.8826448327790228,0.8926448327790228,0.8926448327790228,0.8926448327790228,0.9026448327790229
625,0.8788761614572185,0.8788761614572185,0.8688761614572185,0.8588761614572185,0.8588761614572185,0.8588761614572185,0.8588761614572185,0.8588761614572185,0.8688761614572185,0.8888761614572185,0.8888761614572185,0.8888761614572185,0.9088761614572185
626,0.8573851308363684,0.8473851308363683,0.8473851308363683,0.8573851308363684,0.8473851308363683,0.8673851308363684,0.8573851308363684,0.8573851308363684,0.8473851308363683,0.8473851308363683,0.8473851308363683,0.8673851308363684,0.8573851308363684
627,0.8918402784410633,0.8918402784410633,0.8718402784410633,0.8618402784410633,0.8618402784410633,0.8618402784410633,0.8618402784410633,0.8818402784410633,0.9018402784410633,0.9118402784410633,0.9118402784410633,0.8918402784410633,0.9018402784410633
628,0.9016244522870207,0.9016244522870207,0.8816244522870207,0.8916244522870207,0.9016244522870207,0.9116244522870207,0.9116244522870207,0.9116244522870207,0.9316244522870207,0.9316244522870207,0.9416244522870207,0.9416244522870207,0.9366244522870207
629,0.872868863830528,0.882868863830528,0.892868863830528,0.902868863830528,0.887868863830528,0.867868863830528,0.877868863830528,0.877868863830528,0.887868863830528,0.907868863830528,0.907868863830528,0.887868863830528,0.887868863830528
630,0.8640271924564275,0.8740271924564275,0.8740271924564275,0.8540271924564274,0.8240271924564274,0.8340271924564274,0.8440271924564274,0.8440271924564274,0.8540271924564274,0.8440271924564274,0.8440271924564274,0.8440271924564274,0.8440271924564274
631,0.8072448441619345,0.8072448441619345,0.8172448441619345,0.8072448441619345,0.8172448441619345,0.8172448441619345,0.8072448441619345,0.8172448441619345,0.7972448441619345,0.7872448441619345,0.7672448441619345,0.7872448441619345,0.7872448441619345
632,0.8625282602880333,0.8825282602880333,0.8725282602880333,0.8725282602880333,0.8725282602880333,0.8625282602880333,0.8725282602880333,0.8725282602880333,0.8625282602880333,0.8625282602880333,0.8725282602880333,0.8525282602880333,0.8625282602880333
633,0.906192541387744,0.906192541387744,0.906192541387744,0.906192541387744,0.926192541387744,0.936192541387744,0.946192541387744,0.946192541387744,0.941192541387744,0.931192541387744,0.931192541387744,0.931192541387744,0.911192541387744
634,0.9346785395466594,0.9346785395466594,0.9446785395466594,0.9446785395466594,0.9346785395466594,0.9246785395466594,0.9346785395466594,0.9146785395466593,0.9146785395466593,0.9046785395466593,0.9046785395466593,0.9196785395466593,0.9396785395466594
635,0.8633041543569193,0.8833041543569193,0.9033041543569194,0.9033041543569194,0.8933041543569193,0.8933041543569193,0.8833041543569193,0.8833041543569193,0.8833041543569193,0.8583041543569193,0.8483041543569193,0.8583041543569193,0.8483041543569193
636,0.936981093955973,0.956981093955973,0.956981093955973,0.956981093955973,0.956981093955973,0.956981093955973,0.946981093955973,0.946981093955973,0.956981093955973,0.956981093955973,0.956981093955973,0.966981093955973,0.966981093955973
637,0.926152983948058,0.926152983948058,0.926152983948058,0.916152983948058,0.906152983948058,0.906152983948058,0.886152983948058,0.896152983948058,0.896152983948058,0.896152983948058,0.896152983948058,0.906152983948058,0.916152983948058
638,0.848076885597036,0.848076885597036,0.848076885597036,0.828076885597036,0.838076885597036,0.828076885597036,0.828076885597036,0.8080768855970359,0.818076885597036,0.818076885597036,0.828076885597036,0.828076885597036,0.828076885597036
639,0.821648711709784,0.821648711709784,0.831648711709784,0.821648711709784,0.8416487117097841,0.8416487117097841,0.831648711709784,0.8516487117097841,0.836648711709784,0.826648711709784,0.836648711709784,0.836648711709784,0.826648711709784
640,0.8581704809480071,0.8381704809480071,0.8631704809480071,0.8431704809480071,0.8431704809480071,0.8531704809480071,0.8531704809480071,0.8531704809480071,0.8531704809480071,0.8631704809480071,0.833170480948007,0.823170480948007,0.823170480948007
641,0.833684276723888,0.823684276723888,0.843684276723888,0.863684276723888,0.848684276723888,0.858684276723888,0.838684276723888,0.848684276723888,0.858684276723888,0.858684276723888,0.838684276723888,0.838684276723888,0.848684276723888
642,0.8740538907527584,0.8740538907527584,0.8740538907527584,0.8640538907527584,0.8540538907527584,0.8440538907527584,0.8590538907527584,0.8490538907527584,0.8490538907527584,0.8490538907527584,0.8590538907527584,0.8590538907527584,0.8590538907527584
643,0.9038097671835299,0.8938097671835299,0.8638097671835299,0.8688097671835299,0.8788097671835299,0.8688097671835299,0.8788097671835299,0.8688097671835299,0.8688097671835299,0.8688097671835299,0.8688097671835299,0.8888097671835299,0.8688097671835299
644,0.876560489199749,0.876560489199749,0.876560489199749,0.8865604891997491,0.876560489199749,0.876560489199749,0.856560489199749,0.856560489199749,0.866560489199749,0.856560489199749,0.856560489199749,0.856560489199749,0.876560489199749
645,0.9232700798552473,0.9632700798552474,0.9582700798552474,0.9582700798552474,0.9582700798552474,0.9482700798552474,0.9282700798552473,0.9382700798552474,0.9382700798552474,0.9382700798552474,0.9282700798552473,0.9182700798552473,0.9182700798552473
646,0.8385111590236713,0.8385111590236713,0.8485111590236714,0.8485111590236714,0.8285111590236713,0.8085111590236713,0.8085111590236713,0.8285111590236713,0.8285111590236713,0.8185111590236713,0.8185111590236713,0.8185111590236713,0.8185111590236713
647,0.8667850456152019,0.8767850456152019,0.8767850456152019,0.8867850456152019,0.8867850456152019,0.8667850456152019,0.8667850456152019,0.8767850456152019,0.8667850456152019,0.8567850456152019,0.8367850456152018,0.8267850456152018,0.8267850456152018
648,0.9513604881081204,0.9713604881081204,0.9813604881081204,0.9613604881081204,0.9513604881081204,0.9513604881081204,0.9613604881081204,0.9613604881081204,0.9613604881081204,0.9613604881081204,0.9713604881081204,0.9713604881081204,0.9713604881081204
649,0.8314138228384178,0.8514138228384178,0.8714138228384178,0.8714138228384178,0.8714138228384178,0.8614138228384178,0.8714138228384178,0.8714138228384178,0.8414138228384178,0.8614138228384178,0.8414138228384178,0.8114138228384178,0.8214138228384178
650,0.8648195647647375,0.8448195647647375,0.8348195647647375,0.8348195647647375,0.8348195647647375,0.8448195647647375,0.8348195647647375,0.8348195647647375,0.8348195647647375,0.8248195647647375,0.8248195647647375,0.8248195647647375,0.8548195647647375
651,0.89460555680498,0.90460555680498,0.90460555680498,0.89460555680498,0.90460555680498,0.90460555680498,0.88460555680498,0.86460555680498,0.86460555680498,0.86460555680498,0.87960555680498,0.87960555680498,0.85960555680498
652,0.8464359304060283,0.8564359304060283,0.8564359304060283,0.8564359304060283,0.8464359304060283,0.8564359304060283,0.8564359304060283,0.8564359304060283,0.8564359304060283,0.8764359304060283,0.8864359304060283,0.8864359304060283,0.8814359304060283
653,0.9368712240122918,0.9168712240122918,0.9268712240122918,0.9068712240122918,0.9068712240122918,0.9068712240122918,0.9068712240122918,0.9068712240122918,0.8968712240122918,0.9018712240122918,0.9118712240122918,0.9018712240122918,0.9118712240122918
654,0.9264639026761774,0.9264639026761774,0.9164639026761774,0.9264639026761774,0.9264639026761774,0.9364639026761774,0.9464639026761774,0.9364639026761774,0.9364639026761774,0.9364639026761774,0.9264639026761774,0.9264639026761774,0.9364639026761774
655,0.8755042655396813,0.8855042655396813,0.8555042655396813,0.8355042655396813,0.8555042655396813,0.8555042655396813,0.8455042655396813,0.8555042655396813,0.8555042655396813,0.8355042655396813,0.8355042655396813,0.8355042655396813,0.8355042655396813
656,0.896737643624945,0.906737643624945,0.916737643624945,0.926737643624945,0.926737643624945,0.936737643624945,0.931737643624945,0.931737643624945,0.921737643624945,0.921737643624945,0.901737643624945,0.901737643624945,0.881737643624945
657,0.8478345216792724,0.8478345216792724,0.8478345216792724,0.8378345216792724,0.8578345216792724,0.8478345216792724,0.8478345216792724,0.8478345216792724,0.8578345216792724,0.8678345216792724,0.8678345216792724,0.8778345216792725,0.8878345216792725
658,0.8182486160281358,0.8182486160281358,0.8182486160281358,0.8182486160281358,0.8182486160281358,0.8182486160281358,0.8182486160281358,0.8282486160281358,0.8182486160281358,0.8182486160281358,0.8082486160281358,0.8082486160281358,0.7882486160281358
659,0.8605080912715581,0.8505080912715581,0.8505080912715581,0.8605080912715581,0.8705080912715581,0.8805080912715582,0.8805080912715582,0.8705080912715581,0.8705080912715581,0.8905080912715582,0.8705080912715581,0.8605080912715581,0.8605080912715581
660,0.8827845407896876,0.8827845407896876,0.8827845407896876,0.8727845407896876,0.8727845407896876,0.8727845407896876,0.8727845407896876,0.8727845407896876,0.8727845407896876,0.8727845407896876,0.8727845407896876,0.8827845407896876,0.8727845407896876
661,0.9157669624211362,0.9257669624211362,0.9157669624211362,0.9057669624211362,0.8957669624211362,0.8957669624211362,0.8757669624211362,0.8807669624211362,0.8807669624211362,0.8807669624211362,0.8807669624211362,0.8907669624211362,0.9107669624211362
662,0.8629320275142963,0.8729320275142963,0.8729320275142963,0.8829320275142963,0.9029320275142964,0.9029320275142964,0.9029320275142964,0.8979320275142963,0.8979320275142963,0.8979320275142963,0.8879320275142963,0.8779320275142963,0.8579320275142963
663,0.8629485273019233,0.8629485273019233,0.8629485273019233,0.8829485273019233,0.8929485273019233,0.8929485273019233,0.8929485273019233,0.8729485273019233,0.8729485273019233,0.8729485273019233,0.8729485273019233,0.8829485273019233,0.8829485273019233
664,0.9005816553033796,0.8905816553033796,0.8805816553033796,0.8805816553033796,0.8705816553033796,0.8805816553033796,0.8805816553033796,0.8805816553033796,0.8805816553033796,0.8805816553033796,0.9055816553033796,0.9055816553033796,0.9355816553033797
665,0.9713628294899463,0.9713628294899463,0.9813628294899464,0.9913628294899464,0.9713628294899463,0.9713628294899463,0.9713628294899463,0.9713628294899463,0.9713628294899463,0.9713628294899463,0.9613628294899463,0.9613628294899463,0.9613628294899463
666,0.8822705172152218,0.8822705172152218,0.8822705172152218,0.8822705172152218,0.8722705172152218,0.8622705172152217,0.8522705172152217,0.8622705172152217,0.8522705172152217,0.8722705172152218,0.8922705172152218,0.8822705172152218,0.8722705172152218
667,0.827567330141692,0.827567330141692,0.8575673301416921,0.8575673301416921,0.842567330141692,0.842567330141692,0.832567330141692,0.822567330141692,0.822567330141692,0.842567330141692,0.832567330141692,0.822567330141692,0.822567330141692
668,0.8635236610060041,0.8635236610060041,0.8635236610060041,0.8535236610060041,0.8435236610060041,0.8685236610060041,0.8785236610060041,0.9085236610060041,0.8985236610060041,0.8985236610060041,0.9085236610060041,0.9085236610060041,0.9085236610060041
669,0.8495554266610943,0.8595554266610943,0.8795554266610943,0.8795554266610943,0.8895554266610943,0.8695554266610943,0.8595554266610943,0.8595554266610943,0.8495554266610943,0.8495554266610943,0.8595554266610943,0.8595554266610943,0.8695554266610943
670,0.8629044689429813,0.8529044689429813,0.8629044689429813,0.8329044689429813,0.8329044689429813,0.8329044689429813,0.8479044689429813,0.8379044689429813,0.8279044689429813,0.8379044689429813,0.8279044689429813,0.8279044689429813,0.8379044689429813
671,0.8219038049805705,0.8219038049805705,0.8219038049805705,0.8219038049805705,0.8219038049805705,0.8319038049805705,0.8519038049805705,0.8419038049805705,0.8419038049805705,0.8519038049805705,0.8319038049805705,0.8319038049805705,0.8319038049805705
672,0.8518070576002141,0.8518070576002141,0.8518070576002141,0.8418070576002141,0.8418070576002141,0.8618070576002141,0.8518070576002141,0.8718070576002142,0.8718070576002142,0.8818070576002142,0.8818070576002142,0.8918070576002142,0.8868070576002142
673,0.8286632479960991,0.8386632479960991,0.8486632479960992,0.8386632479960991,0.8486632479960992,0.8486632479960992,0.8236632479960991,0.8236632479960991,0.8236632479960991,0.8236632479960991,0.8036632479960991,0.8236632479960991,0.8236632479960991
674,0.912757427510891,0.922757427510891,0.912757427510891,0.912757427510891,0.912757427510891,0.922757427510891,0.922757427510891,0.922757427510891,0.932757427510891,0.912757427510891,0.922757427510891,0.912757427510891,0.922757427510891
675,0.8462357118972201,0.8462357118972201,0.8162357118972201,0.8162357118972201,0.8262357118972201,0.8062357118972201,0.8062357118972201,0.8062357118972201,0.8062357118972201,0.8062357118972201,0.8162357118972201,0.8162357118972201,0.8062357118972201
676,0.8981709231452437,0.8981709231452437,0.9181709231452437,0.9081709231452437,0.9181709231452437,0.9181709231452437,0.9181709231452437,0.8881709231452437,0.8981709231452437,0.8981709231452437,0.8981709231452437,0.8981709231452437,0.8981709231452437
677,0.8318650857125154,0.8018650857125154,0.8018650857125154,0.8118650857125154,0.8218650857125154,0.8218650857125154,0.8318650857125154,0.8318650857125154,0.8418650857125154,0.8418650857125154,0.8318650857125154,0.8318650857125154,0.8318650857125154
678,0.9008805328333477,0.9008805328333477,0.9108805328333477,0.9108805328333477,0.9108805328333477,0.9108805328333477,0.9108805328333477,0.9208805328333477,0.9208805328333477,0.9408805328333477,0.9408805328333477,0.9358805328333477,0.9358805328333477
679,0.869377153501609,0.8993771535016091,0.9093771535016091,0.9093771535016091,0.8893771535016091,0.879377153501609,0.839377153501609,0.839377153501609,0.849377153501609,0.829377153501609,0.834377153501609,0.834377153501609,0.834377153501609
680,0.8390274520951385,0.8590274520951385,0.8590274520951385,0.8490274520951385,0.8290274520951385,0.8290274520951385,0.8190274520951385,0.8290274520951385,0.8290274520951385,0.8090274520951385,0.8090274520951385,0.8090274520951385,0.8090274520951385
681,0.8349967283210294,0.8349967283210294,0.8349967283210294,0.8149967283210294,0.7949967283210294,0.8049967283210294,0.8049967283210294,0.8049967283210294,0.8049967283210294,0.8199967283210294,0.8099967283210294,0.7999967283210294,0.8099967283210294
682,0.8562458007296482,0.8662458007296482,0.8562458007296482,0.8562458007296482,0.8462458007296482,0.8462458007296482,0.8462458007296482,0.8262458007296481,0.8262458007296481,0.8362458007296482,0.8262458007296481,0.8262458007296481,0.8162458007296481
683,0.8979025066283406,0.8979025066283406,0.8979025066283406,0.8879025066283406,0.8679025066283406,0.8679025066283406,0.8829025066283406,0.8829025066283406,0.8529025066283406,0.8629025066283406,0.8629025066283406,0.8529025066283406,0.8529025066283406
684,0.8131845522837129,0.8331845522837129,0.8231845522837129,0.8131845522837129,0.7931845522837129,0.7831845522837129,0.7831845522837129,0.7931845522837129,0.8031845522837129,0.7831845522837129,0.7931845522837129,0.7831845522837129,0.7931845522837129
685,0.8676623295673238,0.8676623295673238,0.8676623295673238,0.8776623295673238,0.8676623295673238,0.8676623295673238,0.8676623295673238,0.8676623295673238,0.8776623295673238,0.8976623295673238,0.8826623295673238,0.8926623295673238,0.8926623295673238
686,0.8708032705184257,0.8708032705184257,0.8708032705184257,0.8608032705184256,0.8708032705184257,0.8808032705184257,0.8808032705184257,0.8808032705184257,0.8808032705184257,0.8608032705184256,0.8608032705184256,0.8608032705184256,0.8608032705184256
687,0.8535536954325875,0.8535536954325875,0.8735536954325875,0.8835536954325875,0.8835536954325875,0.8735536954325875,0.8635536954325875,0.8635536954325875,0.8735536954325875,0.8735536954325875,0.8735536954325875,0.8735536954325875,0.8635536954325875
688,0.7929925103619031,0.8129925103619031,0.8129925103619031,0.8129925103619031,0.8129925103619031,0.8029925103619031,0.8029925103619031,0.7929925103619031,0.7929925103619031,0.7929925103619031,0.8029925103619031,0.7729925103619031,0.7629925103619031
689,0.8987047314655817,0.8787047314655817,0.8787047314655817,0.8787047314655817,0.8687047314655817,0.8687047314655817,0.8587047314655817,0.8587047314655817,0.8587047314655817,0.8587047314655817,0.8687047314655817,0.8887047314655817,0.8787047314655817
690,0.8460366002987086,0.8760366002987087,0.8610366002987087,0.8510366002987086,0.8310366002987086,0.8410366002987086,0.8410366002987086,0.8310366002987086,0.8610366002987087,0.8610366002987087,0.8610366002987087,0.8610366002987087,0.8810366002987087
691,0.8203669440851014,0.8303669440851014,0.8303669440851014,0.8203669440851014,0.8403669440851014,0.8403669440851014,0.8403669440851014,0.8403669440851014,0.8603669440851014,0.8603669440851014,0.8603669440851014,0.8603669440851014,0.8603669440851014
692,0.9026382802295247,0.9126382802295248,0.9126382802295248,0.9126382802295248,0.9126382802295248,0.9026382802295247,0.9026382802295247,0.9026382802295247,0.9026382802295247,0.8826382802295247,0.8826382802295247,0.8926382802295247,0.9226382802295248
693,0.8497827892996838,0.8597827892996838,0.8597827892996838,0.8597827892996838,0.8697827892996838,0.8797827892996838,0.8797827892996838,0.8897827892996838,0.8797827892996838,0.8897827892996838,0.8797827892996838,0.8797827892996838,0.8697827892996838
694,0.8736287513746642,0.8736287513746642,0.8736287513746642,0.8736287513746642,0.8736287513746642,0.8536287513746642,0.8536287513746642,0.8536287513746642,0.8536287513746642,0.8536287513746642,0.8736287513746642,0.8636287513746642,0.8636287513746642
695,0.8721734532040027,0.8821734532040028,0.8821734532040028,0.8721734532040027,0.8721734532040027,0.8721734532040027,0.8721734532040027,0.9021734532040028,0.9021734532040028,0.9121734532040028,0.9071734532040028,0.8971734532040028,0.8971734532040028
696,0.9120552995684182,0.8920552995684182,0.8920552995684182,0.8920552995684182,0.9320552995684183,0.9420552995684183,0.9320552995684183,0.9220552995684183,0.9220552995684183,0.9320552995684183,0.9220552995684183,0.9220552995684183,0.9120552995684182
697,0.8759582351759909,0.8859582351759909,0.915958235175991,0.910958235175991,0.910958235175991,0.910958235175991,0.9009582351759909,0.9009582351759909,0.920958235175991,0.920958235175991,0.920958235175991,0.920958235175991,0.920958235175991
698,0.8880059182061483,0.8880059182061483,0.8780059182061483,0.8680059182061483,0.8680059182061483,0.8780059182061483,0.8680059182061483,0.8680059182061483,0.8680059182061483,0.8680059182061483,0.8680059182061483,0.8480059182061482,0.8530059182061482
699,0.8908564663273828,0.8608564663273828,0.8608564663273828,0.8708564663273828,0.8908564663273828,0.8908564663273828,0.8908564663273828,0.9108564663273828,0.9008564663273828,0.9008564663273828,0.9008564663273828,0.9008564663273828,0.9008564663273828
700,0.8845355934817113,0.8845355934817113,0.8845355934817113,0.8845355934817113,0.8845355934817113,0.8645355934817113,0.8645355934817113,0.8745355934817113,0.8745355934817113,0.8745355934817113,0.8645355934817113,0.8845355934817113,0.8845355934817113
701,0.8676977691778172,0.8876977691778172,0.8876977691778172,0.9076977691778172,0.9076977691778172,0.9026977691778172,0.9026977691778172,0.8526977691778171,0.8526977691778171,0.8526977691778171,0.8526977691778171,0.8526977691778171,0.8526977691778171
702,0.8257735810733233,0.8257735810733233,0.8257735810733233,0.8257735810733233,0.8157735810733233,0.8157735810733233,0.8157735810733233,0.8057735810733233,0.7957735810733233,0.8057735810733233,0.8057735810733233,0.7957735810733233,0.7957735810733233
703,0.8585559995112649,0.8585559995112649,0.8485559995112649,0.8485559995112649,0.8485559995112649,0.8485559995112649,0.8585559995112649,0.8485559995112649,0.8685559995112649,0.8685559995112649,0.878555999511265,0.878555999511265,0.878555999511265
704,0.8701133031460186,0.8601133031460186,0.8601133031460186,0.8401133031460186,0.8401133031460186,0.8551133031460186,0.8551133031460186,0.8551133031460186,0.8451133031460186,0.8451133031460186,0.8451133031460186,0.8451133031460186,0.8551133031460186
705,0.8530203410722971,0.8530203410722971,0.8530203410722971,0.8730203410722971,0.8830203410722971,0.8830203410722971,0.8830203410722971,0.8680203410722971,0.8780203410722971,0.8780203410722971,0.8780203410722971,0.8780203410722971,0.8680203410722971
706,0.8832893386507314,0.8832893386507314,0.8832893386507314,0.8632893386507314,0.8632893386507314,0.8632893386507314,0.8732893386507314,0.8732893386507314,0.8832893386507314,0.8832893386507314,0.8732893386507314,0.8632893386507314,0.8732893386507314
707,0.8832805657000264,0.8832805657000264,0.8532805657000264,0.8532805657000264,0.8682805657000264,0.8882805657000264,0.8882805657000264,0.8882805657000264,0.8782805657000264,0.8782805657000264,0.8782805657000264,0.8782805657000264,0.8782805657000264
708,0.869919658563709,0.879919658563709,0.869919658563709,0.879919658563709,0.869919658563709,0.879919658563709,0.879919658563709,0.889919658563709,0.879919658563709,0.889919658563709,0.879919658563709,0.879919658563709,0.899919658563709
709,0.9291393540103521,0.9191393540103521,0.9191393540103521,0.9391393540103521,0.9591393540103521,0.9591393540103521,0.9491393540103521,0.9291393540103521,0.9491393540103521,0.9591393540103521,0.9591393540103521,0.9491393540103521,0.9591393540103521
710,0.874241005993058,0.894241005993058,0.884241005993058,0.884241005993058,0.884241005993058,0.894241005993058,0.894241005993058,0.884241005993058,0.884241005993058,0.884241005993058,0.884241005993058,0.864241005993058,0.894241005993058
711,0.8383546432917577,0.8383546432917577,0.8383546432917577,0.8383546432917577,0.8383546432917577,0.8483546432917577,0.8283546432917577,0.8383546432917577,0.8383546432917577,0.8583546432917577,0.8583546432917577,0.8483546432917577,0.8383546432917577
712,0.9051776926284135,0.9051776926284135,0.9151776926284135,0.9251776926284135,0.9151776926284135,0.9151776926284135,0.9051776926284135,0.8951776926284135,0.8851776926284135,0.8851776926284135,0.8751776926284135,0.9051776926284135,0.9151776926284135
713,0.8370466575978387,0.8370466575978387,0.8470466575978387,0.8470466575978387,0.7970466575978387,0.8020466575978387,0.8020466575978387,0.8020466575978387,0.8120466575978387,0.8120466575978387,0.8220466575978387,0.8220466575978387,0.8220466575978387
714,0.7909479039558353,0.7909479039558353,0.8009479039558353,0.8009479039558353,0.8209479039558353,0.8109479039558353,0.8209479039558353,0.8209479039558353,0.8109479039558353,0.8109479039558353,0.8109479039558353,0.8009479039558353,0.8009479039558353
715,0.8444740617165531,0.8444740617165531,0.8344740617165531,0.8344740617165531,0.8144740617165531,0.8244740617165531,0.8344740617165531,0.8344740617165531,0.8444740617165531,0.8544740617165532,0.8344740617165531,0.8444740617165531,0.8344740617165531
716,0.9058274764397345,0.9058274764397345,0.9158274764397345,0.8958274764397345,0.8958274764397345,0.9158274764397345,0.9158274764397345,0.9058274764397345,0.9158274764397345,0.9158274764397345,0.9358274764397345,0.9208274764397345,0.9208274764397345
717,0.9042439384714208,0.9042439384714208,0.9042439384714208,0.9042439384714208,0.9242439384714208,0.9242439384714208,0.9242439384714208,0.9242439384714208,0.9242439384714208,0.9242439384714208,0.9242439384714208,0.9242439384714208,0.9142439384714208
718,0.9135048883377304,0.8935048883377303,0.9035048883377303,0.8935048883377303,0.8935048883377303,0.9135048883377304,0.9035048883377303,0.9035048883377303,0.9035048883377303,0.9035048883377303,0.9035048883377303,0.9235048883377304,0.9135048883377304
719,0.9309946085956319,0.9309946085956319,0.9309946085956319,0.9409946085956319,0.9109946085956319,0.9109946085956319,0.9109946085956319,0.9109946085956319,0.9109946085956319,0.9009946085956319,0.9009946085956319,0.9109946085956319,0.8909946085956318
720,0.8426240799324075,0.8226240799324075,0.8126240799324075,0.8126240799324075,0.8126240799324075,0.8226240799324075,0.8326240799324075,0.8326240799324075,0.8426240799324075,0.8526240799324075,0.8526240799324075,0.8526240799324075,0.8426240799324075
721,0.8522838375464692,0.8822838375464692,0.8722838375464692,0.8822838375464692,0.8922838375464692,0.8922838375464692,0.8622838375464692,0.8522838375464692,0.8522838375464692,0.8622838375464692,0.8722838375464692,0.8722838375464692,0.8922838375464692
722,0.8711586630252921,0.8911586630252921,0.9011586630252921,0.9011586630252921,0.9011586630252921,0.8861586630252921,0.8961586630252921,0.8861586630252921,0.8961586630252921,0.8961586630252921,0.8761586630252921,0.8661586630252921,0.8561586630252921
723,0.8855698786983087,0.8855698786983087,0.9155698786983087,0.9155698786983087,0.9055698786983087,0.9155698786983087,0.9155698786983087,0.9055698786983087,0.9055698786983087,0.9255698786983088,0.9255698786983088,0.9155698786983087,0.9155698786983087
724,0.865239293117909,0.875239293117909,0.8952392931179091,0.8952392931179091,0.885239293117909,0.885239293117909,0.8952392931179091,0.885239293117909,0.860239293117909,0.860239293117909,0.850239293117909,0.860239293117909,0.880239293117909
725,0.8726370976999005,0.8726370976999005,0.9026370976999005,0.8926370976999005,0.9126370976999005,0.9126370976999005,0.9026370976999005,0.9026370976999005,0.9026370976999005,0.9126370976999005,0.9126370976999005,0.9026370976999005,0.8926370976999005
726,0.8861001191583857,0.8961001191583857,0.9061001191583857,0.9061001191583857,0.9061001191583857,0.9161001191583857,0.9161001191583857,0.9161001191583857,0.9261001191583857,0.9211001191583857,0.9011001191583857,0.9011001191583857,0.9011001191583857
727,0.8664333058336522,0.8564333058336522,0.8564333058336522,0.8564333058336522,0.8564333058336522,0.8564333058336522,0.8564333058336522,0.8664333058336522,0.8564333058336522,0.8664333058336522,0.8564333058336522,0.8564333058336522,0.8364333058336522
728,0.7810521056325932,0.7810521056325932,0.7910521056325932,0.8110521056325932,0.8210521056325932,0.8010521056325932,0.8110521056325932,0.8210521056325932,0.8160521056325932,0.8160521056325932,0.8160521056325932,0.8160521056325932,0.8060521056325932
729,0.8815278856633163,0.8515278856633163,0.8515278856633163,0.8615278856633163,0.8715278856633163,0.8915278856633163,0.9015278856633163,0.9015278856633163,0.9015278856633163,0.9215278856633163,0.9165278856633163,0.9165278856633163,0.9065278856633163
730,0.8255967366268594,0.8155967366268594,0.8255967366268594,0.8155967366268594,0.7955967366268594,0.7955967366268594,0.7855967366268594,0.7855967366268594,0.7905967366268594,0.7905967366268594,0.8005967366268594,0.8005967366268594,0.8105967366268594
731,0.8361422908943527,0.8261422908943526,0.8161422908943526,0.8161422908943526,0.8161422908943526,0.8061422908943526,0.8061422908943526,0.7961422908943526,0.7961422908943526,0.8161422908943526,0.8161422908943526,0.8161422908943526,0.8161422908943526
732,0.8026738599776756,0.8026738599776756,0.8126738599776756,0.8326738599776756,0.8326738599776756,0.8426738599776756,0.8426738599776756,0.8426738599776756,0.8226738599776756,0.8226738599776756,0.8026738599776756,0.7926738599776756,0.8026738599776756
733,0.8430529754254066,0.8430529754254066,0.8430529754254066,0.8330529754254066,0.8230529754254066,0.8330529754254066,0.8330529754254066,0.8430529754254066,0.8530529754254066,0.8430529754254066,0.8230529754254066,0.8630529754254066,0.8730529754254066
734,0.9095997765878431,0.9095997765878431,0.8995997765878431,0.9395997765878431,0.9395997765878431,0.9395997765878431,0.9245997765878431,0.9245997765878431,0.9245997765878431,0.9345997765878431,0.9145997765878431,0.9245997765878431,0.9545997765878431
735,0.8215523568733655,0.8215523568733655,0.8315523568733655,0.8115523568733655,0.8115523568733655,0.8115523568733655,0.7915523568733654,0.8065523568733655,0.8065523568733655,0.8165523568733655,0.8165523568733655,0.8265523568733655,0.8165523568733655
736,0.8393316879463543,0.8293316879463543,0.8093316879463542,0.8093316879463542,0.7993316879463542,0.8093316879463542,0.7993316879463542,0.8043316879463542,0.8143316879463542,0.8243316879463543,0.8243316879463543,0.8343316879463543,0.8343316879463543
737,0.8286706523087873,0.8286706523087873,0.8386706523087873,0.8286706523087873,0.8486706523087874,0.8486706523087874,0.8286706523087873,0.8586706523087874,0.8586706523087874,0.8486706523087874,0.8486706523087874,0.8386706523087873,0.8486706523087874
738,0.9107574758184808,0.8807574758184807,0.9007574758184808,0.9107574758184808,0.9107574758184808,0.8907574758184807,0.8907574758184807,0.8907574758184807,0.9007574758184808,0.8707574758184807,0.8707574758184807,0.8757574758184807,0.8757574758184807
739,0.868892724643002,0.878892724643002,0.8888927246430021,0.878892724643002,0.878892724643002,0.858892724643002,0.858892724643002,0.858892724643002,0.868892724643002,0.868892724643002,0.878892724643002,0.878892724643002,0.878892724643002
740,0.7993956855121385,0.8193956855121385,0.8193956855121385,0.8193956855121385,0.8093956855121385,0.8093956855121385,0.7993956855121385,0.7993956855121385,0.7893956855121385,0.8093956855121385,0.8093956855121385,0.7893956855121385,0.7693956855121384
741,0.7976405643744685,0.7876405643744685,0.7976405643744685,0.7976405643744685,0.8076405643744685,0.7976405643744685,0.7976405643744685,0.7976405643744685,0.8176405643744685,0.8176405643744685,0.7976405643744685,0.8176405643744685,0.8176405643744685
742,0.9301022538825567,0.9401022538825567,0.9501022538825568,0.9401022538825567,0.9401022538825567,0.9201022538825567,0.9201022538825567,0.9001022538825567,0.9201022538825567,0.9201022538825567,0.9201022538825567,0.9201022538825567,0.9101022538825567
743,0.8891024595876775,0.8791024595876775,0.8891024595876775,0.8691024595876775,0.8791024595876775,0.8991024595876775,0.8891024595876775,0.8891024595876775,0.8891024595876775,0.8891024595876775,0.8991024595876775,0.8791024595876775,0.8791024595876775
744,0.8800224523805713,0.8800224523805713,0.8700224523805713,0.8700224523805713,0.9000224523805713,0.9000224523805713,0.9100224523805713,0.9200224523805713,0.9150224523805713,0.9050224523805713,0.9050224523805713,0.9150224523805713,0.9150224523805713
745,0.8559220502012694,0.8459220502012694,0.8659220502012694,0.8559220502012694,0.8559220502012694,0.8459220502012694,0.8459220502012694,0.8359220502012694,0.8359220502012694,0.8459220502012694,0.8359220502012694,0.8359220502012694,0.8359220502012694
746,0.7880740895543947,0.7880740895543947,0.7780740895543947,0.7780740895543947,0.7780740895543947,0.7980740895543947,0.8080740895543947,0.8080740895543947,0.7980740895543947,0.7880740895543947,0.7980740895543947,0.7980740895543947,0.8080740895543947
747,0.8866469162218373,0.8766469162218373,0.8766469162218373,0.8966469162218373,0.9266469162218374,0.9266469162218374,0.9166469162218374,0.9166469162218374,0.9066469162218374,0.8666469162218373,0.8466469162218373,0.8466469162218373,0.8566469162218373
748,0.8812983742115281,0.9012983742115281,0.9012983742115281,0.8912983742115281,0.8912983742115281,0.8812983742115281,0.8912983742115281,0.8812983742115281,0.9112983742115282,0.9212983742115282,0.9112983742115282,0.8962983742115281,0.8862983742115281
749,0.8630725328496817,0.8530725328496817,0.8530725328496817,0.8330725328496816,0.8480725328496816,0.8280725328496816,0.8280725328496816,0.8380725328496816,0.8380725328496816,0.8580725328496817,0.8580725328496817,0.8580725328496817,0.8480725328496816
750,0.9345367211312319,0.9045367211312318,0.9045367211312318,0.9145367211312319,0.9395367211312319,0.9395367211312319,0.9195367211312319,0.9395367211312319,0.9595367211312319,0.9495367211312319,0.9395367211312319,0.9195367211312319,0.9195367211312319
751,0.8872316685567567,0.8872316685567567,0.8772316685567567,0.8572316685567567,0.8472316685567567,0.8472316685567567,0.8672316685567567,0.8672316685567567,0.8672316685567567,0.8772316685567567,0.8872316685567567,0.8972316685567567,0.8972316685567567
752,0.9077600740245136,0.8977600740245136,0.8977600740245136,0.9077600740245136,0.8977600740245136,0.8977600740245136,0.8977600740245136,0.8977600740245136,0.9277600740245137,0.9177600740245137,0.9277600740245137,0.9077600740245136,0.9077600740245136
753,0.8732268213489285,0.8932268213489285,0.8932268213489285,0.9132268213489285,0.9082268213489285,0.9082268213489285,0.8982268213489285,0.8982268213489285,0.8882268213489285,0.8882268213489285,0.8882268213489285,0.8982268213489285,0.8782268213489285
754,0.8176072327273727,0.8176072327273727,0.8176072327273727,0.8376072327273727,0.8076072327273727,0.8076072327273727,0.8176072327273727,0.8076072327273727,0.7976072327273727,0.7976072327273727,0.7876072327273727,0.7876072327273727,0.7876072327273727
755,0.8998713398516736,0.8998713398516736,0.9098713398516736,0.9198713398516736,0.9098713398516736,0.8898713398516735,0.8898713398516735,0.8998713398516736,0.9098713398516736,0.8998713398516736,0.8998713398516736,0.8998713398516736,0.9198713398516736
756,0.8371042950777168,0.8371042950777168,0.8071042950777167,0.8071042950777167,0.8071042950777167,0.8071042950777167,0.7971042950777167,0.8021042950777167,0.8021042950777167,0.8121042950777168,0.8221042950777168,0.8021042950777167,0.8121042950777168
757,0.8748293249462546,0.8748293249462546,0.8748293249462546,0.8748293249462546,0.8748293249462546,0.9048293249462547,0.9048293249462547,0.8948293249462547,0.8948293249462547,0.8948293249462547,0.9048293249462547,0.8948293249462547,0.8648293249462546
758,0.8889130554769707,0.8889130554769707,0.8789130554769707,0.8789130554769707,0.8789130554769707,0.8789130554769707,0.8789130554769707,0.8789130554769707,0.8889130554769707,0.8889130554769707,0.8889130554769707,0.8589130554769707,0.8489130554769707
759,0.9478351846627412,0.9478351846627412,0.9378351846627412,0.9478351846627412,0.9378351846627412,0.9378351846627412,0.9478351846627412,0.9478351846627412,0.9278351846627412,0.9278351846627412,0.9278351846627412,0.9278351846627412,0.9278351846627412
760,0.868416424400929,0.888416424400929,0.9084164244009291,0.9034164244009291,0.9034164244009291,0.893416424400929,0.863416424400929,0.873416424400929,0.843416424400929,0.843416424400929,0.843416424400929,0.843416424400929,0.853416424400929
761,0.900738785170297,0.900738785170297,0.9207387851702971,0.9407387851702971,0.9307387851702971,0.9407387851702971,0.9407387851702971,0.9407387851702971,0.9407387851702971,0.9357387851702971,0.9257387851702971,0.9257387851702971,0.9357387851702971
762,0.8670503882173463,0.8670503882173463,0.8670503882173463,0.8770503882173463,0.9070503882173463,0.8970503882173463,0.8770503882173463,0.8870503882173463,0.8870503882173463,0.8870503882173463,0.8870503882173463,0.8670503882173463,0.8670503882173463
763,0.8795251049740228,0.8595251049740228,0.8595251049740228,0.8595251049740228,0.8495251049740228,0.8495251049740228,0.8395251049740228,0.8495251049740228,0.8395251049740228,0.8595251049740228,0.8495251049740228,0.8395251049740228,0.8395251049740228
764,0.9336405326595854,0.9436405326595854,0.9436405326595854,0.9436405326595854,0.9536405326595854,0.9536405326595854,0.9436405326595854,0.9086405326595853,0.8986405326595853,0.8986405326595853,0.8886405326595853,0.8886405326595853,0.8986405326595853
765,0.8341341561784573,0.8241341561784573,0.8341341561784573,0.8041341561784573,0.8141341561784573,0.8141341561784573,0.8241341561784573,0.8241341561784573,0.8341341561784573,0.8341341561784573,0.8341341561784573,0.8341341561784573,0.8441341561784573
766,0.8835780345088092,0.8935780345088092,0.9135780345088093,0.9135780345088093,0.9135780345088093,0.8985780345088092,0.9085780345088093,0.9085780345088093,0.9185780345088093,0.9085780345088093,0.9085780345088093,0.9085780345088093,0.9085780345088093
767,0.7605325421900168,0.7605325421900168,0.7405325421900167,0.7405325421900167,0.7505325421900167,0.7705325421900168,0.7705325421900168,0.7605325421900168,0.7605325421900168,0.7605325421900168,0.7605325421900168,0.7605325421900168,0.7705325421900168
768,0.8788581475182109,0.8788581475182109,0.8788581475182109,0.8888581475182109,0.8788581475182109,0.8788581475182109,0.8788581475182109,0.8688581475182109,0.8588581475182109,0.8388581475182109,0.8438581475182109,0.8538581475182109,0.8538581475182109
769,0.8720664798560381,0.9020664798560382,0.8920664798560382,0.8920664798560382,0.8820664798560381,0.8820664798560381,0.8820664798560381,0.8920664798560382,0.8920664798560382,0.8820664798560381,0.8920664798560382,0.9120664798560382,0.9120664798560382
770,0.8483515564575066,0.8483515564575066,0.8483515564575066,0.8483515564575066,0.8683515564575066,0.8583515564575066,0.8683515564575066,0.8683515564575066,0.8683515564575066,0.8583515564575066,0.8583515564575066,0.8783515564575066,0.8783515564575066
771,0.9196148822496193,0.9196148822496193,0.9296148822496193,0.9196148822496193,0.9296148822496193,0.9296148822496193,0.9396148822496193,0.9096148822496193,0.9196148822496193,0.9196148822496193,0.9196148822496193,0.9196148822496193,0.9096148822496193
772,0.8542531119182338,0.8542531119182338,0.8542531119182338,0.8642531119182338,0.8642531119182338,0.8442531119182338,0.8442531119182338,0.8542531119182338,0.8442531119182338,0.8642531119182338,0.8742531119182338,0.8642531119182338,0.8542531119182338
773,0.8418235289766166,0.8418235289766166,0.8418235289766166,0.8318235289766166,0.8318235289766166,0.8418235289766166,0.8618235289766166,0.8618235289766166,0.8418235289766166,0.8718235289766166,0.8818235289766166,0.8818235289766166,0.8818235289766166
774,0.8752463479287449,0.8852463479287449,0.8852463479287449,0.8952463479287449,0.8852463479287449,0.8852463479287449,0.8852463479287449,0.8752463479287449,0.8552463479287449,0.8452463479287449,0.8352463479287449,0.8352463479287449,0.8352463479287449
775,0.8390568148206172,0.8490568148206172,0.8290568148206172,0.8290568148206172,0.8390568148206172,0.8290568148206172,0.8290568148206172,0.8390568148206172,0.8390568148206172,0.8390568148206172,0.8390568148206172,0.8390568148206172,0.8390568148206172
776,0.8454315398846938,0.8554315398846938,0.8654315398846938,0.8854315398846938,0.8804315398846938,0.8804315398846938,0.8804315398846938,0.8804315398846938,0.8804315398846938,0.8804315398846938,0.8704315398846938,0.8604315398846938,0.8604315398846938
777,0.9228831791164303,0.9228831791164303,0.9328831791164303,0.9528831791164303,0.9428831791164303,0.9528831791164303,0.9378831791164303,0.9378831791164303,0.9278831791164303,0.8978831791164302,0.9078831791164302,0.9178831791164302,0.9378831791164303
778,0.9221760255376414,0.9121760255376414,0.9121760255376414,0.9321760255376415,0.9321760255376415,0.9321760255376415,0.9321760255376415,0.9321760255376415,0.9321760255376415,0.9221760255376414,0.9221760255376414,0.9221760255376414,0.9321760255376415
779,0.8776310845222606,0.8776310845222606,0.8776310845222606,0.8776310845222606,0.8576310845222606,0.8376310845222605,0.8376310845222605,0.8476310845222605,0.8576310845222606,0.8476310845222605,0.8576310845222606,0.8576310845222606,0.8476310845222605
780,0.822247093942411,0.812247093942411,0.812247093942411,0.822247093942411,0.832247093942411,0.832247093942411,0.842247093942411,0.832247093942411,0.822247093942411,0.812247093942411,0.802247093942411,0.822247093942411,0.822247093942411
781,0.9130130254861809,0.8930130254861809,0.9180130254861809,0.8980130254861809,0.8880130254861809,0.8880130254861809,0.8880130254861809,0.8980130254861809,0.8780130254861809,0.8780130254861809,0.8780130254861809,0.8780130254861809,0.8880130254861809
782,0.8477366094267438,0.8477366094267438,0.8677366094267438,0.8877366094267438,0.8827366094267438,0.8727366094267438,0.8427366094267438,0.8127366094267438,0.8127366094267438,0.8127366094267438,0.8127366094267438,0.8127366094267438,0.8227366094267438
783,0.8580452724451135,0.8480452724451135,0.8480452724451135,0.8280452724451135,0.8430452724451135,0.8230452724451135,0.8530452724451135,0.8530452724451135,0.8730452724451135,0.8830452724451135,0.8730452724451135,0.8730452724451135,0.8930452724451136
784,0.8821280926458559,0.8821280926458559,0.8821280926458559,0.8921280926458559,0.8921280926458559,0.9021280926458559,0.9021280926458559,0.9021280926458559,0.9021280926458559,0.8921280926458559,0.8921280926458559,0.8921280926458559,0.8921280926458559
785,0.8932282859150129,0.8732282859150129,0.8732282859150129,0.8732282859150129,0.8732282859150129,0.8632282859150129,0.8632282859150129,0.8632282859150129,0.8632282859150129,0.8632282859150129,0.8632282859150129,0.8732282859150129,0.8632282859150129
786,0.929779948187668,0.919779948187668,0.929779948187668,0.949779948187668,0.949779948187668,0.939779948187668,0.939779948187668,0.949779948187668,0.949779948187668,0.949779948187668,0.959779948187668,0.959779948187668,0.944779948187668
787,0.8933935538362381,0.8933935538362381,0.8933935538362381,0.9233935538362381,0.9333935538362381,0.9333935538362381,0.9333935538362381,0.9133935538362381,0.9233935538362381,0.9333935538362381,0.9333935538362381,0.9333935538362381,0.9283935538362381
788,0.8394812323152043,0.8594812323152043,0.8594812323152043,0.8694812323152044,0.8594812323152043,0.8594812323152043,0.8494812323152043,0.8494812323152043,0.8394812323152043,0.8294812323152043,0.8194812323152043,0.8194812323152043,0.8194812323152043
789,0.895652127703527,0.895652127703527,0.905652127703527,0.915652127703527,0.905652127703527,0.905652127703527,0.915652127703527,0.905652127703527,0.905652127703527,0.915652127703527,0.905652127703527,0.905652127703527,0.905652127703527
790,0.8524382942227212,0.8624382942227212,0.8624382942227212,0.8624382942227212,0.8724382942227212,0.8724382942227212,0.8724382942227212,0.8724382942227212,0.8824382942227212,0.8724382942227212,0.8624382942227212,0.8624382942227212,0.8624382942227212
791,0.8439702337288486,0.8539702337288486,0.8539702337288486,0.8439702337288486,0.8339702337288486,0.8239702337288486,0.8239702337288486,0.8239702337288486,0.8139702337288486,0.8139702337288486,0.8239702337288486,0.8239702337288486,0.8239702337288486
792,0.9041508326578073,0.8941508326578073,0.8941508326578073,0.8841508326578073,0.8841508326578073,0.8741508326578072,0.8741508326578072,0.8641508326578072,0.8641508326578072,0.8741508326578072,0.8741508326578072,0.8841508326578073,0.8841508326578073
793,0.8457473580072381,0.8257473580072381,0.8157473580072381,0.8057473580072381,0.8057473580072381,0.8057473580072381,0.8107473580072381,0.8207473580072381,0.8207473580072381,0.8207473580072381,0.8007473580072381,0.8007473580072381,0.8007473580072381
794,0.8787000542739124,0.8587000542739124,0.8587000542739124,0.8587000542739124,0.8587000542739124,0.8487000542739124,0.8787000542739124,0.8787000542739124,0.8787000542739124,0.8887000542739124,0.8887000542739124,0.9087000542739124,0.8987000542739124
795,0.8369253988001454,0.8469253988001454,0.8669253988001454,0.8769253988001454,0.8719253988001454,0.8619253988001454,0.8419253988001454,0.8519253988001454,0.8319253988001454,0.8419253988001454,0.8519253988001454,0.8419253988001454,0.8219253988001454
796,0.8493886857701334,0.8493886857701334,0.8493886857701334,0.8593886857701334,0.8593886857701334,0.8693886857701334,0.8693886857701334,0.8443886857701334,0.8443886857701334,0.8443886857701334,0.8443886857701334,0.8443886857701334,0.8343886857701334
797,0.8606331455046917,0.8506331455046917,0.8306331455046917,0.8306331455046917,0.8306331455046917,0.8406331455046917,0.8406331455046917,0.8406331455046917,0.8306331455046917,0.8456331455046917,0.8456331455046917,0.8556331455046917,0.8756331455046917
798,0.9088593807339194,0.9088593807339194,0.8988593807339194,0.8988593807339194,0.8988593807339194,0.8988593807339194,0.8988593807339194,0.9088593807339194,0.8988593807339194,0.8988593807339194,0.8688593807339193,0.8688593807339193,0.8688593807339193
799,0.8609844819519004,0.8609844819519004,0.8409844819519003,0.8209844819519003,0.8209844819519003,0.8259844819519003,0.8359844819519003,0.8559844819519004,0.8559844819519004,0.8659844819519004,0.8659844819519004,0.8859844819519004,0.8859844819519004
800,0.8763514325110441,0.8763514325110441,0.8563514325110441,0.836351432511044,0.841351432511044,0.841351432511044,0.841351432511044,0.8613514325110441,0.8613514325110441,0.8913514325110441,0.8913514325110441,0.9013514325110441,0.9113514325110441
801,0.9276371962554366,0.9476371962554366,0.9276371962554366,0.9176371962554366,0.9176371962554366,0.9176371962554366,0.9176371962554366,0.9176371962554366,0.9076371962554366,0.9276371962554366,0.9276371962554366,0.9476371962554366,0.9576371962554366
802,0.8544357843284167,0.8544357843284167,0.8844357843284167,0.8844357843284167,0.8644357843284167,0.8744357843284167,0.8744357843284167,0.8544357843284167,0.8544357843284167,0.8644357843284167,0.8844357843284167,0.8944357843284167,0.8944357843284167
803,0.8558116566417436,0.8658116566417436,0.8658116566417436,0.8458116566417436,0.8558116566417436,0.8558116566417436,0.8558116566417436,0.8458116566417436,0.8558116566417436,0.8558116566417436,0.8558116566417436,0.8658116566417436,0.8658116566417436
804,0.8338501960578681,0.8338501960578681,0.8338501960578681,0.8338501960578681,0.8538501960578682,0.8638501960578682,0.8538501960578682,0.8738501960578682,0.8688501960578682,0.8788501960578682,0.8788501960578682,0.8688501960578682,0.8688501960578682
805,0.9005020801532199,0.9205020801532199,0.9405020801532199,0.9355020801532199,0.9355020801532199,0.9355020801532199,0.9255020801532199,0.9355020801532199,0.9255020801532199,0.9355020801532199,0.9355020801532199,0.9355020801532199,0.9155020801532199
806,0.946167586355135,0.956167586355135,0.936167586355135,0.936167586355135,0.916167586355135,0.936167586355135,0.936167586355135,0.946167586355135,0.946167586355135,0.936167586355135,0.916167586355135,0.936167586355135,0.946167586355135
807,0.8409287588546894,0.8309287588546894,0.8509287588546894,0.8509287588546894,0.8309287588546894,0.8409287588546894,0.8409287588546894,0.8409287588546894,0.8309287588546894,0.8309287588546894,0.8109287588546894,0.8209287588546894,0.8409287588546894
808,0.8696570612918827,0.8696570612918827,0.8696570612918827,0.8696570612918827,0.8696570612918827,0.8896570612918827,0.8796570612918827,0.8796570612918827,0.9096570612918827,0.8996570612918827,0.8996570612918827,0.8996570612918827,0.9096570612918827
809,0.8684319885950771,0.8684319885950771,0.8684319885950771,0.8884319885950771,0.8884319885950771,0.8984319885950771,0.8984319885950771,0.8984319885950771,0.8984319885950771,0.8884319885950771,0.8784319885950771,0.8884319885950771,0.8884319885950771
810,0.9254237028514256,0.9154237028514256,0.9054237028514256,0.9054237028514256,0.8854237028514256,0.8954237028514256,0.8954237028514256,0.8954237028514256,0.8854237028514256,0.8854237028514256,0.9154237028514256,0.9154237028514256,0.9154237028514256
811,0.8100344119111107,0.8100344119111107,0.8100344119111107,0.8200344119111107,0.8100344119111107,0.8100344119111107,0.8100344119111107,0.8200344119111107,0.8300344119111107,0.8300344119111107,0.8300344119111107,0.8200344119111107,0.8200344119111107
812,0.8994158311580329,0.8894158311580329,0.8794158311580329,0.8794158311580329,0.8894158311580329,0.8894158311580329,0.8994158311580329,0.8994158311580329,0.8794158311580329,0.8694158311580329,0.8694158311580329,0.8594158311580329,0.8794158311580329
813,0.9094783688026383,0.9094783688026383,0.9194783688026383,0.8894783688026383,0.8994783688026383,0.8994783688026383,0.9294783688026383,0.9194783688026383,0.9094783688026383,0.9094783688026383,0.9194783688026383,0.9294783688026383,0.8894783688026383
814,0.8585559130266368,0.8585559130266368,0.8485559130266368,0.8585559130266368,0.8585559130266368,0.8585559130266368,0.8585559130266368,0.8785559130266368,0.8685559130266368,0.8685559130266368,0.8685559130266368,0.8685559130266368,0.8685559130266368
815,0.9203850111847187,0.9003850111847187,0.9253850111847187,0.9253850111847187,0.9153850111847187,0.9253850111847187,0.9153850111847187,0.9153850111847187,0.8953850111847187,0.8853850111847187,0.8953850111847187,0.8953850111847187,0.8753850111847187
816,0.8589785626940355,0.8589785626940355,0.8689785626940355,0.8789785626940355,0.8789785626940355,0.8589785626940355,0.8589785626940355,0.8489785626940355,0.8489785626940355,0.8489785626940355,0.8489785626940355,0.8389785626940355,0.8289785626940355
817,0.7977824791712796,0.7877824791712796,0.8177824791712797,0.8277824791712797,0.8377824791712797,0.8327824791712797,0.8327824791712797,0.8227824791712797,0.8327824791712797,0.8227824791712797,0.8227824791712797,0.8227824791712797,0.8227824791712797
818,0.8729160193931204,0.8729160193931204,0.8729160193931204,0.8629160193931203,0.8529160193931203,0.8529160193931203,0.8329160193931203,0.8329160193931203,0.8329160193931203,0.8429160193931203,0.8629160193931203,0.8629160193931203,0.8629160193931203
819,0.8902546097851621,0.8902546097851621,0.8702546097851621,0.8902546097851621,0.9002546097851621,0.9102546097851621,0.8902546097851621,0.9002546097851621,0.9002546097851621,0.9002546097851621,0.9002546097851621,0.8802546097851621,0.8902546097851621
820,0.8654231477889748,0.8654231477889748,0.9054231477889748,0.8954231477889748,0.8804231477889748,0.9004231477889748,0.8904231477889748,0.9104231477889748,0.9104231477889748,0.9004231477889748,0.8804231477889748,0.8804231477889748,0.9004231477889748
821,0.8751837265059293,0.8951837265059294,0.8951837265059294,0.8951837265059294,0.8951837265059294,0.8951837265059294,0.8851837265059294,0.8851837265059294,0.8851837265059294,0.8851837265059294,0.8751837265059293,0.8651837265059293,0.8651837265059293
822,0.8940189808214122,0.9140189808214122,0.9140189808214122,0.9140189808214122,0.9240189808214122,0.9240189808214122,0.9240189808214122,0.9340189808214122,0.9240189808214122,0.9340189808214122,0.9290189808214122,0.9290189808214122,0.9190189808214122
823,0.8548575854524294,0.8648575854524294,0.8648575854524294,0.8648575854524294,0.8648575854524294,0.8648575854524294,0.8748575854524294,0.8648575854524294,0.8348575854524294,0.8248575854524294,0.8148575854524294,0.8148575854524294,0.8148575854524294
824,0.8538622467347043,0.8438622467347043,0.8638622467347044,0.8738622467347044,0.8738622467347044,0.8738622467347044,0.8738622467347044,0.8538622467347043,0.8538622467347043,0.8438622467347043,0.8538622467347043,0.8638622467347044,0.8638622467347044
825,0.9257876728902792,0.9457876728902792,0.9457876728902792,0.9457876728902792,0.9457876728902792,0.9557876728902792,0.9657876728902792,0.9607876728902792,0.9607876728902792,0.9607876728902792,0.9607876728902792,0.9607876728902792,0.9607876728902792
826,0.8484343102781845,0.8384343102781845,0.8384343102781845,0.8284343102781845,0.8284343102781845,0.8084343102781845,0.8134343102781845,0.8234343102781845,0.8334343102781845,0.8334343102781845,0.8334343102781845,0.8134343102781845,0.8334343102781845
827,0.9100480583392341,0.9000480583392341,0.8900480583392341,0.9000480583392341,0.870048058339234,0.875048058339234,0.8850480583392341,0.8850480583392341,0.875048058339234,0.8850480583392341,0.875048058339234,0.8950480583392341,0.9050480583392341
828,0.8842025866157982,0.8642025866157982,0.8742025866157982,0.8742025866157982,0.8542025866157982,0.8742025866157982,0.8742025866157982,0.8942025866157982,0.9142025866157982,0.9042025866157982,0.9042025866157982,0.9242025866157982,0.9192025866157982
829,0.8894490075243401,0.8894490075243401,0.8894490075243401,0.9194490075243401,0.9294490075243401,0.9294490075243401,0.9244490075243401,0.9244490075243401,0.9244490075243401,0.9144490075243401,0.9144490075243401,0.9144490075243401,0.9044490075243401
830,0.8468627540781635,0.8468627540781635,0.8468627540781635,0.8668627540781635,0.8668627540781635,0.8568627540781635,0.8668627540781635,0.8768627540781635,0.8768627540781635,0.8768627540781635,0.8768627540781635,0.8868627540781635,0.8818627540781635
831,0.846374054508736,0.8663740545087361,0.8863740545087361,0.8863740545087361,0.8813740545087361,0.8713740545087361,0.851374054508736,0.851374054508736,0.851374054508736,0.851374054508736,0.8713740545087361,0.861374054508736,0.861374054508736
832,0.8786501209227874,0.8886501209227874,0.8886501209227874,0.8686501209227874,0.8686501209227874,0.8586501209227874,0.8486501209227874,0.8486501209227874,0.8486501209227874,0.8486501209227874,0.8486501209227874,0.8586501209227874,0.8586501209227874
833,0.930808662399126,0.930808662399126,0.920808662399126,0.920808662399126,0.920808662399126,0.920808662399126,0.930808662399126,0.910808662399126,0.910808662399126,0.9008086623991259,0.9008086623991259,0.915808662399126,0.8958086623991259
834,0.8543299737730844,0.8543299737730844,0.8343299737730844,0.8343299737730844,0.8443299737730844,0.8443299737730844,0.8243299737730844,0.8343299737730844,0.8343299737730844,0.8443299737730844,0.8543299737730844,0.8743299737730844,0.8943299737730844
835,0.8872651702252351,0.8972651702252351,0.8972651702252351,0.8972651702252351,0.9072651702252351,0.9172651702252351,0.9172651702252351,0.9072651702252351,0.9072651702252351,0.8972651702252351,0.8972651702252351,0.8872651702252351,0.8772651702252351
836,0.8449117403777539,0.8349117403777538,0.8449117403777539,0.8449117403777539,0.8349117403777538,0.8549117403777539,0.8449117403777539,0.8449117403777539,0.8549117403777539,0.8449117403777539,0.8449117403777539,0.8749117403777539,0.8649117403777539
837,0.8035789532339971,0.7835789532339971,0.7835789532339971,0.7835789532339971,0.7735789532339971,0.7735789532339971,0.763578953233997,0.7835789532339971,0.7835789532339971,0.763578953233997,0.7935789532339971,0.7935789532339971,0.7835789532339971
838,0.8958503647116074,0.8858503647116074,0.8858503647116074,0.8958503647116074,0.9058503647116074,0.8958503647116074,0.8958503647116074,0.9058503647116074,0.9058503647116074,0.9058503647116074,0.8958503647116074,0.8958503647116074,0.8958503647116074
839,0.8841586760725695,0.8841586760725695,0.8841586760725695,0.8841586760725695,0.8941586760725695,0.8941586760725695,0.9041586760725695,0.9041586760725695,0.9041586760725695,0.8941586760725695,0.8941586760725695,0.8941586760725695,0.8941586760725695
840,0.8806048160510874,0.8806048160510874,0.8806048160510874,0.8706048160510874,0.8706048160510874,0.8906048160510874,0.8806048160510874,0.8806048160510874,0.8706048160510874,0.8706048160510874,0.8706048160510874,0.8706048160510874,0.8706048160510874
841,0.8117755244992817,0.8117755244992817,0.8117755244992817,0.8117755244992817,0.7917755244992817,0.7917755244992817,0.7817755244992817,0.7967755244992817,0.7767755244992817,0.7767755244992817,0.7767755244992817,0.7867755244992817,0.8167755244992817
842,0.9502329128463045,0.9502329128463045,0.9402329128463045,0.9402329128463045,0.9402329128463045,0.9302329128463045,0.9202329128463045,0.9352329128463045,0.9352329128463045,0.9452329128463045,0.9452329128463045,0.9652329128463045,0.9652329128463045
843,0.8539458869881748,0.8539458869881748,0.8539458869881748,0.8539458869881748,0.8539458869881748,0.8539458869881748,0.8539458869881748,0.8539458869881748,0.8639458869881748,0.8639458869881748,0.8639458869881748,0.8439458869881747,0.8439458869881747
844,0.9021368345156929,0.9021368345156929,0.9021368345156929,0.922136834515693,0.9121368345156929,0.9121368345156929,0.9121368345156929,0.922136834515693,0.932136834515693,0.9121368345156929,0.9121368345156929,0.9021368345156929,0.9021368345156929
845,0.8404424935182863,0.8404424935182863,0.8304424935182863,0.8304424935182863,0.8504424935182863,0.8604424935182863,0.8504424935182863,0.8504424935182863,0.8504424935182863,0.8504424935182863,0.8404424935182863,0.8504424935182863,0.8504424935182863
846,0.8728428857748647,0.8728428857748647,0.8928428857748647,0.9028428857748647,0.8928428857748647,0.8828428857748647,0.8828428857748647,0.8628428857748647,0.8628428857748647,0.8528428857748647,0.8528428857748647,0.8528428857748647,0.8528428857748647
847,0.8689670621949933,0.8689670621949933,0.8789670621949933,0.8589670621949933,0.8289670621949933,0.8289670621949933,0.8339670621949933,0.8439670621949933,0.8439670621949933,0.8639670621949933,0.8639670621949933,0.8639670621949933,0.8639670621949933
848,0.8085155803440707,0.7985155803440707,0.7885155803440707,0.8185155803440707,0.8285155803440707,0.8385155803440707,0.8385155803440707,0.8285155803440707,0.8285155803440707,0.8285155803440707,0.8285155803440707,0.8285155803440707,0.8485155803440707
849,0.9638329966099337,0.9638329966099337,0.9638329966099337,0.9638329966099337,0.9838329966099337,1.0,1.0,0.99,0.98,0.98,0.98,0.98,0.97
850,0.9141599027586187,0.9041599027586187,0.9041599027586187,0.9041599027586187,0.8941599027586187,0.9041599027586187,0.9441599027586187,0.9541599027586187,0.9441599027586187,0.9291599027586187,0.9191599027586187,0.9191599027586187,0.9291599027586187
851,0.850143323169134,0.830143323169134,0.830143323169134,0.830143323169134,0.860143323169134,0.850143323169134,0.860143323169134,0.850143323169134,0.830143323169134,0.830143323169134,0.830143323169134,0.860143323169134,0.870143323169134
852,0.8795749470383584,0.8795749470383584,0.8895749470383584,0.8895749470383584,0.8995749470383584,0.8995749470383584,0.9095749470383584,0.9195749470383584,0.9145749470383584,0.9145749470383584,0.9145749470383584,0.9145749470383584,0.9045749470383584
853,0.8508928550978041,0.8608928550978041,0.8608928550978041,0.8708928550978041,0.8608928550978041,0.8608928550978041,0.8708928550978041,0.8608928550978041,0.8708928550978041,0.8508928550978041,0.8508928550978041,0.8308928550978041,0.8308928550978041
854,0.8441117874456222,0.8441117874456222,0.8441117874456222,0.8441117874456222,0.8341117874456222,0.8341117874456222,0.8341117874456222,0.8441117874456222,0.8441117874456222,0.8441117874456222,0.8341117874456222,0.8641117874456222,0.8741117874456222
855,0.8995112773779889,0.8995112773779889,0.8995112773779889,0.8995112773779889,0.8895112773779889,0.9095112773779889,0.9095112773779889,0.8995112773779889,0.8995112773779889,0.9095112773779889,0.8895112773779889,0.8795112773779888,0.8795112773779888
856,0.8419971951743809,0.8419971951743809,0.8419971951743809,0.8419971951743809,0.8519971951743809,0.8519971951743809,0.8519971951743809,0.8519971951743809,0.8519971951743809,0.8419971951743809,0.8819971951743809,0.8819971951743809,0.8819971951743809
857,0.8294386097221018,0.8494386097221018,0.8394386097221018,0.8294386097221018,0.8194386097221018,0.8094386097221018,0.8344386097221018,0.8344386097221018,0.8544386097221018,0.8644386097221018,0.8444386097221018,0.8344386097221018,0.8344386097221018
858,0.8571727244547797,0.8571727244547797,0.8671727244547797,0.8571727244547797,0.8571727244547797,0.8471727244547796,0.8471727244547796,0.8371727244547796,0.8171727244547796,0.8171727244547796,0.8271727244547796,0.8371727244547796,0.8371727244547796
859,0.8194559796055464,0.8094559796055464,0.8094559796055464,0.8094559796055464,0.8094559796055464,0.8194559796055464,0.8294559796055464,0.8294559796055464,0.8294559796055464,0.8594559796055464,0.8544559796055464,0.8444559796055464,0.8444559796055464
860,0.8173379599708825,0.8273379599708826,0.8273379599708826,0.8073379599708825,0.7973379599708825,0.7973379599708825,0.7973379599708825,0.7973379599708825,0.7973379599708825,0.7973379599708825,0.8073379599708825,0.8173379599708825,0.8173379599708825
861,0.9626927635328308,0.9926927635328309,0.9926927635328309,0.9926927635328309,0.9926927635328309,0.9926927635328309,0.9826927635328309,0.9726927635328309,0.9726927635328309,0.9726927635328309,0.9726927635328309,0.9826927635328309,0.9826927635328309
862,0.8672686341487692,0.8672686341487692,0.8872686341487692,0.8872686341487692,0.8772686341487692,0.8772686341487692,0.8872686341487692,0.8872686341487692,0.9072686341487692,0.9022686341487692,0.9022686341487692,0.9022686341487692,0.9022686341487692
863,0.9301086975346179,0.9301086975346179,0.9201086975346179,0.9201086975346179,0.9201086975346179,0.9001086975346179,0.8901086975346179,0.8901086975346179,0.8901086975346179,0.9001086975346179,0.9101086975346179,0.8901086975346179,0.9001086975346179
864,0.8813555655461683,0.8613555655461683,0.8813555655461683,0.8913555655461683,0.8913555655461683,0.8813555655461683,0.8713555655461683,0.8813555655461683,0.9113555655461684,0.9013555655461684,0.9013555655461684,0.9013555655461684,0.9113555655461684
865,0.7863783863897036,0.8063783863897036,0.7963783863897036,0.7963783863897036,0.8063783863897036,0.7963783863897036,0.7963783863897036,0.7963783863897036,0.7963783863897036,0.7863783863897036,0.8063783863897036,0.7963783863897036,0.7763783863897036
866,0.889595029708749,0.899595029708749,0.889595029708749,0.889595029708749,0.889595029708749,0.899595029708749,0.864595029708749,0.874595029708749,0.884595029708749,0.874595029708749,0.884595029708749,0.904595029708749,0.904595029708749
867,0.8551321157464755,0.8251321157464755,0.8251321157464755,0.8151321157464755,0.8351321157464755,0.8351321157464755,0.8351321157464755,0.8351321157464755,0.8551321157464755,0.8451321157464755,0.8351321157464755,0.8351321157464755,0.8351321157464755
868,0.8383380029086117,0.8383380029086117,0.8483380029086117,0.8483380029086117,0.8683380029086117,0.8683380029086117,0.8683380029086117,0.8683380029086117,0.8683380029086117,0.8683380029086117,0.8583380029086117,0.8683380029086117,0.8683380029086117
869,0.7914469654651066,0.7914469654651066,0.7914469654651066,0.8014469654651066,0.8114469654651066,0.8214469654651066,0.8114469654651066,0.8114469654651066,0.8114469654651066,0.8214469654651066,0.8214469654651066,0.8214469654651066,0.8114469654651066
870,0.8294921156007973,0.8294921156007973,0.8294921156007973,0.8294921156007973,0.8194921156007973,0.8094921156007973,0.8094921156007973,0.8294921156007973,0.8294921156007973,0.8594921156007973,0.8694921156007973,0.8594921156007973,0.8594921156007973
871,0.930206729933877,0.930206729933877,0.920206729933877,0.920206729933877,0.910206729933877,0.890206729933877,0.890206729933877,0.890206729933877,0.890206729933877,0.895206729933877,0.895206729933877,0.905206729933877,0.905206729933877
872,0.807002187117023,0.807002187117023,0.807002187117023,0.817002187117023,0.817002187117023,0.807002187117023,0.797002187117023,0.797002187117023,0.797002187117023,0.807002187117023,0.807002187117023,0.817002187117023,0.807002187117023
873,0.865513354250391,0.855513354250391,0.885513354250391,0.885513354250391,0.905513354250391,0.885513354250391,0.865513354250391,0.855513354250391,0.845513354250391,0.870513354250391,0.880513354250391,0.910513354250391,0.910513354250391
874,0.8472904825315125,0.8672904825315125,0.8672904825315125,0.8672904825315125,0.8772904825315125,0.8572904825315125,0.8472904825315125,0.8372904825315125,0.8372904825315125,0.8272904825315125,0.8272904825315125,0.8272904825315125,0.8372904825315125
875,0.828643932612308,0.828643932612308,0.838643932612308,0.848643932612308,0.868643932612308,0.863643932612308,0.853643932612308,0.843643932612308,0.843643932612308,0.843643932612308,0.843643932612308,0.833643932612308,0.823643932612308
876,0.7886650342934609,0.7886650342934609,0.7886650342934609,0.7786650342934609,0.7486650342934609,0.7486650342934609,0.7486650342934609,0.7486650342934609,0.7486650342934609,0.7586650342934609,0.7686650342934609,0.7886650342934609,0.7886650342934609
877,0.8324422684212945,0.8224422684212945,0.8124422684212945,0.8224422684212945,0.8124422684212945,0.8124422684212945,0.8024422684212945,0.8024422684212945,0.8174422684212945,0.8174422684212945,0.8274422684212945,0.8474422684212946,0.8174422684212945
878,0.8597916733636404,0.8597916733636404,0.8497916733636404,0.8297916733636403,0.8297916733636403,0.8297916733636403,0.8297916733636403,0.8297916733636403,0.8297916733636403,0.8297916733636403,0.8697916733636404,0.8697916733636404,0.8297916733636403
879,0.8705731081960639,0.8705731081960639,0.8705731081960639,0.8705731081960639,0.8605731081960639,0.8505731081960639,0.8605731081960639,0.8605731081960639,0.8705731081960639,0.8705731081960639,0.8705731081960639,0.8705731081960639,0.8705731081960639
880,0.9032157019677297,0.8932157019677297,0.9032157019677297,0.9032157019677297,0.9032157019677297,0.9032157019677297,0.9132157019677297,0.9232157019677297,0.9232157019677297,0.9132157019677297,0.9332157019677297,0.9332157019677297,0.9332157019677297
881,0.8320173132609523,0.8320173132609523,0.8320173132609523,0.8220173132609523,0.8420173132609523,0.8320173132609523,0.8320173132609523,0.8320173132609523,0.8520173132609523,0.8520173132609523,0.8620173132609523,0.8720173132609523,0.8720173132609523
882,0.9030269556750645,0.9130269556750645,0.9030269556750645,0.9230269556750645,0.9330269556750646,0.9430269556750646,0.9430269556750646,0.9430269556750646,0.9380269556750646,0.9380269556750646,0.9380269556750646,0.9280269556750645,0.9380269556750646
883,0.8491133144268855,0.8391133144268855,0.8391133144268855,0.8491133144268855,0.8391133144268855,0.8291133144268855,0.8491133144268855,0.8591133144268855,0.8591133144268855,0.8591133144268855,0.8491133144268855,0.8591133144268855,0.8591133144268855
884,0.8461441165902092,0.8461441165902092,0.8561441165902092,0.8461441165902092,0.8461441165902092,0.8461441165902092,0.8561441165902092,0.8661441165902092,0.8561441165902092,0.8561441165902092,0.8561441165902092,0.8461441165902092,0.8161441165902091
885,0.866983664535427,0.856983664535427,0.856983664535427,0.856983664535427,0.856983664535427,0.856983664535427,0.846983664535427,0.846983664535427,0.846983664535427,0.856983664535427,0.846983664535427,0.846983664535427,0.856983664535427
886,0.842151463559506,0.832151463559506,0.832151463559506,0.832151463559506,0.842151463559506,0.832151463559506,0.832151463559506,0.832151463559506,0.822151463559506,0.822151463559506,0.822151463559506,0.812151463559506,0.812151463559506
887,0.9125932907825864,0.9125932907825864,0.9425932907825865,0.9425932907825865,0.9275932907825865,0.9575932907825865,0.9575932907825865,0.9575932907825865,0.9575932907825865,0.9575932907825865,0.9575932907825865,0.9475932907825865,0.9375932907825865
888,0.9841495057911493,0.9741495057911493,0.9841495057911493,0.9841495057911493,0.9841495057911493,0.9841495057911493,0.9841495057911493,0.9841495057911493,0.9541495057911493,0.9741495057911493,0.9641495057911493,0.9641495057911493,0.9541495057911493
889,0.919714229136025,0.929714229136025,0.929714229136025,0.919714229136025,0.919714229136025,0.939714229136025,0.959714229136025,0.959714229136025,0.949714229136025,0.949714229136025,0.939714229136025,0.939714229136025,0.959714229136025
890,0.8924534566457697,0.8624534566457697,0.8524534566457697,0.8524534566457697,0.8524534566457697,0.8524534566457697,0.8624534566457697,0.8724534566457697,0.8724534566457697,0.8624534566457697,0.8774534566457697,0.8674534566457697,0.8674534566457697
891,0.8059034565527863,0.7859034565527863,0.7859034565527863,0.7859034565527863,0.7959034565527863,0.8059034565527863,0.8159034565527863,0.8059034565527863,0.8059034565527863,0.8059034565527863,0.8059034565527863,0.8059034565527863,0.7959034565527863
892,0.8664016564347128,0.8664016564347128,0.8664016564347128,0.8664016564347128,0.8564016564347128,0.8564016564347128,0.8464016564347128,0.8264016564347128,0.8264016564347128,0.8364016564347128,0.8364016564347128,0.8264016564347128,0.8264016564347128
893,0.8475707987850737,0.8375707987850737,0.8375707987850737,0.8375707987850737,0.8375707987850737,0.8275707987850737,0.8275707987850737,0.8275707987850737,0.8275707987850737,0.8175707987850737,0.8075707987850737,0.8075707987850737,0.8075707987850737
894,0.8826592296428393,0.8726592296428393,0.8726592296428393,0.8726592296428393,0.8626592296428393,0.8626592296428393,0.8526592296428392,0.8526592296428392,0.8726592296428393,0.8826592296428393,0.9026592296428393,0.8776592296428393,0.8676592296428393
895,0.8889811141688502,0.8789811141688502,0.8789811141688502,0.8689811141688502,0.8489811141688501,0.8539811141688501,0.8639811141688502,0.8839811141688502,0.8739811141688502,0.8839811141688502,0.8839811141688502,0.8939811141688502,0.8939811141688502
896,0.8382961145363192,0.8182961145363192,0.8082961145363192,0.8282961145363192,0.8382961145363192,0.8282961145363192,0.8282961145363192,0.8182961145363192,0.8182961145363192,0.8182961145363192,0.8432961145363193,0.8532961145363193,0.8632961145363193
897,0.860822831492865,0.870822831492865,0.880822831492865,0.880822831492865,0.880822831492865,0.870822831492865,0.870822831492865,0.890822831492865,0.880822831492865,0.870822831492865,0.860822831492865,0.870822831492865,0.870822831492865
898,0.8437574753106094,0.8137574753106094,0.8037574753106094,0.8037574753106094,0.8037574753106094,0.8037574753106094,0.8137574753106094,0.8287574753106094,0.8387574753106094,0.8187574753106094,0.8187574753106094,0.8287574753106094,0.8287574753106094
899,0.9018000200425671,0.9218000200425671,0.9218000200425671,0.9218000200425671,0.9018000200425671,0.9018000200425671,0.9018000200425671,0.9118000200425671,0.9118000200425671,0.9118000200425671,0.9118000200425671,0.8818000200425671,0.8818000200425671
900,0.8391679383736389,0.8191679383736389,0.8191679383736389,0.8191679383736389,0.8091679383736389,0.7991679383736389,0.7991679383736389,0.8091679383736389,0.8091679383736389,0.8241679383736389,0.8241679383736389,0.7941679383736389,0.7941679383736389
901,0.8912722281141642,0.9012722281141642,0.9012722281141642,0.9012722281141642,0.8662722281141642,0.8662722281141642,0.8662722281141642,0.8762722281141642,0.8762722281141642,0.8862722281141642,0.8762722281141642,0.8662722281141642,0.8662722281141642
902,0.8290011387792408,0.8090011387792407,0.8090011387792407,0.7990011387792407,0.7990011387792407,0.7990011387792407,0.8090011387792407,0.8090011387792407,0.8190011387792407,0.8290011387792408,0.8290011387792408,0.8290011387792408,0.8290011387792408
903,0.8394824861428615,0.8394824861428615,0.8194824861428615,0.8094824861428614,0.8244824861428615,0.8244824861428615,0.8244824861428615,0.8244824861428615,0.8244824861428615,0.8244824861428615,0.7944824861428614,0.7944824861428614,0.7944824861428614
904,0.8332608579106131,0.8332608579106131,0.8232608579106131,0.8232608579106131,0.8232608579106131,0.8232608579106131,0.8332608579106131,0.8332608579106131,0.8332608579106131,0.8332608579106131,0.8432608579106131,0.8432608579106131,0.8332608579106131
905,0.8423186292701819,0.8423186292701819,0.8223186292701818,0.8223186292701818,0.8323186292701819,0.8423186292701819,0.8523186292701819,0.8523186292701819,0.8723186292701819,0.8723186292701819,0.8723186292701819,0.8723186292701819,0.8823186292701819
906,0.8940406135004857,0.9040406135004857,0.9140406135004857,0.9240406135004857,0.9040406135004857,0.9040406135004857,0.9140406135004857,0.8940406135004857,0.8840406135004857,0.8940406135004857,0.8840406135004857,0.8840406135004857,0.9040406135004857
907,0.8766875240150516,0.8666875240150516,0.8666875240150516,0.8666875240150516,0.8866875240150516,0.8966875240150516,0.8966875240150516,0.8966875240150516,0.8966875240150516,0.9066875240150516,0.9166875240150516,0.9166875240150516,0.9116875240150516
908,0.8913814204611119,0.9013814204611119,0.8913814204611119,0.8913814204611119,0.8813814204611119,0.8813814204611119,0.8913814204611119,0.9113814204611119,0.9313814204611119,0.9313814204611119,0.9313814204611119,0.9313814204611119,0.9263814204611119
909,0.904468695360292,0.8844686953602919,0.8844686953602919,0.909468695360292,0.919468695360292,0.919468695360292,0.929468695360292,0.909468695360292,0.909468695360292,0.909468695360292,0.919468695360292,0.929468695360292,0.919468695360292
910,0.7825368184070289,0.7725368184070289,0.7725368184070289,0.7725368184070289,0.7625368184070289,0.7425368184070289,0.7525368184070289,0.7525368184070289,0.7425368184070289,0.7625368184070289,0.7625368184070289,0.7525368184070289,0.7525368184070289
911,0.8637052500216562,0.8837052500216562,0.8837052500216562,0.8587052500216562,0.8687052500216562,0.8587052500216562,0.8587052500216562,0.8487052500216562,0.8687052500216562,0.8787052500216562,0.8787052500216562,0.8687052500216562,0.8687052500216562
912,0.8599230294744155,0.8199230294744154,0.8199230294744154,0.8299230294744154,0.8299230294744154,0.8199230294744154,0.8199230294744154,0.8249230294744154,0.8249230294744154,0.8249230294744154,0.8549230294744155,0.8549230294744155,0.8549230294744155
913,0.9136920063017677,0.9136920063017677,0.9136920063017677,0.9336920063017677,0.9436920063017677,0.9436920063017677,0.9336920063017677,0.9236920063017677,0.9236920063017677,0.9236920063017677,0.9336920063017677,0.9236920063017677,0.9236920063017677
914,0.9304537910950473,0.9304537910950473,0.9604537910950474,0.9604537910950474,0.9504537910950474,0.9604537910950474,0.9704537910950474,0.9704537910950474,0.9704537910950474,0.9654537910950474,0.9354537910950473,0.9254537910950473,0.9554537910950474
915,0.9211850937063509,0.9111850937063509,0.9111850937063509,0.9211850937063509,0.9111850937063509,0.9111850937063509,0.9011850937063509,0.8811850937063509,0.8911850937063509,0.9111850937063509,0.9111850937063509,0.8811850937063509,0.8811850937063509
916,0.884261095450839,0.894261095450839,0.894261095450839,0.904261095450839,0.894261095450839,0.914261095450839,0.899261095450839,0.909261095450839,0.919261095450839,0.919261095450839,0.909261095450839,0.919261095450839,0.919261095450839
917,0.8380302288080662,0.8280302288080662,0.8180302288080662,0.7980302288080662,0.7980302288080662,0.8030302288080662,0.8130302288080662,0.8030302288080662,0.8030302288080662,0.8030302288080662,0.8030302288080662,0.8030302288080662,0.8130302288080662
918,0.858442460237655,0.848442460237655,0.848442460237655,0.858442460237655,0.858442460237655,0.858442460237655,0.858442460237655,0.888442460237655,0.888442460237655,0.8984424602376551,0.878442460237655,0.878442460237655,0.878442460237655
919,0.9613089180950668,0.9613089180950668,0.9513089180950668,0.9513089180950668,0.9713089180950668,0.9913089180950668,0.9913089180950668,0.9913089180950668,0.9913089180950668,0.9813089180950668,0.9813089180950668,0.9713089180950668,0.9713089180950668
920,0.8679424563869799,0.8679424563869799,0.8779424563869799,0.8779424563869799,0.8779424563869799,0.8879424563869799,0.8779424563869799,0.8779424563869799,0.8779424563869799,0.8579424563869799,0.8679424563869799,0.8579424563869799,0.8579424563869799
921,0.8725960639308273,0.8725960639308273,0.8725960639308273,0.8725960639308273,0.8725960639308273,0.8725960639308273,0.8725960639308273,0.8625960639308273,0.8525960639308273,0.8425960639308273,0.8525960639308273,0.8325960639308273,0.8375960639308273
922,0.8155202911022369,0.8255202911022369,0.8455202911022369,0.8355202911022369,0.8255202911022369,0.8455202911022369,0.8455202911022369,0.8455202911022369,0.8555202911022369,0.8555202911022369,0.8355202911022369,0.8355202911022369,0.8355202911022369
923,0.9257256492564453,0.9157256492564453,0.9157256492564453,0.9357256492564453,0.9457256492564453,0.9357256492564453,0.9557256492564453,0.9157256492564453,0.9157256492564453,0.9157256492564453,0.9257256492564453,0.9257256492564453,0.9257256492564453
924,0.8112702057674366,0.8212702057674366,0.8212702057674366,0.8212702057674366,0.8212702057674366,0.8212702057674366,0.8312702057674366,0.8412702057674366,0.8262702057674366,0.8162702057674366,0.8262702057674366,0.8362702057674366,0.8462702057674366
925,0.8463906527986915,0.8863906527986916,0.8813906527986916,0.8813906527986916,0.8713906527986915,0.8813906527986916,0.8813906527986916,0.8713906527986915,0.8613906527986915,0.8513906527986915,0.8513906527986915,0.8413906527986915,0.8213906527986915
926,0.8849114613545886,0.8749114613545886,0.8849114613545886,0.8849114613545886,0.9049114613545887,0.8849114613545886,0.8649114613545886,0.8949114613545887,0.8949114613545887,0.8949114613545887,0.9049114613545887,0.8949114613545887,0.9149114613545887
927,0.8862566445159901,0.8862566445159901,0.8862566445159901,0.8862566445159901,0.86625664451599,0.86625664451599,0.86625664451599,0.84625664451599,0.84625664451599,0.85125664451599,0.85125664451599,0.86125664451599,0.86125664451599
928,0.8820782229648474,0.8820782229648474,0.8820782229648474,0.8820782229648474,0.8920782229648474,0.8720782229648474,0.8720782229648474,0.8720782229648474,0.8720782229648474,0.8620782229648474,0.8620782229648474,0.8720782229648474,0.8820782229648474
929,0.7932167324888042,0.8032167324888042,0.7932167324888042,0.7832167324888042,0.7832167324888042,0.7732167324888042,0.7832167324888042,0.7732167324888042,0.7732167324888042,0.7932167324888042,0.7932167324888042,0.7832167324888042,0.7832167324888042
930,0.8149968380945436,0.8249968380945436,0.8249968380945436,0.8149968380945436,0.8449968380945436,0.8549968380945436,0.8549968380945436,0.8499968380945436,0.8399968380945436,0.8399968380945436,0.8399968380945436,0.8299968380945436,0.8399968380945436
931,0.9006591634706583,0.9106591634706583,0.9106591634706583,0.9006591634706583,0.9106591634706583,0.9106591634706583,0.9106591634706583,0.9306591634706584,0.9206591634706583,0.9206591634706583,0.9406591634706584,0.9406591634706584,0.9406591634706584
932,0.8780308678233233,0.8780308678233233,0.8680308678233233,0.8480308678233233,0.8380308678233233,0.8430308678233233,0.8530308678233233,0.8830308678233233,0.8830308678233233,0.8830308678233233,0.8930308678233233,0.8830308678233233,0.8730308678233233
933,0.909961790719716,0.909961790719716,0.909961790719716,0.8999617907197159,0.909961790719716,0.8999617907197159,0.919961790719716,0.929961790719716,0.929961790719716,0.919961790719716,0.919961790719716,0.919961790719716,0.919961790719716
934,0.841297953448883,0.841297953448883,0.831297953448883,0.831297953448883,0.831297953448883,0.841297953448883,0.861297953448883,0.841297953448883,0.841297953448883,0.851297953448883,0.851297953448883,0.851297953448883,0.841297953448883
935,0.8454680657120427,0.8254680657120427,0.8254680657120427,0.8154680657120427,0.8254680657120427,0.8254680657120427,0.8254680657120427,0.8454680657120427,0.8454680657120427,0.8454680657120427,0.8454680657120427,0.8454680657120427,0.8254680657120427
936,0.8845066799391562,0.8645066799391562,0.8645066799391562,0.8645066799391562,0.8895066799391562,0.8895066799391562,0.8595066799391562,0.8595066799391562,0.8595066799391562,0.8695066799391562,0.8595066799391562,0.8695066799391562,0.8695066799391562
937,0.8422195165653954,0.8422195165653954,0.8422195165653954,0.8422195165653954,0.8622195165653954,0.8622195165653954,0.8722195165653954,0.8822195165653954,0.8722195165653954,0.8722195165653954,0.8722195165653954,0.8722195165653954,0.8622195165653954
938,0.9174033565147856,0.9074033565147855,0.9074033565147855,0.9174033565147856,0.9174033565147856,0.9274033565147856,0.9274033565147856,0.9274033565147856,0.9174033565147856,0.9074033565147855,0.9074033565147855,0.8874033565147855,0.8774033565147855
939,0.9334743913454839,0.9334743913454839,0.9334743913454839,0.9334743913454839,0.9234743913454839,0.9234743913454839,0.9234743913454839,0.8934743913454839,0.9034743913454839,0.8934743913454839,0.8934743913454839,0.8934743913454839,0.8934743913454839
940,0.9290332264213426,0.9290332264213426,0.9290332264213426,0.9290332264213426,0.9390332264213426,0.9390332264213426,0.9390332264213426,0.9390332264213426,0.9390332264213426,0.9290332264213426,0.9290332264213426,0.9190332264213426,0.9390332264213426
941,0.8740224525405993,0.8340224525405993,0.8340224525405993,0.8340224525405993,0.8440224525405993,0.8340224525405993,0.8340224525405993,0.8440224525405993,0.8540224525405993,0.8540224525405993,0.8440224525405993,0.8440224525405993,0.8640224525405993
942,0.9098487854669259,0.8998487854669259,0.8698487854669259,0.8798487854669259,0.8798487854669259,0.8798487854669259,0.8898487854669259,0.8798487854669259,0.8898487854669259,0.8898487854669259,0.8998487854669259,0.8998487854669259,0.8998487854669259
943,0.9150713053304109,0.9150713053304109,0.9150713053304109,0.9350713053304109,0.9350713053304109,0.9250713053304109,0.9250713053304109,0.955071305330411,0.950071305330411,0.940071305330411,0.9200713053304109,0.9000713053304109,0.9100713053304109
944,0.8365017474302333,0.8365017474302333,0.8365017474302333,0.8265017474302333,0.7965017474302333,0.8065017474302333,0.8065017474302333,0.8065017474302333,0.8215017474302333,0.8215017474302333,0.8215017474302333,0.8315017474302333,0.8315017474302333
945,0.8725546233529741,0.842554623352974,0.832554623352974,0.832554623352974,0.837554623352974,0.847554623352974,0.837554623352974,0.837554623352974,0.847554623352974,0.837554623352974,0.847554623352974,0.8875546233529741,0.8975546233529741
946,0.8082065019904102,0.8082065019904102,0.8082065019904102,0.8382065019904102,0.8232065019904102,0.8332065019904102,0.8532065019904103,0.8532065019904103,0.8532065019904103,0.8532065019904103,0.8532065019904103,0.8532065019904103,0.8532065019904103
947,0.9094448378546526,0.8894448378546526,0.8994448378546526,0.8994448378546526,0.8994448378546526,0.8994448378546526,0.8994448378546526,0.9394448378546526,0.9294448378546526,0.9294448378546526,0.8994448378546526,0.8994448378546526,0.9194448378546526
948,0.9407252519965881,0.9307252519965881,0.910725251996588,0.900725251996588,0.910725251996588,0.9257252519965881,0.915725251996588,0.905725251996588,0.905725251996588,0.905725251996588,0.905725251996588,0.915725251996588,0.9257252519965881
949,0.8624939731882142,0.8624939731882142,0.8624939731882142,0.8424939731882142,0.8624939731882142,0.8424939731882142,0.8674939731882142,0.8574939731882142,0.8674939731882142,0.8674939731882142,0.8574939731882142,0.8874939731882142,0.8974939731882142
950,0.8274728984509736,0.8274728984509736,0.8374728984509736,0.8374728984509736,0.8074728984509736,0.8274728984509736,0.8274728984509736,0.8074728984509736,0.8074728984509736,0.8074728984509736,0.7874728984509736,0.7874728984509736,0.7974728984509736
951,0.8420651227990544,0.8420651227990544,0.8420651227990544,0.8520651227990544,0.8520651227990544,0.8320651227990544,0.8020651227990544,0.8220651227990544,0.8220651227990544,0.8220651227990544,0.8320651227990544,0.8320651227990544,0.8320651227990544
952,0.8234724590399722,0.8134724590399722,0.8034724590399722,0.8234724590399722,0.8234724590399722,0.8234724590399722,0.8434724590399723,0.8534724590399723,0.8534724590399723,0.8534724590399723,0.8534724590399723,0.8534724590399723,0.8534724590399723
953,0.867703257317377,0.867703257317377,0.887703257317377,0.887703257317377,0.887703257317377,0.887703257317377,0.887703257317377,0.907703257317377,0.897703257317377,0.887703257317377,0.857703257317377,0.857703257317377,0.857703257317377
954,0.8487068597134201,0.8387068597134201,0.8587068597134201,0.8487068597134201,0.8487068597134201,0.8287068597134201,0.8287068597134201,0.8287068597134201,0.8287068597134201,0.8387068597134201,0.8287068597134201,0.8287068597134201,0.8287068597134201
955,0.8908978693505925,0.8808978693505924,0.8808978693505924,0.8808978693505924,0.9008978693505925,0.9008978693505925,0.8708978693505924,0.8608978693505924,0.8608978693505924,0.8608978693505924,0.8508978693505924,0.8508978693505924,0.8558978693505924
956,0.8449696640251539,0.8449696640251539,0.8449696640251539,0.8349696640251539,0.8349696640251539,0.8349696640251539,0.854969664025154,0.864969664025154,0.864969664025154,0.864969664025154,0.864969664025154,0.874969664025154,0.884969664025154
957,0.8089995873989781,0.8189995873989782,0.8189995873989782,0.8489995873989782,0.8439995873989782,0.8439995873989782,0.8439995873989782,0.8339995873989782,0.8439995873989782,0.8039995873989781,0.8139995873989782,0.8139995873989782,0.8039995873989781
958,0.8919611399910421,0.9119611399910421,0.9119611399910421,0.9019611399910421,0.9219611399910421,0.9119611399910421,0.9219611399910421,0.9219611399910421,0.9219611399910421,0.9219611399910421,0.9119611399910421,0.9019611399910421,0.9019611399910421
959,0.9181088300876525,0.9381088300876526,0.9381088300876526,0.9381088300876526,0.9481088300876526,0.9581088300876526,0.9531088300876526,0.9431088300876526,0.9631088300876526,0.9631088300876526,0.9631088300876526,0.9631088300876526,0.9631088300876526
960,0.8774704280502686,0.8774704280502686,0.9074704280502687,0.8924704280502687,0.8924704280502687,0.8824704280502687,0.8624704280502686,0.8724704280502686,0.8624704280502686,0.8524704280502686,0.8624704280502686,0.8624704280502686,0.8824704280502687
961,0.7823444387024384,0.7523444387024384,0.7523444387024384,0.7523444387024384,0.7423444387024384,0.7523444387024384,0.7423444387024384,0.7423444387024384,0.7473444387024384,0.7473444387024384,0.7473444387024384,0.7473444387024384,0.7673444387024384
962,0.9371279979225512,0.9371279979225512,0.9471279979225512,0.9571279979225512,0.9571279979225512,0.9371279979225512,0.9271279979225512,0.9371279979225512,0.9471279979225512,0.9271279979225512,0.9271279979225512,0.9671279979225512,0.9671279979225512
963,0.9412932140349809,0.9412932140349809,0.9312932140349809,0.9412932140349809,0.9212932140349809,0.9412932140349809,0.9412932140349809,0.9212932140349809,0.9112932140349809,0.9012932140349809,0.9012932140349809,0.9062932140349809,0.9062932140349809
964,0.8210386315306352,0.8010386315306351,0.8110386315306352,0.8110386315306352,0.8110386315306352,0.8110386315306352,0.8210386315306352,0.8110386315306352,0.8110386315306352,0.8110386315306352,0.8110386315306352,0.8210386315306352,0.8210386315306352
965,0.8948722164343058,0.9048722164343058,0.9048722164343058,0.9148722164343058,0.9148722164343058,0.9148722164343058,0.9148722164343058,0.8898722164343058,0.9098722164343058,0.9198722164343058,0.9198722164343058,0.9198722164343058,0.9298722164343058
966,0.8565543765227267,0.8565543765227267,0.8565543765227267,0.8565543765227267,0.8565543765227267,0.8565543765227267,0.8465543765227267,0.8365543765227267,0.8365543765227267,0.8565543765227267,0.8565543765227267,0.8465543765227267,0.8365543765227267
967,0.9122284643866394,0.9122284643866394,0.9122284643866394,0.8922284643866394,0.8822284643866394,0.9022284643866394,0.9222284643866394,0.9222284643866394,0.9222284643866394,0.9022284643866394,0.9122284643866394,0.9122284643866394,0.9122284643866394
968,0.9399352089408095,0.9399352089408095,0.9199352089408095,0.9199352089408095,0.9199352089408095,0.9199352089408095,0.9099352089408095,0.9099352089408095,0.9099352089408095,0.9099352089408095,0.9249352089408095,0.9049352089408095,0.9149352089408095
969,0.8848843539150557,0.8848843539150557,0.8648843539150557,0.8648843539150557,0.8848843539150557,0.8948843539150557,0.8948843539150557,0.8948843539150557,0.8948843539150557,0.9048843539150557,0.9048843539150557,0.8948843539150557,0.8948843539150557
970,0.9224079294260092,0.9124079294260092,0.9474079294260093,0.9574079294260093,0.9574079294260093,0.9474079294260093,0.9474079294260093,0.9474079294260093,0.9474079294260093,0.9474079294260093,0.9474079294260093,0.9474079294260093,0.9374079294260093
971,0.842186476136209,0.832186476136209,0.832186476136209,0.852186476136209,0.822186476136209,0.822186476136209,0.822186476136209,0.812186476136209,0.822186476136209,0.822186476136209,0.822186476136209,0.812186476136209,0.827186476136209
972,0.8837527007913224,0.9037527007913224,0.9237527007913224,0.9237527007913224,0.9187527007913224,0.9187527007913224,0.9087527007913224,0.8987527007913224,0.8987527007913224,0.8687527007913224,0.8687527007913224,0.8787527007913224,0.8787527007913224
973,0.8012529613536588,0.8012529613536588,0.8112529613536588,0.8012529613536588,0.7912529613536587,0.7912529613536587,0.7712529613536587,0.7712529613536587,0.7862529613536587,0.7862529613536587,0.7762529613536587,0.7762529613536587,0.7762529613536587
974,0.8374005895483588,0.8374005895483588,0.8474005895483588,0.8774005895483589,0.8724005895483589,0.8724005895483589,0.8724005895483589,0.8724005895483589,0.8624005895483589,0.8524005895483588,0.8524005895483588,0.8624005895483589,0.8624005895483589
975,0.8522930606563687,0.8522930606563687,0.8622930606563687,0.8522930606563687,0.8422930606563687,0.8222930606563686,0.8322930606563687,0.8322930606563687,0.8322930606563687,0.8322930606563687,0.8322930606563687,0.8422930606563687,0.8422930606563687
976,0.870621016915231,0.860621016915231,0.850621016915231,0.880621016915231,0.880621016915231,0.880621016915231,0.880621016915231,0.870621016915231,0.890621016915231,0.890621016915231,0.890621016915231,0.890621016915231,0.890621016915231
977,0.8617352638600232,0.8517352638600232,0.8417352638600232,0.8317352638600232,0.8417352638600232,0.8417352638600232,0.8417352638600232,0.8517352638600232,0.8717352638600232,0.8617352638600232,0.8817352638600232,0.8717352638600232,0.8617352638600232
978,0.8143589066511117,0.8143589066511117,0.8143589066511117,0.8143589066511117,0.8143589066511117,0.8143589066511117,0.8143589066511117,0.8443589066511117,0.8343589066511117,0.8243589066511117,0.8343589066511117,0.8243589066511117,0.8243589066511117
979,0.90204890108336,0.90204890108336,0.91204890108336,0.91204890108336,0.92204890108336,0.93204890108336,0.94204890108336,0.93204890108336,0.93204890108336,0.93204890108336,0.93204890108336,0.91204890108336,0.92204890108336
980,0.9086156843502856,0.8886156843502856,0.8886156843502856,0.8886156843502856,0.8886156843502856,0.8786156843502856,0.8686156843502856,0.8686156843502856,0.8686156843502856,0.8686156843502856,0.8686156843502856,0.8686156843502856,0.8736156843502856
981,0.8251800475530447,0.8251800475530447,0.8251800475530447,0.8451800475530448,0.8451800475530448,0.8451800475530448,0.8451800475530448,0.8351800475530448,0.8551800475530448,0.8351800475530448,0.8251800475530447,0.8251800475530447,0.8051800475530447
982,0.8614645386795146,0.8614645386795146,0.8414645386795145,0.8714645386795146,0.8614645386795146,0.8414645386795145,0.8414645386795145,0.8414645386795145,0.8414645386795145,0.8414645386795145,0.8414645386795145,0.8414645386795145,0.8414645386795145
983,0.9107167731158142,0.9007167731158142,0.9007167731158142,0.9007167731158142,0.8807167731158142,0.9107167731158142,0.9107167731158142,0.8907167731158142,0.9007167731158142,0.8807167731158142,0.8807167731158142,0.8807167731158142,0.8957167731158142
984,0.8888876604251361,0.8788876604251361,0.8788876604251361,0.8988876604251361,0.9088876604251361,0.9088876604251361,0.8988876604251361,0.8988876604251361,0.8988876604251361,0.9088876604251361,0.8888876604251361,0.8888876604251361,0.8888876604251361
985,0.8696422996158422,0.8796422996158422,0.8896422996158422,0.8896422996158422,0.8896422996158422,0.8896422996158422,0.8796422996158422,0.8796422996158422,0.8696422996158422,0.8696422996158422,0.8696422996158422,0.8696422996158422,0.8696422996158422
986,0.8719716916131193,0.8819716916131193,0.8819716916131193,0.8719716916131193,0.8619716916131193,0.8619716916131193,0.8719716916131193,0.8719716916131193,0.8819716916131193,0.8819716916131193,0.8919716916131193,0.8819716916131193,0.8819716916131193
987,0.897046577786552,0.897046577786552,0.917046577786552,0.917046577786552,0.897046577786552,0.897046577786552,0.897046577786552,0.897046577786552,0.907046577786552,0.907046577786552,0.917046577786552,0.917046577786552,0.937046577786552
988,0.9264684833706994,0.9364684833706994,0.9364684833706994,0.9364684833706994,0.9364684833706994,0.9164684833706994,0.9164684833706994,0.9164684833706994,0.9064684833706994,0.8964684833706994,0.9064684833706994,0.9264684833706994,0.9264684833706994
989,0.8411154634953804,0.8611154634953804,0.8611154634953804,0.8611154634953804,0.8811154634953804,0.8611154634953804,0.8711154634953804,0.8811154634953804,0.8811154634953804,0.8711154634953804,0.8611154634953804,0.8511154634953804,0.8511154634953804
990,0.8593039056754678,0.8593039056754678,0.8393039056754678,0.8293039056754677,0.8293039056754677,0.8293039056754677,0.8293039056754677,0.8293039056754677,0.8293039056754677,0.8293039056754677,0.8293039056754677,0.8293039056754677,0.8293039056754677
991,0.9482047935227815,0.9582047935227815,0.9782047935227816,0.9882047935227816,0.9832047935227816,0.9732047935227816,0.9732047935227816,0.9832047935227816,0.9732047935227816,0.9732047935227816,0.9732047935227816,0.9732047935227816,0.9732047935227816
992,0.8700580965665785,0.8700580965665785,0.8800580965665785,0.8450580965665785,0.8450580965665785,0.8350580965665785,0.8550580965665785,0.8550580965665785,0.8650580965665785,0.8550580965665785,0.8550580965665785,0.8450580965665785,0.8450580965665785
993,0.8173203125812019,0.8273203125812019,0.8273203125812019,0.8273203125812019,0.8473203125812019,0.8473203125812019,0.8473203125812019,0.8473203125812019,0.8473203125812019,0.8323203125812019,0.8423203125812019,0.8023203125812018,0.7823203125812018
994,0.879124047072806,0.879124047072806,0.879124047072806,0.889124047072806,0.899124047072806,0.899124047072806,0.919124047072806,0.919124047072806,0.919124047072806,0.909124047072806,0.879124047072806,0.879124047072806,0.879124047072806
995,0.8256427149575108,0.8156427149575108,0.8156427149575108,0.7956427149575108,0.7956427149575108,0.7956427149575108,0.8056427149575108,0.8156427149575108,0.8156427149575108,0.8156427149575108,0.7956427149575108,0.8056427149575108,0.7956427149575108
996,0.8424924539572315,0.8524924539572315,0.8524924539572315,0.8324924539572315,0.8424924539572315,0.8424924539572315,0.8424924539572315,0.8324924539572315,0.8424924539572315,0.8624924539572315,0.8724924539572315,0.8724924539572315,0.8524924539572315
997,0.9435071476173873,0.9335071476173873,0.9335071476173873,0.9235071476173873,0.9135071476173873,0.9135071476173873,0.9135071476173873,0.9335071476173873,0.9435071476173873,0.9635071476173873,0.9535071476173873,0.9535071476173873,0.9635071476173873
998,0.8365366674033723,0.8565366674033723,0.8365366674033723,0.8365366674033723,0.8565366674033723,0.8565366674033723,0.8765366674033723,0.8715366674033723,0.8615366674033723,0.8615366674033723,0.8715366674033723,0.8615366674033723,0.8615366674033723
999,0.8824228324840095,0.8724228324840095,0.8724228324840095,0.8724228324840095,0.8924228324840096,0.9024228324840096,0.8924228324840096,0.9024228324840096,0.9224228324840096,0.9024228324840096,0.8924228324840096,0.9124228324840096,0.9024228324840096
