Time Step,Simulation,0,2,4,6,8,10,12,14,16,18,20,22
0,0.9602505152797209,0.9602505152797209,0.9602505152797209,0.9602505152797209,0.9502505152797209,0.9402505152797209,0.9502505152797209,0.9602505152797209,0.9602505152797209,0.9602505152797209,0.9602505152797209,0.9402505152797209,0.9402505152797209
1,0.9098631790666594,0.9098631790666594,0.9098631790666594,0.9098631790666594,0.8898631790666593,0.8998631790666594,0.8998631790666594,0.8898631790666593,0.8798631790666593,0.8798631790666593,0.8798631790666593,0.8798631790666593,0.8948631790666594
2,0.9419158254235114,0.9319158254235114,0.9219158254235114,0.9219158254235114,0.9219158254235114,0.9219158254235114,0.9219158254235114,0.9219158254235114,0.9019158254235113,0.9019158254235113,0.9119158254235114,0.9119158254235114,0.9119158254235114
3,0.9180723658428699,0.9280723658428699,0.9280723658428699,0.9580723658428699,0.9580723658428699,0.9530723658428699,0.9430723658428699,0.9430723658428699,0.9330723658428699,0.9430723658428699,0.9430723658428699,0.9430723658428699,0.9230723658428699
4,0.8855158285535432,0.8855158285535432,0.9155158285535432,0.9155158285535432,0.9055158285535432,0.9055158285535432,0.9255158285535432,0.9255158285535432,0.9155158285535432,0.9155158285535432,0.9055158285535432,0.9155158285535432,0.9155158285535432
5,0.980631669988007,0.980631669988007,0.980631669988007,0.980631669988007,0.960631669988007,0.960631669988007,0.960631669988007,0.960631669988007,0.980631669988007,0.980631669988007,0.970631669988007,0.970631669988007,0.950631669988007
6,0.9208951999609917,0.9208951999609917,0.9208951999609917,0.9208951999609917,0.9208951999609917,0.9108951999609917,0.9208951999609917,0.9308951999609917,0.9308951999609917,0.8908951999609916,0.8908951999609916,0.8908951999609916,0.8908951999609916
7,0.8755396070459303,0.8955396070459303,0.8955396070459303,0.8955396070459303,0.8955396070459303,0.8955396070459303,0.8855396070459303,0.8755396070459303,0.8755396070459303,0.8855396070459303,0.8855396070459303,0.8755396070459303,0.8655396070459302
8,0.9585294007122197,0.9485294007122197,0.9485294007122197,0.9585294007122197,0.9585294007122197,0.9385294007122197,0.9385294007122197,0.9285294007122197,0.9285294007122197,0.9585294007122197,0.9585294007122197,0.9585294007122197,0.9485294007122197
9,0.973639188716754,0.993639188716754,0.983639188716754,0.973639188716754,0.983639188716754,0.973639188716754,0.983639188716754,0.963639188716754,0.983639188716754,0.993639188716754,1.0,1.0,1.0
10,0.9196244346143647,0.9296244346143647,0.9196244346143647,0.8896244346143647,0.8896244346143647,0.8996244346143647,0.9296244346143647,0.9296244346143647,0.9296244346143647,0.9296244346143647,0.9496244346143647,0.9496244346143647,0.9396244346143647
11,0.9738064274829185,0.9738064274829185,0.9738064274829185,0.9738064274829185,0.9738064274829185,0.9738064274829185,0.9738064274829185,0.9738064274829185,0.9738064274829185,0.9538064274829184,0.9538064274829184,0.9538064274829184,0.9538064274829184
12,0.9744409603394846,0.9844409603394846,0.9844409603394846,0.9844409603394846,0.9844409603394846,0.9844409603394846,0.9544409603394846,0.9644409603394846,0.9644409603394846,0.9744409603394846,0.9744409603394846,0.9744409603394846,0.9744409603394846
13,0.9137125141379567,0.9437125141379568,0.9537125141379568,0.9437125141379568,0.9337125141379568,0.9337125141379568,0.9237125141379567,0.9237125141379567,0.9137125141379567,0.9237125141379567,0.9337125141379568,0.9337125141379568,0.9337125141379568
14,0.9453947373798579,0.9453947373798579,0.9453947373798579,0.9453947373798579,0.9453947373798579,0.9453947373798579,0.9453947373798579,0.9253947373798579,0.9253947373798579,0.9253947373798579,0.9253947373798579,0.9353947373798579,0.9553947373798579
15,0.9263722957824875,0.9363722957824875,0.9363722957824875,0.9663722957824875,0.9613722957824875,0.9613722957824875,0.9613722957824875,0.9613722957824875,0.9513722957824875,0.9513722957824875,0.9313722957824875,0.9313722957824875,0.9113722957824875
16,0.9311967323296345,0.9111967323296345,0.9111967323296345,0.9011967323296345,0.9111967323296345,0.9211967323296345,0.9211967323296345,0.9011967323296345,0.8911967323296345,0.9111967323296345,0.9111967323296345,0.9211967323296345,0.9561967323296345
17,0.9175835508015409,0.9175835508015409,0.8975835508015408,0.9075835508015409,0.9075835508015409,0.8875835508015408,0.8975835508015408,0.8975835508015408,0.8875835508015408,0.8775835508015408,0.8825835508015408,0.8925835508015408,0.8925835508015408
18,0.9903633314165404,0.9903633314165404,0.9903633314165404,0.9903633314165404,0.9603633314165404,0.9503633314165404,0.9603633314165404,0.9603633314165404,0.9603633314165404,0.9603633314165404,0.9603633314165404,0.9703633314165404,0.9803633314165404
19,0.8614431714208199,0.8614431714208199,0.8514431714208199,0.87144317142082,0.87144317142082,0.8614431714208199,0.8614431714208199,0.8614431714208199,0.8614431714208199,0.8614431714208199,0.8614431714208199,0.8514431714208199,0.8614431714208199
20,0.9695740085422944,0.9695740085422944,0.9695740085422944,0.9695740085422944,0.9695740085422944,0.9695740085422944,0.9695740085422944,0.9595740085422944,0.9495740085422943,0.9795740085422944,0.9895740085422944,0.9595740085422944,0.9495740085422943
21,0.9270664999035682,0.9570664999035682,0.9570664999035682,0.9470664999035682,0.9570664999035682,0.9470664999035682,0.9570664999035682,0.9470664999035682,0.9570664999035682,0.9670664999035682,0.9370664999035682,0.9470664999035682,0.9470664999035682
22,0.9263267618232043,0.9363267618232043,0.9263267618232043,0.9263267618232043,0.9163267618232043,0.9163267618232043,0.9163267618232043,0.9063267618232043,0.8863267618232042,0.9063267618232043,0.9063267618232043,0.9063267618232043,0.9163267618232043
23,0.9068678242551154,0.9068678242551154,0.8968678242551154,0.8868678242551153,0.8768678242551153,0.8768678242551153,0.8768678242551153,0.8918678242551153,0.8918678242551153,0.8918678242551153,0.8718678242551153,0.8818678242551153,0.8818678242551153
24,0.9528151306026166,0.9728151306026166,0.9728151306026166,0.9528151306026166,0.9828151306026166,0.9728151306026166,0.9528151306026166,0.9428151306026166,0.9328151306026166,0.9228151306026166,0.9378151306026166,0.9778151306026166,0.9678151306026166
25,0.919766894165245,0.919766894165245,0.919766894165245,0.929766894165245,0.929766894165245,0.929766894165245,0.9497668941652451,0.934766894165245,0.9547668941652451,0.934766894165245,0.934766894165245,0.934766894165245,0.934766894165245
26,0.930404726823794,0.920404726823794,0.910404726823794,0.900404726823794,0.900404726823794,0.900404726823794,0.900404726823794,0.910404726823794,0.910404726823794,0.910404726823794,0.930404726823794,0.930404726823794,0.9404047268237941
27,0.9423804590767583,0.9423804590767583,0.9523804590767583,0.9523804590767583,0.9623804590767583,0.9823804590767583,0.9823804590767583,0.9773804590767583,0.9673804590767583,0.9773804590767583,0.9673804590767583,0.9773804590767583,0.9773804590767583
28,0.9432533532454241,0.9232533532454241,0.9332533532454241,0.9332533532454241,0.9332533532454241,0.9332533532454241,0.9332533532454241,0.9332533532454241,0.9132533532454241,0.9132533532454241,0.9132533532454241,0.9132533532454241,0.9032533532454241
29,0.9291805820934509,0.9491805820934509,0.9091805820934509,0.9091805820934509,0.8991805820934509,0.8991805820934509,0.9191805820934509,0.9091805820934509,0.8991805820934509,0.8891805820934509,0.8941805820934509,0.9041805820934509,0.9041805820934509
30,0.9729642132672527,0.9729642132672527,0.9929642132672527,0.9929642132672527,0.9929642132672527,0.9929642132672527,0.9929642132672527,0.9929642132672527,0.9629642132672527,0.9629642132672527,0.9629642132672527,0.9629642132672527,0.9729642132672527
31,1.0,1.0,1.0,1.0,1.0,0.99,0.99,0.99,0.99,0.98,0.98,0.99,1.0
32,0.9489599115876224,0.9689599115876224,0.9439599115876224,0.9239599115876224,0.9239599115876224,0.9239599115876224,0.9239599115876224,0.9039599115876223,0.9039599115876223,0.9039599115876223,0.9039599115876223,0.9039599115876223,0.9039599115876223
33,0.9152621175889789,0.9052621175889789,0.9152621175889789,0.9152621175889789,0.9252621175889789,0.9352621175889789,0.9452621175889789,0.9352621175889789,0.9252621175889789,0.9252621175889789,0.9252621175889789,0.9152621175889789,0.9252621175889789
34,0.962159844333254,0.952159844333254,0.962159844333254,0.962159844333254,0.952159844333254,0.962159844333254,0.962159844333254,0.972159844333254,0.982159844333254,0.972159844333254,0.982159844333254,0.982159844333254,0.992159844333254
35,0.9672647053094271,0.9672647053094271,0.9672647053094271,0.9672647053094271,0.9672647053094271,0.9972647053094271,0.9972647053094271,0.9822647053094271,0.9722647053094271,0.9722647053094271,0.9622647053094271,0.9522647053094271,0.9622647053094271
36,1.0,0.97,0.98,0.97,0.985,0.985,0.985,0.975,0.975,0.975,0.985,0.985,0.995
37,0.889827234242712,0.889827234242712,0.889827234242712,0.889827234242712,0.879827234242712,0.879827234242712,0.889827234242712,0.889827234242712,0.889827234242712,0.879827234242712,0.869827234242712,0.889827234242712,0.879827234242712
38,0.9274063875105901,0.9274063875105901,0.9274063875105901,0.9274063875105901,0.9274063875105901,0.9274063875105901,0.9274063875105901,0.9274063875105901,0.9274063875105901,0.9374063875105901,0.9374063875105901,0.9374063875105901,0.9374063875105901
39,0.9975979157500265,0.9875979157500265,0.9875979157500265,0.9975979157500265,0.9875979157500265,0.9875979157500265,0.9775979157500265,0.9775979157500265,0.9675979157500265,0.9675979157500265,0.9875979157500265,0.9775979157500265,0.9575979157500265
40,0.9541785699352109,0.9441785699352109,0.9641785699352109,0.9641785699352109,0.9841785699352109,0.9841785699352109,0.9841785699352109,0.9741785699352109,0.9741785699352109,0.9841785699352109,0.9691785699352109,0.9691785699352109,0.9691785699352109
41,0.9574400846235669,0.9574400846235669,0.9674400846235669,0.9674400846235669,0.9574400846235669,0.9574400846235669,0.9574400846235669,0.9474400846235669,0.9574400846235669,0.9674400846235669,0.9674400846235669,0.9674400846235669,0.9674400846235669
42,0.9437403898809373,0.9437403898809373,0.9737403898809374,0.9637403898809374,0.9637403898809374,0.9537403898809373,0.9637403898809374,0.9637403898809374,0.9637403898809374,0.9837403898809374,0.9637403898809374,0.9637403898809374,0.9737403898809374
43,0.933404927308584,0.933404927308584,0.923404927308584,0.923404927308584,0.913404927308584,0.913404927308584,0.913404927308584,0.913404927308584,0.923404927308584,0.923404927308584,0.923404927308584,0.913404927308584,0.913404927308584
44,0.9524249495046689,0.9524249495046689,0.9124249495046689,0.9224249495046689,0.9124249495046689,0.9124249495046689,0.9174249495046689,0.9174249495046689,0.9274249495046689,0.9374249495046689,0.9474249495046689,0.967424949504669,0.9574249495046689
45,0.9192003570519699,0.9192003570519699,0.9192003570519699,0.9392003570519699,0.9392003570519699,0.9392003570519699,0.9592003570519699,0.9592003570519699,0.9542003570519699,0.9542003570519699,0.9442003570519699,0.9442003570519699,0.9442003570519699
46,0.9569967706854753,0.9569967706854753,0.9469967706854753,0.9469967706854753,0.9569967706854753,0.9569967706854753,0.9669967706854753,0.9669967706854753,0.9669967706854753,0.9569967706854753,0.9669967706854753,0.9569967706854753,0.9869967706854753
47,0.9692723302539515,0.9692723302539515,0.9692723302539515,0.9692723302539515,0.9492723302539515,0.9292723302539515,0.9292723302539515,0.9292723302539515,0.9392723302539515,0.9392723302539515,0.9492723302539515,0.9392723302539515,0.9542723302539515
48,0.9390598273164548,0.9390598273164548,0.9490598273164548,0.9490598273164548,0.9490598273164548,0.9690598273164548,0.9590598273164548,0.9590598273164548,0.9690598273164548,0.9690598273164548,0.9790598273164548,0.9790598273164548,0.9790598273164548
49,0.9330028243162569,0.9330028243162569,0.9330028243162569,0.9330028243162569,0.9330028243162569,0.9330028243162569,0.9330028243162569,0.9530028243162569,0.9530028243162569,0.963002824316257,0.963002824316257,0.973002824316257,0.9530028243162569
50,0.948687222161043,0.948687222161043,0.938687222161043,0.938687222161043,0.948687222161043,0.958687222161043,0.958687222161043,0.968687222161043,0.968687222161043,0.978687222161043,0.968687222161043,0.968687222161043,0.948687222161043
51,0.9682545306666976,0.9782545306666977,0.9982545306666977,1.0,0.995,0.985,0.995,0.995,0.975,0.985,0.985,0.985,0.985
52,0.9832439566073476,0.9832439566073476,0.9832439566073476,0.9732439566073476,0.9832439566073476,0.9932439566073477,0.9932439566073477,1.0,1.0,1.0,1.0,1.0,1.0
53,0.939478018804121,0.919478018804121,0.919478018804121,0.929478018804121,0.919478018804121,0.939478018804121,0.929478018804121,0.929478018804121,0.919478018804121,0.929478018804121,0.929478018804121,0.929478018804121,0.939478018804121
54,0.9556581462723378,0.9556581462723378,0.9556581462723378,0.9556581462723378,0.9656581462723378,0.9556581462723378,0.9656581462723378,0.9656581462723378,0.9656581462723378,0.9656581462723378,0.9556581462723378,0.9556581462723378,0.9456581462723378
55,0.9885965768968697,1.0,1.0,1.0,0.995,0.995,0.985,0.985,0.975,0.965,0.965,0.985,0.995
56,0.9771293936076714,0.9771293936076714,0.9871293936076714,0.9871293936076714,0.9871293936076714,0.9871293936076714,0.9771293936076714,0.9871293936076714,0.9871293936076714,0.9871293936076714,0.9771293936076714,0.9671293936076714,0.9671293936076714
57,0.9712444591822025,0.9712444591822025,0.9812444591822025,0.9712444591822025,0.9412444591822025,0.9412444591822025,0.9412444591822025,0.9512444591822025,0.9312444591822024,0.9362444591822024,0.9362444591822024,0.9362444591822024,0.9362444591822024
58,0.9039489363189264,0.9039489363189264,0.9239489363189264,0.9239489363189264,0.9439489363189264,0.9389489363189264,0.9389489363189264,0.9289489363189264,0.9189489363189264,0.9089489363189264,0.9289489363189264,0.9089489363189264,0.9089489363189264
59,0.9744177566521899,0.9844177566521899,0.9844177566521899,0.9844177566521899,0.9744177566521899,0.9744177566521899,0.9744177566521899,0.9844177566521899,0.9844177566521899,0.9494177566521899,0.9494177566521899,0.9494177566521899,0.9494177566521899
60,0.9646760757213109,0.9346760757213108,0.9246760757213108,0.9446760757213108,0.9746760757213109,0.9646760757213109,0.9646760757213109,0.9646760757213109,0.9546760757213109,0.9546760757213109,0.9346760757213108,0.9346760757213108,0.9346760757213108
61,0.9501525054449133,0.9501525054449133,0.9901525054449133,0.9901525054449133,0.9851525054449133,0.9851525054449133,0.9851525054449133,0.9751525054449133,0.9851525054449133,0.9851525054449133,0.9851525054449133,0.9751525054449133,0.9751525054449133
62,0.9516108540546112,0.9516108540546112,0.9616108540546112,0.9616108540546112,0.9616108540546112,0.9716108540546112,0.9716108540546112,0.9916108540546112,0.9916108540546112,0.9916108540546112,0.9716108540546112,0.9916108540546112,0.9916108540546112
63,0.9582225915538415,0.9582225915538415,0.9482225915538415,0.9582225915538415,0.9582225915538415,0.9582225915538415,0.9582225915538415,0.9682225915538415,0.9782225915538415,0.9882225915538415,0.9882225915538415,0.9682225915538415,0.9582225915538415
64,1.0,1.0,1.0,1.0,1.0,0.99,0.99,0.97,0.985,0.975,0.985,0.995,0.985
65,0.9148854142078536,0.9148854142078536,0.9248854142078536,0.9148854142078536,0.9348854142078536,0.9248854142078536,0.9148854142078536,0.9048854142078536,0.8948854142078536,0.8948854142078536,0.8948854142078536,0.8848854142078536,0.8948854142078536
66,0.956507659727478,0.956507659727478,0.956507659727478,0.966507659727478,0.966507659727478,0.946507659727478,0.946507659727478,0.956507659727478,0.936507659727478,0.936507659727478,0.9165076597274779,0.9165076597274779,0.921507659727478
67,0.9046061658080374,0.8846061658080374,0.8846061658080374,0.8846061658080374,0.8846061658080374,0.8746061658080374,0.8846061658080374,0.8746061658080374,0.8746061658080374,0.8746061658080374,0.8746061658080374,0.8646061658080374,0.8746061658080374
68,0.9510113684702343,0.9610113684702343,0.9710113684702343,0.9710113684702343,0.9610113684702343,0.9610113684702343,0.9510113684702343,0.9710113684702343,0.9810113684702343,0.9810113684702343,0.9810113684702343,0.9810113684702343,0.9910113684702343
69,0.9478222696777916,0.9478222696777916,0.9678222696777916,0.9678222696777916,0.9678222696777916,0.9778222696777916,0.9778222696777916,0.9778222696777916,0.9678222696777916,0.9478222696777916,0.9478222696777916,0.9378222696777916,0.9178222696777916
70,0.9263971268179904,0.9063971268179903,0.9163971268179903,0.9363971268179904,0.9163971268179903,0.9163971268179903,0.9363971268179904,0.9363971268179904,0.9263971268179904,0.9063971268179903,0.9163971268179903,0.9063971268179903,0.9163971268179903
71,0.9688066275295772,0.9588066275295772,0.9488066275295772,0.9388066275295772,0.9488066275295772,0.9388066275295772,0.9388066275295772,0.9388066275295772,0.9488066275295772,0.9788066275295773,0.9788066275295773,0.9688066275295772,0.9888066275295773
72,0.9179275144699286,0.9179275144699286,0.9079275144699286,0.9079275144699286,0.9079275144699286,0.9079275144699286,0.8879275144699286,0.9079275144699286,0.8879275144699286,0.8879275144699286,0.8879275144699286,0.8779275144699286,0.8829275144699286
73,0.9142671595571967,0.9142671595571967,0.8942671595571967,0.8942671595571967,0.8942671595571967,0.8942671595571967,0.8842671595571967,0.8992671595571967,0.9292671595571967,0.9292671595571967,0.9392671595571968,0.9292671595571967,0.9292671595571967
74,0.930607158516692,0.930607158516692,0.940607158516692,0.940607158516692,0.940607158516692,0.920607158516692,0.920607158516692,0.920607158516692,0.920607158516692,0.920607158516692,0.920607158516692,0.920607158516692,0.930607158516692
75,0.9450704281539256,0.9550704281539256,0.9350704281539256,0.9350704281539256,0.9550704281539256,0.9850704281539256,0.9750704281539256,0.9850704281539256,0.9850704281539256,0.9850704281539256,0.9850704281539256,0.9800704281539256,0.9800704281539256
76,0.9005104189412501,0.9305104189412501,0.9105104189412501,0.9105104189412501,0.9105104189412501,0.9105104189412501,0.9205104189412501,0.9205104189412501,0.9005104189412501,0.9005104189412501,0.88051041894125,0.88051041894125,0.88051041894125
77,0.9957683627645335,0.9957683627645335,0.9757683627645335,0.9857683627645335,0.9857683627645335,0.9857683627645335,0.9857683627645335,0.9657683627645335,0.9657683627645335,0.9657683627645335,0.9557683627645335,0.9757683627645335,0.9657683627645335
78,0.8963555656574804,0.9063555656574804,0.9063555656574804,0.9063555656574804,0.8863555656574804,0.9063555656574804,0.9363555656574805,0.9263555656574805,0.9263555656574805,0.9063555656574804,0.9163555656574804,0.9163555656574804,0.9063555656574804
79,0.9957113308687999,1.0,1.0,1.0,1.0,0.99,0.99,1.0,1.0,1.0,1.0,0.99,0.98
80,0.9486022071333905,0.9486022071333905,0.9386022071333905,0.9086022071333905,0.9186022071333905,0.9086022071333905,0.9086022071333905,0.9086022071333905,0.9086022071333905,0.9186022071333905,0.9386022071333905,0.9386022071333905,0.9486022071333905
81,0.9152189288681672,0.9052189288681672,0.9052189288681672,0.9052189288681672,0.8852189288681672,0.8852189288681672,0.9002189288681672,0.9002189288681672,0.9102189288681672,0.9102189288681672,0.9002189288681672,0.8902189288681672,0.9102189288681672
82,1.0,1.0,0.99,0.99,0.96,0.96,0.965,0.975,0.975,0.985,0.985,0.995,0.995
83,0.9592810735674653,0.9692810735674653,0.9392810735674653,0.9792810735674653,0.9792810735674653,0.9692810735674653,0.9592810735674653,0.9492810735674653,0.9592810735674653,0.9592810735674653,0.9592810735674653,0.9392810735674653,0.9392810735674653
84,0.9835921719955397,0.9835921719955397,0.9535921719955397,0.9535921719955397,0.9535921719955397,0.9535921719955397,0.9535921719955397,0.9435921719955397,0.9635921719955397,0.9535921719955397,0.9735921719955397,0.9735921719955397,0.9435921719955397
85,1.0,1.0,1.0,0.97,0.96,0.96,0.98,0.97,0.985,1.0,1.0,1.0,1.0
86,0.9307504216377339,0.9207504216377339,0.9207504216377339,0.9107504216377339,0.9107504216377339,0.9107504216377339,0.8907504216377339,0.9107504216377339,0.9107504216377339,0.9307504216377339,0.9307504216377339,0.9307504216377339,0.9307504216377339
87,0.876299626287765,0.886299626287765,0.886299626287765,0.886299626287765,0.886299626287765,0.886299626287765,0.886299626287765,0.896299626287765,0.9062996262877651,0.9062996262877651,0.9062996262877651,0.896299626287765,0.9162996262877651
88,0.9876675536862102,0.9976675536862102,0.9876675536862102,0.9876675536862102,0.9976675536862102,0.9976675536862102,0.9876675536862102,0.9876675536862102,0.9776675536862102,0.9676675536862102,0.9676675536862102,0.9676675536862102,0.9576675536862101
89,0.9777082567235665,0.9877082567235665,1.0,0.99,0.98,0.98,0.98,0.98,0.99,0.99,0.97,0.97,0.97
90,0.904758040013337,0.884758040013337,0.904758040013337,0.914758040013337,0.904758040013337,0.914758040013337,0.9247580400133371,0.9247580400133371,0.9247580400133371,0.9247580400133371,0.9247580400133371,0.9247580400133371,0.9247580400133371
91,0.9454159918766419,0.9154159918766419,0.9354159918766419,0.9254159918766419,0.9254159918766419,0.9154159918766419,0.9154159918766419,0.9154159918766419,0.9054159918766419,0.9054159918766419,0.9154159918766419,0.9054159918766419,0.9054159918766419
92,1.0,0.99,1.0,1.0,0.99,0.98,0.98,0.98,0.98,1.0,1.0,1.0,0.99
93,0.956332088520964,0.936332088520964,0.9163320885209639,0.9163320885209639,0.9163320885209639,0.9213320885209639,0.9213320885209639,0.9213320885209639,0.9213320885209639,0.9213320885209639,0.941332088520964,0.951332088520964,0.9313320885209639
94,0.9574004674684048,0.9574004674684048,0.9574004674684048,0.9574004674684048,0.9474004674684048,0.9474004674684048,0.9474004674684048,0.9474004674684048,0.9374004674684048,0.9374004674684048,0.9374004674684048,0.9624004674684048,0.9624004674684048
95,0.9273397035991037,0.9173397035991037,0.9073397035991037,0.9173397035991037,0.9173397035991037,0.8873397035991036,0.8923397035991036,0.9223397035991037,0.9423397035991037,0.9423397035991037,0.9423397035991037,0.9423397035991037,0.9423397035991037
96,0.9615778373200727,0.9515778373200727,0.9515778373200727,0.9515778373200727,0.9515778373200727,0.9615778373200727,0.9615778373200727,0.9615778373200727,0.9615778373200727,0.9615778373200727,0.9915778373200728,0.9765778373200728,0.9465778373200727
97,0.9485075893329883,0.9485075893329883,0.9485075893329883,0.9385075893329883,0.9285075893329883,0.9185075893329883,0.9185075893329883,0.9085075893329883,0.9185075893329883,0.9185075893329883,0.9185075893329883,0.9285075893329883,0.9385075893329883
98,0.9721652498501857,0.9821652498501857,0.9921652498501857,1.0,0.99,1.0,0.995,0.985,1.0,0.97,0.98,0.98,0.98
99,0.999996544837653,1.0,0.99,0.99,1.0,0.98,0.98,0.98,0.99,1.0,1.0,1.0,1.0
100,0.8792266440446566,0.8792266440446566,0.8792266440446566,0.8792266440446566,0.8792266440446566,0.8892266440446566,0.9092266440446566,0.9092266440446566,0.8892266440446566,0.9192266440446566,0.9192266440446566,0.9092266440446566,0.8942266440446566
101,0.9249946492063499,0.9249946492063499,0.9349946492063499,0.9249946492063499,0.9349946492063499,0.9349946492063499,0.9449946492063499,0.9449946492063499,0.9449946492063499,0.9449946492063499,0.9449946492063499,0.9449946492063499,0.9149946492063499
102,0.8979842559734804,0.8979842559734804,0.9179842559734804,0.8979842559734804,0.8979842559734804,0.8979842559734804,0.9079842559734804,0.8979842559734804,0.9179842559734804,0.9279842559734804,0.9179842559734804,0.9179842559734804,0.9079842559734804
103,0.972084380454045,0.982084380454045,0.962084380454045,0.952084380454045,0.952084380454045,0.952084380454045,0.952084380454045,0.942084380454045,0.932084380454045,0.932084380454045,0.937084380454045,0.947084380454045,0.967084380454045
104,0.9737434330530197,0.9837434330530197,0.9837434330530197,0.9837434330530197,0.9837434330530197,0.9837434330530197,0.9737434330530197,0.9737434330530197,0.9537434330530197,0.9837434330530197,0.9737434330530197,0.9737434330530197,0.9637434330530197
105,0.9849758373932997,0.9749758373932997,0.9849758373932997,0.9749758373932997,0.9549758373932997,0.9649758373932997,0.9749758373932997,1.0,1.0,1.0,0.98,0.98,0.97
106,0.9819500862261716,0.9719500862261716,0.9719500862261716,0.9719500862261716,0.9919500862261716,0.9619500862261716,0.9619500862261716,0.9619500862261716,0.9719500862261716,0.9819500862261716,0.9919500862261716,0.9919500862261716,1.0
107,0.9864892979438873,1.0,1.0,0.985,0.985,1.0,0.99,0.99,0.98,0.98,0.98,0.98,0.98
108,0.9114920423880614,0.9114920423880614,0.9214920423880614,0.9114920423880614,0.9214920423880614,0.9414920423880614,0.9314920423880614,0.9314920423880614,0.9314920423880614,0.9114920423880614,0.9114920423880614,0.9114920423880614,0.9114920423880614
109,0.9350212602347842,0.9350212602347842,0.9250212602347841,0.9250212602347841,0.9250212602347841,0.9250212602347841,0.9150212602347841,0.8950212602347841,0.9000212602347841,0.9000212602347841,0.9100212602347841,0.9100212602347841,0.9400212602347842
110,0.9748093723866933,0.9848093723866933,0.9648093723866933,0.9648093723866933,0.9648093723866933,0.9648093723866933,0.9648093723866933,0.9748093723866933,0.9648093723866933,0.9648093723866933,0.9548093723866933,0.9348093723866933,0.9348093723866933
111,0.9317303501330071,0.9217303501330071,0.9417303501330071,0.9517303501330071,0.9617303501330071,0.9517303501330071,0.9417303501330071,0.9417303501330071,0.9517303501330071,0.9517303501330071,0.9417303501330071,0.9417303501330071,0.9317303501330071
112,0.8802766259437231,0.8702766259437231,0.8702766259437231,0.8602766259437231,0.8702766259437231,0.8702766259437231,0.8602766259437231,0.8502766259437231,0.8402766259437231,0.8402766259437231,0.8402766259437231,0.8402766259437231,0.8402766259437231
113,0.9160969689644105,0.9060969689644105,0.9060969689644105,0.8860969689644105,0.8760969689644105,0.8810969689644105,0.8910969689644105,0.8910969689644105,0.8910969689644105,0.8910969689644105,0.9110969689644105,0.9010969689644105,0.9010969689644105
114,0.9177685819050616,0.9177685819050616,0.9177685819050616,0.9377685819050616,0.9377685819050616,0.9377685819050616,0.9377685819050616,0.9377685819050616,0.9377685819050616,0.9177685819050616,0.9077685819050616,0.8977685819050616,0.8977685819050616
115,0.9755136762717214,0.9955136762717214,1.0,1.0,1.0,0.995,0.985,0.995,0.995,0.985,0.985,0.985,0.985
116,0.9953350115439954,1.0,1.0,1.0,0.97,1.0,0.99,0.96,0.95,0.95,0.95,0.95,0.95
117,0.9981855035642069,0.9981855035642069,0.9981855035642069,1.0,1.0,1.0,1.0,0.98,0.95,0.96,0.95,0.96,0.95
118,0.9298738236845159,0.9098738236845159,0.9098738236845159,0.9298738236845159,0.9298738236845159,0.9498738236845159,0.9698738236845159,0.9698738236845159,0.9648738236845159,0.9648738236845159,0.9448738236845159,0.9548738236845159,0.9548738236845159
119,0.8996210383282228,0.8996210383282228,0.8996210383282228,0.9296210383282228,0.9396210383282229,0.9396210383282229,0.9396210383282229,0.9346210383282229,0.9346210383282229,0.9346210383282229,0.9346210383282229,0.9146210383282228,0.8946210383282228
120,0.9501282597668687,0.9401282597668686,0.9401282597668686,0.9101282597668686,0.9201282597668686,0.9401282597668686,0.9101282597668686,0.9101282597668686,0.9151282597668686,0.9351282597668686,0.9351282597668686,0.9151282597668686,0.9051282597668686
121,0.9051099513595673,0.9051099513595673,0.8951099513595673,0.8851099513595673,0.8951099513595673,0.9051099513595673,0.9151099513595673,0.9151099513595673,0.8951099513595673,0.8851099513595673,0.8751099513595673,0.8751099513595673,0.8751099513595673
122,0.9492442168628897,0.9392442168628897,0.9392442168628897,0.9392442168628897,0.9292442168628897,0.9192442168628897,0.9392442168628897,0.9392442168628897,0.9392442168628897,0.9392442168628897,0.9392442168628897,0.9492442168628897,0.9192442168628897
123,0.9380569375784087,0.9580569375784087,0.9380569375784087,0.9380569375784087,0.9180569375784087,0.9080569375784087,0.9180569375784087,0.9180569375784087,0.9080569375784087,0.9080569375784087,0.9080569375784087,0.9080569375784087,0.9080569375784087
124,0.9357263037682773,0.9357263037682773,0.9357263037682773,0.8957263037682772,0.9057263037682772,0.9357263037682773,0.9357263037682773,0.9457263037682773,0.9457263037682773,0.9457263037682773,0.9457263037682773,0.9457263037682773,0.9457263037682773
125,0.9242995200404034,0.9342995200404034,0.9342995200404034,0.9542995200404034,0.9342995200404034,0.9242995200404034,0.9242995200404034,0.9342995200404034,0.9342995200404034,0.9442995200404034,0.9442995200404034,0.9642995200404034,0.9542995200404034
126,0.9973147405423868,1.0,0.98,0.97,0.96,0.95,0.95,0.96,0.97,0.97,0.96,0.98,0.98
127,0.9181256988373209,0.9081256988373209,0.9181256988373209,0.9081256988373209,0.9181256988373209,0.9181256988373209,0.9281256988373209,0.9181256988373209,0.9281256988373209,0.9281256988373209,0.9181256988373209,0.9181256988373209,0.9181256988373209
128,1.0,1.0,0.99,1.0,1.0,1.0,1.0,1.0,0.985,1.0,1.0,0.99,0.98
129,0.9338541348473752,0.9438541348473752,0.9438541348473752,0.9538541348473752,0.9438541348473752,0.9438541348473752,0.9338541348473752,0.9438541348473752,0.9238541348473752,0.9438541348473752,0.9038541348473752,0.9238541348473752,0.9238541348473752
130,0.9809023981155323,0.9609023981155322,0.9609023981155322,0.9509023981155322,0.9409023981155322,0.9409023981155322,0.9409023981155322,0.9459023981155322,0.9559023981155322,0.9559023981155322,0.9559023981155322,0.9559023981155322,0.9459023981155322
131,0.9418213931361229,0.9518213931361229,0.9518213931361229,0.9518213931361229,0.9618213931361229,0.9518213931361229,0.9518213931361229,0.9418213931361229,0.9418213931361229,0.9418213931361229,0.9318213931361229,0.9318213931361229,0.9318213931361229
132,0.9646031598843453,0.9646031598843453,0.9646031598843453,0.9646031598843453,0.9546031598843453,0.9646031598843453,0.9646031598843453,0.9646031598843453,0.9746031598843453,0.9946031598843453,0.9946031598843453,0.9746031598843453,0.9746031598843453
133,0.9413110888032543,0.9513110888032543,0.9713110888032543,0.9563110888032543,0.9563110888032543,0.9663110888032543,0.9363110888032543,0.9063110888032543,0.9063110888032543,0.8963110888032543,0.8963110888032543,0.8963110888032543,0.8963110888032543
134,0.9647915197942006,0.9647915197942006,0.9647915197942006,0.9647915197942006,0.9647915197942006,0.9547915197942006,0.9547915197942006,0.9547915197942006,0.9547915197942006,0.9547915197942006,0.9547915197942006,0.9547915197942006,0.9547915197942006
135,0.8776462195329209,0.8676462195329209,0.8476462195329209,0.8476462195329209,0.8476462195329209,0.8476462195329209,0.8376462195329208,0.8426462195329208,0.8426462195329208,0.8626462195329209,0.8326462195329208,0.8326462195329208,0.8326462195329208
136,0.8990413291421641,0.8990413291421641,0.889041329142164,0.889041329142164,0.879041329142164,0.879041329142164,0.879041329142164,0.859041329142164,0.859041329142164,0.859041329142164,0.859041329142164,0.864041329142164,0.874041329142164
137,0.9318639156463161,0.9318639156463161,0.9418639156463161,0.9518639156463161,0.9518639156463161,0.9618639156463161,0.9618639156463161,0.9518639156463161,0.9418639156463161,0.9618639156463161,0.9518639156463161,0.9518639156463161,0.9418639156463161
138,0.9783469503453237,0.9883469503453237,0.9683469503453237,0.9783469503453237,0.9983469503453237,1.0,0.99,0.97,0.99,1.0,0.985,0.975,0.975
139,0.9610478497754954,0.9610478497754954,0.9510478497754954,0.9510478497754954,0.9610478497754954,0.9610478497754954,0.9710478497754954,0.9710478497754954,0.9710478497754954,0.9710478497754954,0.9810478497754954,0.9810478497754954,0.9810478497754954
140,0.9223076760531493,0.9223076760531493,0.9323076760531493,0.9423076760531494,0.9423076760531494,0.9323076760531493,0.9423076760531494,0.9323076760531493,0.9523076760531494,0.9623076760531494,0.9523076760531494,0.9523076760531494,0.9523076760531494
141,0.8799017176683683,0.8899017176683683,0.8899017176683683,0.8899017176683683,0.8999017176683684,0.9099017176683684,0.8999017176683684,0.8999017176683684,0.8999017176683684,0.8999017176683684,0.9199017176683684,0.9199017176683684,0.9099017176683684
142,1.0,1.0,0.98,0.98,1.0,1.0,0.98,0.98,0.98,0.98,0.98,0.97,0.99
143,1.0,1.0,1.0,0.98,1.0,1.0,0.985,0.985,0.965,0.975,0.975,0.975,0.975
144,0.9451258329362905,0.9451258329362905,0.9451258329362905,0.9251258329362905,0.9251258329362905,0.9251258329362905,0.9251258329362905,0.9251258329362905,0.9251258329362905,0.9251258329362905,0.9251258329362905,0.9251258329362905,0.9251258329362905
145,0.983453875138803,0.983453875138803,0.983453875138803,1.0,1.0,0.99,0.98,0.96,0.97,0.98,0.99,0.97,0.97
146,0.8883092865223724,0.8883092865223724,0.8583092865223724,0.8583092865223724,0.8783092865223724,0.8783092865223724,0.8983092865223724,0.8683092865223724,0.8683092865223724,0.8683092865223724,0.8683092865223724,0.8683092865223724,0.8883092865223724
147,0.9289725623722372,0.9289725623722372,0.9489725623722373,0.9289725623722372,0.9189725623722372,0.9189725623722372,0.9289725623722372,0.9289725623722372,0.9189725623722372,0.9089725623722372,0.8989725623722372,0.9089725623722372,0.9089725623722372
148,0.9677602626297588,0.9777602626297588,0.9877602626297588,0.9977602626297588,1.0,0.995,0.995,0.995,0.995,0.975,0.985,0.955,0.9349999999999999
149,0.9165732964971522,0.8965732964971522,0.8965732964971522,0.8865732964971522,0.8865732964971522,0.8865732964971522,0.8965732964971522,0.8865732964971522,0.8965732964971522,0.9065732964971522,0.9365732964971523,0.9365732964971523,0.9165732964971522
150,0.9944155803574126,1.0,1.0,1.0,0.99,1.0,1.0,0.98,0.98,0.97,0.98,1.0,0.985
151,0.933738914329133,0.923738914329133,0.923738914329133,0.893738914329133,0.893738914329133,0.913738914329133,0.913738914329133,0.903738914329133,0.903738914329133,0.903738914329133,0.903738914329133,0.903738914329133,0.903738914329133
152,0.9518726587965506,0.9518726587965506,0.9518726587965506,0.9618726587965506,0.9818726587965506,0.9818726587965506,0.9718726587965506,0.9718726587965506,0.9718726587965506,0.9818726587965506,0.9818726587965506,0.9818726587965506,0.9718726587965506
153,0.9246445835275481,0.9246445835275481,0.9246445835275481,0.9246445835275481,0.9246445835275481,0.9246445835275481,0.9446445835275481,0.9446445835275481,0.9446445835275481,0.9446445835275481,0.9446445835275481,0.9446445835275481,0.9446445835275481
154,0.9958341260462797,1.0,0.99,1.0,1.0,1.0,0.98,1.0,0.99,1.0,1.0,1.0,1.0
155,0.8787430836155485,0.8787430836155485,0.8487430836155485,0.8587430836155485,0.8587430836155485,0.8587430836155485,0.8587430836155485,0.8837430836155485,0.8937430836155486,0.8937430836155486,0.9137430836155486,0.9037430836155486,0.9037430836155486
156,0.953650800431841,0.953650800431841,0.983650800431841,0.983650800431841,0.983650800431841,0.983650800431841,0.973650800431841,0.983650800431841,0.973650800431841,0.973650800431841,0.963650800431841,0.963650800431841,0.973650800431841
157,0.9695656651738603,0.9695656651738603,0.9695656651738603,0.9795656651738603,0.9795656651738603,0.9995656651738604,1.0,1.0,0.99,0.99,0.99,0.99,0.99
158,0.9417553259159567,0.9317553259159567,0.9317553259159567,0.9517553259159567,0.9517553259159567,0.9417553259159567,0.9417553259159567,0.9417553259159567,0.9417553259159567,0.9417553259159567,0.9517553259159567,0.9517553259159567,0.9617553259159567
159,0.9376346085867395,0.9376346085867395,0.9376346085867395,0.9476346085867395,0.9376346085867395,0.9376346085867395,0.9376346085867395,0.9476346085867395,0.9576346085867395,0.9576346085867395,0.9576346085867395,0.9776346085867396,0.9776346085867396
160,1.0,1.0,1.0,1.0,1.0,1.0,1.0,1.0,1.0,0.98,0.98,0.98,0.97
161,0.9427630673648947,0.9227630673648947,0.9227630673648947,0.9227630673648947,0.9227630673648947,0.9227630673648947,0.9127630673648947,0.9127630673648947,0.9227630673648947,0.9127630673648947,0.9027630673648946,0.9227630673648947,0.9127630673648947
162,0.9735137784831438,0.9635137784831438,0.9735137784831438,0.9535137784831438,0.9535137784831438,0.9535137784831438,0.9735137784831438,0.9535137784831438,0.9835137784831438,0.9735137784831438,0.9735137784831438,0.9735137784831438,0.9735137784831438
163,0.9402092025131432,0.9502092025131432,0.9402092025131432,0.9402092025131432,0.9602092025131432,0.9602092025131432,0.9602092025131432,0.9602092025131432,0.9802092025131433,0.9802092025131433,0.9752092025131432,0.9752092025131432,0.9652092025131432
164,0.9458207523534347,0.9458207523534347,0.9458207523534347,0.9458207523534347,0.9358207523534346,0.9358207523534346,0.9458207523534347,0.9558207523534347,0.9558207523534347,0.9358207523534346,0.9458207523534347,0.9458207523534347,0.9458207523534347
165,0.954723150224557,0.964723150224557,0.974723150224557,0.974723150224557,0.974723150224557,0.954723150224557,0.944723150224557,0.934723150224557,0.954723150224557,0.944723150224557,0.934723150224557,0.934723150224557,0.944723150224557
166,0.880765797283579,0.880765797283579,0.890765797283579,0.880765797283579,0.880765797283579,0.890765797283579,0.910765797283579,0.910765797283579,0.910765797283579,0.910765797283579,0.910765797283579,0.910765797283579,0.910765797283579
167,0.9282560866879358,0.9282560866879358,0.9282560866879358,0.9382560866879358,0.9282560866879358,0.9382560866879358,0.9382560866879358,0.9282560866879358,0.9282560866879358,0.9082560866879358,0.9082560866879358,0.8982560866879358,0.8982560866879358
168,0.9540109211304151,0.9540109211304151,0.9340109211304151,0.924010921130415,0.924010921130415,0.924010921130415,0.924010921130415,0.914010921130415,0.919010921130415,0.919010921130415,0.919010921130415,0.919010921130415,0.9390109211304151
169,0.9362576218976308,0.9362576218976308,0.9362576218976308,0.9362576218976308,0.9262576218976308,0.9262576218976308,0.9362576218976308,0.9462576218976309,0.9562576218976309,0.9562576218976309,0.9462576218976309,0.9462576218976309,0.9462576218976309
170,0.9818166334886459,1.0,0.99,1.0,0.99,0.99,0.98,0.98,1.0,1.0,1.0,0.99,0.99
171,1.0,1.0,1.0,1.0,1.0,1.0,0.995,0.995,0.985,0.985,0.975,0.975,0.975
172,0.9716294008563365,0.9616294008563365,0.9616294008563365,0.9616294008563365,0.9516294008563365,0.9616294008563365,0.9616294008563365,0.9616294008563365,0.9816294008563365,0.9916294008563366,0.9616294008563365,0.9616294008563365,0.9616294008563365
173,0.864377172528846,0.864377172528846,0.864377172528846,0.854377172528846,0.834377172528846,0.844377172528846,0.844377172528846,0.854377172528846,0.854377172528846,0.8743771725288461,0.8743771725288461,0.864377172528846,0.864377172528846
174,0.934132462344328,0.944132462344328,0.944132462344328,0.944132462344328,0.924132462344328,0.924132462344328,0.914132462344328,0.914132462344328,0.904132462344328,0.904132462344328,0.919132462344328,0.889132462344328,0.889132462344328
175,0.9223897387079051,0.9223897387079051,0.9223897387079051,0.9423897387079051,0.9423897387079051,0.9423897387079051,0.9323897387079051,0.9323897387079051,0.9323897387079051,0.9323897387079051,0.9323897387079051,0.9423897387079051,0.9323897387079051
176,0.9540604387327212,0.9640604387327212,0.9840604387327212,0.9840604387327212,0.9840604387327212,0.9840604387327212,0.9840604387327212,0.9840604387327212,0.9840604387327212,0.9840604387327212,0.9840604387327212,0.9840604387327212,0.9740604387327212
177,0.9389487468421778,0.9289487468421778,0.9289487468421778,0.9389487468421778,0.9389487468421778,0.9289487468421778,0.9289487468421778,0.9389487468421778,0.9389487468421778,0.9389487468421778,0.9389487468421778,0.9389487468421778,0.9389487468421778
178,0.8997151614751596,0.8897151614751596,0.9097151614751596,0.8997151614751596,0.8897151614751596,0.8997151614751596,0.9097151614751596,0.9097151614751596,0.9097151614751596,0.9097151614751596,0.8797151614751596,0.8797151614751596,0.8797151614751596
179,0.9569115806264809,0.9669115806264809,0.9669115806264809,0.9769115806264809,0.9669115806264809,0.9669115806264809,0.9769115806264809,0.9869115806264809,0.9969115806264809,0.9919115806264809,0.9819115806264809,0.9719115806264809,0.9719115806264809
180,0.9641228763886208,0.9641228763886208,0.9541228763886208,0.9541228763886208,0.9541228763886208,0.9441228763886208,0.9441228763886208,0.9341228763886208,0.9241228763886208,0.9291228763886208,0.9391228763886208,0.9291228763886208,0.9391228763886208
181,0.9518164705087858,0.9418164705087858,0.9318164705087858,0.9318164705087858,0.9418164705087858,0.9518164705087858,0.9318164705087858,0.9218164705087858,0.9318164705087858,0.9568164705087858,0.9568164705087858,0.9768164705087858,0.9668164705087858
182,0.9820176561198389,0.9820176561198389,0.9620176561198389,0.9620176561198389,0.9620176561198389,0.9520176561198389,0.9620176561198389,0.9520176561198389,0.9520176561198389,0.9620176561198389,0.9620176561198389,0.9620176561198389,0.9520176561198389
183,0.9492768508233382,0.9392768508233382,0.9292768508233382,0.9592768508233382,0.9692768508233383,0.9692768508233383,0.9792768508233383,0.9492768508233382,0.9292768508233382,0.9292768508233382,0.9392768508233382,0.9592768508233382,0.9592768508233382
184,0.9047755838229534,0.9047755838229534,0.9047755838229534,0.9147755838229534,0.9047755838229534,0.9447755838229535,0.9447755838229535,0.9247755838229534,0.9347755838229534,0.9347755838229534,0.9347755838229534,0.9347755838229534,0.9247755838229534
185,0.9222601528223237,0.9222601528223237,0.9122601528223236,0.9122601528223236,0.9122601528223236,0.9122601528223236,0.8922601528223236,0.8922601528223236,0.9022601528223236,0.9122601528223236,0.9122601528223236,0.9022601528223236,0.8922601528223236
186,0.94257876785809,0.94257876785809,0.94257876785809,0.95257876785809,0.95257876785809,0.95257876785809,0.94257876785809,0.94257876785809,0.92257876785809,0.92257876785809,0.90257876785809,0.90757876785809,0.90757876785809
187,0.8929193071025339,0.9029193071025339,0.9029193071025339,0.8929193071025339,0.8929193071025339,0.9029193071025339,0.8829193071025339,0.9129193071025339,0.9129193071025339,0.9229193071025339,0.9329193071025339,0.9279193071025339,0.9179193071025339
188,0.9890892361747605,0.9790892361747605,0.9790892361747605,0.9690892361747605,0.9790892361747605,0.9690892361747605,0.9990892361747605,1.0,1.0,1.0,1.0,0.995,0.985
189,0.9672359984838261,0.9672359984838261,0.9972359984838262,0.9872359984838261,0.9772359984838261,0.9672359984838261,0.9472359984838261,0.9572359984838261,0.9672359984838261,0.9772359984838261,0.9672359984838261,0.9672359984838261,0.9572359984838261
190,0.9289095954082202,0.9389095954082202,0.9689095954082202,0.9689095954082202,0.9689095954082202,0.9289095954082202,0.9289095954082202,0.9189095954082201,0.9189095954082201,0.9389095954082202,0.9189095954082201,0.8989095954082201,0.8889095954082201
191,1.0,0.98,0.98,0.98,0.98,0.98,0.99,0.98,1.0,0.99,0.99,0.99,0.99
192,0.8875096556412276,0.8975096556412276,0.8775096556412276,0.8775096556412276,0.8775096556412276,0.8775096556412276,0.8775096556412276,0.8675096556412276,0.8575096556412276,0.8775096556412276,0.8675096556412276,0.8575096556412276,0.8475096556412276
193,0.9885253507806159,0.9885253507806159,0.9885253507806159,0.9985253507806159,1.0,0.99,0.99,1.0,0.98,0.97,0.98,0.99,1.0
194,0.9600768478117213,0.9700768478117213,0.9600768478117213,0.9500768478117213,0.9200768478117213,0.9200768478117213,0.9300768478117213,0.9300768478117213,0.9450768478117213,0.9650768478117213,0.9750768478117213,0.9650768478117213,0.9850768478117213
195,0.9477254106566081,0.9577254106566081,0.9577254106566081,0.9477254106566081,0.9277254106566081,0.9477254106566081,0.9477254106566081,0.9477254106566081,0.9477254106566081,0.9477254106566081,0.9477254106566081,0.9477254106566081,0.9277254106566081
196,1.0,1.0,0.98,0.98,0.98,0.99,0.99,1.0,1.0,1.0,1.0,1.0,1.0
197,0.9917072601010104,0.9817072601010104,0.9917072601010104,1.0,1.0,0.99,0.99,0.99,0.99,0.99,0.99,1.0,0.99
198,0.9622499891180879,0.9622499891180879,0.9622499891180879,0.9422499891180879,0.9522499891180879,0.9222499891180879,0.9222499891180879,0.9522499891180879,0.9422499891180879,0.9322499891180879,0.9422499891180879,0.9422499891180879,0.9422499891180879
199,0.9128460458297403,0.9328460458297403,0.9228460458297403,0.9428460458297403,0.9428460458297403,0.9278460458297403,0.9278460458297403,0.9378460458297403,0.9378460458297403,0.9378460458297403,0.9478460458297403,0.9378460458297403,0.9178460458297403
200,0.954523497128603,0.954523497128603,0.974523497128603,0.994523497128603,0.989523497128603,0.979523497128603,0.979523497128603,0.979523497128603,0.979523497128603,0.989523497128603,0.979523497128603,0.979523497128603,0.979523497128603
201,0.9106210599189973,0.8906210599189973,0.8906210599189973,0.8806210599189973,0.8956210599189973,0.8856210599189973,0.8856210599189973,0.8756210599189973,0.8756210599189973,0.8856210599189973,0.8756210599189973,0.8856210599189973,0.9056210599189973
202,0.9527752175150258,0.9527752175150258,0.9527752175150258,0.9527752175150258,0.9627752175150258,0.9627752175150258,0.9527752175150258,0.9327752175150258,0.9227752175150258,0.9127752175150258,0.9177752175150258,0.9277752175150258,0.9377752175150258
203,0.9170648032896617,0.9270648032896617,0.9370648032896617,0.9570648032896617,0.9570648032896617,0.9370648032896617,0.9370648032896617,0.9370648032896617,0.9470648032896617,0.9370648032896617,0.9470648032896617,0.9570648032896617,0.9520648032896617
204,0.9198594361017572,0.9198594361017572,0.9398594361017573,0.9398594361017573,0.9398594361017573,0.9498594361017573,0.9498594361017573,0.9598594361017573,0.9548594361017573,0.9448594361017573,0.9248594361017572,0.9448594361017573,0.9248594361017572
205,0.9250013455833176,0.9150013455833176,0.9450013455833176,0.9550013455833176,0.9250013455833176,0.9050013455833176,0.9050013455833176,0.9150013455833176,0.9050013455833176,0.9250013455833176,0.9350013455833176,0.8950013455833176,0.8850013455833176
206,0.9939841887324328,0.9939841887324328,0.9939841887324328,1.0,1.0,1.0,0.995,0.995,0.985,0.985,0.975,0.965,0.945
207,0.9988019506339378,1.0,1.0,1.0,1.0,1.0,1.0,0.99,0.99,0.99,1.0,0.97,0.96
208,0.914585879896226,0.914585879896226,0.934585879896226,0.944585879896226,0.954585879896226,0.954585879896226,0.944585879896226,0.929585879896226,0.939585879896226,0.949585879896226,0.939585879896226,0.939585879896226,0.939585879896226
209,0.9260262359244843,0.9360262359244843,0.9360262359244843,0.9260262359244843,0.9560262359244843,0.9360262359244843,0.9660262359244843,0.9560262359244843,0.9460262359244843,0.9360262359244843,0.9360262359244843,0.9160262359244843,0.9160262359244843
210,0.9793784428478466,0.9693784428478466,0.9693784428478466,0.9793784428478466,0.9793784428478466,0.9793784428478466,0.9693784428478466,0.9793784428478466,0.9693784428478466,0.9693784428478466,0.9693784428478466,0.9693784428478466,0.9693784428478466
211,1.0,0.98,1.0,1.0,1.0,0.99,0.99,0.99,0.98,0.98,0.98,0.98,0.98
212,0.9433431943503953,0.9333431943503953,0.9333431943503953,0.9333431943503953,0.9533431943503953,0.9333431943503953,0.9333431943503953,0.9333431943503953,0.9133431943503952,0.9233431943503952,0.9133431943503952,0.9283431943503953,0.9283431943503953
213,0.9687852493920911,0.9587852493920911,0.9387852493920911,0.9287852493920911,0.9287852493920911,0.9487852493920911,0.9487852493920911,0.9487852493920911,0.9487852493920911,0.9487852493920911,0.9487852493920911,0.9287852493920911,0.9487852493920911
214,0.9426206722932512,0.9626206722932512,0.9426206722932512,0.9626206722932512,0.9626206722932512,0.9526206722932512,0.9526206722932512,0.9626206722932512,0.9726206722932512,0.9576206722932512,0.9676206722932512,0.9776206722932512,0.9676206722932512
215,0.9762561809667244,0.9862561809667244,0.9762561809667244,0.9762561809667244,0.9762561809667244,0.9762561809667244,0.9662561809667244,0.9662561809667244,0.9662561809667244,0.9662561809667244,0.9662561809667244,0.9662561809667244,0.9762561809667244
216,0.9739132985731684,0.9839132985731684,0.9639132985731684,0.9639132985731684,0.9739132985731684,0.9839132985731684,0.9839132985731684,0.9739132985731684,0.9739132985731684,0.9739132985731684,0.9439132985731684,0.9439132985731684,0.9339132985731684
217,0.9413535762453261,0.9413535762453261,0.9313535762453261,0.9313535762453261,0.9313535762453261,0.9313535762453261,0.9313535762453261,0.9613535762453261,0.9613535762453261,0.9213535762453261,0.9213535762453261,0.9213535762453261,0.9213535762453261
218,1.0,1.0,1.0,1.0,1.0,0.98,0.98,0.97,0.95,0.95,0.94,0.94,0.94
219,0.9298520718025176,0.9098520718025176,0.9098520718025176,0.8998520718025176,0.8998520718025176,0.9098520718025176,0.8898520718025176,0.9098520718025176,0.9098520718025176,0.9198520718025176,0.9198520718025176,0.8898520718025176,0.8898520718025176
220,0.9361384793908375,0.9361384793908375,0.9261384793908375,0.9261384793908375,0.9161384793908375,0.9361384793908375,0.9461384793908375,0.9461384793908375,0.9161384793908375,0.9361384793908375,0.9561384793908375,0.9761384793908375,0.9761384793908375
221,0.920232310659155,0.930232310659155,0.930232310659155,0.930232310659155,0.960232310659155,0.950232310659155,0.935232310659155,0.915232310659155,0.925232310659155,0.925232310659155,0.915232310659155,0.915232310659155,0.935232310659155
222,0.9552233364500458,0.9552233364500458,0.9752233364500458,0.9652233364500458,0.9652233364500458,0.9652233364500458,0.9552233364500458,0.9552233364500458,0.9652233364500458,0.9552233364500458,0.9452233364500457,0.9452233364500457,0.9452233364500457
223,0.9370815003355368,0.9370815003355368,0.9370815003355368,0.9370815003355368,0.9370815003355368,0.9370815003355368,0.9570815003355368,0.9570815003355368,0.9270815003355368,0.9470815003355368,0.9370815003355368,0.9370815003355368,0.9270815003355368
224,0.9889995930395439,0.9989995930395439,0.9989995930395439,0.9989995930395439,0.9889995930395439,0.9889995930395439,1.0,0.99,0.99,1.0,1.0,1.0,1.0
225,0.9331245851159388,0.9431245851159388,0.9531245851159388,0.9531245851159388,0.9331245851159388,0.9331245851159388,0.9431245851159388,0.9231245851159388,0.9231245851159388,0.9231245851159388,0.9231245851159388,0.9131245851159387,0.9381245851159388
226,0.9214902262038712,0.9314902262038712,0.9414902262038712,0.9314902262038712,0.9314902262038712,0.9414902262038712,0.9314902262038712,0.9314902262038712,0.9314902262038712,0.9314902262038712,0.9214902262038712,0.9214902262038712,0.9214902262038712
227,0.9113392987400827,0.8813392987400827,0.8713392987400826,0.8763392987400827,0.8763392987400827,0.8963392987400827,0.8863392987400827,0.8963392987400827,0.8863392987400827,0.8863392987400827,0.9063392987400827,0.9063392987400827,0.9063392987400827
228,0.9355608403238945,0.9355608403238945,0.9255608403238945,0.9155608403238945,0.9155608403238945,0.9455608403238945,0.9555608403238945,0.9555608403238945,0.9455608403238945,0.9555608403238945,0.9455608403238945,0.9355608403238945,0.9355608403238945
229,0.9732760571800887,0.9732760571800887,0.9732760571800887,0.9632760571800887,0.9732760571800887,0.9732760571800887,0.9732760571800887,0.9932760571800887,0.9832760571800887,0.9832760571800887,0.9832760571800887,0.9832760571800887,0.9832760571800887
230,0.9598119808835169,0.9498119808835169,0.9698119808835169,0.979811980883517,0.9698119808835169,0.9698119808835169,0.979811980883517,0.989811980883517,0.989811980883517,0.979811980883517,0.979811980883517,0.979811980883517,0.999811980883517
231,1.0,1.0,1.0,0.99,0.99,0.99,0.99,1.0,1.0,0.99,1.0,1.0,0.99
232,0.9788700656242368,0.9788700656242368,0.9788700656242368,0.9688700656242368,0.9688700656242368,0.9588700656242368,0.9588700656242368,0.9388700656242368,0.9488700656242368,0.9388700656242368,0.9438700656242368,0.9438700656242368,0.9438700656242368
233,0.983863466665937,0.983863466665937,0.983863466665937,0.983863466665937,0.973863466665937,0.983863466665937,0.983863466665937,0.9938634666659371,0.9938634666659371,0.983863466665937,0.9938634666659371,0.9938634666659371,0.9938634666659371
234,0.9316155349753997,0.9616155349753998,0.9416155349753997,0.9416155349753997,0.9416155349753997,0.9416155349753997,0.9716155349753998,0.9666155349753998,0.9766155349753998,0.9766155349753998,0.9766155349753998,0.9766155349753998,0.9666155349753998
235,0.9201970290341752,0.9201970290341752,0.9201970290341752,0.9201970290341752,0.9001970290341752,0.9301970290341752,0.9301970290341752,0.9301970290341752,0.9201970290341752,0.9401970290341752,0.9401970290341752,0.9401970290341752,0.9301970290341752
236,0.9477165701676531,0.9377165701676531,0.9377165701676531,0.9377165701676531,0.9377165701676531,0.9377165701676531,0.9377165701676531,0.9177165701676531,0.9277165701676531,0.9277165701676531,0.9277165701676531,0.9177165701676531,0.9177165701676531
237,1.0,0.99,0.98,0.97,0.98,0.96,0.97,0.96,0.97,0.985,0.965,0.965,0.975
238,0.9480122578945042,0.9480122578945042,0.9380122578945042,0.9480122578945042,0.9580122578945042,0.9580122578945042,0.9580122578945042,0.9580122578945042,0.9680122578945042,0.9680122578945042,0.9680122578945042,0.9780122578945042,0.9880122578945042
239,0.938632365768531,0.928632365768531,0.928632365768531,0.938632365768531,0.938632365768531,0.918632365768531,0.928632365768531,0.948632365768531,0.938632365768531,0.938632365768531,0.938632365768531,0.928632365768531,0.918632365768531
240,0.9843846998915556,0.9543846998915556,0.9643846998915556,0.9643846998915556,0.9643846998915556,0.9643846998915556,0.9743846998915556,0.9843846998915556,0.9943846998915556,1.0,0.97,0.97,0.97
241,0.9721899351886103,0.9721899351886103,0.9821899351886103,0.9821899351886103,0.9821899351886103,0.9921899351886103,0.9821899351886103,0.9721899351886103,0.9821899351886103,0.9821899351886103,0.9921899351886103,0.9921899351886103,0.9921899351886103
242,0.9417240758615634,0.9417240758615634,0.9117240758615633,0.9217240758615634,0.9317240758615634,0.9417240758615634,0.9317240758615634,0.9317240758615634,0.9317240758615634,0.9317240758615634,0.9317240758615634,0.9117240758615633,0.9117240758615633
243,0.9801369024889915,0.9801369024889915,0.9601369024889915,0.9601369024889915,0.9501369024889915,0.9501369024889915,0.9501369024889915,0.9401369024889915,0.9401369024889915,0.9401369024889915,0.9451369024889915,0.9451369024889915,0.9451369024889915
244,0.9274726516282719,0.9374726516282719,0.9374726516282719,0.9374726516282719,0.9374726516282719,0.9274726516282719,0.9274726516282719,0.9374726516282719,0.9374726516282719,0.9574726516282719,0.9474726516282719,0.9474726516282719,0.9274726516282719
245,0.9664352710833052,0.9664352710833052,0.9564352710833052,0.9764352710833052,0.9864352710833052,0.9864352710833052,0.9564352710833052,0.9664352710833052,0.9664352710833052,0.9664352710833052,0.9664352710833052,0.9364352710833052,0.9264352710833051
246,0.9288172341596722,0.9388172341596722,0.9388172341596722,0.9388172341596722,0.9388172341596722,0.9388172341596722,0.9288172341596722,0.9288172341596722,0.9388172341596722,0.9188172341596722,0.9288172341596722,0.9288172341596722,0.9488172341596722
247,0.9804040748592445,0.9804040748592445,0.9804040748592445,0.9904040748592445,0.9804040748592445,0.9704040748592445,0.9704040748592445,0.9404040748592445,0.9454040748592445,0.9454040748592445,0.9554040748592445,0.9454040748592445,0.9554040748592445
248,0.855802209043177,0.845802209043177,0.835802209043177,0.8658022090431771,0.855802209043177,0.855802209043177,0.8858022090431771,0.8958022090431771,0.8908022090431771,0.8808022090431771,0.8608022090431771,0.8608022090431771,0.8808022090431771
249,0.9398039355732085,0.9398039355732085,0.9198039355732085,0.9298039355732085,0.9198039355732085,0.9098039355732085,0.8998039355732085,0.8998039355732085,0.8998039355732085,0.8998039355732085,0.9098039355732085,0.9098039355732085,0.9298039355732085
250,0.9965204840164836,0.9965204840164836,1.0,1.0,0.99,0.99,1.0,1.0,1.0,1.0,0.99,0.99,1.0
251,0.9285789324867195,0.9285789324867195,0.9085789324867195,0.9335789324867195,0.9435789324867195,0.9435789324867195,0.9435789324867195,0.9435789324867195,0.9635789324867196,0.9635789324867196,0.9535789324867195,0.9635789324867196,0.9635789324867196
252,0.9300753613171354,0.9200753613171354,0.9200753613171354,0.9200753613171354,0.9000753613171354,0.9100753613171354,0.9000753613171354,0.8900753613171354,0.8900753613171354,0.9000753613171354,0.9000753613171354,0.9000753613171354,0.9000753613171354
253,1.0,0.98,0.98,0.98,0.97,0.97,0.98,1.0,1.0,0.99,0.96,0.98,0.96
254,0.9416551436524201,0.9516551436524201,0.9416551436524201,0.9416551436524201,0.9516551436524201,0.9416551436524201,0.9216551436524201,0.9466551436524201,0.9366551436524201,0.9266551436524201,0.9166551436524201,0.9166551436524201,0.9266551436524201
255,0.9071140725225446,0.9071140725225446,0.9071140725225446,0.9171140725225446,0.9171140725225446,0.9271140725225446,0.9271140725225446,0.9271140725225446,0.9371140725225446,0.9371140725225446,0.9271140725225446,0.9471140725225446,0.9421140725225446
256,0.9562335016474609,0.9562335016474609,0.9562335016474609,0.9362335016474609,0.9462335016474609,0.9362335016474609,0.9562335016474609,0.9562335016474609,0.9662335016474609,0.9762335016474609,0.9662335016474609,0.9662335016474609,0.9562335016474609
257,0.9426976879220361,0.9526976879220361,0.9426976879220361,0.9226976879220361,0.9226976879220361,0.9226976879220361,0.9126976879220361,0.9226976879220361,0.9326976879220361,0.9226976879220361,0.9126976879220361,0.9126976879220361,0.9326976879220361
258,0.911560139220063,0.901560139220063,0.901560139220063,0.901560139220063,0.901560139220063,0.8915601392200629,0.8915601392200629,0.8915601392200629,0.8815601392200629,0.901560139220063,0.921560139220063,0.921560139220063,0.921560139220063
259,0.9203680068836251,0.9203680068836251,0.9103680068836251,0.9103680068836251,0.9003680068836251,0.9003680068836251,0.9003680068836251,0.9103680068836251,0.9103680068836251,0.890368006883625,0.9003680068836251,0.9003680068836251,0.9203680068836251
260,0.969693155776286,0.969693155776286,0.969693155776286,0.969693155776286,0.939693155776286,0.939693155776286,0.949693155776286,0.959693155776286,0.949693155776286,0.929693155776286,0.939693155776286,0.939693155776286,0.959693155776286
261,0.9670828585863969,0.9770828585863969,0.9770828585863969,0.9770828585863969,0.9770828585863969,0.9570828585863969,0.9570828585863969,0.9470828585863968,0.9370828585863968,0.9470828585863968,0.9470828585863968,0.9370828585863968,0.9370828585863968
262,0.9315038025116968,0.9515038025116969,0.9515038025116969,0.9615038025116969,0.9615038025116969,0.9615038025116969,0.9715038025116969,0.9715038025116969,0.9715038025116969,0.9715038025116969,0.9715038025116969,0.9665038025116969,0.9565038025116969
263,0.8889013123935772,0.8689013123935772,0.8489013123935771,0.8539013123935771,0.8639013123935771,0.8639013123935771,0.8439013123935771,0.8539013123935771,0.8639013123935771,0.8639013123935771,0.8739013123935772,0.8839013123935772,0.8739013123935772
264,0.8818518727651931,0.8918518727651931,0.8918518727651931,0.8818518727651931,0.871851872765193,0.8818518727651931,0.8818518727651931,0.8918518727651931,0.9118518727651931,0.9018518727651931,0.9018518727651931,0.871851872765193,0.871851872765193
265,0.9889143057906029,0.9989143057906029,0.9989143057906029,0.9989143057906029,0.9989143057906029,0.9989143057906029,1.0,1.0,1.0,1.0,1.0,1.0,0.99
266,1.0,0.99,1.0,0.98,0.97,0.96,0.96,0.96,0.96,0.96,0.97,0.97,0.96
267,0.9488033266372692,0.9488033266372692,0.9488033266372692,0.9588033266372692,0.9288033266372692,0.9288033266372692,0.9288033266372692,0.9288033266372692,0.9288033266372692,0.9488033266372692,0.9288033266372692,0.9188033266372692,0.9338033266372692
268,0.9381540455955012,0.9381540455955012,0.9381540455955012,0.9481540455955012,0.9581540455955012,0.9281540455955012,0.9481540455955012,0.9481540455955012,0.9481540455955012,0.9481540455955012,0.9381540455955012,0.9281540455955012,0.9081540455955012
269,0.9239983187279251,0.9239983187279251,0.9239983187279251,0.9239983187279251,0.9239983187279251,0.9239983187279251,0.9239983187279251,0.9239983187279251,0.9139983187279251,0.9339983187279252,0.9339983187279252,0.9339983187279252,0.9339983187279252
270,0.9097134574806178,0.9197134574806178,0.9497134574806179,0.9447134574806179,0.9347134574806178,0.9347134574806178,0.9247134574806178,0.9347134574806178,0.9447134574806179,0.9447134574806179,0.9347134574806178,0.9147134574806178,0.8947134574806178
271,0.9397463170308666,0.9597463170308667,0.9497463170308666,0.9597463170308667,0.9347463170308666,0.9147463170308666,0.9147463170308666,0.9147463170308666,0.9247463170308666,0.9247463170308666,0.9347463170308666,0.9347463170308666,0.9347463170308666
272,0.98175853842953,0.99175853842953,0.98175853842953,1.0,1.0,0.98,0.98,0.99,0.98,0.98,0.98,0.98,0.98
273,0.9348911161022697,0.9548911161022697,0.9548911161022697,0.9548911161022697,0.9448911161022697,0.9148911161022697,0.8948911161022697,0.8948911161022697,0.8998911161022697,0.8898911161022697,0.8898911161022697,0.8898911161022697,0.8898911161022697
274,0.9185742748278979,0.9185742748278979,0.9185742748278979,0.9185742748278979,0.9085742748278979,0.9185742748278979,0.9185742748278979,0.9185742748278979,0.9185742748278979,0.9185742748278979,0.9185742748278979,0.8985742748278979,0.9185742748278979
275,0.9610889658426474,0.9710889658426474,0.9910889658426474,0.9910889658426474,0.9710889658426474,0.9810889658426474,0.9710889658426474,0.9710889658426474,0.9610889658426474,0.9810889658426474,0.9810889658426474,0.9810889658426474,0.9810889658426474
276,0.9827853596687616,0.9627853596687616,0.9627853596687616,0.9627853596687616,0.9427853596687615,0.9527853596687615,0.9627853596687616,0.9527853596687615,0.9727853596687616,0.9627853596687616,0.9727853596687616,0.9727853596687616,0.9527853596687615
277,0.9282692599226008,0.9282692599226008,0.9182692599226008,0.9182692599226008,0.9082692599226008,0.9082692599226008,0.9082692599226008,0.9382692599226008,0.9382692599226008,0.9582692599226008,0.9482692599226008,0.9482692599226008,0.9382692599226008
278,0.9274550096421387,0.9174550096421387,0.9174550096421387,0.9474550096421387,0.9374550096421387,0.9374550096421387,0.9274550096421387,0.9374550096421387,0.9374550096421387,0.9374550096421387,0.9274550096421387,0.9374550096421387,0.9474550096421387
279,0.9573071876925225,0.9673071876925226,0.9673071876925226,0.9673071876925226,0.9773071876925226,0.9873071876925226,0.9973071876925226,0.9923071876925226,0.9823071876925226,0.9923071876925226,0.9823071876925226,0.9623071876925225,0.9523071876925225
280,0.99027793366687,1.0,0.99,0.98,0.98,0.97,0.96,0.985,0.975,0.975,0.965,0.945,0.955
281,0.9583940087637435,0.9783940087637435,0.9783940087637435,0.9783940087637435,0.9983940087637435,0.9983940087637435,0.9883940087637435,0.9983940087637435,0.9983940087637435,0.9933940087637435,0.9833940087637435,0.9833940087637435,0.9833940087637435
282,0.8566897631497444,0.8566897631497444,0.8566897631497444,0.8566897631497444,0.8766897631497444,0.8666897631497444,0.8466897631497444,0.8466897631497444,0.8466897631497444,0.8566897631497444,0.8666897631497444,0.8566897631497444,0.8666897631497444
283,0.9545129195420323,0.9345129195420323,0.9445129195420323,0.9645129195420323,0.9645129195420323,0.9745129195420323,0.9645129195420323,0.9745129195420323,0.9445129195420323,0.9645129195420323,0.9545129195420323,0.9545129195420323,0.9545129195420323
284,0.9117940130305464,0.9117940130305464,0.9117940130305464,0.9117940130305464,0.9017940130305464,0.9117940130305464,0.9117940130305464,0.8817940130305464,0.8817940130305464,0.8817940130305464,0.8817940130305464,0.8717940130305464,0.8817940130305464
285,0.9574167060099373,0.9474167060099373,0.9374167060099373,0.9374167060099373,0.9474167060099373,0.9374167060099373,0.9274167060099373,0.9274167060099373,0.9374167060099373,0.9374167060099373,0.9474167060099373,0.9574167060099373,0.9474167060099373
286,1.0,1.0,0.99,0.97,0.96,0.95,0.97,0.97,0.97,0.98,0.99,1.0,1.0
287,0.932420754771327,0.932420754771327,0.932420754771327,0.962420754771327,0.962420754771327,0.962420754771327,0.952420754771327,0.952420754771327,0.9724207547713271,0.967420754771327,0.967420754771327,0.957420754771327,0.967420754771327
288,0.9424933903670685,0.9424933903670685,0.9624933903670685,0.9624933903670685,0.9324933903670685,0.9424933903670685,0.9624933903670685,0.9724933903670685,0.9574933903670685,0.9574933903670685,0.9474933903670685,0.9574933903670685,0.9474933903670685
289,0.9671514313417594,0.9871514313417594,0.9971514313417594,0.9971514313417594,0.9971514313417594,0.9971514313417594,0.9671514313417594,0.9671514313417594,0.9671514313417594,0.9671514313417594,0.9871514313417594,0.9871514313417594,0.9771514313417594
290,0.9202292796256146,0.9302292796256146,0.9302292796256146,0.9302292796256146,0.9302292796256146,0.9302292796256146,0.9302292796256146,0.9402292796256146,0.9202292796256146,0.9202292796256146,0.9302292796256146,0.9302292796256146,0.9302292796256146
291,0.8987021585421143,0.8987021585421143,0.9187021585421143,0.9187021585421143,0.9087021585421143,0.9087021585421143,0.9087021585421143,0.9087021585421143,0.9287021585421144,0.9287021585421144,0.9387021585421144,0.9387021585421144,0.9337021585421144
292,0.9428030424245248,0.9428030424245248,0.9528030424245248,0.9528030424245248,0.9628030424245249,0.9628030424245249,0.9728030424245249,0.9728030424245249,0.9628030424245249,0.9628030424245249,0.9528030424245248,0.9328030424245248,0.9328030424245248
293,0.9729425093072944,0.9629425093072944,0.9629425093072944,0.9629425093072944,0.9529425093072944,0.9729425093072944,0.9829425093072944,0.9729425093072944,0.9729425093072944,0.9729425093072944,0.9729425093072944,0.9729425093072944,0.9629425093072944
294,0.9938569898292673,0.9938569898292673,0.9838569898292673,0.9738569898292673,0.9838569898292673,0.9838569898292673,0.9838569898292673,0.9838569898292673,0.9738569898292673,0.9738569898292673,0.9638569898292673,0.9538569898292673,0.9588569898292673
295,0.9229517081116523,0.9229517081116523,0.9429517081116523,0.9429517081116523,0.9429517081116523,0.9429517081116523,0.9429517081116523,0.9429517081116523,0.9429517081116523,0.9429517081116523,0.9329517081116523,0.9129517081116523,0.9029517081116523
296,0.888813654240604,0.908813654240604,0.908813654240604,0.918813654240604,0.903813654240604,0.883813654240604,0.853813654240604,0.863813654240604,0.863813654240604,0.863813654240604,0.863813654240604,0.873813654240604,0.863813654240604
297,0.9741806457978166,0.9841806457978166,0.9841806457978166,0.9741806457978166,0.9741806457978166,0.9541806457978166,0.9741806457978166,0.9341806457978166,0.9341806457978166,0.9341806457978166,0.9441806457978166,0.9591806457978166,0.9591806457978166
298,0.9840619954513813,0.9840619954513813,0.9840619954513813,0.9740619954513813,0.9740619954513813,0.9740619954513813,0.9740619954513813,0.9840619954513813,0.9940619954513813,0.9840619954513813,0.9740619954513813,0.9640619954513813,0.9640619954513813
299,0.8878755925345484,0.8878755925345484,0.9078755925345484,0.8978755925345484,0.8878755925345484,0.8878755925345484,0.8878755925345484,0.8878755925345484,0.8878755925345484,0.8878755925345484,0.8878755925345484,0.9078755925345484,0.9078755925345484
300,0.8880695001607345,0.8980695001607345,0.9080695001607345,0.9080695001607345,0.8980695001607345,0.8780695001607345,0.8780695001607345,0.8580695001607345,0.8580695001607345,0.8580695001607345,0.8580695001607345,0.8680695001607345,0.8780695001607345
301,0.9876931065688511,0.9876931065688511,1.0,1.0,0.99,0.99,1.0,0.995,0.985,0.975,0.985,0.965,0.975
302,0.9722926874096871,0.9522926874096871,0.9322926874096871,0.9322926874096871,0.9322926874096871,0.9422926874096871,0.9522926874096871,0.9422926874096871,0.9572926874096871,0.9472926874096871,0.9472926874096871,0.9472926874096871,0.9472926874096871
303,0.9215867481608728,0.9315867481608728,0.9315867481608728,0.9315867481608728,0.9415867481608728,0.9415867481608728,0.9515867481608729,0.9615867481608729,0.9565867481608729,0.9565867481608729,0.9465867481608728,0.9465867481608728,0.9565867481608729
304,0.9418180720948383,0.9618180720948383,0.9718180720948383,0.9818180720948383,0.9768180720948383,0.9768180720948383,0.9268180720948382,0.9568180720948383,0.9668180720948383,0.9568180720948383,0.9568180720948383,0.9468180720948383,0.9468180720948383
305,0.9701749243306578,0.9401749243306577,0.9401749243306577,0.9401749243306577,0.9401749243306577,0.9701749243306578,0.9901749243306578,0.9901749243306578,0.9801749243306578,0.9601749243306578,0.9701749243306578,0.9801749243306578,0.9901749243306578
306,0.9763586574883646,0.9463586574883646,0.9363586574883646,0.9463586574883646,0.9563586574883646,0.9663586574883646,0.9563586574883646,0.9563586574883646,0.9663586574883646,0.9663586574883646,0.9663586574883646,0.9863586574883646,0.9963586574883646
307,0.956476201930929,0.966476201930929,0.986476201930929,0.956476201930929,0.976476201930929,0.966476201930929,0.966476201930929,0.966476201930929,0.936476201930929,0.9164762019309289,0.946476201930929,0.9264762019309289,0.936476201930929
308,0.9678141476118011,0.937814147611801,0.952814147611801,0.942814147611801,0.952814147611801,0.952814147611801,0.952814147611801,0.942814147611801,0.942814147611801,0.942814147611801,0.952814147611801,0.9628141476118011,0.952814147611801
309,0.916104847544781,0.916104847544781,0.9261048475447811,0.9261048475447811,0.9461048475447811,0.9461048475447811,0.9561048475447811,0.9261048475447811,0.9461048475447811,0.9461048475447811,0.9461048475447811,0.9361048475447811,0.896104847544781
310,1.0,1.0,1.0,1.0,1.0,0.99,0.99,0.99,0.99,1.0,0.98,1.0,1.0
311,0.9167480374548191,0.8967480374548191,0.9167480374548191,0.9167480374548191,0.8967480374548191,0.8967480374548191,0.8967480374548191,0.8967480374548191,0.9067480374548191,0.9067480374548191,0.9067480374548191,0.9067480374548191,0.9067480374548191
312,0.9898786542204475,0.9898786542204475,0.9898786542204475,0.9898786542204475,0.9798786542204475,0.9798786542204475,0.9798786542204475,0.9998786542204475,0.9898786542204475,0.9998786542204475,0.9998786542204475,0.9648786542204475,0.9648786542204475
313,0.9613929996992385,0.9613929996992385,0.9713929996992385,0.9713929996992385,0.9613929996992385,0.9613929996992385,0.9613929996992385,0.9613929996992385,0.9513929996992385,0.9513929996992385,0.9513929996992385,0.9613929996992385,0.9713929996992385
314,0.9270580915401995,0.9270580915401995,0.9270580915401995,0.9270580915401995,0.9370580915401995,0.9170580915401995,0.9170580915401995,0.9170580915401995,0.8870580915401994,0.8870580915401994,0.8870580915401994,0.8970580915401994,0.9070580915401995
315,0.9378518510254391,0.9378518510254391,0.9378518510254391,0.9378518510254391,0.9478518510254391,0.9478518510254391,0.9378518510254391,0.9378518510254391,0.9378518510254391,0.9378518510254391,0.9578518510254391,0.9678518510254391,0.9678518510254391
316,0.991046597589119,0.991046597589119,0.991046597589119,0.9810465975891189,0.9710465975891189,0.9710465975891189,0.9610465975891189,0.9760465975891189,0.9660465975891189,0.9460465975891189,0.9460465975891189,0.9460465975891189,0.9460465975891189
317,0.9030364559239733,0.8830364559239733,0.8830364559239733,0.9030364559239733,0.9030364559239733,0.9030364559239733,0.8930364559239733,0.9030364559239733,0.9030364559239733,0.9030364559239733,0.9030364559239733,0.9130364559239733,0.8830364559239733
318,0.9277734097353046,0.9177734097353046,0.9377734097353047,0.9377734097353047,0.9377734097353047,0.9377734097353047,0.9677734097353047,0.9677734097353047,0.9677734097353047,0.9627734097353047,0.9527734097353047,0.9527734097353047,0.9427734097353047
319,0.9159326219364105,0.9259326219364105,0.9359326219364105,0.9359326219364105,0.9459326219364105,0.9359326219364105,0.9159326219364105,0.9159326219364105,0.9359326219364105,0.9159326219364105,0.9159326219364105,0.9059326219364104,0.9159326219364105
320,0.9515041932495087,0.9515041932495087,0.9515041932495087,0.9315041932495087,0.9515041932495087,0.9415041932495087,0.9515041932495087,0.9515041932495087,0.9515041932495087,0.9515041932495087,0.9415041932495087,0.9515041932495087,0.9415041932495087
321,0.9965249026469486,0.9865249026469486,0.9965249026469486,1.0,0.97,0.95,0.95,0.95,0.95,0.955,0.955,0.955,0.965
322,0.9795704335915515,0.9795704335915515,0.9795704335915515,0.9795704335915515,0.9895704335915515,0.9795704335915515,1.0,1.0,0.995,0.985,0.985,0.975,0.975
323,0.9418859574225039,0.9318859574225039,0.9318859574225039,0.9318859574225039,0.9218859574225039,0.9218859574225039,0.9218859574225039,0.9218859574225039,0.9318859574225039,0.9418859574225039,0.9518859574225039,0.9518859574225039,0.9518859574225039
324,0.9662564373556868,0.9562564373556868,0.9262564373556867,0.9362564373556868,0.9262564373556867,0.9362564373556868,0.9512564373556868,0.9312564373556868,0.9412564373556868,0.9412564373556868,0.9312564373556868,0.9412564373556868,0.9412564373556868
325,0.9620283171534961,0.9620283171534961,0.9620283171534961,0.9620283171534961,0.9620283171534961,0.9620283171534961,0.9520283171534961,0.9420283171534961,0.9420283171534961,0.9420283171534961,0.9420283171534961,0.9420283171534961,0.9320283171534961
326,0.8952989931877531,0.8952989931877531,0.9052989931877531,0.9052989931877531,0.8852989931877531,0.8852989931877531,0.8852989931877531,0.8852989931877531,0.8852989931877531,0.8852989931877531,0.8852989931877531,0.9052989931877531,0.9152989931877531
327,0.9590690317270705,0.9690690317270705,0.9690690317270705,0.9590690317270705,0.9590690317270705,0.9590690317270705,0.9690690317270705,0.9890690317270705,0.9890690317270705,0.9990690317270705,0.9790690317270705,0.9790690317270705,0.9690690317270705
328,0.967775765273772,0.997775765273772,0.977775765273772,0.987775765273772,0.997775765273772,0.997775765273772,0.982775765273772,0.972775765273772,0.972775765273772,0.972775765273772,0.982775765273772,0.992775765273772,0.992775765273772
329,1.0,1.0,1.0,0.98,0.98,0.99,1.0,0.98,0.97,0.96,0.98,0.98,0.98
330,0.961711759405686,0.961711759405686,0.941711759405686,0.941711759405686,0.931711759405686,0.941711759405686,0.941711759405686,0.931711759405686,0.941711759405686,0.941711759405686,0.941711759405686,0.941711759405686,0.951711759405686
331,0.9475078376218593,0.9675078376218593,0.9675078376218593,0.9675078376218593,0.9375078376218593,0.9175078376218593,0.9075078376218593,0.9375078376218593,0.9375078376218593,0.9375078376218593,0.9475078376218593,0.9575078376218593,0.9575078376218593
332,1.0,1.0,1.0,1.0,1.0,0.99,0.99,0.98,0.98,0.98,0.98,0.98,0.98
333,0.9023083959050004,0.9023083959050004,0.9123083959050005,0.9323083959050005,0.9223083959050005,0.9223083959050005,0.8973083959050004,0.9173083959050005,0.9073083959050005,0.9073083959050005,0.9173083959050005,0.9273083959050005,0.9273083959050005
334,0.9098483663379235,0.8998483663379235,0.8998483663379235,0.8998483663379235,0.9098483663379235,0.9098483663379235,0.8898483663379235,0.8898483663379235,0.8798483663379235,0.8898483663379235,0.8998483663379235,0.8898483663379235,0.8798483663379235
335,0.8966664900904499,0.8966664900904499,0.8866664900904498,0.9066664900904499,0.9066664900904499,0.9066664900904499,0.9066664900904499,0.9066664900904499,0.9166664900904499,0.9166664900904499,0.8966664900904499,0.9166664900904499,0.9366664900904499
336,0.9486574034724995,0.9586574034724995,0.9686574034724995,0.9586574034724995,0.9586574034724995,0.9586574034724995,0.9686574034724995,0.9686574034724995,0.9886574034724995,0.9886574034724995,0.9836574034724995,0.9736574034724995,0.9536574034724995
337,0.8967997160473618,0.8967997160473618,0.9067997160473618,0.8967997160473618,0.8967997160473618,0.8967997160473618,0.8967997160473618,0.8967997160473618,0.9067997160473618,0.8867997160473617,0.8867997160473617,0.8567997160473617,0.8667997160473617
338,0.995968531194457,1.0,1.0,1.0,1.0,1.0,1.0,1.0,0.99,1.0,1.0,1.0,1.0
339,0.9281737095666078,0.9181737095666078,0.9281737095666078,0.9181737095666078,0.9281737095666078,0.9281737095666078,0.9181737095666078,0.9181737095666078,0.9281737095666078,0.9081737095666078,0.8981737095666078,0.8981737095666078,0.8881737095666078
340,0.9261922815395108,0.9261922815395108,0.9261922815395108,0.9161922815395108,0.9161922815395108,0.9261922815395108,0.9061922815395108,0.9061922815395108,0.9061922815395108,0.8861922815395108,0.8861922815395108,0.8911922815395108,0.9111922815395108
341,0.8846627520631948,0.8846627520631948,0.8646627520631948,0.8746627520631948,0.8746627520631948,0.8746627520631948,0.8546627520631948,0.8646627520631948,0.8746627520631948,0.9046627520631948,0.9046627520631948,0.8946627520631948,0.8746627520631948
342,0.9538690071510868,0.9538690071510868,0.9538690071510868,0.9638690071510868,0.9538690071510868,0.9638690071510868,0.9838690071510868,0.9938690071510868,0.9938690071510868,0.9938690071510868,0.9938690071510868,0.9738690071510868,0.9738690071510868
343,0.9689380538697147,0.9689380538697147,0.9689380538697147,0.9589380538697146,0.9589380538697146,0.9589380538697146,0.9489380538697146,0.9489380538697146,0.9489380538697146,0.9489380538697146,0.9689380538697147,0.9889380538697147,0.9789380538697147
344,1.0,1.0,1.0,1.0,1.0,1.0,1.0,0.995,0.985,0.965,0.945,0.945,0.965
345,0.9236792132975208,0.9336792132975208,0.9336792132975208,0.9436792132975208,0.9336792132975208,0.9136792132975208,0.9036792132975208,0.8936792132975208,0.8936792132975208,0.8936792132975208,0.9036792132975208,0.9136792132975208,0.9136792132975208
346,0.979188626638791,0.979188626638791,0.979188626638791,0.959188626638791,0.959188626638791,0.969188626638791,0.969188626638791,0.989188626638791,0.999188626638791,0.999188626638791,0.989188626638791,0.979188626638791,0.979188626638791
347,0.9963568279237176,0.9963568279237176,0.9963568279237176,0.9863568279237176,0.9963568279237176,0.9963568279237176,1.0,1.0,1.0,1.0,0.99,0.99,0.99
348,0.9664270269186237,0.9664270269186237,0.9664270269186237,0.9664270269186237,0.9664270269186237,0.9564270269186237,0.9364270269186237,0.9364270269186237,0.9514270269186237,0.9414270269186237,0.9314270269186237,0.9314270269186237,0.9414270269186237
349,0.8458226551775836,0.8558226551775836,0.8558226551775836,0.8558226551775836,0.8558226551775836,0.8558226551775836,0.8858226551775836,0.8758226551775836,0.8608226551775836,0.8608226551775836,0.8508226551775836,0.8508226551775836,0.8608226551775836
350,0.9509336947615589,0.9509336947615589,0.9409336947615589,0.9309336947615588,0.9309336947615588,0.9109336947615588,0.9159336947615588,0.9259336947615588,0.9259336947615588,0.9459336947615589,0.9359336947615589,0.9459336947615589,0.9359336947615589
351,0.9275600128957557,0.9275600128957557,0.9375600128957557,0.9375600128957557,0.9375600128957557,0.9375600128957557,0.9275600128957557,0.9675600128957558,0.9575600128957558,0.9425600128957557,0.9425600128957557,0.9525600128957558,0.9425600128957557
352,0.9426947539484708,0.9426947539484708,0.9326947539484708,0.9126947539484708,0.9026947539484708,0.9026947539484708,0.9026947539484708,0.9026947539484708,0.9076947539484708,0.9076947539484708,0.9176947539484708,0.9176947539484708,0.9176947539484708
353,1.0,0.99,0.99,0.96,0.97,0.97,0.96,0.965,0.965,0.965,0.965,0.965,0.965
354,0.9841490602896004,0.9841490602896004,1.0,1.0,0.97,0.96,0.95,0.95,0.95,0.95,0.97,0.97,0.96
355,0.9051703979012242,0.9051703979012242,0.8851703979012242,0.8751703979012242,0.8751703979012242,0.8851703979012242,0.8651703979012242,0.8701703979012242,0.8601703979012242,0.8601703979012242,0.8601703979012242,0.8701703979012242,0.8701703979012242
356,0.9768297096492219,0.9768297096492219,0.9868297096492219,0.9868297096492219,0.9868297096492219,0.9868297096492219,1.0,0.985,0.985,0.985,0.985,0.975,0.975
357,0.9389818766898846,0.9289818766898846,0.9289818766898846,0.9289818766898846,0.9289818766898846,0.9489818766898847,0.9489818766898847,0.9789818766898847,0.9689818766898847,0.9589818766898847,0.9689818766898847,0.9789818766898847,0.9739818766898847
358,0.9739419262650324,0.9739419262650324,0.9739419262650324,0.9639419262650324,0.9739419262650324,0.9539419262650324,0.9539419262650324,0.9539419262650324,0.9789419262650324,0.9789419262650324,0.9589419262650324,0.9689419262650324,0.9689419262650324
359,0.9302623314068234,0.9102623314068233,0.9202623314068233,0.9302623314068234,0.9102623314068233,0.9302623314068234,0.9302623314068234,0.9502623314068234,0.9602623314068234,0.9602623314068234,0.9602623314068234,0.9452623314068234,0.9352623314068234
360,0.9352215727753762,0.9452215727753762,0.9352215727753762,0.9352215727753762,0.9352215727753762,0.9252215727753762,0.9352215727753762,0.9552215727753762,0.9752215727753762,0.9552215727753762,0.9552215727753762,0.9302215727753762,0.9702215727753762
361,0.8989860196645592,0.9089860196645592,0.9089860196645592,0.8989860196645592,0.9089860196645592,0.9189860196645592,0.9289860196645592,0.9289860196645592,0.9289860196645592,0.9289860196645592,0.9189860196645592,0.9189860196645592,0.9189860196645592
362,0.9182774931737826,0.9382774931737826,0.9382774931737826,0.9582774931737826,0.9582774931737826,0.9582774931737826,0.9582774931737826,0.9532774931737826,0.9532774931737826,0.9532774931737826,0.9532774931737826,0.9532774931737826,0.9532774931737826
363,0.9528114132172562,0.9428114132172561,0.9528114132172562,0.9428114132172561,0.9428114132172561,0.9628114132172562,0.9428114132172561,0.9428114132172561,0.9428114132172561,0.9528114132172562,0.9428114132172561,0.9428114132172561,0.9228114132172561
364,0.9844249807356581,0.9744249807356581,0.9844249807356581,0.9844249807356581,0.9744249807356581,0.9744249807356581,0.9644249807356581,0.9744249807356581,0.9744249807356581,0.9744249807356581,0.9544249807356581,0.9444249807356581,0.9744249807356581
365,0.9101802352891292,0.8901802352891292,0.9101802352891292,0.9201802352891292,0.9201802352891292,0.9201802352891292,0.9201802352891292,0.9101802352891292,0.9201802352891292,0.9301802352891292,0.9201802352891292,0.9201802352891292,0.9301802352891292
366,0.9447824448923375,0.9447824448923375,0.9547824448923375,0.9547824448923375,0.9547824448923375,0.9547824448923375,0.9547824448923375,0.9547824448923375,0.9647824448923376,0.9647824448923376,0.9847824448923376,0.9847824448923376,0.9847824448923376
367,0.9293554741836945,0.9293554741836945,0.9693554741836945,0.9693554741836945,0.9693554741836945,0.9693554741836945,0.9693554741836945,0.9643554741836945,0.9543554741836945,0.9543554741836945,0.9343554741836945,0.9143554741836944,0.9143554741836944
368,0.8959230032315186,0.8559230032315186,0.8959230032315186,0.9059230032315186,0.8959230032315186,0.8959230032315186,0.8859230032315186,0.8859230032315186,0.8759230032315186,0.8759230032315186,0.8759230032315186,0.8759230032315186,0.8759230032315186
369,0.922451593502528,0.922451593502528,0.922451593502528,0.932451593502528,0.912451593502528,0.882451593502528,0.882451593502528,0.882451593502528,0.892451593502528,0.892451593502528,0.892451593502528,0.922451593502528,0.922451593502528
370,0.953576496776764,0.953576496776764,0.963576496776764,0.963576496776764,0.943576496776764,0.943576496776764,0.943576496776764,0.943576496776764,0.943576496776764,0.933576496776764,0.923576496776764,0.933576496776764,0.933576496776764
371,0.9598701595955632,0.9498701595955632,0.9498701595955632,0.9798701595955632,0.9798701595955632,0.9798701595955632,0.9698701595955632,0.9598701595955632,0.9398701595955632,0.9398701595955632,0.9498701595955632,0.9498701595955632,0.9498701595955632
372,0.9288800173577053,0.9288800173577053,0.9288800173577053,0.9288800173577053,0.9288800173577053,0.9288800173577053,0.9288800173577053,0.9288800173577053,0.9388800173577053,0.9488800173577053,0.9488800173577053,0.9688800173577053,0.9688800173577053
373,0.9607874122705277,0.9507874122705277,0.9507874122705277,0.9407874122705276,0.9407874122705276,0.9307874122705276,0.9307874122705276,0.9307874122705276,0.9507874122705277,0.9507874122705277,0.9607874122705277,0.9607874122705277,0.9507874122705277
374,0.9256091130863103,0.9056091130863103,0.8956091130863103,0.9156091130863103,0.9156091130863103,0.9156091130863103,0.9256091130863103,0.9256091130863103,0.9156091130863103,0.8956091130863103,0.8956091130863103,0.8956091130863103,0.8956091130863103
375,0.9556227787237742,0.9556227787237742,0.9356227787237742,0.9456227787237742,0.9556227787237742,0.9556227787237742,0.9556227787237742,0.9356227787237742,0.9356227787237742,0.9356227787237742,0.9356227787237742,0.9256227787237742,0.9256227787237742
376,0.9370369346845979,0.9370369346845979,0.9370369346845979,0.9370369346845979,0.9370369346845979,0.9370369346845979,0.9370369346845979,0.9570369346845979,0.9570369346845979,0.9570369346845979,0.967036934684598,0.977036934684598,0.967036934684598
377,0.9042750167714152,0.9142750167714152,0.9042750167714152,0.8942750167714152,0.8842750167714152,0.8842750167714152,0.8842750167714152,0.8942750167714152,0.8942750167714152,0.8942750167714152,0.8942750167714152,0.8842750167714152,0.8742750167714152
378,0.9872840902937476,0.9972840902937476,0.9872840902937476,0.9872840902937476,0.9772840902937476,0.9972840902937476,0.9772840902937476,0.9772840902937476,0.9772840902937476,0.9772840902937476,0.9772840902937476,1.0,1.0
379,0.9242370278024045,0.9442370278024045,0.9442370278024045,0.9442370278024045,0.9442370278024045,0.9442370278024045,0.9542370278024045,0.9442370278024045,0.9542370278024045,0.9542370278024045,0.9442370278024045,0.9442370278024045,0.9442370278024045
380,0.9077072860631852,0.8977072860631852,0.8977072860631852,0.9077072860631852,0.9077072860631852,0.8977072860631852,0.8877072860631852,0.8877072860631852,0.8777072860631852,0.8877072860631852,0.8877072860631852,0.8877072860631852,0.8677072860631851
381,0.8887648905041341,0.8887648905041341,0.8887648905041341,0.8887648905041341,0.8887648905041341,0.8987648905041341,0.8887648905041341,0.8987648905041341,0.8987648905041341,0.8887648905041341,0.8687648905041341,0.8687648905041341,0.8687648905041341
382,0.906073100986291,0.906073100986291,0.906073100986291,0.906073100986291,0.916073100986291,0.916073100986291,0.916073100986291,0.906073100986291,0.886073100986291,0.916073100986291,0.916073100986291,0.916073100986291,0.896073100986291
383,0.9705198673264221,0.9605198673264221,0.9805198673264222,0.9805198673264222,1.0,0.985,1.0,0.99,0.97,0.96,0.96,0.96,0.95
384,0.9593441222375707,0.9493441222375707,0.9493441222375707,0.9493441222375707,0.9293441222375707,0.9293441222375707,0.9393441222375707,0.9293441222375707,0.9443441222375707,0.9643441222375707,0.9643441222375707,0.9643441222375707,0.9843441222375707
385,0.9416386497979196,0.9416386497979196,0.9416386497979196,0.9516386497979196,0.9516386497979196,0.9516386497979196,0.9516386497979196,0.9616386497979196,0.9516386497979196,0.9516386497979196,0.9516386497979196,0.9616386497979196,0.9616386497979196
386,0.9799718310144098,0.9799718310144098,0.9799718310144098,0.9699718310144098,0.9899718310144098,0.9899718310144098,0.9549718310144097,0.9749718310144098,0.9849718310144098,0.9949718310144098,0.9949718310144098,0.9949718310144098,0.9949718310144098
387,1.0,1.0,0.99,0.99,0.99,1.0,1.0,0.99,0.98,0.97,0.97,0.97,0.97
388,0.9672806689136071,0.9572806689136071,0.9372806689136071,0.9372806689136071,0.9372806689136071,0.9472806689136071,0.9472806689136071,0.9472806689136071,0.927280668913607,0.927280668913607,0.9372806689136071,0.9672806689136071,0.9772806689136071
389,0.9670278923604816,0.9470278923604816,0.9570278923604816,0.9670278923604816,0.9570278923604816,0.9870278923604816,0.9770278923604816,0.9970278923604816,0.9770278923604816,0.9970278923604816,0.9970278923604816,1.0,0.99
390,0.9094775465285556,0.9294775465285556,0.9194775465285556,0.9094775465285556,0.8994775465285556,0.9094775465285556,0.8894775465285556,0.8794775465285556,0.8794775465285556,0.8944775465285556,0.8844775465285556,0.8844775465285556,0.8744775465285556
391,0.9592432432474279,0.9492432432474279,0.9492432432474279,0.9492432432474279,0.9192432432474279,0.9192432432474279,0.9192432432474279,0.9192432432474279,0.9192432432474279,0.9242432432474279,0.9242432432474279,0.9342432432474279,0.9342432432474279
392,0.9358304934253648,0.9258304934253648,0.9258304934253648,0.9258304934253648,0.9158304934253648,0.9058304934253648,0.9058304934253648,0.9058304934253648,0.9158304934253648,0.8958304934253648,0.8958304934253648,0.9008304934253648,0.9008304934253648
393,0.9325486115813078,0.9425486115813078,0.9425486115813078,0.9425486115813078,0.9425486115813078,0.9325486115813078,0.9425486115813078,0.9325486115813078,0.9325486115813078,0.9325486115813078,0.9625486115813078,0.9725486115813078,0.9625486115813078
394,0.8598430969460247,0.8398430969460247,0.8298430969460246,0.8298430969460246,0.8398430969460247,0.8598430969460247,0.8598430969460247,0.8498430969460247,0.8498430969460247,0.8298430969460246,0.8298430969460246,0.8398430969460247,0.8398430969460247
395,0.9168524237013014,0.9268524237013014,0.9468524237013014,0.9468524237013014,0.9468524237013014,0.9368524237013014,0.9368524237013014,0.9568524237013014,0.9568524237013014,0.9568524237013014,0.9468524237013014,0.9468524237013014,0.9568524237013014
396,0.9379570464684037,0.9379570464684037,0.9279570464684037,0.9379570464684037,0.9379570464684037,0.9679570464684037,0.9479570464684037,0.9579570464684037,0.9479570464684037,0.9679570464684037,0.9679570464684037,0.9679570464684037,0.9479570464684037
397,0.8830368874700526,0.8830368874700526,0.8830368874700526,0.8730368874700526,0.8630368874700526,0.8730368874700526,0.8630368874700526,0.8530368874700526,0.8680368874700526,0.8480368874700526,0.8580368874700526,0.8580368874700526,0.8680368874700526
398,0.8971348369910073,0.8971348369910073,0.9071348369910073,0.9071348369910073,0.8971348369910073,0.8971348369910073,0.9071348369910073,0.9071348369910073,0.9071348369910073,0.9071348369910073,0.9071348369910073,0.9271348369910073,0.9171348369910073
399,0.9781292646726415,0.9681292646726415,0.9681292646726415,0.9981292646726415,0.9981292646726415,0.9981292646726415,0.9981292646726415,0.9881292646726415,0.9981292646726415,1.0,1.0,0.97,0.98
400,0.9001027269935171,0.9001027269935171,0.9001027269935171,0.9001027269935171,0.9101027269935171,0.9201027269935171,0.9201027269935171,0.9101027269935171,0.9101027269935171,0.9001027269935171,0.9101027269935171,0.9001027269935171,0.9201027269935171
401,0.953869803880908,0.9838698038809081,0.968869803880908,0.9988698038809081,0.9888698038809081,0.978869803880908,0.978869803880908,0.958869803880908,0.938869803880908,0.928869803880908,0.928869803880908,0.928869803880908,0.928869803880908
402,0.9962089571070606,0.9662089571070606,0.9662089571070606,0.9762089571070606,0.9662089571070606,0.9662089571070606,0.9662089571070606,0.9662089571070606,0.9762089571070606,0.9662089571070606,0.9662089571070606,0.9562089571070606,0.9612089571070606
403,0.9316212905364011,0.9316212905364011,0.9316212905364011,0.9416212905364011,0.9216212905364011,0.9216212905364011,0.9216212905364011,0.9216212905364011,0.9216212905364011,0.9216212905364011,0.901621290536401,0.901621290536401,0.901621290536401
404,0.9490120644474702,0.9690120644474702,0.9690120644474702,0.9690120644474702,0.9790120644474702,0.9890120644474703,0.9790120644474702,0.9690120644474702,0.9490120644474702,0.9490120644474702,0.9490120644474702,0.9590120644474702,0.9590120644474702
405,0.9233327798039389,0.9233327798039389,0.9233327798039389,0.9233327798039389,0.9233327798039389,0.9233327798039389,0.9133327798039389,0.9233327798039389,0.9233327798039389,0.9133327798039389,0.9133327798039389,0.9133327798039389,0.9033327798039389
406,0.9442670938129724,0.9642670938129724,0.9642670938129724,0.9742670938129724,0.9742670938129724,0.9842670938129724,0.9792670938129724,0.9792670938129724,0.9692670938129724,0.9492670938129724,0.9592670938129724,0.9392670938129724,0.9192670938129723
407,0.9134255803653462,0.9234255803653462,0.9234255803653462,0.9234255803653462,0.9134255803653462,0.9334255803653462,0.9334255803653462,0.9434255803653462,0.9534255803653462,0.9534255803653462,0.9484255803653462,0.9484255803653462,0.9384255803653462
408,0.9333788289178436,0.9133788289178436,0.9133788289178436,0.8933788289178436,0.8983788289178436,0.8983788289178436,0.8983788289178436,0.9083788289178436,0.9083788289178436,0.9183788289178436,0.8983788289178436,0.9083788289178436,0.9083788289178436
409,0.9477684434177814,0.9477684434177814,0.9477684434177814,0.9477684434177814,0.9577684434177814,0.9877684434177815,0.9827684434177815,0.9727684434177815,0.9927684434177815,0.9827684434177815,0.9727684434177815,0.9727684434177815,0.9827684434177815
410,0.8804813012184969,0.8804813012184969,0.9004813012184969,0.9004813012184969,0.9204813012184969,0.9204813012184969,0.9154813012184969,0.9054813012184969,0.9054813012184969,0.9054813012184969,0.9054813012184969,0.8954813012184969,0.8954813012184969
411,0.9777752250832247,0.9577752250832247,0.9577752250832247,0.9577752250832247,0.9577752250832247,0.9777752250832247,0.9977752250832247,0.9977752250832247,0.9877752250832247,0.9677752250832247,0.9677752250832247,0.9677752250832247,0.9577752250832247
412,0.896628917251029,0.896628917251029,0.916628917251029,0.906628917251029,0.906628917251029,0.906628917251029,0.871628917251029,0.891628917251029,0.901628917251029,0.901628917251029,0.921628917251029,0.921628917251029,0.891628917251029
413,0.9572785833770036,0.9772785833770036,0.9872785833770036,0.9872785833770036,0.9672785833770036,0.9772785833770036,0.9772785833770036,0.9672785833770036,0.9672785833770036,0.9772785833770036,0.9672785833770036,0.9672785833770036,0.9672785833770036
414,0.9523570401015368,0.9323570401015367,0.9423570401015368,0.9323570401015367,0.9323570401015367,0.9323570401015367,0.9573570401015368,0.9573570401015368,0.9573570401015368,0.9873570401015368,0.9973570401015368,0.9973570401015368,0.9973570401015368
415,0.9148981446553283,0.9048981446553283,0.9148981446553283,0.9148981446553283,0.8948981446553282,0.8848981446553282,0.8848981446553282,0.8748981446553282,0.8848981446553282,0.8848981446553282,0.8748981446553282,0.8748981446553282,0.8848981446553282
416,1.0,1.0,1.0,1.0,1.0,1.0,1.0,1.0,1.0,1.0,0.995,0.995,0.985
417,0.8708709073363189,0.8508709073363189,0.8508709073363189,0.8508709073363189,0.8608709073363189,0.8508709073363189,0.8708709073363189,0.8708709073363189,0.8708709073363189,0.8508709073363189,0.8508709073363189,0.8408709073363189,0.8408709073363189
418,0.9879635804841029,0.9979635804841029,0.9779635804841029,1.0,1.0,1.0,0.99,0.98,0.98,0.98,0.98,0.98,0.97
419,0.9362808503658306,0.9262808503658306,0.9262808503658306,0.9262808503658306,0.9262808503658306,0.9262808503658306,0.9262808503658306,0.8962808503658306,0.8962808503658306,0.9062808503658306,0.8962808503658306,0.8962808503658306,0.8962808503658306
420,0.9593841119343146,0.9493841119343146,0.9493841119343146,0.9493841119343146,0.9293841119343146,0.9193841119343146,0.9243841119343146,0.9343841119343146,0.9543841119343146,0.9943841119343146,0.9943841119343146,0.9843841119343146,0.9743841119343146
421,0.9175002139887626,0.9175002139887626,0.9375002139887626,0.9375002139887626,0.9175002139887626,0.9075002139887626,0.8975002139887626,0.9075002139887626,0.9375002139887626,0.9375002139887626,0.9475002139887626,0.9475002139887626,0.9475002139887626
422,0.9134363253582504,0.8934363253582503,0.8834363253582503,0.8834363253582503,0.8834363253582503,0.8834363253582503,0.8984363253582504,0.8984363253582504,0.9284363253582504,0.8984363253582504,0.8884363253582503,0.8884363253582503,0.8684363253582503
423,0.9999078362357867,1.0,1.0,1.0,0.97,0.98,0.98,1.0,1.0,0.995,0.995,0.995,0.985
424,0.9682134176431615,0.9882134176431615,0.9882134176431615,0.9782134176431615,0.9782134176431615,0.9782134176431615,0.9782134176431615,0.9782134176431615,0.9982134176431615,0.9882134176431615,0.9882134176431615,0.9882134176431615,0.9882134176431615
425,0.920789765659156,0.900789765659156,0.890789765659156,0.910789765659156,0.910789765659156,0.910789765659156,0.910789765659156,0.910789765659156,0.930789765659156,0.9407897656591561,0.9407897656591561,0.930789765659156,0.930789765659156
426,1.0,0.99,0.99,0.99,0.98,0.98,0.98,0.99,0.98,0.98,0.96,0.97,0.97
427,0.9122290750072009,0.9322290750072009,0.9322290750072009,0.9322290750072009,0.9322290750072009,0.9222290750072009,0.9222290750072009,0.9222290750072009,0.9222290750072009,0.8922290750072008,0.9022290750072008,0.9022290750072008,0.9022290750072008
428,0.9078807945009317,0.9078807945009317,0.9278807945009317,0.9178807945009317,0.8878807945009317,0.8878807945009317,0.8878807945009317,0.8878807945009317,0.9078807945009317,0.9078807945009317,0.9078807945009317,0.9078807945009317,0.9078807945009317
429,0.9335959511312505,0.9335959511312505,0.9435959511312505,0.9435959511312505,0.9535959511312505,0.9435959511312505,0.9435959511312505,0.9435959511312505,0.9735959511312505,0.9635959511312505,0.9735959511312505,0.9635959511312505,0.9635959511312505
430,0.9567667659866916,0.9367667659866916,0.9267667659866916,0.9367667659866916,0.9267667659866916,0.9367667659866916,0.9467667659866916,0.9467667659866916,0.9467667659866916,0.9467667659866916,0.9467667659866916,0.9467667659866916,0.9567667659866916
431,1.0,1.0,1.0,1.0,0.985,0.995,1.0,0.98,0.98,0.97,0.97,0.95,0.97
432,0.9418383352238957,0.9418383352238957,0.9318383352238957,0.9318383352238957,0.9218383352238957,0.9218383352238957,0.9218383352238957,0.9218383352238957,0.9218383352238957,0.9418383352238957,0.9518383352238957,0.9318383352238957,0.9418383352238957
433,1.0,1.0,1.0,0.98,0.97,0.96,0.94,0.94,0.955,0.965,0.945,0.965,0.965
434,0.9205891798911083,0.9105891798911083,0.9005891798911083,0.8905891798911083,0.9055891798911083,0.9055891798911083,0.8955891798911083,0.9055891798911083,0.9155891798911083,0.9055891798911083,0.9355891798911083,0.9155891798911083,0.9155891798911083
435,0.8579666881549659,0.8579666881549659,0.8779666881549659,0.8779666881549659,0.8579666881549659,0.8579666881549659,0.8479666881549659,0.8279666881549659,0.8279666881549659,0.8379666881549659,0.8379666881549659,0.8479666881549659,0.8279666881549659
436,0.9175659198821572,0.9275659198821572,0.9275659198821572,0.9275659198821572,0.9275659198821572,0.9275659198821572,0.9575659198821572,0.9525659198821572,0.9425659198821572,0.9425659198821572,0.9425659198821572,0.9125659198821572,0.9125659198821572
437,0.9208524041733143,0.9308524041733143,0.9308524041733143,0.9308524041733143,0.9108524041733143,0.9308524041733143,0.9308524041733143,0.9208524041733143,0.9208524041733143,0.9208524041733143,0.9408524041733143,0.9208524041733143,0.9108524041733143
438,0.8559535070798407,0.8659535070798408,0.8659535070798408,0.8359535070798407,0.8259535070798407,0.8159535070798407,0.8159535070798407,0.8259535070798407,0.8159535070798407,0.8159535070798407,0.8209535070798407,0.8209535070798407,0.8309535070798407
439,0.897658578277152,0.917658578277152,0.917658578277152,0.917658578277152,0.917658578277152,0.937658578277152,0.937658578277152,0.937658578277152,0.917658578277152,0.917658578277152,0.917658578277152,0.907658578277152,0.907658578277152
440,0.9308671638779509,0.9308671638779509,0.9508671638779509,0.9408671638779509,0.9308671638779509,0.9208671638779509,0.9308671638779509,0.9308671638779509,0.9308671638779509,0.9208671638779509,0.9208671638779509,0.9008671638779508,0.9208671638779509
441,0.9373782886110452,0.9273782886110452,0.9173782886110452,0.9273782886110452,0.9073782886110452,0.9073782886110452,0.9273782886110452,0.9273782886110452,0.9273782886110452,0.9273782886110452,0.9273782886110452,0.9373782886110452,0.9473782886110452
442,0.9212870574753499,0.9512870574753499,0.9512870574753499,0.9512870574753499,0.9512870574753499,0.9512870574753499,0.9512870574753499,0.9362870574753499,0.9362870574753499,0.9362870574753499,0.9562870574753499,0.9462870574753499,0.9462870574753499
443,0.945599724770938,0.935599724770938,0.925599724770938,0.935599724770938,0.925599724770938,0.925599724770938,0.935599724770938,0.955599724770938,0.955599724770938,0.955599724770938,0.955599724770938,0.965599724770938,0.975599724770938
444,0.9668117534689169,0.9768117534689169,0.9868117534689169,0.9868117534689169,0.9768117534689169,0.9768117534689169,0.9668117534689169,0.9668117534689169,0.9768117534689169,0.9768117534689169,0.9968117534689169,0.9868117534689169,0.9968117534689169
445,0.9366034920763094,0.9466034920763094,0.9366034920763094,0.9366034920763094,0.9266034920763094,0.9266034920763094,0.9266034920763094,0.9266034920763094,0.9466034920763094,0.9366034920763094,0.9466034920763094,0.9466034920763094,0.9466034920763094
446,0.947596393796699,0.947596393796699,0.937596393796699,0.947596393796699,0.927596393796699,0.907596393796699,0.907596393796699,0.917596393796699,0.927596393796699,0.947596393796699,0.937596393796699,0.937596393796699,0.917596393796699
447,0.9440014173056795,0.9440014173056795,0.9640014173056796,0.9840014173056796,0.9640014173056796,0.9640014173056796,0.9640014173056796,0.9740014173056796,0.9740014173056796,0.9740014173056796,0.9740014173056796,0.9840014173056796,0.9540014173056796
448,0.9956130100228656,0.9756130100228656,0.9656130100228656,0.9656130100228656,0.9756130100228656,0.9756130100228656,0.9656130100228656,0.9656130100228656,0.9856130100228656,0.9856130100228656,0.9756130100228656,0.9856130100228656,0.9856130100228656
449,0.9331086711307877,0.9331086711307877,0.9431086711307877,0.9431086711307877,0.9431086711307877,0.9531086711307877,0.9431086711307877,0.9431086711307877,0.9331086711307877,0.9431086711307877,0.9331086711307877,0.9231086711307877,0.9231086711307877
450,0.8683036253451589,0.8783036253451589,0.8783036253451589,0.8783036253451589,0.8783036253451589,0.8783036253451589,0.8783036253451589,0.908303625345159,0.898303625345159,0.8783036253451589,0.8783036253451589,0.8683036253451589,0.8783036253451589
451,0.9316290705711251,0.9116290705711251,0.9016290705711251,0.9016290705711251,0.9016290705711251,0.9016290705711251,0.9016290705711251,0.9016290705711251,0.9166290705711251,0.9366290705711251,0.9366290705711251,0.9366290705711251,0.9166290705711251
452,0.9248069366671967,0.9448069366671967,0.9448069366671967,0.9448069366671967,0.9648069366671967,0.9648069366671967,0.9648069366671967,0.9598069366671967,0.9598069366671967,0.9598069366671967,0.9498069366671967,0.9398069366671967,0.9298069366671967
453,0.9994766578035575,0.9994766578035575,0.9994766578035575,0.9894766578035575,0.9894766578035575,1.0,0.99,1.0,1.0,1.0,1.0,1.0,0.99
454,0.9957522115726084,0.9957522115726084,0.9957522115726084,0.9957522115726084,1.0,0.99,0.97,0.99,0.99,0.99,0.99,0.99,0.99
455,0.9391844786818657,0.9591844786818657,0.9691844786818657,0.9491844786818657,0.9491844786818657,0.9391844786818657,0.9391844786818657,0.9491844786818657,0.9491844786818657,0.9691844786818657,0.9691844786818657,0.9541844786818657,0.9541844786818657
456,0.980177717418323,0.980177717418323,0.980177717418323,0.970177717418323,0.960177717418323,0.960177717418323,0.970177717418323,0.960177717418323,1.0,1.0,0.985,1.0,0.97
457,0.9891565495150754,0.9891565495150754,0.9891565495150754,0.9991565495150754,1.0,1.0,1.0,1.0,1.0,0.99,0.99,1.0,1.0
458,1.0,1.0,0.98,0.97,0.97,0.97,0.96,0.965,0.965,0.965,0.965,0.975,0.965
459,0.9704273778842768,0.9704273778842768,0.9904273778842768,0.9804273778842768,1.0,0.995,0.995,0.975,0.965,0.965,0.975,0.985,0.985
460,0.9256755798191054,0.9256755798191054,0.9056755798191054,0.8956755798191054,0.9156755798191054,0.8956755798191054,0.9106755798191054,0.9306755798191054,0.9606755798191055,0.9406755798191054,0.9306755798191054,0.9306755798191054,0.8906755798191054
461,0.9887134008961153,0.9887134008961153,0.9887134008961153,0.9687134008961152,0.9487134008961152,0.9587134008961152,0.9587134008961152,0.9687134008961152,0.9687134008961152,0.9687134008961152,0.9687134008961152,0.9937134008961153,0.9937134008961153
462,0.9254236773816966,0.9054236773816966,0.8854236773816966,0.8854236773816966,0.8854236773816966,0.9154236773816966,0.9254236773816966,0.9254236773816966,0.9354236773816966,0.9554236773816966,0.9654236773816967,0.9554236773816966,0.9654236773816967
463,0.9679440670022608,0.9679440670022608,0.9779440670022608,0.9779440670022608,1.0,0.99,0.99,0.96,0.96,0.97,0.97,0.98,0.99
464,0.9878837295686843,0.9878837295686843,0.9878837295686843,1.0,0.99,1.0,1.0,1.0,1.0,1.0,1.0,1.0,1.0
465,0.9383876846404028,0.9383876846404028,0.9383876846404028,0.9383876846404028,0.9583876846404028,0.9583876846404028,0.9483876846404028,0.9483876846404028,0.9483876846404028,0.9583876846404028,0.9683876846404028,0.9683876846404028,0.9533876846404028
466,0.9179901386517959,0.9179901386517959,0.8979901386517959,0.8979901386517959,0.9079901386517959,0.9079901386517959,0.9079901386517959,0.9079901386517959,0.9079901386517959,0.9179901386517959,0.9179901386517959,0.9279901386517959,0.9379901386517959
467,0.9465486680344256,0.9665486680344256,0.9765486680344256,0.9865486680344256,0.9665486680344256,0.9565486680344256,0.9765486680344256,0.9765486680344256,0.9615486680344256,0.9615486680344256,0.9615486680344256,0.9615486680344256,0.9715486680344256
468,0.906126150890456,0.906126150890456,0.906126150890456,0.916126150890456,0.916126150890456,0.906126150890456,0.916126150890456,0.916126150890456,0.926126150890456,0.926126150890456,0.916126150890456,0.906126150890456,0.906126150890456
469,0.9952957303792427,0.9852957303792427,0.9752957303792427,1.0,0.98,0.98,0.98,0.97,0.97,0.98,1.0,1.0,0.99
470,0.9762699406455139,0.9662699406455139,0.9762699406455139,0.9762699406455139,0.9762699406455139,0.9762699406455139,0.9762699406455139,0.9662699406455139,0.9662699406455139,0.9662699406455139,0.9662699406455139,0.9862699406455139,0.9862699406455139
471,0.9331447920578321,0.9431447920578321,0.9431447920578321,0.9431447920578321,0.9431447920578321,0.9431447920578321,0.9331447920578321,0.9331447920578321,0.9331447920578321,0.9331447920578321,0.9331447920578321,0.9331447920578321,0.9531447920578321
472,0.9535367358990656,0.9635367358990656,0.9735367358990656,0.9735367358990656,0.9635367358990656,0.9635367358990656,0.9735367358990656,0.9635367358990656,0.9835367358990657,0.9835367358990657,0.9935367358990657,0.9885367358990657,0.9585367358990656
473,0.9292933587539722,0.9292933587539722,0.9392933587539722,0.9492933587539722,0.9692933587539723,0.9492933587539722,0.9392933587539722,0.9092933587539722,0.8892933587539722,0.8892933587539722,0.8892933587539722,0.8992933587539722,0.8992933587539722
474,0.9221352459658365,0.9521352459658365,0.9621352459658365,0.9621352459658365,0.9421352459658365,0.9321352459658365,0.9421352459658365,0.9521352459658365,0.9371352459658365,0.9371352459658365,0.9371352459658365,0.9371352459658365,0.9471352459658365
475,1.0,1.0,1.0,1.0,1.0,1.0,0.99,1.0,1.0,1.0,0.98,0.99,0.99
476,0.9723491412888683,0.9823491412888683,0.9623491412888683,0.9623491412888683,0.9623491412888683,0.9623491412888683,0.9523491412888683,0.9523491412888683,0.9773491412888683,0.9673491412888683,0.9673491412888683,0.9673491412888683,0.9773491412888683
477,0.9110787593080183,0.9010787593080183,0.8910787593080183,0.9010787593080183,0.9110787593080183,0.9110787593080183,0.9010787593080183,0.9010787593080183,0.9110787593080183,0.8810787593080183,0.8960787593080183,0.8960787593080183,0.8860787593080183
478,0.9002401519400184,0.8902401519400184,0.9002401519400184,0.8902401519400184,0.8802401519400184,0.8902401519400184,0.9002401519400184,0.8902401519400184,0.8702401519400184,0.8602401519400183,0.8602401519400183,0.8652401519400184,0.8752401519400184
479,0.916259510281044,0.926259510281044,0.946259510281044,0.946259510281044,0.946259510281044,0.946259510281044,0.946259510281044,0.946259510281044,0.9562595102810441,0.9562595102810441,0.9562595102810441,0.946259510281044,0.936259510281044
480,0.892971225254005,0.902971225254005,0.902971225254005,0.902971225254005,0.932971225254005,0.922971225254005,0.932971225254005,0.932971225254005,0.912971225254005,0.912971225254005,0.912971225254005,0.902971225254005,0.922971225254005
481,0.9088559105553278,0.9188559105553278,0.9288559105553278,0.9288559105553278,0.9088559105553278,0.9088559105553278,0.8988559105553278,0.8888559105553278,0.9088559105553278,0.9088559105553278,0.9188559105553278,0.9188559105553278,0.9188559105553278
482,0.9311186633243679,0.9411186633243679,0.9411186633243679,0.9311186633243679,0.9211186633243679,0.9111186633243679,0.9111186633243679,0.9111186633243679,0.8911186633243678,0.8911186633243678,0.8911186633243678,0.8911186633243678,0.9011186633243679
483,0.9764082899699815,0.9464082899699815,0.9464082899699815,0.9364082899699815,0.9364082899699815,0.9364082899699815,0.9414082899699815,0.9514082899699815,0.9414082899699815,0.9514082899699815,0.9414082899699815,0.9614082899699815,0.9614082899699815
484,0.9609448301015533,0.9609448301015533,0.9509448301015533,0.9509448301015533,0.9309448301015533,0.9509448301015533,0.9409448301015533,0.9309448301015533,0.9609448301015533,0.9809448301015533,0.9809448301015533,0.9809448301015533,0.9809448301015533
485,0.9574437009256435,0.9874437009256435,0.9874437009256435,0.9874437009256435,0.9874437009256435,0.9774437009256435,0.9874437009256435,0.9874437009256435,0.9774437009256435,0.9774437009256435,0.9974437009256435,0.9874437009256435,0.9974437009256435
486,0.9327088620816297,0.9227088620816297,0.9327088620816297,0.9327088620816297,0.9427088620816297,0.9527088620816297,0.9527088620816297,0.9527088620816297,0.9527088620816297,0.9327088620816297,0.9327088620816297,0.9227088620816297,0.9027088620816297
487,0.9295699472979542,0.9195699472979542,0.9195699472979542,0.9095699472979542,0.9095699472979542,0.8995699472979541,0.8995699472979541,0.8895699472979541,0.8895699472979541,0.8945699472979541,0.9045699472979541,0.8945699472979541,0.9045699472979541
488,1.0,0.99,1.0,1.0,0.99,0.98,0.98,0.97,0.96,0.95,0.955,0.955,0.955
489,0.9988177237360466,0.9988177237360466,0.9988177237360466,0.9988177237360466,1.0,1.0,1.0,0.99,0.99,0.95,0.96,0.95,0.965
490,0.998794632339139,0.988794632339139,1.0,1.0,1.0,0.99,0.99,0.99,0.99,0.97,0.97,0.98,1.0
491,0.9318318901027368,0.9518318901027368,0.9268318901027368,0.9268318901027368,0.9268318901027368,0.9268318901027368,0.9268318901027368,0.9368318901027368,0.9168318901027368,0.9368318901027368,0.9268318901027368,0.9368318901027368,0.9468318901027368
492,0.9491916774673322,0.9491916774673322,0.9491916774673322,0.9691916774673323,0.9691916774673323,0.9791916774673323,0.9691916774673323,0.9691916774673323,0.9291916774673322,0.9291916774673322,0.9491916774673322,0.9791916774673323,0.9891916774673323
493,0.9234240087945804,0.9134240087945804,0.9234240087945804,0.9334240087945804,0.9334240087945804,0.9334240087945804,0.9334240087945804,0.9134240087945804,0.9134240087945804,0.9234240087945804,0.9034240087945804,0.9334240087945804,0.9534240087945804
494,0.9652606068374034,0.9552606068374034,0.9552606068374034,0.9552606068374034,0.9652606068374034,0.9452606068374034,0.9352606068374034,0.9452606068374034,0.9652606068374034,0.9552606068374034,0.9552606068374034,0.9752606068374035,0.9752606068374035
495,0.8799278769953626,0.8899278769953626,0.8599278769953626,0.8499278769953625,0.8499278769953625,0.8599278769953626,0.8499278769953625,0.8499278769953625,0.8699278769953626,0.8699278769953626,0.8699278769953626,0.8699278769953626,0.9049278769953626
496,0.9027077849572259,0.9227077849572259,0.9227077849572259,0.9227077849572259,0.9127077849572259,0.9027077849572259,0.8927077849572259,0.9027077849572259,0.8927077849572259,0.8927077849572259,0.8727077849572259,0.8727077849572259,0.8727077849572259
497,0.9277950302885246,0.9077950302885246,0.9277950302885246,0.8977950302885246,0.8977950302885246,0.9177950302885246,0.9177950302885246,0.8977950302885246,0.8977950302885246,0.8877950302885246,0.8877950302885246,0.8877950302885246,0.8877950302885246
498,0.95909085258171,0.93909085258171,0.92909085258171,0.93909085258171,0.92909085258171,0.92909085258171,0.93909085258171,0.93909085258171,0.93909085258171,0.93909085258171,0.92909085258171,0.94409085258171,0.94409085258171
499,0.9922035997587542,0.9922035997587542,0.9822035997587542,0.9822035997587542,1.0,1.0,1.0,1.0,1.0,1.0,1.0,1.0,1.0
500,0.9152566563792323,0.9152566563792323,0.9152566563792323,0.8752566563792322,0.8802566563792322,0.8902566563792322,0.8902566563792322,0.8902566563792322,0.9002566563792322,0.8802566563792322,0.8902566563792322,0.9002566563792322,0.9002566563792322
501,0.9400512481855032,0.9300512481855032,0.9300512481855032,0.9300512481855032,0.9300512481855032,0.9200512481855032,0.9100512481855032,0.9000512481855032,0.9000512481855032,0.9000512481855032,0.9050512481855032,0.9050512481855032,0.9250512481855032
502,0.9566182193015144,0.9466182193015144,0.9466182193015144,0.9666182193015144,0.9666182193015144,0.9766182193015144,0.9566182193015144,0.9566182193015144,0.9466182193015144,0.9466182193015144,0.9466182193015144,0.9566182193015144,0.9566182193015144
503,0.9017287263518099,0.8817287263518099,0.8917287263518099,0.9017287263518099,0.9017287263518099,0.9017287263518099,0.9017287263518099,0.9017287263518099,0.9117287263518099,0.9117287263518099,0.9017287263518099,0.9017287263518099,0.9117287263518099
504,0.959454320303367,0.959454320303367,0.959454320303367,0.969454320303367,0.959454320303367,0.959454320303367,0.949454320303367,0.939454320303367,0.9294543203033669,0.9194543203033669,0.9194543203033669,0.9194543203033669,0.9294543203033669
505,0.9657813694577578,0.9857813694577579,0.9857813694577579,0.9857813694577579,0.9657813694577578,0.9557813694577578,0.9657813694577578,0.9657813694577578,0.9657813694577578,0.9657813694577578,0.9457813694577578,0.9357813694577578,0.9457813694577578
506,0.9423473962456276,0.9623473962456276,0.9623473962456276,0.9623473962456276,0.9623473962456276,0.9523473962456276,0.9523473962456276,0.9423473962456276,0.9223473962456276,0.9323473962456276,0.9223473962456276,0.9323473962456276,0.9423473962456276
507,0.9541171451121384,0.9541171451121384,0.9541171451121384,0.9341171451121384,0.9341171451121384,0.9641171451121384,0.9641171451121384,0.9941171451121384,0.9941171451121384,0.9941171451121384,0.9941171451121384,0.9941171451121384,0.9891171451121384
508,0.9640763554798609,0.9540763554798609,0.9540763554798609,0.9540763554798609,0.9540763554798609,0.9540763554798609,0.9440763554798609,0.9440763554798609,0.9440763554798609,0.9340763554798609,0.9240763554798609,0.9290763554798609,0.9290763554798609
509,0.9567001523753645,0.9767001523753646,0.9767001523753646,0.9567001523753645,0.9567001523753645,0.9467001523753645,0.9367001523753645,0.9467001523753645,0.9467001523753645,0.9667001523753646,0.9667001523753646,0.9867001523753646,0.9967001523753646
510,0.9092832073283902,0.9292832073283902,0.9292832073283902,0.9292832073283902,0.9292832073283902,0.9292832073283902,0.9192832073283902,0.9292832073283902,0.9492832073283902,0.9292832073283902,0.9192832073283902,0.8992832073283902,0.9092832073283902
511,0.9719600167646583,0.9719600167646583,0.9719600167646583,0.9819600167646583,0.9719600167646583,0.9819600167646583,0.9919600167646583,0.9919600167646583,0.9819600167646583,0.9819600167646583,1.0,1.0,0.985
512,0.9235181683199045,0.9235181683199045,0.9235181683199045,0.9335181683199045,0.9535181683199045,0.9535181683199045,0.9335181683199045,0.9335181683199045,0.9335181683199045,0.9435181683199045,0.9535181683199045,0.9435181683199045,0.9335181683199045
513,0.9727734723328479,0.9727734723328479,0.9727734723328479,0.9627734723328479,0.9627734723328479,0.9627734723328479,0.9627734723328479,0.9627734723328479,0.982773472332848,0.982773472332848,0.992773472332848,0.982773472332848,0.982773472332848
514,0.9648057861274416,0.9548057861274416,0.9548057861274416,0.9548057861274416,0.9448057861274416,0.9348057861274416,0.9248057861274416,0.9298057861274416,0.9298057861274416,0.9398057861274416,0.9298057861274416,0.9298057861274416,0.9298057861274416
515,0.9422301815441814,0.9722301815441814,0.9822301815441814,0.9772301815441814,0.9672301815441814,0.9572301815441814,0.9572301815441814,0.9672301815441814,0.9672301815441814,0.9672301815441814,0.9672301815441814,0.9672301815441814,0.9572301815441814
516,0.9425913068469883,0.9425913068469883,0.9425913068469883,0.9325913068469883,0.9325913068469883,0.9225913068469883,0.9325913068469883,0.9675913068469884,0.9675913068469884,0.9775913068469884,0.9875913068469884,0.9875913068469884,0.9875913068469884
517,0.9398176683976324,0.9398176683976324,0.9198176683976323,0.9098176683976323,0.9198176683976323,0.9198176683976323,0.9298176683976324,0.9498176683976324,0.9298176683976324,0.9298176683976324,0.9298176683976324,0.9298176683976324,0.9498176683976324
518,0.9864791488777418,0.9864791488777418,0.9864791488777418,1.0,1.0,1.0,1.0,0.99,0.98,1.0,1.0,0.995,0.985
519,0.9573359153848032,0.9573359153848032,0.9473359153848032,0.9573359153848032,0.9573359153848032,0.9973359153848033,0.9773359153848032,0.9773359153848032,0.9873359153848033,0.9723359153848032,0.9723359153848032,0.9823359153848032,0.9623359153848032
520,1.0,1.0,1.0,1.0,1.0,1.0,0.99,0.99,0.99,0.98,0.98,0.98,0.95
521,0.9065692629237084,0.9065692629237084,0.9165692629237084,0.9065692629237084,0.8965692629237084,0.9065692629237084,0.8665692629237084,0.8765692629237084,0.8765692629237084,0.8665692629237084,0.8665692629237084,0.8665692629237084,0.8715692629237084
522,0.9345076066782372,0.9345076066782372,0.9345076066782372,0.9445076066782372,0.9445076066782372,0.9545076066782372,0.9545076066782372,0.9545076066782372,0.9545076066782372,0.9445076066782372,0.9445076066782372,0.9445076066782372,0.9345076066782372
523,0.9644323855669175,0.9644323855669175,0.9644323855669175,0.9544323855669175,0.9244323855669174,0.9244323855669174,0.9344323855669174,0.9494323855669174,0.9594323855669175,0.9594323855669175,0.9494323855669174,0.9294323855669174,0.9494323855669174
524,0.9280267640071127,0.9280267640071127,0.9280267640071127,0.9280267640071127,0.9180267640071127,0.9180267640071127,0.9180267640071127,0.8980267640071127,0.8980267640071127,0.8980267640071127,0.9080267640071127,0.9180267640071127,0.9180267640071127
525,0.9220378489509359,0.9120378489509359,0.9120378489509359,0.9320378489509359,0.9320378489509359,0.9220378489509359,0.9220378489509359,0.9320378489509359,0.9320378489509359,0.9420378489509359,0.9320378489509359,0.9320378489509359,0.9420378489509359
526,0.9567008840432301,0.9567008840432301,0.9767008840432301,0.9867008840432301,0.9667008840432301,0.9667008840432301,0.9667008840432301,0.9667008840432301,0.9767008840432301,0.9767008840432301,0.95170088404323,0.95170088404323,0.9717008840432301
527,0.9129044833907819,0.9129044833907819,0.9229044833907819,0.9529044833907819,0.9429044833907819,0.9529044833907819,0.9329044833907819,0.9329044833907819,0.9129044833907819,0.9129044833907819,0.9229044833907819,0.9329044833907819,0.9429044833907819
528,0.9511151651115118,0.9611151651115118,0.9511151651115118,0.9511151651115118,0.9511151651115118,0.9411151651115118,0.9411151651115118,0.9411151651115118,0.9411151651115118,0.9411151651115118,0.9311151651115118,0.9311151651115118,0.9311151651115118
529,0.9988119767913054,1.0,1.0,1.0,1.0,1.0,0.99,0.98,0.98,0.97,0.98,0.97,0.96
530,0.9867999550913445,0.9967999550913446,0.9967999550913446,0.9967999550913446,0.9967999550913446,0.9967999550913446,0.9967999550913446,0.9867999550913445,0.9867999550913445,0.9767999550913445,0.9767999550913445,0.9767999550913445,0.9667999550913445
531,0.9643295093455205,0.9843295093455205,0.9743295093455205,0.9743295093455205,0.9843295093455205,0.9843295093455205,0.9843295093455205,0.9743295093455205,0.9643295093455205,0.9643295093455205,0.9843295093455205,0.9843295093455205,0.9643295093455205
532,0.931341179792215,0.941341179792215,0.931341179792215,0.931341179792215,0.921341179792215,0.8913411797922149,0.8913411797922149,0.911341179792215,0.931341179792215,0.931341179792215,0.921341179792215,0.931341179792215,0.941341179792215
533,0.9522097146741593,0.9822097146741593,0.9922097146741593,0.9872097146741593,0.9872097146741593,0.9872097146741593,0.9772097146741593,0.9772097146741593,0.9772097146741593,0.9572097146741593,0.9572097146741593,0.9472097146741593,0.9572097146741593
534,1.0,1.0,0.98,0.99,0.99,0.99,0.99,0.99,0.99,0.99,0.99,0.98,0.99
535,0.8802123238935501,0.8802123238935501,0.8802123238935501,0.8902123238935501,0.8802123238935501,0.8602123238935501,0.8602123238935501,0.8902123238935501,0.9102123238935501,0.9102123238935501,0.8902123238935501,0.9002123238935501,0.9002123238935501
536,0.9425057695210174,0.9425057695210174,0.9425057695210174,0.9425057695210174,0.9525057695210174,0.9525057695210174,0.9525057695210174,0.9625057695210174,0.9725057695210174,0.9725057695210174,0.9725057695210174,0.9725057695210174,0.9625057695210174
537,0.9482508522945937,0.9582508522945937,0.9582508522945937,0.9482508522945937,0.9382508522945937,0.9282508522945937,0.9282508522945937,0.9282508522945937,0.9282508522945937,0.9182508522945937,0.9182508522945937,0.9182508522945937,0.9282508522945937
538,0.9687453378238617,0.9787453378238617,0.9787453378238617,0.9687453378238617,0.9687453378238617,0.9787453378238617,0.9787453378238617,0.9787453378238617,0.9787453378238617,1.0,1.0,0.98,0.95
539,0.9627684517467459,0.9427684517467458,0.9327684517467458,0.9227684517467458,0.9277684517467458,0.9277684517467458,0.9377684517467458,0.9377684517467458,0.9377684517467458,0.9377684517467458,0.9277684517467458,0.9377684517467458,0.9477684517467458
540,0.9271711224602496,0.9371711224602496,0.9371711224602496,0.9371711224602496,0.9271711224602496,0.8971711224602495,0.8971711224602495,0.8971711224602495,0.8871711224602495,0.8921711224602495,0.8921711224602495,0.8921711224602495,0.8921711224602495
541,0.9560431045950165,0.9760431045950165,0.9460431045950165,0.9560431045950165,0.9560431045950165,0.9460431045950165,0.9460431045950165,0.9260431045950165,0.9260431045950165,0.9260431045950165,0.9410431045950165,0.9310431045950165,0.9410431045950165
542,0.9966417089000258,0.9966417089000258,0.9966417089000258,0.9966417089000258,0.9866417089000258,0.9766417089000258,0.9566417089000258,0.9566417089000258,0.9616417089000258,0.9616417089000258,0.9716417089000258,0.9716417089000258,0.9716417089000258
543,1.0,1.0,1.0,1.0,1.0,0.99,1.0,0.99,0.95,0.94,0.945,0.955,0.955
544,0.9073934057246271,0.9173934057246271,0.9173934057246271,0.9173934057246271,0.9073934057246271,0.8973934057246271,0.8973934057246271,0.8973934057246271,0.9173934057246271,0.8973934057246271,0.8873934057246271,0.9273934057246271,0.9473934057246272
545,0.9750371130409153,0.9850371130409153,0.9850371130409153,0.9850371130409153,0.9750371130409153,0.9850371130409153,0.9850371130409153,0.9850371130409153,0.9950371130409154,1.0,0.99,0.99,0.99
546,0.9733042735379264,0.9633042735379264,0.9633042735379264,0.9633042735379264,0.9733042735379264,0.9733042735379264,0.9533042735379263,0.9733042735379264,0.9733042735379264,0.9733042735379264,0.9833042735379264,0.9833042735379264,0.9933042735379264
547,0.9920440586720799,0.9920440586720799,1.0,1.0,0.99,0.99,1.0,1.0,1.0,0.99,0.975,0.995,0.995
548,0.9823507376360627,0.9823507376360627,0.9723507376360627,0.9723507376360627,0.9723507376360627,0.9823507376360627,0.9923507376360627,1.0,0.99,0.99,1.0,1.0,0.98
549,0.9162793801007858,0.9162793801007858,0.9162793801007858,0.9262793801007858,0.9362793801007858,0.9362793801007858,0.9362793801007858,0.9362793801007858,0.9262793801007858,0.9062793801007858,0.8962793801007858,0.9162793801007858,0.9062793801007858
550,0.9511615524193261,0.9611615524193261,0.9411615524193261,0.9411615524193261,0.9411615524193261,0.9211615524193261,0.9211615524193261,0.9211615524193261,0.9211615524193261,0.9361615524193261,0.906161552419326,0.906161552419326,0.9161615524193261
551,0.9941369123609727,0.9741369123609727,0.9941369123609727,0.9841369123609727,0.9841369123609727,0.9941369123609727,0.9941369123609727,0.9841369123609727,0.9641369123609727,0.9641369123609727,0.9541369123609726,0.9591369123609726,0.9691369123609727
552,0.9473328588487775,0.9373328588487775,0.9373328588487775,0.9473328588487775,0.9573328588487775,0.9673328588487775,0.9473328588487775,0.9273328588487775,0.9373328588487775,0.9273328588487775,0.9173328588487775,0.9273328588487775,0.9073328588487775
553,0.9895244989133191,0.9995244989133191,1.0,0.97,0.97,0.98,0.96,0.96,0.94,0.94,0.94,0.94,0.94
554,0.9702831268659652,0.9702831268659652,0.9602831268659652,0.9602831268659652,0.9502831268659652,0.9402831268659652,0.9602831268659652,0.9802831268659652,0.9802831268659652,0.9802831268659652,0.9702831268659652,0.9902831268659652,1.0
555,1.0,1.0,0.99,0.99,1.0,1.0,0.99,1.0,1.0,0.99,0.975,0.975,0.975
556,0.9866218411930407,0.9966218411930408,0.9966218411930408,0.9966218411930408,0.9966218411930408,0.9966218411930408,0.9966218411930408,1.0,1.0,1.0,0.98,0.96,0.96
557,0.9021940680356197,0.9021940680356197,0.8821940680356197,0.8721940680356197,0.8871940680356197,0.8971940680356197,0.8971940680356197,0.8871940680356197,0.8871940680356197,0.9071940680356197,0.9171940680356198,0.8971940680356197,0.8571940680356197
558,0.9026284064080168,0.9026284064080168,0.9126284064080168,0.9126284064080168,0.9026284064080168,0.9026284064080168,0.8926284064080168,0.9026284064080168,0.9026284064080168,0.8926284064080168,0.9026284064080168,0.9126284064080168,0.9126284064080168
559,0.9571322296731322,0.9371322296731321,0.9371322296731321,0.9671322296731322,0.9771322296731322,0.9671322296731322,0.9571322296731322,0.9471322296731322,0.9471322296731322,0.9471322296731322,0.9871322296731322,0.9871322296731322,0.9771322296731322
560,0.9037872846670958,0.9237872846670958,0.9437872846670958,0.9437872846670958,0.9237872846670958,0.9137872846670958,0.9237872846670958,0.9237872846670958,0.9337872846670958,0.9337872846670958,0.9337872846670958,0.9337872846670958,0.9337872846670958
561,0.9263153058846816,0.9263153058846816,0.9263153058846816,0.9263153058846816,0.9463153058846816,0.9363153058846816,0.9563153058846816,0.9663153058846816,0.9613153058846816,0.9613153058846816,0.9613153058846816,0.9613153058846816,0.9513153058846816
562,0.9041899869801069,0.9141899869801069,0.9241899869801069,0.9141899869801069,0.9241899869801069,0.9141899869801069,0.9141899869801069,0.9241899869801069,0.9241899869801069,0.9241899869801069,0.9141899869801069,0.9041899869801069,0.9041899869801069
563,0.9202146135990685,0.9502146135990686,0.9402146135990685,0.9402146135990685,0.9402146135990685,0.9402146135990685,0.9302146135990685,0.9102146135990685,0.8902146135990685,0.8902146135990685,0.8902146135990685,0.8802146135990685,0.8802146135990685
564,1.0,1.0,0.97,0.96,0.965,0.995,0.985,0.975,0.985,0.985,0.985,0.985,0.995
565,0.9340802713323948,0.9240802713323948,0.9240802713323948,0.9140802713323948,0.9240802713323948,0.9040802713323948,0.9240802713323948,0.9240802713323948,0.9440802713323948,0.9440802713323948,0.9440802713323948,0.9640802713323948,0.9640802713323948
566,0.9582514324525961,0.9582514324525961,0.9582514324525961,0.9582514324525961,0.9382514324525961,0.9282514324525961,0.9382514324525961,0.9482514324525961,0.9282514324525961,0.9282514324525961,0.9282514324525961,0.9182514324525961,0.9182514324525961
567,0.8649073369590113,0.8649073369590113,0.8649073369590113,0.8549073369590113,0.8449073369590113,0.8449073369590113,0.8449073369590113,0.8449073369590113,0.8449073369590113,0.8449073369590113,0.8449073369590113,0.8649073369590113,0.8749073369590114
568,0.8987963337892249,0.8987963337892249,0.9087963337892249,0.9087963337892249,0.9187963337892249,0.9187963337892249,0.9187963337892249,0.8987963337892249,0.8987963337892249,0.8987963337892249,0.8887963337892248,0.8887963337892248,0.8987963337892249
569,0.9833777403631588,0.9833777403631588,0.9933777403631588,0.9833777403631588,0.9833777403631588,0.9733777403631588,0.9733777403631588,0.9633777403631588,0.9433777403631588,0.9433777403631588,0.9483777403631588,0.9583777403631588,0.9583777403631588
570,0.9918684370908354,1.0,0.98,0.99,1.0,0.99,0.98,0.98,0.97,0.97,0.97,0.96,0.96
571,0.9475119899706941,0.9475119899706941,0.9275119899706941,0.9275119899706941,0.9275119899706941,0.9275119899706941,0.9275119899706941,0.917511989970694,0.917511989970694,0.9275119899706941,0.9275119899706941,0.9275119899706941,0.9275119899706941
572,0.9582480479525964,0.9582480479525964,0.9682480479525964,0.9682480479525964,0.9582480479525964,0.9782480479525965,0.9782480479525965,0.9682480479525964,0.9332480479525964,0.9732480479525965,0.9832480479525965,0.9832480479525965,0.9832480479525965
573,0.950820896441461,0.970820896441461,0.960820896441461,0.950820896441461,0.9308208964414609,0.9308208964414609,0.9308208964414609,0.950820896441461,0.950820896441461,0.950820896441461,0.9408208964414609,0.9408208964414609,0.950820896441461
574,1.0,1.0,0.99,0.98,0.97,0.97,0.97,0.97,0.99,0.98,0.98,0.96,0.96
575,1.0,1.0,0.98,0.98,0.97,0.98,0.98,0.97,0.96,0.97,0.96,0.98,1.0
576,0.9448341497113015,0.9348341497113015,0.9348341497113015,0.9348341497113015,0.9348341497113015,0.9648341497113015,0.9548341497113015,0.9548341497113015,0.9448341497113015,0.9448341497113015,0.9448341497113015,0.9448341497113015,0.9448341497113015
577,0.8203041331788551,0.8403041331788551,0.8403041331788551,0.8403041331788551,0.8203041331788551,0.8103041331788551,0.8103041331788551,0.8103041331788551,0.780304133178855,0.7853041331788551,0.7953041331788551,0.7953041331788551,0.8153041331788551
578,0.9480316449280893,0.9680316449280894,0.9680316449280894,0.9480316449280893,0.9380316449280893,0.9380316449280893,0.9380316449280893,0.9380316449280893,0.9380316449280893,0.9580316449280893,0.9580316449280893,0.9580316449280893,0.9580316449280893
579,0.9031907087927681,0.9031907087927681,0.8831907087927681,0.8831907087927681,0.863190708792768,0.8831907087927681,0.9031907087927681,0.8931907087927681,0.8831907087927681,0.8831907087927681,0.9231907087927681,0.9231907087927681,0.9231907087927681
580,0.973536942770139,0.993536942770139,1.0,1.0,0.99,0.99,0.975,0.985,0.985,0.965,0.965,0.975,0.985
581,0.8966819979302153,0.8766819979302153,0.8866819979302153,0.8566819979302153,0.8566819979302153,0.8616819979302153,0.8816819979302153,0.8816819979302153,0.8716819979302153,0.8516819979302153,0.8516819979302153,0.8516819979302153,0.8616819979302153
582,1.0,1.0,0.99,0.99,0.97,0.97,0.98,0.98,0.95,0.97,0.96,0.95,0.97
583,0.8556827688535409,0.8556827688535409,0.8756827688535409,0.8756827688535409,0.8556827688535409,0.8456827688535409,0.8456827688535409,0.8456827688535409,0.8456827688535409,0.8656827688535409,0.8656827688535409,0.8656827688535409,0.8656827688535409
584,1.0,1.0,1.0,0.99,0.99,0.99,0.99,0.98,0.98,1.0,1.0,1.0,0.985
585,1.0,1.0,1.0,1.0,0.99,0.99,0.99,0.98,0.98,0.96,0.96,0.965,0.975
586,0.9105560005998157,0.9105560005998157,0.9105560005998157,0.9105560005998157,0.9105560005998157,0.8905560005998157,0.8905560005998157,0.8805560005998156,0.8905560005998157,0.8905560005998157,0.8905560005998157,0.9105560005998157,0.9105560005998157
587,0.914712838439389,0.904712838439389,0.894712838439389,0.884712838439389,0.884712838439389,0.884712838439389,0.884712838439389,0.884712838439389,0.884712838439389,0.874712838439389,0.894712838439389,0.894712838439389,0.904712838439389
588,0.9659630156958421,0.9659630156958421,0.9659630156958421,0.9659630156958421,0.9659630156958421,0.9359630156958421,0.9359630156958421,0.9359630156958421,0.9459630156958421,0.9459630156958421,0.9659630156958421,0.9659630156958421,0.9659630156958421
589,0.9553271339661971,0.935327133966197,0.925327133966197,0.915327133966197,0.920327133966197,0.930327133966197,0.940327133966197,0.940327133966197,0.9603271339661971,0.940327133966197,0.930327133966197,0.920327133966197,0.930327133966197
590,0.9667948631638995,0.9567948631638995,0.9867948631638995,0.9767948631638995,0.9767948631638995,0.9767948631638995,0.9967948631638995,1.0,0.99,1.0,0.995,0.985,0.995
591,1.0,1.0,1.0,0.99,1.0,1.0,0.99,0.98,0.98,0.98,0.98,0.98,0.98
592,0.9195016420279918,0.9195016420279918,0.9395016420279918,0.9495016420279918,0.9495016420279918,0.9495016420279918,0.9495016420279918,0.9345016420279918,0.9345016420279918,0.9245016420279918,0.9245016420279918,0.9245016420279918,0.9145016420279918
593,0.9253508325485744,0.9353508325485744,0.9453508325485744,0.9453508325485744,0.9553508325485744,0.9403508325485744,0.9603508325485745,0.9503508325485744,0.9403508325485744,0.9403508325485744,0.9503508325485744,0.9603508325485745,0.9603508325485745
594,0.9291071574978592,0.9291071574978592,0.9291071574978592,0.9291071574978592,0.9291071574978592,0.9291071574978592,0.9191071574978592,0.9391071574978592,0.9291071574978592,0.9391071574978592,0.9391071574978592,0.9391071574978592,0.9291071574978592
595,0.9516132979948622,0.9516132979948622,0.9516132979948622,0.9516132979948622,0.9316132979948621,0.9216132979948621,0.9216132979948621,0.9216132979948621,0.9416132979948622,0.9216132979948621,0.9366132979948621,0.9466132979948622,0.9366132979948621
596,0.9886913460150596,1.0,1.0,1.0,1.0,1.0,1.0,0.98,1.0,0.99,1.0,1.0,1.0
597,0.9242486510096736,0.9242486510096736,0.9442486510096736,0.9542486510096736,0.9442486510096736,0.9242486510096736,0.9242486510096736,0.9142486510096736,0.9042486510096736,0.9042486510096736,0.9142486510096736,0.9142486510096736,0.9242486510096736
598,1.0,1.0,1.0,0.98,0.95,0.95,0.965,0.975,0.975,0.995,1.0,1.0,1.0
599,0.9648141927962836,0.9448141927962835,0.9648141927962836,0.9548141927962835,0.9548141927962835,0.9548141927962835,0.9548141927962835,0.9548141927962835,0.9548141927962835,0.9548141927962835,0.9548141927962835,0.9548141927962835,0.9648141927962836
600,0.9491623814151983,0.9791623814151983,0.9791623814151983,0.9591623814151983,0.9791623814151983,0.9691623814151983,0.9691623814151983,0.9591623814151983,0.9391623814151983,0.9491623814151983,0.9291623814151982,0.9191623814151982,0.9191623814151982
601,0.9673566774452547,0.9773566774452547,0.9773566774452547,0.9973566774452547,0.9973566774452547,0.9973566774452547,0.9973566774452547,0.9973566774452547,0.9973566774452547,0.9973566774452547,1.0,1.0,1.0
602,0.9960177584875747,1.0,0.99,0.99,0.99,0.98,0.98,0.98,0.98,0.99,1.0,1.0,1.0
603,0.9007586137479506,0.9207586137479506,0.9307586137479507,0.9207586137479506,0.9307586137479507,0.9207586137479506,0.9207586137479506,0.9107586137479506,0.9107586137479506,0.9107586137479506,0.9307586137479507,0.9407586137479507,0.9307586137479507
604,0.9251130011900103,0.9051130011900103,0.9301130011900103,0.9301130011900103,0.9101130011900103,0.9101130011900103,0.9101130011900103,0.9201130011900103,0.9201130011900103,0.9201130011900103,0.9001130011900103,0.8901130011900102,0.8901130011900102
605,0.9697723519554863,0.9697723519554863,0.9497723519554863,0.9497723519554863,0.9497723519554863,0.9497723519554863,0.9497723519554863,0.9497723519554863,0.9697723519554863,0.9697723519554863,0.9897723519554863,0.9797723519554863,1.0
606,0.8936361516220658,0.8936361516220658,0.8936361516220658,0.8836361516220658,0.9136361516220658,0.9136361516220658,0.9136361516220658,0.9136361516220658,0.9036361516220658,0.9336361516220658,0.9336361516220658,0.9336361516220658,0.9286361516220658
607,0.8602137862568838,0.8602137862568838,0.8602137862568838,0.8702137862568838,0.8702137862568838,0.9002137862568839,0.8952137862568839,0.8852137862568839,0.8852137862568839,0.8752137862568838,0.8852137862568839,0.8652137862568838,0.8552137862568838
608,0.9088640768063767,0.9088640768063767,0.9188640768063767,0.9288640768063767,0.9288640768063767,0.9288640768063767,0.9288640768063767,0.9388640768063767,0.9238640768063767,0.9238640768063767,0.9138640768063767,0.9038640768063767,0.8938640768063767
609,0.9348839545161733,0.9348839545161733,0.9248839545161733,0.9548839545161734,0.9548839545161734,0.9548839545161734,0.9548839545161734,0.9448839545161734,0.9448839545161734,0.9548839545161734,0.9448839545161734,0.9548839545161734,0.9548839545161734
610,0.9219249884453269,0.9319249884453269,0.9219249884453269,0.9219249884453269,0.9219249884453269,0.9119249884453269,0.9119249884453269,0.9119249884453269,0.9219249884453269,0.9219249884453269,0.9119249884453269,0.9219249884453269,0.9219249884453269
611,1.0,1.0,1.0,1.0,1.0,1.0,1.0,1.0,1.0,1.0,1.0,1.0,1.0
612,0.9077608685588567,0.9077608685588567,0.9077608685588567,0.9077608685588567,0.9177608685588567,0.9177608685588567,0.9177608685588567,0.9277608685588568,0.9377608685588568,0.9377608685588568,0.9377608685588568,0.9377608685588568,0.9177608685588567
613,0.9462003643180927,0.9662003643180928,0.9762003643180928,0.9762003643180928,0.9612003643180927,0.9612003643180927,0.9612003643180927,0.9712003643180928,0.9812003643180928,0.9812003643180928,0.9712003643180928,0.9812003643180928,0.9812003643180928
614,0.8786553426578108,0.8786553426578108,0.9086553426578108,0.9186553426578108,0.9186553426578108,0.8986553426578108,0.8986553426578108,0.8886553426578108,0.8986553426578108,0.9086553426578108,0.8986553426578108,0.8986553426578108,0.8886553426578108
615,0.8851040543585413,0.8751040543585413,0.8751040543585413,0.8751040543585413,0.8751040543585413,0.8851040543585413,0.9051040543585414,0.8951040543585413,0.8951040543585413,0.9051040543585414,0.9051040543585414,0.8951040543585413,0.8951040543585413
616,0.9868905855976926,1.0,1.0,1.0,0.98,0.95,0.95,0.94,0.94,0.94,0.94,0.95,0.94
617,0.9604420792036691,0.9704420792036691,0.9804420792036691,0.9704420792036691,0.9704420792036691,0.9504420792036691,0.9504420792036691,0.9604420792036691,0.9604420792036691,0.9404420792036691,0.9404420792036691,0.9304420792036691,0.920442079203669
618,0.9419993950182755,0.9419993950182755,0.9419993950182755,0.9319993950182754,0.9419993950182755,0.9719993950182755,0.9719993950182755,0.9719993950182755,0.9569993950182755,0.9269993950182754,0.9469993950182755,0.9569993950182755,0.9469993950182755
619,0.9338756177476047,0.9238756177476047,0.9238756177476047,0.9238756177476047,0.9138756177476047,0.9138756177476047,0.9038756177476047,0.9038756177476047,0.9038756177476047,0.9238756177476047,0.9338756177476047,0.9738756177476048,0.9738756177476048
620,0.9461764934324803,0.9661764934324804,0.9461764934324803,0.9461764934324803,0.9461764934324803,0.9461764934324803,0.9561764934324803,0.9561764934324803,0.9461764934324803,0.9261764934324803,0.9361764934324803,0.9361764934324803,0.9561764934324803
621,0.9543989736480524,0.9443989736480524,0.9443989736480524,0.9443989736480524,0.9343989736480524,0.9343989736480524,0.9343989736480524,0.9343989736480524,0.9343989736480524,0.9543989736480524,0.9443989736480524,0.9343989736480524,0.9443989736480524
622,0.9570997762092213,0.9570997762092213,0.9670997762092213,0.9670997762092213,0.9470997762092213,0.9570997762092213,0.9870997762092213,0.9870997762092213,0.9770997762092213,0.9970997762092213,0.9870997762092213,0.9970997762092213,0.9920997762092213
623,0.9328152031986463,0.9328152031986463,0.9428152031986463,0.9328152031986463,0.9228152031986463,0.9228152031986463,0.9028152031986463,0.9178152031986463,0.9178152031986463,0.9278152031986463,0.9378152031986463,0.9678152031986463,0.9578152031986463
624,0.9648795624283404,0.9548795624283404,0.9748795624283404,1.0,0.995,0.975,0.985,0.985,0.975,0.985,0.985,0.985,0.965
625,0.983244781506269,0.973244781506269,0.973244781506269,0.983244781506269,0.983244781506269,0.973244781506269,0.973244781506269,1.0,1.0,1.0,0.995,0.985,0.975
626,0.9907075085451927,0.9907075085451927,0.9707075085451927,0.9707075085451927,0.9807075085451927,0.9807075085451927,0.9907075085451927,0.9907075085451927,0.9907075085451927,1.0,1.0,1.0,1.0
627,0.9192096069799969,0.9092096069799969,0.9092096069799969,0.9192096069799969,0.9192096069799969,0.9192096069799969,0.9292096069799969,0.9292096069799969,0.9292096069799969,0.9392096069799969,0.9292096069799969,0.9292096069799969,0.9092096069799969
628,0.9502110935104144,0.9602110935104144,0.9502110935104144,0.9702110935104145,0.9802110935104145,0.9702110935104145,0.9502110935104144,0.9502110935104144,0.9402110935104144,0.9102110935104144,0.9202110935104144,0.9202110935104144,0.9202110935104144
629,0.9120224431019719,0.9220224431019719,0.9320224431019719,0.9520224431019719,0.9520224431019719,0.9520224431019719,0.9470224431019719,0.9370224431019719,0.9370224431019719,0.9370224431019719,0.9470224431019719,0.9370224431019719,0.9470224431019719
630,0.944042404651018,0.934042404651018,0.944042404651018,0.954042404651018,0.934042404651018,0.934042404651018,0.924042404651018,0.924042404651018,0.9140424046510179,0.924042404651018,0.924042404651018,0.924042404651018,0.944042404651018
631,1.0,0.99,0.98,0.97,0.99,0.99,0.99,0.99,0.99,0.99,0.98,0.96,0.96
632,1.0,1.0,1.0,0.99,0.99,1.0,1.0,1.0,0.99,0.99,1.0,1.0,1.0
633,0.9604263728696983,0.9504263728696983,0.9504263728696983,0.9504263728696983,0.9504263728696983,0.9404263728696983,0.9404263728696983,0.9304263728696983,0.9504263728696983,0.9404263728696983,0.9604263728696983,0.9504263728696983,0.9804263728696984
634,0.9316238718992034,0.9316238718992034,0.9216238718992034,0.9216238718992034,0.9216238718992034,0.9316238718992034,0.9416238718992034,0.9216238718992034,0.9216238718992034,0.9416238718992034,0.9516238718992034,0.9716238718992034,0.9666238718992034
635,0.9783419766777448,0.9783419766777448,0.9783419766777448,0.9883419766777448,0.9483419766777448,0.9483419766777448,0.9633419766777448,0.9833419766777448,0.9833419766777448,0.9933419766777448,1.0,1.0,1.0
636,0.9079438205289152,0.9179438205289152,0.8979438205289152,0.9079438205289152,0.9079438205289152,0.9179438205289152,0.8879438205289152,0.8879438205289152,0.8879438205289152,0.8879438205289152,0.8879438205289152,0.8979438205289152,0.8979438205289152
637,1.0,0.99,0.98,0.97,1.0,1.0,0.97,0.97,0.985,0.965,0.975,0.955,0.955
638,0.912497754159786,0.8924977541597859,0.8824977541597859,0.8824977541597859,0.8724977541597859,0.8774977541597859,0.8974977541597859,0.8774977541597859,0.907497754159786,0.917497754159786,0.927497754159786,0.917497754159786,0.927497754159786
639,0.928334641859057,0.928334641859057,0.948334641859057,0.948334641859057,0.948334641859057,0.948334641859057,0.948334641859057,0.948334641859057,0.948334641859057,0.938334641859057,0.938334641859057,0.928334641859057,0.938334641859057
640,0.9589646147404381,0.9589646147404381,0.9689646147404382,0.9689646147404382,0.9589646147404381,0.9589646147404381,0.9789646147404382,0.9889646147404382,0.9789646147404382,0.9789646147404382,0.9789646147404382,0.9689646147404382,0.9889646147404382
641,0.9379887237266056,0.9379887237266056,0.9379887237266056,0.9179887237266056,0.9179887237266056,0.9279887237266056,0.9279887237266056,0.9079887237266056,0.9179887237266056,0.9379887237266056,0.9679887237266056,0.9679887237266056,0.9679887237266056
642,0.9602515666952035,0.9602515666952035,0.9502515666952035,0.9202515666952035,0.9402515666952035,0.9402515666952035,0.9702515666952035,0.9702515666952035,0.9702515666952035,0.9702515666952035,0.9702515666952035,0.9702515666952035,0.9702515666952035
643,0.9351129364544982,0.9351129364544982,0.9351129364544982,0.9451129364544982,0.9451129364544982,0.9551129364544982,0.9551129364544982,0.9551129364544982,0.9551129364544982,0.9451129364544982,0.9451129364544982,0.9451129364544982,0.9351129364544982
644,0.9481834064554249,0.9481834064554249,0.9481834064554249,0.9481834064554249,0.9481834064554249,0.9481834064554249,0.9481834064554249,0.9481834064554249,0.9681834064554249,0.9881834064554249,0.9831834064554249,0.9831834064554249,0.9731834064554249
645,0.9560142639126448,0.9560142639126448,0.9560142639126448,0.9560142639126448,0.9460142639126448,0.9660142639126448,0.9560142639126448,0.9660142639126448,0.9760142639126448,0.9760142639126448,0.9760142639126448,0.9860142639126448,0.9760142639126448
646,0.8823516559092482,0.8823516559092482,0.8823516559092482,0.8823516559092482,0.8723516559092482,0.8823516559092482,0.8923516559092483,0.8923516559092483,0.8723516559092482,0.8723516559092482,0.8823516559092482,0.8923516559092483,0.8923516559092483
647,0.9505103739306847,0.9605103739306847,0.9605103739306847,0.9405103739306847,0.9405103739306847,0.9305103739306847,0.9205103739306847,0.9205103739306847,0.9205103739306847,0.9205103739306847,0.9405103739306847,0.9755103739306847,0.9855103739306847
648,0.8735957590507017,0.8735957590507017,0.8735957590507017,0.8735957590507017,0.8735957590507017,0.8635957590507017,0.8635957590507017,0.8635957590507017,0.8535957590507017,0.8535957590507017,0.8535957590507017,0.8535957590507017,0.8735957590507017
649,0.9992946525631223,0.9892946525631223,0.9892946525631223,0.9892946525631223,0.9792946525631223,0.9692946525631223,0.9592946525631223,0.9592946525631223,0.9592946525631223,0.9592946525631223,0.9592946525631223,0.9642946525631223,0.9742946525631223
650,0.9220186981297658,0.9320186981297658,0.9420186981297658,0.9620186981297658,0.9520186981297658,0.9320186981297658,0.9220186981297658,0.9320186981297658,0.9420186981297658,0.9420186981297658,0.9420186981297658,0.9520186981297658,0.9420186981297658
651,0.9904441709455115,0.9804441709455115,0.9704441709455115,0.9604441709455115,0.9704441709455115,0.9904441709455115,0.9904441709455115,1.0,1.0,1.0,1.0,1.0,1.0
652,0.9016209064743269,0.8916209064743269,0.8916209064743269,0.8916209064743269,0.8916209064743269,0.8916209064743269,0.9016209064743269,0.8816209064743269,0.8816209064743269,0.8816209064743269,0.8616209064743269,0.8616209064743269,0.8616209064743269
653,0.932641236740613,0.902641236740613,0.917641236740613,0.927641236740613,0.9376412367406131,0.917641236740613,0.917641236740613,0.917641236740613,0.917641236740613,0.917641236740613,0.917641236740613,0.927641236740613,0.927641236740613
654,0.966604174856092,0.976604174856092,0.976604174856092,0.986604174856092,0.986604174856092,0.986604174856092,0.986604174856092,0.986604174856092,0.986604174856092,0.986604174856092,0.986604174856092,0.976604174856092,0.986604174856092
655,0.9508475446022214,0.9508475446022214,0.9508475446022214,0.9208475446022214,0.9108475446022214,0.9108475446022214,0.9108475446022214,0.9208475446022214,0.9108475446022214,0.9108475446022214,0.9108475446022214,0.9208475446022214,0.9208475446022214
656,0.9681234066691546,0.9381234066691546,0.9281234066691546,0.9481234066691546,0.9281234066691546,0.9281234066691546,0.9381234066691546,0.9481234066691546,0.9481234066691546,0.9481234066691546,0.9581234066691546,0.9581234066691546,0.9581234066691546
657,0.9254490443531761,0.9054490443531761,0.9304490443531761,0.9304490443531761,0.9204490443531761,0.9304490443531761,0.9304490443531761,0.9304490443531761,0.9204490443531761,0.9204490443531761,0.9004490443531761,0.9004490443531761,0.9004490443531761
658,0.9415987800732921,0.9315987800732921,0.9215987800732921,0.9215987800732921,0.9215987800732921,0.9115987800732921,0.9115987800732921,0.9015987800732921,0.9015987800732921,0.9065987800732921,0.9165987800732921,0.9165987800732921,0.9165987800732921
659,0.9547300182433718,0.9547300182433718,0.9547300182433718,0.9547300182433718,0.9447300182433718,0.9447300182433718,0.9147300182433717,0.9247300182433718,0.9447300182433718,0.9347300182433718,0.9447300182433718,0.9447300182433718,0.9347300182433718
660,0.8797443247464858,0.8997443247464858,0.8697443247464858,0.8697443247464858,0.8697443247464858,0.8697443247464858,0.8497443247464858,0.8497443247464858,0.8497443247464858,0.8497443247464858,0.8397443247464857,0.8597443247464858,0.8497443247464858
661,0.8872561379138646,0.8972561379138646,0.8972561379138646,0.8872561379138646,0.8872561379138646,0.8872561379138646,0.8872561379138646,0.8872561379138646,0.9072561379138646,0.9072561379138646,0.9172561379138646,0.8972561379138646,0.9072561379138646
662,0.9105575644599695,0.9005575644599695,0.9005575644599695,0.9005575644599695,0.9205575644599695,0.9205575644599695,0.9205575644599695,0.9105575644599695,0.9205575644599695,0.9405575644599695,0.9255575644599695,0.9255575644599695,0.9255575644599695
663,0.9658841387777811,0.9658841387777811,0.9458841387777811,0.9458841387777811,0.9458841387777811,0.9358841387777811,0.9258841387777811,0.9308841387777811,0.9308841387777811,0.9408841387777811,0.9408841387777811,0.9408841387777811,0.9408841387777811
664,0.9353857068620195,0.9253857068620195,0.9353857068620195,0.9253857068620195,0.9453857068620195,0.9553857068620195,0.9653857068620195,0.9653857068620195,0.9503857068620195,0.9603857068620195,0.9703857068620195,0.9703857068620195,0.9703857068620195
665,0.9868126841776738,1.0,1.0,1.0,1.0,1.0,0.99,0.99,0.99,1.0,0.99,1.0,0.995
666,0.9407876016245839,0.9207876016245838,0.9207876016245838,0.9207876016245838,0.9207876016245838,0.9207876016245838,0.9307876016245838,0.9207876016245838,0.9107876016245838,0.9207876016245838,0.9207876016245838,0.9107876016245838,0.9207876016245838
667,0.932758835416944,0.922758835416944,0.912758835416944,0.922758835416944,0.902758835416944,0.922758835416944,0.912758835416944,0.922758835416944,0.942758835416944,0.942758835416944,0.9527588354169441,0.9527588354169441,0.942758835416944
668,0.9275732361474988,0.9275732361474988,0.9275732361474988,0.9175732361474987,0.9175732361474987,0.9175732361474987,0.9175732361474987,0.9175732361474987,0.9275732361474988,0.9175732361474987,0.9075732361474987,0.9075732361474987,0.9075732361474987
669,0.922157770480883,0.912157770480883,0.912157770480883,0.922157770480883,0.922157770480883,0.912157770480883,0.912157770480883,0.912157770480883,0.912157770480883,0.912157770480883,0.922157770480883,0.922157770480883,0.922157770480883
670,0.9013180229121183,0.9113180229121183,0.9113180229121183,0.9113180229121183,0.9113180229121183,0.9213180229121183,0.9213180229121183,0.9013180229121183,0.9013180229121183,0.9113180229121183,0.9013180229121183,0.9013180229121183,0.9013180229121183
671,1.0,1.0,0.99,0.97,0.98,0.98,1.0,0.98,1.0,1.0,0.98,0.96,0.95
672,0.9549853433513433,0.9549853433513433,0.9449853433513433,0.9449853433513433,0.9549853433513433,0.9549853433513433,0.9549853433513433,0.9549853433513433,0.9549853433513433,0.9449853433513433,0.9649853433513433,0.9649853433513433,0.9749853433513433
673,0.9427216681008223,0.9427216681008223,0.9427216681008223,0.9427216681008223,0.9227216681008222,0.9227216681008222,0.9027216681008222,0.9077216681008222,0.9077216681008222,0.9077216681008222,0.9177216681008222,0.9177216681008222,0.9177216681008222
674,0.9377742843238693,0.9477742843238693,0.9377742843238693,0.9377742843238693,0.9377742843238693,0.9477742843238693,0.9677742843238694,0.9477742843238693,0.9477742843238693,0.9477742843238693,0.9577742843238694,0.9577742843238694,0.9577742843238694
675,0.9282073741746858,0.9282073741746858,0.9282073741746858,0.9382073741746858,0.9482073741746858,0.9582073741746858,0.9482073741746858,0.9082073741746858,0.9082073741746858,0.8982073741746858,0.8982073741746858,0.8982073741746858,0.8982073741746858
676,0.9998506200912364,1.0,0.99,0.99,0.99,0.99,1.0,1.0,1.0,1.0,1.0,0.99,0.98
677,0.9966842113075164,0.9966842113075164,0.9966842113075164,1.0,1.0,0.99,0.98,0.98,0.99,1.0,1.0,0.99,0.98
678,0.9658712759272076,0.9558712759272076,0.9558712759272076,0.9858712759272076,1.0,1.0,1.0,0.99,0.98,0.98,0.98,0.99,0.99
679,0.941919046350279,0.961919046350279,0.971919046350279,0.971919046350279,0.971919046350279,0.971919046350279,0.981919046350279,0.981919046350279,0.976919046350279,0.966919046350279,0.966919046350279,0.976919046350279,0.966919046350279
680,0.8951254433346125,0.9051254433346125,0.9051254433346125,0.8951254433346125,0.8851254433346125,0.9051254433346125,0.8851254433346125,0.8851254433346125,0.8551254433346125,0.8551254433346125,0.8601254433346125,0.8601254433346125,0.8601254433346125
681,0.8926106153669872,0.8926106153669872,0.8826106153669872,0.8726106153669871,0.8726106153669871,0.8626106153669871,0.8776106153669871,0.8876106153669872,0.8976106153669872,0.8976106153669872,0.8976106153669872,0.8976106153669872,0.8976106153669872
682,0.8739807974908359,0.8539807974908359,0.8539807974908359,0.8539807974908359,0.8639807974908359,0.8739807974908359,0.8639807974908359,0.8639807974908359,0.8639807974908359,0.8639807974908359,0.8639807974908359,0.8539807974908359,0.8439807974908359
683,0.9484908648178322,0.9484908648178322,0.9784908648178322,0.9684908648178322,0.9584908648178322,0.9684908648178322,0.9584908648178322,0.9484908648178322,0.9284908648178322,0.9184908648178322,0.9184908648178322,0.9084908648178321,0.9084908648178321
684,0.9211371129964129,0.9311371129964129,0.9411371129964129,0.9411371129964129,0.9411371129964129,0.9411371129964129,0.9311371129964129,0.9411371129964129,0.9411371129964129,0.9111371129964129,0.9311371129964129,0.9311371129964129,0.9511371129964129
685,0.91855610872876,0.92855610872876,0.92855610872876,0.92855610872876,0.91855610872876,0.91855610872876,0.91855610872876,0.91855610872876,0.89855610872876,0.89855610872876,0.89855610872876,0.90855610872876,0.89855610872876
686,0.9693474369864328,0.9693474369864328,0.9793474369864328,0.9593474369864328,0.9893474369864328,0.9893474369864328,0.9793474369864328,0.9793474369864328,0.9893474369864328,0.9893474369864328,0.9993474369864328,0.9893474369864328,0.9993474369864328
687,0.9364428459133662,0.9464428459133662,0.9564428459133663,0.9464428459133662,0.9364428459133662,0.9364428459133662,0.9264428459133662,0.9264428459133662,0.9164428459133662,0.9364428459133662,0.9364428459133662,0.9364428459133662,0.9164428459133662
688,0.9324608904079656,0.9324608904079656,0.9324608904079656,0.9424608904079657,0.9324608904079656,0.9324608904079656,0.9324608904079656,0.9224608904079656,0.9224608904079656,0.9124608904079656,0.9124608904079656,0.9024608904079656,0.8924608904079656
689,0.9418971397398884,0.9418971397398884,0.9318971397398884,0.9218971397398884,0.9218971397398884,0.9418971397398884,0.9318971397398884,0.9118971397398884,0.9268971397398884,0.9468971397398884,0.9468971397398884,0.9568971397398884,0.9668971397398884
690,0.8646765993384612,0.8846765993384612,0.8846765993384612,0.8746765993384612,0.8746765993384612,0.8546765993384612,0.8546765993384612,0.8346765993384612,0.8346765993384612,0.8346765993384612,0.8546765993384612,0.8546765993384612,0.8646765993384612
691,1.0,1.0,1.0,1.0,1.0,1.0,1.0,1.0,0.99,1.0,1.0,1.0,1.0
692,0.9631963209585324,0.9631963209585324,0.9531963209585324,0.9331963209585323,0.9631963209585324,0.9631963209585324,0.9731963209585324,0.9731963209585324,0.9431963209585323,0.9431963209585323,0.9331963209585323,0.9331963209585323,0.9331963209585323
693,0.9418619654641808,0.9318619654641808,0.9318619654641808,0.9318619654641808,0.9318619654641808,0.9218619654641808,0.9218619654641808,0.9418619654641808,0.9418619654641808,0.9418619654641808,0.9418619654641808,0.9418619654641808,0.9418619654641808
694,0.9072023458132425,0.8872023458132425,0.8872023458132425,0.8872023458132425,0.8972023458132425,0.8972023458132425,0.9072023458132425,0.9272023458132426,0.9172023458132426,0.8872023458132425,0.8872023458132425,0.8872023458132425,0.8872023458132425
695,0.956451001839058,0.956451001839058,0.946451001839058,0.956451001839058,0.966451001839058,0.966451001839058,0.966451001839058,0.956451001839058,0.956451001839058,0.966451001839058,0.976451001839058,0.996451001839058,0.996451001839058
696,0.9011489664745185,0.9011489664745185,0.9411489664745185,0.9361489664745185,0.9061489664745185,0.8861489664745185,0.8861489664745185,0.8861489664745185,0.8561489664745184,0.8561489664745184,0.8561489664745184,0.8761489664745185,0.8761489664745185
697,1.0,0.99,1.0,1.0,0.98,0.98,0.98,0.98,0.98,1.0,1.0,1.0,1.0
698,0.9711179652958102,0.9811179652958102,0.9811179652958102,0.9911179652958102,0.9911179652958102,0.9811179652958102,0.9711179652958102,0.9711179652958102,0.9711179652958102,0.9911179652958102,1.0,1.0,1.0
699,0.8515415087862914,0.8515415087862914,0.8615415087862914,0.8515415087862914,0.8615415087862914,0.8715415087862914,0.8715415087862914,0.8615415087862914,0.8515415087862914,0.8615415087862914,0.8615415087862914,0.8615415087862914,0.8515415087862914
700,0.9726583811646873,0.9626583811646873,0.9526583811646873,0.9526583811646873,0.9526583811646873,0.9526583811646873,0.9526583811646873,0.9526583811646873,0.9626583811646873,0.9726583811646873,0.9626583811646873,0.9626583811646873,0.9626583811646873
701,0.9265544210522506,0.9265544210522506,0.9265544210522506,0.9265544210522506,0.9265544210522506,0.9565544210522506,0.9465544210522506,0.9465544210522506,0.9465544210522506,0.9365544210522506,0.9265544210522506,0.9165544210522506,0.9365544210522506
702,0.975166968426327,0.965166968426327,0.955166968426327,0.955166968426327,0.955166968426327,0.935166968426327,0.935166968426327,0.935166968426327,0.965166968426327,0.965166968426327,0.965166968426327,0.975166968426327,0.945166968426327
703,0.9397153095149012,0.9597153095149012,0.9697153095149013,0.9797153095149013,0.9747153095149013,0.9647153095149013,0.9747153095149013,0.9647153095149013,0.9447153095149012,0.9247153095149012,0.9247153095149012,0.9147153095149012,0.9147153095149012
704,0.9757339483887969,0.9657339483887969,0.9757339483887969,0.9757339483887969,0.9757339483887969,0.9557339483887969,0.9357339483887969,0.9357339483887969,0.9407339483887969,0.9507339483887969,0.9507339483887969,0.9507339483887969,0.9607339483887969
705,0.8957277071964693,0.8957277071964693,0.8957277071964693,0.9057277071964693,0.9257277071964694,0.9257277071964694,0.9157277071964693,0.9157277071964693,0.9057277071964693,0.9057277071964693,0.9057277071964693,0.9257277071964694,0.9257277071964694
706,0.9307750417676933,0.9407750417676933,0.9607750417676933,0.9607750417676933,0.9607750417676933,0.9707750417676934,0.9657750417676934,0.9557750417676933,0.9457750417676933,0.9557750417676933,0.9557750417676933,0.9757750417676934,0.9757750417676934
707,0.9465974275446427,0.9465974275446427,0.9365974275446427,0.9565974275446427,0.9565974275446427,0.9565974275446427,0.9465974275446427,0.9465974275446427,0.9265974275446427,0.9265974275446427,0.9065974275446427,0.9065974275446427,0.9065974275446427
708,0.9015904826622503,0.8915904826622503,0.8815904826622503,0.8715904826622503,0.8715904826622503,0.8715904826622503,0.8615904826622502,0.8715904826622503,0.8815904826622503,0.8915904826622503,0.8815904826622503,0.8715904826622503,0.8715904826622503
709,0.9457457325986629,0.9357457325986629,0.9257457325986629,0.9357457325986629,0.9357457325986629,0.9357457325986629,0.9457457325986629,0.9157457325986629,0.9257457325986629,0.9457457325986629,0.9357457325986629,0.9257457325986629,0.9257457325986629
710,0.9844756612438703,0.9844756612438703,0.9744756612438703,0.9744756612438703,0.9444756612438703,0.9544756612438703,0.9544756612438703,0.9444756612438703,0.9444756612438703,0.9444756612438703,0.9444756612438703,0.9544756612438703,0.9644756612438703
711,0.8857530499970598,0.8857530499970598,0.8957530499970598,0.8957530499970598,0.8957530499970598,0.9157530499970599,0.9157530499970599,0.9257530499970599,0.9157530499970599,0.9257530499970599,0.9257530499970599,0.9257530499970599,0.9057530499970599
712,0.960144045077895,0.960144045077895,0.960144045077895,0.960144045077895,0.960144045077895,0.960144045077895,0.960144045077895,0.960144045077895,0.960144045077895,0.960144045077895,0.950144045077895,0.950144045077895,0.9301440450778949
713,0.9436444415652693,0.9636444415652693,0.9636444415652693,0.9636444415652693,0.9736444415652693,0.9736444415652693,0.9736444415652693,0.9586444415652693,0.9586444415652693,0.9586444415652693,0.9586444415652693,0.9386444415652693,0.9386444415652693
714,0.9840864011607022,0.9940864011607022,1.0,1.0,0.985,0.995,1.0,0.99,0.98,0.98,0.98,0.98,0.98
715,0.9535580711504489,0.9435580711504489,0.9335580711504489,0.9335580711504489,0.9235580711504489,0.9435580711504489,0.9635580711504489,0.9535580711504489,0.9435580711504489,0.9435580711504489,0.9335580711504489,0.9335580711504489,0.9235580711504489
716,0.9197065823838975,0.8797065823838974,0.8847065823838974,0.8847065823838974,0.8847065823838974,0.8947065823838974,0.9047065823838975,0.8947065823838974,0.9147065823838975,0.9147065823838975,0.9147065823838975,0.8947065823838974,0.8947065823838974
717,1.0,0.99,0.98,1.0,0.99,1.0,1.0,0.99,0.99,0.99,0.98,0.98,0.98
718,0.9089482757872088,0.9089482757872088,0.8989482757872088,0.8889482757872088,0.8889482757872088,0.8789482757872088,0.8789482757872088,0.8889482757872088,0.8889482757872088,0.8889482757872088,0.8889482757872088,0.8689482757872088,0.8689482757872088
719,0.9337350267170785,0.9437350267170785,0.9437350267170785,0.9337350267170785,0.9337350267170785,0.9337350267170785,0.9337350267170785,0.9437350267170785,0.9637350267170786,0.9637350267170786,0.9737350267170786,0.9687350267170786,0.9687350267170786
720,0.9590035920214511,0.9590035920214511,0.9490035920214511,0.9490035920214511,0.9490035920214511,0.9490035920214511,0.9390035920214511,0.9290035920214511,0.9390035920214511,0.9390035920214511,0.9390035920214511,0.9490035920214511,0.9590035920214511
721,0.9501387768521964,0.9501387768521964,0.9501387768521964,0.9401387768521964,0.9401387768521964,0.9401387768521964,0.9401387768521964,0.9401387768521964,0.9401387768521964,0.9401387768521964,0.9201387768521964,0.9401387768521964,0.9401387768521964
722,0.9663003090732146,0.9663003090732146,0.9463003090732146,0.9563003090732146,0.9463003090732146,0.9263003090732146,0.9263003090732146,0.9313003090732146,0.9413003090732146,0.9313003090732146,0.9413003090732146,0.9513003090732146,0.9713003090732146
723,0.9356725055695729,0.9356725055695729,0.9456725055695729,0.955672505569573,0.975672505569573,0.965672505569573,0.9456725055695729,0.955672505569573,0.975672505569573,0.975672505569573,0.965672505569573,0.955672505569573,0.955672505569573
724,0.9718404195164042,0.9818404195164042,0.9718404195164042,0.9818404195164042,0.9818404195164042,0.9818404195164042,0.9918404195164042,0.9818404195164042,0.9918404195164042,0.9818404195164042,0.9718404195164042,0.9818404195164042,1.0
725,0.9564516040148492,0.9264516040148492,0.9164516040148492,0.9164516040148492,0.9164516040148492,0.9164516040148492,0.9214516040148492,0.9214516040148492,0.9314516040148492,0.9314516040148492,0.9214516040148492,0.9414516040148492,0.9414516040148492
726,0.9261321515071407,0.9261321515071407,0.9261321515071407,0.9261321515071407,0.9261321515071407,0.9461321515071407,0.9161321515071407,0.9161321515071407,0.9461321515071407,0.9561321515071407,0.9461321515071407,0.9461321515071407,0.9561321515071407
727,0.9649549109210367,0.9449549109210367,0.9449549109210367,0.9249549109210367,0.9249549109210367,0.9249549109210367,0.9349549109210367,0.9349549109210367,0.9549549109210367,0.9449549109210367,0.9549549109210367,0.9549549109210367,0.9549549109210367
728,0.9168214140500999,0.9168214140500999,0.9068214140500999,0.9168214140500999,0.9168214140500999,0.9168214140500999,0.8868214140500998,0.8768214140500998,0.8818214140500998,0.8918214140500998,0.8818214140500998,0.8818214140500998,0.8918214140500998
729,0.9060435651290716,0.9160435651290716,0.9360435651290716,0.9460435651290716,0.9260435651290716,0.9260435651290716,0.9260435651290716,0.9160435651290716,0.9160435651290716,0.9260435651290716,0.9360435651290716,0.9360435651290716,0.9460435651290716
730,0.9165283749583341,0.9365283749583341,0.9365283749583341,0.9365283749583341,0.9565283749583341,0.9365283749583341,0.9165283749583341,0.9165283749583341,0.896528374958334,0.896528374958334,0.886528374958334,0.9165283749583341,0.9165283749583341
731,0.923393925889278,0.913393925889278,0.923393925889278,0.913393925889278,0.903393925889278,0.893393925889278,0.893393925889278,0.893393925889278,0.908393925889278,0.918393925889278,0.908393925889278,0.898393925889278,0.878393925889278
732,0.9720380180704571,0.9720380180704571,0.9820380180704571,0.9820380180704571,0.9920380180704571,0.9820380180704571,0.9720380180704571,0.9720380180704571,0.9820380180704571,0.9920380180704571,1.0,1.0,1.0
733,0.9688706713608973,0.9788706713608973,0.9688706713608973,0.9888706713608973,0.9888706713608973,0.9888706713608973,0.9888706713608973,1.0,0.995,0.995,0.985,0.985,0.975
734,1.0,0.98,0.96,0.96,0.96,0.97,0.97,0.96,0.97,0.96,0.96,0.965,0.965
735,0.9465729907766659,0.9665729907766659,0.9665729907766659,0.9765729907766659,0.9765729907766659,0.9765729907766659,0.9665729907766659,0.9665729907766659,0.9765729907766659,0.9615729907766659,0.9715729907766659,0.9715729907766659,0.9915729907766659
736,0.9430398246859277,0.9430398246859277,0.9330398246859277,0.9430398246859277,0.9230398246859277,0.9030398246859277,0.9030398246859277,0.9080398246859277,0.9080398246859277,0.9080398246859277,0.9180398246859277,0.9080398246859277,0.9180398246859277
737,1.0,1.0,0.98,0.97,0.96,0.96,0.96,0.97,0.985,0.995,0.985,0.995,0.975
738,1.0,0.98,0.98,0.97,0.99,1.0,1.0,0.99,1.0,1.0,0.975,0.955,0.945
739,0.9223608685794589,0.9223608685794589,0.9223608685794589,0.9123608685794589,0.9123608685794589,0.9123608685794589,0.9023608685794589,0.9023608685794589,0.8923608685794588,0.8823608685794588,0.8823608685794588,0.8923608685794588,0.9073608685794589
740,0.9784599542270297,0.9784599542270297,0.9684599542270297,0.9584599542270297,0.9584599542270297,0.9584599542270297,0.9684599542270297,0.9484599542270297,0.9584599542270297,0.9684599542270297,0.9884599542270297,0.9884599542270297,0.9784599542270297
741,0.9924394069811818,0.9924394069811818,0.9924394069811818,0.9824394069811818,0.9824394069811818,0.9824394069811818,0.9724394069811818,0.9924394069811818,0.9924394069811818,0.9924394069811818,1.0,1.0,1.0
742,0.9571208377202971,0.9671208377202971,0.9571208377202971,0.9671208377202971,0.9671208377202971,0.9671208377202971,0.9671208377202971,0.9671208377202971,0.9571208377202971,0.9571208377202971,0.9571208377202971,0.9471208377202971,0.9271208377202971
743,0.8764802383296308,0.8764802383296308,0.8864802383296309,0.8964802383296309,0.8964802383296309,0.9064802383296309,0.9064802383296309,0.9064802383296309,0.8964802383296309,0.8714802383296308,0.8614802383296308,0.8614802383296308,0.8414802383296308
744,0.9776083369629712,0.9776083369629712,0.9776083369629712,0.9476083369629712,0.9576083369629712,0.9576083369629712,0.9676083369629712,0.9676083369629712,0.9676083369629712,0.9576083369629712,0.9676083369629712,0.9676083369629712,0.9676083369629712
745,1.0,1.0,1.0,0.98,0.97,0.97,0.97,0.97,0.97,0.97,0.99,0.98,0.98
746,1.0,1.0,1.0,1.0,1.0,1.0,1.0,1.0,1.0,0.995,0.985,0.995,0.985
747,0.9305360892197316,0.9305360892197316,0.9505360892197317,0.9505360892197317,0.9505360892197317,0.9305360892197316,0.9305360892197316,0.9205360892197316,0.9205360892197316,0.9105360892197316,0.9105360892197316,0.9105360892197316,0.9105360892197316
748,0.9435980735273316,0.9535980735273316,0.9535980735273316,0.9335980735273316,0.9135980735273316,0.9235980735273316,0.9235980735273316,0.9435980735273316,0.9235980735273316,0.9035980735273316,0.9135980735273316,0.9035980735273316,0.9085980735273316
749,0.9756195793519271,0.9756195793519271,0.9556195793519271,0.9656195793519271,0.9656195793519271,0.9656195793519271,0.9556195793519271,0.9656195793519271,0.9556195793519271,0.9656195793519271,0.9856195793519271,0.9756195793519271,0.9756195793519271
750,0.8896933301982262,0.8996933301982262,0.8896933301982262,0.8896933301982262,0.8896933301982262,0.8996933301982262,0.8896933301982262,0.9096933301982262,0.9096933301982262,0.8896933301982262,0.8896933301982262,0.8696933301982261,0.8696933301982261
751,0.9599669397628351,0.9499669397628351,0.9399669397628351,0.9399669397628351,0.9199669397628351,0.9249669397628351,0.9349669397628351,0.9349669397628351,0.9349669397628351,0.9449669397628351,0.9649669397628351,0.9549669397628351,0.9449669397628351
752,0.8826820909745777,0.8826820909745777,0.8926820909745777,0.9026820909745777,0.9026820909745777,0.9026820909745777,0.9126820909745778,0.9126820909745778,0.9026820909745777,0.9026820909745777,0.9126820909745778,0.9126820909745778,0.9026820909745777
753,0.9655498571666813,0.9455498571666813,0.9355498571666813,0.9355498571666813,0.9355498571666813,0.9355498571666813,0.9355498571666813,0.9355498571666813,0.9505498571666813,0.9405498571666813,0.9405498571666813,0.9605498571666813,0.9605498571666813
754,1.0,1.0,1.0,0.98,0.98,0.98,0.99,0.98,0.98,1.0,0.99,1.0,0.99
755,0.9699946294009117,0.9599946294009117,0.9799946294009118,0.9799946294009118,0.9699946294009117,0.9799946294009118,1.0,0.98,0.98,0.96,0.97,0.98,0.98
756,0.9971907511283585,1.0,1.0,1.0,0.99,0.99,0.99,1.0,1.0,0.99,0.99,1.0,1.0
757,0.8953922816319724,0.9053922816319724,0.9253922816319724,0.9053922816319724,0.9053922816319724,0.9053922816319724,0.9053922816319724,0.8753922816319724,0.8653922816319723,0.8803922816319724,0.8803922816319724,0.8603922816319723,0.8703922816319724
758,0.9668218457575487,0.9468218457575487,0.9468218457575487,0.9468218457575487,0.9468218457575487,0.9268218457575487,0.9318218457575487,0.9418218457575487,0.9618218457575487,0.9418218457575487,0.9418218457575487,0.9418218457575487,0.9318218457575487
759,0.9368889619182501,0.9368889619182501,0.9468889619182501,0.9468889619182501,0.9368889619182501,0.9168889619182501,0.9068889619182501,0.9068889619182501,0.9068889619182501,0.9218889619182501,0.9218889619182501,0.9218889619182501,0.9018889619182501
760,0.9557975539206445,0.9557975539206445,0.9657975539206445,0.9757975539206445,0.9757975539206445,0.9757975539206445,0.9757975539206445,0.9757975539206445,0.9757975539206445,0.9757975539206445,0.9657975539206445,0.9757975539206445,0.9957975539206445
761,0.9063099546716161,0.9063099546716161,0.8863099546716161,0.8963099546716161,0.8863099546716161,0.8863099546716161,0.8863099546716161,0.8863099546716161,0.8863099546716161,0.8763099546716161,0.8963099546716161,0.8963099546716161,0.9063099546716161
762,0.9379634249212376,0.9279634249212376,0.9279634249212376,0.9279634249212376,0.9379634249212376,0.9379634249212376,0.9379634249212376,0.9479634249212376,0.9579634249212376,0.9579634249212376,0.9679634249212377,0.9679634249212377,0.9679634249212377
763,0.9808944767478704,0.9808944767478704,0.9608944767478704,0.9608944767478704,0.9858944767478705,0.9958944767478705,0.9958944767478705,0.9958944767478705,0.9958944767478705,1.0,1.0,1.0,1.0
764,0.9638587872001991,0.9638587872001991,0.9638587872001991,0.9638587872001991,0.9638587872001991,0.9538587872001991,0.9638587872001991,0.9738587872001991,0.9938587872001992,0.9938587872001992,0.9788587872001991,0.9788587872001991,0.9788587872001991
765,0.9824075885360202,0.9724075885360202,0.9724075885360202,0.9624075885360202,0.9874075885360202,0.9874075885360202,0.9874075885360202,0.9974075885360202,0.9974075885360202,0.9874075885360202,0.9774075885360202,0.9674075885360202,0.9774075885360202
766,0.9310475882799213,0.9410475882799213,0.9310475882799213,0.9310475882799213,0.9410475882799213,0.9210475882799213,0.9310475882799213,0.9310475882799213,0.9310475882799213,0.9110475882799213,0.9010475882799213,0.9010475882799213,0.9010475882799213
767,0.9245175784711389,0.9245175784711389,0.9245175784711389,0.9245175784711389,0.9145175784711389,0.9245175784711389,0.9145175784711389,0.9345175784711389,0.9545175784711389,0.964517578471139,0.9595175784711389,0.9595175784711389,0.9595175784711389
768,0.9426524297839348,0.9426524297839348,0.9526524297839348,0.9526524297839348,0.9526524297839348,0.9526524297839348,0.9526524297839348,0.9426524297839348,0.9526524297839348,0.9426524297839348,0.9526524297839348,0.9626524297839348,0.9526524297839348
769,1.0,1.0,1.0,1.0,0.98,0.98,0.98,0.97,0.98,0.98,0.98,0.99,0.965
770,0.9222920902340251,0.9222920902340251,0.9222920902340251,0.9422920902340252,0.9322920902340252,0.9522920902340252,0.9522920902340252,0.9422920902340252,0.9422920902340252,0.9422920902340252,0.9522920902340252,0.9522920902340252,0.9522920902340252
771,0.9823201027682787,0.9823201027682787,0.9923201027682788,0.9923201027682788,0.9823201027682787,0.9823201027682787,0.9823201027682787,1.0,1.0,0.99,0.99,1.0,0.98
772,0.9701810885506654,0.9601810885506654,0.9401810885506654,0.9601810885506654,0.9601810885506654,0.9601810885506654,0.9701810885506654,0.9701810885506654,0.9701810885506654,0.9701810885506654,0.9701810885506654,0.9701810885506654,0.9701810885506654
773,0.9419485621687871,0.9419485621687871,0.9319485621687871,0.9419485621687871,0.9219485621687871,0.9319485621687871,0.9419485621687871,0.9419485621687871,0.9519485621687871,0.9419485621687871,0.9319485621687871,0.9219485621687871,0.9319485621687871
774,0.918051106956794,0.918051106956794,0.9380511069567941,0.9480511069567941,0.9580511069567941,0.9380511069567941,0.9380511069567941,0.9580511069567941,0.9580511069567941,0.9580511069567941,0.9480511069567941,0.933051106956794,0.9530511069567941
775,1.0,1.0,1.0,1.0,1.0,1.0,0.99,0.97,0.98,0.99,0.99,0.99,1.0
776,0.9950854220297067,0.9950854220297067,1.0,0.99,1.0,1.0,1.0,1.0,1.0,0.99,0.99,0.99,0.99
777,0.9716582206298674,0.9716582206298674,0.9816582206298674,0.9716582206298674,0.9816582206298674,0.9916582206298674,1.0,0.99,0.99,1.0,0.98,0.98,0.98
778,0.9320537166303346,0.9220537166303346,0.9220537166303346,0.9220537166303346,0.8920537166303346,0.8970537166303346,0.8970537166303346,0.8970537166303346,0.9070537166303346,0.9070537166303346,0.9270537166303346,0.9470537166303347,0.9470537166303347
779,0.9756621843091132,0.9756621843091132,0.9756621843091132,0.9956621843091132,0.9956621843091132,0.9856621843091132,1.0,0.99,0.99,0.99,0.98,0.98,1.0
780,0.9708933362028912,0.9708933362028912,0.9708933362028912,0.9608933362028912,0.9808933362028912,1.0,1.0,0.985,0.975,0.995,0.995,0.985,0.985
781,0.9057990867937191,0.8957990867937191,0.8857990867937191,0.8757990867937191,0.8757990867937191,0.8857990867937191,0.9057990867937191,0.8957990867937191,0.8957990867937191,0.8757990867937191,0.8757990867937191,0.8657990867937191,0.8657990867937191
782,0.9174242654860689,0.9274242654860689,0.9274242654860689,0.9274242654860689,0.9174242654860689,0.9374242654860689,0.9274242654860689,0.9274242654860689,0.9374242654860689,0.9374242654860689,0.9274242654860689,0.9374242654860689,0.9274242654860689
783,0.9372940442747042,0.9372940442747042,0.9272940442747042,0.9272940442747042,0.9072940442747042,0.9222940442747042,0.9222940442747042,0.9122940442747042,0.9222940442747042,0.9222940442747042,0.9322940442747042,0.9122940442747042,0.9322940442747042
784,0.9694290444639654,0.9694290444639654,0.9694290444639654,0.9694290444639654,0.9794290444639654,0.9694290444639654,0.9694290444639654,0.9694290444639654,0.9994290444639654,0.9844290444639654,0.9844290444639654,0.9844290444639654,0.9844290444639654
785,0.9735111434138207,0.9535111434138207,0.9735111434138207,1.0,1.0,1.0,1.0,1.0,0.98,0.98,0.99,0.98,1.0
786,0.9455796401991784,0.9355796401991784,0.9355796401991784,0.9355796401991784,0.9255796401991784,0.9055796401991784,0.9055796401991784,0.9155796401991784,0.9155796401991784,0.9055796401991784,0.9105796401991784,0.9205796401991784,0.9105796401991784
787,0.9222991100623974,0.9022991100623974,0.9022991100623974,0.9122991100623974,0.9022991100623974,0.9022991100623974,0.9022991100623974,0.9022991100623974,0.9222991100623974,0.9222991100623974,0.9222991100623974,0.9222991100623974,0.9322991100623974
788,0.934588745258429,0.914588745258429,0.894588745258429,0.899588745258429,0.909588745258429,0.929588745258429,0.9395887452584291,0.9495887452584291,0.9495887452584291,0.9495887452584291,0.9395887452584291,0.9395887452584291,0.9395887452584291
789,0.9538685043760411,0.9838685043760411,0.9838685043760411,0.9738685043760411,0.9738685043760411,0.9738685043760411,0.9738685043760411,0.9488685043760411,0.9588685043760411,0.9688685043760411,0.9688685043760411,0.9688685043760411,0.9688685043760411
790,0.9351478660684395,0.9651478660684395,0.9751478660684395,0.9701478660684395,0.9701478660684395,0.9601478660684395,0.9701478660684395,0.9701478660684395,0.9601478660684395,0.9601478660684395,0.9601478660684395,0.9301478660684395,0.9301478660684395
791,0.9794035900071819,0.9794035900071819,0.9694035900071819,0.9594035900071819,0.9394035900071819,0.9444035900071819,0.9544035900071819,0.9744035900071819,0.9644035900071819,0.9644035900071819,0.9744035900071819,0.9744035900071819,0.9744035900071819
792,0.9489222226189786,0.9489222226189786,0.9489222226189786,0.9489222226189786,0.9289222226189786,0.9289222226189786,0.9289222226189786,0.9189222226189786,0.9189222226189786,0.9089222226189786,0.9189222226189786,0.9289222226189786,0.9289222226189786
793,0.9094234045121694,0.9094234045121694,0.8894234045121694,0.8894234045121694,0.8994234045121694,0.9094234045121694,0.8994234045121694,0.9094234045121694,0.8894234045121694,0.8894234045121694,0.8894234045121694,0.8894234045121694,0.9094234045121694
794,0.9250016755472698,0.9550016755472698,0.9550016755472698,0.9450016755472698,0.9550016755472698,0.9450016755472698,0.9450016755472698,0.9350016755472698,0.9350016755472698,0.9350016755472698,0.9450016755472698,0.9250016755472698,0.9150016755472697
795,0.9392177771544034,0.9392177771544034,0.9392177771544034,0.9492177771544034,0.9392177771544034,0.9392177771544034,0.9592177771544034,0.9792177771544034,0.9792177771544034,0.9742177771544034,0.9742177771544034,0.9742177771544034,0.9642177771544034
796,0.9752242172203177,0.9652242172203177,0.9652242172203177,0.9352242172203177,0.9402242172203177,0.9502242172203177,0.9402242172203177,0.9402242172203177,0.9502242172203177,0.9702242172203177,0.9602242172203177,0.9602242172203177,0.9602242172203177
797,0.9165206739919447,0.9265206739919447,0.9365206739919447,0.9465206739919447,0.9315206739919447,0.9315206739919447,0.9415206739919447,0.9415206739919447,0.9215206739919447,0.9315206739919447,0.9215206739919447,0.8915206739919447,0.8815206739919447
798,0.9803121825503639,0.9803121825503639,0.9803121825503639,0.9903121825503639,1.0,1.0,1.0,1.0,1.0,0.98,0.97,0.97,0.95
799,0.9844783702488394,0.9844783702488394,0.9644783702488394,0.9644783702488394,0.9744783702488394,0.9644783702488394,0.9744783702488394,0.9644783702488394,0.9444783702488394,0.9444783702488394,0.9494783702488394,0.9794783702488394,0.9794783702488394
800,0.8625011478055333,0.8625011478055333,0.8625011478055333,0.8625011478055333,0.8625011478055333,0.8425011478055333,0.8425011478055333,0.8425011478055333,0.8325011478055333,0.8325011478055333,0.8425011478055333,0.8425011478055333,0.8525011478055333
801,0.8775428148435811,0.8675428148435811,0.8475428148435811,0.8575428148435811,0.8475428148435811,0.8475428148435811,0.8475428148435811,0.8475428148435811,0.8475428148435811,0.8475428148435811,0.8475428148435811,0.8475428148435811,0.8675428148435811
802,0.949002771734111,0.9290027717341109,0.9290027717341109,0.939002771734111,0.939002771734111,0.939002771734111,0.959002771734111,0.969002771734111,0.969002771734111,0.969002771734111,0.949002771734111,0.949002771734111,0.949002771734111
803,0.9678673906786195,0.9578673906786195,0.9678673906786195,0.9578673906786195,0.9478673906786195,0.9378673906786195,0.9378673906786195,0.9378673906786195,0.9478673906786195,0.9478673906786195,0.9778673906786195,0.9778673906786195,0.9978673906786195
804,1.0,1.0,0.99,0.99,0.98,0.97,0.97,0.97,0.99,0.98,0.98,0.98,0.98
805,0.9870239814171398,1.0,0.99,0.99,1.0,1.0,1.0,0.99,1.0,0.99,0.99,1.0,0.995
806,0.9343068385519196,0.9443068385519197,0.9643068385519197,0.9643068385519197,0.9643068385519197,0.9543068385519197,0.9543068385519197,0.9543068385519197,0.9543068385519197,0.9643068385519197,0.9543068385519197,0.9443068385519197,0.9543068385519197
807,1.0,1.0,1.0,1.0,0.98,0.98,0.96,0.96,0.96,0.96,0.96,0.96,0.96
808,0.9991771135513388,0.9991771135513388,0.9991771135513388,1.0,1.0,1.0,1.0,0.97,0.97,0.99,0.99,1.0,1.0
809,0.995948464950972,1.0,1.0,1.0,0.995,0.995,0.995,0.985,0.985,0.975,0.975,0.975,0.985
810,0.873070118514649,0.883070118514649,0.903070118514649,0.903070118514649,0.903070118514649,0.883070118514649,0.873070118514649,0.883070118514649,0.893070118514649,0.893070118514649,0.883070118514649,0.883070118514649,0.863070118514649
811,0.9716186311489389,0.9616186311489389,0.9616186311489389,0.9416186311489388,0.9566186311489389,0.9466186311489388,0.9566186311489389,0.9566186311489389,0.9466186311489388,0.9366186311489388,0.9466186311489388,0.9466186311489388,0.9766186311489389
812,0.9502249036797532,0.9502249036797532,0.9502249036797532,0.9602249036797532,0.9602249036797532,0.9602249036797532,0.9602249036797532,0.9402249036797532,0.9402249036797532,0.9602249036797532,0.9502249036797532,0.9502249036797532,0.9502249036797532
813,0.8784020523163827,0.8884020523163827,0.8884020523163827,0.8784020523163827,0.8784020523163827,0.8784020523163827,0.8684020523163827,0.8684020523163827,0.8784020523163827,0.8684020523163827,0.8784020523163827,0.8984020523163827,0.8884020523163827
814,0.9673400200518414,0.9873400200518414,0.9873400200518414,1.0,0.99,0.98,0.97,0.98,0.98,0.97,0.97,0.97,0.95
815,0.9737010786381691,0.9637010786381691,0.9837010786381691,0.9837010786381691,0.9937010786381691,0.9937010786381691,0.9937010786381691,1.0,1.0,0.995,0.995,0.995,0.995
816,0.9411853627668696,0.9311853627668696,0.9411853627668696,0.9411853627668696,0.9411853627668696,0.9411853627668696,0.9411853627668696,0.9411853627668696,0.9311853627668696,0.9311853627668696,0.9311853627668696,0.9611853627668696,0.9711853627668696
817,0.9299241067718291,0.9199241067718291,0.8999241067718291,0.9199241067718291,0.9099241067718291,0.8999241067718291,0.8999241067718291,0.8999241067718291,0.8899241067718291,0.8899241067718291,0.8899241067718291,0.8899241067718291,0.8949241067718291
818,0.9415225461840103,0.9515225461840103,0.9615225461840103,0.9615225461840103,0.9615225461840103,0.9515225461840103,0.9515225461840103,0.9615225461840103,0.9715225461840103,0.9815225461840104,0.9715225461840103,0.9715225461840103,0.9815225461840104
819,0.8821324200801381,0.8821324200801381,0.8821324200801381,0.9021324200801382,0.8721324200801381,0.8621324200801381,0.8821324200801381,0.8721324200801381,0.8721324200801381,0.8521324200801381,0.8521324200801381,0.8621324200801381,0.8871324200801382
820,0.9315446655212483,0.9315446655212483,0.9315446655212483,0.9315446655212483,0.9315446655212483,0.9315446655212483,0.9115446655212482,0.9215446655212483,0.8915446655212482,0.8965446655212482,0.9065446655212482,0.9065446655212482,0.9065446655212482
821,0.9318176161222943,0.9418176161222943,0.9218176161222943,0.9218176161222943,0.9018176161222943,0.9168176161222943,0.9168176161222943,0.9068176161222943,0.8968176161222943,0.9068176161222943,0.9068176161222943,0.9068176161222943,0.9068176161222943
822,1.0,1.0,0.99,1.0,0.99,0.99,0.98,0.97,0.97,0.97,0.97,0.97,0.97
823,0.9216904519991731,0.9216904519991731,0.9316904519991731,0.9216904519991731,0.9216904519991731,0.9216904519991731,0.9316904519991731,0.9516904519991731,0.9316904519991731,0.9416904519991731,0.9416904519991731,0.9416904519991731,0.9516904519991731
824,0.9815221599237729,1.0,1.0,1.0,0.985,0.985,0.995,0.995,0.995,0.975,0.985,0.995,0.995
825,0.9365863815706638,0.9265863815706638,0.9465863815706638,0.9465863815706638,0.9265863815706638,0.9365863815706638,0.9365863815706638,0.9465863815706638,0.9465863815706638,0.9465863815706638,0.9465863815706638,0.9665863815706638,0.9665863815706638
826,0.8871665559219108,0.9071665559219109,0.9071665559219109,0.9271665559219109,0.9271665559219109,0.9171665559219109,0.9021665559219109,0.8921665559219109,0.8821665559219108,0.8621665559219108,0.8621665559219108,0.8521665559219108,0.8621665559219108
827,0.9986828096426954,0.9986828096426954,0.9786828096426954,1.0,1.0,1.0,1.0,0.97,0.96,0.96,0.97,0.98,1.0
828,0.8804191747737911,0.8804191747737911,0.8804191747737911,0.8904191747737911,0.9104191747737911,0.9004191747737911,0.9204191747737911,0.9154191747737911,0.9054191747737911,0.8954191747737911,0.8854191747737911,0.8854191747737911,0.8854191747737911
829,0.9281149750603289,0.9181149750603289,0.9281149750603289,0.9081149750603289,0.9081149750603289,0.9081149750603289,0.9181149750603289,0.8981149750603289,0.8981149750603289,0.9131149750603289,0.9131149750603289,0.8931149750603289,0.8931149750603289
830,0.9231001713782362,0.9131001713782362,0.9031001713782362,0.8831001713782362,0.8831001713782362,0.8831001713782362,0.8831001713782362,0.8881001713782362,0.8981001713782362,0.8881001713782362,0.8881001713782362,0.8981001713782362,0.8981001713782362
831,0.9611035927872267,0.9611035927872267,0.9611035927872267,0.9511035927872267,0.9811035927872267,0.9811035927872267,0.9561035927872267,0.9561035927872267,0.9461035927872267,0.9461035927872267,0.9461035927872267,0.9561035927872267,0.9561035927872267
832,0.9724789458368611,0.9624789458368611,0.9724789458368611,0.9824789458368611,0.9824789458368611,0.9724789458368611,0.9824789458368611,0.9824789458368611,0.9624789458368611,0.9624789458368611,0.9524789458368611,0.9624789458368611,0.9424789458368611
833,0.9460615787555456,0.9360615787555456,0.9360615787555456,0.9260615787555456,0.9260615787555456,0.9360615787555456,0.9360615787555456,0.9260615787555456,0.9260615787555456,0.9360615787555456,0.9160615787555456,0.9160615787555456,0.9060615787555456
834,0.9758346739471134,0.9658346739471134,0.9658346739471134,0.9758346739471134,0.9958346739471134,0.9758346739471134,0.9758346739471134,0.9758346739471134,0.9658346739471134,0.9758346739471134,0.9458346739471134,0.9458346739471134,0.9358346739471134
835,0.9915235364865205,0.9915235364865205,1.0,0.97,0.98,0.98,0.98,0.96,0.97,0.96,0.95,0.95,0.95
836,0.9644034036338581,0.9744034036338581,0.9744034036338581,0.9744034036338581,0.9744034036338581,0.9744034036338581,0.9544034036338581,0.9644034036338581,0.9744034036338581,0.9844034036338581,0.9944034036338582,0.9844034036338581,0.9844034036338581
837,0.9331855972207777,0.9331855972207777,0.9431855972207777,0.9431855972207777,0.9431855972207777,0.9431855972207777,0.9431855972207777,0.9531855972207777,0.9231855972207776,0.9431855972207777,0.9631855972207777,0.9631855972207777,0.9631855972207777
838,0.9879798314925557,0.9779798314925557,0.9679798314925557,0.9579798314925557,0.9729798314925557,0.9729798314925557,0.9729798314925557,0.9529798314925557,0.9529798314925557,0.9629798314925557,0.9629798314925557,0.9629798314925557,0.9729798314925557
839,0.8965038490694173,0.9065038490694173,0.9165038490694173,0.9165038490694173,0.9065038490694173,0.9165038490694173,0.8965038490694173,0.8865038490694173,0.8865038490694173,0.8865038490694173,0.8565038490694172,0.8665038490694172,0.8765038490694173
840,0.9937408444370562,0.9937408444370562,0.9837408444370562,0.9937408444370562,1.0,1.0,1.0,1.0,1.0,1.0,1.0,0.99,0.99
841,0.974700298032637,0.984700298032637,0.994700298032637,0.994700298032637,0.994700298032637,0.994700298032637,0.984700298032637,0.984700298032637,0.984700298032637,0.984700298032637,0.974700298032637,0.954700298032637,0.954700298032637
842,0.9286803456532199,0.9086803456532199,0.9086803456532199,0.9086803456532199,0.9086803456532199,0.9286803456532199,0.9386803456532199,0.9386803456532199,0.9386803456532199,0.9486803456532199,0.9486803456532199,0.9386803456532199,0.9386803456532199
843,0.9151915168989706,0.9151915168989706,0.9151915168989706,0.9151915168989706,0.9451915168989706,0.9451915168989706,0.9551915168989706,0.9351915168989706,0.9101915168989706,0.9101915168989706,0.9101915168989706,0.9201915168989706,0.9201915168989706
844,0.9967718251519051,0.9867718251519051,0.9867718251519051,0.9867718251519051,0.9567718251519051,0.9567718251519051,0.9617718251519051,0.9617718251519051,0.9717718251519051,1.0,1.0,1.0,1.0
845,0.8891893905550813,0.8791893905550813,0.8791893905550813,0.8791893905550813,0.8891893905550813,0.8691893905550813,0.8491893905550812,0.8541893905550813,0.8641893905550813,0.8941893905550813,0.8941893905550813,0.8841893905550813,0.8841893905550813
846,0.9435425709681878,0.9435425709681878,0.9435425709681878,0.9435425709681878,0.9435425709681878,0.9435425709681878,0.9435425709681878,0.9335425709681878,0.9435425709681878,0.9435425709681878,0.9535425709681878,0.9735425709681879,0.9835425709681879
847,0.9800764091919589,0.9800764091919589,0.9800764091919589,0.9700764091919589,0.9500764091919589,0.9400764091919589,0.9400764091919589,0.9400764091919589,0.9400764091919589,0.9600764091919589,0.9600764091919589,1.0,1.0
848,0.9217492759816162,0.9217492759816162,0.9217492759816162,0.9217492759816162,0.9117492759816161,0.9117492759816161,0.9217492759816162,0.9217492759816162,0.9217492759816162,0.9217492759816162,0.9217492759816162,0.9217492759816162,0.8917492759816161
849,0.9312629432135814,0.9512629432135814,0.9612629432135814,0.9612629432135814,0.9512629432135814,0.9512629432135814,0.9512629432135814,0.9412629432135814,0.9412629432135814,0.9312629432135814,0.9312629432135814,0.9312629432135814,0.9412629432135814
850,1.0,1.0,0.99,0.99,0.99,0.98,0.98,0.99,0.98,0.96,0.97,0.96,0.96
851,0.9704667669861075,0.9704667669861075,0.9704667669861075,0.9604667669861074,0.9604667669861074,0.9604667669861074,0.9304667669861074,0.9354667669861074,0.9454667669861074,0.9354667669861074,0.9454667669861074,0.9654667669861074,0.9654667669861074
852,0.9811168313470321,0.9911168313470321,1.0,1.0,1.0,0.99,0.99,0.98,0.99,0.99,0.98,1.0,1.0
853,0.9405310211117548,0.9405310211117548,0.9405310211117548,0.9405310211117548,0.9505310211117548,0.9505310211117548,0.9505310211117548,0.9305310211117548,0.9305310211117548,0.9305310211117548,0.9405310211117548,0.9405310211117548,0.9405310211117548
854,0.9561767174488629,0.9561767174488629,0.9661767174488629,0.9561767174488629,0.9361767174488629,0.9161767174488629,0.9361767174488629,0.9361767174488629,0.9261767174488629,0.9361767174488629,0.9161767174488629,0.9161767174488629,0.9211767174488629
855,0.9287683619644571,0.9187683619644571,0.9087683619644571,0.8987683619644571,0.8987683619644571,0.8987683619644571,0.8987683619644571,0.9087683619644571,0.8987683619644571,0.9187683619644571,0.9187683619644571,0.8987683619644571,0.8987683619644571
856,0.9762983990655707,0.9662983990655707,0.9662983990655707,1.0,0.99,0.99,0.99,0.99,1.0,1.0,1.0,1.0,1.0
857,0.9454508786123653,0.9354508786123653,0.9354508786123653,0.9354508786123653,0.9454508786123653,0.9454508786123653,0.9454508786123653,0.9354508786123653,0.9354508786123653,0.9354508786123653,0.9454508786123653,0.9554508786123653,0.9554508786123653
858,0.9414848299604219,0.9314848299604219,0.9314848299604219,0.9214848299604219,0.9114848299604219,0.9014848299604219,0.9064848299604219,0.9064848299604219,0.9064848299604219,0.9164848299604219,0.9364848299604219,0.9364848299604219,0.9364848299604219
859,0.899350899120723,0.909350899120723,0.919350899120723,0.919350899120723,0.929350899120723,0.929350899120723,0.929350899120723,0.909350899120723,0.939350899120723,0.929350899120723,0.929350899120723,0.899350899120723,0.899350899120723
860,0.9831779587449595,0.9731779587449595,0.9731779587449595,0.9731779587449595,0.9731779587449595,0.9931779587449595,0.9831779587449595,1.0,0.99,0.99,1.0,1.0,1.0
861,0.9603479950499164,0.9703479950499164,0.9703479950499164,0.9903479950499164,0.9903479950499164,0.9703479950499164,0.9703479950499164,0.9503479950499164,0.9703479950499164,0.9603479950499164,0.9503479950499164,0.9703479950499164,0.9503479950499164
862,0.9934570028900542,0.9934570028900542,0.9834570028900542,1.0,1.0,0.99,0.98,0.97,0.97,0.98,0.98,0.98,0.97
863,0.9171111026193498,0.9271111026193498,0.9171111026193498,0.9271111026193498,0.9471111026193498,0.9571111026193498,0.9571111026193498,0.9571111026193498,0.9521111026193498,0.9521111026193498,0.9521111026193498,0.9521111026193498,0.9421111026193498
864,0.8968608078001526,0.9168608078001527,0.9368608078001527,0.9268608078001527,0.9368608078001527,0.9368608078001527,0.9368608078001527,0.9368608078001527,0.9318608078001527,0.9318608078001527,0.9218608078001527,0.9218608078001527,0.9218608078001527
865,0.9470409768565937,0.9470409768565937,0.9470409768565937,0.9470409768565937,0.9470409768565937,0.9470409768565937,0.9470409768565937,0.9470409768565937,0.9170409768565937,0.9320409768565937,0.9320409768565937,0.9320409768565937,0.9420409768565937
866,0.9349591633255073,0.9349591633255073,0.9549591633255073,0.9549591633255073,0.9549591633255073,0.9449591633255073,0.9649591633255074,0.9649591633255074,0.9549591633255073,0.9549591633255073,0.9649591633255074,0.9549591633255073,0.9549591633255073
867,0.9838907393329993,0.9638907393329993,0.9638907393329993,0.9638907393329993,0.9638907393329993,0.9838907393329993,0.9838907393329993,0.9738907393329993,0.9838907393329993,0.9838907393329993,1.0,1.0,0.985
868,0.9280111208673153,0.9480111208673153,0.9480111208673153,0.9380111208673153,0.9380111208673153,0.9280111208673153,0.9580111208673153,0.9580111208673153,0.9380111208673153,0.9480111208673153,0.9380111208673153,0.9380111208673153,0.9380111208673153
869,0.9438465305071992,0.9538465305071993,0.9538465305071993,0.9238465305071992,0.9238465305071992,0.9488465305071992,0.9388465305071992,0.8988465305071992,0.8988465305071992,0.8988465305071992,0.8988465305071992,0.8988465305071992,0.8988465305071992
870,0.9568696630271892,0.9668696630271892,0.9668696630271892,0.9768696630271893,0.9768696630271893,0.9868696630271893,0.9868696630271893,0.9868696630271893,0.9768696630271893,0.9868696630271893,0.9968696630271893,0.9968696630271893,0.9918696630271893
871,0.9993287379510932,0.9993287379510932,1.0,1.0,1.0,1.0,0.99,0.98,0.96,0.96,0.95,0.95,0.95
872,0.8680515284502667,0.8780515284502667,0.8680515284502667,0.8680515284502667,0.8680515284502667,0.8680515284502667,0.8680515284502667,0.8780515284502667,0.8780515284502667,0.8680515284502667,0.8480515284502667,0.8480515284502667,0.8480515284502667
873,0.8400866356975561,0.8600866356975562,0.8500866356975562,0.8500866356975562,0.8400866356975561,0.8500866356975562,0.8500866356975562,0.8300866356975561,0.8300866356975561,0.8300866356975561,0.8300866356975561,0.8100866356975561,0.8000866356975561
874,1.0,1.0,1.0,0.99,0.98,0.98,0.96,0.965,0.975,0.975,0.975,0.975,0.975
875,0.9239609910193171,0.9239609910193171,0.9239609910193171,0.9339609910193171,0.9439609910193171,0.9439609910193171,0.9439609910193171,0.9439609910193171,0.9539609910193171,0.9539609910193171,0.9439609910193171,0.9439609910193171,0.9639609910193171
876,0.9338804152452534,0.9438804152452535,0.9338804152452534,0.9238804152452534,0.9338804152452534,0.9438804152452535,0.9638804152452535,0.9438804152452535,0.9438804152452535,0.9638804152452535,0.9488804152452535,0.9488804152452535,0.9588804152452535
877,0.9694585627600556,0.9594585627600556,0.9394585627600556,0.9594585627600556,0.9694585627600556,0.9794585627600556,0.9794585627600556,0.9694585627600556,0.9694585627600556,0.9694585627600556,0.9694585627600556,0.9994585627600556,0.9994585627600556
878,0.9574271110746819,0.9374271110746819,0.9374271110746819,0.9374271110746819,0.9274271110746819,0.9174271110746819,0.9174271110746819,0.9174271110746819,0.9174271110746819,0.9274271110746819,0.9174271110746819,0.9224271110746819,0.9224271110746819
879,0.9025182797756611,0.9025182797756611,0.9125182797756611,0.9225182797756611,0.9225182797756611,0.9125182797756611,0.9125182797756611,0.9125182797756611,0.9025182797756611,0.9025182797756611,0.9025182797756611,0.9025182797756611,0.9025182797756611
880,0.9733875805227239,0.9633875805227239,0.9633875805227239,0.9633875805227239,0.9633875805227239,0.9633875805227239,0.9633875805227239,0.9633875805227239,0.9633875805227239,0.9733875805227239,0.9733875805227239,0.9933875805227239,0.9833875805227239
881,0.9743545113256492,0.9843545113256492,0.9743545113256492,0.9843545113256492,0.9843545113256492,0.9843545113256492,0.9843545113256492,1.0,1.0,1.0,0.99,0.98,0.98
882,0.9519931513133081,0.9419931513133081,0.9319931513133081,0.9519931513133081,0.9419931513133081,0.9219931513133081,0.9219931513133081,0.9319931513133081,0.9219931513133081,0.9319931513133081,0.9319931513133081,0.9319931513133081,0.9319931513133081
883,1.0,1.0,1.0,0.99,0.99,1.0,1.0,1.0,1.0,1.0,0.995,0.995,0.985
884,1.0,1.0,1.0,0.99,0.98,0.96,0.95,0.95,0.96,0.96,0.95,0.96,0.96
885,0.921220820253067,0.921220820253067,0.941220820253067,0.941220820253067,0.941220820253067,0.931220820253067,0.921220820253067,0.9112208202530669,0.921220820253067,0.921220820253067,0.9012208202530669,0.8912208202530669,0.9062208202530669
886,0.8858815265730478,0.8958815265730478,0.8858815265730478,0.8958815265730478,0.8958815265730478,0.8958815265730478,0.8458815265730477,0.8508815265730477,0.8508815265730477,0.8608815265730477,0.8608815265730477,0.8608815265730477,0.8608815265730477
887,0.9583514981306243,0.9383514981306242,0.9383514981306242,0.9383514981306242,0.9383514981306242,0.9583514981306243,0.9583514981306243,0.9583514981306243,0.9283514981306242,0.9283514981306242,0.9283514981306242,0.9283514981306242,0.9433514981306242
888,0.9361091600044763,0.9361091600044763,0.9361091600044763,0.9361091600044763,0.9261091600044763,0.9361091600044763,0.9361091600044763,0.9361091600044763,0.9361091600044763,0.9561091600044763,0.9561091600044763,0.9361091600044763,0.9361091600044763
889,0.9661222346354211,0.9661222346354211,0.9461222346354211,0.9361222346354211,0.9261222346354211,0.9261222346354211,0.9311222346354211,0.9311222346354211,0.9311222346354211,0.9311222346354211,0.9511222346354211,0.9611222346354211,0.9511222346354211
890,0.8933368118412601,0.9133368118412601,0.9233368118412602,0.9233368118412602,0.9033368118412601,0.8933368118412601,0.9033368118412601,0.9033368118412601,0.8933368118412601,0.8933368118412601,0.9233368118412602,0.9333368118412602,0.9333368118412602
891,0.9561266051002858,0.9661266051002858,0.9761266051002858,0.9661266051002858,0.9561266051002858,0.9561266051002858,0.9561266051002858,0.9561266051002858,0.9561266051002858,0.9461266051002858,0.9561266051002858,0.9561266051002858,0.9561266051002858
892,0.9112128271749402,0.9112128271749402,0.9212128271749402,0.9212128271749402,0.9312128271749402,0.9512128271749403,0.9462128271749403,0.9362128271749403,0.9462128271749403,0.9362128271749403,0.9362128271749403,0.9362128271749403,0.9262128271749402
893,0.9491302276399297,0.9491302276399297,0.9791302276399297,0.9691302276399297,0.9291302276399297,0.9091302276399297,0.9191302276399297,0.9091302276399297,0.9091302276399297,0.9291302276399297,0.9291302276399297,0.9091302276399297,0.9091302276399297
894,0.9665302194018296,0.9665302194018296,0.9665302194018296,0.9765302194018296,0.9865302194018296,0.9765302194018296,0.9765302194018296,0.9765302194018296,0.9665302194018296,0.9665302194018296,0.9665302194018296,0.9665302194018296,0.9765302194018296
895,0.9598645269807237,0.9598645269807237,0.9698645269807237,0.9898645269807237,0.9898645269807237,0.9898645269807237,0.9898645269807237,0.9798645269807237,0.9698645269807237,0.9698645269807237,0.9898645269807237,0.9748645269807237,0.9848645269807237
896,0.9515793614588742,0.9615793614588742,0.9615793614588742,0.9415793614588742,0.9615793614588742,0.9715793614588742,0.9715793614588742,0.9815793614588743,0.9815793614588743,0.9815793614588743,0.9665793614588742,0.9665793614588742,0.9465793614588742
897,0.9461257079494076,0.9461257079494076,0.9561257079494077,0.9561257079494077,0.9461257079494076,0.9461257079494076,0.9461257079494076,0.9561257079494077,0.9361257079494076,0.9361257079494076,0.9361257079494076,0.9361257079494076,0.9261257079494076
898,0.9244346019302263,0.9344346019302263,0.9344346019302263,0.9344346019302263,0.9544346019302263,0.9644346019302263,0.9444346019302263,0.9644346019302263,0.9594346019302263,0.9594346019302263,0.9494346019302263,0.9494346019302263,0.9594346019302263
899,1.0,1.0,1.0,1.0,1.0,1.0,1.0,1.0,0.99,0.98,0.97,0.97,0.95
900,0.95644899028108,0.95644899028108,0.97644899028108,0.97644899028108,0.97644899028108,0.97644899028108,0.96644899028108,0.96644899028108,0.97644899028108,0.98644899028108,0.97644899028108,0.98644899028108,0.96644899028108
901,1.0,1.0,1.0,1.0,1.0,1.0,0.995,0.995,0.995,0.985,0.955,0.965,0.955
902,0.9491857818534738,0.9291857818534738,0.9491857818534738,0.9591857818534738,0.9491857818534738,0.9391857818534738,0.9391857818534738,0.9291857818534738,0.9291857818534738,0.9091857818534738,0.9091857818534738,0.9191857818534738,0.9191857818534738
903,0.9794996612646668,0.9894996612646668,1.0,1.0,1.0,0.98,0.97,0.98,1.0,1.0,1.0,1.0,1.0
904,0.9482080893063991,0.9682080893063991,0.9582080893063991,0.9782080893063991,0.9582080893063991,0.9682080893063991,0.9682080893063991,0.9682080893063991,0.9682080893063991,0.9682080893063991,0.9582080893063991,0.9582080893063991,0.9582080893063991
905,0.9691525697474906,0.9791525697474907,0.9591525697474906,0.9591525697474906,0.9591525697474906,0.9591525697474906,0.9591525697474906,0.9591525697474906,0.9891525697474907,0.9891525697474907,0.9891525697474907,0.9991525697474907,0.9991525697474907
906,0.9768196162008127,0.9868196162008127,1.0,1.0,1.0,1.0,1.0,1.0,0.97,0.98,0.98,0.96,0.94
907,0.962329809062037,0.972329809062037,0.972329809062037,0.962329809062037,0.932329809062037,0.922329809062037,0.922329809062037,0.922329809062037,0.922329809062037,0.922329809062037,0.922329809062037,0.932329809062037,0.947329809062037
908,0.8963963724558692,0.8863963724558692,0.8963963724558692,0.8963963724558692,0.9063963724558692,0.9063963724558692,0.8863963724558692,0.8763963724558692,0.8963963724558692,0.9263963724558693,0.9263963724558693,0.8863963724558692,0.8963963724558692
909,0.8606543974680863,0.8706543974680863,0.8706543974680863,0.8706543974680863,0.8806543974680863,0.8806543974680863,0.8706543974680863,0.8706543974680863,0.8406543974680862,0.8306543974680862,0.8406543974680862,0.8506543974680862,0.8706543974680863
910,0.934389869027967,0.954389869027967,0.954389869027967,0.954389869027967,0.944389869027967,0.944389869027967,0.944389869027967,0.954389869027967,0.954389869027967,0.954389869027967,0.954389869027967,0.954389869027967,0.954389869027967
911,0.9436749520710228,0.9436749520710228,0.9136749520710228,0.9036749520710228,0.9036749520710228,0.9236749520710228,0.9336749520710228,0.9436749520710228,0.9236749520710228,0.9236749520710228,0.9436749520710228,0.9436749520710228,0.9336749520710228
912,0.9687450827490495,0.9587450827490495,0.9487450827490495,0.9487450827490495,0.9487450827490495,0.9287450827490494,0.9387450827490494,0.9387450827490494,0.9287450827490494,0.9287450827490494,0.9287450827490494,0.9287450827490494,0.9287450827490494
913,0.9112314061870733,0.9212314061870733,0.9112314061870733,0.9112314061870733,0.9112314061870733,0.9112314061870733,0.9112314061870733,0.9212314061870733,0.9412314061870733,0.9512314061870734,0.9512314061870734,0.9462314061870734,0.9462314061870734
914,0.9019306390420323,0.8819306390420323,0.8819306390420323,0.8719306390420323,0.8719306390420323,0.8869306390420323,0.8769306390420323,0.8669306390420323,0.8669306390420323,0.8969306390420323,0.8869306390420323,0.8969306390420323,0.8969306390420323
915,0.8704880685527024,0.8704880685527024,0.8904880685527025,0.8904880685527025,0.9004880685527025,0.9004880685527025,0.8854880685527025,0.8654880685527024,0.8654880685527024,0.8654880685527024,0.8554880685527024,0.8354880685527024,0.8354880685527024
916,0.8910693916578111,0.8910693916578111,0.8910693916578111,0.8910693916578111,0.8910693916578111,0.8910693916578111,0.8910693916578111,0.8810693916578111,0.8810693916578111,0.8910693916578111,0.9010693916578111,0.9110693916578111,0.9110693916578111
917,0.9991015934950092,0.9991015934950092,0.9791015934950091,0.9591015934950091,0.9591015934950091,0.9591015934950091,0.9591015934950091,0.9591015934950091,0.9791015934950091,0.9691015934950091,0.9841015934950091,0.9741015934950091,0.9841015934950091
918,0.9467456115094987,0.9367456115094986,0.9367456115094986,0.9567456115094987,0.9567456115094987,0.9567456115094987,0.9567456115094987,0.9767456115094987,0.9667456115094987,0.9567456115094987,0.9767456115094987,0.9467456115094987,0.9367456115094986
919,0.9846246225527041,0.9846246225527041,0.9946246225527041,0.9846246225527041,0.9946246225527041,1.0,1.0,0.985,0.965,0.965,0.965,0.975,0.945
920,1.0,1.0,0.99,0.97,0.98,0.98,0.98,0.98,0.97,0.99,0.99,1.0,1.0
921,0.9410554257871435,0.9410554257871435,0.9610554257871435,0.9610554257871435,0.9810554257871436,0.9710554257871435,0.9710554257871435,0.9810554257871436,0.9760554257871435,0.9760554257871435,0.9660554257871435,0.9660554257871435,0.9560554257871435
922,1.0,1.0,1.0,1.0,1.0,1.0,1.0,0.99,0.98,0.95,0.95,0.96,0.96
923,0.9339890451985365,0.9139890451985365,0.9339890451985365,0.9339890451985365,0.9339890451985365,0.9339890451985365,0.9239890451985365,0.9139890451985365,0.9039890451985365,0.9039890451985365,0.9189890451985365,0.9189890451985365,0.9189890451985365
924,1.0,1.0,1.0,1.0,1.0,0.99,0.97,0.98,0.97,0.96,0.96,0.97,0.98
925,0.9318178104175656,0.9418178104175656,0.9318178104175656,0.9418178104175656,0.9518178104175656,0.9518178104175656,0.9618178104175656,0.9418178104175656,0.9018178104175656,0.9218178104175656,0.9118178104175656,0.9218178104175656,0.9118178104175656
926,1.0,0.99,1.0,1.0,1.0,1.0,1.0,1.0,1.0,0.98,0.98,0.98,0.99
927,0.9572668919593674,0.9572668919593674,0.9572668919593674,0.9672668919593674,0.9572668919593674,0.9372668919593674,0.9372668919593674,0.9472668919593674,0.9472668919593674,0.9372668919593674,0.9622668919593674,0.9622668919593674,0.9422668919593674
928,0.930764210198892,0.930764210198892,0.930764210198892,0.930764210198892,0.950764210198892,0.940764210198892,0.930764210198892,0.930764210198892,0.960764210198892,0.950764210198892,0.950764210198892,0.950764210198892,0.960764210198892
929,0.91940511709836,0.91940511709836,0.9594051170983601,0.9594051170983601,0.9544051170983601,0.9544051170983601,0.9444051170983601,0.9544051170983601,0.9444051170983601,0.9444051170983601,0.9544051170983601,0.9444051170983601,0.9444051170983601
930,0.9855471392370736,0.9655471392370736,0.9555471392370736,0.9555471392370736,0.9455471392370736,0.9455471392370736,0.9555471392370736,0.9555471392370736,0.9555471392370736,0.9555471392370736,0.9655471392370736,0.9655471392370736,0.9655471392370736
931,0.8902056276520163,0.9102056276520163,0.9202056276520163,0.9052056276520163,0.8752056276520163,0.8652056276520163,0.8752056276520163,0.8752056276520163,0.8752056276520163,0.8652056276520163,0.8752056276520163,0.8752056276520163,0.8752056276520163
932,0.9068068367118377,0.9168068367118377,0.9268068367118377,0.9268068367118377,0.9168068367118377,0.9168068367118377,0.9068068367118377,0.9068068367118377,0.9168068367118377,0.9268068367118377,0.9268068367118377,0.9368068367118377,0.9368068367118377
933,0.8937796541407763,0.8937796541407763,0.8937796541407763,0.8737796541407763,0.8837796541407763,0.8837796541407763,0.8737796541407763,0.8837796541407763,0.8837796541407763,0.8737796541407763,0.8737796541407763,0.8737796541407763,0.8637796541407763
934,0.9063150137169169,0.9063150137169169,0.8963150137169169,0.8663150137169169,0.8663150137169169,0.8763150137169169,0.8763150137169169,0.8863150137169169,0.8863150137169169,0.8963150137169169,0.9063150137169169,0.8963150137169169,0.8963150137169169
935,0.9660551630213019,0.9660551630213019,0.9560551630213019,0.9460551630213019,0.9460551630213019,0.9560551630213019,0.9760551630213019,0.9560551630213019,0.9660551630213019,0.9860551630213019,0.9860551630213019,0.9610551630213019,0.9610551630213019
936,0.9338160368497161,0.9338160368497161,0.9438160368497162,0.9638160368497162,0.9638160368497162,0.9538160368497162,0.9238160368497161,0.9138160368497161,0.9138160368497161,0.9138160368497161,0.9388160368497162,0.9188160368497161,0.8988160368497161
937,0.8887146360642184,0.8887146360642184,0.8587146360642184,0.8487146360642184,0.8587146360642184,0.8587146360642184,0.8687146360642184,0.8687146360642184,0.8887146360642184,0.9087146360642184,0.8987146360642184,0.8987146360642184,0.8987146360642184
938,0.9125740283543484,0.8925740283543484,0.8925740283543484,0.9025740283543484,0.9025740283543484,0.9125740283543484,0.9125740283543484,0.9125740283543484,0.9125740283543484,0.9025740283543484,0.8825740283543484,0.8725740283543484,0.8725740283543484
939,0.9853335809450298,0.9753335809450298,0.9753335809450298,1.0,1.0,0.99,1.0,0.995,0.965,0.975,0.975,0.985,0.975
940,0.930917684753803,0.940917684753803,0.930917684753803,0.930917684753803,0.930917684753803,0.930917684753803,0.920917684753803,0.920917684753803,0.910917684753803,0.935917684753803,0.935917684753803,0.925917684753803,0.945917684753803
941,0.8870010858076233,0.8870010858076233,0.8870010858076233,0.8670010858076233,0.8770010858076233,0.8770010858076233,0.8870010858076233,0.8870010858076233,0.8870010858076233,0.8670010858076233,0.8770010858076233,0.8670010858076233,0.8670010858076233
942,0.8139795613374728,0.7839795613374728,0.7839795613374728,0.7739795613374728,0.7739795613374728,0.7939795613374728,0.7939795613374728,0.8039795613374728,0.7939795613374728,0.8039795613374728,0.8039795613374728,0.7939795613374728,0.8039795613374728
943,0.9092843778900742,0.9192843778900742,0.9292843778900742,0.9392843778900742,0.9492843778900742,0.9442843778900742,0.9342843778900742,0.9142843778900742,0.9342843778900742,0.9342843778900742,0.9342843778900742,0.9342843778900742,0.9342843778900742
944,0.9960004074060044,1.0,0.99,0.98,1.0,0.99,0.99,1.0,0.98,0.99,1.0,1.0,1.0
945,0.7969666820244192,0.7769666820244192,0.7769666820244192,0.7669666820244192,0.7669666820244192,0.7819666820244192,0.7819666820244192,0.7819666820244192,0.7819666820244192,0.7819666820244192,0.8019666820244192,0.8119666820244192,0.8119666820244192
946,0.977773398212431,0.977773398212431,0.977773398212431,0.977773398212431,0.957773398212431,0.957773398212431,0.957773398212431,0.967773398212431,0.967773398212431,0.967773398212431,0.957773398212431,0.947773398212431,0.947773398212431
947,0.9750102848823828,0.9750102848823828,1.0,1.0,1.0,1.0,1.0,0.99,0.99,0.97,0.98,1.0,0.99
948,0.9476756782898906,0.9676756782898907,0.9776756782898907,0.9776756782898907,0.9776756782898907,0.9626756782898906,0.9526756782898906,0.9426756782898906,0.9426756782898906,0.9426756782898906,0.9426756782898906,0.9426756782898906,0.9626756782898906
949,0.9342063891389508,0.9242063891389508,0.9042063891389508,0.9042063891389508,0.9142063891389508,0.8942063891389508,0.8942063891389508,0.8992063891389508,0.9192063891389508,0.9292063891389508,0.9292063891389508,0.9292063891389508,0.9292063891389508
950,0.9557572443489541,0.9657572443489542,0.9757572443489542,0.9757572443489542,0.9957572443489542,0.9907572443489542,0.9907572443489542,0.9807572443489542,0.9907572443489542,0.9907572443489542,0.9907572443489542,0.9807572443489542,0.9807572443489542
951,0.9242678219300454,0.8842678219300454,0.8942678219300454,0.9042678219300454,0.8842678219300454,0.8842678219300454,0.8842678219300454,0.8892678219300454,0.8892678219300454,0.8892678219300454,0.8892678219300454,0.9092678219300454,0.9092678219300454
952,0.9049074225304509,0.9149074225304509,0.9349074225304509,0.9149074225304509,0.9349074225304509,0.9349074225304509,0.8949074225304509,0.8949074225304509,0.8949074225304509,0.9049074225304509,0.9049074225304509,0.9049074225304509,0.8949074225304509
953,1.0,1.0,0.99,0.99,0.98,0.99,0.97,0.97,0.97,0.97,0.97,0.99,0.98
954,0.9482814042057834,0.9482814042057834,0.9582814042057834,0.9582814042057834,0.9482814042057834,0.9482814042057834,0.9782814042057835,0.9882814042057835,0.9832814042057835,0.9832814042057835,0.9832814042057835,0.9832814042057835,0.9732814042057835
955,0.9679441809869703,0.9579441809869703,0.9379441809869703,0.9379441809869703,0.9479441809869703,0.9279441809869703,0.9329441809869703,0.9329441809869703,0.9329441809869703,0.9329441809869703,0.9429441809869703,0.9629441809869703,0.9829441809869703
956,0.9954372117566809,1.0,0.99,0.99,0.965,0.945,0.945,0.945,0.955,0.955,0.945,0.955,0.9349999999999999
957,0.8948648727965843,0.8948648727965843,0.8848648727965843,0.8748648727965843,0.8848648727965843,0.8848648727965843,0.8948648727965843,0.9048648727965843,0.8948648727965843,0.8948648727965843,0.9148648727965843,0.8948648727965843,0.8848648727965843
958,0.9415012702359536,0.9415012702359536,0.9415012702359536,0.9415012702359536,0.9415012702359536,0.9515012702359537,0.9515012702359537,0.9415012702359536,0.9415012702359536,0.9415012702359536,0.9315012702359536,0.9315012702359536,0.9315012702359536
959,0.9255208688508803,0.9055208688508802,0.8855208688508802,0.8905208688508802,0.8905208688508802,0.9205208688508802,0.9205208688508802,0.9205208688508802,0.9305208688508803,0.9305208688508803,0.9305208688508803,0.9305208688508803,0.9205208688508802
960,0.9402822232544816,0.9402822232544816,0.9402822232544816,0.9602822232544816,0.9502822232544816,0.9502822232544816,0.9502822232544816,0.9502822232544816,0.9502822232544816,0.9502822232544816,0.9502822232544816,0.9502822232544816,0.9502822232544816
961,0.8826399575686927,0.8926399575686927,0.8926399575686927,0.8926399575686927,0.8926399575686927,0.8926399575686927,0.9126399575686928,0.9226399575686928,0.9176399575686928,0.9076399575686928,0.8976399575686927,0.9076399575686928,0.9276399575686928
962,0.9201060664324627,0.9201060664324627,0.9201060664324627,0.9301060664324627,0.9201060664324627,0.9201060664324627,0.9301060664324627,0.9201060664324627,0.9001060664324627,0.8901060664324627,0.9051060664324627,0.9051060664324627,0.9051060664324627
963,0.9450458462598383,0.9550458462598383,0.9550458462598383,0.9550458462598383,0.9450458462598383,0.9550458462598383,0.9550458462598383,0.9550458462598383,0.9650458462598384,0.9650458462598384,0.9650458462598384,0.9650458462598384,0.9750458462598384
964,0.8836629930487059,0.8736629930487059,0.8736629930487059,0.8736629930487059,0.8736629930487059,0.8736629930487059,0.8736629930487059,0.8836629930487059,0.8836629930487059,0.8736629930487059,0.9136629930487059,0.9236629930487059,0.9186629930487059
965,0.9349548936785321,0.9449548936785321,0.9249548936785321,0.9449548936785321,0.9349548936785321,0.9349548936785321,0.9449548936785321,0.9349548936785321,0.9349548936785321,0.9349548936785321,0.9149548936785321,0.9049548936785321,0.9049548936785321
966,0.9729659096853972,0.9729659096853972,0.9629659096853972,0.9529659096853972,0.9529659096853972,0.9529659096853972,0.9429659096853972,0.9429659096853972,0.9579659096853972,0.9579659096853972,0.9479659096853972,0.9579659096853972,0.9579659096853972
967,0.9836798101009971,0.9836798101009971,0.9836798101009971,1.0,1.0,1.0,1.0,1.0,0.99,0.99,1.0,0.99,0.98
968,0.9503555221110658,0.9703555221110658,0.9503555221110658,0.9503555221110658,0.9603555221110658,0.9803555221110658,0.9803555221110658,0.9903555221110658,0.9903555221110658,0.9903555221110658,0.9603555221110658,0.9603555221110658,0.9503555221110658
969,0.9132994571987811,0.9032994571987811,0.9032994571987811,0.8932994571987811,0.8732994571987811,0.8832994571987811,0.8732994571987811,0.8732994571987811,0.8732994571987811,0.8832994571987811,0.8832994571987811,0.8832994571987811,0.9032994571987811
970,0.9414158037808231,0.9314158037808231,0.9314158037808231,0.9314158037808231,0.9314158037808231,0.9214158037808231,0.9214158037808231,0.9514158037808231,0.9714158037808232,0.9714158037808232,0.9514158037808231,0.9514158037808231,0.9714158037808232
971,0.9662692056419016,0.9862692056419016,0.9862692056419016,0.9962692056419016,0.9962692056419016,0.9762692056419016,0.9762692056419016,0.9862692056419016,0.9862692056419016,0.9962692056419016,0.9962692056419016,0.9762692056419016,0.9662692056419016
972,0.9511947166965864,0.9511947166965864,0.9511947166965864,0.9511947166965864,0.9511947166965864,0.9711947166965864,0.9811947166965864,0.9911947166965864,0.9911947166965864,0.9811947166965864,0.9911947166965864,0.9911947166965864,0.9811947166965864
973,0.938718969533464,0.918718969533464,0.918718969533464,0.908718969533464,0.928718969533464,0.928718969533464,0.938718969533464,0.938718969533464,0.948718969533464,0.938718969533464,0.948718969533464,0.928718969533464,0.958718969533464
974,0.9769942394869653,0.9569942394869653,0.9669942394869653,0.9869942394869653,0.9869942394869653,0.9769942394869653,0.9769942394869653,0.9569942394869653,0.9569942394869653,0.9769942394869653,0.9669942394869653,0.9669942394869653,0.9869942394869653
975,0.8846690073158541,0.8846690073158541,0.844669007315854,0.844669007315854,0.844669007315854,0.844669007315854,0.844669007315854,0.844669007315854,0.844669007315854,0.849669007315854,0.859669007315854,0.859669007315854,0.849669007315854
976,0.9191465535965289,0.9091465535965289,0.9091465535965289,0.9191465535965289,0.9591465535965289,0.9591465535965289,0.9541465535965289,0.9441465535965289,0.9441465535965289,0.9441465535965289,0.9441465535965289,0.9441465535965289,0.9541465535965289
977,0.8385286441968511,0.8485286441968511,0.8585286441968512,0.8585286441968512,0.8685286441968512,0.8785286441968512,0.8735286441968512,0.8635286441968512,0.8835286441968512,0.8835286441968512,0.8835286441968512,0.8735286441968512,0.8635286441968512
978,0.9907911105096305,0.9907911105096305,0.9807911105096305,0.9707911105096305,0.9607911105096305,0.9607911105096305,0.9807911105096305,0.9807911105096305,1.0,1.0,1.0,1.0,1.0
979,0.9485305744916596,0.9485305744916596,0.9485305744916596,0.9585305744916596,0.9585305744916596,0.9585305744916596,0.9785305744916596,0.9885305744916596,0.9785305744916596,0.9635305744916596,0.9735305744916596,0.9835305744916596,0.9735305744916596
980,0.93271051572405,0.93271051572405,0.94271051572405,0.94271051572405,0.93271051572405,0.96271051572405,0.95271051572405,0.95271051572405,0.95271051572405,0.94271051572405,0.94271051572405,0.95271051572405,0.96271051572405
981,0.9964219989682389,0.9964219989682389,1.0,1.0,1.0,1.0,1.0,1.0,0.98,0.97,0.97,0.97,0.97
982,0.9264345433528532,0.9564345433528533,0.9414345433528533,0.9314345433528533,0.9314345433528533,0.9314345433528533,0.9414345433528533,0.9414345433528533,0.9714345433528533,0.9614345433528533,0.9714345433528533,0.9714345433528533,0.9714345433528533
983,0.9588145719595422,0.9688145719595422,0.9888145719595423,0.9888145719595423,0.9788145719595422,0.9788145719595422,0.9788145719595422,0.9888145719595423,0.9888145719595423,0.9888145719595423,0.9888145719595423,0.9888145719595423,0.9788145719595422
984,0.974947529899217,0.9449475298992169,0.9349475298992169,0.9449475298992169,0.9549475298992169,0.964947529899217,0.964947529899217,0.964947529899217,0.9549475298992169,0.9549475298992169,0.964947529899217,1.0,0.98
985,0.969481145725089,0.969481145725089,0.959481145725089,0.929481145725089,0.949481145725089,0.959481145725089,0.949481145725089,0.949481145725089,0.939481145725089,0.949481145725089,0.974481145725089,0.954481145725089,0.954481145725089
986,0.9149808040513482,0.9249808040513482,0.9049808040513482,0.8949808040513482,0.8849808040513482,0.8949808040513482,0.8849808040513482,0.8849808040513482,0.8749808040513481,0.8749808040513481,0.8799808040513482,0.8799808040513482,0.8899808040513482
987,0.8432150365403437,0.8432150365403437,0.8432150365403437,0.8632150365403437,0.8632150365403437,0.8632150365403437,0.8632150365403437,0.8632150365403437,0.8532150365403437,0.8532150365403437,0.8632150365403437,0.8432150365403437,0.8532150365403437
988,0.9161032579990528,0.9161032579990528,0.9061032579990528,0.9061032579990528,0.9061032579990528,0.9061032579990528,0.8961032579990528,0.9261032579990528,0.9261032579990528,0.9061032579990528,0.9061032579990528,0.9161032579990528,0.9161032579990528
989,0.9842023678404901,0.9842023678404901,0.9842023678404901,0.9842023678404901,0.9842023678404901,0.9842023678404901,0.9842023678404901,0.9942023678404901,1.0,0.99,0.99,0.99,1.0
990,0.9573043028375474,0.9773043028375474,0.9873043028375474,0.9973043028375475,0.9973043028375475,0.9923043028375474,0.9923043028375474,0.9723043028375474,0.9723043028375474,0.9623043028375474,0.9623043028375474,0.9623043028375474,0.9423043028375474
991,0.9905204831062676,0.9905204831062676,0.9905204831062676,0.9805204831062676,0.9805204831062676,0.9805204831062676,0.9805204831062676,0.9605204831062676,0.9605204831062676,0.9705204831062676,0.9805204831062676,1.0,0.99
992,0.9603332336969816,0.9703332336969817,0.9703332336969817,1.0,1.0,0.98,0.97,0.97,0.98,0.98,0.97,0.97,0.96
993,0.9221778336490658,0.9121778336490658,0.9121778336490658,0.9121778336490658,0.9121778336490658,0.9321778336490658,0.9321778336490658,0.9321778336490658,0.9321778336490658,0.9121778336490658,0.9121778336490658,0.9021778336490658,0.8921778336490658
994,1.0,1.0,1.0,1.0,0.99,0.99,0.97,0.97,0.96,0.95,0.95,0.95,0.94
995,0.880377061222836,0.880377061222836,0.870377061222836,0.860377061222836,0.860377061222836,0.860377061222836,0.850377061222836,0.865377061222836,0.865377061222836,0.865377061222836,0.865377061222836,0.845377061222836,0.855377061222836
996,0.946580241272183,0.946580241272183,0.966580241272183,0.966580241272183,0.966580241272183,0.956580241272183,0.966580241272183,0.976580241272183,0.976580241272183,0.966580241272183,0.976580241272183,0.976580241272183,0.961580241272183
997,0.8972038099463826,0.9072038099463826,0.8972038099463826,0.9072038099463826,0.9172038099463826,0.9272038099463826,0.9072038099463826,0.9072038099463826,0.8972038099463826,0.8972038099463826,0.8972038099463826,0.8972038099463826,0.8872038099463826
998,0.9795220118717392,0.9895220118717392,0.9895220118717392,0.9895220118717392,0.9895220118717392,0.9895220118717392,0.9795220118717392,0.9795220118717392,0.9795220118717392,0.9795220118717392,1.0,0.98,1.0
999,0.9772891362397313,0.9872891362397314,0.9872891362397314,0.9672891362397313,0.9772891362397313,0.9772891362397313,0.9872891362397314,0.9772891362397313,0.9572891362397313,0.9772891362397313,0.9672891362397313,0.9872891362397314,0.9772891362397313
